unresolved_name,n_sources,tier,suggested_canonical,all_candidates,sources_referencing,synonyms_from_sources,grin_accession_id,action,notes
HARSLEVELU,6,tier1,HARSLEVELUE,HARSLEVELUE,vivc confirmed; lacombe 2013; lac emanuelli 2020; laucou 2018; liang 2019; ssr lacombe,,,,
DIAGALVES,5,tier1,DIAGALVES FAUX,DIAGALVES FAUX,vivc confirmed; lacombe 2013; oliveira 2020; laucou 2018; ssr lacombe,,,,
HUMAGNE BLANC,5,tier1,HUMAGNE BLANCHE,HUMAGNE BLANCHE,vivc confirmed; lacombe 2013; lac emanuelli 2020; laucou 2018; ssr lacombe,,,,
BALINT,3,tier1,BALINT WEISS,BALINT WEISS,vivc confirmed; lacombe 2013; ssr lacombe,,,,
HUBBARD,3,tier1,HUBBARD SEEDLESS,HUBBARD SEEDLESS,vivc confirmed; oliveira 2020; ssr oliveira,,,,
MALVASIA DI SARDEGNA,3,tier1,MALVASIA DI SARDEGNA ROSADA,MALVASIA DI SARDEGNA ROSADA,vivc confirmed; lac emanuelli 2020; laucou 2018,,,,
MOSCATEL DE HAMBURGO,3,tier1,MOSCATEL DE HAMBURGO BRANCO,MOSCATEL DE HAMBURGO BRANCO,vivc confirmed; oliveira 2020; ssr oliveira,,,,
MOSCATEL DE OEIRAS,3,tier1,MOSCATEL DE OEIRAS FAUX (COLLECTION BORDEAUX),MOSCATEL DE OEIRAS FAUX (COLLECTION BORDEAUX),lacombe 2013; oliveira 2020; ssr oliveira,,,,
PRIETO PICUDO,3,tier1,PRIETO PICUDO TINTO,PRIETO PICUDO TINTO,lacombe 2013; laucou 2018; ssr lacombe,,,,
BACHET,2,tier1,BACHET NOIR,BACHET NOIR,lacombe 2013; ssr lacombe,,,,
CALLET CAS CONCOS,2,tier1,CALLET CAS CONCOS BLANCO,CALLET CAS CONCOS BLANCO,vivc confirmed; lacombe 2013,,,,
DAPHNI,2,tier1,DAPHNIA,DAPHNIA,lacombe 2013; ssr lacombe,,,,
DARANYI IGNAC,2,tier1,DARANYI IGNAC MUSKOTALY,DARANYI IGNAC MUSKOTALY,lacombe 2013; ssr lacombe,,,,
FRANKENTHAL,2,tier1,FRANKENTHAL BLANC MUSQUE,FRANKENTHAL BLANC MUSQUE,vivc confirmed; laucou 2018,,,,
JAVOR GROSS,2,tier1,JAVOR GROSS WEISS,JAVOR GROSS WEISS,lacombe 2013; ssr lacombe,,,,
MOUCHKETNY,2,tier1,MOUCHKETNY FAUX,MOUCHKETNY FAUX,lacombe 2013; ssr lacombe,,,,
NIAGARA BRANCA,2,tier1,NIAGARA BRANCA OVAL,NIAGARA BRANCA OVAL,vivc confirmed; ssr oliveira,,,,
PLAVINA,2,tier1,PLAVINA CRNA,PLAVINA CRNA,vivc confirmed; lac emanuelli 2020,,,,
REDONDAL,2,tier1,REDONDAL BLANC,REDONDAL BLANC,lac emanuelli 2020; laucou 2018,,,,
SIBIRKOVY,2,tier1,SIBIRKOVYI,SIBIRKOVYI,lac emanuelli 2020; laucou 2018,,,,
TORTOZON,2,tier1,TORTOZONA TINTA,TORTOZONA TINTA,vivc confirmed; ssr lacombe,,,,
ASKERI,1,tier1,ASKERI SARI,ASKERI SARI,lac emanuelli 2020,,,,
BELDI,1,tier1,BELDI CT2,BELDI CT2,vivc confirmed,,,,
BENEDICTO FALSO,1,tier1,BENEDICTO FALSO DE ARAGON,BENEDICTO FALSO DE ARAGON,laucou 2018,,,,
BLANC DE DELLYS,1,tier1,BLANC DE DELLYS X RHODITES,BLANC DE DELLYS X RHODITES,vivc confirmed,,,,
CEAUS,1,tier1,CEAUS ROZ FAUX,CEAUS ROZ FAUX,vivc confirmed,,,,
CRIOLLA GRANDE,1,tier1,CRIOLLA GRANDE SANJUANINA,CRIOLLA GRANDE SANJUANINA,vivc confirmed,,,,
DUNAVSKI MISKET,1,tier1,DUNAVSKI MISKET X CARDINAL,DUNAVSKI MISKET X CARDINAL,vivc confirmed,,,,
DURANIJA,1,tier1,DURANIJA BIJELA,DURANIJA BIJELA,vivc confirmed,,,,
EKIM KARA FAUX,1,tier1,EKIM KARA FAUX (COLLECTION CONEGLIANO),EKIM KARA FAUX (COLLECTION CONEGLIANO),vivc confirmed,,,,
FRAPPATO,1,tier1,FRAPPATO DI VITTORIA,FRAPPATO DI VITTORIA,lac emanuelli 2020,,,,
FUJIMINORI,1,tier1,FUJIMINORI (4N),FUJIMINORI (4N),liang 2019,,,,
GRENACHE N,1,tier1,GRENACHE NOIR A FLEURS FEMELLES,GRENACHE NOIR A FLEURS FEMELLES,vivc confirmed,,,,
HOSSZUNYELU,1,tier1,HOSSZUNYELUE,HOSSZUNYELUE,lacombe 2013,,,,
KEKNYELU,1,tier1,KEKNYELUE,KEKNYELUE,lac emanuelli 2020,,,,
MACABEO,1,tier1,MACABEO NEGRO,MACABEO NEGRO,vivc confirmed,,,,
MANTONICO NERO,1,tier1,MANTONICO NERO INZENGA,MANTONICO NERO INZENGA,lac emanuelli 2020,,,,
MISSION,1,tier1,MISSION MALE,MISSION MALE,vivc confirmed,,,,
MUSCATE,1,tier1,MUSCATEDDU,MUSCATEDDU,vivc confirmed,,,,
MUSKATELLER GELB,1,tier1,MUSKATELLER GELBER,MUSKATELLER GELBER,vivc confirmed,,,,
NIABELL,1,tier1,NIABELL (4N),NIABELL (4N),ssr oliveira,,,,
PELOURSIN N,1,tier1,PELOURSIN NOIR,PELOURSIN NOIR,vivc confirmed,,,,
PIROVANO 59,1,tier1,PIROVANO 595,PIROVANO 595,vivc confirmed,,,,
PIROVANO 60,1,tier1,PIROVANO 604,PIROVANO 604,vivc confirmed,,,,
PLAVAI,1,tier1,PLAVAIE,PLAVAIE,vivc confirmed,,,,
RAZAKLIJA,1,tier1,RAZAKLIJA CRNA,RAZAKLIJA CRNA,vivc confirmed,,,,
SULTANINA BIANCA,1,tier1,SULTANINA BIANCA DI RODI,SULTANINA BIANCA DI RODI,vivc confirmed,,,,
UVA DI TROJA,1,tier1,UVA DI TROJANERO,UVA DI TROJANERO,vivc confirmed,,,,
VITIS BERLANDIERI,1,tier1,VITIS BERLANDIERI PLANCHON,VITIS BERLANDIERI PLANCHON,ssr oliveira,,,,
VITIS CALIFORNICA,1,tier1,VITIS CALIFORNICA BENTHAM,VITIS CALIFORNICA BENTHAM,vivc confirmed,,,,
VITIS CANDICANS,1,tier1,VITIS CANDICANS ENGELMANN,VITIS CANDICANS ENGELMANN,ssr oliveira,,,,
VITIS CINEREA,1,tier1,VITIS CINEREA ENGELMANN VAR. CINEREA,VITIS CINEREA ENGELMANN VAR. CINEREA,ssr oliveira,,,,
VITIS DOANIANA,1,tier1,VITIS DOANIANA MUNSON,VITIS DOANIANA MUNSON,ssr oliveira,,,,
VITIS GIRDIANA,1,tier1,VITIS GIRDIANA MUNSON,VITIS GIRDIANA MUNSON,ssr oliveira,,,,
VITIS MONTICOLA,1,tier1,VITIS MONTICOLA BUCKLEY,VITIS MONTICOLA BUCKLEY,ssr oliveira,,,,
VITIS SHUTTLEWORTHII,1,tier1,VITIS SHUTTLEWORTHII HOUSE,VITIS SHUTTLEWORTHII HOUSE,ssr oliveira,,,,
VITOUSKA,1,tier1,VITOUSKA GARGANIJA,VITOUSKA GARGANIJA,lac emanuelli 2020,,,,
YALOVA CEKIRDEKSIZ,1,tier1,YALOVA CEKIRDEKSIZI,YALOVA CEKIRDEKSIZI,lacombe 2013,,,,
ZAGARESE,1,tier1,ZAGARESE DI PUGLIA,ZAGARESE DI PUGLIA,lac emanuelli 2020,,,,
TEMPRANILLO,6,tier2,TEMPRANILLO TINTO,TEMPRANILLO TINTO | TEMPRANILLO GRIS | TEMPRANILLO BLANCO,marker support; vivc confirmed; oliveira 2020; lac emanuelli 2020; laucou 2018; ssr oliveira,,,,
CHASSELAS,5,tier2,CHASSELAS ROSE,CHASSELAS ROSE | CHASSELAS ROUGE | CHASSELAS CIOUTAT | CHASSELAS DES BOUCHES DU RHONE | CHASSELAS BLANC | CHASSELAS VIOLET | CHASSELAS QUEEN VICTORIA | CHASSELAS BABO | CHASSELAS MUSQUE | CHASSELAS OBERLIN,vivc confirmed; lacombe 2013; lac emanuelli 2020; laucou 2018; ssr lacombe,,,,
ELBLING,5,tier2,ELBLING BLAU,ELBLING BLAU | ELBLING ROT | ELBLING WEISS | ELBLING SCHWARZ | ELBLING WEISS (4N),vivc confirmed; lacombe 2013; lac emanuelli 2020; laucou 2018; ssr lacombe,,,,
SULTANINE,5,tier2,SULTANINE MONOCOCCO,SULTANINE MONOCOCCO | SULTANINE NOIRE FAUX | SULTANINE ROSE (NON IDENTIFIED),vivc confirmed; lacombe 2013; laucou 2018; liang 2019; ssr lacombe,,,,
LOUREIRO,4,tier2,LOUREIRO BLANCO,LOUREIRO BLANCO | LOUREIRO BRAVO | LOUREIRO TINTO,lacombe 2013; lac emanuelli 2020; laucou 2018; ssr lacombe,,,,
MAUZAC,4,tier2,MAUZAC BLANC,MAUZAC BLANC | MAUZAC ROSE | MAUZAC FAUX DE CAHUZAC | MAUZAC NOIR DU LOT ET GARONNE,vivc confirmed; lacombe 2013; laucou 2018; ssr lacombe,,,,
NEGRU MARE,4,tier2,NEGRU MARE DE GHIRODA,NEGRU MARE DE GHIRODA | NEGRU MARE (QUESTIONABLE),vivc confirmed; lacombe 2013; laucou 2018; ssr lacombe,,,,
TRESSOT,4,tier2,TRESSOT NOIR,TRESSOT NOIR | TRESSOT BLANC | TRESSOT PANACHE | TRESSOT PANACHE (NON IDENTIFIED),vivc confirmed; lacombe 2013; laucou 2018; ssr lacombe,,,,
AESTIVALIS,3,tier2,AESTIVALIS GF 01,AESTIVALIS GF 01 | AESTIVALIS GF 02 | AESTIVALIS GF 03 | AESTIVALIS GF 04 | AESTIVALIS GF 05 | AESTIVALIS GF 06 | AESTIVALIS GF 07 | AESTIVALIS GF 08 | AESTIVALIS GF 09 | AESTIVALIS GF 10,vivc confirmed; oliveira 2020; liang 2019,,,,
BALOUTI,3,tier2,BALOUTI (ABBAYE DE LATROUN),BALOUTI (ABBAYE DE LATROUN) | BALOUTI X MUSCAT HAMBURG,vivc confirmed; lacombe 2013; ssr lacombe,,,,
CAMARATE,3,tier2,CAMARATE TINTO,CAMARATE TINTO | CAMARATE VERMELHO,vivc confirmed; lac emanuelli 2020; laucou 2018,,,,
CLAIRETTE,3,tier2,CLAIRETTE MAZEL,CLAIRETTE MAZEL | CLAIRETTE BLANCHE | CLAIRETTE ROSE | CLAIRETTE B. NICE | CLAIRETTE POINSEAU | CLAIRETTE AMERICAINE | CLAIRETTE BELDI 3612 | CLAIRETTE RESISTANTE | CLAIRETTE DOREE GANZIN | CLAIRETTE A GROS GRAINS,vivc confirmed; lacombe 2013; ssr lacombe,,,,
COURBU,3,tier2,COURBU BLANC,COURBU BLANC | COURBU NOIR | COURBU PETIT,vivc confirmed; lacombe 2013; ssr lacombe,,,,
GOHER,3,tier2,GOHER PIROS,GOHER PIROS | GOHER VALTOZO,lacombe 2013; laucou 2018; ssr lacombe,,,,
GROS VERT,3,tier2,GROS VERT NOIR,GROS VERT NOIR | GROS VERT BLANC,vivc confirmed; lacombe 2013; ssr lacombe,,,,
ORLOVI NOKTI,3,tier2,ORLOVI NOKTI BELI,ORLOVI NOKTI BELI | ORLOVI NOKTI CERNI,lacombe 2013; laucou 2018; ssr lacombe,,,,
PASCAL,3,tier2,PASCALE DI CAGLIARI,PASCALE DI CAGLIARI | PASCAL BLANC,vivc confirmed; lacombe 2013; ssr lacombe,,,,
POULSARD,3,tier2,POULSARD NOIR,POULSARD NOIR | POULSARD ROSE | POULSARD BLANC | POULSARD ROUGE | POULSARD NOIR MUSQUE,vivc confirmed; lacombe 2013; ssr lacombe,,,,
ROYAL,3,tier2,ROYALTY,ROYALTY | ROYAL MOLENBERG | ROYAL VINEYARD | ROYALNY | ROYAL LATE | ROYAL ASCOT | ROYAL EMILE | ROYAL SWEET | ROYAL MOLLEKES | ROYAL SEEDLESS,vivc confirmed; lacombe 2013; ssr lacombe,,,,
SAUVIGNON,3,tier2,SAUVIGNON BLANC,SAUVIGNON BLANC | SAUVIGNON PICCOLO FAUX | SAUVIGNON GRIS | SAUVIGNON CITA | SAUVIGNON GRYN | SAUVIGNON NOIR | SAUVIGNON SARY | SAUVIGNON NEPIS | SAUVIGNON ROUGE | SAUVIGNON RYTOS,vivc confirmed; lacombe 2013; ssr lacombe,,,,
TERRET,3,tier2,TERRET BOUSCHET,TERRET BOUSCHET | TERRET BLANC | TERRET GRIS | TERRET NOIR,vivc confirmed; lacombe 2013; ssr lacombe,,,,
ALICANTE BOUSCHET,2,tier2,ALICANTE BOUSCHET 7,ALICANTE BOUSCHET 7 | ALICANTE BOUSCHET TARDIF | ALICANTE BOUSCHET X PIQUEPOUL GRIS 8 | ALICANTE BOUSCHET X PIQUEPOUL GRIS 9 | ALICANTE BOUSCHET 1 | ALICANTE BOUSCHET 2 | ALICANTE BOUSCHET 12 | ALICANTE BOUSCHET 13 | ALICANTE BOUSCHET PRECOCE | ALICANTE BOUSCHET EXTRA FERTILE,vivc confirmed; lac emanuelli 2020,,,,
AUBIN,2,tier2,AUBIN VERT,AUBIN VERT | AUBIN BLANC,lacombe 2013; ssr lacombe,,,,
AZAL,2,tier2,AZAL AZEDO,AZAL AZEDO | AZAL DOCE | AZAL ABERTO | AZAL BRANCO | AZAL FECHADO | AZAL ESPANHOL | AZAL SANTO TIRSO,vivc confirmed; lacombe 2013,,,,
BRAGHINA,2,tier2,BRAGHINA ALBA,BRAGHINA ALBA | BRAGHINA ROSIE,lac emanuelli 2020; laucou 2018,,,,
CAINHO,2,tier2,CAINHO DA TERRA,CAINHO DA TERRA | CAINHO PRETO,lac emanuelli 2020; laucou 2018,,,,
DIMRIT,2,tier2,DIMRIT KARA,DIMRIT KARA | DIMRIT UFAK | DIMRIT BEYAZ | DIMRIT CATAL | DIMRIT ROUGE,vivc confirmed; laucou 2018,,,,
FORTANA,2,tier2,FORTANA CAB,FORTANA CAB | FORTANA NERA | FORTANA BIANCA,vivc confirmed; lac emanuelli 2020,,,,
KORINTHIAKI,2,tier2,KORINTHIAKI LEFKI,KORINTHIAKI LEFKI | KORINTHIAKI MAVRO | KORINTHIAKI KOKKINO,vivc confirmed; lac emanuelli 2020,,,,
MAGLIOCCO,2,tier2,MAGLIOCCO TURI,MAGLIOCCO TURI | MAGLIOCCO DOLCE | MAGLIOCCO CANINO,lacombe 2013; ssr lacombe,,,,
NEGRA MOLE,2,tier2,NEGRA MOLE BRANCA,NEGRA MOLE BRANCA | NEGRA MOLE RASTEIRA | NEGRA MOLE TREPADEIRA | NEGRA MOLE ENCARRAPITUDE,vivc confirmed; laucou 2018,,,,
PIQUEPOUL,2,tier2,PIQUEPOUL BOUSCHET,PIQUEPOUL BOUSCHET | PIQUEPOUL GRIS | PIQUEPOUL NOIR | PIQUEPOUL BLANC | PIQUEPOUL BLANC FAUX,vivc confirmed; lacombe 2013,,,,
SAVAGNIN,2,tier2,SAVAGNIN BLANC,SAVAGNIN BLANC | SAVAGNIN ROSE,vivc confirmed; lac emanuelli 2020,,,,
TETA DE VACA,2,tier2,TETA DE VACA TINTA,TETA DE VACA TINTA | TETA DE VACA BLANCA,vivc confirmed; lacombe 2013,,,,
TOPAZ,2,tier2,TOPAZE,TOPAZE | TOPAZ (3N),liang 2019; ssr oliveira,,,,
3,1,tier2,3138,3138 | 301-1 (4N),lacombe 2013,,,,
AGLIANICO ANTICO,1,tier2,AGLIANICO ANTICO TITO,AGLIANICO ANTICO TITO | AGLIANICO ANTICO MASCHITO,lac emanuelli 2020,,,,
ARAMON N,1,tier2,ARAMON NOIR,ARAMON NOIR | ARAMON NOIR A FEUILLES COTONNEUSES,vivc confirmed,,,,
BACO 1,1,tier2,BACO 10-A,BACO 10-A | BACO 10-B | BACO 15-A | BACO 16-B | BACO 18-B | BACO 11-10 | BACO 13-14 | BACO 13-15 | BACO 17-16 | BACO 19- 28,ssr oliveira,,,,
BARESANA,1,tier2,BARESANA NERA,BARESANA NERA | BARESANA ROSA,vivc confirmed,,,,
BERLANDIERI RESSEGUIER,1,tier2,BERLANDIERI RESSEGUIER 1,BERLANDIERI RESSEGUIER 1 | BERLANDIERI RESSEGUIER 2 | BERLANDIERI RESSEGUIER 3 | BERLANDIERI RESSEGUIER 4 | BERLANDIERI RESSEGUIER 5 | BERLANDIERI RESSEGUIER 6 | BERLANDIERI RESSEGUIER 7 | BERLANDIERI RESSEGUIER 8 | BERLANDIERI RESSEGUIER 9 | BERLANDIERI RESSEGUIER 13,vivc confirmed,,,,
BLANC,1,tier2,BLANCA NIEVE,BLANCA NIEVE | BLANC D'AMBRE | BLANC DE RHAFSAI | BLANC AUBA | BLANCA OVAL | BLANCHARD 2 | BLANC D'IRAN | BLANCA CHICA | BLANCHARD 1 B | BLANCA,lacombe 2013,,,,
CANAIOLO,1,tier2,CANAIOLO NERO,CANAIOLO NERO | CANAIOLO ROSA,ssr oliveira,,,,
CASCAROLO,1,tier2,CASCAROLO NERO,CASCAROLO NERO | CASCAROLO BIANCO,lac emanuelli 2020,,,,
COARNA ALB,1,tier2,COARNA ALBA,COARNA ALBA | COARNA ALBA AROMATA,vivc confirmed,,,,
CODA DI VOLPE,1,tier2,CODA DI VOLPE BIANCA,CODA DI VOLPE BIANCA | CODA DI VOLPE DI LABICO | CODA DI VOLPE DI VERMENTINO | CODA DI VOLPE BLANCHE DE LAPIO,ssr oliveira,,,,
CORVINA VERONE,1,tier2,CORVINA VERONESE,CORVINA VERONESE | CORVINA VERONESE (NON IDENTIFIED),ssr oliveira,,,,
COUDERC,1,tier2,COUDERC 3309,COUDERC 3309 | COUDERC 3 | COUDERC 1202 | COUDERC 1613 | COUDERC 1616 | COUDERC 3306 | COUDERC 161- 49 | COUDERC 2 | COUDERC 13 | COUDERC 17,liang 2019,,,,
COUDERC 1,1,tier2,COUDERC 1202,COUDERC 1202 | COUDERC 1613 | COUDERC 1616 | COUDERC 161- 49 | COUDERC 13 | COUDERC 17 | COUDERC 1617 | COUDERC 1616 E | COUDERC 157- 11 | COUDERC 1203,ssr oliveira,,,,
GEILWEILERHOF V.,1,tier2,GEILWEILERHOF V. 348,GEILWEILERHOF V. 348 | GEILWEILERHOF V. 1271 | GEILWEILERHOF V. 1576 | GEILWEILERHOF V. 1623 | GEILWEILERHOF V. 3125,ssr migliaro,,,,
JURANCON,1,tier2,JURANCON NOIR,JURANCON NOIR | JURANCON BLANC,vivc confirmed,,,,
LAMBRUSCO,1,tier2,LAMBRUSCO MAESTRI,LAMBRUSCO MAESTRI | LAMBRUSCO D'GERMAN | LAMBRUSCO DI FIORANO | LAMBRUSCO MONTERICCO | LAMBRUSCO GRASPAROSSA | LAMBRUSCO OLIVA | LAMBRUSCO BARGHI | LAMBRUSCO MAIOLO | LAMBRUSCO MARANI | LAMBRUSCO BENETTI,ssr oliveira,,,,
LISTAN,1,tier2,LISTAN NEGRO,LISTAN NEGRO | LISTAN PRIETO | LISTAN 1495 | LISTAN ROSA | LISTAN GACHO | LISTAN BRANAS | LISTAN DE PAXERETE | LISTAN PRIETO FLORAL MUTANT,vivc confirmed,,,,
MARTE,1,tier2,MARTELLATA NERA,MARTELLATA NERA | MARTELLATA BIANCA,ssr oliveira,,,,
MATHIASZ JANOS,1,tier2,MATHIASZ JANOSNE,MATHIASZ JANOSNE | MATHIASZ JANOS EMLEKE | MATHIASZ JANOS DIADALA | MATHIASZ JANOS IZLETESE | MATHIASZ JANOS MUSKOTALY,vivc confirmed,,,,
MATURANO,1,tier2,MATURANO BIANCO,MATURANO BIANCO | MATURANO NERO,lac emanuelli 2020,,,,
MAVROUD,1,tier2,MAVROUD MK 4,MAVROUD MK 4 | MAVROUDA | MAVROUDI | MAVROUDIA | MAVROUDI PILIOU | MAVROUDI SYRIANO | MAVROUDI ARACHOVIS | MAVROUDI CHONDRO KALAVRYTON,vivc confirmed,,,,
MOLL,1,tier2,MOLLAR CANO,MOLLAR CANO | MOLLAR DE ICA | MOLLAH | MOLLIM | MOLLARD | MOLLA EHMEDI | MOLLAR CANO ROSADO | MOLLAR DO CHORINCAS,laucou 2018,,,,
MONICA,1,tier2,MONICA NERA,MONICA NERA | MONICA FEMELLE,lac emanuelli 2020,,,,
MUELLER THURGAU,1,tier2,MUELLER THURGAU WEISS,MUELLER THURGAU WEISS | MUELLER THURGAU ROT | MUELLER THURGAU WEISS (4N),vivc confirmed,,,,
MUSCA,1,tier2,MUSCAT OTTONEL,MUSCAT OTTONEL | MUSCAT HAMBURG | MUSCAT OF ALEXANDRIA | MUSCADELLE | MUSCAT A PETITS GRAINS BLANCS | MUSCAT FLEUR D'ORANGER | MUSCAT MIKVEH | MUSCAT LIERVAL | MUSCAT BOUSCHET | MUSCAT SEEDLESS,ssr oliveira,,,,
MUSCAT,1,tier2,MUSCAT OTTONEL,MUSCAT OTTONEL | MUSCAT HAMBURG | MUSCAT OF ALEXANDRIA | MUSCAT A PETITS GRAINS BLANCS | MUSCAT FLEUR D'ORANGER | MUSCAT MIKVEH | MUSCAT LIERVAL | MUSCAT BOUSCHET | MUSCAT SEEDLESS | MUSCAT LASERELLE,vivc confirmed,,,,
MUSCAT A PETITS GRAINS,1,tier2,MUSCAT A PETITS GRAINS BLANCS,MUSCAT A PETITS GRAINS BLANCS | MUSCAT A PETITS GRAINS NOIRS | MUSCAT A PETITS GRAINS ROSES | MUSCAT A PETITS GRAINS ROUGES | MUSCAT A PETITS GRAINS BLANCS SEEDLESS,vivc confirmed,,,,
NIMRANG,1,tier2,NIMRANG KARA,NIMRANG KARA | NIMRANG KRASNYI | NIMRANG MAGARACHA,vivc confirmed,,,,
OLIVETTE BLANC,1,tier2,OLIVETTE BLANCHE,OLIVETTE BLANCHE | OLIVETTE BLANCHE (4N),vivc confirmed,,,,
PERERA,1,tier2,PERERA GIALLA,PERERA GIALLA | PERERA (VALDOBBIADENE),vivc confirmed,,,,
PIROVANO 2,1,tier2,PIROVANO 20,PIROVANO 20 | PIROVANO 21 | PIROVANO 22 | PIROVANO 23 | PIROVANO 24 | PIROVANO 25 | PIROVANO 26 | PIROVANO 28 | PIROVANO 29 | PIROVANO 217,vivc confirmed,,,,
PIZZUTELLO,1,tier2,PIZZUTELLO NERO,PIZZUTELLO NERO | PIZZUTELLO DI GATINARA | PIZZUTELLO MOSCATO BIONDO,liang 2019,,,,
PORTUGIESER,1,tier2,PORTUGIESER BLAU,PORTUGIESER BLAU | PORTUGIESER GRAU | PORTUGIESER ROT | PORTUGIESER GRUEN | PORTUGIESER BLAU (4N) | PORTUGIESER FRUEH BLAU | PORTUGIESER X RIESLING,vivc confirmed,,,,
QUIEBRATINAJAS,1,tier2,QUIEBRATINAJAS TINTO,QUIEBRATINAJAS TINTO | QUIEBRATINAJAS ROJO,laucou 2018,,,,
RAJABI,1,tier2,RAJABI SIAH,RAJABI SIAH | RAJABI SAFID | RAJABI GERMEZ,vivc confirmed,,,,
REGINA,1,tier2,REGINA VIEI,REGINA VIEI | REGINA NEGRA,vivc confirmed,,,,
RIBOLLA,1,tier2,RIBOLLA GIALLA,RIBOLLA GIALLA | RIBOLLA R17 | RIBOLLA R24,ssr oliveira,,,,
SCHIRAS,1,tier2,SCHIRAS DR. HOUDBINE,SCHIRAS DR. HOUDBINE | SCHIRASTRAUBE | SCHIRASTRAUBE (4N),vivc confirmed,,,,
SEIBEL 60,1,tier2,SEIBEL 600,SEIBEL 600 | SEIBEL 601 | SEIBEL 603 | SEIBEL 604 | SEIBEL 605 | SEIBEL 606 | SEIBEL 607 | SEIBEL 608 | SEIBEL 609 | SEIBEL 6022,ssr oliveira,,,,
SEKIREI,1,tier2,SEKIREI 4,SEKIREI 4 | SEKIREI 6,liang 2019,,,,
SEYVAL,1,tier2,SEYVAL BLANC,SEYVAL BLANC | SEYVAL NOIR,vivc confirmed,,,,
SOMARELLO,1,tier2,SOMARELLO NERO,SOMARELLO NERO | SOMARELLO ROSSO,lac emanuelli 2020,,,,
TREBBIANO,1,tier2,TREBBIANO TOSCANO,TREBBIANO TOSCANO | TREBBIANO ANTICO | TREBBIANO NERO | TREBBIANO DORATO | TREBBIANO GIALLO | TREBBIANO EMILIANO | TREBBIANO MODENESE | TREBBIANO PERUGINO | TREBBIANO ABRUZZESE | TREBBIANO ROMAGNOLO,ssr oliveira,,,,
VALENTINO,1,tier2,VALENTINO NERO,VALENTINO NERO | VALENTINO BIANCO,lac emanuelli 2020,,,,
VELTLINER,1,tier2,VELTLINER ROT,VELTLINER ROT | VELTLINER FRUEHROT | VELTLINER ROT X ELBLING | VELTLINER GRAU | VELTLINER BRAUN | VELTLINER GRUEN | VELTLINER SOLIS | VELTLINER SIGNUM | VELTLINER STELLA | VELTLINER ROTWEISS,lac emanuelli 2020,,,,
VERDOT,1,tier2,VERDOT GRIS,VERDOT GRIS | VERDOT GROS | VERDOT BLANC | VERDOT PETIT,vivc confirmed,,,,
VITIS AMURENSIS,1,tier2,VITIS AMURENSIS RUPRECHT,VITIS AMURENSIS RUPRECHT | VITIS AMURENSIS (NON IDENTIFIED),ssr oliveira,,,,
VITIS LABRUSCA,1,tier2,VITIS LABRUSCA LINNE,VITIS LABRUSCA LINNE | VITIS LABRUSCA VAR. BLANDA G. DON | VITIS LABRUSCA VAR. LABRUSCOIDES EATON,vivc confirmed,,,,
ZIBIBBO,1,tier2,ZIBIBBO D'ARQUATA,ZIBIBBO D'ARQUATA | ZIBIBBO BIANCO DI CALTANISSETTA,vivc confirmed,,,,
ZWEIGELT,1,tier2,ZWEIGELTREBE BLAU,ZWEIGELTREBE BLAU | ZWEIGELT SOLIS | ZWEIGELT SIGNUM | ZWEIGELT STELLA,laucou 2018,,,,
ALFROCHEIRO PRETO,5,tier3,ALFROCHEIRO,ALFROCHEIRO | PRETO CARDANA | PRETO MARTINHO | BOAL PRETO | CRATO PRETO | DOCAR PRETO | CAINHO PRETO | PERRUM PRETO | CACHUDO PRETO | CASTICO PRETO,vivc confirmed; lacombe 2013; lac emanuelli 2020; laucou 2018; ssr lacombe,,,,
KICHMICH TCHERNI,5,tier3,KARA KICHMICH OVROUT,KARA KICHMICH OVROUT,vivc confirmed; lacombe 2013; lac emanuelli 2020; laucou 2018; ssr lacombe,,,,
MUSCAT D'ALEXANDRIE,5,tier3,MUSCAT OTTONEL,MUSCAT OTTONEL | MUSCAT HAMBURG | EARLY MUSCAT | GOLDEN MUSCAT | MUSCAT OF ALEXANDRIA | MUSCAT A PETITS GRAINS BLANCS | NEW YORK MUSCAT | MUSCAT FLEUR D'ORANGER | MUSCAT MIKVEH | MUSCAT LIERVAL,vivc confirmed; lacombe 2013; oliveira 2020; laucou 2018; ssr lacombe,,,,
AETONYCHI MAVRO,4,tier3,MOSCHATO MAVRO,MOSCHATO MAVRO | AITONYCHI MAVRO | AIDANI MAVRO | SANI MAVRO | MAVRO KYMIS | ATHIRI MAVRO | HIMERO MAVRO | MARONI MAVRO | MAVRO ROGKAS | RAZAKI MAVRO,lacombe 2013; lac emanuelli 2020; laucou 2018; ssr lacombe,,,,
ARINTO DO DÃO,4,tier3,ARINTO,ARINTO | ARINTO ROXO | ARINTO DE COLARES | ARINTO DOS ACORES | ARINTO DO INTERIOR,lacombe 2013; lac emanuelli 2020; laucou 2018; ssr lacombe,,,,
ASSOUAD KARECH,4,tier3,ASMI ASSOUAD,ASMI ASSOUAD | ASSWAD KARECH | SEBAI ASSOUAD,vivc confirmed; lac emanuelli 2020; laucou 2018; ssr lacombe,,,,
CARINA (AUSTRALIE),4,tier3,CARINA,CARINA,lacombe 2013; lac emanuelli 2020; laucou 2018; ssr lacombe,,,,
CHAOUCH ROSE,4,tier3,CHAOUCH BLANC,CHAOUCH BLANC | BLACK ROSE | CHASSELAS ROSE | OLIVETTE ROSE | CHAOUCH ROZOVYI | FERNAND ROSE | LAST ROSE | NIAGARA ROSE | SOVEREIGN ROSE | ROSE CIOTAT,vivc confirmed; lacombe 2013; laucou 2018; ssr lacombe,,,,
CORASON DE KABRITTE BLANC,4,tier3,CORASON DE KABRITTE,CORASON DE KABRITTE | CHARDONNAY BLANC | CHENIN BLANC | SAUVIGNON BLANC | SAVAGNIN BLANC | CHAOUCH BLANC | PINOT BLANC | SEYVAL BLANC | TERRET BLANC | VILLARD BLANC,lacombe 2013; lac emanuelli 2020; laucou 2018; ssr lacombe,,,,
DORONA DI VENEZIA,4,tier3,DORONA VENEZIANA,DORONA VENEZIANA,vivc confirmed; lacombe 2013; lac emanuelli 2020; ssr lacombe,,,,
GROS MANSENG,4,tier3,MANSENG GROS BLANC,MANSENG GROS BLANC | MANSENG GROS DE LUCQ | MANSENG GROS MEUNIER | GROS CABERNET | MAROC GROS | MANSENG NOIR | GROS BEC | GROS MANSOIS | GROS COURBU DE SEMIS | MANSENG PETIT BLANC,vivc confirmed; lacombe 2013; laucou 2018; ssr lacombe,,,,
MOLINERA GORDA,4,tier3,MOLINERA,MOLINERA | GARNACHA GORDA,vivc confirmed; lacombe 2013; laucou 2018; ssr lacombe,,,,
MOURISCO TINTO = MARUFO,4,tier3,MOURISCO DE SEMENTE,MOURISCO DE SEMENTE | MARUFO | TINTO CAO | DONZELINHO TINTO | PRIETO PICUDO TINTO | QUIEBRATINAJAS TINTO | JAEN TINTO | TINTA TINTO | BRUNOL TINTO | CARREGA TINTO,vivc confirmed; lacombe 2013; laucou 2018; ssr lacombe,,,,
MUSCAT D'EISENSTADT,4,tier3,MUSCAT OTTONEL,MUSCAT OTTONEL | MUSCAT HAMBURG | EARLY MUSCAT | GOLDEN MUSCAT | MUSCAT OF ALEXANDRIA | MUSCAT A PETITS GRAINS BLANCS | NEW YORK MUSCAT | MUSCAT FLEUR D'ORANGER | MUSCAT MIKVEH | MUSCAT LIERVAL,vivc confirmed; lacombe 2013; lac emanuelli 2020; laucou 2018,,,,
OPSIMO EDESSIS,4,tier3,OPSIMOS EDESSIS,OPSIMOS EDESSIS | OPSIMO ASPRO | OPSIMO TRAGANO | OPSIMO PROSSOTSANIS,lacombe 2013; lac emanuelli 2020; laucou 2018; ssr lacombe,,,,
PORTUGAIS BLEU,4,tier3,MUSCAT BLEU,MUSCAT BLEU | OISEAU BLEU | SOVEREIGN BLEU | MUSCAT ALEXANDRIE BLEU | RIPARIA PUBESCENT BLEU | OISEAU BLEU (NON IDENTIFIED),lacombe 2013; lac emanuelli 2020; laucou 2018; ssr lacombe,,,,
POZSONYI FEHER,4,tier3,LISZTES FEHER,LISZTES FEHER | POZSONYI | HARS FEHER | TODOR FEHER | GYOENGY FEHER | KADARKA FEHER | KAVACSI FEHER | OSZTRAK FEHER | VALLASI FEHER | CZOLLNER FEHER,vivc confirmed; lacombe 2013; laucou 2018; ssr lacombe,,,,
ROSA MENNA DI VACCA,4,tier3,MENNA DI VACCA BIANCA,MENNA DI VACCA BIANCA | MANZONI ROSA | MOSCATEL ROSA | ROSA DEL PERU | ROSA | UVA ROSA | FIANO ROSA | MARIA ROSA | PANSA ROSA | ROSA LINDA,vivc confirmed; lacombe 2013; laucou 2018; ssr lacombe,,,,
VERDECA = LAGORTHI,4,tier3,LAGORTHI,LAGORTHI | LAGORTHI B | LAGORTHI C,vivc confirmed; lacombe 2013; laucou 2018; ssr lacombe,,,,
ABOUHOU = ASSERGHIN,3,tier3,ABOUHOU,ABOUHOU,vivc confirmed; lacombe 2013; ssr lacombe,,,,
ALPHONSE LAVALLÉE,3,tier3,ALPHONSE LAVALLEE,ALPHONSE LAVALLEE | RUPESTRIS ALPHONSE DE SERRES | ALPHONSE | ALPHONSE BLANC | ALPHONSE LAVALLEE (4N),lacombe 2013; laucou 2018; ssr lacombe,,,,
ANGELO LONGO = PIROVANO 101,3,tier3,ANGELO PIROVANO,ANGELO PIROVANO | ANGELO LONGO | MARIA PIROVANO | PIROVANO 5 | PIROVANO 190 | PIROVANO 1 | PIROVANO 17 | PIROVANO 3 | PIROVANO 4 | PIROVANO 6,vivc confirmed; lacombe 2013; ssr lacombe,,,,
ASSWAD ABOU KHISLÉ,3,tier3,ASSWAD ABOU KHISLE,ASSWAD ABOU KHISLE | ASSWAD ABOU GHABRA | ASSWAD ANOUNI | ASSWAD KARI | ABLAK ASSWAD | ABOU OUTHOUK | ASSWAD TAWIL | SALTI ASSWAD | ASSWAD KARECH | ASSWAD KOUPTI,lacombe 2013; laucou 2018; ssr lacombe,,,,
AÏN EL BOUMA,3,tier3,AIN EL BOUMA,AIN EL BOUMA,lacombe 2013; laucou 2018; ssr lacombe,,,,
BARLINKA FAUX (ALMERIA),3,tier3,BARLINKA FAUX,BARLINKA FAUX | BARLINKA | CEAUS ROZ FAUX | DIAGALVES FAUX | KARASAKIS FAUX | KIZIL SAPAK FAUX | GORA CHIRINE FAUX | PETIT VERDOT FAUX | ZRINYI ILONA FAUX | ALICANTE BLANC FAUX,lacombe 2013; lac emanuelli 2020; laucou 2018,,,,
BASTARDO MAGARATCHSKII,3,tier3,BASTARDO ESPANHOL,BASTARDO ESPANHOL | BASTARDO BLANCO | BASTARDO BRANCO | BASTARDO MAGARACHSKII | BASTARDO DOS FRADES DE BOLONIO | BASTARDO ROXO | TINTO BASTARDO | BASTARDO DE MUNEDO | CAGNULARI BASTARDO,lacombe 2013; lac emanuelli 2020; laucou 2018,,,,
BEREGI ROZSAS,3,tier3,BEREGI ALDAS,BEREGI ALDAS | BEREGI ROZSA | BEREGI MENYECSKE,vivc confirmed; lacombe 2013; ssr lacombe,,,,
BLANC DE RHAFSAÏ,3,tier3,CHARDONNAY BLANC,CHARDONNAY BLANC | CHENIN BLANC | SAUVIGNON BLANC | SAVAGNIN BLANC | CHAOUCH BLANC | PINOT BLANC | SEYVAL BLANC | TERRET BLANC | VILLARD BLANC | BALZAC BLANC,lacombe 2013; laucou 2018; ssr lacombe,,,,
BLANK BLAUER = VULPEA,3,tier3,VULPEA,VULPEA | FRUEHER BLAUER WAELSCHER X FARBTRAUBE NR. 4 | BLANK WEISS | VULPEA FAUX | BLAUER GROSSER | BLAUER TWANNER | JACOBIN BLAUER,vivc confirmed; lacombe 2013; ssr lacombe,,,,
BOUTEILLAN NOIR = QUAGLIANO,3,tier3,PINOT NOIR,PINOT NOIR | GAMAY NOIR | MERLOT NOIR | GRAND NOIR | ROUMI NOIR | ARAMON NOIR | MANSENG NOIR | CAMARAOU NOIR | CARIGNAN NOIR | JURANCON NOIR,lacombe 2013; oliveira 2020; ssr lacombe,,,,
CORNET = BAUDE,3,tier3,CORNET NOIR,CORNET NOIR,vivc confirmed; lacombe 2013; ssr lacombe,,,,
FURJMONY FEHER,3,tier3,LISZTES FEHER,LISZTES FEHER | HARS FEHER | TODOR FEHER | GYOENGY FEHER | KADARKA FEHER | KAVACSI FEHER | OSZTRAK FEHER | VALLASI FEHER | CZOLLNER FEHER | CSERSZEGI FEHER,vivc confirmed; lacombe 2013; ssr lacombe,,,,
GORDIN = ALIMCHAK,3,tier3,GORDIN,GORDIN | GORDIN VERDE,vivc confirmed; lacombe 2013; ssr lacombe,,,,
GOUAIS BLANC = HEUNISCH WEISS,3,tier3,HEUNISCH WEISS,HEUNISCH WEISS | HEUNISCH WEISS SEEDLESS,vivc confirmed; lacombe 2013; oliveira 2020,,,,
GRAND NOIR DE LA CALMETTE,3,tier3,GRAND NOIR,GRAND NOIR | PINOT NOIR | GAMAY NOIR | MERLOT NOIR | ROUMI NOIR | ARAMON NOIR | MANSENG NOIR | CAMARAOU NOIR | CARIGNAN NOIR | JURANCON NOIR,lacombe 2013; laucou 2018; ssr lacombe,,,,
GRENACHE = GARNACHA,3,tier3,GARNACHA TINTA,GARNACHA TINTA | GARNACHA ROJA | GRENACHE GROS | GRENACHE VELU | GARNACHA GORDA | GARNACHA BLANCA | GARNACHA DORADA | GARNACHA PELUDA | GRENACHE NOIR A FLEURS FEMELLES,vivc confirmed; lacombe 2013; ssr lacombe,,,,
HOUSSEIN ROUGE,3,tier3,GREC ROUGE,GREC ROUGE | CHASSELAS ROUGE | PETIT ROUGE | ROUGE DU PAYS | ALIGOTE ROUGE | CANDOLLE ROUGE | MUSCAT ROUGE DE MADERE | ROUGE | CEP ROUGE | FAY ROUGE,lacombe 2013; laucou 2018; ssr lacombe,,,,
HUEVO DE GATO NEGRO,3,tier3,HUEVO DE GATO,HUEVO DE GATO | NEGRO AMARO | MANTO NEGRO | BREVAL NEGRO | ROJAL NEGRO | LISTAN NEGRO | GEAN NEGRO | GRAN NEGRO | ABOQUEL NEGRO | ENCIN NEGRO I,vivc confirmed; lacombe 2013; ssr lacombe,,,,
IRSAY OLIVER,3,tier3,IRSAI OLIVER,IRSAI OLIVER,lacombe 2013; lac emanuelli 2020; ssr lacombe,,,,
ITALIA = PIROVANO 65,3,tier3,ITALIA,ITALIA | MARIA PIROVANO | ANGELO PIROVANO | PIROVANO 5 | PIROVANO 190 | PIROVANO 1 | PIROVANO 17 | PIROVANO 3 | PIROVANO 4 | PIROVANO 6,vivc confirmed; lacombe 2013; ssr lacombe,,,,
KALECIK SIYAHI,3,tier3,DEGIRMENDERE SIYAHI,DEGIRMENDERE SIYAHI | URLA SIYAHI | ANTEP SIYAHI | CESME SIYAHI | HATAY SIYAHI | IZMIR SIYAHI | KOWAK SIYAHI | KOZAK SIYAHI | NIGDE SIYAHI | TOKAT SIYAHI,vivc confirmed; lacombe 2013; ssr lacombe,,,,
KHOUSSAÏNÉ BLANC,3,tier3,CHARDONNAY BLANC,CHARDONNAY BLANC | CHENIN BLANC | SAUVIGNON BLANC | SAVAGNIN BLANC | CHAOUCH BLANC | PINOT BLANC | SEYVAL BLANC | TERRET BLANC | VILLARD BLANC | BALZAC BLANC,lacombe 2013; laucou 2018; ssr lacombe,,,,
KIZIL YAKDONA,3,tier3,KIZIL SAPAK FAUX,KIZIL SAPAK FAUX | YAKDONA KIZYL | DIK KIZIL UEZUEM | YAKDONA | IRI KIZIL | KIZIL BOZ | KIZIL ATIM | OBAK KIZIL | ANNAT KIZIL | KIZIL SAPAK,lacombe 2013; laucou 2018; ssr lacombe,,,,
KOKOUR BELY,3,tier3,POJONI BELY,POJONI BELY | KAIRAKI BELY | ZELENIAN BELY | KROKONATE BELY | LAZAREVSKY BELY | CROUSHEVSKI BELY,vivc confirmed; lacombe 2013; ssr lacombe,,,,
KOUTSOUMBELI ASPRO,3,tier3,AIDANI ASPRO,AIDANI ASPRO | KOUTSOUMBELI | OPSIMO ASPRO | KORITHI ASPRO | XERICHI ASPRO | AITONYCHI ASPRO | ASPRO KOMOTINIS | HEPTAKILO ASPRO | KOMOTINIS ASPRO | KOUMENATO ASPRO,vivc confirmed; lacombe 2013; ssr lacombe,,,,
LADIKINO = PSAROSSYRIKO,3,tier3,LADIKINO,LADIKINO,vivc confirmed; lacombe 2013; laucou 2018,,,,
LISTAN = PALOMINO FINO,3,tier3,PALOMINO FINO,PALOMINO FINO | LISTAN NEGRO | LISTAN PRIETO | GARRIDO FINO | LISTAN 1495 | LISTAN ROSA | LISTAN GACHO | LISTAN BRANAS | MOSCATEL FINO | PALOMINO NEGRO,vivc confirmed; lacombe 2013; ssr lacombe,,,,
MISGULI KARA,3,tier3,GUZAL KARA,GUZAL KARA | KARA UZYUM NUKHURSKII | BOR KARA | ASYL KARA | ALACA KARA | BASAR KARA | CATAL KARA | ALLONE KARA | DIMRIT KARA | DINGIL KARA,vivc confirmed; lacombe 2013; ssr lacombe,,,,
MUSCAT DE HAMBOURG,3,tier3,MUSCAT OTTONEL,MUSCAT OTTONEL | MUSCAT HAMBURG | EARLY MUSCAT | GOLDEN MUSCAT | MUSCAT OF ALEXANDRIA | MUSCAT A PETITS GRAINS BLANCS | NEW YORK MUSCAT | MUSCAT FLEUR D'ORANGER | MUSCAT MIKVEH | MUSCAT LIERVAL,vivc confirmed; lacombe 2013; ssr lacombe,,,,
MUSCAT VIRA,3,tier3,MUSCAT OTTONEL,MUSCAT OTTONEL | MUSCAT HAMBURG | EARLY MUSCAT | GOLDEN MUSCAT | MUSCAT OF ALEXANDRIA | RANNII VIRA | MUSCAT A PETITS GRAINS BLANCS | NEW YORK MUSCAT | MUSCAT FLEUR D'ORANGER | MUSCAT MIKVEH,lacombe 2013; liang 2019; ssr lacombe,,,,
NEGRA MOLE = MOLLAR,3,tier3,NEGRA MOLE BRANCA,NEGRA MOLE BRANCA | NEGRA MOLE RASTEIRA | NEGRA MOLE TREPADEIRA | NEGRA MOLE ENCARRAPITUDE | MOLLAR CANO | NEGRA DORADA | NEGRA RAYADA | NEGRA TARDIA | ALVARIN NEGRA | MOLLAR DE ICA,vivc confirmed; lacombe 2013; ssr lacombe,,,,
NÉGRET CASTRAIS,3,tier3,NEGRET CASTRAIS,NEGRET CASTRAIS,lacombe 2013; laucou 2018; ssr lacombe,,,,
PETIT COURBU,3,tier3,COURBU PETIT,COURBU PETIT | BOUSCHET PETIT | PETIT VERDOT FAUX | GROS COURBU DE SEMIS | PETIT NOIR | PETIT ROUGE | COURBU BLANC | MESLIER PETIT | MANSENG PETIT BLANC | ARAMON PETIT,vivc confirmed; lacombe 2013; ssr lacombe,,,,
PETIT MESLIER,3,tier3,MESLIER PETIT,MESLIER PETIT | BOUSCHET PETIT | MESLIER SAINT FRANCOIS | MESLIER NOIR | PETIT VERDOT FAUX | PETIT NOIR | PETIT ROUGE | MANSENG PETIT BLANC | ARAMON PETIT | BECLAN PETIT,vivc confirmed; lacombe 2013; ssr lacombe,,,,
RAZACHIE ROSIE,3,tier3,COARNA ROSIE,COARNA ROSIE | ROSIE | MALAGA ROSIE | MAJARCA ROSIE | RAZACHIE ALBA | BRAGHINA ROSIE | PERLA MARE ROSIE | GRASA ROSIE SCHILLER,vivc confirmed; lacombe 2013; ssr lacombe,,,,
REINE DES VIGNES,3,tier3,A LA REINE,A LA REINE | REINE,vivc confirmed; lacombe 2013; laucou 2018,,,,
SOROK LET OKTIABRIA,3,tier3,SOROK LYET OKTYABRYA,SOROK LYET OKTYABRYA,lacombe 2013; laucou 2018; ssr lacombe,,,,
TINTA GROSSA D'ALENTEJO,3,tier3,SCHIAVA GROSSA,SCHIAVA GROSSA | TINTA BARROCA | GARNACHA TINTA | FORCALLAT TINTA | TINTA FRANCISCA | ROJAL TINTA | TINTA POMAR | TINTA TINTO | ANADIA TINTA | TINTA AGUIAR,vivc confirmed; lacombe 2013; ssr lacombe,,,,
TZIMLIANSKY BELYI,3,tier3,KHALILI BELYI,KHALILI BELYI | KOKURDES BELYI | KOKUR BELYI | SATENI BELYI | SHAANI BELYI | BULANYI BELYI | ARAKSENI BELYI | KHUSAINE BELYI | ECHKE MEME BELYI | SUKHOLIMANSKII BELYI,vivc confirmed; lacombe 2013; ssr lacombe,,,,
URBAN BLAU = SCHIAVA GENTILE,3,tier3,SCHIAVA GENTILE,SCHIAVA GENTILE,lacombe 2013; oliveira 2020; ssr lacombe,,,,
VALENCI BLANCO = BEBA,3,tier3,VERDEJO BLANCO,VERDEJO BLANCO | BEBA | PALO BLANCO | CAINO BLANCO | VALENCI TINTO | ABOQUEL BLANCO | DE JOSE BLANCO | DIRECTO BLANCO | BASTARDO BLANCO | LOUREIRO BLANCO,vivc confirmed; lacombe 2013; ssr lacombe,,,,
VELTELINER ROUGE,3,tier3,GREC ROUGE,GREC ROUGE | CHASSELAS ROUGE | PETIT ROUGE | ROUGE DU PAYS | ALIGOTE ROUGE | CANDOLLE ROUGE | MUSCAT ROUGE DE MADERE | ROUGE | CEP ROUGE | FAY ROUGE,vivc confirmed; lacombe 2013; ssr lacombe,,,,
1202 COUDERC,2,tier3,COUDERC 1202,COUDERC 1202 | COUDERC 3309 | COUDERC 3 | COUDERC 1613 | COUDERC 1616 | COUDERC 3306 | COUDERC 161- 49 | COUDERC 2 | COUDERC 13 | COUDERC 17,vivc confirmed; ssr migliaro,,,,
140 RUGGERI,2,tier3,RUGGERI 140,RUGGERI 140 | RUGGERI 2 | RUGGERI 3 | RUGGERI 6 | RUGGERI 7 | RUGGERI 8 | RUGGERI 10 | RUGGERI 14 | RUGGERI 16 | RUGGERI 19,vivc confirmed; ssr migliaro,,,,
AG ISIOUM,2,tier3,ATT ISIOUM,ATT ISIOUM | KARA ISIOUM,lac emanuelli 2020; laucou 2018,,,,
ALARIJE = SUBIRAT PARENT,2,tier3,ALARIJE,ALARIJE,lacombe 2013; ssr lacombe,,,,
ALICANTE BRANCO TYPE 2,2,tier3,ALICANTE GANZIN,ALICANTE GANZIN | ALICANTE HENRI BOUSCHET | BOAL BRANCO | BLACK ALICANTE | ALICANTE BLANC FAUX | BAILEY ALICANTE A | DONZELINHO BRANCO | ALICANTE BOUSCHET 7 | CARREGA BRANCO | CASTELO BRANCO,lacombe 2013; ssr lacombe,,,,
AMARAL = CAIÑO LONGO,2,tier3,AMARAL,AMARAL | ANGELO LONGO | AMARAL BRANCO | CAINO LONGO 1 | CAINO LONGO 2 | AMARAL DE BAIAO,lacombe 2013; ssr lacombe,,,,
ANGOOR KALAN,2,tier3,ANGUR KALAN,ANGUR KALAN,vivc confirmed; lacombe 2013,,,,
AROMATICA = PIROVANO 393,2,tier3,MARIA PIROVANO,MARIA PIROVANO | ANGELO PIROVANO | MALVASIA DI CANDIA AROMATICA | PIROVANO 5 | PIROVANO 190 | AROMATICA | PIROVANO 1 | PIROVANO 17 | AROMATICA ROSE | MALVASIA AROMATICA DI PARMA,lacombe 2013; ssr lacombe,,,,
ARPAD = EVÊQUE PROHASZKA,2,tier3,ARPAD,ARPAD,lacombe 2013; ssr lacombe,,,,
ASSOUAD ANOUNI,2,tier3,ASMI ASSOUAD,ASMI ASSOUAD | ASSWAD ANOUNI | SEBAI ASSOUAD,lacombe 2013; ssr lacombe,,,,
ASSYL KARA,2,tier3,GUZAL KARA,GUZAL KARA | KARA UZYUM NUKHURSKII | BOR KARA | ASYL KARA | ALACA KARA | BASAR KARA | CATAL KARA | ALLONE KARA | DIMRIT KARA | DINGIL KARA,vivc confirmed; ssr lacombe,,,,
AURORA BLANC = CG 91‐560,2,tier3,CHARDONNAY BLANC,CHARDONNAY BLANC | CHENIN BLANC | SAUVIGNON BLANC | SAVAGNIN BLANC | CHAOUCH BLANC | PINOT BLANC | SEYVAL BLANC | TERRET BLANC | VILLARD BLANC | BALZAC BLANC,lacombe 2013; ssr lacombe,,,,
AÏDA = PIROVANO 233,2,tier3,MARIA PIROVANO,MARIA PIROVANO | ANGELO PIROVANO | PIROVANO 5 | PIROVANO 190 | PIROVANO 1 | PIROVANO 17 | PIROVANO 3 | PIROVANO 4 | PIROVANO 6 | PIROVANO 8,lacombe 2013; ssr lacombe,,,,
AÏT HAMAMA,2,tier3,AIT HAMAMA,AIT HAMAMA | ABDERAZAK BEN HAMAMA,lacombe 2013; ssr lacombe,,,,
BACCHUS BIDAULT,2,tier3,BACCHUS WEISS,BACCHUS WEISS | BACCHUS NOIR | BACCHUS BLACK | MUSCAT BIDAULT | COT ROUGE BIDAULT | BACCHUS WEISS (4N),lacombe 2013; ssr lacombe,,,,
BAKATOR TÜDÖSZINÜ FAUX,2,tier3,BAKATOR TUEDOESZINUE FAUX,BAKATOR TUEDOESZINUE FAUX | CEAUS ROZ FAUX | DIAGALVES FAUX | KARASAKIS FAUX | KIZIL SAPAK FAUX | GORA CHIRINE FAUX | PETIT VERDOT FAUX | ZRINYI ILONA FAUX | ALICANTE BLANC FAUX | CATARRATTO BIANCO FAUX,lacombe 2013; ssr lacombe,,,,
BALOUZME = MOUHAMADI,2,tier3,BALOUZME,BALOUZME,lacombe 2013; ssr lacombe,,,,
BARESANA = KORITHI ASPRO,2,tier3,KORITHI ASPRO,KORITHI ASPRO | AIDANI ASPRO | KORITHI ROSE | OPSIMO ASPRO | BARESANA NERA | BARESANA ROSA | KORITHI MAVRO | XERICHI ASPRO | AITONYCHI ASPRO | ASPRO KOMOTINIS,lacombe 2013; ssr lacombe,,,,
BEAUSOLEIL = VIDAL 83 T,2,tier3,VIDAL 19,VIDAL 19 | VIDAL 49 | VIDAL 98 T | VIDAL 99 T | VIDAL 36 | VIDAL 117 | VIDAL 662 | VIDAL 678 | BEAUSOLEIL | VIDAL BLANC,lacombe 2013; ssr lacombe,,,,
BELLE DE CEGLED,2,tier3,BELLE DENISE,BELLE DENISE | CEGLED SZEPE | BELLE PERLE | KARROO BELLE | CAROLINA BELLE | BEAUTE DE CEGLED | RIPARIA BELLE SOUCHE,lacombe 2013; ssr lacombe,,,,
BICZÖ EGON,2,tier3,BICZO EGON,BICZO EGON,lacombe 2013; ssr lacombe,,,,
BIDH HAMEN DE RAFRAF,2,tier3,BIDH EL H'MEM (RAF RAF),BIDH EL H'MEM (RAF RAF) | MESKI RAFRAF | BIDH EL H'MEM I (SFAX) | BIDH EL H'MEM II (SFAX),lacombe 2013; ssr lacombe,,,,
BIEN DONNÉ,2,tier3,BIEN DONNE,BIEN DONNE,lacombe 2013; ssr lacombe,,,,
BLACK ROSE = H 3‐47,2,tier3,BLACK ROSE,BLACK ROSE | BLACK MOROCCO | BLACK MONUKKA | AUTUMN BLACK | CHASSELAS ROSE | OLIVETTE ROSE | BLACK QUEEN | FERNAND ROSE | BLACK ALICANTE | BLACK PRINCE (MERBEIN),lacombe 2013; ssr lacombe,,,,
BLANC D'IRAN (CHARIF),2,tier3,BLANC D'IRAN,BLANC D'IRAN | CHARDONNAY BLANC | CHENIN BLANC | SAUVIGNON BLANC | SAVAGNIN BLANC | CHAOUCH BLANC | PINOT BLANC | SEYVAL BLANC | TERRET BLANC | VILLARD BLANC,lacombe 2013; ssr lacombe,,,,
BLANK BLAUER,2,tier3,FRUEHER BLAUER WAELSCHER X FARBTRAUBE NR. 4,FRUEHER BLAUER WAELSCHER X FARBTRAUBE NR. 4 | BLANK WEISS | BLAUER GROSSER | BLAUER TWANNER | JACOBIN BLAUER,vivc confirmed; laucou 2018,,,,
BOAL DE CALHARIZ,2,tier3,BOAL BRANCO,BOAL BRANCO | BOAL VENCEDOR | BOAL ESPINHO | BOAL BARREIRO | BOAL DE FIGUEIRA | BOAL DURAO | BOAL MOLLE | BOAL PRETO | BOAL DE OEIRAS | BOAL DE ESPANHA,lacombe 2013; ssr lacombe,,,,
BOUQUET RIESLING,2,tier3,RIESLING WEISS,RIESLING WEISS | EMERALD RIESLING | MISSOURI RIESLING | OKANAGAN RIESLING | RIESLING LION | RIESLING FORTE | RIESLING HEILIGENSTEIN | RIESLING ROT | RIESLING BLAU | RIESLING LINNER,lacombe 2013; ssr lacombe,,,,
BOUQUET SYLVANER,2,tier3,MADELEINE SYLVANER,MADELEINE SYLVANER | NEMADEX ALAIN BOUQUET,lacombe 2013; ssr lacombe,,,,
BOURDIER 2‐04‐58,2,tier3,BOURDIER 2-04-58,BOURDIER 2-04-58,lacombe 2013; ssr lacombe,,,,
BOUTEILLAN NOIR,2,tier3,PINOT NOIR,PINOT NOIR | GAMAY NOIR | MERLOT NOIR | GRAND NOIR | ROUMI NOIR | ARAMON NOIR | MANSENG NOIR | CAMARAOU NOIR | CARIGNAN NOIR | JURANCON NOIR,vivc confirmed; oliveira 2020,,,,
BRAGHINA = DINKA VÖRÖS,2,tier3,URMI DINKA,URMI DINKA | ZSITVAI DINKA | FADDY ZSIGA DINKA | BELA DINKA | DINKA ALBA | NOVA DINKA | DINKA ZOELD | PECSI DINKA | BRAGHINA ALBA | BRAGHINA ROSIE,lacombe 2013; ssr lacombe,,,,
BREIDER 5‐6,2,tier3,BREIDER 5-6,BREIDER 5-6 | BREIDER 2 | BREIDER 3-1 | BREIDER 19975,lacombe 2013; ssr lacombe,,,,
BURDIN  7419,2,tier3,BURDIN 7419,BURDIN 7419 | BURDIN 4650 | BURDIN 4655 | BURDIN 4672 | BURDIN 4716 | BURDIN 4727 | BURDIN 4795 | BURDIN 5201 | BURDIN 5400 | BURDIN 5406,vivc confirmed; node profile,,,,
CAINHO BRANCO,2,tier3,BOAL BRANCO,BOAL BRANCO | DONZELINHO BRANCO | CARREGA BRANCO | CASTELO BRANCO | CERCEAL BRANCO | BASTARDO BRANCO | CAINHO DA TERRA | CASTELAO BRANCO | ROUPEIRO BRANCO | VERDELHO BRANCO,lacombe 2013; ssr lacombe,,,,
CALABRESE MONTENUOVO,2,tier3,CALABRESE DI MONTENUOVO,CALABRESE DI MONTENUOVO | CALABRESE FAUX | CALABRESE | AGLIANICO CALABRESE,marker support; oliveira 2020,,,,
CARDINAL = G 10‐30,2,tier3,CARDINAL,CARDINAL | FRUMOASA DE GHIOROC X CARDINAL | CARDINAL (4N) | CARDINAL EARLY | ROBIN CARDINAL | DUNAVSKI MISKET X CARDINAL,lacombe 2013; ssr lacombe,,,,
CASTEL   196- 17,2,tier3,CASTEL 196- 1,CASTEL 196- 1 | CASTEL 196- 17 | CASTEL 196- 36 | CASTEL 19637 | BEL CASTEL | CASTEL 10221 | CASTEL 11013 | CASTEL 13012 | CASTEL 15204 | CASTEL 15428,vivc confirmed; node profile,,,,
CASTEL   215-  1,2,tier3,CASTEL 215- 1,CASTEL 215- 1 | CASTEL 19637 | BEL CASTEL | CASTEL 10221 | CASTEL 11013 | CASTEL 13012 | CASTEL 15204 | CASTEL 15428 | CASTEL 20023 | CASTEL 20035,vivc confirmed; node profile,,,,
CASTEL   216-  3,2,tier3,CASTEL 216- 3,CASTEL 216- 3 | CASTEL 19637 | BEL CASTEL | CASTEL 10221 | CASTEL 11013 | CASTEL 13012 | CASTEL 15204 | CASTEL 15428 | CASTEL 20023 | CASTEL 20035,vivc confirmed; node profile,,,,
CASTEL   227-  1,2,tier3,CASTEL 227- 1,CASTEL 227- 1 | CASTEL 227- 4 | CASTEL 19637 | BEL CASTEL | CASTEL 10221 | CASTEL 11013 | CASTEL 13012 | CASTEL 15204 | CASTEL 15428 | CASTEL 20023,vivc confirmed; node profile,,,,
CASTEL   228-  1,2,tier3,CASTEL 228- 1,CASTEL 228- 1 | CASTEL 19637 | BEL CASTEL | CASTEL 10221 | CASTEL 11013 | CASTEL 13012 | CASTEL 15204 | CASTEL 15428 | CASTEL 20023 | CASTEL 20035,vivc confirmed; node profile,,,,
CASTEL 156-12,2,tier3,CASTEL 19637,CASTEL 19637 | BEL CASTEL | CASTEL 10221 | CASTEL 11013 | CASTEL 13012 | CASTEL 15204 | CASTEL 15428 | CASTEL 20023 | CASTEL 20035 | CASTEL 20415,vivc confirmed; oliveira 2020,,,,
CHASSELAS IMPÉRIAL OBERLIN,2,tier3,CHASSELAS OBERLIN,CHASSELAS OBERLIN | CHASSELAS ROSE | CHASSELAS ROUGE | MADELEINE ANGEVINE OBERLIN | CHASSELAS CIOUTAT | CHASSELAS DES BOUCHES DU RHONE | OBERLIN 477 | OBERLIN 604 | OBERLIN 605 | OBERLIN 782,lacombe 2013; ssr lacombe,,,,
CHIRVAN CHAKHI FAUX,2,tier3,CEAUS ROZ FAUX,CEAUS ROZ FAUX | DIAGALVES FAUX | KARASAKIS FAUX | KIZIL SAPAK FAUX | GORA CHIRINE FAUX | PETIT VERDOT FAUX | ZRINYI ILONA FAUX | ALICANTE BLANC FAUX | CATARRATTO BIANCO FAUX | SAUVIGNON PICCOLO FAUX,vivc confirmed; lacombe 2013,,,,
CICLOPICA = PIROVANO 60,2,tier3,MARIA PIROVANO,MARIA PIROVANO | ANGELO PIROVANO | PIROVANO 5 | PIROVANO 190 | CICLOPICA | PIROVANO 1 | PIROVANO 17 | PIROVANO 3 | PIROVANO 4 | PIROVANO 6,lacombe 2013; ssr lacombe,,,,
COLOMBAUD = BOUTEILLAN BLANC,2,tier3,CHARDONNAY BLANC,CHARDONNAY BLANC | CHENIN BLANC | SAUVIGNON BLANC | SAVAGNIN BLANC | CHAOUCH BLANC | PINOT BLANC | SEYVAL BLANC | TERRET BLANC | VILLARD BLANC | BALZAC BLANC,lacombe 2013; ssr lacombe,,,,
COLONEL ISIOUM,2,tier3,COLONEL,COLONEL | ATT ISIOUM | KARA ISIOUM | COLONEL FALLET,lacombe 2013; ssr lacombe,,,,
CONCA D'ORO = PAULSEN 152,2,tier3,CONCA D'ORO,CONCA D'ORO | PAULSEN 1447 | MONTE D'ORO | MOSCATO PAULSEN | PAULSEN 73 | PAULSEN 123 | PAULSEN 124 | PAULSEN 132 | PAULSEN 157 | PAULSEN 188,lacombe 2013; ssr lacombe,,,,
CORINTHE NOIR,2,tier3,PINOT NOIR,PINOT NOIR | GAMAY NOIR | MERLOT NOIR | GRAND NOIR | ROUMI NOIR | ARAMON NOIR | MANSENG NOIR | CAMARAOU NOIR | CARIGNAN NOIR | JURANCON NOIR,vivc confirmed; ssr lacombe,,,,
CORTEZA NERA,2,tier3,BARBERA NERA,BARBERA NERA | PICCOLA NERA | MALVASIA NERA DI BRINDISI | ALMERIA NERA | MALVASIA NERA DI BOLZANO | MALVASIA NERA DI BASILICATA | NERA RADA | ASCERA NERA | CANINA NERA | COHEGI NERA,vivc confirmed; ssr lacombe,,,,
COSMO   4,2,tier3,COSMO 10,COSMO 10 | COSMO 2 | COSMO 4 | COSMO 7 | COSMO 9 | COSMO 101 | COSMO 91 | COSMO 93 | COSMO 94 | COSMO 95,vivc confirmed; node profile,,,,
COSMO   7,2,tier3,COSMO 10,COSMO 10 | COSMO 2 | COSMO 4 | COSMO 7 | COSMO 9 | COSMO 101 | COSMO 91 | COSMO 93 | COSMO 94 | COSMO 95,vivc confirmed; node profile,,,,
COT = MALBEC,2,tier3,CABERNET MALBEC 1,CABERNET MALBEC 1 | CABERNET MALBEC 2 | CABERNET MALBEC 4 | MALBEC PRECOCE,lacombe 2013; ssr lacombe,,,,
COUDERC    93-  5,2,tier3,COUDERC 3309,COUDERC 3309 | COUDERC 3 | COUDERC 1202 | COUDERC 1613 | COUDERC 1616 | COUDERC 3306 | COUDERC 161- 49 | COUDERC 2 | COUDERC 13 | COUDERC 17,vivc confirmed; node profile,,,,
COUDERC  1202,2,tier3,COUDERC 1202,COUDERC 1202 | COUDERC 3309 | COUDERC 3 | COUDERC 1613 | COUDERC 1616 | COUDERC 3306 | COUDERC 161- 49 | COUDERC 2 | COUDERC 13 | COUDERC 17,vivc confirmed; node profile,,,,
COUDERC  1613,2,tier3,COUDERC 1613,COUDERC 1613 | COUDERC 3309 | COUDERC 3 | COUDERC 1202 | COUDERC 1616 | COUDERC 3306 | COUDERC 161- 49 | COUDERC 2 | COUDERC 13 | COUDERC 17,vivc confirmed; node profile,,,,
COUDERC  3306,2,tier3,COUDERC 3306,COUDERC 3306 | COUDERC 3309 | COUDERC 3 | COUDERC 1202 | COUDERC 1613 | COUDERC 1616 | COUDERC 161- 49 | COUDERC 2 | COUDERC 13 | COUDERC 17,vivc confirmed; node profile,,,,
COUDERC  3309,2,tier3,COUDERC 3309,COUDERC 3309 | COUDERC 3 | COUDERC 1202 | COUDERC 1613 | COUDERC 1616 | COUDERC 3306 | COUDERC 161- 49 | COUDERC 2 | COUDERC 13 | COUDERC 17,vivc confirmed; node profile,,,,
COUSTON,2,tier3,PLANT DE COUSTON,PLANT DE COUSTON,lacombe 2013; ssr lacombe,,,,
CRIOLLA CHICA,2,tier3,CRIOLLA GRANDE SANJUANINA,CRIOLLA GRANDE SANJUANINA | CRIOLLA 5 | CRIOLLA BLANCA | BLANCA CHICA | CRIOLLA MEDIANA | CRIOLLA DE SIJAN | MALVASIA CRIOLLA | CRIOLLA DE TINOGASTA | CRIOLLA 1 | CRIOLLA 6,vivc confirmed; oliveira 2020,,,,
CVAÏ GOLD,2,tier3,GOLD,GOLD | GOLD COIN | GOLD DUST | QUEEN GOLD | GOLD FINGER | SOVEREIGN GOLD,lacombe 2013; ssr lacombe,,,,
DAMAS BLANC PRÉCOCE,2,tier3,DAMAS BLANC PRECOCE,DAMAS BLANC PRECOCE | CHARDONNAY BLANC | CHENIN BLANC | SAUVIGNON BLANC | SAVAGNIN BLANC | CHAOUCH BLANC | PINOT BLANC | SEYVAL BLANC | TERRET BLANC | VILLARD BLANC,lacombe 2013; ssr lacombe,,,,
DARKAIA NOIR,2,tier3,PINOT NOIR,PINOT NOIR | GAMAY NOIR | MERLOT NOIR | GRAND NOIR | ROUMI NOIR | ARAMON NOIR | MANSENG NOIR | CAMARAOU NOIR | CARIGNAN NOIR | JURANCON NOIR,lacombe 2013; ssr lacombe,,,,
DATTIER DE BEYROUTH,2,tier3,DATTIER DE ST. VALLIER,DATTIER DE ST. VALLIER | DATTIER NOIR | DATTIER PRECOCE DE SEIBEL,vivc confirmed; laucou 2018,,,,
DATTIER DE BEYROUTH = AFUZ ALI,2,tier3,DATTIER DE ST. VALLIER,DATTIER DE ST. VALLIER | DATTIER NOIR | DATTIER PRECOCE DE SEIBEL,vivc confirmed; lacombe 2013,,,,
DAVID = PIROVANO 109,2,tier3,MARIA PIROVANO,MARIA PIROVANO | ANGELO PIROVANO | PIROVANO 5 | PIROVANO 190 | DAVID | PIROVANO 1 | PIROVANO 17 | PIROVANO 3 | PIROVANO 4 | PIROVANO 6,lacombe 2013; ssr lacombe,,,,
DECKROT = FB 119‐39,2,tier3,DECKROT,DECKROT,lacombe 2013; ssr lacombe,,,,
DIAMANT BLANC DE CRIMÉE,2,tier3,DIAMANT BLANC DE CRIMEE,DIAMANT BLANC DE CRIMEE | CHARDONNAY BLANC | CHENIN BLANC | SAUVIGNON BLANC | SAVAGNIN BLANC | CHAOUCH BLANC | PINOT BLANC | SEYVAL BLANC | TERRET BLANC | VILLARD BLANC,lacombe 2013; ssr lacombe,,,,
DIMRIT (COLLECTION PLEVEN),2,tier3,DIMRIT KARA,DIMRIT KARA | MATHILDE (COLLECTION TREVES) | TINTINHA (COLLECTION ESPORAO) | CALABRESERTRAUBE (COLLECTION RODRIAN) | SALICETTE (COLLECTION PARC DE LA TETE D'OR) | DIMRIT UFAK | DIMRIT BEYAZ | DIMRIT CATAL | DIMRIT ROUGE | YERLI DIMRIT,lacombe 2013; ssr lacombe,,,,
DJANDJAL KARA,2,tier3,GUZAL KARA,GUZAL KARA | KARA UZYUM NUKHURSKII | BOR KARA | ASYL KARA | ALACA KARA | BASAR KARA | CATAL KARA | ALLONE KARA | DIMRIT KARA | DINGIL KARA,lac emanuelli 2020; laucou 2018,,,,
DJOURA OUSUM,2,tier3,BOTYR OUSUM,BOTYR OUSUM | AK ECHON OUSUM | KIZIL OUSUM FAUX | AG OUSUM SIAZANSKY,lacombe 2013; ssr lacombe,,,,
DORNFELDER = WE S 341,2,tier3,DORNFELDER,DORNFELDER,lacombe 2013; ssr lacombe,,,,
EHRENFELSER = GM 9‐93,2,tier3,EHRENFELSER,EHRENFELSER,lacombe 2013; ssr lacombe,,,,
ELBLING BLAUER (DEKKER),2,tier3,ELBLING BLAU,ELBLING BLAU | VELTLINER ROT X ELBLING | FRUEHER BLAUER WAELSCHER X FARBTRAUBE NR. 4 | ELBLING ROT | ELBLING WEISS | BLAUER GROSSER | BLAUER TWANNER | JACOBIN BLAUER | ELBLING SCHWARZ | ELBLING WEISS (4N),lacombe 2013; ssr lacombe,,,,
EMILIA = DALMASSO VI‐3,2,tier3,DALMASSO 10-10,DALMASSO 10-10 | DALMASSO 11- 2 | DALMASSO 11- 5 | DALMASSO 11- 8 | EMILIA | DALMASSO 10- 4 | DALMASSO 11- 6 | DALMASSO 11-20 | DALMASSO 15-28 | DALMASSO 15-33,lacombe 2013; ssr lacombe,,,,
EMPERATRIZ = CG 28‐467,2,tier3,EMPERATRIZ,EMPERATRIZ,lacombe 2013; ssr lacombe,,,,
ESPADEIRO BRANCO = BRANCO ESCOLA,2,tier3,BRANCO ESCOLA,BRANCO ESCOLA | BOAL BRANCO | DONZELINHO BRANCO | CARREGA BRANCO | CASTELO BRANCO | CERCEAL BRANCO | BASTARDO BRANCO | CASTELAO BRANCO | ROUPEIRO BRANCO | VERDELHO BRANCO,vivc confirmed; lacombe 2013,,,,
EUGENIA (ALLEMAGNE),2,tier3,EUGENIA,EUGENIA,lacombe 2013; ssr lacombe,,,,
EVEX 13-  5,2,tier3,EVEX 13- 16,EVEX 13- 16 | EVEX 13- 44 | EVEX 10- G | EVEX 10- H | EVEX 10- V | EVEX 11- 3 | EVEX 11- C | EVEX 11- F | EVEX 11- I | EVEX 11- J,vivc confirmed; node profile,,,,
F. LANTINI = PIROVANO 263,2,tier3,MARIA PIROVANO,MARIA PIROVANO | ANGELO PIROVANO | PIROVANO 5 | PIROVANO 190 | LANTINI | PIROVANO 1 | PIROVANO 17 | PIROVANO 3 | PIROVANO 4 | PIROVANO 6,lacombe 2013; ssr lacombe,,,,
FERLONGO = H 34‐49‐69,2,tier3,FERLONGO,FERLONGO,lacombe 2013; ssr lacombe,,,,
FERRAL (SPAIN) = UVALLON,2,tier3,FERRAL TAMARA,FERRAL TAMARA | FERRAL | FERRAL CEITA | FERRAL MINUDO | FERRAL ROSADO | FERRAL CARPINTEIRO | FERRAL DE MESAO FRIO | ALFONSO LAVALLEE X FERRAL,lac emanuelli 2020; laucou 2018,,,,
FONTANARA = WÜ B 51‐4‐10,2,tier3,FONTANARA,FONTANARA,lacombe 2013; ssr lacombe,,,,
FORMOSA = PIROVANO 245,2,tier3,MARIA PIROVANO,MARIA PIROVANO | ANGELO PIROVANO | PIROVANO 5 | PIROVANO 190 | FORMOSA | PIROVANO 1 | PIROVANO 17 | PIROVANO 3 | PIROVANO 4 | PIROVANO 6,lacombe 2013; ssr lacombe,,,,
FRANKENTHAL = SCHIAVA GROSSA,2,tier3,SCHIAVA GROSSA,SCHIAVA GROSSA | SCHIAVA GROSSA (4N) | SCHIAVA GENTILE | AGLIANICO GRANA GROSSA | GROSSA | CODA GROSSA | KODA GROSSA | NERA GROSSA | BERLA GROSSA | SCHIAVA BIANCA,vivc confirmed; lacombe 2013,,,,
FRESNO 1613-59,2,tier3,FRESNO RS 3,FRESNO RS 3 | FRESNO RS 9 | FRESNO 27- 31 | FRESNO 58- 93 | FRESNO 62- 45 | FRESNO 64- 18 | FRESNO 18- 149 | FRESNO 32- 145 | FRESNO 43- 13N | FRESNO A 13- 2,vivc confirmed; oliveira 2020,,,,
FROELICH X 4‐2,2,tier3,FROELICH V,FROELICH V | FROELICH X 4 2 | FROELICH PANACHE | FRUEHTRAUBE FROELICH,lacombe 2013; ssr lacombe,,,,
FRUTTUOSA = PIROVANO 27,2,tier3,MARIA PIROVANO,MARIA PIROVANO | ANGELO PIROVANO | PIROVANO 5 | PIROVANO 190 | FRUTTUOSA | PIROVANO 1 | PIROVANO 17 | PIROVANO 3 | PIROVANO 4 | PIROVANO 6,lacombe 2013; ssr lacombe,,,,
FRÜHMUSKAT OBERLIN,2,tier3,MADELEINE ANGEVINE OBERLIN,MADELEINE ANGEVINE OBERLIN | OBERLIN 477 | OBERLIN 604 | OBERLIN 605 | OBERLIN 782 | OBERLIN NOIR | MUSKAT OBERLIN | CHASSELAS OBERLIN | FRUEHMUSKAT OBERLIN | OBERLIN 535,lacombe 2013; ssr lacombe,,,,
FULGENS = PIROVANO 347,2,tier3,MARIA PIROVANO,MARIA PIROVANO | ANGELO PIROVANO | PIROVANO 5 | PIROVANO 190 | FULGENS | PIROVANO 1 | PIROVANO 17 | PIROVANO 3 | PIROVANO 4 | PIROVANO 6,lacombe 2013; ssr lacombe,,,,
G. MOLON = PIROVANO 102,2,tier3,MARIA PIROVANO,MARIA PIROVANO | ANGELO PIROVANO | PIROVANO 5 | PIROVANO 190 | PIROVANO 1 | PIROVANO 17 | GIROLAMO MOLON | PIROVANO 3 | PIROVANO 4 | PIROVANO 6,lacombe 2013; ssr lacombe,,,,
GARGANEGA = GRECANICO,2,tier3,GARGANEGA,GARGANEGA | GARGANEGA MASCIO | GARGANEGA VICENTINA,lacombe 2013; ssr lacombe,,,,
GARRO = MANDO,2,tier3,GARRO,GARRO,lacombe 2013; ssr lacombe,,,,
GENOTYPE 16,2,tier3,RECONSTRUCTED GENOTYPE 51 (GEORGIA),RECONSTRUCTED GENOTYPE 51 (GEORGIA),vivc confirmed; ssr migliaro,,,,
GOLDEN AMBRO,2,tier3,GOLDEN MUSCAT,GOLDEN MUSCAT | GOLDEN QUEEN | GOLDEN CHAMPION | GOLDEN DROP | GOLDEN GIANT | GOLDEN HAMBURGH | GOLDEN GEM | GOLDEN BELL | GOLDEN CITY | GOLDEN GATE,lacombe 2013; ssr lacombe,,,,
GOLDEN HAMBOURG,2,tier3,GOLDEN MUSCAT,GOLDEN MUSCAT | GOLDEN QUEEN | GOLDEN CHAMPION | GOLDEN DROP | GOLDEN GIANT | GOLDEN HAMBURGH | GOLDEN GEM | GOLDEN BELL | GOLDEN CITY | GOLDEN GATE,lacombe 2013; ssr lacombe,,,,
GROS BOURGOGNE,2,tier3,BOURGOGNE GROS,BOURGOGNE GROS | GROS CABERNET | MAROC GROS | GROS BEC | GROS MANSOIS | GROS COURBU DE SEMIS | GROS DORE | PEJAC GROS | GROS COLMAN BLANC | MANSENG GROS BLANC,lac emanuelli 2020; laucou 2018,,,,
GROS MANSENG DE LUCQ,2,tier3,MANSENG GROS DE LUCQ,MANSENG GROS DE LUCQ | MANSENG GROS BLANC | MANSENG GROS MEUNIER | GROS CABERNET | MAROC GROS | MANSENG NOIR | GROS BEC | GROS MANSOIS | GROS COURBU DE SEMIS | MANSENG PETIT BLANC,lacombe 2013; ssr lacombe,,,,
GROS PÉJAC,2,tier3,GROS CABERNET,GROS CABERNET | MAROC GROS | GROS BEC | GROS MANSOIS | GROS COURBU DE SEMIS | GROS DORE | PEJAC GROS | GROS COLMAN BLANC | MANSENG GROS BLANC | MANSENG GROS DE LUCQ,lacombe 2013; ssr lacombe,,,,
GROSSE JACQUÈRE,2,tier3,JACQUERE GROSSE,JACQUERE GROSSE | ROUSSETTE GROSSE | MERILLE GROSSE | GROSSE VIVARAIS,lacombe 2013; ssr lacombe,,,,
GROSSE ROUSSETTE,2,tier3,ROUSSETTE GROSSE,ROUSSETTE GROSSE | ROUSSETTE | JACQUERE GROSSE | MERILLE GROSSE | GROSSE VIVARAIS | ROUSSETTE D'AYZE | ROUSSETTE BASSE DE SEYSSEL,lacombe 2013; ssr lacombe,,,,
HEGEDÜS SANDOR,2,tier3,KOCSIS SANDOR,KOCSIS SANDOR | HEGEDUES SANDOR | GARZO SANDOR | SANDOR ISTVAN | PETOEFI SANDOR | WEKERLE SANDOR,lacombe 2013; ssr lacombe,,,,
IGNEA = PIROVANO 185,2,tier3,MARIA PIROVANO,MARIA PIROVANO | ANGELO PIROVANO | PIROVANO 5 | PIROVANO 190 | IGNEA | PIROVANO 1 | PIROVANO 17 | PIROVANO 3 | PIROVANO 4 | PIROVANO 6,lacombe 2013; ssr lacombe,,,,
IMPERO = PIROVANO 264,2,tier3,MARIA PIROVANO,MARIA PIROVANO | ANGELO PIROVANO | PIROVANO 5 | PIROVANO 190 | IMPERO | PIROVANO 1 | PIROVANO 17 | PIROVANO 3 | PIROVANO 4 | PIROVANO 6,lacombe 2013; ssr lacombe,,,,
INSTITUTIS GRDZELMTEVANA,2,tier3,GRDZELMTEVANA INSTITUTIS,GRDZELMTEVANA INSTITUTIS | GRDZELMTEVANA | SIRGULA GRDZELMTEVANA | SAPERAVI GRDZELMTEVANA,vivc confirmed; laucou 2018,,,,
JAEN NEGRO,2,tier3,NEGRO AMARO,NEGRO AMARO | MANTO NEGRO | BREVAL NEGRO | ROJAL NEGRO | LISTAN NEGRO | JAEN TINTO | GEAN NEGRO | GRAN NEGRO | JAEN NEGRA | JAEN GARCIA,lacombe 2013; ssr lacombe,,,,
JEAN BERNATH,2,tier3,BERNATH JANOS,BERNATH JANOS | JEAN MACE | PINOT DE SAINT JEAN | ST. JEAN DE TARDIFF,lacombe 2013; ssr lacombe,,,,
JOÃO DOMINGOS,2,tier3,JOAO DOMINGOS,JOAO DOMINGOS,lacombe 2013; ssr lacombe,,,,
JURANÇON BLANC,2,tier3,CHARDONNAY BLANC,CHARDONNAY BLANC | CHENIN BLANC | SAUVIGNON BLANC | SAVAGNIN BLANC | CHAOUCH BLANC | PINOT BLANC | SEYVAL BLANC | TERRET BLANC | VILLARD BLANC | BALZAC BLANC,lacombe 2013; ssr lacombe,,,,
JURANÇON NOIR,2,tier3,PINOT NOIR,PINOT NOIR | GAMAY NOIR | MERLOT NOIR | GRAND NOIR | ROUMI NOIR | ARAMON NOIR | MANSENG NOIR | CAMARAOU NOIR | CARIGNAN NOIR | JURANCON NOIR,lacombe 2013; ssr lacombe,,,,
KANZLER = ALZEY 3983,2,tier3,KANZLER,KANZLER | ALZEY 23384 | ALZEY 2765 | ALZEY 4400 | ALZEY 5079 | ALZEY 5845 | ALZEY 7672 | ALZEY 10506 | ALZEY 10514 | ALZEY 10859,lacombe 2013; ssr lacombe,,,,
KAUKA BLAU,2,tier3,GAENSFUESSER BLAU,GAENSFUESSER BLAU | AUGSTER BLAU | ZWEIGELTREBE BLAU | ELBLING BLAU | WILDBACHER BLAU | PORTUGIESER BLAU | ZIMMETTRAUBE BLAU | KAUKA | KOELNER BLAU | HEUNISCH BLAU,vivc confirmed; lacombe 2013,,,,
KERNER = WE S 25‐30,2,tier3,KERNER,KERNER | KERNER (4N),lacombe 2013; ssr lacombe,,,,
KICHMICH CHICHRAOU,2,tier3,KARA KICHMICH OVROUT,KARA KICHMICH OVROUT,lacombe 2013; ssr lacombe,,,,
KICHMICH ROND,2,tier3,TERRAMON ROND,TERRAMON ROND | KARA KICHMICH OVROUT,vivc confirmed; ssr lacombe,,,,
KNIPPERLÉ PRÉCOCE FAUX,2,tier3,CEAUS ROZ FAUX,CEAUS ROZ FAUX | DIAGALVES FAUX | KARASAKIS FAUX | KIZIL SAPAK FAUX | GORA CHIRINE FAUX | PETIT VERDOT FAUX | ZRINYI ILONA FAUX | ALICANTE BLANC FAUX | CATARRATTO BIANCO FAUX | SAUVIGNON PICCOLO FAUX,lacombe 2013; ssr lacombe,,,,
KNIPPERLÉ TARDIF FAUX,2,tier3,KNIPPERLE TARDIF FAUX,KNIPPERLE TARDIF FAUX | CEAUS ROZ FAUX | DIAGALVES FAUX | KARASAKIS FAUX | KIZIL SAPAK FAUX | GORA CHIRINE FAUX | PETIT VERDOT FAUX | ZRINYI ILONA FAUX | ALICANTE BLANC FAUX | CATARRATTO BIANCO FAUX,lacombe 2013; ssr lacombe,,,,
KOBER 5BB,2,tier3,KOBER 5 BB,KOBER 5 BB | KOBER 125 AA | KOBER 127 | KOBER 125 A | KOBER 127 BB | KOBER 19 A CC,ssr migliaro; ssr oliveira,,,,
KOURTSEITE AGANIN ISIOUM,2,tier3,ATT ISIOUM,ATT ISIOUM | KARA ISIOUM,lacombe 2013; ssr lacombe,,,,
KOZMA 01-1-296,2,tier3,KOZMA PALNE MUSKOTALY,KOZMA PALNE MUSKOTALY | KOZMA | KOZMA 20- 3 | KOZMA CS. 2 | KOZMA 8- 3/ 6 | KOZMA 8- 3/ 9 | KOZMA 8- 3/15 | KOZMA CS.VI-9 | KOZMA CSFT 61 | KOZMA CSFT 92,constantini 2026; node profile,,,,
KOZMA 01-1-482,2,tier3,KOZMA PALNE MUSKOTALY,KOZMA PALNE MUSKOTALY | KOZMA | KOZMA 20- 3 | KOZMA CS. 2 | KOZMA 8- 3/ 6 | KOZMA 8- 3/ 9 | KOZMA 8- 3/15 | KOZMA CS.VI-9 | KOZMA CSFT 61 | KOZMA CSFT 92,constantini 2026; node profile,,,,
KOZMA 01-1-9,2,tier3,KOZMA PALNE MUSKOTALY,KOZMA PALNE MUSKOTALY | KOZMA | KOZMA 20- 3 | KOZMA CS. 2 | KOZMA 8- 3/ 6 | KOZMA 8- 3/ 9 | KOZMA 8- 3/15 | KOZMA CS.VI-9 | KOZMA CSFT 61 | KOZMA CSFT 92,constantini 2026; node profile,,,,
KOZMA 01-1-93,2,tier3,KOZMA PALNE MUSKOTALY,KOZMA PALNE MUSKOTALY | KOZMA | KOZMA 20- 3 | KOZMA CS. 2 | KOZMA 8- 3/ 6 | KOZMA 8- 3/ 9 | KOZMA 8- 3/15 | KOZMA CS.VI-9 | KOZMA CSFT 61 | KOZMA CSFT 92,constantini 2026; node profile,,,,
KÉK KADARKA,2,tier3,KADARKA KEK,KADARKA KEK | OLASZ KADARKA | KADARKA OREG | KADARKA SRB | KADARKA FEHER | KADARKA PIROS | MESZI KADARKA | KADARKA SZUERKE | KADARKA TOEROEK,lacombe 2013; ssr lacombe,,,,
KÖNIGSTRAUBE FAUX,2,tier3,CEAUS ROZ FAUX,CEAUS ROZ FAUX | DIAGALVES FAUX | KARASAKIS FAUX | KIZIL SAPAK FAUX | GORA CHIRINE FAUX | PETIT VERDOT FAUX | ZRINYI ILONA FAUX | ALICANTE BLANC FAUX | CATARRATTO BIANCO FAUX | SAUVIGNON PICCOLO FAUX,lacombe 2013; ssr lacombe,,,,
KÖVER SZÖLÖ FAUX,2,tier3,CEAUS ROZ FAUX,CEAUS ROZ FAUX | DIAGALVES FAUX | KARASAKIS FAUX | KIZIL SAPAK FAUX | GORA CHIRINE FAUX | PETIT VERDOT FAUX | ZRINYI ILONA FAUX | ALICANTE BLANC FAUX | CATARRATTO BIANCO FAUX | SAUVIGNON PICCOLO FAUX,lacombe 2013; ssr lacombe,,,,
LATINA = PIROVANO 711,2,tier3,MARIA PIROVANO,MARIA PIROVANO | ANGELO PIROVANO | PIROVANO 5 | PIROVANO 190 | LATINA | PIROVANO 1 | PIROVANO 17 | PIROVANO 3 | PIROVANO 4 | PIROVANO 6,lacombe 2013; ssr lacombe,,,,
LITTORIO = PIROVANO 90,2,tier3,MARIA PIROVANO,MARIA PIROVANO | ANGELO PIROVANO | PIROVANO 5 | PIROVANO 190 | LITTORIO | PIROVANO 1 | PIROVANO 17 | PIROVANO 3 | PIROVANO 4 | PIROVANO 6,lacombe 2013; ssr lacombe,,,,
LOMBARDIA = PIROVANO 353,2,tier3,LOMBARDIA,LOMBARDIA | MARIA PIROVANO | ANGELO PIROVANO | PIROVANO 5 | PIROVANO 190 | PIROVANO 1 | PIROVANO 17 | PIROVANO 3 | PIROVANO 4 | PIROVANO 6,lacombe 2013; ssr lacombe,,,,
MADELEINE CÉLINE,2,tier3,MADELEINE ROYALE,MADELEINE ROYALE | MADELEINE ANGEVINE | MADELEINE DE CLERMONT | MADELEINE ANGEVINE OBERLIN | MADELEINE CELINE | MADELEINE SAEMLING 18 | MADELEINE | MADELEINE NOIRE | MADELEINE JULIETTE | MADELEINE SYLVANER,lacombe 2013; ssr lacombe,,,,
MADELEINE SÄMLING 18,2,tier3,MADELEINE ROYALE,MADELEINE ROYALE | MADELEINE ANGEVINE | MADELEINE DE CLERMONT | MADELEINE ANGEVINE OBERLIN | MADELEINE CELINE | MADELEINE SAEMLING 18 | MADELEINE | MADELEINE NOIRE | MADELEINE JULIETTE | MADELEINE SYLVANER,lacombe 2013; ssr lacombe,,,,
MAI 10 = PLOVDIV II‐6‐30,2,tier3,PLOVDIV 1,PLOVDIV 1 | PLOVDIV 9-2 | PLOVDIV 9-3 | PLOVDIV 10-2 | PLOVDIV 12-1 | PLOVDIV 12-2 | PLOVDIV 13-3 | PLOVDIV 14-1 | PLOVDIV 21-1 | PLOVDIV 22-2,lacombe 2013; ssr lacombe,,,,
MAI 3 = PLOVDIV II‐6‐16,2,tier3,PLOVDIV 1,PLOVDIV 1 | PLOVDIV 9-2 | PLOVDIV 9-3 | PLOVDIV 10-2 | PLOVDIV 12-1 | PLOVDIV 12-2 | PLOVDIV 13-3 | PLOVDIV 14-1 | PLOVDIV 21-1 | PLOVDIV 22-2,lacombe 2013; ssr lacombe,,,,
MALAGA II (DUMAS),2,tier3,MALAGA II,MALAGA II | MALAGA | MALAGA ROSIE | MALAGA BLANCA | GUTEDEL MALAGA | ROSA DI MALAGA | MALAGA BALOG PAL | MONTUO DE MALAGA | MALAGA SEEDLING 1 | PLOVDIVSKA MALAGA,lacombe 2013; ssr lacombe,,,,
MALVASIA DE COLARES,2,tier3,MALVASIA BIANCA,MALVASIA BIANCA | MALVASIA PRETA | MALVASIA BIANCA LUNGA | MALVASIA NERA DI BRINDISI | MALVASIA DI CANDIA AROMATICA | MALVASIA FINA | MALVASIA ROSARIO | MALVASIA ISTRIANA | MALVASIA DEL LAZIO | MALVASIA ROSAVENDA,lacombe 2013; ssr lacombe,,,,
MANZONI 2‐15,2,tier3,MANZONI BIANCO,MANZONI BIANCO | MANZONI ROSA | MANZONI MOSCATO | MANZONI 2- 3 | MANZONI 2- 14 | MANZONI 2- 15,lacombe 2013; ssr lacombe,,,,
MANZONI 3‐26,2,tier3,MANZONI BIANCO,MANZONI BIANCO | MANZONI ROSA | MANZONI MOSCATO | MANZONI 2- 3 | MANZONI 2- 14 | MANZONI 2- 15,lacombe 2013; ssr lacombe,,,,
MARÉCHAL BOSQUET,2,tier3,MARECHAL BOSQUET,MARECHAL BOSQUET,lacombe 2013; ssr lacombe,,,,
MESLIER SAINT‐FRANÇOIS,2,tier3,MESLIER SAINT FRANCOIS,MESLIER SAINT FRANCOIS | MESLIER NOIR | MESLIER PETIT | MESLIER ROSE | MESLIER HATIF | MESLIER VIOLET | MESLIER NOUVEAU,lacombe 2013; ssr lacombe,,,,
MICHELE PALIERI = PALIERI 5,2,tier3,MICHELE PALIERI,MICHELE PALIERI | SAN MICHELE | SAN MICHELE A | SAN MICHELE B | SAN MICHELE C | SAN MICHELE D | SAN MICHELE E | SAN MICHELE (NON IDENTIFIED),lacombe 2013; ssr lacombe,,,,
MIGUEL DE ARCO (SPAIN),2,tier3,MIGUEL DE ARCO,MIGUEL DE ARCO | JOSE MIGUEL,lac emanuelli 2020; laucou 2018,,,,
MILLARDET ET GRASSET  143 B,2,tier3,MILLARDET ET GRASSET 106- 8,MILLARDET ET GRASSET 106- 8 | MILLARDET ET GRASSET 101- 14 | MILLARDET ET GRASSET 1 | MILLARDET ET GRASSET 2 | MILLARDET ET GRASSET 8 | MILLARDET ET GRASSET 9 | MILLARDET ET GRASSET 11 | MILLARDET ET GRASSET 12 | MILLARDET ET GRASSET 13 | MILLARDET ET GRASSET 14,vivc confirmed; node profile,,,,
MILLARDET ET GRASSET  202-  4,2,tier3,MILLARDET ET GRASSET 202- 4,MILLARDET ET GRASSET 202- 4 | MILLARDET ET GRASSET 202- 5 | MILLARDET ET GRASSET 202- 6 | MILLARDET ET GRASSET 106- 8 | MILLARDET ET GRASSET 101- 14 | MILLARDET ET GRASSET 1 | MILLARDET ET GRASSET 2 | MILLARDET ET GRASSET 8 | MILLARDET ET GRASSET 9 | MILLARDET ET GRASSET 11,vivc confirmed; node profile,,,,
MISKET TRAKIJSHI,2,tier3,MISKET RUSENSKI,MISKET RUSENSKI | MISKET DUNAVSKI | MISKET CHERVEN | MISKET TRAKIJSKI | MISKET VARNENSKI | MISKET | MISKET RAN | KABA MISKET | MISKET UFAK | MISKET PEMBE,lacombe 2013; ssr lacombe,,,,
MISSION = PAIS,2,tier3,MISSION MALE,MISSION MALE | NEGRA DEL PAIS | RUPESTRIS MISSION,lacombe 2013; ssr lacombe,,,,
MONASTRELL = MOURVÈDRE,2,tier3,MONASTRELL,MONASTRELL,vivc confirmed; laucou 2018,,,,
MORRASTEL = GRACIANO,2,tier3,GRACIANO,GRACIANO | MORRASTEL BOUSCHET | MORRASTEL FAUX | GRACIANO DORATO | BOUSCHET PETIT X MORRASTEL 3 | BOUSCHET PETIT X MORRASTEL 5 | BOUSCHET PETIT X MORRASTEL 7 | MORRASTEL BOUSCHET A PETITS GRAINS | BOUSCHET PETIT X MORRASTEL FLEURI 1 | MORRASTEL BOUSCHET A FEUILLES LISSES,vivc confirmed; lacombe 2013,,,,
MOSCATEL DE ANGÜÉS,2,tier3,MOSCATEL ROSADO,MOSCATEL ROSADO | MOSCATEL NAZARENO | MOSCATEL NATIVIDADE | MOSCATEL DE ANGUES | MOSCATEL DE CAMARATE | MOSCATEL AZUL | MOSCATEL ROSA | MOSCATEL NUNES | MOSCATEL TINTO | MOSCATEL APICIA,lac emanuelli 2020; laucou 2018,,,,
MOSCATEL DE SAN ILDEFONSO,2,tier3,MOSCATEL DE SANTO ILDEFONSO,MOSCATEL DE SANTO ILDEFONSO | MOSCATEL ROSADO | MOSCATEL NAZARENO | MOSCATEL NATIVIDADE | MOSCATEL DE ANGUES | MOSCATEL DE CAMARATE | MOSCATEL AZUL | MOSCATEL ROSA | MOSCATEL NUNES | MOSCATEL TINTO,lacombe 2013; ssr lacombe,,,,
MOSCATEL DR SOARES FRANCO,2,tier3,MOSCATEL SOARES FRANCO,MOSCATEL SOARES FRANCO | MOSCATEL ROSADO | MOSCATEL NAZARENO | MOSCATEL NATIVIDADE | MOSCATEL DE ANGUES | MOSCATEL DE CAMARATE | MOSCATEL AZUL | MOSCATEL ROSA | MOSCATEL NUNES | MOSCATEL TINTO,lacombe 2013; ssr lacombe,,,,
MOSCATO D'AMBURGO,2,tier3,MOSCATO D'ADDA,MOSCATO D'ADDA | MOSCATO GIALLO | MOSCATO DI TERRACINA | MOSCATO JESUS | MANZONI MOSCATO | MOSCATO NERO DI ACQUI | MOSCATO EMBRAPA | MOSCATO PAULSEN | MOSCATO TIAMMOR | MOSCATO CERLETTI,vivc confirmed; lac emanuelli 2020,,,,
MOSCATO VIOLETTO,2,tier3,MOSCATO D'ADDA,MOSCATO D'ADDA | MOSCATO GIALLO | MOSCATO DI TERRACINA | MOSCATO JESUS | MANZONI MOSCATO | MOSCATO NERO DI ACQUI | MOSCATO EMBRAPA | MOSCATO PAULSEN | MOSCATO TIAMMOR | MOSCATO CERLETTI,vivc confirmed; lacombe 2013,,,,
MOSTOSA = EMPIBOTTE BIANCO,2,tier3,BOMBINO BIANCO,BOMBINO BIANCO | MANZONI BIANCO | CATARRATTO BIANCO | CATARRATTO BIANCO FAUX | MOSTOSA | GRECO BIANCO 2 | MANTONICO BIANCO | MONTONICO BIANCO | VERDICCHIO BIANCO | ALBARANZEULI BIANCO,vivc confirmed; lacombe 2013,,,,
MOURVÈDRE = MONASTRELL,2,tier3,MONASTRELL,MONASTRELL,lacombe 2013; ssr lacombe,,,,
MUSCAT BIFÈRE,2,tier3,MUSCAT OTTONEL,MUSCAT OTTONEL | MUSCAT HAMBURG | EARLY MUSCAT | GOLDEN MUSCAT | MUSCAT OF ALEXANDRIA | MUSCAT A PETITS GRAINS BLANCS | NEW YORK MUSCAT | MUSCAT FLEUR D'ORANGER | MUSCAT MIKVEH | MUSCAT LIERVAL,lacombe 2013; ssr lacombe,,,,
MUSCAT BLANC A PETITS GRAINS,2,tier3,MUSCAT A PETITS GRAINS BLANCS,MUSCAT A PETITS GRAINS BLANCS | MUSCAT A PETITS GRAINS NOIRS | MUSCAT A PETITS GRAINS ROSES | MUSCAT A PETITS GRAINS ROUGES | MUSCAT A PETITS GRAINS BLANCS SEEDLESS | MUSCAT DE ST. VALLIER BLANC | MUSCAT BLANC DE MEYNIEU | MUSCAT BLANC DE LASERELLE | MORRASTEL BOUSCHET A PETITS GRAINS,marker support; vivc confirmed,,,,
MUSCAT CENDRÉ,2,tier3,MUSCAT OTTONEL,MUSCAT OTTONEL | MUSCAT HAMBURG | EARLY MUSCAT | GOLDEN MUSCAT | MUSCAT OF ALEXANDRIA | MUSCAT A PETITS GRAINS BLANCS | NEW YORK MUSCAT | MUSCAT FLEUR D'ORANGER | MUSCAT MIKVEH | MUSCAT LIERVAL,lacombe 2013; ssr lacombe,,,,
MUSCAT D'ISTAMBOUL,2,tier3,MUSCAT OTTONEL,MUSCAT OTTONEL | MUSCAT HAMBURG | EARLY MUSCAT | GOLDEN MUSCAT | MUSCAT OF ALEXANDRIA | MUSCAT A PETITS GRAINS BLANCS | NEW YORK MUSCAT | MUSCAT FLEUR D'ORANGER | MUSCAT MIKVEH | MUSCAT LIERVAL,lacombe 2013; laucou 2018,,,,
MUSCAT D'OUZBEKISTAN,2,tier3,MUSCAT OTTONEL,MUSCAT OTTONEL | MUSCAT HAMBURG | EARLY MUSCAT | GOLDEN MUSCAT | MUSCAT OF ALEXANDRIA | MUSCAT A PETITS GRAINS BLANCS | NEW YORK MUSCAT | MUSCAT FLEUR D'ORANGER | MUSCAT MIKVEH | MUSCAT LIERVAL,lacombe 2013; ssr lacombe,,,,
MUSCAT OBERLIN,2,tier3,MUSCAT OTTONEL,MUSCAT OTTONEL | MUSCAT HAMBURG | EARLY MUSCAT | GOLDEN MUSCAT | MUSCAT OF ALEXANDRIA | MUSCAT A PETITS GRAINS BLANCS | NEW YORK MUSCAT | MUSCAT FLEUR D'ORANGER | MADELEINE ANGEVINE OBERLIN | MUSCAT MIKVEH,lacombe 2013; ssr lacombe,,,,
MUSCAT PINCE'S BLACK,2,tier3,PINCE'S BLACK,PINCE'S BLACK | BLACK MUSCAT | BLACK MOROCCO | BLACK MONUKKA | MUSCAT OTTONEL | MUSCAT HAMBURG | AUTUMN BLACK | EARLY MUSCAT | GOLDEN MUSCAT | MUSCAT OF ALEXANDRIA,lacombe 2013; ssr lacombe,,,,
MUSCAT SAINT‐LAURENT,2,tier3,MUSCAT OTTONEL,MUSCAT OTTONEL | MUSCAT HAMBURG | EARLY MUSCAT | GOLDEN MUSCAT | MUSCAT OF ALEXANDRIA | MUSCAT A PETITS GRAINS BLANCS | NEW YORK MUSCAT | MUSCAT FLEUR D'ORANGER | MUSCAT MIKVEH | MUSCAT LIERVAL,lacombe 2013; ssr lacombe,,,,
MUSCAT SUSANNA,2,tier3,MUSCAT OTTONEL,MUSCAT OTTONEL | MUSCAT HAMBURG | EARLY MUSCAT | GOLDEN MUSCAT | MUSCAT OF ALEXANDRIA | MUSCAT A PETITS GRAINS BLANCS | NEW YORK MUSCAT | MUSCAT FLEUR D'ORANGER | MUSCAT MIKVEH | MUSCAT LIERVAL,lacombe 2013; ssr lacombe,,,,
MUSCAT À PETITS GRAINS,2,tier3,MUSCAT A PETITS GRAINS BLANCS,MUSCAT A PETITS GRAINS BLANCS | MUSCAT A PETITS GRAINS NOIRS | MUSCAT A PETITS GRAINS ROSES | MUSCAT A PETITS GRAINS ROUGES | MUSCAT A PETITS GRAINS BLANCS SEEDLESS | MORRASTEL BOUSCHET A PETITS GRAINS | MUSCAT OTTONEL | MUSCAT HAMBURG | EARLY MUSCAT | GOLDEN MUSCAT,lacombe 2013; ssr lacombe,,,,
MUSKAT BLUME,2,tier3,MUSKAT VIRA,MUSKAT VIRA | MORIO MUSKAT | MUSKAT DONSKOI | MUSKAT OBERLIN | MUSKAT SUSANNA | MUSKAT DESERTNYI | MUSKAT YEREVANYAN | MUSKAT ZHEMCHUZHNYI | MUSKAT USBEKISTANSKII | ALDA MUSKAT,lacombe 2013; ssr lacombe,,,,
MUSKAT BOUQUET,2,tier3,MUSKAT VIRA,MUSKAT VIRA | MORIO MUSKAT | MUSKAT DONSKOI | MUSKAT OBERLIN | MUSKAT SUSANNA | MUSKAT DESERTNYI | MUSKAT YEREVANYAN | MUSKAT ZHEMCHUZHNYI | MUSKAT USBEKISTANSKII | ALDA MUSKAT,lacombe 2013; ssr lacombe,,,,
MÉTIS CLERC,2,tier3,CLERC,CLERC,lacombe 2013; ssr lacombe,,,,
NAVE = TOTOSI,2,tier3,NAVE,NAVE,lac emanuelli 2020; laucou 2018,,,,
NEDELCSEV MAGVATLANA,2,tier3,NEDELTCHEFF MAGVATLANA,NEDELTCHEFF MAGVATLANA,lacombe 2013; ssr lacombe,,,,
NOBLING = 128‐40 FRIBOURG,2,tier3,NOBLING,NOBLING,lacombe 2013; ssr lacombe,,,,
NOIR DE CRIMÉE FAUX,2,tier3,PASKAL NOIR FAUX,PASKAL NOIR FAUX | PINOT NOIR | GAMAY NOIR | MERLOT NOIR | GRAND NOIR | ROUMI NOIR | ARAMON NOIR | MANSENG NOIR | CAMARAOU NOIR | CARIGNAN NOIR,lacombe 2013; ssr lacombe,,,,
NOIR HÂTIF DE MARSEILLE,2,tier3,NOIR HATIF DE MARSEILLE,NOIR HATIF DE MARSEILLE | PINOT NOIR | GAMAY NOIR | MERLOT NOIR | GRAND NOIR | ROUMI NOIR | ARAMON NOIR | MANSENG NOIR | CAMARAOU NOIR | CARIGNAN NOIR,lacombe 2013; ssr lacombe,,,,
NÉGRET DE BANHARS,2,tier3,NEGRET DE BANHARS,NEGRET DE BANHARS,lacombe 2013; ssr lacombe,,,,
NÉGRET DU TARN,2,tier3,NEGRET DU TARN,NEGRET DU TARN,lacombe 2013; ssr lacombe,,,,
ODJOU BATAK,2,tier3,ODJU BATAK,ODJU BATAK,lacombe 2013; ssr lacombe,,,,
PADEIRO DE BASTO,2,tier3,PADEIRO,PADEIRO | BLANCO BASTO | PADEIRO DE ST. TIRSO,lacombe 2013; ssr lacombe,,,,
PALESTINA OBERLIN I,2,tier3,MADELEINE ANGEVINE OBERLIN,MADELEINE ANGEVINE OBERLIN | OBERLIN 477 | OBERLIN 604 | OBERLIN 605 | OBERLIN 782 | PALESTINA I | OBERLIN NOIR | PALESTINA II | PALESTINA III | MUSKAT OBERLIN,lacombe 2013; laucou 2018,,,,
PANSE PRÉCOCE,2,tier3,PANSE VALENCIANO,PANSE VALENCIANO,lacombe 2013; laucou 2018,,,,
PARDINA = JAEN BLANCO,2,tier3,VERDEJO BLANCO,VERDEJO BLANCO | PARDINA | JAEN TINTO | PALO BLANCO | CAINO BLANCO | ABOQUEL BLANCO | DE JOSE BLANCO | DIRECTO BLANCO | BASTARDO BLANCO | LOUREIRO BLANCO,vivc confirmed; lacombe 2013,,,,
PASIGA = CG 26‐858,2,tier3,PASIGA,PASIGA,lacombe 2013; ssr lacombe,,,,
PATAGONIA = EX 15,2,tier3,PATAGONIA,PATAGONIA,lacombe 2013; ssr lacombe,,,,
PAULSEN   764,2,tier3,PAULSEN 1447,PAULSEN 1447 | MOSCATO PAULSEN | PAULSEN 73 | PAULSEN 123 | PAULSEN 124 | PAULSEN 132 | PAULSEN 157 | PAULSEN 188 | PAULSEN 2 A | PAULSEN 205,vivc confirmed; node profile,,,,
PAULSEN   775,2,tier3,PAULSEN 1447,PAULSEN 1447 | MOSCATO PAULSEN | PAULSEN 73 | PAULSEN 123 | PAULSEN 124 | PAULSEN 132 | PAULSEN 157 | PAULSEN 188 | PAULSEN 2 A | PAULSEN 205,vivc confirmed; node profile,,,,
PAULSEN   779,2,tier3,PAULSEN 1447,PAULSEN 1447 | MOSCATO PAULSEN | PAULSEN 73 | PAULSEN 123 | PAULSEN 124 | PAULSEN 132 | PAULSEN 157 | PAULSEN 188 | PAULSEN 2 A | PAULSEN 205,vivc confirmed; node profile,,,,
PAULSEN   782,2,tier3,PAULSEN 1447,PAULSEN 1447 | MOSCATO PAULSEN | PAULSEN 73 | PAULSEN 123 | PAULSEN 124 | PAULSEN 132 | PAULSEN 157 | PAULSEN 188 | PAULSEN 2 A | PAULSEN 205,vivc confirmed; node profile,,,,
PAULSEN  1045,2,tier3,PAULSEN 1045,PAULSEN 1045 | PAULSEN 1447 | MOSCATO PAULSEN | PAULSEN 73 | PAULSEN 123 | PAULSEN 124 | PAULSEN 132 | PAULSEN 157 | PAULSEN 188 | PAULSEN 2 A,vivc confirmed; node profile,,,,
PAULSEN  1103,2,tier3,PAULSEN 1103,PAULSEN 1103 | PAULSEN 1103 (NON IDENTIFIED) | PAULSEN 1447 | MOSCATO PAULSEN | PAULSEN 73 | PAULSEN 123 | PAULSEN 124 | PAULSEN 132 | PAULSEN 157 | PAULSEN 188,vivc confirmed; node profile,,,,
PAULSEN  1331,2,tier3,PAULSEN 1331,PAULSEN 1331 | PAULSEN 1447 | MOSCATO PAULSEN | PAULSEN 73 | PAULSEN 123 | PAULSEN 124 | PAULSEN 132 | PAULSEN 157 | PAULSEN 188 | PAULSEN 2 A,vivc confirmed; node profile,,,,
PAULSEN  1447,2,tier3,PAULSEN 1447,PAULSEN 1447 | MOSCATO PAULSEN | PAULSEN 73 | PAULSEN 123 | PAULSEN 124 | PAULSEN 132 | PAULSEN 157 | PAULSEN 188 | PAULSEN 2 A | PAULSEN 205,vivc confirmed; node profile,,,,
PEDRO GIMENEZ FAUX,2,tier3,PEDRO GIMENEZ,PEDRO GIMENEZ | PEDRO GIMENEZ 1 | PEDRO GIMENEZ 2 | PEDRO XIMENEZ | CEAUS ROZ FAUX | DIAGALVES FAUX | KARASAKIS FAUX | KIZIL SAPAK FAUX | GORA CHIRINE FAUX | PETIT VERDOT FAUX,lacombe 2013; ssr lacombe,,,,
PEHLIVAN KARA = PAPIGI KARA,2,tier3,PEHLIVAN KARA,PEHLIVAN KARA | GUZAL KARA | KARA UZYUM NUKHURSKII | BOR KARA | ASYL KARA | ALACA KARA | BASAR KARA | CATAL KARA | ALLONE KARA | DIMRIT KARA,vivc confirmed; ssr lacombe,,,,
PERGRANDIS = PIROVANO 388,2,tier3,MARIA PIROVANO,MARIA PIROVANO | ANGELO PIROVANO | PIROVANO 5 | PIROVANO 190 | PERGRANDIS | PIROVANO 1 | PIROVANO 17 | PIROVANO 3 | PIROVANO 4 | PIROVANO 6,lacombe 2013; ssr lacombe,,,,
PERLE = SCHEU 3951,2,tier3,PERLE,PERLE | SCHEU 10514 | PERLE NOIRE | BELLE PERLE | GARGIULO 3951 | PERLE DE PEGOES | PERLE DE CADOULE | PERLE DE MOCAMEDES,lacombe 2013; ssr lacombe,,,,
PERLON = CG 89‐878,2,tier3,PERLON,PERLON | BIG PERLON,lacombe 2013; ssr lacombe,,,,
PERLONA = PIROVANO 54,2,tier3,MARIA PIROVANO,MARIA PIROVANO | ANGELO PIROVANO | PIROVANO 5 | PIROVANO 190 | PERLONA | PIROVANO 1 | PIROVANO 17 | PIROVANO 3 | PIROVANO 4 | PIROVANO 6,lacombe 2013; ssr lacombe,,,,
PINELLA BIANCA,2,tier3,BERMESTIA BIANCA,BERMESTIA BIANCA | MALVASIA BIANCA | BIANCA | MALVASIA BIANCA LUNGA | MARZEMINA BIANCA | VERNACCIA BIANCA | MENNA DI VACCA BIANCA | ALBANA BIANCA | BIONDA BIANCA | ALLIANA BIANCA,lacombe 2013; ssr lacombe,,,,
PINOT SALOMON DE SEMIS,2,tier3,PINOT SALOMON,PINOT SALOMON | PINOT NOIR | PINOT GRIS | PINOT BLANC | PINOT MEUNIER | GREC BLANC DE SEMIS | GROS COURBU DE SEMIS | ALICE SALOMON | CHASSELAS SALOMON | PINOT PRECOCE NOIR,lacombe 2013; ssr lacombe,,,,
PLANT DE BANDOL (TERRIN),2,tier3,PLANT DE BANDOL,PLANT DE BANDOL | PLANT DROIT | PLANT D'IMPERS | PLANT DE BRUNEL | PLANT DE DEKKER | PLANT DE CAUZETTE | PLANT DE DUBOSC 2 | PLANT DE FLASSANS | PLANT DE VINCELLES | PLANT TEINTURIER DU PLANTOU,lacombe 2013; ssr lacombe,,,,
PLANT DE PONTEILLA (JAUBERT),2,tier3,PLANT DE PONTEILLA,PLANT DE PONTEILLA | PLANT DROIT | PLANT D'IMPERS | PLANT DE BRUNEL | PLANT DE DEKKER | PLANT DE CAUZETTE | PLANT DE DUBOSC 2 | PLANT DE FLASSANS | PLANT DE VINCELLES | PLANT TEINTURIER DU PLANTOU,lac emanuelli 2020; laucou 2018,,,,
PLANT DE SÉCHEX,2,tier3,PLANT DROIT,PLANT DROIT | PLANT D'IMPERS | PLANT DE BRUNEL | PLANT DE DEKKER | PLANT DE CAUZETTE | PLANT DE DUBOSC 2 | PLANT DE FLASSANS | PLANT DE VINCELLES | PLANT TEINTURIER DU PLANTOU | PLANT DE BUFFARD,lacombe 2013; ssr lacombe,,,,
PLANT PANACHÉ D'ALZEY,2,tier3,PLANT DROIT,PLANT DROIT | PLANT D'IMPERS | PLANT DE BRUNEL | PLANT DE DEKKER | PLANT DE CAUZETTE | PLANT DE DUBOSC 2 | PLANT DE FLASSANS | PLANT DE VINCELLES | PLANT TEINTURIER DU PLANTOU | PLANT DE BUFFARD,lacombe 2013; ssr lacombe,,,,
PRETO MARTINHO DO DOURO,2,tier3,PRETO MARTINHO,PRETO MARTINHO | PRETO CARDANA | BOAL PRETO | CRATO PRETO | DOCAR PRETO | CAINHO PRETO | PERRUM PRETO | CACHUDO PRETO | CASTICO PRETO | FOZ DAO PRETO,lacombe 2013; ssr lacombe,,,,
PRIMIERA = PIROVANO 309,2,tier3,PRIMIERA,PRIMIERA | MARIA PIROVANO | ANGELO PIROVANO | PIROVANO 5 | PIROVANO 190 | PIROVANO 1 | PIROVANO 17 | PIROVANO 3 | PIROVANO 4 | PIROVANO 6,lacombe 2013; ssr lacombe,,,,
PRIMITIVO = ZINFANDEL,2,tier3,PRIMITIVO,PRIMITIVO | PRIMITIVO FAUX | PRIMITIVO DI TURI | PRIMITIVO SEEDLESS,lacombe 2013; ssr lacombe,,,,
PRINCEPS = PIROVANO 357,2,tier3,MARIA PIROVANO,MARIA PIROVANO | ANGELO PIROVANO | PIROVANO 5 | PIROVANO 190 | PRINCEPS | PIROVANO 1 | PIROVANO 17 | PIROVANO 3 | PIROVANO 4 | PIROVANO 6,lacombe 2013; ssr lacombe,,,,
PRODIGIOSA = PIROVANO 59,2,tier3,MARIA PIROVANO,MARIA PIROVANO | ANGELO PIROVANO | PIROVANO 5 | PIROVANO 190 | PIROVANO 1 | PRODIGIOSA | PIROVANO 17 | PIROVANO 3 | PIROVANO 4 | PIROVANO 6,lacombe 2013; ssr lacombe,,,,
PRÉCOCE DE MALINGRE,2,tier3,MALINGRE PRECOCE,MALINGRE PRECOCE | MALINGRE SEEMIK,lacombe 2013; ssr lacombe,,,,
PRÉSIDENT CARNOT,2,tier3,PRESIDENT CARNOT,PRESIDENT CARNOT | PINOT CARNOT,lacombe 2013; ssr lacombe,,,,
PÉCSI SZAGOS,2,tier3,SZAGOS BAJNAR,SZAGOS BAJNAR | PECSI SZAGOS,lacombe 2013; ssr lacombe,,,,
RAISIN DE GÊNES,2,tier3,RAISIN DE GENES,RAISIN DE GENES | RAISIN COURGE | RAISIN DE NOEL | RAISIN DU MIEL | RAISIN DE L'AURES | RAISIN BLANC KABYLE | RAISIN ROSE APYRENE | RAISIN DE SAINT PIERRE | CHASSELAS RAISIN DE PALESTIN | RAISIN ROUGE MUSQUE DE CORFOU,lacombe 2013; ssr lacombe,,,,
RAISIN DE KOSSUTH,2,tier3,KOSSUTH LAJOS,KOSSUTH LAJOS | RAISIN DE GENES | RAISIN COURGE | KOSSUTH FERENC | RAISIN DE NOEL | RAISIN DU MIEL | RAISIN DE L'AURES | RAISIN BLANC KABYLE | RAISIN ROSE APYRENE | RAISIN DE SAINT PIERRE,lacombe 2013; ssr lacombe,,,,
RAMI = VIDAL 119,2,tier3,VIDAL 19,VIDAL 19 | VIDAL 49 | VIDAL 98 T | VIDAL 99 T | RAMI | VIDAL 36 | VIDAL 117 | VIDAL 662 | VIDAL 678 | VIDAL BLANC,lacombe 2013; ssr lacombe,,,,
RED OHANES,2,tier3,OHANES,OHANES | OHANES RED,lac emanuelli 2020; laucou 2018,,,,
RICHTER  31,2,tier3,RICHTER 110,RICHTER 110 | RICHTER 44 | RICHTER 57 | RICHTER 99 | RICHTER 31 | RICHTER 6 | RICHTER 8 | RICHTER 60 | RICHTER 193 | RICHTER 205,vivc confirmed; node profile,,,,
RICHTER  44,2,tier3,RICHTER 110,RICHTER 110 | RICHTER 44 | RICHTER 57 | RICHTER 99 | RICHTER 31 | RICHTER 6 | RICHTER 8 | RICHTER 60 | RICHTER 193 | RICHTER 205,vivc confirmed; node profile,,,,
RICHTER  57,2,tier3,RICHTER 110,RICHTER 110 | RICHTER 44 | RICHTER 57 | RICHTER 99 | RICHTER 31 | RICHTER 6 | RICHTER 8 | RICHTER 60 | RICHTER 193 | RICHTER 205,vivc confirmed; node profile,,,,
RICHTER  99,2,tier3,RICHTER 110,RICHTER 110 | RICHTER 44 | RICHTER 57 | RICHTER 99 | RICHTER 31 | RICHTER 6 | RICHTER 8 | RICHTER 60 | RICHTER 193 | RICHTER 205,vivc confirmed; node profile,,,,
RIESLING BLEU (COLLECTION OBERLIN),2,tier3,SALICETTE (COLLECTION OBERLIN),SALICETTE (COLLECTION OBERLIN),lac emanuelli 2020; laucou 2018,,,,
RIVAIRENC = ASPIRAN,2,tier3,ASPIRAN BOUSCHET,ASPIRAN BOUSCHET | ASPIRAN NOIR | ASPIRAN GRIS | ASPIRAN BLANC | ASPIRAN ROUGE FONCE,lacombe 2013; ssr lacombe,,,,
ROBIN NOIR = SALAGNIN,2,tier3,ROBIN NOIR,ROBIN NOIR | PINOT NOIR | GAMAY NOIR | MERLOT NOIR | GRAND NOIR | ROUMI NOIR | ARAMON NOIR | MANSENG NOIR | CAMARAOU NOIR | CARIGNAN NOIR,lacombe 2013; ssr lacombe,,,,
RODI = PIROVANO 166,2,tier3,MARIA PIROVANO,MARIA PIROVANO | ANGELO PIROVANO | PIROVANO 5 | PIROVANO 190 | RODI | PIROVANO 1 | PIROVANO 17 | PIROVANO 3 | PIROVANO 4 | PIROVANO 6,lacombe 2013; ssr lacombe,,,,
ROTBERGER = GM 3‐37,2,tier3,ROTBERGER,ROTBERGER,lacombe 2013; ssr lacombe,,,,
RUGGERI   140,2,tier3,RUGGERI 140,RUGGERI 140 | RUGGERI 2 | RUGGERI 3 | RUGGERI 6 | RUGGERI 7 | RUGGERI 8 | RUGGERI 10 | RUGGERI 14 | RUGGERI 16 | RUGGERI 19,vivc confirmed; node profile,,,,
RUGGERI   205,2,tier3,RUGGERI 140,RUGGERI 140 | RUGGERI 2 | RUGGERI 3 | RUGGERI 6 | RUGGERI 7 | RUGGERI 8 | RUGGERI 10 | RUGGERI 14 | RUGGERI 16 | RUGGERI 19,vivc confirmed; node profile,,,,
RUGGERI   240,2,tier3,RUGGERI 140,RUGGERI 140 | RUGGERI 2 | RUGGERI 3 | RUGGERI 6 | RUGGERI 7 | RUGGERI 8 | RUGGERI 10 | RUGGERI 14 | RUGGERI 16 | RUGGERI 19,vivc confirmed; node profile,,,,
RUGGERI   300,2,tier3,RUGGERI 140,RUGGERI 140 | RUGGERI 2 | RUGGERI 3 | RUGGERI 6 | RUGGERI 7 | RUGGERI 8 | RUGGERI 10 | RUGGERI 14 | RUGGERI 16 | RUGGERI 19,vivc confirmed; node profile,,,,
SAINTON = VIDAL 9,2,tier3,VIDAL 19,VIDAL 19 | VIDAL 49 | VIDAL 98 T | VIDAL 99 T | SAINTON | VIDAL 36 | VIDAL 117 | VIDAL 662 | VIDAL 678 | VIDAL BLANC,lacombe 2013; ssr lacombe,,,,
SAINTONGE = VIDAL 31,2,tier3,VIDAL 19,VIDAL 19 | VIDAL 49 | VIDAL 98 T | VIDAL 99 T | VIDAL 36 | SAINTONGE | VIDAL 117 | VIDAL 662 | VIDAL 678 | VIDAL BLANC,lacombe 2013; ssr lacombe,,,,
SAINT‐LOUIS FAUX,2,tier3,CEAUS ROZ FAUX,CEAUS ROZ FAUX | DIAGALVES FAUX | KARASAKIS FAUX | KIZIL SAPAK FAUX | GORA CHIRINE FAUX | PETIT VERDOT FAUX | ZRINYI ILONA FAUX | ALICANTE BLANC FAUX | CATARRATTO BIANCO FAUX | SAUVIGNON PICCOLO FAUX,lacombe 2013; ssr lacombe,,,,
SCHEUREBE = ALZEY S 88,2,tier3,ALZEY 23384,ALZEY 23384 | SCHEUREBE | ALZEY 2765 | ALZEY 4400 | ALZEY 5079 | ALZEY 5845 | ALZEY 7672 | ALZEY 10506 | ALZEY 10514 | ALZEY 10859,lacombe 2013; ssr lacombe,,,,
SCHIRAS SÄMLING,2,tier3,SCHIRAS DR. HOUDBINE,SCHIRAS DR. HOUDBINE,lacombe 2013; ssr lacombe,,,,
SEIBEL 10096,2,tier3,SEIBEL 6468,SEIBEL 6468 | SEIBEL 2 | SEIBEL 880 | SEIBEL 5163 | SEIBEL 5437 | SEIBEL 110 | SEIBEL 446 | SEIBEL 874 | SEIBEL 1077 | SEIBEL 8616,vivc confirmed; ssr oliveira,,,,
SEIBEL 5455,2,tier3,SEIBEL 6468,SEIBEL 6468 | SEIBEL 2 | SEIBEL 880 | SEIBEL 5163 | SEIBEL 5437 | SEIBEL 110 | SEIBEL 446 | SEIBEL 874 | SEIBEL 1077 | SEIBEL 8616,vivc confirmed; ssr oliveira,,,,
SEIBEL 7053,2,tier3,SEIBEL 6468,SEIBEL 6468 | SEIBEL 2 | SEIBEL 880 | SEIBEL 5163 | SEIBEL 5437 | SEIBEL 110 | SEIBEL 446 | SEIBEL 874 | SEIBEL 1077 | SEIBEL 8616,vivc confirmed; ssr oliveira,,,,
SEIBEL 8745,2,tier3,SEIBEL 6468,SEIBEL 6468 | SEIBEL 2 | SEIBEL 880 | SEIBEL 5163 | SEIBEL 5437 | SEIBEL 110 | SEIBEL 446 | SEIBEL 874 | SEIBEL 1077 | SEIBEL 8616,vivc confirmed; ssr oliveira,,,,
SELECT = VIDAL 100 T,2,tier3,VIDAL 19,VIDAL 19 | VIDAL 49 | VIDAL 98 T | VIDAL 99 T | SELECT | VIDAL 36 | VIDAL 117 | VIDAL 662 | VIDAL 678 | VIDAL BLANC,lacombe 2013; ssr lacombe,,,,
SIRIA = CODEGA,2,tier3,CODEGA DO LARINHO,CODEGA DO LARINHO | SIRIA,lacombe 2013; ssr lacombe,,,,
SLANKAMENKA BLANC,2,tier3,CHARDONNAY BLANC,CHARDONNAY BLANC | CHENIN BLANC | SAUVIGNON BLANC | SAVAGNIN BLANC | CHAOUCH BLANC | PINOT BLANC | SEYVAL BLANC | TERRET BLANC | VILLARD BLANC | BALZAC BLANC,lacombe 2013; ssr lacombe,,,,
SOLFERINO = PIROVANO 316,2,tier3,MARIA PIROVANO,MARIA PIROVANO | ANGELO PIROVANO | PIROVANO 5 | PIROVANO 190 | SOLFERINO | PIROVANO 1 | PIROVANO 17 | PIROVANO 3 | PIROVANO 4 | PIROVANO 6,lacombe 2013; ssr lacombe,,,,
SOUKHOLIMANSKY BELY,2,tier3,POJONI BELY,POJONI BELY | KAIRAKI BELY | ZELENIAN BELY | KROKONATE BELY | LAZAREVSKY BELY | CROUSHEVSKI BELY,lacombe 2013; ssr lacombe,,,,
SOUVENIR DU CONGRÈS,2,tier3,SOUVENIR DU CONGRES,SOUVENIR DU CONGRES | SOUVENIR DE PUILLAT,lacombe 2013; ssr lacombe,,,,
SOVRANA = PIROVANO 244,2,tier3,SOVRANA,SOVRANA | MARIA PIROVANO | ANGELO PIROVANO | PIROVANO 5 | PIROVANO 190 | PIROVANO 1 | PIROVANO 17 | PIROVANO 3 | PIROVANO 4 | PIROVANO 6,lacombe 2013; ssr lacombe,,,,
SULTANA MOSCATA = PIROVANO 75,2,tier3,SULTANA MOSCATA,SULTANA MOSCATA | MARIA PIROVANO | ANGELO PIROVANO | PIROVANO 5 | PIROVANO 190 | SULTANA CHRIMSON | PIROVANO 1 | PIROVANO 17 | MALVASIA MOSCATA | PIROVANO 3,lacombe 2013; oliveira 2020,,,,
SZEGENY EMBER SZÖLÖJE,2,tier3,SZEGENY EMBER SZOELOEJE,SZEGENY EMBER SZOELOEJE,lacombe 2013; ssr lacombe,,,,
SZENT LASZLÖ,2,tier3,SZENT ANTAL,SZENT ANTAL | SZENT ISTVAN | SZENT LASZLO | SZENT ISTVAN KIRALY,lacombe 2013; ssr lacombe,,,,
TAMAREZ MOSCATEL 31‐3‐3,2,tier3,TAMAREZ MOSCATEL,TAMAREZ MOSCATEL | TAMAREZ | MOSCATEL ROSADO | MOSCATEL NAZARENO | MOSCATEL NATIVIDADE | MOSCATEL DE ANGUES | MOSCATEL DE CAMARATE | MOSCATEL AZUL | MOSCATEL ROSA | MOSCATEL NUNES,lacombe 2013; ssr lacombe,,,,
TINOS NOIR,2,tier3,PINOT NOIR,PINOT NOIR | GAMAY NOIR | MERLOT NOIR | GRAND NOIR | ROUMI NOIR | ARAMON NOIR | MANSENG NOIR | CAMARAOU NOIR | CARIGNAN NOIR | JURANCON NOIR,lacombe 2013; ssr lacombe,,,,
TINTA DA BARCA,2,tier3,TINTA BARROCA,TINTA BARROCA | GARNACHA TINTA | FORCALLAT TINTA | TINTA FRANCISCA | BARCA | ROJAL TINTA | TINTA POMAR | TINTA TINTO | ANADIA TINTA | TINTA AGUIAR,lacombe 2013; ssr lacombe,,,,
TORRONTÈS MENDOCINO,2,tier3,TORRONTES MENDOCINO,TORRONTES MENDOCINO,lacombe 2013; ssr lacombe,,,,
TORRONTÈS RIOJANO,2,tier3,TORRONTES RIOJANO,TORRONTES RIOJANO,lacombe 2013; ssr lacombe,,,,
TORRONTÈS SANJUANINO,2,tier3,TORRONTES SANJUANINO,TORRONTES SANJUANINO | TORRONTES SANJUANINO GLABRO,lacombe 2013; ssr lacombe,,,,
TOURIGA FÊMEA,2,tier3,TOURIGA NACIONAL,TOURIGA NACIONAL | TOURIGA FRANCA | TOURIGA FEMEA,lacombe 2013; ssr lacombe,,,,
TRAKYA ILKEREM,2,tier3,TRAKYA ILKEREN,TRAKYA ILKEREN,lacombe 2013; ssr lacombe,,,,
TRICANA = H 6‐52‐226,2,tier3,TRICANA,TRICANA,lacombe 2013; ssr lacombe,,,,
TRIPOLI = PIROVANO 352,2,tier3,MARIA PIROVANO,MARIA PIROVANO | ANGELO PIROVANO | PIROVANO 5 | PIROVANO 190 | TRIPOLI | PIROVANO 1 | PIROVANO 17 | PIROVANO 3 | PIROVANO 4 | PIROVANO 6,lacombe 2013; ssr lacombe,,,,
TRIUMPH TRAUBE,2,tier3,TRIUMPH,TRIUMPH | MARKEN TRAUBE | CORNICHON TRAUBE | NIKITANER TRAUBE,vivc confirmed; lacombe 2013,,,,
TROUSSEAU = BASTARDO,2,tier3,BASTARDO ESPANHOL,BASTARDO ESPANHOL | TROUSSEAU NOIR | TROUSSEAU GRIS | BASTARDO BLANCO | BASTARDO BRANCO | BASTARDO MAGARACHSKII | BASTARDO DOS FRADES DE BOLONIO | BASTARDO ROXO | TINTO BASTARDO | BASTARDO DE MUNEDO,vivc confirmed; lacombe 2013,,,,
TXAKOLI = HONDARRABI BELTZA,2,tier3,ONDARRABI BELTZA,ONDARRABI BELTZA,lac emanuelli 2020; laucou 2018,,,,
TZIMLANSKY CHERNYI,2,tier3,ODESSKII CHERNYI,ODESSKII CHERNYI | KISHMISH CHERNYI | LKENY CHERNYI | OSENNII CHERNYI | ARAKSENI CHERNYI | CHILYAKI CHERNYI | KUTLAKSKII CHERNYI | KUMSHATSKII CHERNYI | ANDIZHANSKII CHERNYI | TSIMLYANSKII CHERNYI,lacombe 2013; ssr lacombe,,,,
TÉOULIER BLANC FEMELLE,2,tier3,ASSARIO BLANC FEMELLE,ASSARIO BLANC FEMELLE | TEOULIER BLANC FEMELLE | CHARDONNAY BLANC | CHENIN BLANC | SAUVIGNON BLANC | SAVAGNIN BLANC | CHAOUCH BLANC | PINOT BLANC | SEYVAL BLANC | TERRET BLANC,lacombe 2013; ssr lacombe,,,,
TÖKÖS PIROS,2,tier3,TOEKOES PIROS,TOEKOES PIROS | OEROEKKE PIROS | SEIP PIROS | SZEP PIROS | BOROS PIROS | CSABA PIROS | GOHER PIROS | KORAI PIROS | LUBIK PIROS | GENUAI PIROS,lacombe 2013; ssr lacombe,,,,
UGNI BLANC = TREBBIANO TOSCANO,2,tier3,TREBBIANO TOSCANO,TREBBIANO TOSCANO | MAINGONNAT BELDI X UGNI BLANC | UGNI BLANC FLESHLESS BERRY | UGNI BLANC A FEUILLE DECOUPEE,vivc confirmed; lacombe 2013,,,,
VARIÉTÉ D'OASIS TOZEUR 7,2,tier3,VARIETE D'OASIS TOZEUR 1,VARIETE D'OASIS TOZEUR 1 | VARIETE D'OASIS TOZEUR 7 | VARIETE D'OASIS TOZEUR 9 | VARIETE D'OASIS TOZEUR 17 | VARIETE D'OASIS TOZEUR 22 | VARIETE D'OASIS TOZEUR 25 | VARIETE D'OASIS TOZEUR 26 | VARIETE D'OASIS DEGACHE 28 | VARIETE D'OASIS X | VARIETE D'OASIS NEFTA 38,lacombe 2013; ssr lacombe,,,,
VARIÉTÉ D'OASIS TOZEUR 9,2,tier3,VARIETE D'OASIS TOZEUR 1,VARIETE D'OASIS TOZEUR 1 | VARIETE D'OASIS TOZEUR 7 | VARIETE D'OASIS TOZEUR 9 | VARIETE D'OASIS TOZEUR 17 | VARIETE D'OASIS TOZEUR 22 | VARIETE D'OASIS TOZEUR 25 | VARIETE D'OASIS TOZEUR 26 | VARIETE D'OASIS DEGACHE 28 | VARIETE D'OASIS X | VARIETE D'OASIS NEFTA 38,lacombe 2013; ssr lacombe,,,,
VELTELINER ROUGE PRÉCOCE,2,tier3,GREC ROUGE,GREC ROUGE | CHASSELAS ROUGE | PETIT ROUGE | ROUGE DU PAYS | ALIGOTE ROUGE | CANDOLLE ROUGE | MUSCAT ROUGE DE MADERE | ROUGE | CEP ROUGE | FAY ROUGE,lacombe 2013; ssr lacombe,,,,
VERONA = PIROVANO 52,2,tier3,MARIA PIROVANO,MARIA PIROVANO | ANGELO PIROVANO | PIROVANO 5 | PIROVANO 190 | VERONA | PIROVANO 1 | PIROVANO 17 | PIROVANO 3 | PIROVANO 4 | PIROVANO 6,lacombe 2013; ssr lacombe,,,,
WEST FREISIA,2,tier3,FAR WEST,FAR WEST,lacombe 2013; ssr lacombe,,,,
WILDBACHER DE HONGRIE (COLLECTION RAVAZ),2,tier3,WILDBACHER DE HONGRIE,WILDBACHER DE HONGRIE | EARLY DAWN FAUX (COLLECTION RAVAZ),lac emanuelli 2020; laucou 2018,,,,
ZEMOASA = TIMPURIE,2,tier3,TAMIIOASA TIMPURIE,TAMIIOASA TIMPURIE,vivc confirmed; ssr lacombe,,,,
ZWEIGELT BLAU,2,tier3,GAENSFUESSER BLAU,GAENSFUESSER BLAU | AUGSTER BLAU | ZWEIGELTREBE BLAU | ELBLING BLAU | WILDBACHER BLAU | PORTUGIESER BLAU | ZIMMETTRAUBE BLAU | KOELNER BLAU | HEUNISCH BLAU | RIESLING BLAU,lacombe 2013; ssr lacombe,,,,
ÖREG KADARKA,2,tier3,KADARKA KEK,KADARKA KEK | OLASZ KADARKA | KADARKA OREG | KADARKA SRB | KADARKA FEHER | KADARKA PIROS | MESZI KADARKA | KADARKA SZUERKE | KADARKA TOEROEK,laucou 2018; ssr lacombe,,,,
ÖRÖKKÉ PIROS,2,tier3,TOEKOES PIROS,TOEKOES PIROS | OEROEKKE PIROS | SEIP PIROS | SZEP PIROS | BOROS PIROS | CSABA PIROS | GOHER PIROS | KORAI PIROS | LUBIK PIROS | GENUAI PIROS,lacombe 2013; ssr lacombe,,,,
101.14 MILLARDET ET DE GRASSET,1,tier3,MILLARDET ET GRASSET 106- 8,MILLARDET ET GRASSET 106- 8 | MILLARDET ET GRASSET 101- 14 | MILLARDET ET GRASSET 1 | MILLARDET ET GRASSET 2 | MILLARDET ET GRASSET 8 | MILLARDET ET GRASSET 9 | MILLARDET ET GRASSET 11 | MILLARDET ET GRASSET 12 | MILLARDET ET GRASSET 13 | MILLARDET ET GRASSET 14,ssr migliaro,,,,
1045 PAULSEN,1,tier3,PAULSEN 1045,PAULSEN 1045 | PAULSEN 1447 | MOSCATO PAULSEN | PAULSEN 73 | PAULSEN 123 | PAULSEN 124 | PAULSEN 132 | PAULSEN 157 | PAULSEN 188 | PAULSEN 2 A,ssr migliaro,,,,
106.8 MILLARDET ET DE GRASSET,1,tier3,MILLARDET ET GRASSET 106- 8,MILLARDET ET GRASSET 106- 8 | MILLARDET ET GRASSET 101- 14 | MILLARDET ET GRASSET 1 | MILLARDET ET GRASSET 2 | MILLARDET ET GRASSET 8 | MILLARDET ET GRASSET 9 | MILLARDET ET GRASSET 11 | MILLARDET ET GRASSET 12 | MILLARDET ET GRASSET 13 | MILLARDET ET GRASSET 14,ssr migliaro,,,,
110 RICHTER,1,tier3,RICHTER 110,RICHTER 110 | RICHTER 44 | RICHTER 57 | RICHTER 99 | RICHTER 31 | RICHTER 6 | RICHTER 8 | RICHTER 60 | RICHTER 193 | RICHTER 205,ssr migliaro,,,,
1103 PAULSEN,1,tier3,PAULSEN 1103,PAULSEN 1103 | PAULSEN 1103 (NON IDENTIFIED) | PAULSEN 1447 | MOSCATO PAULSEN | PAULSEN 73 | PAULSEN 123 | PAULSEN 124 | PAULSEN 132 | PAULSEN 157 | PAULSEN 188,ssr migliaro,,,,
1132 GRIMALDI,1,tier3,GRIMALDI 1132,GRIMALDI 1132 | FARATO GRIMALDI | GRIMALDI 29 | GRIMALDI 84 | GRIMALDI 88 | GRIMALDI 97 | GRIMALDI 102 | GRIMALDI 104 | GRIMALDI 108 | GRIMALDI 109,ssr migliaro,,,,
125-1 MILLARDET ET DE GRASSET,1,tier3,MILLARDET ET GRASSET 106- 8,MILLARDET ET GRASSET 106- 8 | MILLARDET ET GRASSET 101- 14 | MILLARDET ET GRASSET 1 | MILLARDET ET GRASSET 2 | MILLARDET ET GRASSET 8 | MILLARDET ET GRASSET 9 | MILLARDET ET GRASSET 11 | MILLARDET ET GRASSET 12 | MILLARDET ET GRASSET 13 | MILLARDET ET GRASSET 14,ssr migliaro,,,,
13-16 EVEX,1,tier3,EVEX 13- 16,EVEX 13- 16 | EVEX 13- 44 | EVEX 10- G | EVEX 10- H | EVEX 10- V | EVEX 11- 3 | EVEX 11- C | EVEX 11- F | EVEX 11- I | EVEX 11- J,ssr migliaro,,,,
13-44 EVEX,1,tier3,EVEX 13- 16,EVEX 13- 16 | EVEX 13- 44 | EVEX 10- G | EVEX 10- H | EVEX 10- V | EVEX 11- 3 | EVEX 11- C | EVEX 11- F | EVEX 11- I | EVEX 11- J,ssr migliaro,,,,
13-5 EVEX,1,tier3,EVEX 13- 16,EVEX 13- 16 | EVEX 13- 44 | EVEX 10- G | EVEX 10- H | EVEX 10- V | EVEX 11- 3 | EVEX 11- C | EVEX 11- F | EVEX 11- I | EVEX 11- J,ssr migliaro,,,,
1331 PAULSEN,1,tier3,PAULSEN 1331,PAULSEN 1331 | PAULSEN 1447 | MOSCATO PAULSEN | PAULSEN 73 | PAULSEN 123 | PAULSEN 124 | PAULSEN 132 | PAULSEN 157 | PAULSEN 188 | PAULSEN 2 A,ssr migliaro,,,,
143 B MILLARDET ET DE GRASSET,1,tier3,MILLARDET ET GRASSET 106- 8,MILLARDET ET GRASSET 106- 8 | MILLARDET ET GRASSET 101- 14 | MILLARDET ET GRASSET 1 | MILLARDET ET GRASSET 2 | MILLARDET ET GRASSET 8 | MILLARDET ET GRASSET 9 | MILLARDET ET GRASSET 11 | MILLARDET ET GRASSET 12 | MILLARDET ET GRASSET 13 | MILLARDET ET GRASSET 14,ssr migliaro,,,,
1447 PAULSEN,1,tier3,PAULSEN 1447,PAULSEN 1447 | MOSCATO PAULSEN | PAULSEN 73 | PAULSEN 123 | PAULSEN 124 | PAULSEN 132 | PAULSEN 157 | PAULSEN 188 | PAULSEN 2 A | PAULSEN 205,ssr migliaro,,,,
16-107 PROSPERI,1,tier3,CLOTILDE PROSPERI,CLOTILDE PROSPERI | PROSPERI 8 | PROSPERI 36 | PROSPERI 37 | PROSPERI 57 | PROSPERI 95 | PROSPERI 97 | PROSPERI 102 | PROSPERI 112 | PROSPERI 120,ssr migliaro,,,,
16-108 PROSPERI,1,tier3,CLOTILDE PROSPERI,CLOTILDE PROSPERI | PROSPERI 8 | PROSPERI 36 | PROSPERI 37 | PROSPERI 57 | PROSPERI 95 | PROSPERI 97 | PROSPERI 102 | PROSPERI 112 | PROSPERI 120,ssr migliaro,,,,
16-109 PROSPERI,1,tier3,CLOTILDE PROSPERI,CLOTILDE PROSPERI | PROSPERI 8 | PROSPERI 36 | PROSPERI 37 | PROSPERI 57 | PROSPERI 95 | PROSPERI 97 | PROSPERI 102 | PROSPERI 112 | PROSPERI 120,ssr migliaro,,,,
161.49 COUDERC,1,tier3,COUDERC 3309,COUDERC 3309 | COUDERC 3 | COUDERC 1202 | COUDERC 1613 | COUDERC 1616 | COUDERC 3306 | COUDERC 161- 49 | COUDERC 2 | COUDERC 13 | COUDERC 17,ssr migliaro,,,,
1613 COUDERC,1,tier3,COUDERC 1613,COUDERC 1613 | COUDERC 3309 | COUDERC 3 | COUDERC 1202 | COUDERC 1616 | COUDERC 3306 | COUDERC 161- 49 | COUDERC 2 | COUDERC 13 | COUDERC 17,ssr migliaro,,,,
17-37 MILLARDET ET DE GRASSET,1,tier3,MILLARDET ET GRASSET 106- 8,MILLARDET ET GRASSET 106- 8 | MILLARDET ET GRASSET 101- 14 | MILLARDET ET GRASSET 1 | MILLARDET ET GRASSET 2 | MILLARDET ET GRASSET 8 | MILLARDET ET GRASSET 9 | MILLARDET ET GRASSET 11 | MILLARDET ET GRASSET 12 | MILLARDET ET GRASSET 13 | MILLARDET ET GRASSET 14,ssr migliaro,,,,
196-17 CASTEL,1,tier3,CASTEL 19637,CASTEL 19637 | BEL CASTEL | CASTEL 10221 | CASTEL 11013 | CASTEL 13012 | CASTEL 15204 | CASTEL 15428 | CASTEL 20023 | CASTEL 20035 | CASTEL 20415,ssr migliaro,,,,
202-4 MILLARDET ET DE GRASSET,1,tier3,MILLARDET ET GRASSET 106- 8,MILLARDET ET GRASSET 106- 8 | MILLARDET ET GRASSET 101- 14 | MILLARDET ET GRASSET 1 | MILLARDET ET GRASSET 2 | MILLARDET ET GRASSET 8 | MILLARDET ET GRASSET 9 | MILLARDET ET GRASSET 11 | MILLARDET ET GRASSET 12 | MILLARDET ET GRASSET 13 | MILLARDET ET GRASSET 14,ssr migliaro,,,,
205 RUGGERI,1,tier3,RUGGERI 140,RUGGERI 140 | RUGGERI 2 | RUGGERI 3 | RUGGERI 6 | RUGGERI 7 | RUGGERI 8 | RUGGERI 10 | RUGGERI 14 | RUGGERI 16 | RUGGERI 19,ssr migliaro,,,,
215-1 CASTEL,1,tier3,CASTEL 19637,CASTEL 19637 | BEL CASTEL | CASTEL 10221 | CASTEL 11013 | CASTEL 13012 | CASTEL 15204 | CASTEL 15428 | CASTEL 20023 | CASTEL 20035 | CASTEL 20415,ssr migliaro,,,,
216-3 CASTEL,1,tier3,CASTEL 19637,CASTEL 19637 | BEL CASTEL | CASTEL 10221 | CASTEL 11013 | CASTEL 13012 | CASTEL 15204 | CASTEL 15428 | CASTEL 20023 | CASTEL 20035 | CASTEL 20415,ssr migliaro,,,,
227-1 CASTEL,1,tier3,CASTEL 19637,CASTEL 19637 | BEL CASTEL | CASTEL 10221 | CASTEL 11013 | CASTEL 13012 | CASTEL 15204 | CASTEL 15428 | CASTEL 20023 | CASTEL 20035 | CASTEL 20415,ssr migliaro,,,,
228-1 CASTEL,1,tier3,CASTEL 19637,CASTEL 19637 | BEL CASTEL | CASTEL 10221 | CASTEL 11013 | CASTEL 13012 | CASTEL 15204 | CASTEL 15428 | CASTEL 20023 | CASTEL 20035 | CASTEL 20415,ssr migliaro,,,,
240 RUGGERI,1,tier3,RUGGERI 140,RUGGERI 140 | RUGGERI 2 | RUGGERI 3 | RUGGERI 6 | RUGGERI 7 | RUGGERI 8 | RUGGERI 10 | RUGGERI 14 | RUGGERI 16 | RUGGERI 19,ssr migliaro,,,,
300 RUGGERI,1,tier3,RUGGERI 140,RUGGERI 140 | RUGGERI 2 | RUGGERI 3 | RUGGERI 6 | RUGGERI 7 | RUGGERI 8 | RUGGERI 10 | RUGGERI 14 | RUGGERI 16 | RUGGERI 19,ssr migliaro,,,,
31 RICHTER,1,tier3,RICHTER 110,RICHTER 110 | RICHTER 44 | RICHTER 57 | RICHTER 99 | RICHTER 31 | RICHTER 6 | RICHTER 8 | RICHTER 60 | RICHTER 193 | RICHTER 205,ssr migliaro,,,,
33 ECOLE DE MONTPELLIER,1,tier3,ECOLE MONTPELLIER 34,ECOLE MONTPELLIER 34 | ECOLE MONTPELLIER 142 | ECOLE MONTPELLIER 33 | ECOLE MONTPELLIER 35 | ECOLE MONTPELLIER 45 | ECOLE MONTPELLIER 46 | ECOLE MONTPELLIER 102 | ECOLE MONTPELLIER 136 | ECOLE MONTPELLIER 139 | ECOLE MONTPELLIER 149,ssr migliaro,,,,
3306 COUDERC,1,tier3,COUDERC 3306,COUDERC 3306 | COUDERC 3309 | COUDERC 3 | COUDERC 1202 | COUDERC 1613 | COUDERC 1616 | COUDERC 161- 49 | COUDERC 2 | COUDERC 13 | COUDERC 17,ssr migliaro,,,,
3309 COUDERC,1,tier3,COUDERC 3309,COUDERC 3309 | COUDERC 3 | COUDERC 1202 | COUDERC 1613 | COUDERC 1616 | COUDERC 3306 | COUDERC 161- 49 | COUDERC 2 | COUDERC 13 | COUDERC 17,ssr migliaro,,,,
333 ECOLE DE MONTPELLIER OR TISSERAND,1,tier3,ECOLE MONTPELLIER 34,ECOLE MONTPELLIER 34 | ECOLE MONTPELLIER 142 | ECOLE MONTPELLIER 33 | ECOLE MONTPELLIER 35 | ECOLE MONTPELLIER 45 | ECOLE MONTPELLIER 46 | ECOLE MONTPELLIER 102 | ECOLE MONTPELLIER 136 | ECOLE MONTPELLIER 139 | ECOLE MONTPELLIER 149,ssr migliaro,,,,
34 ECOLE DE MONTPELLIER,1,tier3,ECOLE MONTPELLIER 34,ECOLE MONTPELLIER 34 | ECOLE MONTPELLIER 142 | ECOLE MONTPELLIER 33 | ECOLE MONTPELLIER 35 | ECOLE MONTPELLIER 45 | ECOLE MONTPELLIER 46 | ECOLE MONTPELLIER 102 | ECOLE MONTPELLIER 136 | ECOLE MONTPELLIER 139 | ECOLE MONTPELLIER 149,ssr migliaro,,,,
40 LET OKTYABRYA,1,tier3,SOROK LYET OKTYABRYA,SOROK LYET OKTYABRYA,vivc confirmed,,,,
41 B MILLARDET ET DE GRASSET,1,tier3,MILLARDET ET GRASSET 106- 8,MILLARDET ET GRASSET 106- 8 | MILLARDET ET GRASSET 101- 14 | MILLARDET ET GRASSET 1 | MILLARDET ET GRASSET 2 | MILLARDET ET GRASSET 8 | MILLARDET ET GRASSET 9 | MILLARDET ET GRASSET 11 | MILLARDET ET GRASSET 12 | MILLARDET ET GRASSET 13 | MILLARDET ET GRASSET 14,ssr migliaro,,,,
420 A MILLARDET ET DE GRASSET,1,tier3,MILLARDET ET GRASSET 106- 8,MILLARDET ET GRASSET 106- 8 | MILLARDET ET GRASSET 101- 14 | MILLARDET ET GRASSET 1 | MILLARDET ET GRASSET 2 | MILLARDET ET GRASSET 8 | MILLARDET ET GRASSET 9 | MILLARDET ET GRASSET 11 | MILLARDET ET GRASSET 12 | MILLARDET ET GRASSET 13 | MILLARDET ET GRASSET 14,ssr migliaro,,,,
420 B MILLARDET ET DE GRASSET,1,tier3,MILLARDET ET GRASSET 106- 8,MILLARDET ET GRASSET 106- 8 | MILLARDET ET GRASSET 101- 14 | MILLARDET ET GRASSET 1 | MILLARDET ET GRASSET 2 | MILLARDET ET GRASSET 8 | MILLARDET ET GRASSET 9 | MILLARDET ET GRASSET 11 | MILLARDET ET GRASSET 12 | MILLARDET ET GRASSET 13 | MILLARDET ET GRASSET 14,ssr migliaro,,,,
44 RICHTER,1,tier3,RICHTER 110,RICHTER 110 | RICHTER 44 | RICHTER 57 | RICHTER 99 | RICHTER 31 | RICHTER 6 | RICHTER 8 | RICHTER 60 | RICHTER 193 | RICHTER 205,ssr migliaro,,,,
57 RICHTER,1,tier3,RICHTER 110,RICHTER 110 | RICHTER 44 | RICHTER 57 | RICHTER 99 | RICHTER 31 | RICHTER 6 | RICHTER 8 | RICHTER 60 | RICHTER 193 | RICHTER 205,ssr migliaro,,,,
6736 CASTEL,1,tier3,CASTEL 6736,CASTEL 6736 | CASTEL 19637 | BEL CASTEL | CASTEL 10221 | CASTEL 11013 | CASTEL 13012 | CASTEL 15204 | CASTEL 15428 | CASTEL 20023 | CASTEL 20035,ssr migliaro,,,,
7605 CASTEL,1,tier3,CASTEL 7605,CASTEL 7605 | CASTEL 19637 | BEL CASTEL | CASTEL 10221 | CASTEL 11013 | CASTEL 13012 | CASTEL 15204 | CASTEL 15428 | CASTEL 20023 | CASTEL 20035,ssr migliaro,,,,
764 PAULSEN,1,tier3,PAULSEN 1447,PAULSEN 1447 | MOSCATO PAULSEN | PAULSEN 73 | PAULSEN 123 | PAULSEN 124 | PAULSEN 132 | PAULSEN 157 | PAULSEN 188 | PAULSEN 2 A | PAULSEN 205,ssr migliaro,,,,
775 PAULSEN,1,tier3,PAULSEN 1447,PAULSEN 1447 | MOSCATO PAULSEN | PAULSEN 73 | PAULSEN 123 | PAULSEN 124 | PAULSEN 132 | PAULSEN 157 | PAULSEN 188 | PAULSEN 2 A | PAULSEN 205,ssr migliaro,,,,
779 PAULSEN,1,tier3,PAULSEN 1447,PAULSEN 1447 | MOSCATO PAULSEN | PAULSEN 73 | PAULSEN 123 | PAULSEN 124 | PAULSEN 132 | PAULSEN 157 | PAULSEN 188 | PAULSEN 2 A | PAULSEN 205,ssr migliaro,,,,
782 PAULSEN,1,tier3,PAULSEN 1447,PAULSEN 1447 | MOSCATO PAULSEN | PAULSEN 73 | PAULSEN 123 | PAULSEN 124 | PAULSEN 132 | PAULSEN 157 | PAULSEN 188 | PAULSEN 2 A | PAULSEN 205,ssr migliaro,,,,
99 RICHTER,1,tier3,RICHTER 110,RICHTER 110 | RICHTER 44 | RICHTER 57 | RICHTER 99 | RICHTER 31 | RICHTER 6 | RICHTER 8 | RICHTER 60 | RICHTER 193 | RICHTER 205,ssr migliaro,,,,
ACHLADI (PERGOLESE DI TIVOLI),1,tier3,ACHLADI,ACHLADI,lac emanuelli 2020,,,,
AGAT DONSKII,1,tier3,AGAT DONSKOI,AGAT DONSKOI | DONSKII RANNII,vivc confirmed,,,,
AGOSTENGA ROSSA = PIROVANO 14 BELLINO,1,tier3,AGOSTENGA ROSSA,AGOSTENGA ROSSA,lacombe 2013,,,,
AHMEH SAL APYRÈNE,1,tier3,AHMEH SAL A PEPIN,AHMEH SAL A PEPIN | AHMEH SAL APYRENE,laucou 2018,,,,
ALBA IMPUTATATO,1,tier3,COARNA ALBA,COARNA ALBA | ALBA IMPUTOTATO | ALBA | FETEASCA ALBA | RARA ALBA | ALBA MAGNA | FITA ALBA | ALBA VERDE | DINKA ALBA | CABASMA ALBA,vivc confirmed,,,,
ALBA IMPUTATO,1,tier3,COARNA ALBA,COARNA ALBA | ALBA IMPUTOTATO | ALBA | FETEASCA ALBA | RARA ALBA | ALBA MAGNA | FITA ALBA | ALBA VERDE | DINKA ALBA | CABASMA ALBA,vivc confirmed,,,,
ALBANA DEL PANIERE,1,tier3,ALBANA,ALBANA | ALBANA BIANCA | ALBANA BORDINI | ALBANA NERA | ALBANA ROSA | ALBANA ROSSA | ALBANA NERA (TEBANO),lac emanuelli 2020,,,,
ALBILLO DE ALBACETE,1,tier3,ALBILLO MAYOR,ALBILLO MAYOR | ALBILLO REAL | ALBILLO DE GRANADA | ALBILLO DEL POZO | ALBILLO FORASTERO | ALBILLO | ALBILLO CRIOLLO | ALBILLO GALICIA | ALBILLO KRIMSKII | ALBILLO MONTE LENTISCAL,laucou 2018,,,,
ALBILLO DE GRENADA,1,tier3,ALBILLO MAYOR,ALBILLO MAYOR | ALBILLO REAL | ALBILLO DE GRANADA | ALBILLO DEL POZO | ALBILLO FORASTERO | ALBILLO | ALBILLO CRIOLLO | ALBILLO GALICIA | ALBILLO KRIMSKII | ALBILLO MONTE LENTISCAL,lac emanuelli 2020,,,,
ALBILLO MAYOR = PICADILLO,1,tier3,ALBILLO MAYOR,ALBILLO MAYOR | ALBILLO REAL | ALBILLO DE GRANADA | ALBILLO DEL POZO | ALBILLO FORASTERO | ALBILLO | LONDRA MAYOR | ALBILLO CRIOLLO | ALBILLO GALICIA | ALBILLO KRIMSKII,laucou 2018,,,,
ALICANE BOUSCHET,1,tier3,BOUSCHET PETIT,BOUSCHET PETIT | TERRET BOUSCHET | ALICANTE HENRI BOUSCHET | ASPIRAN BOUSCHET | MUSCAT BOUSCHET | CINSAUT BOUSCHET | MORRASTEL BOUSCHET | PIQUEPOUL BOUSCHET | ALICANTE BOUSCHET 7 | ARAMON BOUSCHET 4,vivc confirmed,,,,
ALICANTE (FALSE),1,tier3,ALICANTE GANZIN,ALICANTE GANZIN | ALICANTE HENRI BOUSCHET | BLACK ALICANTE | ALICANTE BLANC FAUX | BAILEY ALICANTE A | ALICANTE BOUSCHET 7 | ALICANTE ANGLAIS | PRUNESTA (FALSE) | GUARNACCIA (FALSE) | BRACCIOLA NERA (FALSE),lac emanuelli 2020,,,,
ALICANTE BOUSCHET  7,1,tier3,ALICANTE HENRI BOUSCHET,ALICANTE HENRI BOUSCHET | ALICANTE BOUSCHET 7 | ALICANTE BOUSCHET TARDIF | ALICANTE BOUSCHET X PIQUEPOUL GRIS 8 | ALICANTE BOUSCHET X PIQUEPOUL GRIS 9 | ALICANTE BOUSCHET 1 | ALICANTE BOUSCHET 2 | ALICANTE BOUSCHET 12 | ALICANTE BOUSCHET 13 | ALICANTE BOUSCHET PRECOCE,node profile,,,,
ALICANTE HENRI BOUSHET,1,tier3,ALICANTE HENRI BOUSCHET,ALICANTE HENRI BOUSCHET | ALICANTE GANZIN | BLACK ALICANTE | ALICANTE BLANC FAUX | BAILEY ALICANTE A | ALICANTE BOUSCHET 7 | ALICANTE ANGLAIS | ALICANTE BOUSCHET TARDIF | ALICANTE BOUSCHET X PIQUEPOUL GRIS 8 | ALICANTE BOUSCHET X PIQUEPOUL GRIS 9,liang 2019,,,,
ALMEIDA 17‐48‐1,1,tier3,LEAO FERREIRA DA ALMEIDA 29-54- 7,LEAO FERREIRA DA ALMEIDA 29-54- 7 | LEAO FERREIRA DA ALMEIDA 37-50- 8 | LEAO FERREIRA DA ALMEIDA 4-49- 44 | LEAO FERREIRA DA ALMEIDA 7-49- 35 | LEAO FERREIRA DA ALMEIDA 10-48- 24 | LEAO FERREIRA DA ALMEIDA 29-54- 30 | LEAO FERREIRA DA ALMEIDA 34-49- 48,lacombe 2013,,,,
ALMEIDA 34‐49‐76,1,tier3,LEAO FERREIRA DA ALMEIDA 29-54- 7,LEAO FERREIRA DA ALMEIDA 29-54- 7 | LEAO FERREIRA DA ALMEIDA 37-50- 8 | LEAO FERREIRA DA ALMEIDA 4-49- 44 | LEAO FERREIRA DA ALMEIDA 7-49- 35 | LEAO FERREIRA DA ALMEIDA 10-48- 24 | LEAO FERREIRA DA ALMEIDA 29-54- 30 | LEAO FERREIRA DA ALMEIDA 34-49- 48,lacombe 2013,,,,
ALMEIDA 37‐51‐15,1,tier3,LEAO FERREIRA DA ALMEIDA 29-54- 7,LEAO FERREIRA DA ALMEIDA 29-54- 7 | LEAO FERREIRA DA ALMEIDA 37-50- 8 | LEAO FERREIRA DA ALMEIDA 4-49- 44 | LEAO FERREIRA DA ALMEIDA 7-49- 35 | LEAO FERREIRA DA ALMEIDA 10-48- 24 | LEAO FERREIRA DA ALMEIDA 29-54- 30 | LEAO FERREIRA DA ALMEIDA 34-49- 48,lacombe 2013,,,,
ALPHONSE LAVALEE,1,tier3,ALPHONSE LAVALLEE,ALPHONSE LAVALLEE | RUPESTRIS ALPHONSE DE SERRES | ALPHONSE | ALPHONSE BLANC | ALPHONSE LAVALLEE (4N),ssr oliveira,,,,
ALZEY  7672,1,tier3,ALZEY 7672,ALZEY 7672 | ALZEY 23384 | ALZEY 2765 | ALZEY 4400 | ALZEY 5079 | ALZEY 5845 | ALZEY 10506 | ALZEY 10514 | ALZEY 10859 | ALZEY 15151,vivc confirmed,,,,
AMARAL = CAINO LONGO,1,tier3,CAINO LONGO 1,CAINO LONGO 1 | CAINO LONGO 2 | AMARAL | CAINO BRAVO | CAINO BLANCO | ANGELO LONGO | CAINO BERZAL | AMARAL BRANCO | AMARAL DE BAIAO,vivc confirmed,,,,
ANGELO PIROVANO = PIROVANO 2,1,tier3,ANGELO PIROVANO,ANGELO PIROVANO | MARIA PIROVANO | PIROVANO 5 | PIROVANO 190 | PIROVANO 1 | PIROVANO 17 | PIROVANO 3 | PIROVANO 4 | PIROVANO 6 | PIROVANO 8,ssr lacombe,,,,
ANGELO PIROVANO = PIROVANO 2 CICLOPICA = PIROVANO 60,1,tier3,ANGELO PIROVANO,ANGELO PIROVANO | MARIA PIROVANO | PIROVANO 5 | PIROVANO 190 | PIROVANO 1 | PIROVANO 17 | PIROVANO 3 | PIROVANO 4 | PIROVANO 6 | PIROVANO 8,lacombe 2013,,,,
ANGELO PIROVANO = PIROVANO 2 DELIZIA DI VAPRIO = PIROVANO 46 A,1,tier3,ANGELO PIROVANO,ANGELO PIROVANO | MARIA PIROVANO | PIROVANO 5 | PIROVANO 190 | PIROVANO 1 | PIROVANO 17 | PIROVANO 3 | PIROVANO 4 | PIROVANO 6 | PIROVANO 8,lacombe 2013,,,,
ANGELO PIROVANO = PIROVANO 2 ITALIA = PIROVANO 65,1,tier3,ANGELO PIROVANO,ANGELO PIROVANO | MARIA PIROVANO | PIROVANO 5 | PIROVANO 190 | PIROVANO 1 | PIROVANO 17 | PIROVANO 3 | PIROVANO 4 | PIROVANO 6 | PIROVANO 8,lacombe 2013,,,,
ANGELO PIROVANO = PIROVANO 2 MUSCAT DE HAMBOURG,1,tier3,ANGELO PIROVANO,ANGELO PIROVANO | MARIA PIROVANO | PIROVANO 5 | PIROVANO 190 | PIROVANO 1 | PIROVANO 17 | PIROVANO 3 | PIROVANO 4 | PIROVANO 6 | PIROVANO 8,lacombe 2013,,,,
ANGOR KALAN,1,tier3,ANGUR KALAN,ANGUR KALAN,vivc confirmed,,,,
ARAMON #,1,tier3,ARAMON NOIR,ARAMON NOIR | CITRONELLE X ARAMON | ARAMON GRIS | ARAMON PETIT | ARAMON BOUSCHET 4 | ARAMON BOUSCHET 7 | ARAMON BOUSCHET 8 | ARAMON BOUSCHET 9 | ARAMON 3 | ARAMON BLANC,ssr oliveira,,,,
ARAMON BLANC DE LA CALMETTE ARAMON,1,tier3,ARAMON BLANC DE LA CALMETTE,ARAMON BLANC DE LA CALMETTE | ARAMON BLANC | ARAMON NOIR | CITRONELLE X ARAMON | ARAMON GRIS | ARAMON PETIT | ARAMON BOUSCHET 4 | ARAMON BOUSCHET 7 | ARAMON BOUSCHET 8 | ARAMON BOUSCHET 9,lacombe 2013,,,,
ARAYATLY GARA UZUM,1,tier3,TEZ YETISHEN GARA UZUM,TEZ YETISHEN GARA UZUM | GARA GYOIBENDAM | AT UZUM | GEL UZUM | JAN UZUM | YAY UZUM | DASH UZUM | GARA GYOZ | GARA URZA | GENK UZUM,vivc confirmed,,,,
ARINTO DO DAO,1,tier3,ARINTO,ARINTO | ARINTO ROXO | ARINTO DE COLARES | ARINTO DOS ACORES | ARINTO DO INTERIOR,vivc confirmed,,,,
ARIZUL L,1,tier3,ARIZUL,ARIZUL,ssr oliveira,,,,
AROMATICA ROSE (COLLECTION CARDINAL = G 10‐30,1,tier3,AROMATICA ROSE,AROMATICA ROSE,lacombe 2013,,,,
ASPRINIO NERO,1,tier3,GRECO NERO,GRECO NERO | CANAIOLO NERO | NERO | BOMBINO NERO | PIZZUTELLO NERO | CACCIO DI FERMO NERO | MOSCATO NERO DI ACQUI | GIRO NERO | NERO GROSSO | VERDONE NERO,vivc confirmed,,,,
ASYL KARA 2,1,tier3,ASYL KARA,ASYL KARA | ASYL KARA (PS AVDEEV) | ASYL KARA (ANAPA COLLECTION) | GUZAL KARA | KARA UZYUM NUKHURSKII | BOR KARA | ALACA KARA | BASAR KARA | CATAL KARA | ALLONE KARA,vivc confirmed,,,,
AUGUSTA (NEAGU‐GEORGESCU),1,tier3,AUGUSTA,AUGUSTA | AUGUSTA LUISE,ssr lacombe,,,,
AUTOFÉCONDATION CHASSELAS N°59 CHASSELAS,1,tier3,CHASSELAS ROSE,CHASSELAS ROSE | CHASSELAS ROUGE | CHASSELAS CIOUTAT | CHASSELAS DES BOUCHES DU RHONE | CHASSELAS BLANC | CHASSELAS VIOLET | CHASSELAS QUEEN VICTORIA | CHASSELAS BABO | CHASSELAS MUSQUE | CHASSELAS OBERLIN,lacombe 2013,,,,
AUTOFÉCONDATION CHASSELAS ROSE MUSCAT À PETITS GRAINS,1,tier3,MUSCAT A PETITS GRAINS BLANCS,MUSCAT A PETITS GRAINS BLANCS | MUSCAT A PETITS GRAINS NOIRS | MUSCAT A PETITS GRAINS ROSES | MUSCAT A PETITS GRAINS ROUGES | MUSCAT A PETITS GRAINS BLANCS SEEDLESS,lacombe 2013,,,,
AUTOFÉCONDATION ITALIA N°120 ITALIA = PIROVANO 65,1,tier3,ITALIA,ITALIA | ITALIA (4N) | ITALIA RUBI | KORAI ITALIA | ROCA DE ITALIA,lacombe 2013,,,,
AUTOFÉCONDATION SAUVIGNON N°106 SAUVIGNON,1,tier3,CABERNET SAUVIGNON,CABERNET SAUVIGNON | SAUVIGNON BLANC | SAUVIGNON PICCOLO FAUX | SAUVIGNON GRIS | AUTOFECONDATION SAUVIGNON 106 | SAUVIGNON CITA | SAUVIGNON GRYN | SAUVIGNON NOIR | SAUVIGNON SARY | YAMA SAUVIGNON,lacombe 2013,,,,
AUTOFÉCONDATION SYRAH 1992 SYRAH,1,tier3,AUTOFECONDATION SYRAH 1992,AUTOFECONDATION SYRAH 1992 | SYRAH,lacombe 2013,,,,
AUTOFÉCONDATION VIOGNIER 1992 VIOGNIER,1,tier3,AUTOFECONDATION VIOGNIER 1992,AUTOFECONDATION VIOGNIER 1992 | VIOGNIER,lacombe 2013,,,,
AVARENGO N.,1,tier3,AVARENGO,AVARENGO,vivc confirmed,,,,
AXINA DE TRES BIAS,1,tier3,AXINA FURISTERA,AXINA FURISTERA | AXINA DE JERUSALEM,vivc confirmed,,,,
AÏDANI MAVRO,1,tier3,MOSCHATO MAVRO,MOSCHATO MAVRO | AITONYCHI MAVRO | AIDANI MAVRO | SANI MAVRO | MAVRO KYMIS | ATHIRI MAVRO | HIMERO MAVRO | MARONI MAVRO | MAVRO ROGKAS | RAZAKI MAVRO,laucou 2018,,,,
BACO 22 A,1,tier3,BACO BLANC,BACO BLANC | BACO NOIR | BACO 43 | BACO 10-A | BACO 10-B | BACO 15-A | BACO 16-B | BACO 18-B | BACO 20-A | BACO 23-A,ssr oliveira,,,,
BAILEY #,1,tier3,BAILEY,BAILEY | BAILEY ALICANTE A | MUSCAT BAILEY A | HIGH BAILEY | BAILEY PROLIFIC | MUSCAT BAILEY B | VITIS SOLA BAILEY | VITIS ILLEX BAILEY | BAILEY NON IDENTIFIE | MUSCAT BAILEY A (4N),ssr oliveira,,,,
BAJOR KEK,1,tier3,BAJOR SZUERKE,BAJOR SZUERKE,vivc confirmed,,,,
BAJOR KÉK,1,tier3,BAJOR SZUERKE,BAJOR SZUERKE,laucou 2018,,,,
BAJOR KÉK = AUGSTER BLAU,1,tier3,AUGSTER BLAU,AUGSTER BLAU | GAENSFUESSER BLAU | AUGSTER WEISS | ZWEIGELTREBE BLAU | ELBLING BLAU | WILDBACHER BLAU | PORTUGIESER BLAU | ZIMMETTRAUBE BLAU | KOELNER BLAU | BAJOR SZUERKE,lacombe 2013,,,,
BALOUTI (ABBAYE DE LATROUN) GRENACHE = GARNACHA,1,tier3,BALOUTI (ABBAYE DE LATROUN),BALOUTI (ABBAYE DE LATROUN),lacombe 2013,,,,
BALSAMINA (COLLECTION OBERLIN) MUSCAT SAINT‐LAURENT,1,tier3,SALICETTE (COLLECTION OBERLIN),SALICETTE (COLLECTION OBERLIN),lacombe 2013,,,,
BARBERA  96,1,tier3,BARBERA NERA,BARBERA NERA | BARBERA BIANCA | BARBERA AMARA | BARBERA SARDA | BARBERA CIARIA | BARBERA 'D DAVI | BARBERA SELVATICO | BARBERA DEL SANNIO | BARBERA DI PATRUNAT | BARBERA SELVATICO DEL GROSSETO,vivc confirmed,,,,
BASILE LOGOTHETIS = PIROVANO 77 SULTANINE,1,tier3,BASILE LOGOTHETIS,BASILE LOGOTHETIS,lacombe 2013,,,,
BASTARDO DO OUTEIRO,1,tier3,BASTARDO ESPANHOL,BASTARDO ESPANHOL | BASTARDO BLANCO | BASTARDO BRANCO | BASTARDO MAGARACHSKII | BASTARDO DOS FRADES DE BOLONIO | BASTARDO ROXO | TINTO BASTARDO | BASTARDO DE MUNEDO | CAGNULARI BASTARDO,lacombe 2013,,,,
BASTARDO DOS FRADES DE BOLONIO GIBI = HEBÉN,1,tier3,BASTARDO DOS FRADES DE BOLONIO,BASTARDO DOS FRADES DE BOLONIO,lacombe 2013,,,,
BASTRARDO BLANCO,1,tier3,VERDEJO BLANCO,VERDEJO BLANCO | PALO BLANCO | CAINO BLANCO | ABOQUEL BLANCO | DE JOSE BLANCO | DIRECTO BLANCO | BASTARDO BLANCO | LOUREIRO BLANCO | MOSCATEL BLANCO | VIJARIEGO BLANCO,lac emanuelli 2020,,,,
BAYAD (NON-IDENTIFIED),1,tier3,BAYAD (NON IDENTIFIED),BAYAD (NON IDENTIFIED) | BAYAD,laucou 2018,,,,
BELINA STAROHRVATSKA,1,tier3,BELINA SEMNICKA,BELINA SEMNICKA | ZACRETSKA BELINA | BELINA | SMUDNA BELINA | BELINA PREGARA | BELINA HIZAKOVEC | BELINA REHULJAVA,vivc confirmed,,,,
BELINA STARORVATSKA,1,tier3,BELINA SEMNICKA,BELINA SEMNICKA | ZACRETSKA BELINA | BELINA | SMUDNA BELINA | BELINA PREGARA | BELINA HIZAKOVEC | BELINA REHULJAVA,vivc confirmed,,,,
BERBECEL = APROFEHER,1,tier3,BERBECEL,BERBECEL,ssr lacombe,,,,
BERLANDIERI BOUTIN B,1,tier3,BERLANDIERI BOUTIN A,BERLANDIERI BOUTIN A | BERLANDIERI ECOLE | BERLANDIERI MAZADE | BERLANDIERI D'ANGEAC | BERLANDIERI LAFONT 9 | BERLANDIERI RESSEGUIER 1 | BERLANDIERI RESSEGUIER 2 | BERLANDIERI LENE | BERLANDIERI 10594 | BERLANDIERI TYERS,vivc confirmed,,,,
BERLANDIERI COLOMBARD 1 B,1,tier3,COLOMBARD,COLOMBARD | BERLANDIERI ECOLE | BERLANDIERI MAZADE | BERLANDIERI D'ANGEAC | BERLANDIERI LAFONT 9 | BERLANDIERI RESSEGUIER 1 | BERLANDIERI RESSEGUIER 2 | BERLANDIERI LENE | BERLANDIERI 10594 | BERLANDIERI TYERS,vivc confirmed,,,,
BERLANDIERI RESSIGUIER 2,1,tier3,BERLANDIERI ECOLE,BERLANDIERI ECOLE | BERLANDIERI MAZADE | BERLANDIERI D'ANGEAC | BERLANDIERI LAFONT 9 | BERLANDIERI RESSEGUIER 1 | BERLANDIERI RESSEGUIER 2 | BERLANDIERI LENE | BERLANDIERI 10594 | BERLANDIERI TYERS | BERLANDIERI UNGARN,vivc confirmed,,,,
BERLANDIERI X COLOMBARD 1 B OR BLANCHARD 1 B,1,tier3,COLOMBARD,COLOMBARD | BLANCHARD 2 | BLANCHARD 1 B | BERLANDIERI ECOLE | BERLANDIERI MAZADE | BERLANDIERI D'ANGEAC | BERLANDIERI LAFONT 9 | BERLANDIERI RESSEGUIER 1 | BERLANDIERI RESSEGUIER 2 | BLANCHARD 3,ssr migliaro,,,,
BERTILLE SEYVE    60,1,tier3,BERTILLE SEYVE 27,BERTILLE SEYVE 27 | BERTILLE SEYVE 1353 | BERTILLE SEYVE 2863 | BERTILLE SEYVE 3408 | BERTILLE SEYVE 6264 | BERTILLE SEYVE 6283 | BERTILLE SEYVE 4825 | BERTILLE SEYVE 1 | BERTILLE SEYVE 4 | BERTILLE SEYVE 5,node profile,,,,
BERTILLE SEYVE   318,1,tier3,BERTILLE SEYVE 27,BERTILLE SEYVE 27 | BERTILLE SEYVE 1353 | BERTILLE SEYVE 2863 | BERTILLE SEYVE 3408 | BERTILLE SEYVE 6264 | BERTILLE SEYVE 6283 | BERTILLE SEYVE 4825 | BERTILLE SEYVE 1 | BERTILLE SEYVE 4 | BERTILLE SEYVE 5,node profile,,,,
BERTILLE SEYVE   413,1,tier3,BERTILLE SEYVE 27,BERTILLE SEYVE 27 | BERTILLE SEYVE 1353 | BERTILLE SEYVE 2863 | BERTILLE SEYVE 3408 | BERTILLE SEYVE 6264 | BERTILLE SEYVE 6283 | BERTILLE SEYVE 4825 | BERTILLE SEYVE 1 | BERTILLE SEYVE 4 | BERTILLE SEYVE 5,node profile,,,,
BERTILLE SEYVE   450,1,tier3,BERTILLE SEYVE 27,BERTILLE SEYVE 27 | BERTILLE SEYVE 1353 | BERTILLE SEYVE 2863 | BERTILLE SEYVE 3408 | BERTILLE SEYVE 6264 | BERTILLE SEYVE 6283 | BERTILLE SEYVE 4825 | BERTILLE SEYVE 1 | BERTILLE SEYVE 4 | BERTILLE SEYVE 5,node profile,,,,
BERTILLE SEYVE   453,1,tier3,BERTILLE SEYVE 27,BERTILLE SEYVE 27 | BERTILLE SEYVE 1353 | BERTILLE SEYVE 2863 | BERTILLE SEYVE 3408 | BERTILLE SEYVE 6264 | BERTILLE SEYVE 6283 | BERTILLE SEYVE 4825 | BERTILLE SEYVE 1 | BERTILLE SEYVE 4 | BERTILLE SEYVE 5,node profile,,,,
BERTILLE SEYVE   460,1,tier3,BERTILLE SEYVE 27,BERTILLE SEYVE 27 | BERTILLE SEYVE 1353 | BERTILLE SEYVE 2863 | BERTILLE SEYVE 3408 | BERTILLE SEYVE 6264 | BERTILLE SEYVE 6283 | BERTILLE SEYVE 4825 | BERTILLE SEYVE 1 | BERTILLE SEYVE 4 | BERTILLE SEYVE 5,node profile,,,,
BERTILLE SEYVE   540,1,tier3,BERTILLE SEYVE 27,BERTILLE SEYVE 27 | BERTILLE SEYVE 1353 | BERTILLE SEYVE 2863 | BERTILLE SEYVE 3408 | BERTILLE SEYVE 6264 | BERTILLE SEYVE 6283 | BERTILLE SEYVE 4825 | BERTILLE SEYVE 1 | BERTILLE SEYVE 4 | BERTILLE SEYVE 5,node profile,,,,
BERTILLE SEYVE   822,1,tier3,BERTILLE SEYVE 27,BERTILLE SEYVE 27 | BERTILLE SEYVE 1353 | BERTILLE SEYVE 2863 | BERTILLE SEYVE 3408 | BERTILLE SEYVE 6264 | BERTILLE SEYVE 6283 | BERTILLE SEYVE 4825 | BERTILLE SEYVE 1 | BERTILLE SEYVE 4 | BERTILLE SEYVE 5,node profile,,,,
BERTILLE SEYVE   872,1,tier3,BERTILLE SEYVE 27,BERTILLE SEYVE 27 | BERTILLE SEYVE 1353 | BERTILLE SEYVE 2863 | BERTILLE SEYVE 3408 | BERTILLE SEYVE 6264 | BERTILLE SEYVE 6283 | BERTILLE SEYVE 4825 | BERTILLE SEYVE 1 | BERTILLE SEYVE 4 | BERTILLE SEYVE 5,node profile,,,,
BERTILLE SEYVE   893,1,tier3,BERTILLE SEYVE 27,BERTILLE SEYVE 27 | BERTILLE SEYVE 1353 | BERTILLE SEYVE 2863 | BERTILLE SEYVE 3408 | BERTILLE SEYVE 6264 | BERTILLE SEYVE 6283 | BERTILLE SEYVE 4825 | BERTILLE SEYVE 1 | BERTILLE SEYVE 4 | BERTILLE SEYVE 5,node profile,,,,
BERTILLE SEYVE  1020,1,tier3,BERTILLE SEYVE 1020,BERTILLE SEYVE 1020 | BERTILLE SEYVE 27 | BERTILLE SEYVE 1353 | BERTILLE SEYVE 2863 | BERTILLE SEYVE 3408 | BERTILLE SEYVE 6264 | BERTILLE SEYVE 6283 | BERTILLE SEYVE 4825 | BERTILLE SEYVE 1 | BERTILLE SEYVE 4,node profile,,,,
BERTILLE SEYVE  1127,1,tier3,BERTILLE SEYVE 1127,BERTILLE SEYVE 1127 | BERTILLE SEYVE 27 | BERTILLE SEYVE 1353 | BERTILLE SEYVE 2863 | BERTILLE SEYVE 3408 | BERTILLE SEYVE 6264 | BERTILLE SEYVE 6283 | BERTILLE SEYVE 4825 | BERTILLE SEYVE 1 | BERTILLE SEYVE 4,node profile,,,,
BERTILLE SEYVE  1808,1,tier3,BERTILLE SEYVE 1808,BERTILLE SEYVE 1808 | BERTILLE SEYVE 27 | BERTILLE SEYVE 1353 | BERTILLE SEYVE 2863 | BERTILLE SEYVE 3408 | BERTILLE SEYVE 6264 | BERTILLE SEYVE 6283 | BERTILLE SEYVE 4825 | BERTILLE SEYVE 1 | BERTILLE SEYVE 4,node profile,,,,
BERTILLE SEYVE  2846,1,tier3,BERTILLE SEYVE 2846,BERTILLE SEYVE 2846 | BERTILLE SEYVE 27 | BERTILLE SEYVE 1353 | BERTILLE SEYVE 2863 | BERTILLE SEYVE 3408 | BERTILLE SEYVE 6264 | BERTILLE SEYVE 6283 | BERTILLE SEYVE 4825 | BERTILLE SEYVE 1 | BERTILLE SEYVE 4,node profile,,,,
BERTILLE SEYVE  3310,1,tier3,BERTILLE SEYVE 3310,BERTILLE SEYVE 3310 | BERTILLE SEYVE 27 | BERTILLE SEYVE 1353 | BERTILLE SEYVE 2863 | BERTILLE SEYVE 3408 | BERTILLE SEYVE 6264 | BERTILLE SEYVE 6283 | BERTILLE SEYVE 4825 | BERTILLE SEYVE 1 | BERTILLE SEYVE 4,node profile,,,,
BERTILLE SEYVE  4176,1,tier3,BERTILLE SEYVE 4176,BERTILLE SEYVE 4176 | BERTILLE SEYVE 27 | BERTILLE SEYVE 1353 | BERTILLE SEYVE 2863 | BERTILLE SEYVE 3408 | BERTILLE SEYVE 6264 | BERTILLE SEYVE 6283 | BERTILLE SEYVE 4825 | BERTILLE SEYVE 1 | BERTILLE SEYVE 4,node profile,,,,
BERTILLE SEYVE  5813,1,tier3,BERTILLE SEYVE 5813,BERTILLE SEYVE 5813 | BERTILLE SEYVE 27 | BERTILLE SEYVE 1353 | BERTILLE SEYVE 2863 | BERTILLE SEYVE 3408 | BERTILLE SEYVE 6264 | BERTILLE SEYVE 6283 | BERTILLE SEYVE 4825 | BERTILLE SEYVE 1 | BERTILLE SEYVE 4,node profile,,,,
BERTILLE SEYVE  6283,1,tier3,BERTILLE SEYVE 6283,BERTILLE SEYVE 6283 | BERTILLE SEYVE 27 | BERTILLE SEYVE 1353 | BERTILLE SEYVE 2863 | BERTILLE SEYVE 3408 | BERTILLE SEYVE 6264 | BERTILLE SEYVE 4825 | BERTILLE SEYVE 1 | BERTILLE SEYVE 4 | BERTILLE SEYVE 5,node profile,,,,
BIANCONE DELL ANTELLA,1,tier3,BIANCONE,BIANCONE | BIANCONE DELLA PIEVE | BIANCONE DELL'ANTELLA,vivc confirmed,,,,
BLACK BALLADE,1,tier3,BLACK MOROCCO,BLACK MOROCCO | BLACK MONUKKA | AUTUMN BLACK | BLACK ROSE | BLACK QUEEN | BLACK ALICANTE | BLACK PRINCE (MERBEIN) | BLACK EAGLE | BLACK FERRARA | BLACK HAMBURG,liang 2019,,,,
BLACK CORINTO,1,tier3,BLACK MOROCCO,BLACK MOROCCO | BLACK MONUKKA | AUTUMN BLACK | BLACK ROSE | BLACK QUEEN | BLACK ALICANTE | BLACK PRINCE (MERBEIN) | BLACK EAGLE | BLACK FERRARA | BLACK HAMBURG,ssr oliveira,,,,
BLACK JULY #,1,tier3,EARLY BLACK JULY,EARLY BLACK JULY | BLACK MOROCCO | BLACK MONUKKA | AUTUMN BLACK | BLACK ROSE | BLACK QUEEN | BLACK ALICANTE | BLACK PRINCE (MERBEIN) | BLACK EAGLE | JULY MUSCAT,ssr oliveira,,,,
BLACK MONUCCA,1,tier3,BLACK MOROCCO,BLACK MOROCCO | BLACK MONUKKA | AUTUMN BLACK | BLACK ROSE | BLACK QUEEN | BLACK ALICANTE | BLACK PRINCE (MERBEIN) | BLACK EAGLE | BLACK FERRARA | BLACK HAMBURG,vivc confirmed,,,,
BLACK SEEDLESS,1,tier3,BLACK EMERALD SEEDLESS,BLACK EMERALD SEEDLESS | BLACK MOROCCO | RUBY SEEDLESS | BLACK MONUKKA | AUTUMN BLACK | BEAUTY SEEDLESS | BLACK ROSE | EINSET SEEDLESS | EMERALD SEEDLESS | CENTENNIAL SEEDLESS,vivc confirmed,,,,
BLANC DE MORGEX,1,tier3,CHARDONNAY BLANC,CHARDONNAY BLANC | CHENIN BLANC | SAUVIGNON BLANC | SAVAGNIN BLANC | CHAOUCH BLANC | PINOT BLANC | SEYVAL BLANC | TERRET BLANC | VILLARD BLANC | BALZAC BLANC,lac emanuelli 2020,,,,
BLUE FRENCH,1,tier3,BLUE EYE,BLUE EYE | BLUE LAKE | SWEET BLUE | BLUE SATIN | BLUE JAY | BLUE DYER | BIBBY BLUE | DRAGON BLUE | LITTLE BLUE | BLUE FAVORITE,liang 2019,,,,
BOLGAR,1,tier3,TRAKISKI BOLGAR,TRAKISKI BOLGAR | SUPER RAN BOLGAR | CHAUSH X BOLGAR 2,vivc confirmed,,,,
BONARDA #,1,tier3,BONARDA DI PIAVA,BONARDA DI PIAVA | BONARDA BIANCA | BONARDA FABBRICA | BONARDA PIEMONTESE,ssr oliveira,,,,
BONARDA DI PIAVA BIANCA,1,tier3,BONARDA DI PIAVA,BONARDA DI PIAVA | BONARDA BIANCA | BERMESTIA BIANCA | MALVASIA BIANCA | BIANCA | MALVASIA BIANCA LUNGA | MARZEMINA BIANCA | VERNACCIA BIANCA | MENNA DI VACCA BIANCA | ALBANA BIANCA,lacombe 2013,,,,
BORDEAUX),1,tier3,MOSCATEL DE OEIRAS FAUX (COLLECTION BORDEAUX),MOSCATEL DE OEIRAS FAUX (COLLECTION BORDEAUX),lacombe 2013,,,,
BRAGHINA = DINKA VOEROES,1,tier3,URMI DINKA,URMI DINKA | ZSITVAI DINKA | FADDY ZSIGA DINKA | BELA DINKA | DINKA ALBA | NOVA DINKA | UJ VOEROES | DINKA ZOELD | PECSI DINKA | BRAGHINA ALBA,vivc confirmed,,,,
BRATKOVINA BIJELI,1,tier3,BRATKOVINA CRNA,BRATKOVINA CRNA | BRATKOVINA BIJELA | POSIP BIJELI | GRK BIJELI | PRC BIJELI | RANAC BIJELI | SOLIN BIJELI | GRANAS BIJELI | PULJIZ BIJELI | MISNJAK BIJELI,vivc confirmed,,,,
BRATKOVINA CRVENA,1,tier3,BRATKOVINA CRNA,BRATKOVINA CRNA | CRVENA SLAUBANIC | BRATKOVINA BIJELA | CRVENA KRIVAJA | KRIVALJA CRVENA | POZIZDTA CRVENA | USLOVINA CRVENA | TAMJANIKA CRVENA | TROJISCINA CRVENA | VUGAVA CRVENA OMISKA,vivc confirmed,,,,
BREIDER     5-6,1,tier3,BREIDER 5-6,BREIDER 5-6 | BREIDER 2 | BREIDER 3-1 | BREIDER 19975,vivc confirmed,,,,
BRS CARMEM,1,tier3,CARMEM,CARMEM,ssr oliveira,,,,
BRS CORA,1,tier3,CORA,CORA,ssr oliveira,,,,
BRS LINDA,1,tier3,LINDA,LINDA | ROSA LINDA,ssr oliveira,,,,
BRS LORENA,1,tier3,LORENA,LORENA,ssr oliveira,,,,
BRS MARGOT,1,tier3,MARGOT,MARGOT,ssr oliveira,,,,
BRS MORENA,1,tier3,MORENA,MORENA | S. MORENA,ssr oliveira,,,,
BRS VIOLETA,1,tier3,VIOLETA,VIOLETA | VIOLETA DE MOQUEGUA,ssr oliveira,,,,
BRUNI  12,1,tier3,BRUNI 624,BRUNI 624 | BRUNI 123 | BRUNI 125 | BRUNI 179 | BRUNI 183 | BRUNI 185 | BRUNI 415 | BRUNI 475 | BRUNI 707 | BRUNI 840,vivc confirmed,,,,
BRUNI  36,1,tier3,BRUNI 624,BRUNI 624 | BRUNI 123 | BRUNI 125 | BRUNI 179 | BRUNI 183 | BRUNI 185 | BRUNI 415 | BRUNI 475 | BRUNI 707 | BRUNI 840,vivc confirmed,,,,
BRUNI  41,1,tier3,BRUNI 624,BRUNI 624 | BRUNI 123 | BRUNI 125 | BRUNI 179 | BRUNI 183 | BRUNI 185 | BRUNI 415 | BRUNI 475 | BRUNI 707 | BRUNI 840,vivc confirmed,,,,
BRUNI  45,1,tier3,BRUNI 624,BRUNI 624 | BRUNI 123 | BRUNI 125 | BRUNI 179 | BRUNI 183 | BRUNI 185 | BRUNI 415 | BRUNI 475 | BRUNI 707 | BRUNI 840,vivc confirmed,,,,
BRUNI  54,1,tier3,BRUNI 624,BRUNI 624 | BRUNI 123 | BRUNI 125 | BRUNI 179 | BRUNI 183 | BRUNI 185 | BRUNI 415 | BRUNI 475 | BRUNI 707 | BRUNI 840,vivc confirmed,,,,
BRUNI  90,1,tier3,BRUNI 624,BRUNI 624 | BRUNI 123 | BRUNI 125 | BRUNI 179 | BRUNI 183 | BRUNI 185 | BRUNI 415 | BRUNI 475 | BRUNI 707 | BRUNI 840,vivc confirmed,,,,
BURDIN  4077,1,tier3,BURDIN 4077,BURDIN 4077 | BURDIN 4650 | BURDIN 4655 | BURDIN 4672 | BURDIN 4716 | BURDIN 4727 | BURDIN 4795 | BURDIN 5201 | BURDIN 5400 | BURDIN 5406,node profile,,,,
BURDIN  4517,1,tier3,BURDIN 4517,BURDIN 4517 | BURDIN 4650 | BURDIN 4655 | BURDIN 4672 | BURDIN 4716 | BURDIN 4727 | BURDIN 4795 | BURDIN 5201 | BURDIN 5400 | BURDIN 5406,node profile,,,,
BURDIN  4555,1,tier3,BURDIN 4555,BURDIN 4555 | BURDIN 4555 (NON IDENTIFIED) | BURDIN 4650 | BURDIN 4655 | BURDIN 4672 | BURDIN 4716 | BURDIN 4727 | BURDIN 4795 | BURDIN 5201 | BURDIN 5400,node profile,,,,
BURDIN  4650,1,tier3,BURDIN 4650,BURDIN 4650 | BURDIN 4655 | BURDIN 4672 | BURDIN 4716 | BURDIN 4727 | BURDIN 4795 | BURDIN 5201 | BURDIN 5400 | BURDIN 5406 | BURDIN 5540,node profile,,,,
BURDIN  4655,1,tier3,BURDIN 4655,BURDIN 4655 | BURDIN 4650 | BURDIN 4672 | BURDIN 4716 | BURDIN 4727 | BURDIN 4795 | BURDIN 5201 | BURDIN 5400 | BURDIN 5406 | BURDIN 5540,node profile,,,,
BURDIN  4687,1,tier3,BURDIN 4687,BURDIN 4687 | BURDIN 4650 | BURDIN 4655 | BURDIN 4672 | BURDIN 4716 | BURDIN 4727 | BURDIN 4795 | BURDIN 5201 | BURDIN 5400 | BURDIN 5406,node profile,,,,
BURDIN  4795,1,tier3,BURDIN 4795,BURDIN 4795 | BURDIN 4650 | BURDIN 4655 | BURDIN 4672 | BURDIN 4716 | BURDIN 4727 | BURDIN 5201 | BURDIN 5400 | BURDIN 5406 | BURDIN 5540,node profile,,,,
BURDIN  5406,1,tier3,BURDIN 5406,BURDIN 5406 | BURDIN 4650 | BURDIN 4655 | BURDIN 4672 | BURDIN 4716 | BURDIN 4727 | BURDIN 4795 | BURDIN 5201 | BURDIN 5400 | BURDIN 5540,vivc confirmed,,,,
BURDIN  6004,1,tier3,BURDIN 6004,BURDIN 6004 | BURDIN 4650 | BURDIN 4655 | BURDIN 4672 | BURDIN 4716 | BURDIN 4727 | BURDIN 4795 | BURDIN 5201 | BURDIN 5400 | BURDIN 5406,vivc confirmed,,,,
BURDIN  7374,1,tier3,BURDIN 7374,BURDIN 7374 | BURDIN 4650 | BURDIN 4655 | BURDIN 4672 | BURDIN 4716 | BURDIN 4727 | BURDIN 4795 | BURDIN 5201 | BURDIN 5400 | BURDIN 5406,vivc confirmed,,,,
BURDIN  7696,1,tier3,BURDIN 7696,BURDIN 7696 | BURDIN 4650 | BURDIN 4655 | BURDIN 4672 | BURDIN 4716 | BURDIN 4727 | BURDIN 4795 | BURDIN 5201 | BURDIN 5400 | BURDIN 5406,vivc confirmed,,,,
BURYI 2,1,tier3,BURYI,BURYI,vivc confirmed,,,,
CABERNET FRANC #,1,tier3,CABERNET FRANC,CABERNET FRANC | CABERNET SAUVIGNON | RUBY CABERNET | GROS CABERNET | CABERNET CORTIS | CABERNET GOUDABLE | CABERNET JURA | CABERNET BLANC | CABERNET CUBIN | CABERNET DORIO,ssr oliveira,,,,
CABERNET GERNISCHET,1,tier3,CABERNET FRANC,CABERNET FRANC | CABERNET SAUVIGNON | RUBY CABERNET | GROS CABERNET | CABERNET CORTIS | CABERNET GOUDABLE | CABERNET JURA | CABERNET BLANC | CABERNET CUBIN | CABERNET DORIO,liang 2019,,,,
CACCIÒ DI FERMO NERO,1,tier3,CACCIO DI FERMO NERO,CACCIO DI FERMO NERO | GRECO NERO | CANAIOLO NERO | NERO | BOMBINO NERO | PIZZUTELLO NERO | MOSCATO NERO DI ACQUI | GIRO NERO | NERO GROSSO | VERDONE NERO,lac emanuelli 2020,,,,
CALABRESE (NERO D'AVOLA),1,tier3,CALABRESE FAUX,CALABRESE FAUX | CALABRESE DI MONTENUOVO | CALABRESE | AGLIANICO CALABRESE,lac emanuelli 2020,,,,
CALABRESERTRAUBE (COLLECTION BICANE,1,tier3,CALABRESERTRAUBE (COLLECTION RODRIAN),CALABRESERTRAUBE (COLLECTION RODRIAN) | BICANE | MATHILDE (COLLECTION TREVES) | TINTINHA (COLLECTION ESPORAO) | SALICETTE (COLLECTION PARC DE LA TETE D'OR) | BORGOGNA (COLLECTION UDINE) | SALICETTE (COLLECTION OBERLIN) | EARLY DAWN FAUX (COLLECTION RAVAZ) | EKIM KARA FAUX (COLLECTION CONEGLIANO) | GOLDMUSKATELLER (COLLECTION GEISENHEIM),lacombe 2013,,,,
CALMERIA = C11‐31‐5,1,tier3,CALMERIA,CALMERIA,lacombe 2013,,,,
CAMARALET FAUX (CONSERVATOIRE DE CABERNET FRANC,1,tier3,CABERNET FRANC,CABERNET FRANC | CAMARALET FAUX,lacombe 2013,,,,
CAMARATE = PRETO MARTINHO,1,tier3,PRETO MARTINHO,PRETO MARTINHO | MOSCATEL DE CAMARATE | PRETO CARDANA | CAMARATE TINTO | CAMARATE VERMELHO | BOAL PRETO | CRATO PRETO | DOCAR PRETO | CAINHO PRETO | PERRUM PRETO,ssr lacombe,,,,
CANNELLA NERA,1,tier3,BARBERA NERA,BARBERA NERA | PICCOLA NERA | MALVASIA NERA DI BRINDISI | ALMERIA NERA | MALVASIA NERA DI BOLZANO | MALVASIA NERA DI BASILICATA | NERA RADA | ASCERA NERA | CANINA NERA | COHEGI NERA,lac emanuelli 2020,,,,
CAOUCH ROSE,1,tier3,BLACK ROSE,BLACK ROSE | CHASSELAS ROSE | OLIVETTE ROSE | FERNAND ROSE | LAST ROSE | NIAGARA ROSE | SOVEREIGN ROSE | ROSE CIOTAT | AROMATICA ROSE | CHRISTMAS ROSE,vivc confirmed,,,,
CARDINAL #,1,tier3,CARDINAL,CARDINAL | FRUMOASA DE GHIOROC X CARDINAL | CARDINAL (4N) | CARDINAL EARLY | ROBIN CARDINAL | DUNAVSKI MISKET X CARDINAL,ssr oliveira,,,,
CARIGNAN (MAZUELO),1,tier3,CARIGNAN NOIR,CARIGNAN NOIR | CARIGNAN GRIS | CARIGNAN BLANC | CARIGNAN BOUSCHET,lac emanuelli 2020,,,,
CARLOS #,1,tier3,CARLOS,CARLOS,ssr oliveira,,,,
CASTEL    173- 38,1,tier3,CASTEL 173- 38,CASTEL 173- 38 | CASTEL 19637 | BEL CASTEL | CASTEL 10221 | CASTEL 11013 | CASTEL 13012 | CASTEL 15204 | CASTEL 15428 | CASTEL 20023 | CASTEL 20035,node profile,,,,
CASTEL   188- 08,1,tier3,CASTEL 188- 03,CASTEL 188- 03 | CASTEL 188- 04 | CASTEL 188- 08 | CASTEL 188- 10 | CASTEL 188- 15 | CASTEL 19637 | BEL CASTEL | CASTEL 10221 | CASTEL 11013 | CASTEL 13012,node profile,,,,
CASTEL   224-  1,1,tier3,CASTEL 224- 1,CASTEL 224- 1 | CASTEL 19637 | BEL CASTEL | CASTEL 10221 | CASTEL 11013 | CASTEL 13012 | CASTEL 15204 | CASTEL 15428 | CASTEL 20023 | CASTEL 20035,node profile,,,,
CASTEL  1874,1,tier3,CASTEL 1874,CASTEL 1874 | CASTEL 19637 | BEL CASTEL | CASTEL 10221 | CASTEL 11013 | CASTEL 13012 | CASTEL 15204 | CASTEL 15428 | CASTEL 20023 | CASTEL 20035,node profile,,,,
CASTEL  1919,1,tier3,CASTEL 1919,CASTEL 1919 | CASTEL 19637 | BEL CASTEL | CASTEL 10221 | CASTEL 11013 | CASTEL 13012 | CASTEL 15204 | CASTEL 15428 | CASTEL 20023 | CASTEL 20035,node profile,,,,
CASTEL  2041,1,tier3,CASTEL 2041,CASTEL 2041 | CASTEL 19637 | BEL CASTEL | CASTEL 10221 | CASTEL 11013 | CASTEL 13012 | CASTEL 15204 | CASTEL 15428 | CASTEL 20023 | CASTEL 20035,node profile,,,,
CASTEL  2181,1,tier3,CASTEL 2181,CASTEL 2181 | CASTEL 19637 | BEL CASTEL | CASTEL 10221 | CASTEL 11013 | CASTEL 13012 | CASTEL 15204 | CASTEL 15428 | CASTEL 20023 | CASTEL 20035,node profile,,,,
CASTEL  2834,1,tier3,CASTEL 2834,CASTEL 2834 | CASTEL 19637 | BEL CASTEL | CASTEL 10221 | CASTEL 11013 | CASTEL 13012 | CASTEL 15204 | CASTEL 15428 | CASTEL 20023 | CASTEL 20035,node profile,,,,
CASTEL  2838,1,tier3,CASTEL 2838,CASTEL 2838 | SEIBEL 2838 | CASTEL 19637 | BEL CASTEL | CASTEL 10221 | CASTEL 11013 | CASTEL 13012 | CASTEL 15204 | CASTEL 15428 | CASTEL 20023,node profile,,,,
CASTEL  5938,1,tier3,CASTEL 5938,CASTEL 5938 | CASTEL 19637 | BEL CASTEL | CASTEL 10221 | CASTEL 11013 | CASTEL 13012 | CASTEL 15204 | CASTEL 15428 | CASTEL 20023 | CASTEL 20035,node profile,,,,
CASTEL  6519,1,tier3,CASTEL 6519,CASTEL 6519 | CASTEL 6519 R | CASTEL 19637 | BEL CASTEL | CASTEL 10221 | CASTEL 11013 | CASTEL 13012 | CASTEL 15204 | CASTEL 15428 | CASTEL 20023,node profile,,,,
CASTEL  6519 R,1,tier3,CASTEL 6519,CASTEL 6519 | CASTEL 6519 R | CASTEL 19637 | BEL CASTEL | CASTEL 10221 | CASTEL 11013 | CASTEL 13012 | CASTEL 15204 | CASTEL 15428 | CASTEL 20023,node profile,,,,
CASTEL  6736,1,tier3,CASTEL 6736,CASTEL 6736 | CASTEL 19637 | BEL CASTEL | CASTEL 10221 | CASTEL 11013 | CASTEL 13012 | CASTEL 15204 | CASTEL 15428 | CASTEL 20023 | CASTEL 20035,node profile,,,,
CASTEL  6961,1,tier3,CASTEL 6961,CASTEL 6961 | CASTEL 19637 | BEL CASTEL | CASTEL 10221 | CASTEL 11013 | CASTEL 13012 | CASTEL 15204 | CASTEL 15428 | CASTEL 20023 | CASTEL 20035,node profile,,,,
CASTEL  6971,1,tier3,CASTEL 6971,CASTEL 6971 | CASTEL 6971 R | CASTEL 19637 | BEL CASTEL | CASTEL 10221 | CASTEL 11013 | CASTEL 13012 | CASTEL 15204 | CASTEL 15428 | CASTEL 20023,node profile,,,,
CASTEL  7229,1,tier3,CASTEL 7229,CASTEL 7229 | CASTEL 19637 | BEL CASTEL | CASTEL 10221 | CASTEL 11013 | CASTEL 13012 | CASTEL 15204 | CASTEL 15428 | CASTEL 20023 | CASTEL 20035,node profile,,,,
CASTEL  7501,1,tier3,CASTEL 7501,CASTEL 7501 | CASTEL 19637 | BEL CASTEL | CASTEL 10221 | CASTEL 11013 | CASTEL 13012 | CASTEL 15204 | CASTEL 15428 | CASTEL 20023 | CASTEL 20035,node profile,,,,
CASTEL  7605,1,tier3,CASTEL 7605,CASTEL 7605 | CASTEL 19637 | BEL CASTEL | CASTEL 10221 | CASTEL 11013 | CASTEL 13012 | CASTEL 15204 | CASTEL 15428 | CASTEL 20023 | CASTEL 20035,node profile,,,,
CASTEL  7821,1,tier3,CASTEL 7821,CASTEL 7821 | CASTEL 19637 | BEL CASTEL | CASTEL 10221 | CASTEL 11013 | CASTEL 13012 | CASTEL 15204 | CASTEL 15428 | CASTEL 20023 | CASTEL 20035,node profile,,,,
CASTEL 216-3,1,tier3,CASTEL 19637,CASTEL 19637 | BEL CASTEL | CASTEL 10221 | CASTEL 11013 | CASTEL 13012 | CASTEL 15204 | CASTEL 15428 | CASTEL 20023 | CASTEL 20035 | CASTEL 20415,vivc confirmed,,,,
CASTILLÓN DE ARCOS,1,tier3,CASTILLO DE ARCOS,CASTILLO DE ARCOS,laucou 2018,,,,
CATAWBA (4N),1,tier3,OTSUBU CATAWBA (4N),OTSUBU CATAWBA (4N) | JASHIMA (4N) X CANNON HALL (4N) | CATAWBA | ARIS (4N) | HYUGA (4N) | TAKAO (4N) | BLAUFRAENKISCH (4N) | CATAWBA S | FUEN (4N) | SOUK (4N),liang 2019,,,,
CATAWBA ROSA #,1,tier3,CATAWBA,CATAWBA | MANZONI ROSA | MOSCATEL ROSA | ROSA DEL PERU | ROSA | UVA ROSA | CATAWBA S | FIANO ROSA | MARIA ROSA | PANSA ROSA,ssr oliveira,,,,
CAYETANA BLANCA = JAÉN BLANCO,1,tier3,CAYETANA BLANCA,CAYETANA BLANCA,laucou 2018,,,,
CERCIAL DU DAO,1,tier3,CERCIAL,CERCIAL,lac emanuelli 2020,,,,
CERCIAL DU DÃO,1,tier3,CERCIAL,CERCIAL,laucou 2018,,,,
CHAKAR ANGOUR TACHKENTSKY,1,tier3,CHAKAR ANGURA SAFID,CHAKAR ANGURA SAFID | ANGOUR ASJI | ANGOUR SIAN | BOUR ANGOUR | ANGOUR SAPEN | ANGOUR SOURK | CHAKAR BIRRA | ANGOUR BOUVAKI | ANGOUR CHAHAMY | ANGOUR ISPETCH,ssr lacombe,,,,
CHAKAR ANGOUR TACHKENTSKY MATRASSA BLANC FAUX,1,tier3,MATRASSA BLANC FAUX,MATRASSA BLANC FAUX,lacombe 2013,,,,
CHAMBEAUDIERE  540,1,tier3,CHAMBEAUDIERE 1337,CHAMBEAUDIERE 1337 | CHAMBEAUDIERE 1391 | CHAMBEAUDIERE 110 | CHAMBEAUDIERE 113 | CHAMBEAUDIERE 303 | CHAMBEAUDIERE 304 | CHAMBEAUDIERE 407 | CHAMBEAUDIERE 426 | CHAMBEAUDIERE 442 | CHAMBEAUDIERE 454,node profile,,,,
CHAOUCH BILII,1,tier3,CHAOUCH BLANC,CHAOUCH BLANC | CHAOUCH ROZOVYI,vivc confirmed,,,,
CHASSELAS DES BOUCHES‐DU‐RHÔNE COARNA ALBA,1,tier3,COARNA ALBA,COARNA ALBA | COARNA ALBA AROMATA,lacombe 2013,,,,
CHASSELAS DORATO,1,tier3,CHASSELAS ROSE,CHASSELAS ROSE | CHASSELAS ROUGE | CHASSELAS CIOUTAT | CHASSELAS DES BOUCHES DU RHONE | CHASSELAS BLANC | CHASSELAS VIOLET | CHASSELAS QUEEN VICTORIA | CHASSELAS BABO | CHASSELAS MUSQUE | CHASSELAS OBERLIN,vivc confirmed,,,,
CHATUS N.,1,tier3,CHATUS,CHATUS | CHATUS ROUGE | CHATUS NOIR DE MAURE,vivc confirmed,,,,
CHIAVENNASCA BIANCA,1,tier3,BERMESTIA BIANCA,BERMESTIA BIANCA | MALVASIA BIANCA | BIANCA | MALVASIA BIANCA LUNGA | MARZEMINA BIANCA | VERNACCIA BIANCA | MENNA DI VACCA BIANCA | ALBANA BIANCA | BIONDA BIANCA | ALLIANA BIANCA,vivc confirmed,,,,
CILIEGIOLO UNIPI,1,tier3,CILIEGIOLO,CILIEGIOLO,lac emanuelli 2020,,,,
CLAIRETTE #,1,tier3,CLAIRETTE MAZEL,CLAIRETTE MAZEL | CLAIRETTE BLANCHE | CLAIRETTE ROSE | CLAIRETTE B. NICE | CLAIRETTE POINSEAU | CLAIRETTE AMERICAINE | CLAIRETTE BELDI 3612 | CLAIRETTE RESISTANTE | CLAIRETTE DOREE GANZIN | CLAIRETTE A GROS GRAINS,ssr oliveira,,,,
COLORINO (ABRUSCO),1,tier3,COLORINO DOLCE,COLORINO DOLCE | COLORINO FORTE | COLORINO DI PISA | COLORINO DI LUCCA | COLORINO NOSTRALE,lac emanuelli 2020,,,,
CONCA D'ORO (NON IDENTIFIED),1,tier3,CONCA D'ORO,CONCA D'ORO | CORNICHON BLANC (NON IDENTIFIED) | BAYAD (NON IDENTIFIED) | SEMEBAT (NON IDENTIFIED) | MOURISCO (NON IDENTIFIED) | ALA SHAANI (NON IDENTIFIED) | KHART KHART (NON IDENTIFIED) | PALESTINA I (NON IDENTIFIED) | RAMISHVILI CROSS (NON IDENTIFIED) | MALVASIA DEL LAZIO (NON IDENTIFIED),lac emanuelli 2020,,,,
CONCORD #,1,tier3,CONCORD,CONCORD | CONCORD SEEDLESS | CONCORD EARLY | CONCORD CHASSELAS | CONCORD (4N) | CONCORD GREY | CONCORD WHITE | CONCORD MUSCAT | GOLDEN CONCORD | FLORIDA CONCORD,ssr oliveira,,,,
CONCORD PRECOCE,1,tier3,CONCORD,CONCORD | CONCORD SEEDLESS | CONCORD EARLY | ISABEL PRECOCE | MALINGRE PRECOCE | CONCORD CHASSELAS | PINOT PRECOCE NOIR | DAMAS BLANC PRECOCE | COT PRECOCE DE TOURS | KNIPPERLE PRECOCE FAUX,ssr oliveira,,,,
CORAZON DE CABRITO,1,tier3,CORAZON DE GALLO,CORAZON DE GALLO,lac emanuelli 2020,,,,
CORINTHE NOIR = KORINTHIAKI,1,tier3,PINOT NOIR,PINOT NOIR | GAMAY NOIR | MERLOT NOIR | GRAND NOIR | ROUMI NOIR | ARAMON NOIR | MANSENG NOIR | CAMARAOU NOIR | CARIGNAN NOIR | JURANCON NOIR,laucou 2018,,,,
CORINTO (FALSO),1,tier3,CORINTO NERO (NON IDENTIFIED),CORINTO NERO (NON IDENTIFIED),lac emanuelli 2020,,,,
CORNICHON BLANC (NON-IDENTIFIED),1,tier3,CORNICHON BLANC,CORNICHON BLANC | CORNICHON BLANC (NON IDENTIFIED) | CHARDONNAY BLANC | CHENIN BLANC | SAUVIGNON BLANC | SAVAGNIN BLANC | CHAOUCH BLANC | PINOT BLANC | SEYVAL BLANC | TERRET BLANC,laucou 2018,,,,
CORNIOLA (FALSE),1,tier3,PRUNESTA (FALSE),PRUNESTA (FALSE) | GUARNACCIA (FALSE) | BRACCIOLA NERA (FALSE) | CORNIOLA NERA | CALORA (FALSE) | PICOLIT (FALSE) | ROSSOLA (FALSE) | BOTTAGERA (FALSE) | NEBBIOLO (FALSE) 217,lac emanuelli 2020,,,,
COSMO   2,1,tier3,COSMO 10,COSMO 10 | COSMO 2 | COSMO 4 | COSMO 7 | COSMO 9 | COSMO 101 | COSMO 91 | COSMO 93 | COSMO 94 | COSMO 95,vivc confirmed,,,,
COSMO   9,1,tier3,COSMO 10,COSMO 10 | COSMO 2 | COSMO 4 | COSMO 7 | COSMO 9 | COSMO 101 | COSMO 91 | COSMO 93 | COSMO 94 | COSMO 95,vivc confirmed,,,,
COSMO  10,1,tier3,COSMO 10,COSMO 10 | COSMO 2 | COSMO 4 | COSMO 7 | COSMO 9 | COSMO 101 | COSMO 91 | COSMO 93 | COSMO 94 | COSMO 95,vivc confirmed,,,,
COSMO  95,1,tier3,COSMO 10,COSMO 10 | COSMO 2 | COSMO 4 | COSMO 7 | COSMO 9 | COSMO 101 | COSMO 91 | COSMO 93 | COSMO 94 | COSMO 95,node profile,,,,
COUDERC     3,1,tier3,COUDERC 3309,COUDERC 3309 | COUDERC 3 | COUDERC 1202 | COUDERC 1613 | COUDERC 1616 | COUDERC 3306 | COUDERC 161- 49 | COUDERC 2 | COUDERC 13 | COUDERC 17,node profile,,,,
COUDERC     8,1,tier3,COUDERC 3309,COUDERC 3309 | COUDERC 3 | COUDERC 1202 | COUDERC 1613 | COUDERC 1616 | COUDERC 3306 | COUDERC 161- 49 | COUDERC 2 | COUDERC 13 | COUDERC 17,node profile,,,,
COUDERC     9-   3,1,tier3,COUDERC 3309,COUDERC 3309 | COUDERC 3 | COUDERC 1202 | COUDERC 1613 | COUDERC 1616 | COUDERC 3306 | COUDERC 161- 49 | COUDERC 2 | COUDERC 13 | COUDERC 17,node profile,,,,
COUDERC    10,1,tier3,COUDERC 3309,COUDERC 3309 | COUDERC 3 | COUDERC 1202 | COUDERC 1613 | COUDERC 1616 | COUDERC 3306 | COUDERC 161- 49 | COUDERC 2 | COUDERC 13 | COUDERC 17,node profile,,,,
COUDERC    14,1,tier3,COUDERC 3309,COUDERC 3309 | COUDERC 3 | COUDERC 1202 | COUDERC 1613 | COUDERC 1616 | COUDERC 3306 | COUDERC 161- 49 | COUDERC 2 | COUDERC 13 | COUDERC 17,node profile,,,,
COUDERC    19- 21,1,tier3,COUDERC 3309,COUDERC 3309 | COUDERC 3 | COUDERC 1202 | COUDERC 1613 | COUDERC 1616 | COUDERC 3306 | COUDERC 161- 49 | COUDERC 2 | COUDERC 13 | COUDERC 17,node profile,,,,
COUDERC    20,1,tier3,COUDERC 3309,COUDERC 3309 | COUDERC 3 | COUDERC 1202 | COUDERC 1613 | COUDERC 1616 | COUDERC 3306 | COUDERC 161- 49 | COUDERC 2 | COUDERC 13 | COUDERC 17,node profile,,,,
COUDERC    22,1,tier3,COUDERC 3309,COUDERC 3309 | COUDERC 3 | COUDERC 1202 | COUDERC 1613 | COUDERC 1616 | COUDERC 3306 | COUDERC 161- 49 | COUDERC 2 | COUDERC 13 | COUDERC 17,node profile,,,,
COUDERC    23,1,tier3,COUDERC 3309,COUDERC 3309 | COUDERC 3 | COUDERC 1202 | COUDERC 1613 | COUDERC 1616 | COUDERC 3306 | COUDERC 161- 49 | COUDERC 2 | COUDERC 13 | COUDERC 17,node profile,,,,
COUDERC    24,1,tier3,COUDERC 3309,COUDERC 3309 | COUDERC 3 | COUDERC 1202 | COUDERC 1613 | COUDERC 1616 | COUDERC 3306 | COUDERC 161- 49 | COUDERC 2 | COUDERC 13 | COUDERC 17,node profile,,,,
COUDERC    63- 17,1,tier3,COUDERC 3309,COUDERC 3309 | COUDERC 3 | COUDERC 1202 | COUDERC 1613 | COUDERC 1616 | COUDERC 3306 | COUDERC 161- 49 | COUDERC 2 | COUDERC 13 | COUDERC 17,node profile,,,,
COUDERC    64- 19,1,tier3,COUDERC 3309,COUDERC 3309 | COUDERC 3 | COUDERC 1202 | COUDERC 1613 | COUDERC 1616 | COUDERC 3306 | COUDERC 161- 49 | COUDERC 2 | COUDERC 13 | COUDERC 17,node profile,,,,
COUDERC    74- 17,1,tier3,COUDERC 3309,COUDERC 3309 | COUDERC 3 | COUDERC 1202 | COUDERC 1613 | COUDERC 1616 | COUDERC 3306 | COUDERC 161- 49 | COUDERC 2 | COUDERC 13 | COUDERC 17,node profile,,,,
COUDERC    82- 12,1,tier3,COUDERC 3309,COUDERC 3309 | COUDERC 3 | COUDERC 1202 | COUDERC 1613 | COUDERC 1616 | COUDERC 3306 | COUDERC 161- 49 | COUDERC 2 | COUDERC 13 | COUDERC 17,node profile,,,,
COUDERC    82- 13,1,tier3,COUDERC 3309,COUDERC 3309 | COUDERC 3 | COUDERC 1202 | COUDERC 1613 | COUDERC 1616 | COUDERC 3306 | COUDERC 161- 49 | COUDERC 2 | COUDERC 13 | COUDERC 17,node profile,,,,
COUDERC    84- 16,1,tier3,COUDERC 3309,COUDERC 3309 | COUDERC 3 | COUDERC 1202 | COUDERC 1613 | COUDERC 1616 | COUDERC 3306 | COUDERC 161- 49 | COUDERC 2 | COUDERC 13 | COUDERC 17,node profile,,,,
COUDERC    84- 18,1,tier3,COUDERC 3309,COUDERC 3309 | COUDERC 3 | COUDERC 1202 | COUDERC 1613 | COUDERC 1616 | COUDERC 3306 | COUDERC 161- 49 | COUDERC 2 | COUDERC 13 | COUDERC 17,node profile,,,,
COUDERC    85-  1,1,tier3,COUDERC 3309,COUDERC 3309 | COUDERC 3 | COUDERC 1202 | COUDERC 1613 | COUDERC 1616 | COUDERC 3306 | COUDERC 161- 49 | COUDERC 2 | COUDERC 13 | COUDERC 17,node profile,,,,
COUDERC    85- 16,1,tier3,COUDERC 3309,COUDERC 3309 | COUDERC 3 | COUDERC 1202 | COUDERC 1613 | COUDERC 1616 | COUDERC 3306 | COUDERC 161- 49 | COUDERC 2 | COUDERC 13 | COUDERC 17,node profile,,,,
COUDERC    85-113,1,tier3,COUDERC 85-113,COUDERC 85-113 | COUDERC 3309 | COUDERC 3 | COUDERC 1202 | COUDERC 1613 | COUDERC 1616 | COUDERC 3306 | COUDERC 161- 49 | COUDERC 2 | COUDERC 13,node profile,,,,
COUDERC    87- 83,1,tier3,COUDERC 3309,COUDERC 3309 | COUDERC 3 | COUDERC 1202 | COUDERC 1613 | COUDERC 1616 | COUDERC 3306 | COUDERC 161- 49 | COUDERC 2 | COUDERC 13 | COUDERC 17,node profile,,,,
COUDERC    87-115,1,tier3,COUDERC 87-115,COUDERC 87-115 | COUDERC 3309 | COUDERC 3 | COUDERC 1202 | COUDERC 1613 | COUDERC 1616 | COUDERC 3306 | COUDERC 161- 49 | COUDERC 2 | COUDERC 13,node profile,,,,
COUDERC    88- 13,1,tier3,COUDERC 3309,COUDERC 3309 | COUDERC 3 | COUDERC 1202 | COUDERC 1613 | COUDERC 1616 | COUDERC 3306 | COUDERC 161- 49 | COUDERC 2 | COUDERC 13 | COUDERC 17,node profile,,,,
COUDERC    89- 23,1,tier3,COUDERC 3309,COUDERC 3309 | COUDERC 3 | COUDERC 1202 | COUDERC 1613 | COUDERC 1616 | COUDERC 3306 | COUDERC 161- 49 | COUDERC 2 | COUDERC 13 | COUDERC 17,node profile,,,,
COUDERC    90- 38,1,tier3,COUDERC 3309,COUDERC 3309 | COUDERC 3 | COUDERC 1202 | COUDERC 1613 | COUDERC 1616 | COUDERC 3306 | COUDERC 161- 49 | COUDERC 2 | COUDERC 13 | COUDERC 17,node profile,,,,
COUDERC    92- 21,1,tier3,COUDERC 3309,COUDERC 3309 | COUDERC 3 | COUDERC 1202 | COUDERC 1613 | COUDERC 1616 | COUDERC 3306 | COUDERC 161- 49 | COUDERC 2 | COUDERC 13 | COUDERC 17,node profile,,,,
COUDERC    96- 32,1,tier3,COUDERC 3309,COUDERC 3309 | COUDERC 3 | COUDERC 1202 | COUDERC 1613 | COUDERC 1616 | COUDERC 3306 | COUDERC 161- 49 | COUDERC 2 | COUDERC 13 | COUDERC 17,node profile,,,,
COUDERC    97- 16,1,tier3,COUDERC 3309,COUDERC 3309 | COUDERC 3 | COUDERC 1202 | COUDERC 1613 | COUDERC 1616 | COUDERC 3306 | COUDERC 161- 49 | COUDERC 2 | COUDERC 13 | COUDERC 17,node profile,,,,
COUDERC    97- 95,1,tier3,COUDERC 3309,COUDERC 3309 | COUDERC 3 | COUDERC 1202 | COUDERC 1613 | COUDERC 1616 | COUDERC 3306 | COUDERC 161- 49 | COUDERC 2 | COUDERC 13 | COUDERC 17,node profile,,,,
COUDERC   121,1,tier3,COUDERC 3309,COUDERC 3309 | COUDERC 3 | COUDERC 1202 | COUDERC 1613 | COUDERC 1616 | COUDERC 3306 | COUDERC 161- 49 | COUDERC 2 | COUDERC 13 | COUDERC 17,node profile,,,,
COUDERC   122- 20,1,tier3,COUDERC 122- 20,COUDERC 122- 20 | COUDERC 3309 | COUDERC 3 | COUDERC 1202 | COUDERC 1613 | COUDERC 1616 | COUDERC 3306 | COUDERC 161- 49 | COUDERC 2 | COUDERC 13,node profile,,,,
COUDERC   126- 22,1,tier3,COUDERC 126- 8,COUDERC 126- 8 | COUDERC 126- 22 | COUDERC 3309 | COUDERC 3 | COUDERC 1202 | COUDERC 1613 | COUDERC 1616 | COUDERC 3306 | COUDERC 161- 49 | COUDERC 2,node profile,,,,
COUDERC   136- 04,1,tier3,COUDERC 136- 04,COUDERC 136- 04 | COUDERC 3309 | COUDERC 3 | COUDERC 1202 | COUDERC 1613 | COUDERC 1616 | COUDERC 3306 | COUDERC 161- 49 | COUDERC 2 | COUDERC 13,node profile,,,,
COUDERC   146- 41,1,tier3,COUDERC 146- 41,COUDERC 146- 41 | COUDERC 3309 | COUDERC 3 | COUDERC 1202 | COUDERC 1613 | COUDERC 1616 | COUDERC 3306 | COUDERC 161- 49 | COUDERC 2 | COUDERC 13,node profile,,,,
COUDERC   162-  5,1,tier3,COUDERC 162- 5,COUDERC 162- 5 | COUDERC 162- 97 | COUDERC 162- 98 | COUDERC 3309 | COUDERC 3 | COUDERC 1202 | COUDERC 1613 | COUDERC 1616 | COUDERC 3306 | COUDERC 161- 49,node profile,,,,
COUDERC   175,1,tier3,COUDERC 3309,COUDERC 3309 | COUDERC 3 | COUDERC 1202 | COUDERC 1613 | COUDERC 1616 | COUDERC 3306 | COUDERC 161- 49 | COUDERC 2 | COUDERC 13 | COUDERC 17,node profile,,,,
COUDERC   199- 81,1,tier3,COUDERC 199- 18,COUDERC 199- 18 | COUDERC 199- 81 | COUDERC 3309 | COUDERC 3 | COUDERC 1202 | COUDERC 1613 | COUDERC 1616 | COUDERC 3306 | COUDERC 161- 49 | COUDERC 2,node profile,,,,
COUDERC   201- 80,1,tier3,COUDERC 201- 24,COUDERC 201- 24 | COUDERC 201- 80 | COUDERC 3309 | COUDERC 3 | COUDERC 1202 | COUDERC 1613 | COUDERC 1616 | COUDERC 3306 | COUDERC 161- 49 | COUDERC 2,node profile,,,,
COUDERC   215- 17,1,tier3,COUDERC 215- 1,COUDERC 215- 1 | COUDERC 215- 17 | COUDERC 215- 19 | COUDERC 3309 | COUDERC 3 | COUDERC 1202 | COUDERC 1613 | COUDERC 1616 | COUDERC 3306 | COUDERC 161- 49,node profile,,,,
COUDERC   215- 19,1,tier3,COUDERC 215- 1,COUDERC 215- 1 | COUDERC 215- 17 | COUDERC 215- 19 | COUDERC 3309 | COUDERC 3 | COUDERC 1202 | COUDERC 1613 | COUDERC 1616 | COUDERC 3306 | COUDERC 161- 49,node profile,,,,
COUDERC   216-  2,1,tier3,COUDERC 216- 2,COUDERC 216- 2 | COUDERC 3309 | COUDERC 3 | COUDERC 1202 | COUDERC 1613 | COUDERC 1616 | COUDERC 3306 | COUDERC 161- 49 | COUDERC 2 | COUDERC 13,node profile,,,,
COUDERC   219,1,tier3,COUDERC 3309,COUDERC 3309 | COUDERC 3 | COUDERC 1202 | COUDERC 1613 | COUDERC 1616 | COUDERC 3306 | COUDERC 161- 49 | COUDERC 2 | COUDERC 13 | COUDERC 17,node profile,,,,
COUDERC   246-123,1,tier3,COUDERC 246-123,COUDERC 246-123 | COUDERC 3309 | COUDERC 3 | COUDERC 1202 | COUDERC 1613 | COUDERC 1616 | COUDERC 3306 | COUDERC 161- 49 | COUDERC 2 | COUDERC 13,node profile,,,,
COUDERC   251-155,1,tier3,COUDERC 251-155,COUDERC 251-155 | COUDERC 3309 | COUDERC 3 | COUDERC 1202 | COUDERC 1613 | COUDERC 1616 | COUDERC 3306 | COUDERC 161- 49 | COUDERC 2 | COUDERC 13,node profile,,,,
COUDERC   252- 14,1,tier3,COUDERC 252- 14,COUDERC 252- 14 | COUDERC 3309 | COUDERC 3 | COUDERC 1202 | COUDERC 1613 | COUDERC 1616 | COUDERC 3306 | COUDERC 161- 49 | COUDERC 2 | COUDERC 13,node profile,,,,
COUDERC   261- 50,1,tier3,COUDERC 261- 50,COUDERC 261- 50 | COUDERC 3309 | COUDERC 3 | COUDERC 1202 | COUDERC 1613 | COUDERC 1616 | COUDERC 3306 | COUDERC 161- 49 | COUDERC 2 | COUDERC 13,node profile,,,,
COUDERC   265,1,tier3,COUDERC 3309,COUDERC 3309 | COUDERC 3 | COUDERC 1202 | COUDERC 1613 | COUDERC 1616 | COUDERC 3306 | COUDERC 161- 49 | COUDERC 2 | COUDERC 13 | COUDERC 17,node profile,,,,
COUDERC   287 BIS A,1,tier3,COUDERC 3309,COUDERC 3309 | COUDERC 3 | COUDERC 1202 | COUDERC 1613 | COUDERC 1616 | COUDERC 3306 | COUDERC 161- 49 | COUDERC 2 | COUDERC 13 | COUDERC 17,node profile,,,,
COUDERC   337- 50,1,tier3,COUDERC 337- 50,COUDERC 337- 50 | COUDERC 337- 81 | COUDERC 3309 | COUDERC 3 | COUDERC 1202 | COUDERC 1613 | COUDERC 1616 | COUDERC 3306 | COUDERC 161- 49 | COUDERC 2,node profile,,,,
COUDERC   338- 84,1,tier3,COUDERC 338- 84,COUDERC 338- 84 | COUDERC 338- 88 | COUDERC 3309 | COUDERC 3 | COUDERC 1202 | COUDERC 1613 | COUDERC 1616 | COUDERC 3306 | COUDERC 161- 49 | COUDERC 2,node profile,,,,
COUDERC   404,1,tier3,COUDERC 3309,COUDERC 3309 | COUDERC 3 | COUDERC 1202 | COUDERC 1613 | COUDERC 1616 | COUDERC 3306 | COUDERC 161- 49 | COUDERC 2 | COUDERC 13 | COUDERC 17,node profile,,,,
COUDERC   532-  4,1,tier3,COUDERC 532- 4,COUDERC 532- 4 | COUDERC 3309 | COUDERC 3 | COUDERC 1202 | COUDERC 1613 | COUDERC 1616 | COUDERC 3306 | COUDERC 161- 49 | COUDERC 2 | COUDERC 13,node profile,,,,
COUDERC   554,1,tier3,COUDERC 3309,COUDERC 3309 | COUDERC 3 | COUDERC 1202 | COUDERC 1613 | COUDERC 1616 | COUDERC 3306 | COUDERC 161- 49 | COUDERC 2 | COUDERC 13 | COUDERC 17,node profile,,,,
COUDERC   582-  4,1,tier3,COUDERC 582- 4,COUDERC 582- 4 | COUDERC 3309 | COUDERC 3 | COUDERC 1202 | COUDERC 1613 | COUDERC 1616 | COUDERC 3306 | COUDERC 161- 49 | COUDERC 2 | COUDERC 13,node profile,,,,
COUDERC   604,1,tier3,COUDERC 3309,COUDERC 3309 | COUDERC 3 | COUDERC 1202 | COUDERC 1613 | COUDERC 1616 | COUDERC 3306 | COUDERC 161- 49 | COUDERC 2 | COUDERC 13 | COUDERC 17,node profile,,,,
COUDERC   639- 15,1,tier3,COUDERC 639- 15,COUDERC 639- 15 | COUDERC 3309 | COUDERC 3 | COUDERC 1202 | COUDERC 1613 | COUDERC 1616 | COUDERC 3306 | COUDERC 161- 49 | COUDERC 2 | COUDERC 13,node profile,,,,
COUDERC   802,1,tier3,COUDERC 3309,COUDERC 3309 | COUDERC 3 | COUDERC 1202 | COUDERC 1613 | COUDERC 1616 | COUDERC 3306 | COUDERC 161- 49 | COUDERC 2 | COUDERC 13 | COUDERC 17,node profile,,,,
COUDERC  1102,1,tier3,COUDERC 1102,COUDERC 1102 | COUDERC 3309 | COUDERC 3 | COUDERC 1202 | COUDERC 1613 | COUDERC 1616 | COUDERC 3306 | COUDERC 161- 49 | COUDERC 2 | COUDERC 13,node profile,,,,
COUDERC  1106,1,tier3,COUDERC 1106,COUDERC 1106 | COUDERC 3309 | COUDERC 3 | COUDERC 1202 | COUDERC 1613 | COUDERC 1616 | COUDERC 3306 | COUDERC 161- 49 | COUDERC 2 | COUDERC 13,node profile,,,,
COUDERC  1203,1,tier3,COUDERC 1203,COUDERC 1203 | COUDERC 3309 | COUDERC 3 | COUDERC 1202 | COUDERC 1613 | COUDERC 1616 | COUDERC 3306 | COUDERC 161- 49 | COUDERC 2 | COUDERC 13,node profile,,,,
COUDERC  1206,1,tier3,COUDERC 1206,COUDERC 1206 | COUDERC 3309 | COUDERC 3 | COUDERC 1202 | COUDERC 1613 | COUDERC 1616 | COUDERC 3306 | COUDERC 161- 49 | COUDERC 2 | COUDERC 13,node profile,,,,
COUDERC  1208,1,tier3,COUDERC 1208,COUDERC 1208 | COUDERC 3309 | COUDERC 3 | COUDERC 1202 | COUDERC 1613 | COUDERC 1616 | COUDERC 3306 | COUDERC 161- 49 | COUDERC 2 | COUDERC 13,node profile,,,,
COUDERC  1301,1,tier3,COUDERC 1301,COUDERC 1301 | COUDERC 3309 | COUDERC 3 | COUDERC 1202 | COUDERC 1613 | COUDERC 1616 | COUDERC 3306 | COUDERC 161- 49 | COUDERC 2 | COUDERC 13,node profile,,,,
COUDERC  1304,1,tier3,COUDERC 1304,COUDERC 1304 | COUDERC 3309 | COUDERC 3 | COUDERC 1202 | COUDERC 1613 | COUDERC 1616 | COUDERC 3306 | COUDERC 161- 49 | COUDERC 2 | COUDERC 13,node profile,,,,
COUDERC  1305,1,tier3,COUDERC 1305,COUDERC 1305 | COUDERC 3309 | COUDERC 3 | COUDERC 1202 | COUDERC 1613 | COUDERC 1616 | COUDERC 3306 | COUDERC 161- 49 | COUDERC 2 | COUDERC 13,node profile,,,,
COUDERC  1613- 57,1,tier3,COUDERC 1613- 57,COUDERC 1613- 57 | COUDERC 3309 | COUDERC 3 | COUDERC 1202 | COUDERC 1613 | COUDERC 1616 | COUDERC 3306 | COUDERC 161- 49 | COUDERC 2 | COUDERC 13,node profile,,,,
COUDERC  1661,1,tier3,COUDERC 1661,COUDERC 1661 | COUDERC 3309 | COUDERC 3 | COUDERC 1202 | COUDERC 1613 | COUDERC 1616 | COUDERC 3306 | COUDERC 161- 49 | COUDERC 2 | COUDERC 13,node profile,,,,
COUDERC  1904,1,tier3,COUDERC 1904,COUDERC 1904 | COUDERC 3309 | COUDERC 3 | COUDERC 1202 | COUDERC 1613 | COUDERC 1616 | COUDERC 3306 | COUDERC 161- 49 | COUDERC 2 | COUDERC 13,node profile,,,,
COUDERC  2061,1,tier3,COUDERC 2061,COUDERC 2061 | COUDERC 3309 | COUDERC 3 | COUDERC 1202 | COUDERC 1613 | COUDERC 1616 | COUDERC 3306 | COUDERC 161- 49 | COUDERC 2 | COUDERC 13,node profile,,,,
COUDERC  226- 58,1,tier3,COUDERC 226- 4,COUDERC 226- 4 | COUDERC 226- 58 | COUDERC 3309 | COUDERC 3 | COUDERC 1202 | COUDERC 1613 | COUDERC 1616 | COUDERC 3306 | COUDERC 161- 49 | COUDERC 2,node profile,,,,
COUDERC  2627- 11,1,tier3,COUDERC 2627- 11,COUDERC 2627- 11 | COUDERC 3309 | COUDERC 3 | COUDERC 1202 | COUDERC 1613 | COUDERC 1616 | COUDERC 3306 | COUDERC 161- 49 | COUDERC 2 | COUDERC 13,node profile,,,,
COUDERC  2859,1,tier3,COUDERC 2859,COUDERC 2859 | COUDERC 3309 | COUDERC 3 | COUDERC 1202 | COUDERC 1613 | COUDERC 1616 | COUDERC 3306 | COUDERC 161- 49 | COUDERC 2 | COUDERC 13,node profile,,,,
COUDERC  3301,1,tier3,COUDERC 3301,COUDERC 3301 | COUDERC 3309 | COUDERC 3 | COUDERC 1202 | COUDERC 1613 | COUDERC 1616 | COUDERC 3306 | COUDERC 161- 49 | COUDERC 2 | COUDERC 13,node profile,,,,
COUDERC  3303,1,tier3,COUDERC 3303,COUDERC 3303 | COUDERC 3309 | COUDERC 3 | COUDERC 1202 | COUDERC 1613 | COUDERC 1616 | COUDERC 3306 | COUDERC 161- 49 | COUDERC 2 | COUDERC 13,node profile,,,,
COUDERC  3311,1,tier3,COUDERC 3311,COUDERC 3311 | COUDERC 3309 | COUDERC 3 | COUDERC 1202 | COUDERC 1613 | COUDERC 1616 | COUDERC 3306 | COUDERC 161- 49 | COUDERC 2 | COUDERC 13,node profile,,,,
COUDERC  3601,1,tier3,COUDERC 3601,COUDERC 3601 | COUDERC 3309 | COUDERC 3 | COUDERC 1202 | COUDERC 1613 | COUDERC 1616 | COUDERC 3306 | COUDERC 161- 49 | COUDERC 2 | COUDERC 13,node profile,,,,
COUDERC  4306,1,tier3,COUDERC 4306,COUDERC 4306 | COUDERC 3309 | COUDERC 3 | COUDERC 1202 | COUDERC 1613 | COUDERC 1616 | COUDERC 3306 | COUDERC 161- 49 | COUDERC 2 | COUDERC 13,node profile,,,,
COUDERC  4986,1,tier3,COUDERC 4986,COUDERC 4986 | COUDERC 3309 | COUDERC 3 | COUDERC 1202 | COUDERC 1613 | COUDERC 1616 | COUDERC 3306 | COUDERC 161- 49 | COUDERC 2 | COUDERC 13,node profile,,,,
COUDERC  5412,1,tier3,COUDERC 5412,COUDERC 5412 | COUDERC 3309 | COUDERC 3 | COUDERC 1202 | COUDERC 1613 | COUDERC 1616 | COUDERC 3306 | COUDERC 161- 49 | COUDERC 2 | COUDERC 13,node profile,,,,
COUDERC  6055,1,tier3,COUDERC 6055,COUDERC 6055 | COUDERC 3309 | COUDERC 3 | COUDERC 1202 | COUDERC 1613 | COUDERC 1616 | COUDERC 3306 | COUDERC 161- 49 | COUDERC 2 | COUDERC 13,node profile,,,,
COUDERC  7201,1,tier3,COUDERC 7201,COUDERC 7201 | COUDERC 3309 | COUDERC 3 | COUDERC 1202 | COUDERC 1613 | COUDERC 1616 | COUDERC 3306 | COUDERC 161- 49 | COUDERC 2 | COUDERC 13,node profile,,,,
COUDERC  7502,1,tier3,COUDERC 7502,COUDERC 7502 | COUDERC 3309 | COUDERC 3 | COUDERC 1202 | COUDERC 1613 | COUDERC 1616 | COUDERC 3306 | COUDERC 161- 49 | COUDERC 2 | COUDERC 13,node profile,,,,
COUDERC 161-49,1,tier3,COUDERC 3309,COUDERC 3309 | COUDERC 3 | COUDERC 1202 | COUDERC 1613 | COUDERC 1616 | COUDERC 3306 | COUDERC 161- 49 | COUDERC 2 | COUDERC 13 | COUDERC 17,vivc confirmed,,,,
COUDERC 25 (QUESTIONABLE),1,tier3,COUDERC 3309,COUDERC 3309 | COUDERC 3 | COUDERC 1202 | COUDERC 1613 | COUDERC 1616 | COUDERC 3306 | COUDERC 161- 49 | COUDERC 2 | COUDERC 13 | COUDERC 17,lac emanuelli 2020,,,,
COUTINHO  6,1,tier3,COUTINHO 6,COUTINHO 6 | COUTINHO 19,vivc confirmed,,,,
CRIOLLA   1,1,tier3,CRIOLLA GRANDE SANJUANINA,CRIOLLA GRANDE SANJUANINA | CRIOLLA 5 | CRIOLLA BLANCA | CRIOLLA MEDIANA | CRIOLLA DE SIJAN | MALVASIA CRIOLLA | CRIOLLA DE TINOGASTA | CRIOLLA 1 | CRIOLLA 6 | CRIOLLA 125,vivc confirmed,,,,
CRIOLLA   5,1,tier3,CRIOLLA GRANDE SANJUANINA,CRIOLLA GRANDE SANJUANINA | CRIOLLA 5 | CRIOLLA BLANCA | CRIOLLA MEDIANA | CRIOLLA DE SIJAN | MALVASIA CRIOLLA | CRIOLLA DE TINOGASTA | CRIOLLA 1 | CRIOLLA 6 | CRIOLLA 125,vivc confirmed,,,,
CRIOLLA   6,1,tier3,CRIOLLA GRANDE SANJUANINA,CRIOLLA GRANDE SANJUANINA | CRIOLLA 5 | CRIOLLA BLANCA | CRIOLLA MEDIANA | CRIOLLA DE SIJAN | MALVASIA CRIOLLA | CRIOLLA DE TINOGASTA | CRIOLLA 1 | CRIOLLA 6 | CRIOLLA 125,vivc confirmed,,,,
CROATINA N.,1,tier3,CROATINA,CROATINA | CROATINA BIANCA | CROATINA DI ROVESCALA,vivc confirmed,,,,
DALMASSO  3-32,1,tier3,DALMASSO 3-32,DALMASSO 3-32 | DALMASSO 10-10 | DALMASSO 11- 2 | DALMASSO 11- 5 | DALMASSO 11- 8 | DALMASSO 10- 4 | DALMASSO 11- 6 | DALMASSO 11-20 | DALMASSO 15-28 | DALMASSO 15-33,vivc confirmed,,,,
DALMASSO  3-33,1,tier3,DALMASSO 3-33,DALMASSO 3-33 | DALMASSO 10-10 | DALMASSO 11- 2 | DALMASSO 11- 5 | DALMASSO 11- 8 | DALMASSO 10- 4 | DALMASSO 11- 6 | DALMASSO 11-20 | DALMASSO 15-28 | DALMASSO 15-33,vivc confirmed,,,,
DALMASSO  4- 6,1,tier3,DALMASSO 10-10,DALMASSO 10-10 | DALMASSO 11- 2 | DALMASSO 11- 5 | DALMASSO 11- 8 | DALMASSO 10- 4 | DALMASSO 11- 6 | DALMASSO 11-20 | DALMASSO 15-28 | DALMASSO 15-33 | DALMASSO 28-24,vivc confirmed,,,,
DALMASSO  4-27,1,tier3,DALMASSO 4-27,DALMASSO 4-27 | DALMASSO 10-10 | DALMASSO 11- 2 | DALMASSO 11- 5 | DALMASSO 11- 8 | DALMASSO 10- 4 | DALMASSO 11- 6 | DALMASSO 11-20 | DALMASSO 15-28 | DALMASSO 15-33,node profile,,,,
DALMASSO  5- 1,1,tier3,DALMASSO 10-10,DALMASSO 10-10 | DALMASSO 11- 2 | DALMASSO 11- 5 | DALMASSO 11- 8 | DALMASSO 10- 4 | DALMASSO 11- 6 | DALMASSO 11-20 | DALMASSO 15-28 | DALMASSO 15-33 | DALMASSO 28-24,vivc confirmed,,,,
DALMASSO  6- 6,1,tier3,DALMASSO 10-10,DALMASSO 10-10 | DALMASSO 11- 2 | DALMASSO 11- 5 | DALMASSO 11- 8 | DALMASSO 10- 4 | DALMASSO 11- 6 | DALMASSO 11-20 | DALMASSO 15-28 | DALMASSO 15-33 | DALMASSO 28-24,vivc confirmed,,,,
DALMASSO  6- 9,1,tier3,DALMASSO 10-10,DALMASSO 10-10 | DALMASSO 11- 2 | DALMASSO 11- 5 | DALMASSO 11- 8 | DALMASSO 10- 4 | DALMASSO 11- 6 | DALMASSO 11-20 | DALMASSO 15-28 | DALMASSO 15-33 | DALMASSO 28-24,vivc confirmed,,,,
DALMASSO  6-24,1,tier3,DALMASSO 6-24,DALMASSO 6-24 | DALMASSO 10-10 | DALMASSO 11- 2 | DALMASSO 11- 5 | DALMASSO 11- 8 | DALMASSO 10- 4 | DALMASSO 11- 6 | DALMASSO 11-20 | DALMASSO 15-28 | DALMASSO 15-33,vivc confirmed,,,,
DALMASSO  7-23,1,tier3,DALMASSO 7-23,DALMASSO 7-23 | DALMASSO 10-10 | DALMASSO 11- 2 | DALMASSO 11- 5 | DALMASSO 11- 8 | DALMASSO 10- 4 | DALMASSO 11- 6 | DALMASSO 11-20 | DALMASSO 15-28 | DALMASSO 15-33,node profile,,,,
DALMASSO  8- 1,1,tier3,DALMASSO 10-10,DALMASSO 10-10 | DALMASSO 11- 2 | DALMASSO 11- 5 | DALMASSO 11- 8 | DALMASSO 10- 4 | DALMASSO 11- 6 | DALMASSO 11-20 | DALMASSO 15-28 | DALMASSO 15-33 | DALMASSO 28-24,vivc confirmed,,,,
DALMASSO  8-10,1,tier3,DALMASSO 8-10,DALMASSO 8-10 | DALMASSO 10-10 | DALMASSO 11- 2 | DALMASSO 11- 5 | DALMASSO 11- 8 | DALMASSO 10- 4 | DALMASSO 11- 6 | DALMASSO 11-20 | DALMASSO 15-28 | DALMASSO 15-33,node profile,,,,
DALMASSO  9-  2,1,tier3,DALMASSO 10-10,DALMASSO 10-10 | DALMASSO 11- 2 | DALMASSO 11- 5 | DALMASSO 11- 8 | DALMASSO 10- 4 | DALMASSO 11- 6 | DALMASSO 11-20 | DALMASSO 15-28 | DALMASSO 15-33 | DALMASSO 28-24,vivc confirmed,,,,
DALMASSO 14-   4,1,tier3,DALMASSO 10-10,DALMASSO 10-10 | DALMASSO 11- 2 | DALMASSO 11- 5 | DALMASSO 11- 8 | DALMASSO 10- 4 | DALMASSO 11- 6 | DALMASSO 11-20 | DALMASSO 15-28 | DALMASSO 15-33 | DALMASSO 28-24,vivc confirmed,,,,
DARKAIA NOIR = COARNA NEAGRA,1,tier3,COARNA NEAGRA,COARNA NEAGRA | COARNA NEAGRA SELECTIONATA | COARNA NEAGRA AROMATA | COARNA NEAGRA TAMIIOASA | COARNA TURCEASCA NEAGRA,laucou 2018,,,,
DARKEIA NOIR,1,tier3,PINOT NOIR,PINOT NOIR | GAMAY NOIR | MERLOT NOIR | GRAND NOIR | ROUMI NOIR | ARAMON NOIR | MANSENG NOIR | CAMARAOU NOIR | CARIGNAN NOIR | JURANCON NOIR,vivc confirmed,,,,
DATTIER DE BEYROUTH = AFUZ ALI ANGELO PIROVANO = PIROVANO 2,1,tier3,ANGELO PIROVANO,ANGELO PIROVANO,lacombe 2013,,,,
DATTIER DE SAINT VALLIER,1,tier3,DATTIER DE ST. VALLIER,DATTIER DE ST. VALLIER | MESLIER SAINT FRANCOIS | SAINT LAURENT | SAINT COME | DATTIER NOIR | SAINT FIACRE | SAINT LOUIS FAUX | SAINT PIERRE DORE | MUSCAT DE ST. VALLIER BLANC | SAINT PAUL,vivc confirmed,,,,
DAVIS B 40-29,1,tier3,DAVIS Z 4- 87,DAVIS Z 4- 87 | DAVIS J 17- 53 | DAVIS J 17- 58 | DAVIS J 17- 69 | DAVIS K 48- 35 | DAVIS K 48- 38 | DAVIS K 48- 43 | DAVIS K 48- 45 | DAVIS K 48- 48 | DAVIS K 51- 32,vivc confirmed,,,,
"DAVIS B 46,43",1,tier3,DAVIS Z 4- 87,DAVIS Z 4- 87 | DAVIS J 17- 53 | DAVIS J 17- 58 | DAVIS J 17- 69 | DAVIS K 48- 35 | DAVIS K 48- 38 | DAVIS K 48- 43 | DAVIS K 48- 45 | DAVIS K 48- 48 | DAVIS K 51- 32,vivc confirmed,,,,
DAVIS B 46-43,1,tier3,DAVIS Z 4- 87,DAVIS Z 4- 87 | DAVIS J 17- 53 | DAVIS J 17- 58 | DAVIS J 17- 69 | DAVIS K 48- 35 | DAVIS K 48- 38 | DAVIS K 48- 43 | DAVIS K 48- 45 | DAVIS K 48- 48 | DAVIS K 51- 32,vivc confirmed,,,,
DAVIS K  5- 20,1,tier3,DAVIS Z 4- 87,DAVIS Z 4- 87 | DAVIS J 17- 53 | DAVIS J 17- 58 | DAVIS J 17- 69 | DAVIS K 48- 35 | DAVIS K 48- 38 | DAVIS K 48- 43 | DAVIS K 48- 45 | DAVIS K 48- 48 | DAVIS K 51- 32,node profile,,,,
DEDO DE DAMA.,1,tier3,DEDO DE DAMA,DEDO DE DAMA,vivc confirmed,,,,
DELIZIA DI VAPRIO = PIROVANO 46 A,1,tier3,DELIZIA DI VAPRIO,DELIZIA DI VAPRIO | MARIA PIROVANO | ANGELO PIROVANO | PIROVANO 5 | PIROVANO 190 | PIROVANO 1 | PIROVANO 17 | DELIZIA GIALLA | PIROVANO 3 | PIROVANO 4,lacombe 2013,,,,
DELIZIA DI VAPRIO = PIROVANO 46 A MUSCAT D'ALEXANDRIE,1,tier3,DELIZIA DI VAPRIO,DELIZIA DI VAPRIO,lacombe 2013,,,,
DELIZIA GIALLA = PIROVANO 266,1,tier3,DELIZIA GIALLA,DELIZIA GIALLA | DELIZIA DI VAPRIO | MARIA PIROVANO | RIBOLLA GIALLA | ANGELO PIROVANO | PIROVANO 5 | PIROVANO 190 | PIROVANO 1 | PIROVANO 17 | PIROVANO 3,ssr lacombe,,,,
DELIZIA GIALLA = PIROVANO 266 MUSCAT DE HAMBOURG,1,tier3,DELIZIA GIALLA,DELIZIA GIALLA,lacombe 2013,,,,
DES BORDS SABLEUX,1,tier3,RIPARIA DES BORDS SABLEUX,RIPARIA DES BORDS SABLEUX,ssr migliaro,,,,
DINKA ZOLD,1,tier3,URMI DINKA,URMI DINKA | ZSITVAI DINKA | FADDY ZSIGA DINKA | BELA DINKA | DINKA ALBA | NOVA DINKA | DINKA ZOELD | PECSI DINKA | DINKA (RUZIKA) | BOGDANSKA DINKA,lac emanuelli 2020,,,,
DINKA ZÖLD,1,tier3,URMI DINKA,URMI DINKA | ZSITVAI DINKA | FADDY ZSIGA DINKA | BELA DINKA | DINKA ALBA | NOVA DINKA | DINKA ZOELD | PECSI DINKA | DINKA (RUZIKA) | BOGDANSKA DINKA,laucou 2018,,,,
DOLCETTO CNR-UNITO,1,tier3,DOLCETTO,DOLCETTO | DOLCETTO BIANCO,lac emanuelli 2020,,,,
DONA ZILÁ,1,tier3,DONA MARIA,DONA MARIA | A DONA | DONA JOAQUINA | DONA ANA | DONA ZILA | BELLA DONA | KRASA DONA | ATLANT DONA | DONA EMILIA | LAL DONA SORH,ssr oliveira,,,,
DOUX D'HENRY N.,1,tier3,DOUX NOIR,DOUX NOIR | DOUX D'HENRI,vivc confirmed,,,,
DUFOUR 11 F,1,tier3,DUFOUR,DUFOUR | DUFOUR 11F,ssr migliaro,,,,
EBADI B  98,1,tier3,EBADI A 119,EBADI A 119 | EBADI L 125 | EBADI B 98 | EBADI I 21 | EBADI I 73 | EBADI K 67 | EBADI K 93 | EBADI R 80 | EBADI R 84 | EBADI S 40,vivc confirmed,,,,
EBADI I  21,1,tier3,EBADI A 119,EBADI A 119 | EBADI L 125 | EBADI B 98 | EBADI I 21 | EBADI I 73 | EBADI K 67 | EBADI K 93 | EBADI R 80 | EBADI R 84 | EBADI S 40,vivc confirmed,,,,
EBADI I  73,1,tier3,EBADI A 119,EBADI A 119 | EBADI L 125 | EBADI B 98 | EBADI I 21 | EBADI I 73 | EBADI K 67 | EBADI K 93 | EBADI R 80 | EBADI R 84 | EBADI S 40,vivc confirmed,,,,
EBADI K  67,1,tier3,EBADI A 119,EBADI A 119 | EBADI L 125 | EBADI B 98 | EBADI I 21 | EBADI I 73 | EBADI K 67 | EBADI K 93 | EBADI R 80 | EBADI R 84 | EBADI S 40,vivc confirmed,,,,
EBADI K  93,1,tier3,EBADI A 119,EBADI A 119 | EBADI L 125 | EBADI B 98 | EBADI I 21 | EBADI I 73 | EBADI K 67 | EBADI K 93 | EBADI R 80 | EBADI R 84 | EBADI S 40,vivc confirmed,,,,
EBADI R  80,1,tier3,EBADI A 119,EBADI A 119 | EBADI L 125 | EBADI B 98 | EBADI I 21 | EBADI I 73 | EBADI K 67 | EBADI K 93 | EBADI R 80 | EBADI R 84 | EBADI S 40,vivc confirmed,,,,
EBADI R  84,1,tier3,EBADI A 119,EBADI A 119 | EBADI L 125 | EBADI B 98 | EBADI I 21 | EBADI I 73 | EBADI K 67 | EBADI K 93 | EBADI R 80 | EBADI R 84 | EBADI S 40,vivc confirmed,,,,
EBADI S  40,1,tier3,EBADI A 119,EBADI A 119 | EBADI L 125 | EBADI B 98 | EBADI I 21 | EBADI I 73 | EBADI K 67 | EBADI K 93 | EBADI R 80 | EBADI R 84 | EBADI S 40,vivc confirmed,,,,
EBADI S  54,1,tier3,EBADI A 119,EBADI A 119 | EBADI L 125 | EBADI B 98 | EBADI I 21 | EBADI I 73 | EBADI K 67 | EBADI K 93 | EBADI R 80 | EBADI R 84 | EBADI S 40,vivc confirmed,,,,
EBADI S  55,1,tier3,EBADI A 119,EBADI A 119 | EBADI L 125 | EBADI B 98 | EBADI I 21 | EBADI I 73 | EBADI K 67 | EBADI K 93 | EBADI R 80 | EBADI R 84 | EBADI S 40,vivc confirmed,,,,
ECOLE MONTPELLIER  34,1,tier3,ECOLE MONTPELLIER 34,ECOLE MONTPELLIER 34 | ECOLE MONTPELLIER 142 | ECOLE MONTPELLIER 33 | ECOLE MONTPELLIER 35 | ECOLE MONTPELLIER 45 | ECOLE MONTPELLIER 46 | ECOLE MONTPELLIER 102 | ECOLE MONTPELLIER 136 | ECOLE MONTPELLIER 139 | ECOLE MONTPELLIER 149,node profile,,,,
ELVIRA #,1,tier3,ELVIRA,ELVIRA,ssr oliveira,,,,
EZEREVES MAGYARORSZAG EMLEKE CHASSELAS,1,tier3,EZEREVES MAGYARORSZAG EMLEKE,EZEREVES MAGYARORSZAG EMLEKE,lacombe 2013,,,,
EZEREVES MAGYARORSZAG EMLEKE THALLOCSY LAJOS MUSKOTALY =,1,tier3,EZEREVES MAGYARORSZAG EMLEKE,EZEREVES MAGYARORSZAG EMLEKE,lacombe 2013,,,,
EZEREVES MAGYAROSZAG EMLEKE,1,tier3,EZEREVES MAGYARORSZAG EMLEKE,EZEREVES MAGYARORSZAG EMLEKE | BICZO BALINT EMLEKE | GIZELLA EMLEKE | EGRI NOEK EMLEKE | HIROES HET EMLEKE | KOCSIS PAL EMLEKE | JOSEFIN PECSI EMLEKE | KOCSIS ISTVAN EMLEKE | MATHIASZ JANOS EMLEKE | RETHY LACI BACSI EMLEKE,vivc confirmed,,,,
F AHMAR DERANI,1,tier3,AHMAR DERANI,AHMAR DERANI | AHMAR MAWARDI | ABLAK AHMAR | CHAMI AHMAR | ZEINI AHMAR | KHARZI AHMAR | AHMAR EL NABI | AHMAR KARAWANI | HALBOUTI AHMAR | ABBAS PACHA AHMAR,lacombe 2013,,,,
F AHMEUR BOU AHMEUR,1,tier3,AHMEUR BOU AHMEUR,AHMEUR BOU AHMEUR | AHMEUR LAOUD | AHMEUR MONARDE,lacombe 2013,,,,
F ALFROCHEIRO PRETO,1,tier3,ALFROCHEIRO,ALFROCHEIRO | PRETO CARDANA | PRETO MARTINHO | BOAL PRETO | CRATO PRETO | DOCAR PRETO | CAINHO PRETO | PERRUM PRETO | CACHUDO PRETO | CASTICO PRETO,lacombe 2013,,,,
F ALICANTE HENRI BOUSCHET,1,tier3,ALICANTE HENRI BOUSCHET,ALICANTE HENRI BOUSCHET | ALICANTE BOUSCHET 7 | ALICANTE BOUSCHET TARDIF | ALICANTE BOUSCHET X PIQUEPOUL GRIS 8 | ALICANTE BOUSCHET X PIQUEPOUL GRIS 9 | ALICANTE BOUSCHET 1 | ALICANTE BOUSCHET 2 | ALICANTE BOUSCHET 12 | ALICANTE BOUSCHET 13 | ALICANTE BOUSCHET PRECOCE,lacombe 2013,,,,
F ALPHONSE LAVALLÉE,1,tier3,ALPHONSE LAVALLEE,ALPHONSE LAVALLEE | RUPESTRIS ALPHONSE DE SERRES | ALPHONSE | ALPHONSE BLANC | ALPHONSE LAVALLEE (4N),lacombe 2013,,,,
F AMARAL = CAIÑO LONGO,1,tier3,AMARAL,AMARAL | ANGELO LONGO | AMARAL BRANCO | CAINO LONGO 1 | CAINO LONGO 2 | AMARAL DE BAIAO,lacombe 2013,,,,
F ASSOUED KERE,1,tier3,ASSOUED KERE,ASSOUED KERE | LATSU KERE | ASSOUED ZEME,lacombe 2013,,,,
F ASSYL KARA,1,tier3,GUZAL KARA,GUZAL KARA | KARA UZYUM NUKHURSKII | BOR KARA | ASYL KARA | ALACA KARA | BASAR KARA | CATAL KARA | ALLONE KARA | DIMRIT KARA | DINGIL KARA,lacombe 2013,,,,
F AUBUN,1,tier3,AUBUN,AUBUN | AUBUN PEARL,lacombe 2013,,,,
F AZOUGAH,1,tier3,AZOUGAH,AZOUGAH,lacombe 2013,,,,
F BEAUTY SEEDLESS,1,tier3,BEAUTY SEEDLESS,BEAUTY SEEDLESS | RUBY SEEDLESS | EINSET SEEDLESS | EMERALD SEEDLESS | CENTENNIAL SEEDLESS | DAWN SEEDLESS | CANNER SEEDLESS | BRONX SEEDLESS | FLAME SEEDLESS | MUSCAT SEEDLESS,lacombe 2013,,,,
F BERBECEL = APROFEHER,1,tier3,BERBECEL,BERBECEL,lacombe 2013,,,,
F BLANK BLAUER = VULPEA,1,tier3,VULPEA,VULPEA | FRUEHER BLAUER WAELSCHER X FARBTRAUBE NR. 4 | BLANK WEISS | VULPEA FAUX | BLAUER GROSSER | BLAUER TWANNER | JACOBIN BLAUER,lacombe 2013,,,,
F BOUCHEREAU,1,tier3,BOUCHEREAU,BOUCHEREAU,lacombe 2013,,,,
F BRUSTIANO FAUX (COLLECTION PARC DE (COLLECTION TORRES S.A.),1,tier3,SALICETTE (COLLECTION PARC DE LA TETE D'OR),SALICETTE (COLLECTION PARC DE LA TETE D'OR) | EARLY DAWN FAUX (COLLECTION RAVAZ) | EKIM KARA FAUX (COLLECTION CONEGLIANO) | ICHKIMAR BELYI FAUX (COLLECTION KICHINEV) | MOSCATEL DE OEIRAS FAUX (COLLECTION BORDEAUX),lacombe 2013,,,,
F BRUSTIANO FAUX (COLLECTION PARC DE LA TÊTE D'OR),1,tier3,SALICETTE (COLLECTION PARC DE LA TETE D'OR),SALICETTE (COLLECTION PARC DE LA TETE D'OR),lacombe 2013,,,,
F CHASSELAS,1,tier3,CHASSELAS ROSE,CHASSELAS ROSE | CHASSELAS ROUGE | CHASSELAS CIOUTAT | CHASSELAS DES BOUCHES DU RHONE | CHASSELAS BLANC | CHASSELAS VIOLET | CHASSELAS QUEEN VICTORIA | CHASSELAS BABO | CHASSELAS MUSQUE | CHASSELAS OBERLIN,lacombe 2013,,,,
F CHIKKI,1,tier3,CHIKKI,CHIKKI,lacombe 2013,,,,
F CLAIRETTE,1,tier3,CLAIRETTE MAZEL,CLAIRETTE MAZEL | CLAIRETTE BLANCHE | CLAIRETTE ROSE | CLAIRETTE B. NICE | CLAIRETTE POINSEAU | CLAIRETTE AMERICAINE | CLAIRETTE BELDI 3612 | CLAIRETTE RESISTANTE | CLAIRETTE DOREE GANZIN | CLAIRETTE A GROS GRAINS,lacombe 2013,,,,
F CORINTHE NOIR,1,tier3,PINOT NOIR,PINOT NOIR | GAMAY NOIR | MERLOT NOIR | GRAND NOIR | ROUMI NOIR | ARAMON NOIR | MANSENG NOIR | CAMARAOU NOIR | CARIGNAN NOIR | JURANCON NOIR,lacombe 2013,,,,
F CORTEZA NERA,1,tier3,BARBERA NERA,BARBERA NERA | PICCOLA NERA | MALVASIA NERA DI BRINDISI | ALMERIA NERA | MALVASIA NERA DI BOLZANO | MALVASIA NERA DI BASILICATA | NERA RADA | ASCERA NERA | CANINA NERA | COHEGI NERA,lacombe 2013,,,,
F COT = MALBEC,1,tier3,CABERNET MALBEC 1,CABERNET MALBEC 1 | CABERNET MALBEC 2 | CABERNET MALBEC 4 | MALBEC PRECOCE,lacombe 2013,,,,
F COURBU,1,tier3,GROS COURBU DE SEMIS,GROS COURBU DE SEMIS | COURBU BLANC | COURBU NOIR | COURBU PETIT,lacombe 2013,,,,
F CROUCHEN,1,tier3,CROUCHEN,CROUCHEN,lacombe 2013,,,,
F CRUCIULITA,1,tier3,CRUCIULITA,CRUCIULITA,lacombe 2013,,,,
F DATTIER DE BEYROUTH = AFUZ ALI,1,tier3,DATTIER DE ST. VALLIER,DATTIER DE ST. VALLIER | DATTIER NOIR | DATTIER PRECOCE DE SEIBEL,lacombe 2013,,,,
F DEDO DE DAMA,1,tier3,DEDO DE DAMA,DEDO DE DAMA,lacombe 2013,,,,
F DELIGHT,1,tier3,DELIGHT,DELIGHT | EVANS DELIGHT | AFRICAN DELIGHT | TOPICAL DELIGHT,lacombe 2013,,,,
F DELIZIA DI VAPRIO = PIROVANO 46 A,1,tier3,DELIZIA DI VAPRIO,DELIZIA DI VAPRIO | MARIA PIROVANO | ANGELO PIROVANO | PIROVANO 5 | PIROVANO 190 | PIROVANO 1 | PIROVANO 17 | DELIZIA GIALLA | PIROVANO 3 | PIROVANO 4,lacombe 2013,,,,
F EKIM KARA FAUX (COLLECTION CONEGLIANO),1,tier3,EKIM KARA FAUX (COLLECTION CONEGLIANO),EKIM KARA FAUX (COLLECTION CONEGLIANO) | EKIM KARA | EARLY DAWN FAUX (COLLECTION RAVAZ) | ICHKIMAR BELYI FAUX (COLLECTION KICHINEV) | MOSCATEL DE OEIRAS FAUX (COLLECTION BORDEAUX),lacombe 2013,,,,
F EZERJO,1,tier3,EZERJO,EZERJO | CSERSZEGI EZERJO,lacombe 2013,,,,
F FRANCUSE,1,tier3,FRANCUSE,FRANCUSE,lacombe 2013,,,,
F FRANKENTHAL = SCHIAVA GROSSA,1,tier3,SCHIAVA GROSSA,SCHIAVA GROSSA | SCHIAVA GROSSA (4N) | SCHIAVA GENTILE | AGLIANICO GRANA GROSSA | GROSSA | CODA GROSSA | KODA GROSSA | NERA GROSSA | BERLA GROSSA | SCHIAVA BIANCA,lacombe 2013,,,,
F FURMINT,1,tier3,FURMINT,FURMINT | FURMINT PIROS | FURMINT DE MINIS | FURMINT VALTOEZOE,lacombe 2013,,,,
F GARGANEGA = GRECANICO,1,tier3,GARGANEGA,GARGANEGA | GARGANEGA MASCIO | GARGANEGA VICENTINA,lacombe 2013,,,,
F GOUAIS BLANC = HEUNISCH WEISS,1,tier3,HEUNISCH WEISS,HEUNISCH WEISS | HEUNISCH WEISS SEEDLESS,lacombe 2013,,,,
F GROS COLMAN,1,tier3,GROS COLMAN BLANC,GROS COLMAN BLANC | GROS CABERNET | MAROC GROS | GROS BEC | COLMAN BLANC | GROS MANSOIS | GROS COURBU DE SEMIS | GROS DORE | PEJAC GROS | MANSENG GROS BLANC,lacombe 2013,,,,
F GYÖNGY FEHER,1,tier3,LISZTES FEHER,LISZTES FEHER | HARS FEHER | TODOR FEHER | GYOENGY FEHER | KADARKA FEHER | KAVACSI FEHER | OSZTRAK FEHER | VALLASI FEHER | CZOLLNER FEHER | CSERSZEGI FEHER,lacombe 2013,,,,
F HAMVAS,1,tier3,HAMVAS,HAMVAS,lacombe 2013,,,,
F HEPTAKILO,1,tier3,HEPTAKILO,HEPTAKILO | HEPTAKILO ASPRO,lacombe 2013,,,,
F KADARKA,1,tier3,KADARKA KEK,KADARKA KEK | OLASZ KADARKA | KADARKA OREG | KADARKA SRB | KADARKA FEHER | KADARKA PIROS | MESZI KADARKA | KADARKA SZUERKE | KADARKA TOEROEK,lacombe 2013,,,,
F KAISI ROUMI,1,tier3,ROUMI NOIR,ROUMI NOIR | KAISI ROMI | KAISI | KAISI BALADI,lacombe 2013,,,,
F KECSKECSECSU ROSZAS PIROS,1,tier3,TOEKOES PIROS,TOEKOES PIROS | OEROEKKE PIROS | SEIP PIROS | SZEP PIROS | BOROS PIROS | CSABA PIROS | GOHER PIROS | KORAI PIROS | LUBIK PIROS | GENUAI PIROS,lacombe 2013,,,,
F KHALILI BELYI,1,tier3,KHALILI BELYI,KHALILI BELYI | KOKURDES BELYI | KOKUR BELYI | SATENI BELYI | SHAANI BELYI | BULANYI BELYI | ARAKSENI BELYI | KHUSAINE BELYI | ECHKE MEME BELYI | SUKHOLIMANSKII BELYI,lacombe 2013,,,,
F KHOUSSAÏNÉ BLANC,1,tier3,CHARDONNAY BLANC,CHARDONNAY BLANC | CHENIN BLANC | SAUVIGNON BLANC | SAVAGNIN BLANC | CHAOUCH BLANC | PINOT BLANC | SEYVAL BLANC | TERRET BLANC | VILLARD BLANC | BALZAC BLANC,lacombe 2013,,,,
F KICHMICH ROND,1,tier3,TERRAMON ROND,TERRAMON ROND | KARA KICHMICH OVROUT,lacombe 2013,,,,
F KICHMICH TCHERNI,1,tier3,KARA KICHMICH OVROUT,KARA KICHMICH OVROUT,lacombe 2013,,,,
F KOKOUR BELY,1,tier3,POJONI BELY,POJONI BELY | KAIRAKI BELY | ZELENIAN BELY | KROKONATE BELY | LAZAREVSKY BELY | CROUSHEVSKI BELY,lacombe 2013,,,,
F LISZTES FEHER,1,tier3,LISZTES FEHER,LISZTES FEHER | HARS FEHER | TODOR FEHER | GYOENGY FEHER | KADARKA FEHER | KAVACSI FEHER | LISZTES PIROS | OSZTRAK FEHER | VALLASI FEHER | CZOLLNER FEHER,lacombe 2013,,,,
F MADELEINE ANGEVINE OBERLIN,1,tier3,MADELEINE ANGEVINE OBERLIN,MADELEINE ANGEVINE OBERLIN | MADELEINE ANGEVINE | MADELEINE ANGEVINE (4N) | MADELEINE ROYALE | MADELEINE DE CLERMONT | MADELEINE CELINE | OBERLIN 477 | OBERLIN 604 | OBERLIN 605 | OBERLIN 782,lacombe 2013,,,,
F MADELEINE ROYALE,1,tier3,MADELEINE ROYALE,MADELEINE ROYALE | MADELEINE ANGEVINE | MADELEINE DE CLERMONT | MADELEINE ANGEVINE OBERLIN | MADELEINE CELINE | MADELEINE SAEMLING 18 | MADELEINE | MADELEINE NOIRE | SOVEREIGN ROYALE | MADELEINE JULIETTE,lacombe 2013,,,,
F MANCENS = GIRO DE BALEARES,1,tier3,GIRO SARDO,GIRO SARDO | GIRO NERO | GIRO DI BOSA | GIRO ROS | GIRO BLANCO | GIRO DI GONNOS,lacombe 2013,,,,
F MANTEUDO = MANTUO DE PILAS,1,tier3,MANTEUDO,MANTEUDO | MANTUO MORADO | MANTEUDO PRETO | MANTUO DE GRANADA,lacombe 2013,,,,
F MAROCAIN NOIR,1,tier3,MAROCAIN NOIR,MAROCAIN NOIR | PINOT NOIR | GAMAY NOIR | MERLOT NOIR | GRAND NOIR | ROUMI NOIR | ARAMON NOIR | MANSENG NOIR | CAMARAOU NOIR | CARIGNAN NOIR,lacombe 2013,,,,
F MATHIASZ JANOSNE = MATHIASZ 210,1,tier3,MATHIASZ JANOSNE,MATHIASZ JANOSNE | MATHIASZ 135 | MATHIASZ 166 | MATHIASZ 179 | MATHIASZ 219 | MATHIASZ 221 | MATHIASZ 224 | MATHIASZ PISTA | MATHIASZ ROZSI | MATHIASZ JOZSEF,lacombe 2013,,,,
F MAVRODAPHNI,1,tier3,MAVRODAPHNI,MAVRODAPHNI,lacombe 2013,,,,
F MORRASTEL = GRACIANO,1,tier3,GRACIANO,GRACIANO | MORRASTEL BOUSCHET | MORRASTEL FAUX | GRACIANO DORATO | BOUSCHET PETIT X MORRASTEL 3 | BOUSCHET PETIT X MORRASTEL 5 | BOUSCHET PETIT X MORRASTEL 7 | MORRASTEL BOUSCHET A PETITS GRAINS | BOUSCHET PETIT X MORRASTEL FLEURI 1 | MORRASTEL BOUSCHET A FEUILLES LISSES,lacombe 2013,,,,
F MOURVÈDRE = MONASTRELL,1,tier3,MONASTRELL,MONASTRELL,lacombe 2013,,,,
F MUSCAT D'ALEXANDRIE,1,tier3,MUSCAT OTTONEL,MUSCAT OTTONEL | MUSCAT HAMBURG | EARLY MUSCAT | GOLDEN MUSCAT | MUSCAT OF ALEXANDRIA | MUSCAT A PETITS GRAINS BLANCS | NEW YORK MUSCAT | MUSCAT FLEUR D'ORANGER | MUSCAT MIKVEH | MUSCAT LIERVAL,lacombe 2013,,,,
F MUSCAT DE HAMBOURG,1,tier3,MUSCAT OTTONEL,MUSCAT OTTONEL | MUSCAT HAMBURG | EARLY MUSCAT | GOLDEN MUSCAT | MUSCAT OF ALEXANDRIA | MUSCAT A PETITS GRAINS BLANCS | NEW YORK MUSCAT | MUSCAT FLEUR D'ORANGER | MUSCAT MIKVEH | MUSCAT LIERVAL,lacombe 2013,,,,
F MUSCAT FLEUR D'ORANGER,1,tier3,MUSCAT FLEUR D'ORANGER,MUSCAT FLEUR D'ORANGER | MUSCAT FLEUR D'ORANGER FAUX (MACLET BOTTON) | MUSCAT OTTONEL | MUSCAT HAMBURG | EARLY MUSCAT | GOLDEN MUSCAT | MUSCAT OF ALEXANDRIA | MUSCAT A PETITS GRAINS BLANCS | NEW YORK MUSCAT | MUSCAT MIKVEH,lacombe 2013,,,,
F MUSCAT À PETITS GRAINS,1,tier3,MUSCAT A PETITS GRAINS BLANCS,MUSCAT A PETITS GRAINS BLANCS | MUSCAT A PETITS GRAINS NOIRS | MUSCAT A PETITS GRAINS ROSES | MUSCAT A PETITS GRAINS ROUGES | MUSCAT A PETITS GRAINS BLANCS SEEDLESS | MORRASTEL BOUSCHET A PETITS GRAINS | MUSCAT OTTONEL | MUSCAT HAMBURG | EARLY MUSCAT | GOLDEN MUSCAT,lacombe 2013,,,,
F OLIVETTE ROSE,1,tier3,OLIVETTE ROSE,OLIVETTE ROSE | OLIVETTE BLANCHE | BLACK ROSE | CHASSELAS ROSE | OLIVETTE NOIRE | FERNAND ROSE | OLIVETTE BARTHELET | LAST ROSE | NIAGARA ROSE | SOVEREIGN ROSE,lacombe 2013,,,,
F ONDENC,1,tier3,ONDENC,ONDENC | ONDENC GRIS,lacombe 2013,,,,
F ORG TOKOS,1,tier3,ORG TOKOS,ORG TOKOS,lacombe 2013,,,,
F PARDINA = JAEN BLANCO,1,tier3,VERDEJO BLANCO,VERDEJO BLANCO | PARDINA | JAEN TINTO | PALO BLANCO | CAINO BLANCO | ABOQUEL BLANCO | DE JOSE BLANCO | DIRECTO BLANCO | BASTARDO BLANCO | LOUREIRO BLANCO,lacombe 2013,,,,
F PASCAL,1,tier3,PASCAL BLANC,PASCAL BLANC,lacombe 2013,,,,
F PEHLIVAN KARA = PAPIGI KARA,1,tier3,PEHLIVAN KARA,PEHLIVAN KARA | GUZAL KARA | KARA UZYUM NUKHURSKII | BOR KARA | ASYL KARA | ALACA KARA | BASAR KARA | CATAL KARA | ALLONE KARA | DIMRIT KARA,lacombe 2013,,,,
F PERLETTE,1,tier3,PERLETTE,PERLETTE | PERLETTE (4N) | PERLETTE LOOSE,lacombe 2013,,,,
F PINOT,1,tier3,PINOT NOIR,PINOT NOIR | PINOT GRIS | PINOT BLANC | PINOT MEUNIER | PINOT SALOMON | PINOT PRECOCE NOIR | PINOT KORS | PINOT NOVA | PINOT ROSE | FALSE PINOT,lacombe 2013,,,,
F PIQUEPOUL,1,tier3,PIQUEPOUL BOUSCHET,PIQUEPOUL BOUSCHET | ALICANTE BOUSCHET X PIQUEPOUL GRIS 8 | ALICANTE BOUSCHET X PIQUEPOUL GRIS 9 | PIQUEPOUL GRIS | PIQUEPOUL NOIR | PIQUEPOUL BLANC | PIQUEPOUL BLANC FAUX | BOUSCHET PETIT X PIQUEPOUL 2 | CINSAUT BOUSCHET X PIQUEPOUL | ALICANTE BOUSCHET X PIQUEPOUL 12,lacombe 2013,,,,
F PLANT D'ENTRECHAUX (ALLEMAND),1,tier3,PLANT D'ENTRECHAUX,PLANT D'ENTRECHAUX | PLANT DROIT | PLANT D'IMPERS | PLANT DE BRUNEL | PLANT DE DEKKER | PLANT DE CAUZETTE | PLANT DE DUBOSC 2 | PLANT DE FLASSANS | PLANT DE VINCELLES | PLANT TEINTURIER DU PLANTOU,lacombe 2013,,,,
F PLANT DE DUBOSC 2,1,tier3,PLANT DE DUBOSC 2,PLANT DE DUBOSC 2 | PLANT DE DUBOSC 1 | PLANT DROIT | PLANT D'IMPERS | PLANT DE BRUNEL | PLANT DE DEKKER | PLANT DE CAUZETTE | PLANT DE FLASSANS | PLANT DE VINCELLES | PLANT TEINTURIER DU PLANTOU,lacombe 2013,,,,
F PLANT DE MAVAULT (GUIRAULT),1,tier3,PLANT DE MAVAULT,PLANT DE MAVAULT | PLANT DROIT | PLANT D'IMPERS | PLANT DE BRUNEL | PLANT DE DEKKER | PLANT DE CAUZETTE | PLANT DE DUBOSC 2 | PLANT DE FLASSANS | PLANT DE VINCELLES | PLANT TEINTURIER DU PLANTOU,lacombe 2013,,,,
F POBEDA,1,tier3,POBEDA,POBEDA,lacombe 2013,,,,
F PROKUPAC,1,tier3,PROKUPAC,PROKUPAC,lacombe 2013,,,,
F PRÉCOCE DE MALINGRE,1,tier3,MALINGRE PRECOCE,MALINGRE PRECOCE | MALINGRE SEEMIK,lacombe 2013,,,,
F RAZACHIE ROSIE,1,tier3,COARNA ROSIE,COARNA ROSIE | ROSIE | MALAGA ROSIE | MAJARCA ROSIE | RAZACHIE ALBA | BRAGHINA ROSIE | PERLA MARE ROSIE | GRASA ROSIE SCHILLER,lacombe 2013,,,,
F REINE DES VIGNES,1,tier3,A LA REINE,A LA REINE | REINE,lacombe 2013,,,,
F RIESLING,1,tier3,RIESLING WEISS,RIESLING WEISS | EMERALD RIESLING | MISSOURI RIESLING | OKANAGAN RIESLING | RIESLING LION | RIESLING FORTE | RIESLING HEILIGENSTEIN | RIESLING ROT | RIESLING BLAU | RIESLING LINNER,lacombe 2013,,,,
F SANTA PAULA,1,tier3,SANTA PAULA,SANTA PAULA | SANTA PAULA FAUX | SANTA PAULA DEL MARCHALEJO | AGUA SANTA | SANTA MAGDALENA | SANTA MARIA | PAULA | UVA SANTA | SANTA CLARA | SANTA LUCIA,lacombe 2013,,,,
F SARY PANDASS,1,tier3,SARY AIGYR,SARY AIGYR | SARY ANGUR | SARY GILYA | SARY KIRAK | SARY KOKUR | SARY UZYUM | SARY ALDARA | SARY PANDAS | CHIVSIZ SARY | SARY ANGUSHTY,lacombe 2013,,,,
F SAVAGNIN = TRAMINER,1,tier3,SAVAGNIN BLANC,SAVAGNIN BLANC | SAVAGNIN ROSE | TRAMINER GRIS | TRAMINER SIGNUM | TRAMINER STELLA,lacombe 2013,,,,
F SULTANINE,1,tier3,SULTANINE MONOCOCCO,SULTANINE MONOCOCCO | SULTANINE NOIRE FAUX | SULTANINE ROSE (NON IDENTIFIED),lacombe 2013,,,,
F SYLVANER,1,tier3,MADELEINE SYLVANER,MADELEINE SYLVANER,lacombe 2013,,,,
F TERRET,1,tier3,TERRET BOUSCHET,TERRET BOUSCHET | TERRET BLANC | TERRET GRIS | TERRET NOIR,lacombe 2013,,,,
F TETA DE VACA,1,tier3,TETA DE VACA TINTA,TETA DE VACA TINTA | TETA DE VACA BLANCA | RABO DE VACA | PEZON DE VACA | TETA DA BURRA | TETA DA NEGRA | MAMELLA DE VACA,lacombe 2013,,,,
F TINTA GROSSA D'ALENTEJO,1,tier3,SCHIAVA GROSSA,SCHIAVA GROSSA | TINTA BARROCA | GARNACHA TINTA | FORCALLAT TINTA | TINTA FRANCISCA | ROJAL TINTA | TINTA POMAR | TINTA TINTO | ANADIA TINTA | TINTA AGUIAR,lacombe 2013,,,,
F TOURIGA NACIONAL,1,tier3,TOURIGA NACIONAL,TOURIGA NACIONAL | TOURIGA FRANCA | TOURIGA FEMEA,lacombe 2013,,,,
F TROUSSEAU = BASTARDO,1,tier3,BASTARDO ESPANHOL,BASTARDO ESPANHOL | TROUSSEAU NOIR | TROUSSEAU GRIS | BASTARDO BLANCO | BASTARDO BRANCO | BASTARDO MAGARACHSKII | BASTARDO DOS FRADES DE BOLONIO | BASTARDO ROXO | TINTO BASTARDO | BASTARDO DE MUNEDO,lacombe 2013,,,,
F TSITSA KAPREI,1,tier3,TSITSA KAPREI,TSITSA KAPREI | TSITSA SACHKHERIS,lacombe 2013,,,,
F UGNI BLANC = TREBBIANO TOSCANO,1,tier3,TREBBIANO TOSCANO,TREBBIANO TOSCANO | MAINGONNAT BELDI X UGNI BLANC | UGNI BLANC FLESHLESS BERRY | UGNI BLANC A FEUILLE DECOUPEE,lacombe 2013,,,,
F VALENCI BLANCO = BEBA,1,tier3,VERDEJO BLANCO,VERDEJO BLANCO | BEBA | PALO BLANCO | CAINO BLANCO | VALENCI TINTO | ABOQUEL BLANCO | DE JOSE BLANCO | DIRECTO BLANCO | BASTARDO BLANCO | LOUREIRO BLANCO,lacombe 2013,,,,
F VARIÉTÉ D'OASIS DEGACHE 28,1,tier3,VARIETE D'OASIS DEGACHE 28,VARIETE D'OASIS DEGACHE 28 | VARIETE D'OASIS DEGACHE 30 | VARIETE D'OASIS TOZEUR 1 | VARIETE D'OASIS X | VARIETE D'OASIS NEFTA 38 | VARIETE D'OASIS TOZEUR 7 | VARIETE D'OASIS TOZEUR 9 | VARIETE D'OASIS TOZEUR 17 | VARIETE D'OASIS TOZEUR 22 | VARIETE D'OASIS TOZEUR 25,lacombe 2013,,,,
F VARIÉTÉ D'OASIS TOZEUR 1,1,tier3,VARIETE D'OASIS TOZEUR 1,VARIETE D'OASIS TOZEUR 1 | VARIETE D'OASIS TOZEUR 7 | VARIETE D'OASIS TOZEUR 9 | VARIETE D'OASIS TOZEUR 17 | VARIETE D'OASIS TOZEUR 22 | VARIETE D'OASIS TOZEUR 25 | VARIETE D'OASIS TOZEUR 26 | VARIETE D'OASIS DEGACHE 28 | VARIETE D'OASIS X | VARIETE D'OASIS NEFTA 38,lacombe 2013,,,,
F VERJUS,1,tier3,VERJUS,VERJUS,lacombe 2013,,,,
F VIGNE DE WOOD,1,tier3,VIGNE DE WOOD,VIGNE DE WOOD | VIGNE BLANCHE | VIGNE DE ZOULA | VIGNE SAUVAGE FAUX | VIGNE SAUVAGE FAUX OBERLIN 3 | VIGNE SAUVAGE FAUX FETHIYE 58-64 | VIGNE SAUVAGE FAUX GUEMUELDER 105-64 | VIGNE SAUVAGE FAUX PUENTE DE EL BURGO,lacombe 2013,,,,
F VOSKEAT,1,tier3,VOSKEAT,VOSKEAT | VOSKEAT VAGAAS,lacombe 2013,,,,
F YAPINCAK,1,tier3,YAPINCAK,YAPINCAK | BADEM SOEBUE YAPINCAK,lacombe 2013,,,,
F ZEMOASA = TIMPURIE,1,tier3,TAMIIOASA TIMPURIE,TAMIIOASA TIMPURIE,lacombe 2013,,,,
F ÖREG KADARKA,1,tier3,KADARKA KEK,KADARKA KEK | OLASZ KADARKA | KADARKA OREG | KADARKA SRB | KADARKA FEHER | KADARKA PIROS | MESZI KADARKA | KADARKA SZUERKE | KADARKA TOEROEK,lacombe 2013,,,,
FABERREBE = ALZEY 10375,1,tier3,ALZEY 23384,ALZEY 23384 | FABERREBE | ALZEY 2765 | ALZEY 4400 | ALZEY 5079 | ALZEY 5845 | ALZEY 7672 | ALZEY 10506 | ALZEY 10514 | ALZEY 10859,lacombe 2013,,,,
FEINRIESLING FAUX (COLLECTION TRIER) RIESLING,1,tier3,FEINRIESLING FAUX,FEINRIESLING FAUX | EARLY DAWN FAUX (COLLECTION RAVAZ) | EKIM KARA FAUX (COLLECTION CONEGLIANO) | ICHKIMAR BELYI FAUX (COLLECTION KICHINEV) | MOSCATEL DE OEIRAS FAUX (COLLECTION BORDEAUX),lacombe 2013,,,,
FENGHUANG NO.51,1,tier3,FENGHUANG 12,FENGHUANG 12 | FENGHUANG 51,liang 2019,,,,
FERLE  50,1,tier3,FERLE PEGOES,FERLE PEGOES | FERLE DE MOCAMEDES | FERLE | FERLE 1 | FERLE 20 | FERLE 50 | FERLE 67 | FERLE 76 | FERLE 95 | FERLE 101,vivc confirmed,,,,
FERLE  76,1,tier3,FERLE PEGOES,FERLE PEGOES | FERLE DE MOCAMEDES | FERLE | FERLE 1 | FERLE 20 | FERLE 50 | FERLE 67 | FERLE 76 | FERLE 95 | FERLE 101,vivc confirmed,,,,
FERLÉ 76 = LEAO FERREIRA DA FERLONGO = H 34‐49‐69,1,tier3,LEAO FERREIRA DA ALMEIDA 29-54- 7,LEAO FERREIRA DA ALMEIDA 29-54- 7 | LEAO FERREIRA DA ALMEIDA 37-50- 8 | LEAO FERREIRA DA ALMEIDA 4-49- 44 | LEAO FERREIRA DA ALMEIDA 7-49- 35 | LEAO FERREIRA DA ALMEIDA 10-48- 24 | LEAO FERREIRA DA ALMEIDA 29-54- 30 | LEAO FERREIRA DA ALMEIDA 34-49- 48,lacombe 2013,,,,
FERNÃO PIRES,1,tier3,FERNAO PIRES,FERNAO PIRES | GONCALO PIRES | FERNAO PIRES ROSADO | FERNAO PIRES DE COLARES,laucou 2018,,,,
FERRAL = ACHLADI,1,tier3,FERRAL TAMARA,FERRAL TAMARA | FERRAL | ACHLADI | FERRAL CEITA | FERRAL MINUDO | FERRAL ROSADO | FERRAL CARPINTEIRO | FERRAL DE MESAO FRIO | ALFONSO LAVALLEE X FERRAL,laucou 2018,,,,
FERRAL ROUGE,1,tier3,GREC ROUGE,GREC ROUGE | CHASSELAS ROUGE | FERRAL TAMARA | PETIT ROUGE | ROUGE DU PAYS | FERRAL | ALIGOTE ROUGE | CANDOLLE ROUGE | MUSCAT ROUGE DE MADERE | ROUGE,vivc confirmed,,,,
FETEASCA ALBA = LEANYKA,1,tier3,FETEASCA ALBA,FETEASCA ALBA | FETEASCA ALBA (NON IDENTIFIED) | COARNA ALBA | ALBA IMPUTOTATO | FETEASCA REGALA | ALBA | FETEASCA NEAGRA | RARA ALBA | ALBA MAGNA | FITA ALBA,lacombe 2013,,,,
FLAME MUSCAT,1,tier3,MUSCAT OTTONEL,MUSCAT OTTONEL | MUSCAT HAMBURG | EARLY MUSCAT | GOLDEN MUSCAT | MUSCAT OF ALEXANDRIA | MUSCAT A PETITS GRAINS BLANCS | NEW YORK MUSCAT | MUSCAT FLEUR D'ORANGER | MUSCAT MIKVEH | FLAME SEEDLESS,liang 2019,,,,
FOGARINA #,1,tier3,FOGARINA,FOGARINA,ssr oliveira,,,,
FOGLIA TONDA N,1,tier3,FOGLIA TONDA,FOGLIA TONDA | LAMBRUSCO A FOGLIA FRASTAGLIATA | LAMBRUSCO DI SORBARA A FOGLIA VERDE,liang 2019,,,,
FOLHA DE FIGO #,1,tier3,FOLHA DE FIGUEIRA,FOLHA DE FIGUEIRA,ssr oliveira,,,,
FORASTERA (SPAIN),1,tier3,FORASTERA,FORASTERA,laucou 2018,,,,
FORCESE D ASCOLI,1,tier3,FORCESE,FORCESE,vivc confirmed,,,,
FORM NO  5,1,tier3,FORM NO 31,FORM NO 31 | FORM NO 32 | FORM NO 5,vivc confirmed,,,,
FRANC NOIR DE LA HAUTE‐SAÔNE,1,tier3,FRANC NOIR DE LA HAUTE SAONE,FRANC NOIR DE LA HAUTE SAONE | FRANC NOIR DE LA HAUTE SAVOIE | PINOT NOIR | GAMAY NOIR | CABERNET FRANC | MERLOT NOIR | GRAND NOIR | ROUMI NOIR | ARAMON NOIR | MANSENG NOIR,ssr lacombe,,,,
FRANC NOIR DE LA HAUTE‐SAÔNE PINOT,1,tier3,PINOT NOIR,PINOT NOIR | PINOT PRECOCE NOIR | FRANC NOIR DE LA HAUTE SAONE | PINOT NOIR 40024 | PINOT NOIR MOUROT | PINOT NOIR FERTILE | PINOT NOIR REVENEY | FRANC NOIR DE LA HAUTE SAVOIE,lacombe 2013,,,,
FRANKENTHAL = SCHIAVA GROSSA FRANKENTHAL = SCHIAVA GROSSA,1,tier3,SCHIAVA GROSSA,SCHIAVA GROSSA | SCHIAVA GROSSA (4N),lacombe 2013,,,,
FRANKENTHAL = SCHIAVA GROSSA GROS COLMAN,1,tier3,SCHIAVA GROSSA,SCHIAVA GROSSA | GROS COLMAN BLANC | SCHIAVA GROSSA (4N),lacombe 2013,,,,
FRANKENTHAL = SCHIAVA GROSSA OBERLIN),1,tier3,SCHIAVA GROSSA,SCHIAVA GROSSA | SCHIAVA GROSSA (4N),lacombe 2013,,,,
FRANKENTHAL N,1,tier3,WITTE FRANKENTHAL,WITTE FRANKENTHAL | FRANKENTHAL BLANC MUSQUE,vivc confirmed,,,,
FRANÇOIS NOIR,1,tier3,PINOT NOIR,PINOT NOIR | GAMAY NOIR | MERLOT NOIR | GRAND NOIR | ROUMI NOIR | ARAMON NOIR | MANSENG NOIR | CAMARAOU NOIR | CARIGNAN NOIR | JURANCON NOIR,lacombe 2013,,,,
"FRAPPATO DI VITTORIA N OR 
GAGLIOPPO N",1,tier3,FRAPPATO DI VITTORIA,FRAPPATO DI VITTORIA | GAGLIOPPO | GAGLIOPPO ANGLICANO,liang 2019,,,,
FRENCH BLUE,1,tier3,BLUE EYE,BLUE EYE | BLUE LAKE | SWEET BLUE | BLUE SATIN | BLUE JAY | BLUE DYER | BIBBY BLUE | DRAGON BLUE | LITTLE BLUE | BLUE FAVORITE,liang 2019,,,,
FRESNO 1613-  59,1,tier3,FRESNO 1613- 59,FRESNO 1613- 59 | FRESNO RS 3 | FRESNO RS 9 | FRESNO 27- 31 | FRESNO 58- 93 | FRESNO 62- 45 | FRESNO 64- 18 | FRESNO 18- 149 | FRESNO 32- 145 | FRESNO 43- 13N,vivc confirmed,,,,
FRESNO C33-199,1,tier3,FRESNO RS 3,FRESNO RS 3 | FRESNO RS 9 | FRESNO 27- 31 | FRESNO 58- 93 | FRESNO 62- 45 | FRESNO 64- 18 | FRESNO 18- 149 | FRESNO 32- 145 | FRESNO 43- 13N | FRESNO A 13- 2,liang 2019,,,,
FROELICH X 4  2,1,tier3,FROELICH V,FROELICH V | FROELICH X 4 2 | FROELICH PANACHE | FRUEHTRAUBE FROELICH,vivc confirmed,,,,
FRUMOASA DE GHIOROC X CARDINAL TOMPA MIHALY,1,tier3,FRUMOASA DE GHIOROC X CARDINAL,FRUMOASA DE GHIOROC X CARDINAL | TOMPA MIHALY | TOMPA MIHALY (4N),lacombe 2013,,,,
FÉCONDATION LIBRE LAGLEYSE,1,tier3,FECONDATION LIBRE LAGLEYSE,FECONDATION LIBRE LAGLEYSE,lacombe 2013,,,,
GABEKHOURI TSITELI,1,tier3,KLDIS TSITELI,KLDIS TSITELI | GARIBA TSITELI | KAKHIS TSITELI | OBCHIS TSITELI | ADREULI TSITELI | GHVINIS TSITELI | IKALTOS TSITELI | KIKACHA TSITELI | KISHURI TSITELI | SAGVINE TSITELI,lac emanuelli 2020,,,,
GALIBERT COULONDRE   201 (F),1,tier3,GALIBERT COULONDRE 309,GALIBERT COULONDRE 309 | GALIBERT COULONDRE 315 | GALIBERT COULONDRE 403 | GALIBERT COULONDRE 404 | GALIBERT COULONDRE 408 | GALIBERT COULONDRE 413 | GALIBERT COULONDRE 420 | GALIBERT COULONDRE 13- 3 | GALIBERT COULONDRE 14- 3 | GALIBERT COULONDRE 14- 4,vivc confirmed,,,,
GALIBERT COULONDRE 15-2,1,tier3,GALIBERT COULONDRE 309,GALIBERT COULONDRE 309 | GALIBERT COULONDRE 315 | GALIBERT COULONDRE 403 | GALIBERT COULONDRE 404 | GALIBERT COULONDRE 408 | GALIBERT COULONDRE 413 | GALIBERT COULONDRE 420 | GALIBERT COULONDRE 13- 3 | GALIBERT COULONDRE 14- 3 | GALIBERT COULONDRE 14- 4,lac emanuelli 2020,,,,
GANZIN   1,1,tier3,GANZIN 1,GANZIN 1 | ALICANTE GANZIN | GANZIN 2 | RUPESTRIS GANZIN | GANZIN 4 | GANZIN 9 | GANZIN 60 | GANZIN 239 | CLAIRETTE DOREE GANZIN | EMILY RUPESTRIS GANZIN,vivc confirmed,,,,
GANZIN   2,1,tier3,GANZIN 1,GANZIN 1 | ALICANTE GANZIN | GANZIN 2 | RUPESTRIS GANZIN | GANZIN 4 | GANZIN 9 | GANZIN 60 | GANZIN 239 | CLAIRETTE DOREE GANZIN | EMILY RUPESTRIS GANZIN,vivc confirmed,,,,
GARGIULO  87746,1,tier3,GARGIULO 87746,GARGIULO 87746 | GARGIULO 181 | GARGIULO 183 | GARGIULO 279 | GARGIULO 289 | GARGIULO 291 | GARGIULO 377 | GARGIULO 445 | GARGIULO 530 | GARGIULO 552,vivc confirmed,,,,
GARNACHA TINTA = GRENACHE,1,tier3,GARNACHA TINTA,GARNACHA TINTA | TINTA BARROCA | FORCALLAT TINTA | TINTA FRANCISCA | ROJAL TINTA | TINTA POMAR | TINTA TINTO | ANADIA TINTA | TINTA AGUIAR | TINTA FONTES,laucou 2018,,,,
GEILWEILERHOF  3- 28- 45,1,tier3,GEILWEILERHOF VI. 5861,GEILWEILERHOF VI. 5861 | GEILWEILERHOF C- 41- 44 | GEILWEILERHOF GA- 48- 12 | GEILWEILERHOF GA- 52- 42 | GEILWEILERHOF KOE- 48- 43 | GEILWEILERHOF KOE- 48- 44 | GEILWEILERHOF V. 348 | GEILWEILERHOF B- 4- 6 | GEILWEILERHOF B- 5- 3 | GEILWEILERHOF B- 8- 8,vivc confirmed,,,,
GEILWEILERHOF  3- 28- 46,1,tier3,GEILWEILERHOF VI. 5861,GEILWEILERHOF VI. 5861 | GEILWEILERHOF C- 41- 44 | GEILWEILERHOF GA- 48- 12 | GEILWEILERHOF GA- 52- 42 | GEILWEILERHOF KOE- 48- 43 | GEILWEILERHOF KOE- 48- 44 | GEILWEILERHOF V. 348 | GEILWEILERHOF B- 4- 6 | GEILWEILERHOF B- 5- 3 | GEILWEILERHOF B- 8- 8,vivc confirmed,,,,
GEILWEILERHOF B- 14-  7,1,tier3,GEILWEILERHOF VI. 5861,GEILWEILERHOF VI. 5861 | GEILWEILERHOF C- 41- 44 | GEILWEILERHOF GA- 48- 12 | GEILWEILERHOF GA- 52- 42 | GEILWEILERHOF KOE- 48- 43 | GEILWEILERHOF KOE- 48- 44 | GEILWEILERHOF V. 348 | GEILWEILERHOF B- 4- 6 | GEILWEILERHOF B- 5- 3 | GEILWEILERHOF B- 8- 8,vivc confirmed,,,,
GEILWEILERHOF GA 48-12,1,tier3,GEILWEILERHOF VI. 5861,GEILWEILERHOF VI. 5861 | GEILWEILERHOF C- 41- 44 | GEILWEILERHOF GA- 48- 12 | GEILWEILERHOF GA- 52- 42 | GEILWEILERHOF KOE- 48- 43 | GEILWEILERHOF KOE- 48- 44 | GEILWEILERHOF V. 348 | GEILWEILERHOF B- 4- 6 | GEILWEILERHOF B- 5- 3 | GEILWEILERHOF B- 8- 8,lac emanuelli 2020,,,,
GEILWEILERHOF GA-52-,1,tier3,GEILWEILERHOF VI. 5861,GEILWEILERHOF VI. 5861 | GEILWEILERHOF C- 41- 44 | GEILWEILERHOF GA- 48- 12 | GEILWEILERHOF GA- 52- 42 | GEILWEILERHOF KOE- 48- 43 | GEILWEILERHOF KOE- 48- 44 | GEILWEILERHOF V. 348 | GEILWEILERHOF B- 4- 6 | GEILWEILERHOF B- 5- 3 | GEILWEILERHOF B- 8- 8,ssr migliaro,,,,
GEILWEILERHOF V.   348,1,tier3,GEILWEILERHOF VI. 5861,GEILWEILERHOF VI. 5861 | GEILWEILERHOF C- 41- 44 | GEILWEILERHOF GA- 48- 12 | GEILWEILERHOF GA- 52- 42 | GEILWEILERHOF KOE- 48- 43 | GEILWEILERHOF KOE- 48- 44 | GEILWEILERHOF V. 348 | GEILWEILERHOF B- 4- 6 | GEILWEILERHOF B- 5- 3 | GEILWEILERHOF B- 8- 8,vivc confirmed,,,,
GEISENHEIM  6493-  2,1,tier3,GEISENHEIM 6493- 2,GEISENHEIM 6493- 2 | GEISENHEIM 6493- 3 | GEISENHEIM 26 | GEISENHEIM 1 | GEISENHEIM 183 | GEISENHEIM 2 | GEISENHEIM 8 | GEISENHEIM 9 | GEISENHEIM 11 | GEISENHEIM 12,vivc confirmed,,,,
GELBHOLZER BLAU,1,tier3,GAENSFUESSER BLAU,GAENSFUESSER BLAU | AUGSTER BLAU | ZWEIGELTREBE BLAU | ELBLING BLAU | WILDBACHER BLAU | PORTUGIESER BLAU | ZIMMETTRAUBE BLAU | KOELNER BLAU | HEUNISCH BLAU | RIESLING BLAU,lac emanuelli 2020,,,,
GELBHÖLZER BLAU,1,tier3,GAENSFUESSER BLAU,GAENSFUESSER BLAU | AUGSTER BLAU | ZWEIGELTREBE BLAU | ELBLING BLAU | WILDBACHER BLAU | PORTUGIESER BLAU | ZIMMETTRAUBE BLAU | KOELNER BLAU | HEUNISCH BLAU | RIESLING BLAU,laucou 2018,,,,
GENEVA WHITE   5,1,tier3,GENEVA WHITE 5,GENEVA WHITE 5 | GENEVA WHITE 4 | GENEVA WHITE 8 | GENEVA WHITE 10 | FOSTER'S WHITE SEEDLING | WHITE WORTLEY HALL | GENEVA | WHITE GEM | CAYUGA WHITE | WHITE MUSCAT,vivc confirmed,,,,
GENOTYPE 01,1,tier3,RECONSTRUCTED GENOTYPE 51 (GEORGIA),RECONSTRUCTED GENOTYPE 51 (GEORGIA),ssr migliaro,,,,
GENOTYPE 02,1,tier3,RECONSTRUCTED GENOTYPE 51 (GEORGIA),RECONSTRUCTED GENOTYPE 51 (GEORGIA),ssr migliaro,,,,
GENOTYPE 03,1,tier3,RECONSTRUCTED GENOTYPE 51 (GEORGIA),RECONSTRUCTED GENOTYPE 51 (GEORGIA),ssr migliaro,,,,
GENOTYPE 04,1,tier3,RECONSTRUCTED GENOTYPE 51 (GEORGIA),RECONSTRUCTED GENOTYPE 51 (GEORGIA),ssr migliaro,,,,
GENOTYPE 05,1,tier3,RECONSTRUCTED GENOTYPE 51 (GEORGIA),RECONSTRUCTED GENOTYPE 51 (GEORGIA),ssr migliaro,,,,
GENOTYPE 06,1,tier3,RECONSTRUCTED GENOTYPE 51 (GEORGIA),RECONSTRUCTED GENOTYPE 51 (GEORGIA),ssr migliaro,,,,
GENOTYPE 07,1,tier3,RECONSTRUCTED GENOTYPE 51 (GEORGIA),RECONSTRUCTED GENOTYPE 51 (GEORGIA),ssr migliaro,,,,
GENOTYPE 09,1,tier3,RECONSTRUCTED GENOTYPE 51 (GEORGIA),RECONSTRUCTED GENOTYPE 51 (GEORGIA),ssr migliaro,,,,
GENOTYPE 10,1,tier3,RECONSTRUCTED GENOTYPE 51 (GEORGIA),RECONSTRUCTED GENOTYPE 51 (GEORGIA),ssr migliaro,,,,
GENOTYPE 101,1,tier3,RECONSTRUCTED GENOTYPE 51 (GEORGIA),RECONSTRUCTED GENOTYPE 51 (GEORGIA),ssr migliaro,,,,
GENOTYPE 102,1,tier3,RECONSTRUCTED GENOTYPE 51 (GEORGIA),RECONSTRUCTED GENOTYPE 51 (GEORGIA),ssr migliaro,,,,
GENOTYPE 103,1,tier3,RECONSTRUCTED GENOTYPE 51 (GEORGIA),RECONSTRUCTED GENOTYPE 51 (GEORGIA),ssr migliaro,,,,
GENOTYPE 104,1,tier3,RECONSTRUCTED GENOTYPE 51 (GEORGIA),RECONSTRUCTED GENOTYPE 51 (GEORGIA),ssr migliaro,,,,
GENOTYPE 105,1,tier3,RECONSTRUCTED GENOTYPE 51 (GEORGIA),RECONSTRUCTED GENOTYPE 51 (GEORGIA),ssr migliaro,,,,
GENOTYPE 106,1,tier3,RECONSTRUCTED GENOTYPE 51 (GEORGIA),RECONSTRUCTED GENOTYPE 51 (GEORGIA),ssr migliaro,,,,
GENOTYPE 107,1,tier3,RECONSTRUCTED GENOTYPE 51 (GEORGIA),RECONSTRUCTED GENOTYPE 51 (GEORGIA),ssr migliaro,,,,
GENOTYPE 108,1,tier3,RECONSTRUCTED GENOTYPE 51 (GEORGIA),RECONSTRUCTED GENOTYPE 51 (GEORGIA),ssr migliaro,,,,
GENOTYPE 109,1,tier3,RECONSTRUCTED GENOTYPE 51 (GEORGIA),RECONSTRUCTED GENOTYPE 51 (GEORGIA),ssr migliaro,,,,
GENOTYPE 11,1,tier3,RECONSTRUCTED GENOTYPE 51 (GEORGIA),RECONSTRUCTED GENOTYPE 51 (GEORGIA),ssr migliaro,,,,
GENOTYPE 110,1,tier3,RECONSTRUCTED GENOTYPE 51 (GEORGIA),RECONSTRUCTED GENOTYPE 51 (GEORGIA),ssr migliaro,,,,
GENOTYPE 111,1,tier3,RECONSTRUCTED GENOTYPE 51 (GEORGIA),RECONSTRUCTED GENOTYPE 51 (GEORGIA),ssr migliaro,,,,
GENOTYPE 113,1,tier3,RECONSTRUCTED GENOTYPE 51 (GEORGIA),RECONSTRUCTED GENOTYPE 51 (GEORGIA),ssr migliaro,,,,
GENOTYPE 114,1,tier3,RECONSTRUCTED GENOTYPE 51 (GEORGIA),RECONSTRUCTED GENOTYPE 51 (GEORGIA),ssr migliaro,,,,
GENOTYPE 115,1,tier3,RECONSTRUCTED GENOTYPE 51 (GEORGIA),RECONSTRUCTED GENOTYPE 51 (GEORGIA),ssr migliaro,,,,
GENOTYPE 118,1,tier3,RECONSTRUCTED GENOTYPE 51 (GEORGIA),RECONSTRUCTED GENOTYPE 51 (GEORGIA),ssr migliaro,,,,
GENOTYPE 119,1,tier3,RECONSTRUCTED GENOTYPE 51 (GEORGIA),RECONSTRUCTED GENOTYPE 51 (GEORGIA),ssr migliaro,,,,
GENOTYPE 12,1,tier3,RECONSTRUCTED GENOTYPE 51 (GEORGIA),RECONSTRUCTED GENOTYPE 51 (GEORGIA),ssr migliaro,,,,
GENOTYPE 125,1,tier3,RECONSTRUCTED GENOTYPE 51 (GEORGIA),RECONSTRUCTED GENOTYPE 51 (GEORGIA),ssr migliaro,,,,
GENOTYPE 13,1,tier3,RECONSTRUCTED GENOTYPE 51 (GEORGIA),RECONSTRUCTED GENOTYPE 51 (GEORGIA),ssr migliaro,,,,
GENOTYPE 130,1,tier3,RECONSTRUCTED GENOTYPE 51 (GEORGIA),RECONSTRUCTED GENOTYPE 51 (GEORGIA),ssr migliaro,,,,
GENOTYPE 131,1,tier3,RECONSTRUCTED GENOTYPE 51 (GEORGIA),RECONSTRUCTED GENOTYPE 51 (GEORGIA),ssr migliaro,,,,
GENOTYPE 135,1,tier3,RECONSTRUCTED GENOTYPE 51 (GEORGIA),RECONSTRUCTED GENOTYPE 51 (GEORGIA),ssr migliaro,,,,
GENOTYPE 143,1,tier3,RECONSTRUCTED GENOTYPE 51 (GEORGIA),RECONSTRUCTED GENOTYPE 51 (GEORGIA),ssr migliaro,,,,
GENOTYPE 145,1,tier3,RECONSTRUCTED GENOTYPE 51 (GEORGIA),RECONSTRUCTED GENOTYPE 51 (GEORGIA),ssr migliaro,,,,
GENOTYPE 147,1,tier3,RECONSTRUCTED GENOTYPE 51 (GEORGIA),RECONSTRUCTED GENOTYPE 51 (GEORGIA),ssr migliaro,,,,
GENOTYPE 148,1,tier3,RECONSTRUCTED GENOTYPE 51 (GEORGIA),RECONSTRUCTED GENOTYPE 51 (GEORGIA),ssr migliaro,,,,
GENOTYPE 15,1,tier3,RECONSTRUCTED GENOTYPE 51 (GEORGIA),RECONSTRUCTED GENOTYPE 51 (GEORGIA),ssr migliaro,,,,
GENOTYPE 152,1,tier3,RECONSTRUCTED GENOTYPE 51 (GEORGIA),RECONSTRUCTED GENOTYPE 51 (GEORGIA),ssr migliaro,,,,
GENOTYPE 155,1,tier3,RECONSTRUCTED GENOTYPE 51 (GEORGIA),RECONSTRUCTED GENOTYPE 51 (GEORGIA),ssr migliaro,,,,
GENOTYPE 156,1,tier3,RECONSTRUCTED GENOTYPE 51 (GEORGIA),RECONSTRUCTED GENOTYPE 51 (GEORGIA),ssr migliaro,,,,
GENOTYPE 157,1,tier3,RECONSTRUCTED GENOTYPE 51 (GEORGIA),RECONSTRUCTED GENOTYPE 51 (GEORGIA),ssr migliaro,,,,
GENOTYPE 158,1,tier3,RECONSTRUCTED GENOTYPE 51 (GEORGIA),RECONSTRUCTED GENOTYPE 51 (GEORGIA),ssr migliaro,,,,
GENOTYPE 165,1,tier3,RECONSTRUCTED GENOTYPE 51 (GEORGIA),RECONSTRUCTED GENOTYPE 51 (GEORGIA),ssr migliaro,,,,
GENOTYPE 166,1,tier3,RECONSTRUCTED GENOTYPE 51 (GEORGIA),RECONSTRUCTED GENOTYPE 51 (GEORGIA),ssr migliaro,,,,
GENOTYPE 17,1,tier3,RECONSTRUCTED GENOTYPE 51 (GEORGIA),RECONSTRUCTED GENOTYPE 51 (GEORGIA),ssr migliaro,,,,
GENOTYPE 18,1,tier3,RECONSTRUCTED GENOTYPE 51 (GEORGIA),RECONSTRUCTED GENOTYPE 51 (GEORGIA),ssr migliaro,,,,
GENOTYPE 19,1,tier3,RECONSTRUCTED GENOTYPE 51 (GEORGIA),RECONSTRUCTED GENOTYPE 51 (GEORGIA),ssr migliaro,,,,
GENOTYPE 20,1,tier3,RECONSTRUCTED GENOTYPE 51 (GEORGIA),RECONSTRUCTED GENOTYPE 51 (GEORGIA),ssr migliaro,,,,
GENOTYPE 21,1,tier3,RECONSTRUCTED GENOTYPE 51 (GEORGIA),RECONSTRUCTED GENOTYPE 51 (GEORGIA),ssr migliaro,,,,
GENOTYPE 22,1,tier3,RECONSTRUCTED GENOTYPE 51 (GEORGIA),RECONSTRUCTED GENOTYPE 51 (GEORGIA),ssr migliaro,,,,
GENOTYPE 23,1,tier3,RECONSTRUCTED GENOTYPE 51 (GEORGIA),RECONSTRUCTED GENOTYPE 51 (GEORGIA),ssr migliaro,,,,
GENOTYPE 24,1,tier3,RECONSTRUCTED GENOTYPE 51 (GEORGIA),RECONSTRUCTED GENOTYPE 51 (GEORGIA),ssr migliaro,,,,
GENOTYPE 25,1,tier3,RECONSTRUCTED GENOTYPE 51 (GEORGIA),RECONSTRUCTED GENOTYPE 51 (GEORGIA),ssr migliaro,,,,
GENOTYPE 26,1,tier3,RECONSTRUCTED GENOTYPE 51 (GEORGIA),RECONSTRUCTED GENOTYPE 51 (GEORGIA),ssr migliaro,,,,
GENOTYPE 27,1,tier3,RECONSTRUCTED GENOTYPE 51 (GEORGIA),RECONSTRUCTED GENOTYPE 51 (GEORGIA),ssr migliaro,,,,
GENOTYPE 28,1,tier3,RECONSTRUCTED GENOTYPE 51 (GEORGIA),RECONSTRUCTED GENOTYPE 51 (GEORGIA),ssr migliaro,,,,
GENOTYPE 29,1,tier3,RECONSTRUCTED GENOTYPE 51 (GEORGIA),RECONSTRUCTED GENOTYPE 51 (GEORGIA),ssr migliaro,,,,
GENOTYPE 30,1,tier3,RECONSTRUCTED GENOTYPE 51 (GEORGIA),RECONSTRUCTED GENOTYPE 51 (GEORGIA),ssr migliaro,,,,
GENOTYPE 31,1,tier3,RECONSTRUCTED GENOTYPE 51 (GEORGIA),RECONSTRUCTED GENOTYPE 51 (GEORGIA),ssr migliaro,,,,
GENOTYPE 32,1,tier3,RECONSTRUCTED GENOTYPE 51 (GEORGIA),RECONSTRUCTED GENOTYPE 51 (GEORGIA),ssr migliaro,,,,
GENOTYPE 33,1,tier3,RECONSTRUCTED GENOTYPE 51 (GEORGIA),RECONSTRUCTED GENOTYPE 51 (GEORGIA),ssr migliaro,,,,
GENOTYPE 34,1,tier3,RECONSTRUCTED GENOTYPE 51 (GEORGIA),RECONSTRUCTED GENOTYPE 51 (GEORGIA),ssr migliaro,,,,
GENOTYPE 35,1,tier3,RECONSTRUCTED GENOTYPE 51 (GEORGIA),RECONSTRUCTED GENOTYPE 51 (GEORGIA),ssr migliaro,,,,
GENOTYPE 36,1,tier3,RECONSTRUCTED GENOTYPE 51 (GEORGIA),RECONSTRUCTED GENOTYPE 51 (GEORGIA),ssr migliaro,,,,
GENOTYPE 37,1,tier3,RECONSTRUCTED GENOTYPE 51 (GEORGIA),RECONSTRUCTED GENOTYPE 51 (GEORGIA),ssr migliaro,,,,
GENOTYPE 39,1,tier3,RECONSTRUCTED GENOTYPE 51 (GEORGIA),RECONSTRUCTED GENOTYPE 51 (GEORGIA),ssr migliaro,,,,
GENOTYPE 40,1,tier3,RECONSTRUCTED GENOTYPE 51 (GEORGIA),RECONSTRUCTED GENOTYPE 51 (GEORGIA),ssr migliaro,,,,
GENOTYPE 41,1,tier3,RECONSTRUCTED GENOTYPE 51 (GEORGIA),RECONSTRUCTED GENOTYPE 51 (GEORGIA),ssr migliaro,,,,
GENOTYPE 42,1,tier3,RECONSTRUCTED GENOTYPE 51 (GEORGIA),RECONSTRUCTED GENOTYPE 51 (GEORGIA),ssr migliaro,,,,
GENOTYPE 43,1,tier3,RECONSTRUCTED GENOTYPE 51 (GEORGIA),RECONSTRUCTED GENOTYPE 51 (GEORGIA),ssr migliaro,,,,
GENOTYPE 44,1,tier3,RECONSTRUCTED GENOTYPE 51 (GEORGIA),RECONSTRUCTED GENOTYPE 51 (GEORGIA),ssr migliaro,,,,
GENOTYPE 45,1,tier3,RECONSTRUCTED GENOTYPE 51 (GEORGIA),RECONSTRUCTED GENOTYPE 51 (GEORGIA),ssr migliaro,,,,
GENOTYPE 46,1,tier3,RECONSTRUCTED GENOTYPE 51 (GEORGIA),RECONSTRUCTED GENOTYPE 51 (GEORGIA),ssr migliaro,,,,
GENOTYPE 47,1,tier3,RECONSTRUCTED GENOTYPE 51 (GEORGIA),RECONSTRUCTED GENOTYPE 51 (GEORGIA),ssr migliaro,,,,
GENOTYPE 48,1,tier3,RECONSTRUCTED GENOTYPE 51 (GEORGIA),RECONSTRUCTED GENOTYPE 51 (GEORGIA),ssr migliaro,,,,
GENOTYPE 49,1,tier3,RECONSTRUCTED GENOTYPE 51 (GEORGIA),RECONSTRUCTED GENOTYPE 51 (GEORGIA),ssr migliaro,,,,
GENOTYPE 52,1,tier3,RECONSTRUCTED GENOTYPE 51 (GEORGIA),RECONSTRUCTED GENOTYPE 51 (GEORGIA),ssr migliaro,,,,
GENOTYPE 53,1,tier3,RECONSTRUCTED GENOTYPE 51 (GEORGIA),RECONSTRUCTED GENOTYPE 51 (GEORGIA),ssr migliaro,,,,
GENOTYPE 55,1,tier3,RECONSTRUCTED GENOTYPE 51 (GEORGIA),RECONSTRUCTED GENOTYPE 51 (GEORGIA),ssr migliaro,,,,
GENOTYPE 56,1,tier3,RECONSTRUCTED GENOTYPE 51 (GEORGIA),RECONSTRUCTED GENOTYPE 51 (GEORGIA),ssr migliaro,,,,
GENOTYPE 57,1,tier3,RECONSTRUCTED GENOTYPE 51 (GEORGIA),RECONSTRUCTED GENOTYPE 51 (GEORGIA),ssr migliaro,,,,
GENOTYPE 58,1,tier3,RECONSTRUCTED GENOTYPE 51 (GEORGIA),RECONSTRUCTED GENOTYPE 51 (GEORGIA),ssr migliaro,,,,
GENOTYPE 60,1,tier3,RECONSTRUCTED GENOTYPE 51 (GEORGIA),RECONSTRUCTED GENOTYPE 51 (GEORGIA),ssr migliaro,,,,
GENOTYPE 61,1,tier3,RECONSTRUCTED GENOTYPE 51 (GEORGIA),RECONSTRUCTED GENOTYPE 51 (GEORGIA),ssr migliaro,,,,
GENOTYPE 62,1,tier3,RECONSTRUCTED GENOTYPE 51 (GEORGIA),RECONSTRUCTED GENOTYPE 51 (GEORGIA),ssr migliaro,,,,
GENOTYPE 63,1,tier3,RECONSTRUCTED GENOTYPE 51 (GEORGIA),RECONSTRUCTED GENOTYPE 51 (GEORGIA),ssr migliaro,,,,
GENOTYPE 64,1,tier3,RECONSTRUCTED GENOTYPE 51 (GEORGIA),RECONSTRUCTED GENOTYPE 51 (GEORGIA),ssr migliaro,,,,
GENOTYPE 65,1,tier3,RECONSTRUCTED GENOTYPE 51 (GEORGIA),RECONSTRUCTED GENOTYPE 51 (GEORGIA),ssr migliaro,,,,
GENOTYPE 66,1,tier3,RECONSTRUCTED GENOTYPE 51 (GEORGIA),RECONSTRUCTED GENOTYPE 51 (GEORGIA),ssr migliaro,,,,
GENOTYPE 68,1,tier3,RECONSTRUCTED GENOTYPE 51 (GEORGIA),RECONSTRUCTED GENOTYPE 51 (GEORGIA),ssr migliaro,,,,
GENOTYPE 69,1,tier3,RECONSTRUCTED GENOTYPE 51 (GEORGIA),RECONSTRUCTED GENOTYPE 51 (GEORGIA),ssr migliaro,,,,
GENOTYPE 70,1,tier3,RECONSTRUCTED GENOTYPE 51 (GEORGIA),RECONSTRUCTED GENOTYPE 51 (GEORGIA),ssr migliaro,,,,
GENOTYPE 71,1,tier3,RECONSTRUCTED GENOTYPE 51 (GEORGIA),RECONSTRUCTED GENOTYPE 51 (GEORGIA),ssr migliaro,,,,
GENOTYPE 72,1,tier3,RECONSTRUCTED GENOTYPE 51 (GEORGIA),RECONSTRUCTED GENOTYPE 51 (GEORGIA),ssr migliaro,,,,
GENOTYPE 73,1,tier3,RECONSTRUCTED GENOTYPE 51 (GEORGIA),RECONSTRUCTED GENOTYPE 51 (GEORGIA),ssr migliaro,,,,
GENOTYPE 74,1,tier3,RECONSTRUCTED GENOTYPE 51 (GEORGIA),RECONSTRUCTED GENOTYPE 51 (GEORGIA),ssr migliaro,,,,
GENOTYPE 75,1,tier3,RECONSTRUCTED GENOTYPE 51 (GEORGIA),RECONSTRUCTED GENOTYPE 51 (GEORGIA),ssr migliaro,,,,
GENOTYPE 76,1,tier3,RECONSTRUCTED GENOTYPE 51 (GEORGIA),RECONSTRUCTED GENOTYPE 51 (GEORGIA),ssr migliaro,,,,
GENOTYPE 77,1,tier3,RECONSTRUCTED GENOTYPE 51 (GEORGIA),RECONSTRUCTED GENOTYPE 51 (GEORGIA),ssr migliaro,,,,
GENOTYPE 78,1,tier3,RECONSTRUCTED GENOTYPE 51 (GEORGIA),RECONSTRUCTED GENOTYPE 51 (GEORGIA),ssr migliaro,,,,
GENOTYPE 79,1,tier3,RECONSTRUCTED GENOTYPE 51 (GEORGIA),RECONSTRUCTED GENOTYPE 51 (GEORGIA),ssr migliaro,,,,
GENOTYPE 80,1,tier3,RECONSTRUCTED GENOTYPE 51 (GEORGIA),RECONSTRUCTED GENOTYPE 51 (GEORGIA),ssr migliaro,,,,
GENOTYPE 81,1,tier3,RECONSTRUCTED GENOTYPE 51 (GEORGIA),RECONSTRUCTED GENOTYPE 51 (GEORGIA),ssr migliaro,,,,
GENOTYPE 82,1,tier3,RECONSTRUCTED GENOTYPE 51 (GEORGIA),RECONSTRUCTED GENOTYPE 51 (GEORGIA),ssr migliaro,,,,
GENOTYPE 83,1,tier3,RECONSTRUCTED GENOTYPE 51 (GEORGIA),RECONSTRUCTED GENOTYPE 51 (GEORGIA),ssr migliaro,,,,
GENOTYPE 86,1,tier3,RECONSTRUCTED GENOTYPE 51 (GEORGIA),RECONSTRUCTED GENOTYPE 51 (GEORGIA),ssr migliaro,,,,
GENOTYPE 87,1,tier3,RECONSTRUCTED GENOTYPE 51 (GEORGIA),RECONSTRUCTED GENOTYPE 51 (GEORGIA),ssr migliaro,,,,
GENOTYPE 88,1,tier3,RECONSTRUCTED GENOTYPE 51 (GEORGIA),RECONSTRUCTED GENOTYPE 51 (GEORGIA),ssr migliaro,,,,
GENOTYPE 89,1,tier3,RECONSTRUCTED GENOTYPE 51 (GEORGIA),RECONSTRUCTED GENOTYPE 51 (GEORGIA),ssr migliaro,,,,
GENOTYPE 90,1,tier3,RECONSTRUCTED GENOTYPE 51 (GEORGIA),RECONSTRUCTED GENOTYPE 51 (GEORGIA),ssr migliaro,,,,
GENOTYPE 91,1,tier3,RECONSTRUCTED GENOTYPE 51 (GEORGIA),RECONSTRUCTED GENOTYPE 51 (GEORGIA),ssr migliaro,,,,
GENOTYPE 92,1,tier3,RECONSTRUCTED GENOTYPE 51 (GEORGIA),RECONSTRUCTED GENOTYPE 51 (GEORGIA),ssr migliaro,,,,
GENOTYPE 95,1,tier3,RECONSTRUCTED GENOTYPE 51 (GEORGIA),RECONSTRUCTED GENOTYPE 51 (GEORGIA),ssr migliaro,,,,
GENOTYPE 96,1,tier3,RECONSTRUCTED GENOTYPE 51 (GEORGIA),RECONSTRUCTED GENOTYPE 51 (GEORGIA),ssr migliaro,,,,
GENOTYPE 97,1,tier3,RECONSTRUCTED GENOTYPE 51 (GEORGIA),RECONSTRUCTED GENOTYPE 51 (GEORGIA),ssr migliaro,,,,
GENOTYPE 98,1,tier3,RECONSTRUCTED GENOTYPE 51 (GEORGIA),RECONSTRUCTED GENOTYPE 51 (GEORGIA),ssr migliaro,,,,
GENOTYPE 99,1,tier3,RECONSTRUCTED GENOTYPE 51 (GEORGIA),RECONSTRUCTED GENOTYPE 51 (GEORGIA),ssr migliaro,,,,
GIBI = HEBEN,1,tier3,HEBEN,HEBEN,vivc confirmed,,,,
GLENORA SEEDLESS,1,tier3,RUBY SEEDLESS,RUBY SEEDLESS | BEAUTY SEEDLESS | EINSET SEEDLESS | EMERALD SEEDLESS | CENTENNIAL SEEDLESS | DAWN SEEDLESS | CANNER SEEDLESS | BRONX SEEDLESS | FLAME SEEDLESS | MUSCAT SEEDLESS,liang 2019,,,,
GOUAIS BLANC = HEUNISCH WEISS BOUCHALÈS,1,tier3,HEUNISCH WEISS,HEUNISCH WEISS | HEUNISCH WEISS SEEDLESS,lacombe 2013,,,,
GOUAIS BLANC = HEUNISCH WEISS CHASSELAS,1,tier3,HEUNISCH WEISS,HEUNISCH WEISS | CHASSELAS BLANC | CHASSELAS BLANC (4N) | HEUNISCH WEISS SEEDLESS,lacombe 2013,,,,
GOUAIS BLANC = HEUNISCH WEISS CHENIN,1,tier3,CHENIN BLANC,CHENIN BLANC | HEUNISCH WEISS | HEUNISCH WEISS SEEDLESS,lacombe 2013,,,,
GOUAIS BLANC = HEUNISCH WEISS SAUVIGNONASSE,1,tier3,HEUNISCH WEISS,HEUNISCH WEISS | HEUNISCH WEISS SEEDLESS,lacombe 2013,,,,
GOUAIS BLANC = HEUNISCH WEISS TRESSOT,1,tier3,HEUNISCH WEISS,HEUNISCH WEISS | TRESSOT BLANC | HEUNISCH WEISS SEEDLESS,lacombe 2013,,,,
GOUVEIO (VERDELHO),1,tier3,GOUVEIO,GOUVEIO | GOUVEIO REAL | GOUVEIO ROXO | GOUVEIO PARDO | GOUVEIO PRETO | GOUVEIO MELENO | GOUVEIO ESTIMADO | GOUVEIO VERMELHO,lacombe 2013,,,,
GRACIANO = MORRASTEL,1,tier3,GRACIANO,GRACIANO | MORRASTEL BOUSCHET | MORRASTEL FAUX | GRACIANO DORATO | BOUSCHET PETIT X MORRASTEL 3 | BOUSCHET PETIT X MORRASTEL 5 | BOUSCHET PETIT X MORRASTEL 7 | MORRASTEL BOUSCHET A PETITS GRAINS | BOUSCHET PETIT X MORRASTEL FLEURI 1 | MORRASTEL BOUSCHET A FEUILLES LISSES,laucou 2018,,,,
GRECHETTO (DI ORVIETO),1,tier3,GRECHETTO ROSSO,GRECHETTO ROSSO | GRECHETTO BIANCO | GRECHETTO DI TODI FAUX | GRECHETTO NERO DI TODI,lac emanuelli 2020,,,,
GRECO BIANCO (GUARDAVALLE),1,tier3,GRECO BIANCO 2,GRECO BIANCO 2 | GRECO BIANCO DI TUFO | GRECO BIANCO DI NOVARA | BOMBINO BIANCO | MANZONI BIANCO | CATARRATTO BIANCO | GRECO NERO | CATARRATTO BIANCO FAUX | MANTONICO BIANCO | MONTONICO BIANCO,lac emanuelli 2020,,,,
GRECO NERO (DI VERBICARO),1,tier3,GRECO NERO,GRECO NERO | GRECO NERO DI SIBARI | GRECO NERO DI TERAMO | GRECO NERO DI CALABRIA | GRECO NERO DI VERBICARO | CANAIOLO NERO | NERO | BOMBINO NERO | GRECO BIANCO 2 | PIZZUTELLO NERO,lac emanuelli 2020,,,,
GRENACHE BLANC,1,tier3,CHARDONNAY BLANC,CHARDONNAY BLANC | CHENIN BLANC | SAUVIGNON BLANC | SAVAGNIN BLANC | CHAOUCH BLANC | PINOT BLANC | SEYVAL BLANC | TERRET BLANC | VILLARD BLANC | BALZAC BLANC,marker support,,,,
GRILLO (FALSE),1,tier3,GRILLO,GRILLO | PRUNESTA (FALSE) | GUARNACCIA (FALSE) | BRACCIOLA NERA (FALSE) | CALORA (FALSE) | PICOLIT (FALSE) | ROSSOLA (FALSE) | BOTTAGERA (FALSE) | NEBBIOLO (FALSE) 217,lac emanuelli 2020,,,,
GROZELMTEVANA INSTITUTIS,1,tier3,GRDZELMTEVANA INSTITUTIS,GRDZELMTEVANA INSTITUTIS,lac emanuelli 2020,,,,
GRÜNER VELTLINER,1,tier3,VELTLINER ROT,VELTLINER ROT | VELTLINER FRUEHROT | VELTLINER ROT X ELBLING | VELTLINER GRAU | VELTLINER BRAUN | VELTLINER GRUEN | VELTLINER SOLIS | VELTLINER SIGNUM | VELTLINER STELLA | VELTLINER ROTWEISS,laucou 2018,,,,
GSTER BLAU,1,tier3,GAENSFUESSER BLAU,GAENSFUESSER BLAU | AUGSTER BLAU | ZWEIGELTREBE BLAU | ELBLING BLAU | WILDBACHER BLAU | PORTUGIESER BLAU | ZIMMETTRAUBE BLAU | KOELNER BLAU | HEUNISCH BLAU | RIESLING BLAU,ssr lacombe,,,,
GUAIS BLANC = HEUNISCH WEISS,1,tier3,HEUNISCH WEISS,HEUNISCH WEISS | HEUNISCH WEISS SEEDLESS,vivc confirmed,,,,
GUARNACCIA (BIANCA),1,tier3,GUARNACCIA (FALSE),GUARNACCIA (FALSE) | GUARNACCIA | GUARNACCIA BIANCA | GUARNACCIA DI LOCRI,lac emanuelli 2020,,,,
GYÖNGY FEHER,1,tier3,LISZTES FEHER,LISZTES FEHER | HARS FEHER | TODOR FEHER | GYOENGY FEHER | KADARKA FEHER | KAVACSI FEHER | OSZTRAK FEHER | VALLASI FEHER | CZOLLNER FEHER | CSERSZEGI FEHER,ssr lacombe,,,,
HELFENSTEINER = WE S 5332,1,tier3,HELFENSTEINER,HELFENSTEINER | HELFENSTEINER (4N),lacombe 2013,,,,
HEROLDREBE = WE S 130,1,tier3,HEROLDREBE,HEROLDREBE | HEROLDREBE (4N),lacombe 2013,,,,
HEUNISCH ROTGESTREIFT = MUTATION GOUAIS,1,tier3,HEUNISCH ROTGESTREIFT,HEUNISCH ROTGESTREIFT,laucou 2018,,,,
HEUNISH ROTGESTREIFT,1,tier3,HEUNISCH ROTGESTREIFT,HEUNISCH ROTGESTREIFT,lac emanuelli 2020,,,,
HOUSSEIN KRASNYI,1,tier3,DOROI KRASNYI,DOROI KRASNYI | KHUSAINE KRASNYI | ZANT KRASNYI | KOKUR KRASNYI | NIMRANG KRASNYI | VOSTORG KRASNYI | ANAPSKII KRASNYI | CHILYAKI KRASNYI | VINNYI KRASNYI 3 | AROMATNYI KRASNYI,lac emanuelli 2020,,,,
HUXELREBE = ALZEY 3962,1,tier3,ALZEY 23384,ALZEY 23384 | HUXELREBE | ALZEY 2765 | ALZEY 4400 | ALZEY 5079 | ALZEY 5845 | ALZEY 7672 | ALZEY 10506 | ALZEY 10514 | ALZEY 10859,lacombe 2013,,,,
HÄNGLING BLAU (COLLECTION OBERLIN) PINOT,1,tier3,SALICETTE (COLLECTION OBERLIN),SALICETTE (COLLECTION OBERLIN),lacombe 2013,,,,
HÄNGLING SPÄNISCHER = TAUBERSCHWARZ,1,tier3,TAUBERSCHWARZ,TAUBERSCHWARZ,laucou 2018,,,,
IAC 0324-20 FADA,1,tier3,FADA,FADA,ssr oliveira,,,,
IAC 0388 SANTA TEREZA,1,tier3,SANTA TEREZA,SANTA TEREZA | AGUA SANTA | SANTA PAULA | SANTA MAGDALENA | SANTA MARIA | UVA SANTA | SANTA CLARA | SANTA LUCIA | SANTA MAVRA | SANTA SOFIA,ssr oliveira,,,,
IAC 0433-06 BRANCA DE NEVE,1,tier3,BRANCA DE NEVE,BRANCA DE NEVE | BRANCA DE ANADIA | TRINCADEIRA BRANCA | NIAGARA BRANCA OVAL | MALVASIA BRANCA DE SAO JORGE | PATRICIA BRANCA | NEGRA MOLE BRANCA,ssr oliveira,,,,
IAC 0501-06 SORAYA,1,tier3,SORAYA,SORAYA,ssr oliveira,,,,
IAC 0506-33 ISAURA,1,tier3,ISAURA,ISAURA,ssr oliveira,,,,
IAC 0514-06 MARIA,1,tier3,DONA MARIA,DONA MARIA | MARIA PIROVANO | LACRIMA DI MARIA | MARIA | UVA MARIA | SANTA MARIA | MARIA ROSA | MARIA BONITA | MARIA CALLAS | MAROSI MARIA,ssr oliveira,,,,
IAC 0775-26 AURORA,1,tier3,AURORA,AURORA | AURORA INTA,ssr oliveira,,,,
IAC 0842-04 EUGENIO,1,tier3,EUGENIO,EUGENIO,ssr oliveira,,,,
IAC 0871-05 GENI,1,tier3,GENI,GENI,ssr oliveira,,,,
IAC 0871-13 A DONA,1,tier3,DONA MARIA,DONA MARIA | A DONA | DONA JOAQUINA | DONA ANA | DONA ZILA | BELLA DONA | KRASA DONA | ATLANT DONA | DONA EMILIA | LAL DONA SORH,ssr oliveira,,,,
IAC 0871-41 ROSA LINDA #,1,tier3,ROSA LINDA,ROSA LINDA | MANZONI ROSA | MOSCATEL ROSA | ROSA DEL PERU | ROSA | LINDA | UVA ROSA | FIANO ROSA | MARIA ROSA | PANSA ROSA,ssr oliveira,,,,
IAC 116-31 RAINHA,1,tier3,RAINHA,RAINHA | RAINHA DE FRANCA,ssr oliveira,,,,
IAC 1410-08 EZEQUIEL,1,tier3,EZEQUIEL,EZEQUIEL,ssr oliveira,,,,
IAC 1595-16 ANGELINA,1,tier3,ANGELINA,ANGELINA | ANGELINA BIANCA,ssr oliveira,,,,
IAC 1596-02 MARTA,1,tier3,MARTA,MARTA,ssr oliveira,,,,
IAC 1726-03 ROBERTA,1,tier3,ROBERTA,ROBERTA,ssr oliveira,,,,
IAC 21-14 MADALENA,1,tier3,MADALENA,MADALENA,ssr oliveira,,,,
IAC 313 TROPICAL,1,tier3,TROPICAL,TROPICAL,ssr oliveira,,,,
IAC 514- 6 MARIA,1,tier3,DONA MARIA,DONA MARIA | MARIA PIROVANO | LACRIMA DI MARIA | MARIA | UVA MARIA | SANTA MARIA | MARIA ROSA | MARIA BONITA | MARIA CALLAS | MAROSI MARIA,ssr oliveira,,,,
IAC 572 JALES,1,tier3,JALES,JALES,ssr oliveira,,,,
IAC 74- 1 IARA,1,tier3,IARA,IARA,ssr oliveira,,,,
IAC 766 CAMPINAS,1,tier3,CAMPINAS,CAMPINAS,ssr oliveira,,,,
IAC 960-9 SANCHES #,1,tier3,SANCHES,SANCHES,ssr oliveira,,,,
IAC JULIANA,1,tier3,JULIANA,JULIANA,ssr oliveira,,,,
IGAWA 1010,1,tier3,IKAWA 1010,IKAWA 1010,ssr oliveira,,,,
IMPIGNO B.,1,tier3,IMPIGNO,IMPIGNO,lac emanuelli 2020,,,,
INCROCIO BRUNI 624,1,tier3,BRUNI 624,BRUNI 624 | BRUNI 123 | BRUNI 125 | BRUNI 179 | BRUNI 183 | BRUNI 185 | BRUNI 415 | BRUNI 475 | BRUNI 707 | BRUNI 840,lac emanuelli 2020,,,,
INCROCIO MANZONI 2-3,1,tier3,MANZONI BIANCO,MANZONI BIANCO | MANZONI ROSA | MANZONI MOSCATO | MANZONI 2- 3 | MANZONI 2- 14 | MANZONI 2- 15 | INCROCIO FEDIT 52,lac emanuelli 2020,,,,
INCROCIO MANZONI 2.15,1,tier3,MANZONI BIANCO,MANZONI BIANCO | MANZONI ROSA | MANZONI MOSCATO | MANZONI 2- 3 | MANZONI 2- 14 | MANZONI 2- 15 | INCROCIO FEDIT 52,lac emanuelli 2020,,,,
INCROCIO TERZI N.1,1,tier3,TERZI 1,TERZI 1 | TERZI 2 | TERZI 530 | TERZI 1- 6 | TERZI 3- 3 | TERZI 6- 6 | TERZI 7- 7 | TERZI 6- 26 | TERZI 72- 6 | TERZI 96- 1,lac emanuelli 2020,,,,
IONA #,1,tier3,IONA,IONA,ssr oliveira,,,,
IVES (BORDÔ),1,tier3,IVES,IVES,ssr oliveira,,,,
IZABEL SPORT,1,tier3,MAGRET SPORT,MAGRET SPORT,ssr oliveira,,,,
JD 930 MOSCATEL DE JUNDIAI,1,tier3,MOSCATEL DE JUNDIAI,MOSCATEL DE JUNDIAI | MOSCATEL ROSADO | MOSCATEL NAZARENO | MOSCATEL NATIVIDADE | MOSCATEL DE ANGUES | MOSCATEL DE CAMARATE | MOSCATEL AZUL | MOSCATEL ROSA | MOSCATEL NUNES | MOSCATEL TINTO,ssr oliveira,,,,
JEAN MACÉ,1,tier3,JEAN MACE,JEAN MACE | PINOT DE SAINT JEAN | ST. JEAN DE TARDIFF,lacombe 2013,,,,
JUAN GARCIA,1,tier3,DON JUAN,DON JUAN | JAEN GARCIA,laucou 2018,,,,
JUAN GARCÍA,1,tier3,DON JUAN,DON JUAN,laucou 2018,,,,
JUBILEUM 75 = K 11,1,tier3,JUBILEUM 75,JUBILEUM 75 | JUBILEUM SZILVANI,lacombe 2013,,,,
KARISTVALA KOLKHURI,1,tier3,KOLKHURI,KOLKHURI | KOLKHURI SHAVI,vivc confirmed,,,,
KATTA KOURGAN,1,tier3,KATTA KURGAN,KATTA KURGAN | KATTA KURGAN X PERLETTA 15 42 | KATTA KHUSHA | KOURGAN ROSE | KATTA KURGAN X HIBRID BESEMENI,vivc confirmed,,,,
KATTA KURGAN X PERLETTA 15‐42 KATTA‐KOURGAN,1,tier3,KATTA KURGAN X PERLETTA 15 42,KATTA KURGAN X PERLETTA 15 42 | KATTA KURGAN | KATTA KURGAN X HIBRID BESEMENI,lacombe 2013,,,,
KECSKECSCU ROSZAS PIROS,1,tier3,TOEKOES PIROS,TOEKOES PIROS | OEROEKKE PIROS | SEIP PIROS | SZEP PIROS | BOROS PIROS | CSABA PIROS | GOHER PIROS | KORAI PIROS | LUBIK PIROS | GENUAI PIROS,vivc confirmed,,,,
KECSKECSECSU ROSZAS PIROS,1,tier3,TOEKOES PIROS,TOEKOES PIROS | OEROEKKE PIROS | SEIP PIROS | SZEP PIROS | BOROS PIROS | CSABA PIROS | GOHER PIROS | KORAI PIROS | LUBIK PIROS | GENUAI PIROS,vivc confirmed,,,,
KHARISTVALA KOLKHURI,1,tier3,KOLKHURI,KOLKHURI | KHARISTVALA TETRI | KOLKHURI SHAVI | KHARISTVALA SHAVI | KHARISTVALA KAKHURI | KHARISTVALA KARTLURI | KHARISTVALA MESKHURI | KHARISTVALA ADZHARULI | KHARISTVALA SHAVI X 420 A NR. 19,vivc confirmed,,,,
KHOUSSAINE BLANC,1,tier3,CHARDONNAY BLANC,CHARDONNAY BLANC | CHENIN BLANC | SAUVIGNON BLANC | SAVAGNIN BLANC | CHAOUCH BLANC | PINOT BLANC | SEYVAL BLANC | TERRET BLANC | VILLARD BLANC | BALZAC BLANC,vivc confirmed,,,,
KICHMICHE TCHEURNY,1,tier3,LAZAREVSKY TCHEURNY,LAZAREVSKY TCHEURNY,vivc confirmed,,,,
KISHMISH BLACK,1,tier3,BLACK MOROCCO,BLACK MOROCCO | BLACK MONUKKA | AUTUMN BLACK | BLACK ROSE | KISHMISH VATKANA | BLACK QUEEN | BLACK ALICANTE | KISHMISH KHISHRAU | BLACK PRINCE (MERBEIN) | BLACK EAGLE,vivc confirmed,,,,
KOBER   5 BB,1,tier3,KOBER 5 BB,KOBER 5 BB | KOBER 125 AA | KOBER 127 | KOBER 125 A | KOBER 127 BB | KOBER 19 A CC,vivc confirmed,,,,
KOENIGIN DER WEINBGAERTEN,1,tier3,KOENIGIN DER WEINGAERTEN,KOENIGIN DER WEINGAERTEN,vivc confirmed,,,,
KOLEDA 28/19),1,tier3,KOLEDA 28/19,KOLEDA 28/19 | KOLEDA 4/15 | KOLEDA A 4/13,vivc confirmed,,,,
KORZA EREVANI,1,tier3,EREVANI KHOSHORAPTUKH,EREVANI KHOSHORAPTUKH,laucou 2018,,,,
KOTSIPHALI FAUX (COLLECTION ATHÈNES),1,tier3,KOTSIPHALI FAUX,KOTSIPHALI FAUX | EARLY DAWN FAUX (COLLECTION RAVAZ) | EKIM KARA FAUX (COLLECTION CONEGLIANO) | ICHKIMAR BELYI FAUX (COLLECTION KICHINEV) | MOSCATEL DE OEIRAS FAUX (COLLECTION BORDEAUX),laucou 2018,,,,
KRATOSIJA,1,tier3,STARA KRATOSIJA,STARA KRATOSIJA,vivc confirmed,,,,
LA TÊTE D'OR),1,tier3,SALICETTE (COLLECTION PARC DE LA TETE D'OR),SALICETTE (COLLECTION PARC DE LA TETE D'OR),lacombe 2013,,,,
LACRIMA (DI MORRO D'ALBA),1,tier3,LACRIMA DI MARIA,LACRIMA DI MARIA | LACRIMA | LACRIMA BIANCA | LACRIMA CRISTI | LACRIMA DI BARLETTA | LACRIMA DI BRINDISI | LACRIMA (NON IDENTIFIED),lac emanuelli 2020,,,,
LAMBRUSCA DI ALESSANDRIA N.,1,tier3,LAMBRUSCA DI ALESSANDRIA,LAMBRUSCA DI ALESSANDRIA | LAMBRUSCA PIGNATA | LAMBRUSCA VITTONA,vivc confirmed,,,,
LANDOT  234,1,tier3,LANDOT 1678,LANDOT 1678 | LANDOT 2281 | LANDOT 2283 | LANDOT 3381 | LANDOT 204 | LANDOT 234 | LANDOT 304 | LANDOT 540 | LANDOT 709 | LANDOT 1674,vivc confirmed,,,,
LANDOT  301,1,tier3,LANDOT 1678,LANDOT 1678 | LANDOT 2281 | LANDOT 2283 | LANDOT 3381 | LANDOT 204 | LANDOT 234 | LANDOT 304 | LANDOT 540 | LANDOT 709 | LANDOT 1674,vivc confirmed,,,,
LANDOT  508,1,tier3,LANDOT 1678,LANDOT 1678 | LANDOT 2281 | LANDOT 2283 | LANDOT 3381 | LANDOT 204 | LANDOT 234 | LANDOT 304 | LANDOT 540 | LANDOT 709 | LANDOT 1674,vivc confirmed,,,,
LANDOT  709,1,tier3,LANDOT 1678,LANDOT 1678 | LANDOT 2281 | LANDOT 2283 | LANDOT 3381 | LANDOT 204 | LANDOT 234 | LANDOT 304 | LANDOT 540 | LANDOT 709 | LANDOT 1674,vivc confirmed,,,,
LANDOT  742,1,tier3,LANDOT 1678,LANDOT 1678 | LANDOT 2281 | LANDOT 2283 | LANDOT 3381 | LANDOT 204 | LANDOT 234 | LANDOT 304 | LANDOT 540 | LANDOT 709 | LANDOT 1674,vivc confirmed,,,,
LANDOT  760,1,tier3,LANDOT 1678,LANDOT 1678 | LANDOT 2281 | LANDOT 2283 | LANDOT 3381 | LANDOT 204 | LANDOT 234 | LANDOT 304 | LANDOT 540 | LANDOT 709 | LANDOT 1674,vivc confirmed,,,,
LIGNAN BLANC,1,tier3,CHARDONNAY BLANC,CHARDONNAY BLANC | CHENIN BLANC | SAUVIGNON BLANC | SAVAGNIN BLANC | CHAOUCH BLANC | PINOT BLANC | SEYVAL BLANC | TERRET BLANC | VILLARD BLANC | BALZAC BLANC,vivc confirmed,,,,
LIMBERGER BLAU,1,tier3,GAENSFUESSER BLAU,GAENSFUESSER BLAU | AUGSTER BLAU | ZWEIGELTREBE BLAU | ELBLING BLAU | WILDBACHER BLAU | PORTUGIESER BLAU | ZIMMETTRAUBE BLAU | KOELNER BLAU | HEUNISCH BLAU | RIESLING BLAU,vivc confirmed,,,,
LOMANTO #,1,tier3,LOMANTO,LOMANTO,ssr oliveira,,,,
LUEBECK #,1,tier3,LUEBECK,LUEBECK,ssr oliveira,,,,
LUGLIENGA BIANCA (LIGNAN),1,tier3,LUGLIENGA BIANCA,LUGLIENGA BIANCA | BERMESTIA BIANCA | MALVASIA BIANCA | BIANCA | MALVASIA BIANCA LUNGA | MARZEMINA BIANCA | VERNACCIA BIANCA | MENNA DI VACCA BIANCA | ALBANA BIANCA | BIONDA BIANCA,lac emanuelli 2020,,,,
MADAME JEAN MATHIASZ,1,tier3,MATHIASZ JANOSNE,MATHIASZ JANOSNE | JEAN MACE | MADAME NERA | MATHIASZ 135 | MATHIASZ 166 | MATHIASZ 179 | MATHIASZ 219 | MATHIASZ 221 | MATHIASZ 224 | MADAME BIANCA,vivc confirmed,,,,
MADELEINE ANGEVINE OBERLIN MADELEINE ANGEVINE,1,tier3,MADELEINE ANGEVINE OBERLIN,MADELEINE ANGEVINE OBERLIN | MADELEINE ANGEVINE | MADELEINE ANGEVINE (4N) | MADELEINE ROYALE | MADELEINE DE CLERMONT | MADELEINE CELINE | MADELEINE SAEMLING 18 | MADELEINE | MADELEINE NOIRE | MADELEINE JULIETTE,lacombe 2013,,,,
MADELEINE SALOMON,1,tier3,MADELEINE ROYALE,MADELEINE ROYALE | MADELEINE ANGEVINE | MADELEINE DE CLERMONT | MADELEINE ANGEVINE OBERLIN | MADELEINE CELINE | ALICE SALOMON | PINOT SALOMON | CHASSELAS SALOMON | MADELEINE SAEMLING 18 | MADELEINE,vivc confirmed,,,,
MAGDELEINE NOIRE DES CHARANTES,1,tier3,MAGDELEINE NOIRE DES CHARENTES,MAGDELEINE NOIRE DES CHARENTES | MONDEUSE NOIRE | OEILLADE NOIRE | OLIVETTE NOIRE | PERLE NOIRE | BOARDE NOIRE | ROUSSEE NOIRE | CHALOSSE NOIRE | CLAVERIE NOIRE | MADELEINE NOIRE,vivc confirmed,,,,
MAGDELEINE NOIRE DES CHARENTES CABERNET FRANC,1,tier3,MAGDELEINE NOIRE DES CHARENTES,MAGDELEINE NOIRE DES CHARENTES | CABERNET FRANC,lacombe 2013,,,,
MAGDELEINE NOIRE DES CHARENTES GOUAIS BLANC = HEUNISCH WEISS,1,tier3,MAGDELEINE NOIRE DES CHARENTES,MAGDELEINE NOIRE DES CHARENTES,lacombe 2013,,,,
MAGDELEINE NOIRE DES CHARENTES PENOUILLE,1,tier3,MAGDELEINE NOIRE DES CHARENTES,MAGDELEINE NOIRE DES CHARENTES,lacombe 2013,,,,
MAGDELEINE NOIRE DES CHARENTES PRUNELARD,1,tier3,MAGDELEINE NOIRE DES CHARENTES,MAGDELEINE NOIRE DES CHARENTES,lacombe 2013,,,,
MAGOON #,1,tier3,MAGOON,MAGOON,ssr oliveira,,,,
MAINGONNAT  3 L 1,1,tier3,MAINGONNAT 36 L 2,MAINGONNAT 36 L 2 | MAINGONNAT 36 L 4 | MAINGONNAT 3 L 1 | MAINGONNAT 7 L 1 | MAINGONNAT 27 L 1 | MAINGONNAT BELDI X UGNI BLANC | MAINGONNAT 4 L22 | MAINGONNAT 9 L24 | MAINGONNAT 11 L13 | MAINGONNAT 12 L11,vivc confirmed,,,,
MAINGONNAT  7 L 1,1,tier3,MAINGONNAT 36 L 2,MAINGONNAT 36 L 2 | MAINGONNAT 36 L 4 | MAINGONNAT 3 L 1 | MAINGONNAT 7 L 1 | MAINGONNAT 27 L 1 | MAINGONNAT BELDI X UGNI BLANC | MAINGONNAT 4 L22 | MAINGONNAT 9 L24 | MAINGONNAT 11 L13 | MAINGONNAT 12 L11,vivc confirmed,,,,
MAINGONNAT 27 L1,1,tier3,MAINGONNAT 36 L 2,MAINGONNAT 36 L 2 | MAINGONNAT 36 L 4 | MAINGONNAT 3 L 1 | MAINGONNAT 7 L 1 | MAINGONNAT 27 L 1 | MAINGONNAT BELDI X UGNI BLANC | MAINGONNAT 4 L22 | MAINGONNAT 9 L24 | MAINGONNAT 11 L13 | MAINGONNAT 12 L11,lacombe 2013,,,,
MAINGONNAT BELDI X UGNI BLANC MAYORQUIN = FARANA,1,tier3,MAINGONNAT BELDI X UGNI BLANC,MAINGONNAT BELDI X UGNI BLANC,lacombe 2013,,,,
MALEGUE    44- 53,1,tier3,MALEGUE 144,MALEGUE 144 | COLORADO JARDIN MALEGUE | MALEGUE | MALEGUE 1 | MALEGUE 6 | MALEGUE 7 | MALEGUE 10 | MALEGUE 11 | MALEGUE 15 | MALEGUE 17,vivc confirmed,,,,
MALEGUE 44.53,1,tier3,MALEGUE 144,MALEGUE 144 | COLORADO JARDIN MALEGUE | MALEGUE | MALEGUE 1 | MALEGUE 6 | MALEGUE 7 | MALEGUE 10 | MALEGUE 11 | MALEGUE 15 | MALEGUE 17,ssr migliaro,,,,
MALVASIA DI LIPARI,1,tier3,MALVASIA BIANCA,MALVASIA BIANCA | MALVASIA PRETA | MALVASIA BIANCA LUNGA | MALVASIA NERA DI BRINDISI | MALVASIA DI CANDIA AROMATICA | MALVASIA FINA | MALVASIA ROSARIO | MALVASIA ISTRIANA | MALVASIA DEL LAZIO | MALVASIA ROSAVENDA,lac emanuelli 2020,,,,
MALVASIA NERA DI LECCE,1,tier3,MALVASIA NERA DI BRINDISI,MALVASIA NERA DI BRINDISI | MALVASIA NERA DI BOLZANO | MALVASIA NERA DI BASILICATA | MALVASIA NERA | MALVASIA NERA LUNGA | MALVASIA NERA (DI COSTA V.) | MALVASIA NERA DI BASILICATA (PENEDES) | MALVASIA BIANCA | BARBERA NERA | MALVASIA PRETA,lac emanuelli 2020,,,,
MALVASIA VOLCÁNICA,1,tier3,MALVASIA BIANCA,MALVASIA BIANCA | MALVASIA PRETA | MALVASIA BIANCA LUNGA | MALVASIA NERA DI BRINDISI | MALVASIA DI CANDIA AROMATICA | MALVASIA FINA | MALVASIA ROSARIO | MALVASIA ISTRIANA | MALVASIA DEL LAZIO | MALVASIA ROSAVENDA,laucou 2018,,,,
MALVOISIE DE MADERA (COLLECTION BLACK MOROCCO,1,tier3,BLACK MOROCCO,BLACK MOROCCO | MALVOISIE DE MADERA,lacombe 2013,,,,
MAMMOLO CLONE I-MAM-PA-1,1,tier3,CONCORD CLONE 30,CONCORD CLONE 30 | MAMMOLO PECCIOLI,lac emanuelli 2020,,,,
MANCENS = GIRO DE BALEARES,1,tier3,GIRO SARDO,GIRO SARDO | GIRO NERO | GIRO DI BOSA | GIRO ROS | GIRO BLANCO | GIRO DI GONNOS,laucou 2018,,,,
MANDL  30,1,tier3,MANDL 24,MANDL 24 | MANDL 28 | MANDL 30 | MANDL 501,vivc confirmed,,,,
MANICURE FINGER1,1,tier3,MANICURE FINGER,MANICURE FINGER,liang 2019,,,,
MANSES DE CAPDELL,1,tier3,MANSES DE TIBBUS,MANSES DE TIBBUS,vivc confirmed,,,,
MANTONICO PINTO,1,tier3,MANTONICO BIANCO,MANTONICO BIANCO | MANTONICO | ROMANA PINTO | MONTONICO PINTO | MANTONICO NERO INZENGA,lac emanuelli 2020,,,,
MANZONI  2-  3,1,tier3,MANZONI BIANCO,MANZONI BIANCO | MANZONI ROSA | MANZONI MOSCATO | MANZONI 2- 3 | MANZONI 2- 14 | MANZONI 2- 15,vivc confirmed,,,,
MANZONI  2- 14,1,tier3,MANZONI BIANCO,MANZONI BIANCO | MANZONI ROSA | MANZONI MOSCATO | MANZONI 2- 3 | MANZONI 2- 14 | MANZONI 2- 15,vivc confirmed,,,,
MANZONI  2- 15,1,tier3,MANZONI BIANCO,MANZONI BIANCO | MANZONI ROSA | MANZONI MOSCATO | MANZONI 2- 3 | MANZONI 2- 14 | MANZONI 2- 15,vivc confirmed,,,,
MANZONI ROSA = MANZONI 1‐50 SAVAGNIN = TRAMINER,1,tier3,MANZONI ROSA,MANZONI ROSA,lacombe 2013,,,,
MARIA PIROVANO = PIROVANO 165 SULTANINE,1,tier3,MARIA PIROVANO,MARIA PIROVANO | ANGELO PIROVANO | PIROVANO 5 | PIROVANO 190 | PIROVANO 1 | PIROVANO 17 | PIROVANO 3 | PIROVANO 4 | PIROVANO 6 | PIROVANO 8,lacombe 2013,,,,
MARIO MARIANI = PIROVANO 276 MUSCAT DE HAMBOURG,1,tier3,MARIO MARIANI,MARIO MARIANI,lacombe 2013,,,,
MARS SEEDLESS,1,tier3,RUBY SEEDLESS,RUBY SEEDLESS | BEAUTY SEEDLESS | EINSET SEEDLESS | EMERALD SEEDLESS | CENTENNIAL SEEDLESS | DAWN SEEDLESS | CANNER SEEDLESS | BRONX SEEDLESS | FLAME SEEDLESS | MUSCAT SEEDLESS,liang 2019,,,,
MARTINEZ ZAPORTA   5 A,1,tier3,MARTINEZ ZAPORTA 5 A,MARTINEZ ZAPORTA 5 A | MARTINEZ ZAPORTA 1 B | MARTINEZ ZAPORTA 1 C | MARTINEZ ZAPORTA 2 B | MARTINEZ ZAPORTA 3 C | MARTINEZ ZAPORTA 4 A | MARTINEZ ZAPORTA 7 C | MARTINEZ ZAPORTA 16 C,vivc confirmed,,,,
MATHIAS JANOSNE,1,tier3,MATHIASZ JANOSNE,MATHIASZ JANOSNE,vivc confirmed,,,,
MATHIASZ JANOSNE = MATHIASZ 210 AÏN EL BOUMA,1,tier3,MATHIASZ JANOSNE,MATHIASZ JANOSNE | MATHIASZ 135 | MATHIASZ 166 | MATHIASZ 179 | MATHIASZ 219 | MATHIASZ 221 | MATHIASZ 224 | MATHIASZ PISTA | MATHIASZ ROZSI | MATHIASZ JOZSEF,lacombe 2013,,,,
MATHIASZ JANOSNE = MATHIASZ 210 FURMINT,1,tier3,MATHIASZ JANOSNE,MATHIASZ JANOSNE | MATHIASZ 135 | MATHIASZ 166 | MATHIASZ 179 | MATHIASZ 219 | MATHIASZ 221 | MATHIASZ 224 | MATHIASZ PISTA | MATHIASZ ROZSI | MATHIASZ JOZSEF,lacombe 2013,,,,
MATHIASZ JANOSNE = MATHIASZ 210 HARSLEVELU,1,tier3,MATHIASZ JANOSNE,MATHIASZ JANOSNE | MATHIASZ 135 | MATHIASZ 166 | MATHIASZ 179 | MATHIASZ 219 | MATHIASZ 221 | MATHIASZ 224 | MATHIASZ PISTA | MATHIASZ ROZSI | MATHIASZ JOZSEF,lacombe 2013,,,,
MATHIASZ JANOSNE = MATHIASZ 210 KADARKA,1,tier3,MATHIASZ JANOSNE,MATHIASZ JANOSNE | MATHIASZ 135 | MATHIASZ 166 | MATHIASZ 179 | MATHIASZ 219 | MATHIASZ 221 | MATHIASZ 224 | MATHIASZ PISTA | MATHIASZ ROZSI | MATHIASZ JOZSEF,lacombe 2013,,,,
MATHIASZ JANOSNE = MATHIASZ 210 KÖVIDINKA,1,tier3,MATHIASZ JANOSNE,MATHIASZ JANOSNE | MATHIASZ 135 | MATHIASZ 166 | MATHIASZ 179 | MATHIASZ 219 | MATHIASZ 221 | MATHIASZ 224 | MATHIASZ PISTA | MATHIASZ ROZSI | MATHIASZ JOZSEF,lacombe 2013,,,,
MATHIASZ JANOSNE = MATHIASZ 210 MUSCAT D'ALEXANDRIE,1,tier3,MATHIASZ JANOSNE,MATHIASZ JANOSNE | MATHIASZ 135 | MATHIASZ 166 | MATHIASZ 179 | MATHIASZ 219 | MATHIASZ 221 | MATHIASZ 224 | MATHIASZ PISTA | MATHIASZ ROZSI | MATHIASZ JOZSEF,lacombe 2013,,,,
MATHIASZ JANOSNE MUSKOTALY,1,tier3,MATHIASZ JANOSNE,MATHIASZ JANOSNE | MATHIASZ JANOS MUSKOTALY | MATHIASZ JOZSEF MUSKOTALY | KOZMA PALNE MUSKOTALY | DARANYI IGNAC MUSKOTALY | MATRAI MUSKOTALY | MATHIASZ 135 | MATHIASZ 166 | MATHIASZ 179 | MATHIASZ 219,vivc confirmed,,,,
MATHIAZ JANOSNE MUSKOTALY,1,tier3,KOZMA PALNE MUSKOTALY,KOZMA PALNE MUSKOTALY | DARANYI IGNAC MUSKOTALY | MATHIASZ JANOSNE | MATRAI MUSKOTALY | TELI MUSKOTALY | CSEPI MUSKOTALY | BIHARI MUSKOTALY | IZBEGI MUSKOTALY 1 | IZBEGI MUSKOTALY 2 | POELOESKE MUSKOTALY,vivc confirmed,,,,
MATHILDE (COLLECTION TRÈVES) BOUQUETTRAUBE,1,tier3,MATHILDE (COLLECTION TREVES),MATHILDE (COLLECTION TREVES),lacombe 2013,,,,
MAVASIA FINA,1,tier3,PLANTA FINA,PLANTA FINA | MALVASIA FINA | FINA | UVA FINA | ENGOR FINA | ZALEMA FINA | MALVASIA FINA ROXA,vivc confirmed,,,,
MEDOC NOIR.,1,tier3,MEDOC NOIR,MEDOC NOIR,vivc confirmed,,,,
MERLOT NOIR #,1,tier3,MERLOT NOIR,MERLOT NOIR | PINOT NOIR | GAMAY NOIR | GRAND NOIR | ROUMI NOIR | ARAMON NOIR | MANSENG NOIR | CAMARAOU NOIR | CARIGNAN NOIR | JURANCON NOIR,ssr oliveira,,,,
MESLIER SAINT-FRANCOIS,1,tier3,MESLIER SAINT FRANCOIS,MESLIER SAINT FRANCOIS | MESLIER NOIR | MESLIER PETIT | MESLIER ROSE | MESLIER HATIF | MESLIER VIOLET | MESLIER NOUVEAU,lac emanuelli 2020,,,,
MESLIER SAINT-FRANÇOIS,1,tier3,MESLIER SAINT FRANCOIS,MESLIER SAINT FRANCOIS | MESLIER NOIR | MESLIER PETIT | MESLIER ROSE | MESLIER HATIF | MESLIER VIOLET | MESLIER NOUVEAU,laucou 2018,,,,
MILLARDET ET GRASSET   17- 37,1,tier3,MILLARDET ET GRASSET 106- 8,MILLARDET ET GRASSET 106- 8 | MILLARDET ET GRASSET 101- 14 | MILLARDET ET GRASSET 1 | MILLARDET ET GRASSET 2 | MILLARDET ET GRASSET 8 | MILLARDET ET GRASSET 9 | MILLARDET ET GRASSET 11 | MILLARDET ET GRASSET 12 | MILLARDET ET GRASSET 13 | MILLARDET ET GRASSET 14,node profile,,,,
MILLARDET ET GRASSET  101 O.P.,1,tier3,MILLARDET ET GRASSET 101 O.P.,MILLARDET ET GRASSET 101 O.P. | MILLARDET ET GRASSET 106- 8 | MILLARDET ET GRASSET 101- 14 | MILLARDET ET GRASSET 1 | MILLARDET ET GRASSET 2 | MILLARDET ET GRASSET 8 | MILLARDET ET GRASSET 9 | MILLARDET ET GRASSET 11 | MILLARDET ET GRASSET 12 | MILLARDET ET GRASSET 13,vivc confirmed,,,,
MILLARDET ET GRASSET  101- 14,1,tier3,MILLARDET ET GRASSET 101- 14,MILLARDET ET GRASSET 101- 14 | MILLARDET ET GRASSET 101- 1 | MILLARDET ET GRASSET 101- 2 | MILLARDET ET GRASSET 101- 3 | MILLARDET ET GRASSET 101- 6 | MILLARDET ET GRASSET 101- 8 | MILLARDET ET GRASSET 101- 10 | MILLARDET ET GRASSET 101- 11 | MILLARDET ET GRASSET 101- 12 | MILLARDET ET GRASSET 101- 15,node profile,,,,
MILLARDET ET GRASSET  106-  8,1,tier3,MILLARDET ET GRASSET 106- 8,MILLARDET ET GRASSET 106- 8 | MILLARDET ET GRASSET 101- 14 | MILLARDET ET GRASSET 1 | MILLARDET ET GRASSET 2 | MILLARDET ET GRASSET 8 | MILLARDET ET GRASSET 9 | MILLARDET ET GRASSET 11 | MILLARDET ET GRASSET 12 | MILLARDET ET GRASSET 13 | MILLARDET ET GRASSET 14,node profile,,,,
MILLARDET ET GRASSET  125-  1,1,tier3,MILLARDET ET GRASSET 125- 1,MILLARDET ET GRASSET 125- 1 | MILLARDET ET GRASSET 125- 2 | MILLARDET ET GRASSET 125- 4 | MILLARDET ET GRASSET 106- 8 | MILLARDET ET GRASSET 101- 14 | MILLARDET ET GRASSET 1 | MILLARDET ET GRASSET 2 | MILLARDET ET GRASSET 8 | MILLARDET ET GRASSET 9 | MILLARDET ET GRASSET 11,node profile,,,,
MINNELLA NERA,1,tier3,BARBERA NERA,BARBERA NERA | PICCOLA NERA | MALVASIA NERA DI BRINDISI | ALMERIA NERA | MALVASIA NERA DI BOLZANO | MALVASIA NERA DI BASILICATA | NERA RADA | ASCERA NERA | CANINA NERA | COHEGI NERA,lac emanuelli 2020,,,,
MISSION = LISTAN PRIETO,1,tier3,LISTAN PRIETO,LISTAN PRIETO | LISTAN PRIETO FLORAL MUTANT | LISTAN NEGRO | PRIETO PICUDO TINTO | LISTAN 1495 | LISTAN ROSA | LISTAN GACHO | MISSION MALE | LISTAN BRANAS | RUPESTRIS MISSION,laucou 2018,,,,
MISSION = LISTÁN PRIETO,1,tier3,LISTAN PRIETO,LISTAN PRIETO | PRIETO PICUDO TINTO | MISSION MALE | RUPESTRIS MISSION | LISTAN PRIETO FLORAL MUTANT,laucou 2018,,,,
MONTE D'ORO = PIROVANO 240,1,tier3,MONTE D'ORO,MONTE D'ORO | MARIA PIROVANO | ANGELO PIROVANO | PIROVANO 5 | CONCA D'ORO | PIROVANO 190 | PIROVANO 1 | PIROVANO 17 | PIROVANO 3 | PIROVANO 4,ssr lacombe,,,,
MOSCATEL  ROSADO,1,tier3,MOSCATEL ROSADO,MOSCATEL ROSADO | MOSCATEL NAZARENO | MOSCATEL NATIVIDADE | MOSCATEL DE ANGUES | MOSCATEL DE CAMARATE | MOSCATEL AZUL | MOSCATEL ROSA | MOSCATEL NUNES | MOSCATEL TINTO | MOSCATEL APICIA,vivc confirmed,,,,
MOSCATEL ARGENTINA #,1,tier3,MOSCATEL ROSADO,MOSCATEL ROSADO | MOSCATEL NAZARENO | MOSCATEL NATIVIDADE | MOSCATEL DE ANGUES | MOSCATEL DE CAMARATE | MOSCATEL AZUL | MOSCATEL ROSA | MOSCATEL NUNES | MOSCATEL TINTO | MOSCATEL APICIA,ssr oliveira,,,,
MOSCATEL DE ALEXANDRIA #,1,tier3,MUSCAT OF ALEXANDRIA,MUSCAT OF ALEXANDRIA | MOSCATEL ROSADO | MOSCATEL NAZARENO | MOSCATEL NATIVIDADE | MOSCATEL DE ANGUES | MOSCATEL DE CAMARATE | MOSCATEL AZUL | MOSCATEL ROSA | MOSCATEL NUNES | MOSCATEL TINTO,ssr oliveira,,,,
MOSCATEL DE SETUBAL,1,tier3,MOSCATEL ROSADO,MOSCATEL ROSADO | MOSCATEL NAZARENO | MOSCATEL NATIVIDADE | MOSCATEL DE ANGUES | MOSCATEL DE CAMARATE | MOSCATEL AZUL | MOSCATEL ROSA | MOSCATEL NUNES | MOSCATEL TINTO | MOSCATEL APICIA,vivc confirmed,,,,
MOSCATEL GRANO MENUDO,1,tier3,MOSCATEL ROSADO,MOSCATEL ROSADO | MOSCATEL NAZARENO | MOSCATEL NATIVIDADE | MOSCATEL DE ANGUES | MOSCATEL DE CAMARATE | MOSCATEL AZUL | MOSCATEL ROSA | MOSCATEL NUNES | MOSCATEL TINTO | MOSCATEL APICIA,vivc confirmed,,,,
MOSCATEL ROSADA PORTUGUESA #,1,tier3,MOSCATEL ROSADA DE CANETE,MOSCATEL ROSADA DE CANETE | MOSCATEL ROSADO | MOSCATEL NAZARENO | MOSCATEL NATIVIDADE | MOSCATEL DE ANGUES | MOSCATEL DE CAMARATE | ROSADA | MOSCATEL AZUL | MOSCATEL ROSA | MOSCATEL NUNES,ssr oliveira,,,,
MOSCATEL SUIÇA #,1,tier3,MOSCATEL ROSADO,MOSCATEL ROSADO | MOSCATEL NAZARENO | MOSCATEL NATIVIDADE | MOSCATEL DE ANGUES | MOSCATEL DE CAMARATE | MOSCATEL AZUL | MOSCATEL ROSA | MOSCATEL NUNES | MOSCATEL TINTO | MOSCATEL APICIA,ssr oliveira,,,,
MOSCATO BIANCO B.,1,tier3,MOSCATO BIANCO PRECOCE,MOSCATO BIANCO PRECOCE | MOSCATO BIANCO GROSSO | MOSCATO BIANCO DI MINUSIO | BOMBINO BIANCO | MOSCATO D'ADDA | MANZONI BIANCO | MOSCATO GIALLO | CATARRATTO BIANCO | MOSCATO DI TERRACINA | CATARRATTO BIANCO FAUX,vivc confirmed,,,,
MOSCATO D'ADDA (SPAIN),1,tier3,MOSCATO D'ADDA,MOSCATO D'ADDA | MOSCATO GIALLO | MOSCATO DI TERRACINA | MOSCATO JESUS | MANZONI MOSCATO | MOSCATO NERO DI ACQUI | MOSCATO EMBRAPA | MOSCATO PAULSEN | MOSCATO TIAMMOR | MOSCATO CERLETTI,laucou 2018,,,,
MOSCATO D’ADDA,1,tier3,MOSCATO D'ADDA,MOSCATO D'ADDA | MOSCATO GIALLO | MOSCATO DI TERRACINA | MOSCATO JESUS | MANZONI MOSCATO | MOSCATO NERO DI ACQUI | MOSCATO EMBRAPA | MOSCATO PAULSEN | MOSCATO TIAMMOR | MOSCATO CERLETTI,lac emanuelli 2020,,,,
MOSCATO ITÁLICO,1,tier3,MOSCATO D'ADDA,MOSCATO D'ADDA | MOSCATO GIALLO | MOSCATO DI TERRACINA | MOSCATO JESUS | MANZONI MOSCATO | MOSCATO NERO DI ACQUI | MOSCATO EMBRAPA | MOSCATO PAULSEN | MOSCATO TIAMMOR | MOSCATO CERLETTI,ssr oliveira,,,,
MOSCATO TIAMMOR = PIROVANO 672 PIROVANO 190,1,tier3,MARIA PIROVANO,MARIA PIROVANO | ANGELO PIROVANO | PIROVANO 5 | PIROVANO 190 | PIROVANO 1 | PIROVANO 17 | MOSCATO TIAMMOR | PIROVANO 3 | PIROVANO 4 | PIROVANO 6,lacombe 2013,,,,
MOSCITA ROSA = TAMJANIKA CRNA,1,tier3,TAMJANIKA CRNA,TAMJANIKA CRNA,laucou 2018,,,,
MOURISCO TINTO,1,tier3,MOURISCO DE SEMENTE,MOURISCO DE SEMENTE | TINTO CAO | DONZELINHO TINTO | PRIETO PICUDO TINTO | QUIEBRATINAJAS TINTO | JAEN TINTO | TINTA TINTO | BRUNOL TINTO | CARREGA TINTO | TINTO FRAGOSO,vivc confirmed,,,,
MOURVEDRE = MONASTRELL,1,tier3,MONASTRELL,MONASTRELL | MOURVEDRE GRIS | MOURVEDRE HICHLE | MOURVEDRE KIRGHIZSKY,vivc confirmed,,,,
MOURVEDRE GULE,1,tier3,MURVEDR GULE,MURVEDR GULE | MOURVEDRE GRIS | MOURVEDRE HICHLE | MOURVEDRE KIRGHIZSKY,lac emanuelli 2020,,,,
MULATA = LEAO FERREIRA DA ALMEIDA CASTELÃO = PERIQUITA,1,tier3,LEAO FERREIRA DA ALMEIDA 29-54- 7,LEAO FERREIRA DA ALMEIDA 29-54- 7 | LEAO FERREIRA DA ALMEIDA 37-50- 8 | LEAO FERREIRA DA ALMEIDA 4-49- 44 | LEAO FERREIRA DA ALMEIDA 7-49- 35 | LEAO FERREIRA DA ALMEIDA 10-48- 24 | LEAO FERREIRA DA ALMEIDA 29-54- 30 | LEAO FERREIRA DA ALMEIDA 34-49- 48,lacombe 2013,,,,
MULLER THURGAU WEISS,1,tier3,MUELLER THURGAU WEISS,MUELLER THURGAU WEISS | MUELLER THURGAU WEISS (4N) | RIESLING WEISS | HEUNISCH WEISS | JAVOR WEISS | AUGSTER WEISS | BACCHUS WEISS | OESTERREICHISCH WEISS | LAGLER WEISS | BARTHAINER WEISS,marker support,,,,
MUNKATSY JOZSEF MUSKOTALY,1,tier3,MUNKATSY JOZSEF,MUNKATSY JOZSEF | MATHIASZ JOZSEF MUSKOTALY | KOZMA PALNE MUSKOTALY | DARANYI IGNAC MUSKOTALY | BERKI JOZSEF | MATRAI MUSKOTALY | JOZSEF NADOR | FERENC JOZSEF | KATONA JOZSEF | SZELES JOZSEF,ssr lacombe,,,,
MUNKATSY JOZSEF MUSKOTALY DIAMANTTRAUBE,1,tier3,MUNKATSY JOZSEF,MUNKATSY JOZSEF | MATHIASZ JOZSEF MUSKOTALY,lacombe 2013,,,,
MUSCADELLE DU BORDELAIS FAUX,1,tier3,MUSCADELLE,MUSCADELLE | CEAUS ROZ FAUX | DIAGALVES FAUX | KARASAKIS FAUX | KIZIL SAPAK FAUX | GORA CHIRINE FAUX | PETIT VERDOT FAUX | ZRINYI ILONA FAUX | ALICANTE BLANC FAUX | CATARRATTO BIANCO FAUX,vivc confirmed,,,,
MUSCAT D' ALEXANDRIE,1,tier3,MUSCAT ALEXANDRIE BLEU,MUSCAT ALEXANDRIE BLEU | MUSCAT OTTONEL | MUSCAT HAMBURG | EARLY MUSCAT | GOLDEN MUSCAT | MUSCAT OF ALEXANDRIA | MUSCAT A PETITS GRAINS BLANCS | NEW YORK MUSCAT | MUSCAT FLEUR D'ORANGER | MUSCAT MIKVEH,vivc confirmed,,,,
MUSCAT D'ALEXANDRIA,1,tier3,MUSCAT OTTONEL,MUSCAT OTTONEL | MUSCAT HAMBURG | EARLY MUSCAT | GOLDEN MUSCAT | MUSCAT OF ALEXANDRIA | MUSCAT A PETITS GRAINS BLANCS | NEW YORK MUSCAT | MUSCAT FLEUR D'ORANGER | MUSCAT MIKVEH | MUSCAT LIERVAL,vivc confirmed,,,,
MUSCAT D'D’ISTAMBUL,1,tier3,MUSCAT OTTONEL,MUSCAT OTTONEL | MUSCAT HAMBURG | EARLY MUSCAT | GOLDEN MUSCAT | MUSCAT OF ALEXANDRIA | MUSCAT A PETITS GRAINS BLANCS | NEW YORK MUSCAT | MUSCAT FLEUR D'ORANGER | MUSCAT MIKVEH | MUSCAT LIERVAL,lac emanuelli 2020,,,,
MUSCAT DE LA RELIQUE,1,tier3,MUSCAT OTTONEL,MUSCAT OTTONEL | MUSCAT HAMBURG | EARLY MUSCAT | GOLDEN MUSCAT | MUSCAT OF ALEXANDRIA | MUSCAT A PETITS GRAINS BLANCS | NEW YORK MUSCAT | MUSCAT FLEUR D'ORANGER | MUSCAT MIKVEH | MUSCAT LIERVAL,lac emanuelli 2020,,,,
MUSCAT DE ROUSSÉ,1,tier3,MUSCAT OTTONEL,MUSCAT OTTONEL | MUSCAT HAMBURG | EARLY MUSCAT | GOLDEN MUSCAT | MUSCAT OF ALEXANDRIA | MUSCAT A PETITS GRAINS BLANCS | NEW YORK MUSCAT | MUSCAT FLEUR D'ORANGER | MUSCAT MIKVEH | MUSCAT LIERVAL,lacombe 2013,,,,
MUSCAT DE ST. CHRISTOL (GALIBERT 255-43),1,tier3,MUSCAT DE ST. CHRISTOL,MUSCAT DE ST. CHRISTOL,lac emanuelli 2020,,,,
MUSCAT DE THRACE,1,tier3,MUSCAT OTTONEL,MUSCAT OTTONEL | MUSCAT HAMBURG | EARLY MUSCAT | GOLDEN MUSCAT | MUSCAT OF ALEXANDRIA | MUSCAT A PETITS GRAINS BLANCS | NEW YORK MUSCAT | MUSCAT FLEUR D'ORANGER | MUSCAT MIKVEH | MUSCAT LIERVAL,vivc confirmed,,,,
MUSCAT DORÉ DE SEMIS (COLLECTION RIESLING,1,tier3,MUSCAT DORE DE SEMIS,MUSCAT DORE DE SEMIS,lacombe 2013,,,,
MUSCAT MIKWEH CREA,1,tier3,MUSCAT OTTONEL,MUSCAT OTTONEL | MUSCAT HAMBURG | EARLY MUSCAT | GOLDEN MUSCAT | MUSCAT OF ALEXANDRIA | MUSCAT A PETITS GRAINS BLANCS | NEW YORK MUSCAT | MUSCAT FLEUR D'ORANGER | MUSCAT MIKVEH | MUSCAT LIERVAL,lac emanuelli 2020,,,,
MUSCAT OF ALEXANDIRA,1,tier3,MUSCAT OTTONEL,MUSCAT OTTONEL | MUSCAT HAMBURG | EARLY MUSCAT | GOLDEN MUSCAT | MUSCAT OF ALEXANDRIA | MUSCAT A PETITS GRAINS BLANCS | NEW YORK MUSCAT | MUSCAT FLEUR D'ORANGER | MUSCAT MIKVEH | MUSCAT LIERVAL,vivc confirmed,,,,
MUSCAT OF ALEXANDRIE,1,tier3,MUSCAT ALEXANDRIE BLEU,MUSCAT ALEXANDRIE BLEU | MUSCAT OTTONEL | MUSCAT HAMBURG | EARLY MUSCAT | GOLDEN MUSCAT | MUSCAT OF ALEXANDRIA | MUSCAT A PETITS GRAINS BLANCS | NEW YORK MUSCAT | MUSCAT FLEUR D'ORANGER | MUSCAT MIKVEH,vivc confirmed,,,,
MUSCAT OF HAMBURG,1,tier3,MUSCAT HAMBURG,MUSCAT HAMBURG | BALOUTI X MUSCAT HAMBURG | YESHANENSIS X MUSCAT HAMBURG GF 68-61-03 | YESHANENSIS X MUSCAT HAMBURG GF 68-61-08 | YESHANENSIS X MUSCAT HAMBURG GF 68-62-03 | YESHANENSIS X MUSCAT HAMBURG GF 68-62-07 | YESHANENSIS X MUSCAT HAMBURG GF 68-62-21 | YESHANENSIS X MUSCAT HAMBURG GF 68-62-27 | YESHANENSIS X MUSCAT HAMBURG GF 68-62-29 | YESHANENSIS X MUSCAT HAMBURG GF 68-63-03,vivc confirmed,,,,
MUSCAT PRECOCE DE COURTILLER,1,tier3,MUSCAT PRECOCE DE SAUMUR,MUSCAT PRECOCE DE SAUMUR | MUSCAT AUGUSTE COURTILLER | MUSCAT EUGENIE COURTILLER | MUSCAT OTTONEL | MUSCAT HAMBURG | EARLY MUSCAT | GOLDEN MUSCAT | MUSCAT OF ALEXANDRIA | MUSCAT A PETITS GRAINS BLANCS | NEW YORK MUSCAT,vivc confirmed,,,,
MUSCAT PRÉCOCE DE SAUMUR,1,tier3,MUSCAT PRECOCE DE SAUMUR,MUSCAT PRECOCE DE SAUMUR | MUSCAT OTTONEL | MUSCAT HAMBURG | EARLY MUSCAT | GOLDEN MUSCAT | MUSCAT OF ALEXANDRIA | MUSCAT A PETITS GRAINS BLANCS | NEW YORK MUSCAT | MUSCAT FLEUR D'ORANGER | MUSCAT MIKVEH,lacombe 2013,,,,
MUSCAT REINE DES VIGNES,1,tier3,MUSCAT OTTONEL,MUSCAT OTTONEL | MUSCAT HAMBURG | EARLY MUSCAT | GOLDEN MUSCAT | MUSCAT OF ALEXANDRIA | MUSCAT A PETITS GRAINS BLANCS | NEW YORK MUSCAT | MUSCAT FLEUR D'ORANGER | MUSCAT MIKVEH | MUSCAT LIERVAL,lac emanuelli 2020,,,,
MUSCAT ROUGE DE MADERE = MOSCATO VIOLETTO,1,tier3,MUSCAT ROUGE DE MADERE,MUSCAT ROUGE DE MADERE,vivc confirmed,,,,
MUSCAT ROUGE DE MADÈRE = NIELLUCCIO = SANGIOVESE,1,tier3,MUSCAT ROUGE DE MADERE,MUSCAT ROUGE DE MADERE,lacombe 2013,,,,
MUSCAT ROUGE DE MADÈRE = PINOT,1,tier3,MUSCAT ROUGE DE MADERE,MUSCAT ROUGE DE MADERE | PINOT ROUGE,lacombe 2013,,,,
MUSCAT ROUGE DE MADÈRE = PRÉCOCE DE MALINGRE,1,tier3,MUSCAT ROUGE DE MADERE,MUSCAT ROUGE DE MADERE,lacombe 2013,,,,
MUSCAT ROUGE DE MADÈRE = SCIACCARELLO = MAMMOLO,1,tier3,MUSCAT ROUGE DE MADERE,MUSCAT ROUGE DE MADERE,lacombe 2013,,,,
MUSCAT SAINT LAURENT,1,tier3,SAINT LAURENT,SAINT LAURENT | MUSCAT ST. LAURENT | SAINT LAURENT D'A | MUSCAT OTTONEL | MUSCAT HAMBURG | EARLY MUSCAT | GOLDEN MUSCAT | MUSCAT OF ALEXANDRIA | MUSCAT A PETITS GRAINS BLANCS | NEW YORK MUSCAT,vivc confirmed,,,,
MUSCAT SAINT-LAURENT,1,tier3,MUSCAT OTTONEL,MUSCAT OTTONEL | MUSCAT HAMBURG | EARLY MUSCAT | GOLDEN MUSCAT | MUSCAT OF ALEXANDRIA | MUSCAT A PETITS GRAINS BLANCS | NEW YORK MUSCAT | MUSCAT FLEUR D'ORANGER | MUSCAT MIKVEH | MUSCAT LIERVAL,vivc confirmed,,,,
MUSCAT THALLOCSY,1,tier3,MUSCAT OTTONEL,MUSCAT OTTONEL | MUSCAT HAMBURG | EARLY MUSCAT | GOLDEN MUSCAT | MUSCAT OF ALEXANDRIA | MUSCAT A PETITS GRAINS BLANCS | NEW YORK MUSCAT | MUSCAT FLEUR D'ORANGER | MUSCAT MIKVEH | MUSCAT LIERVAL,lacombe 2013,,,,
MUSCAT À PETITS GRAINS BLANCS,1,tier3,MUSCAT A PETITS GRAINS BLANCS,MUSCAT A PETITS GRAINS BLANCS | MUSCAT A PETITS GRAINS BLANCS SEEDLESS | MUSCAT A PETITS GRAINS NOIRS | MUSCAT A PETITS GRAINS ROSES | MUSCAT A PETITS GRAINS ROUGES | MORRASTEL BOUSCHET A PETITS GRAINS,laucou 2018,,,,
MUSCATE (COLLECTION RAVAZ),1,tier3,EARLY DAWN FAUX (COLLECTION RAVAZ),EARLY DAWN FAUX (COLLECTION RAVAZ) | MATHILDE (COLLECTION TREVES) | TINTINHA (COLLECTION ESPORAO) | CALABRESERTRAUBE (COLLECTION RODRIAN) | SALICETTE (COLLECTION PARC DE LA TETE D'OR) | BORGOGNA (COLLECTION UDINE) | SALICETTE (COLLECTION OBERLIN) | EKIM KARA FAUX (COLLECTION CONEGLIANO) | GOLDMUSKATELLER (COLLECTION GEISENHEIM) | ICHKIMAR BELYI FAUX (COLLECTION KICHINEV),ssr lacombe,,,,
MUSCATE (COLLECTION RAVAZ) BEYLERCE,1,tier3,EARLY DAWN FAUX (COLLECTION RAVAZ),EARLY DAWN FAUX (COLLECTION RAVAZ),lacombe 2013,,,,
MUSKAT UZBEKINSTANSKII,1,tier3,MUSKAT VIRA,MUSKAT VIRA | MORIO MUSKAT | MUSKAT DONSKOI | MUSKAT OBERLIN | MUSKAT SUSANNA | MUSKAT DESERTNYI | MUSKAT YEREVANYAN | MUSKAT ZHEMCHUZHNYI | MUSKAT USBEKISTANSKII | ALDA MUSKAT,lac emanuelli 2020,,,,
MUSKAT ZHEMCHUZHNII,1,tier3,MUSKAT VIRA,MUSKAT VIRA | MORIO MUSKAT | MUSKAT DONSKOI | MUSKAT OBERLIN | MUSKAT SUSANNA | MUSKAT DESERTNYI | MUSKAT YEREVANYAN | MUSKAT ZHEMCHUZHNYI | MUSKAT USBEKISTANSKII | ALDA MUSKAT,vivc confirmed,,,,
MÜLLER THURGAU,1,tier3,MUELLER THURGAU WEISS,MUELLER THURGAU WEISS | MUELLER THURGAU ROT | MUELLER THURGAU WEISS (4N),lac emanuelli 2020,,,,
NAPOLEON = DON MARIANO,1,tier3,IMPERIAL NAPOLEON,IMPERIAL NAPOLEON,laucou 2018,,,,
NAVA = SPIEGEL‐ROY 3/70‐28,1,tier3,NAVA,NAVA,ssr lacombe,,,,
ND ALICANTE HENRI BOUSCHET,1,tier3,ALICANTE HENRI BOUSCHET,ALICANTE HENRI BOUSCHET | ALICANTE BOUSCHET 7 | ALICANTE BOUSCHET TARDIF | ALICANTE BOUSCHET X PIQUEPOUL GRIS 8 | ALICANTE BOUSCHET X PIQUEPOUL GRIS 9 | ALICANTE BOUSCHET 1 | ALICANTE BOUSCHET 2 | ALICANTE BOUSCHET 12 | ALICANTE BOUSCHET 13 | ALICANTE BOUSCHET PRECOCE,lacombe 2013,,,,
ND KHOUSSAÏNÉ BLANC,1,tier3,CHARDONNAY BLANC,CHARDONNAY BLANC | CHENIN BLANC | SAUVIGNON BLANC | SAVAGNIN BLANC | CHAOUCH BLANC | PINOT BLANC | SEYVAL BLANC | TERRET BLANC | VILLARD BLANC | BALZAC BLANC,lacombe 2013,,,,
ND PETIT VERDOT,1,tier3,PETIT VERDOT FAUX,PETIT VERDOT FAUX | VERDOT PETIT | BOUSCHET PETIT | PETIT NOIR | PETIT ROUGE | MESLIER PETIT | MANSENG PETIT BLANC | ARAMON PETIT | BECLAN PETIT | DUC PETIT,lacombe 2013,,,,
ND SAVAGNIN = TRAMINER,1,tier3,SAVAGNIN BLANC,SAVAGNIN BLANC | SAVAGNIN ROSE | TRAMINER GRIS | TRAMINER SIGNUM | TRAMINER STELLA,lacombe 2013,,,,
ND SEVAN,1,tier3,SEVAN,SEVAN,lacombe 2013,,,,
NEDEL'CHEV MAGVATLANA,1,tier3,NEDELTCHEFF MAGVATLANA,NEDELTCHEFF MAGVATLANA,vivc confirmed,,,,
NEGRA TARDÍA,1,tier3,NEGRA DORADA,NEGRA DORADA | NEGRA RAYADA | NEGRA TARDIA | ALVARIN NEGRA | PATRICIA NEGRA | NEGRA | JAEN NEGRA | CALONA NEGRA | PEROLA NEGRA | REGINA NEGRA,laucou 2018,,,,
NEGRU MARE (CHARAS),1,tier3,NEGRU MARE DE GHIRODA,NEGRU MARE DE GHIRODA | NEGRU MARE (QUESTIONABLE) | NEGRU VIRTOS | NEGRU DE CAUSANI | ALB MARE | POMA MARE | IGRIS MARE | NEGRU MOALE | NETED NEGRU | NEGRU AROMAT,lac emanuelli 2020,,,,
NERELLO CAPPUCCIO FAUX,1,tier3,NERELLO MASCALESE FAUX,NERELLO MASCALESE FAUX | CEAUS ROZ FAUX | DIAGALVES FAUX | KARASAKIS FAUX | KIZIL SAPAK FAUX | GORA CHIRINE FAUX | PETIT VERDOT FAUX | ZRINYI ILONA FAUX | ALICANTE BLANC FAUX | CATARRATTO BIANCO FAUX,vivc confirmed,,,,
NERELLO CAPPUCCIO FAUX (REGALBUTO),1,tier3,NERELLO MASCALESE FAUX,NERELLO MASCALESE FAUX,lacombe 2013,,,,
NERETTA CUNEESE N.,1,tier3,NERETTA CUNEESE,NERETTA CUNEESE,vivc confirmed,,,,
NERETTO DURO (BALAU),1,tier3,NERETTO DURO,NERETTO DURO | NERETTO DI BAIRO | NERETTO DI MARENGO | DURO CUOIO | PELLEJO DURO | NERETTO GENTILE | NERETTO PICCOLO | NERETTO DI SALTO | NERETTO NOSTRANO | NERETTO DI VERONA,lac emanuelli 2020,,,,
NEW YORK     8536,1,tier3,NEW YORK 8536,NEW YORK 8536 | NEW YORK MUSCAT | NEW YORK 46000 | NEW YORK 62.0136.01 | NEW YORK 63.0970.07 | NEW YORK 70.0834.06 | NEW YORK 84.0101.04 | YORK CLARET | NEW YORK 125 | YORK MADEIRA,vivc confirmed,,,,
NIAGARA BRANCA GIGANTE 4N,1,tier3,NIAGARA BRANCA OVAL,NIAGARA BRANCA OVAL | NIAGARA ROSADA GIGANTE (4N) | NIAGARA | NIAGARA ROSE | NIAGARA SEEDLESS | NIAGARA RED | NIAGARA STECK | NIAGARA RAJADA | BRANCA DE ANADIA | NIAGARA MARAVILHA,ssr oliveira,,,,
NIAGARA ROSADA ESCURA,1,tier3,NIAGARA ROSADA GIGANTE (4N),NIAGARA ROSADA GIGANTE (4N) | NIAGARA | NIAGARA ROSE | NIAGARA SEEDLESS | ROSADA | NIAGARA RED | NIAGARA STECK | NIAGARA RAJADA | ROSADA FIAMBALA | NIAGARA MARAVILHA,ssr oliveira,,,,
NIAGARA ROSADA GIGANTE 4N,1,tier3,NIAGARA ROSADA GIGANTE (4N),NIAGARA ROSADA GIGANTE (4N) | NIAGARA | NIAGARA ROSE | NIAGARA SEEDLESS | ROSADA | NIAGARA RED | NIAGARA STECK | NIAGARA RAJADA | ROSADA FIAMBALA | NIAGARA MARAVILHA,ssr oliveira,,,,
NIAGARA ROSADA VARIEGADA,1,tier3,NIAGARA ROSADA GIGANTE (4N),NIAGARA ROSADA GIGANTE (4N) | NIAGARA | NIAGARA ROSE | NIAGARA SEEDLESS | ROSADA | NIAGARA RED | NIAGARA STECK | NIAGARA RAJADA | ROSADA FIAMBALA | NIAGARA MARAVILHA,ssr oliveira,,,,
NIAGARA S/SEMENTES (ROSINHA),1,tier3,NIAGARA,NIAGARA | NIAGARA ROSE | NIAGARA SEEDLESS | NIAGARA RED | NIAGARA STECK | NIAGARA RAJADA | NIAGARA MARAVILHA | NIAGARA BRANCA OVAL | NEW NIAGARA | NIAGARA (4N),ssr oliveira,,,,
NIELLUCCIO = SANGIOVESE,1,tier3,SANGIOVESE,SANGIOVESE | SANGIOVESE SEEDLESS | SANGIOVESE DI ROMAGNA | SANGIOVESE MONTAGNOLO,lacombe 2013,,,,
NOBLE #,1,tier3,NOBLE,NOBLE,ssr oliveira,,,,
NOCCHIANELLO PELOSO SPIGA GRANO,1,tier3,NOCCHIANELLO PELOSO A SPIGA DI GRANTURCO,NOCCHIANELLO PELOSO A SPIGA DI GRANTURCO | NOCCHIANELLO PELOSO,vivc confirmed,,,,
NOIR DE CRIMEE FAUX,1,tier3,PASKAL NOIR FAUX,PASKAL NOIR FAUX | PINOT NOIR | GAMAY NOIR | MERLOT NOIR | GRAND NOIR | ROUMI NOIR | ARAMON NOIR | MANSENG NOIR | CAMARAOU NOIR | CARIGNAN NOIR,vivc confirmed,,,,
NOIR HATIF DER MARSEILLE,1,tier3,NOIR HATIF DE MARSEILLE,NOIR HATIF DE MARSEILLE | ANGERS NOIR HATIF | MUSCAT NOIR HATIF | PINOT NOIR | GAMAY NOIR | MERLOT NOIR | GRAND NOIR | ROUMI NOIR | ARAMON NOIR | MANSENG NOIR,vivc confirmed,,,,
NY 65.0467.08,1,tier3,NEW YORK 65.0467.08,NEW YORK 65.0467.08,vivc confirmed,,,,
OBERLIN),1,tier3,SALICETTE (COLLECTION OBERLIN),SALICETTE (COLLECTION OBERLIN),lacombe 2013,,,,
OLBER WEISS,1,tier3,RIESLING WEISS,RIESLING WEISS | HEUNISCH WEISS | JAVOR WEISS | MUELLER THURGAU WEISS | AUGSTER WEISS | BACCHUS WEISS | OESTERREICHISCH WEISS | OLBER | LAGLER WEISS | BARTHAINER WEISS,laucou 2018,,,,
OLIVELLA DI CAGGIANO,1,tier3,OLIVELLA CAGGIANO,OLIVELLA CAGGIANO | OLIVELLA DU VESUVE | OLIVELLA DI CARBONARA | OLIVELLA DI MONTECALVO | OLIVELLA DELLA CANONICA | VERNACOLO OLIVELLA DI CASERTA | OLIVELLA DEL VALLO DI LAURO NERA,lac emanuelli 2020,,,,
OLIVETTA NERA,1,tier3,BARBERA NERA,BARBERA NERA | PICCOLA NERA | MALVASIA NERA DI BRINDISI | ALMERIA NERA | MALVASIA NERA DI BOLZANO | MALVASIA NERA DI BASILICATA | NERA RADA | ASCERA NERA | CANINA NERA | COHEGI NERA,vivc confirmed,,,,
OLMO L 12-80,1,tier3,OLMO 6- 1,OLMO 6- 1 | OLMO 7- 4 | OLMO 3- 54 | OLMO 3- 84 | OLMO 4- 38 | OLMO 5- 12 | OLMO 5- 21 | OLMO 5- 26 | OLMO 5- 44 | OLMO 7- 16,liang 2019,,,,
OLMO VR 043- 43,1,tier3,OLMO 6- 1,OLMO 6- 1 | OLMO 7- 4 | OLMO 3- 54 | OLMO 3- 84 | OLMO 4- 38 | OLMO 5- 12 | OLMO 5- 21 | OLMO 5- 26 | OLMO 5- 44 | OLMO 7- 16,ssr oliveira,,,,
OREG KADARKA KEK,1,tier3,KADARKA OREG,KADARKA OREG | KADARKA KEK | OLASZ KADARKA | KADARKA SRB | KADARKA FEHER | KADARKA PIROS | MESZI KADARKA | KADARKA SZUERKE | KADARKA TOEROEK,lac emanuelli 2020,,,,
PALOMBA (UVA CARRIERI),1,tier3,PALOMBA,PALOMBA,lac emanuelli 2020,,,,
PALOMINO FINO = LISTÁN,1,tier3,PALOMINO FINO,PALOMINO FINO | GARRIDO FINO | MOSCATEL FINO | PALOMINO NEGRO | PALOMINO PELUSON | PALOMINO DE JEREZ | PALOMINO PARA MESA,laucou 2018,,,,
PANSE BLANCHE,1,tier3,MONDEUSE BLANCHE,MONDEUSE BLANCHE | FOLLE BLANCHE | OLIVETTE BLANCHE | CLAIRETTE BLANCHE | BRUXELLOISE BLANCHE | BOARDE BLANCHE | CANDIVE BLANCHE | VIGNE BLANCHE | ANECHE BLANCHE | BLANCHE MUSQUEE,vivc confirmed,,,,
PANSE PRECOCE,1,tier3,ISABEL PRECOCE,ISABEL PRECOCE | MALINGRE PRECOCE | PINOT PRECOCE NOIR | DAMAS BLANC PRECOCE | COT PRECOCE DE TOURS | KNIPPERLE PRECOCE FAUX | MOSCATO BIANCO PRECOCE | MUSCAT PRECOCE DE SAUMUR | PRECOCE | PRECOCE DAN,vivc confirmed,,,,
PARDINA = PIROVANO 130,1,tier3,PARDINA,PARDINA | MARIA PIROVANO | ANGELO PIROVANO | PIROVANO 5 | PIROVANO 190 | PIROVANO 1 | PIROVANO 17 | PIROVANO 3 | PIROVANO 4 | PIROVANO 6,lacombe 2013,,,,
PAULSEN  1119,1,tier3,PAULSEN 1119,PAULSEN 1119 | PAULSEN 1447 | MOSCATO PAULSEN | PAULSEN 73 | PAULSEN 123 | PAULSEN 124 | PAULSEN 132 | PAULSEN 157 | PAULSEN 188 | PAULSEN 2 A,vivc confirmed,,,,
PECORELLO (FALSO),1,tier3,PECORELLO,PECORELLO | PECORELLO SAN MARCO,lac emanuelli 2020,,,,
PEDRO XIMENES #,1,tier3,PEDRO XIMENEZ,PEDRO XIMENEZ | PEDRO GIMENEZ | PEDRO | PEDRO LUIS | PEDRO RAZZANO | XIMENES ZUMBON | PEDRO GIMENEZ 1 | PEDRO GIMENEZ 2 | ROIG DE SAN PEDRO | PEDRO XIMENEZ SEEDLESS,ssr oliveira,,,,
PEDRO XIMÉNEZ,1,tier3,PEDRO XIMENEZ,PEDRO XIMENEZ | PEDRO GIMENEZ | PEDRO | PEDRO LUIS | PEDRO RAZZANO | PEDRO GIMENEZ 1 | PEDRO GIMENEZ 2 | ROIG DE SAN PEDRO | PEDRO XIMENEZ SEEDLESS,laucou 2018,,,,
PERLA DE CSABA,1,tier3,CSABA GYOENGYE,CSABA GYOENGYE | CHERNA PERLA | PERLA NERA | CSABA PIROS | PERLA DEI VIVI | TRAKIISKA PERLA | PERLA DE FEREDEU | PERLA MARE ROSIE | PERLA BOUKHARESTA | CSABA GYOENGYE PIROS,ssr oliveira,,,,
PERLE VON CSABA,1,tier3,CSABA GYOENGYE,CSABA GYOENGYE | PERLE | PERLE NOIRE | BELLE PERLE | CSABA PIROS | PERLE DE PEGOES | PERLE DE CADOULE | PERLE DE MOCAMEDES | CSABA GYOENGYE PIROS,vivc confirmed,,,,
PERLETTA,1,tier3,KATTA KURGAN X PERLETTA 15 42,KATTA KURGAN X PERLETTA 15 42,vivc confirmed,,,,
PERSAN N,1,tier3,PERSAN,PERSAN | PERSAN DE LA SAVOIL,vivc confirmed,,,,
PETIT BOUSCHET X ARAMON N°4,1,tier3,BOUSCHET PETIT A FEUILLES LISSES X ARAMON NO 2,BOUSCHET PETIT A FEUILLES LISSES X ARAMON NO 2 | BOUSCHET PETIT A FEUILLES LISSES X ARAMON NO 3 | BOUSCHET PETIT A FEUILLES LISSES X ARAMON NO 5 | BOUSCHET PETIT | ARAMON PETIT | ARAMON BOUSCHET 4 | ARAMON BOUSCHET 7 | ARAMON BOUSCHET 8 | ARAMON BOUSCHET 9 | ARAMON BOUSCHET 1,ssr lacombe,,,,
PETIT BOUSCHET X ARAMON N°4 PETIT BOUSCHET,1,tier3,BOUSCHET PETIT A FEUILLES LISSES X ARAMON NO 2,BOUSCHET PETIT A FEUILLES LISSES X ARAMON NO 2 | BOUSCHET PETIT A FEUILLES LISSES X ARAMON NO 3 | BOUSCHET PETIT A FEUILLES LISSES X ARAMON NO 5 | BOUSCHET PETIT | BOUSCHET PETIT A GROS GRAINS | BOUSCHET PETIT X MORRASTEL 3 | BOUSCHET PETIT X MORRASTEL 5 | BOUSCHET PETIT X MORRASTEL 7 | BOUSCHET PETIT X PIQUEPOUL 2 | BOUSCHET PETIT A FEUILLES LISSES,lacombe 2013,,,,
PINOT MEUNIER OR PINOT TEINTURIER,1,tier3,PINOT MEUNIER,PINOT MEUNIER | PINOT TEINTURIER | PINOT MEUNIER DWARF | PINOT TEINTURIER BURY | CABERNET SAUVIGNON X PINOT MEUNIER DWARF | PINOT NOIR | PINOT GRIS | PINOT BLANC | PINOT SALOMON | PINOT PRECOCE NOIR,vivc confirmed,,,,
PIROVANO   15,1,tier3,MARIA PIROVANO,MARIA PIROVANO | ANGELO PIROVANO | PIROVANO 5 | PIROVANO 190 | PIROVANO 1 | PIROVANO 17 | PIROVANO 3 | PIROVANO 4 | PIROVANO 6 | PIROVANO 8,vivc confirmed,,,,
PIROVANO   16,1,tier3,MARIA PIROVANO,MARIA PIROVANO | ANGELO PIROVANO | PIROVANO 5 | PIROVANO 190 | PIROVANO 1 | PIROVANO 17 | PIROVANO 3 | PIROVANO 4 | PIROVANO 6 | PIROVANO 8,vivc confirmed,,,,
PIROVANO   93,1,tier3,MARIA PIROVANO,MARIA PIROVANO | ANGELO PIROVANO | PIROVANO 5 | PIROVANO 190 | PIROVANO 1 | PIROVANO 17 | PIROVANO 3 | PIROVANO 4 | PIROVANO 6 | PIROVANO 8,vivc confirmed,,,,
PIROVANO  159,1,tier3,MARIA PIROVANO,MARIA PIROVANO | ANGELO PIROVANO | PIROVANO 5 | PIROVANO 190 | PIROVANO 1 | PIROVANO 17 | PIROVANO 3 | PIROVANO 4 | PIROVANO 6 | PIROVANO 8,vivc confirmed,,,,
PIROVANO  166 A,1,tier3,MARIA PIROVANO,MARIA PIROVANO | ANGELO PIROVANO | PIROVANO 5 | PIROVANO 190 | PIROVANO 1 | PIROVANO 17 | PIROVANO 3 | PIROVANO 4 | PIROVANO 6 | PIROVANO 8,vivc confirmed,,,,
PIROVANO  188,1,tier3,MARIA PIROVANO,MARIA PIROVANO | ANGELO PIROVANO | PIROVANO 5 | PIROVANO 190 | PIROVANO 1 | PIROVANO 17 | PIROVANO 3 | PIROVANO 4 | PIROVANO 6 | PIROVANO 8,vivc confirmed,,,,
PIROVANO  190,1,tier3,MARIA PIROVANO,MARIA PIROVANO | ANGELO PIROVANO | PIROVANO 5 | PIROVANO 190 | PIROVANO 1 | PIROVANO 17 | PIROVANO 3 | PIROVANO 4 | PIROVANO 6 | PIROVANO 8,vivc confirmed,,,,
PIROVANO  235,1,tier3,MARIA PIROVANO,MARIA PIROVANO | ANGELO PIROVANO | PIROVANO 5 | PIROVANO 190 | PIROVANO 1 | PIROVANO 17 | PIROVANO 3 | PIROVANO 4 | PIROVANO 6 | PIROVANO 8,vivc confirmed,,,,
PIROVANO  315,1,tier3,MARIA PIROVANO,MARIA PIROVANO | ANGELO PIROVANO | PIROVANO 5 | PIROVANO 190 | PIROVANO 1 | PIROVANO 17 | PIROVANO 3 | PIROVANO 4 | PIROVANO 6 | PIROVANO 8,vivc confirmed,,,,
PIROVANO  531,1,tier3,MARIA PIROVANO,MARIA PIROVANO | ANGELO PIROVANO | PIROVANO 5 | PIROVANO 190 | PIROVANO 1 | PIROVANO 17 | PIROVANO 3 | PIROVANO 4 | PIROVANO 6 | PIROVANO 8,vivc confirmed,,,,
PIROVANO 108,1,tier3,MARIA PIROVANO,MARIA PIROVANO | ANGELO PIROVANO | PIROVANO 5 | PIROVANO 190 | PIROVANO 1 | PIROVANO 17 | PIROVANO 3 | PIROVANO 4 | PIROVANO 6 | PIROVANO 8,lacombe 2013,,,,
PIROVANO 46A,1,tier3,MARIA PIROVANO,MARIA PIROVANO | ANGELO PIROVANO | PIROVANO 5 | PIROVANO 190 | PIROVANO 1 | PIROVANO 17 | PIROVANO 3 | PIROVANO 4 | PIROVANO 6 | PIROVANO 8,vivc confirmed,,,,
PIROVANO 548 #,1,tier3,MARIA PIROVANO,MARIA PIROVANO | ANGELO PIROVANO | PIROVANO 5 | PIROVANO 190 | PIROVANO 1 | PIROVANO 17 | PIROVANO 3 | PIROVANO 4 | PIROVANO 6 | PIROVANO 8,ssr oliveira,,,,
PIZZUTELLO BIANCO NO. 4,1,tier3,BOMBINO BIANCO,BOMBINO BIANCO | MANZONI BIANCO | CATARRATTO BIANCO | CATARRATTO BIANCO FAUX | GRECO BIANCO 2 | PIZZUTELLO NERO | MANTONICO BIANCO | MONTONICO BIANCO | VERDICCHIO BIANCO | ALBARANZEULI BIANCO,liang 2019,,,,
PLAGVAC MALI,1,tier3,PLAVAC MALI CRNI,PLAVAC MALI CRNI | GRK MALI | PUIZ MALI | POSIP MALI | PLAVAC MALI SIVI,vivc confirmed,,,,
PLANT DE BANYULS (RANUYÈRES) GIBI = HEBÉN,1,tier3,PLANT DE BANYULS,PLANT DE BANYULS,lacombe 2013,,,,
PLANT DE CERVERA  06  B  1,1,tier3,PLANT DE CERVERA 06 B 1,PLANT DE CERVERA 06 B 1 | PLANT DE CERVERA 06 N 3 | PLANT DE CERVERA 06 RS 2 | PLANT DROIT | PLANT D'IMPERS | PLANT DE BRUNEL | PLANT DE DEKKER | PLANT DE CAUZETTE | PLANT DE DUBOSC 2 | PLANT DE FLASSANS,vivc confirmed,,,,
PLANT DE MAVAULT (GUIRAULT),1,tier3,PLANT DE MAVAULT,PLANT DE MAVAULT | PLANT DROIT | PLANT D'IMPERS | PLANT DE BRUNEL | PLANT DE DEKKER | PLANT DE CAUZETTE | PLANT DE DUBOSC 2 | PLANT DE FLASSANS | PLANT DE VINCELLES | PLANT TEINTURIER DU PLANTOU,ssr lacombe,,,,
PLANT DE PEDEBERNADE  4,1,tier3,PLANT DE PEDEBERNADE 4,PLANT DE PEDEBERNADE 4 | PLANT DE PEDEBERNADE 1 | PLANT DE PEDEBERNADE 3 | PLANT DE PEDEBERNADE 5 | PLANT DE PEDEBERNADE 6 | PLANT DE PEDEBERNADE 7 | PLANT DROIT | PLANT D'IMPERS | PLANT DE BRUNEL | PLANT DE DEKKER,vivc confirmed,,,,
PLANT DE TUNISIE 22 (COLLECTION CARIGNAN,1,tier3,PLANT DE TUNISIE 22,PLANT DE TUNISIE 22,lacombe 2013,,,,
PLANT DE VIC 98-4,1,tier3,PLANT DROIT,PLANT DROIT | PLANT D'IMPERS | PLANT DE BRUNEL | PLANT DE DEKKER | PLANT DE CAUZETTE | PLANT DE DUBOSC 2 | PLANT DE FLASSANS | PLANT DE VINCELLES | PLANT TEINTURIER DU PLANTOU | PLANT DE BUFFARD,vivc confirmed,,,,
PLANT DE VIC 98-N-1,1,tier3,PLANT DROIT,PLANT DROIT | PLANT D'IMPERS | PLANT DE BRUNEL | PLANT DE DEKKER | PLANT DE CAUZETTE | PLANT DE DUBOSC 2 | PLANT DE FLASSANS | PLANT DE VINCELLES | PLANT TEINTURIER DU PLANTOU | PLANT DE BUFFARD,vivc confirmed,,,,
PLANTA FINA DE PEDRALBA,1,tier3,PLANTA FINA,PLANTA FINA | PLANTA NOVA | MALVASIA FINA | FINA | UVA FINA | ENGOR FINA | PLANTA MULA | ZALEMA FINA | PLANTA DE CLOLES | PLANTA MULA FAUX,vivc confirmed,,,,
PRECOCE DE MALINGRE,1,tier3,MALINGRE PRECOCE,MALINGRE PRECOCE | ISABEL PRECOCE | PINOT PRECOCE NOIR | DAMAS BLANC PRECOCE | COT PRECOCE DE TOURS | KNIPPERLE PRECOCE FAUX | MOSCATO BIANCO PRECOCE | MUSCAT PRECOCE DE SAUMUR | PRECOCE | PRECOCE DAN,vivc confirmed,,,,
PRIE BLANC,1,tier3,CHARDONNAY BLANC,CHARDONNAY BLANC | CHENIN BLANC | SAUVIGNON BLANC | SAVAGNIN BLANC | CHAOUCH BLANC | PINOT BLANC | SEYVAL BLANC | TERRET BLANC | VILLARD BLANC | BALZAC BLANC,marker support,,,,
PRINCIPESSA DI PIEMONTE =,1,tier3,PRINCIPESSA DI PIEMONTE,PRINCIPESSA DI PIEMONTE | TREBBIANO DI PIEMONTE | BARBAROSSA DI PIEMONTE,lacombe 2013,,,,
PRINCIPESSA DI PIEMONTE = MUSCAT D'ALEXANDRIE,1,tier3,PRINCIPESSA DI PIEMONTE,PRINCIPESSA DI PIEMONTE,lacombe 2013,,,,
PRIVLACKA BILINA,1,tier3,BILINA PRIVLACKA,BILINA PRIVLACKA,vivc confirmed,,,,
PRIÉ BLANC,1,tier3,CHARDONNAY BLANC,CHARDONNAY BLANC | CHENIN BLANC | SAUVIGNON BLANC | SAVAGNIN BLANC | CHAOUCH BLANC | PINOT BLANC | SEYVAL BLANC | TERRET BLANC | VILLARD BLANC | BALZAC BLANC,lac emanuelli 2020,,,,
PRIÉ ROUGE,1,tier3,GREC ROUGE,GREC ROUGE | CHASSELAS ROUGE | PETIT ROUGE | ROUGE DU PAYS | ALIGOTE ROUGE | CANDOLLE ROUGE | MUSCAT ROUGE DE MADERE | ROUGE | CEP ROUGE | FAY ROUGE,lac emanuelli 2020,,,,
PROSPERI  285,1,tier3,CLOTILDE PROSPERI,CLOTILDE PROSPERI | PROSPERI 8 | PROSPERI 36 | PROSPERI 37 | PROSPERI 57 | PROSPERI 95 | PROSPERI 97 | PROSPERI 102 | PROSPERI 112 | PROSPERI 120,vivc confirmed,,,,
QUAGLIANO (BOUTEILLAN),1,tier3,QUAGLIANO,QUAGLIANO,lac emanuelli 2020,,,,
QUEEN OF VINEYARD,1,tier3,QUEEN,QUEEN | AMBER QUEEN | GOLDEN QUEEN | BLACK QUEEN | SOUTHERN QUEEN | CHASSELAS QUEEN VICTORIA | ROYAL VINEYARD | LINN QUEEN | QUEEN GOLD | QUEEN RUBY,liang 2019,,,,
QUEEN VICTORIA,1,tier3,CHASSELAS QUEEN VICTORIA,CHASSELAS QUEEN VICTORIA | QUEEN | VICTORIA | AMBER QUEEN | GOLDEN QUEEN | BLACK QUEEN | SOUTHERN QUEEN | LINN QUEEN | QUEEN GOLD | QUEEN RUBY,vivc confirmed,,,,
RABO D'OVELHA,1,tier3,RABO DE OVELHA,RABO DE OVELHA | RABO DE ANHO | RABO DE LOBO | RABO DE VACA | RABO DE PORCO | RABO DE RAPOSA | RABO DE OVELHA DE COLARES,laucou 2018,,,,
RAJABI SEFID,1,tier3,RAJABI SIAH,RAJABI SIAH | RAJABI SAFID | RAJABI GERMEZ,vivc confirmed,,,,
RAMISHVILI 07,1,tier3,RAMISHVILI 15/97,RAMISHVILI 15/97 | RAMISHVILI 17/11 | RAMISHVILI 20/14 | RAMISHVILI CROSS (NON IDENTIFIED) | RAMISHVILI 11/ 4 | RAMISHVILI 14/ 3 | RAMISHVILI 14/14 | RAMISHVILI 15/18 | RAMISHVILI 16/18 | RAMISHVILI 19/10,lac emanuelli 2020,,,,
RANNY MAGARATCHA = MAGARATCH MADELEINE ANGEVINE,1,tier3,MADELEINE ANGEVINE,MADELEINE ANGEVINE | MADELEINE ANGEVINE OBERLIN | MADELEINE ANGEVINE (4N),lacombe 2013,,,,
RAVAZ),1,tier3,EARLY DAWN FAUX (COLLECTION RAVAZ),EARLY DAWN FAUX (COLLECTION RAVAZ),lacombe 2013,,,,
REBO = RIGOTTI 107‐3,1,tier3,REBO,REBO | RIGOTTI 125 | RIGOTTI 102- 3 | RIGOTTI 103- 2 | RIGOTTI 123- 3 | RIGOTTI 153 | RIGOTTI 311 | RIGOTTI 557 | RIGOTTI 672 | RIGOTTI 699,lacombe 2013,,,,
RED SULTANA,1,tier3,SULTANA MOSCATA,SULTANA MOSCATA | SULTANA CHRIMSON | MOSS SULTANA,vivc confirmed,,,,
REGENT #,1,tier3,REGENT,REGENT,ssr oliveira,,,,
REGINA DEI VIGNETI,1,tier3,UVA REGINA,UVA REGINA | REGINA VIEI | PINOT REGINA | REGINA NEGRA,vivc confirmed,,,,
RESSEGUIER 2,1,tier3,BERLANDIERI RESSEGUIER 1,BERLANDIERI RESSEGUIER 1 | BERLANDIERI RESSEGUIER 2 | BERLANDIERI RESSEGUIER 3 | BERLANDIERI RESSEGUIER 4 | BERLANDIERI RESSEGUIER 5 | BERLANDIERI RESSEGUIER 6 | BERLANDIERI RESSEGUIER 7 | BERLANDIERI RESSEGUIER 8 | BERLANDIERI RESSEGUIER 9 | BERLANDIERI RESSEGUIER 13,vivc confirmed,,,,
RESSEGUIER N. 2,1,tier3,BERLANDIERI RESSEGUIER 1,BERLANDIERI RESSEGUIER 1 | BERLANDIERI RESSEGUIER 2 | BERLANDIERI RESSEGUIER 3 | BERLANDIERI RESSEGUIER 4 | BERLANDIERI RESSEGUIER 5 | BERLANDIERI RESSEGUIER 6 | BERLANDIERI RESSEGUIER 7 | BERLANDIERI RESSEGUIER 8 | BERLANDIERI RESSEGUIER 9 | BERLANDIERI RESSEGUIER 13,vivc confirmed,,,,
RHAZAKI ROSA,1,tier3,MANZONI ROSA,MANZONI ROSA | MOSCATEL ROSA | ROSA DEL PERU | ROSA | UVA ROSA | FIANO ROSA | MARIA ROSA | PANSA ROSA | ROSA LINDA | ALBANA ROSA,ssr oliveira,,,,
RIESLING HEILIGENSTEIN (COLLECTION RIESLING,1,tier3,RIESLING HEILIGENSTEIN,RIESLING HEILIGENSTEIN | RIESLING WEISS | EMERALD RIESLING | MISSOURI RIESLING | OKANAGAN RIESLING | RIESLING LION | RIESLING FORTE | RIESLING ROT | RIESLING BLAU | RIESLING LINNER,lacombe 2013,,,,
RIESLING MUSQUÉ (COLLECTION RIESLING,1,tier3,RIESLING WEISS,RIESLING WEISS | EMERALD RIESLING | MISSOURI RIESLING | OKANAGAN RIESLING | RIESLING LION | RIESLING FORTE | RIESLING HEILIGENSTEIN | RIESLING ROT | RIESLING BLAU | RIESLING LINNER,lacombe 2013,,,,
RIESLING RENANO,1,tier3,RIESLING WEISS,RIESLING WEISS | EMERALD RIESLING | MISSOURI RIESLING | OKANAGAN RIESLING | RIESLING LION | RIESLING FORTE | RIESLING HEILIGENSTEIN | RIESLING ROT | RIESLING BLAU | RIESLING LINNER,vivc confirmed,,,,
RIGOTTI  81- 6,1,tier3,RIGOTTI 125,RIGOTTI 125 | RIGOTTI 102- 3 | RIGOTTI 103- 2 | RIGOTTI 123- 3 | RIGOTTI 153 | RIGOTTI 311 | RIGOTTI 557 | RIGOTTI 672 | RIGOTTI 699 | RIGOTTI 81- 6,vivc confirmed,,,,
RIGOTTI  95- 5,1,tier3,RIGOTTI 125,RIGOTTI 125 | RIGOTTI 102- 3 | RIGOTTI 103- 2 | RIGOTTI 123- 3 | RIGOTTI 153 | RIGOTTI 311 | RIGOTTI 557 | RIGOTTI 672 | RIGOTTI 699 | RIGOTTI 81- 6,vivc confirmed,,,,
RIGOTTI  97- 2,1,tier3,RIGOTTI 125,RIGOTTI 125 | RIGOTTI 102- 3 | RIGOTTI 103- 2 | RIGOTTI 123- 3 | RIGOTTI 153 | RIGOTTI 311 | RIGOTTI 557 | RIGOTTI 672 | RIGOTTI 699 | RIGOTTI 81- 6,vivc confirmed,,,,
RIVAIRENC = ASPIRAN NOIR,1,tier3,ASPIRAN NOIR,ASPIRAN NOIR | PINOT NOIR | GAMAY NOIR | MERLOT NOIR | GRAND NOIR | ROUMI NOIR | ARAMON NOIR | MANSENG NOIR | CAMARAOU NOIR | CARIGNAN NOIR,laucou 2018,,,,
RODRIAN),1,tier3,CALABRESERTRAUBE (COLLECTION RODRIAN),CALABRESERTRAUBE (COLLECTION RODRIAN),lacombe 2013,,,,
ROSA DEL PERU = BLACK PRINCE,1,tier3,BLACK PRINCE (MERBEIN),BLACK PRINCE (MERBEIN) | ROSA DEL PERU,ssr lacombe,,,,
ROSA MENA DI VACCA,1,tier3,MANZONI ROSA,MANZONI ROSA | MENNA DI VACCA BIANCA | MOSCATEL ROSA | ROSA DEL PERU | ROSA | UVA ROSA | FIANO ROSA | MARIA ROSA | PANSA ROSA | ROSA LINDA,vivc confirmed,,,,
ROSA MENNA DIVACCA,1,tier3,MANZONI ROSA,MANZONI ROSA | MENNA DI VACCA BIANCA | MOSCATEL ROSA | ROSA DEL PERU | ROSA | UVA ROSA | FIANO ROSA | MARIA ROSA | PANSA ROSA | ROSA LINDA,vivc confirmed,,,,
ROSSARA TOSCANA,1,tier3,ROSSARA,ROSSARA | ROSSARA TARDIVA | MALVASIA TOSCANA | SCHIAVA NERA TOSCANA | BARBAROSSA DI TOSCANA,lac emanuelli 2020,,,,
ROTER VELTLINER,1,tier3,VELTLINER ROT,VELTLINER ROT | VELTLINER FRUEHROT | VELTLINER ROT X ELBLING | ROTER MILAN | VELTLINER GRAU | VELTLINER BRAUN | VELTLINER GRUEN | VELTLINER SOLIS | VELTLINER SIGNUM | VELTLINER STELLA,vivc confirmed,,,,
ROUBINOY DE MAGARATCH = SAPERAVI,1,tier3,SAPERAVI,SAPERAVI | SAPERAVI BUDESHURISEBURI | SAPERAVI VAIO | SAPERAVI ATENIS | SAPERAVI GURIIS | SAPERAVI KARTLIS | SAPERAVI PACHKHA | MESKHURI SAPERAVI | SAPERAVI SEVERNYI | BASTARDOS SAPERAVI,lacombe 2013,,,,
ROUGE DE DIOLLY,1,tier3,GREC ROUGE,GREC ROUGE | CHASSELAS ROUGE | PETIT ROUGE | ROUGE DU PAYS | ALIGOTE ROUGE | CANDOLLE ROUGE | MUSCAT ROUGE DE MADERE | ROUGE | CEP ROUGE | FAY ROUGE,vivc confirmed,,,,
ROYAL = ROJAL TINTA,1,tier3,ROJAL TINTA,ROJAL TINTA | TINTA BARROCA | GARNACHA TINTA | EMILE ROYAL | ROJAL NEGRO | SUMMER ROYAL | FORCALLAT TINTA | ROYAL MOLENBERG | TINTA FRANCISCA | TINTA POMAR,laucou 2018,,,,
ROYAL VINEYARD (COLLECTION MUSCAT D'ALEXANDRIE,1,tier3,ROYAL VINEYARD,ROYAL VINEYARD,lacombe 2013,,,,
RUBINOVY MAGARACHA,1,tier3,RUBINOVYI MAGARACHA,RUBINOVYI MAGARACHA | MAGARACHA RANNII | ASMA MAGARACHA | AVRORA MAGARACHA | NIMRANG MAGARACHA | PODAROK MAGARACHA | CITRONNY MAGARACHA | KISHMISH MAGARACHA | RIESLING MAGARACHA | TAVKVERI MAGARACHA,vivc confirmed,,,,
RUGGERI   225,1,tier3,RUGGERI 140,RUGGERI 140 | RUGGERI 2 | RUGGERI 3 | RUGGERI 6 | RUGGERI 7 | RUGGERI 8 | RUGGERI 10 | RUGGERI 14 | RUGGERI 16 | RUGGERI 19,vivc confirmed,,,,
RUGGERI   325,1,tier3,RUGGERI 140,RUGGERI 140 | RUGGERI 2 | RUGGERI 3 | RUGGERI 6 | RUGGERI 7 | RUGGERI 8 | RUGGERI 10 | RUGGERI 14 | RUGGERI 16 | RUGGERI 19,vivc confirmed,,,,
RUGGERI   333,1,tier3,RUGGERI 140,RUGGERI 140 | RUGGERI 2 | RUGGERI 3 | RUGGERI 6 | RUGGERI 7 | RUGGERI 8 | RUGGERI 10 | RUGGERI 14 | RUGGERI 16 | RUGGERI 19,vivc confirmed,,,,
RUZEVINA (JELASKA),1,tier3,RUZEVINA,RUZEVINA,laucou 2018,,,,
S. GIUSEPPE NERO,1,tier3,SAN GIUSEPPE NERO,SAN GIUSEPPE NERO | GRECO NERO | CANAIOLO NERO | NERO | BOMBINO NERO | PIZZUTELLO NERO | CACCIO DI FERMO NERO | MOSCATO NERO DI ACQUI | GIRO NERO | NERO GROSSO,vivc confirmed,,,,
SALICETTE (COLLECTION PARC DE LA PRÉCOCE DE MALINGRE,1,tier3,SALICETTE (COLLECTION PARC DE LA TETE D'OR),SALICETTE (COLLECTION PARC DE LA TETE D'OR) | SALICETTE (COLLECTION OBERLIN),lacombe 2013,,,,
SAO ROQUE   496- 25,1,tier3,SAO ROQUE 496- 9,SAO ROQUE 496- 9 | SAO ROQUE 496- 25 | SAO ROQUE 49 | SAO ROQUE 5010- 8 | SAO ROQUE 507- 38,vivc confirmed,,,,
SAO ROQUE 5010-   8,1,tier3,SAO ROQUE 5010- 8,SAO ROQUE 5010- 8 | SAO ROQUE 49 | SAO ROQUE 496- 9 | SAO ROQUE 496- 25 | SAO ROQUE 507- 38,vivc confirmed,,,,
SARY PANDASS,1,tier3,SARY AIGYR,SARY AIGYR | SARY ANGUR | SARY GILYA | SARY KIRAK | SARY KOKUR | SARY UZYUM | SARY ALDARA | SARY PANDAS | CHIVSIZ SARY | SARY ANGUSHTY,ssr lacombe,,,,
SAUTERNE BLANC (NAUGE),1,tier3,SAUTERNE BLANC,SAUTERNE BLANC | CHARDONNAY BLANC | CHENIN BLANC | SAUVIGNON BLANC | SAVAGNIN BLANC | CHAOUCH BLANC | PINOT BLANC | SEYVAL BLANC | TERRET BLANC | VILLARD BLANC,lac emanuelli 2020,,,,
SAUTERNE BLANC (NAUGÉ),1,tier3,SAUTERNE BLANC,SAUTERNE BLANC | CHARDONNAY BLANC | CHENIN BLANC | SAUVIGNON BLANC | SAVAGNIN BLANC | CHAOUCH BLANC | PINOT BLANC | SEYVAL BLANC | TERRET BLANC | VILLARD BLANC,laucou 2018,,,,
SAVAGIN = TRAMINER,1,tier3,TRAMINER GRIS,TRAMINER GRIS | TRAMINER SIGNUM | TRAMINER STELLA,vivc confirmed,,,,
SAVAGNIN =TRAMINER,1,tier3,SAVAGNIN BLANC,SAVAGNIN BLANC | SAVAGNIN ROSE,vivc confirmed,,,,
SCHIAVA (ROSSARA),1,tier3,SCHIAVA GROSSA,SCHIAVA GROSSA | SCHIAVA GENTILE | SCHIAVA BIANCA | SCHIAVA GRIGIA | SCHIAVA LOMBARDA | SCHIAVA MERANESE | SCHIAVA GROSSA (4N) | SCHIAVA NERA TOSCANA,lac emanuelli 2020,,,,
SCIACCARELLO = MAMMOLO,1,tier3,SCIACCARELLO,SCIACCARELLO | MAMMOLO PECCIOLI | SCIACCARELLO ROSSO | SCIACCARELLO BIANCO,ssr lacombe,,,,
SEIBEL    57,1,tier3,SEIBEL 6468,SEIBEL 6468 | SEIBEL 2 | SEIBEL 880 | SEIBEL 5163 | SEIBEL 5437 | SEIBEL 110 | SEIBEL 446 | SEIBEL 874 | SEIBEL 1077 | SEIBEL 8616,vivc confirmed,,,,
SEIBEL   110,1,tier3,SEIBEL 6468,SEIBEL 6468 | SEIBEL 2 | SEIBEL 880 | SEIBEL 5163 | SEIBEL 5437 | SEIBEL 110 | SEIBEL 446 | SEIBEL 874 | SEIBEL 1077 | SEIBEL 8616,vivc confirmed,,,,
SEIBEL   149,1,tier3,SEIBEL 6468,SEIBEL 6468 | SEIBEL 2 | SEIBEL 880 | SEIBEL 5163 | SEIBEL 5437 | SEIBEL 110 | SEIBEL 446 | SEIBEL 874 | SEIBEL 1077 | SEIBEL 8616,vivc confirmed,,,,
SEIBEL   428,1,tier3,SEIBEL 6468,SEIBEL 6468 | SEIBEL 2 | SEIBEL 880 | SEIBEL 5163 | SEIBEL 5437 | SEIBEL 110 | SEIBEL 446 | SEIBEL 874 | SEIBEL 1077 | SEIBEL 8616,vivc confirmed,,,,
SEIBEL   437,1,tier3,SEIBEL 6468,SEIBEL 6468 | SEIBEL 2 | SEIBEL 880 | SEIBEL 5163 | SEIBEL 5437 | SEIBEL 110 | SEIBEL 446 | SEIBEL 874 | SEIBEL 1077 | SEIBEL 8616,vivc confirmed,,,,
SEIBEL   600,1,tier3,SEIBEL 6468,SEIBEL 6468 | SEIBEL 2 | SEIBEL 880 | SEIBEL 5163 | SEIBEL 5437 | SEIBEL 110 | SEIBEL 446 | SEIBEL 874 | SEIBEL 1077 | SEIBEL 8616,vivc confirmed,,,,
SEIBEL   626,1,tier3,SEIBEL 6468,SEIBEL 6468 | SEIBEL 2 | SEIBEL 880 | SEIBEL 5163 | SEIBEL 5437 | SEIBEL 110 | SEIBEL 446 | SEIBEL 874 | SEIBEL 1077 | SEIBEL 8616,vivc confirmed,,,,
SEIBEL   867,1,tier3,SEIBEL 6468,SEIBEL 6468 | SEIBEL 2 | SEIBEL 880 | SEIBEL 5163 | SEIBEL 5437 | SEIBEL 110 | SEIBEL 446 | SEIBEL 874 | SEIBEL 1077 | SEIBEL 8616,vivc confirmed,,,,
SEIBEL   880,1,tier3,SEIBEL 6468,SEIBEL 6468 | SEIBEL 2 | SEIBEL 880 | SEIBEL 5163 | SEIBEL 5437 | SEIBEL 110 | SEIBEL 446 | SEIBEL 874 | SEIBEL 1077 | SEIBEL 8616,vivc confirmed,,,,
SEIBEL  6468,1,tier3,SEIBEL 6468,SEIBEL 6468 | SEIBEL 2 | SEIBEL 880 | SEIBEL 5163 | SEIBEL 5437 | SEIBEL 110 | SEIBEL 446 | SEIBEL 874 | SEIBEL 1077 | SEIBEL 8616,vivc confirmed,,,,
SEIBEL  867,1,tier3,SEIBEL 6468,SEIBEL 6468 | SEIBEL 2 | SEIBEL 880 | SEIBEL 5163 | SEIBEL 5437 | SEIBEL 110 | SEIBEL 446 | SEIBEL 874 | SEIBEL 1077 | SEIBEL 8616,vivc confirmed,,,,
SEIBEL  8718,1,tier3,SEIBEL 8718,SEIBEL 8718 | SEIBEL 6468 | SEIBEL 2 | SEIBEL 880 | SEIBEL 5163 | SEIBEL 5437 | SEIBEL 110 | SEIBEL 446 | SEIBEL 874 | SEIBEL 1077,vivc confirmed,,,,
SEIBEL  8724,1,tier3,SEIBEL 8724,SEIBEL 8724 | SEIBEL 6468 | SEIBEL 2 | SEIBEL 880 | SEIBEL 5163 | SEIBEL 5437 | SEIBEL 110 | SEIBEL 446 | SEIBEL 874 | SEIBEL 1077,vivc confirmed,,,,
SEIBEL 1000,1,tier3,SEIBEL 6468,SEIBEL 6468 | SEIBEL 2 | SEIBEL 880 | SEIBEL 5163 | SEIBEL 5437 | SEIBEL 110 | SEIBEL 446 | SEIBEL 874 | SEIBEL 1077 | SEIBEL 8616,ssr oliveira,,,,
SEIBEL 10878,1,tier3,SEIBEL 6468,SEIBEL 6468 | SEIBEL 2 | SEIBEL 880 | SEIBEL 5163 | SEIBEL 5437 | SEIBEL 110 | SEIBEL 446 | SEIBEL 874 | SEIBEL 1077 | SEIBEL 8616,ssr oliveira,,,,
SEIBEL 11342 #,1,tier3,SEIBEL 11342,SEIBEL 11342 | SEIBEL 11342 (4N) | SEIBEL 6468 | SEIBEL 2 | SEIBEL 880 | SEIBEL 5163 | SEIBEL 5437 | SEIBEL 110 | SEIBEL 446 | SEIBEL 874,ssr oliveira,,,,
SEIBEL 128,1,tier3,SEIBEL 6468,SEIBEL 6468 | SEIBEL 2 | SEIBEL 880 | SEIBEL 5163 | SEIBEL 5437 | SEIBEL 110 | SEIBEL 446 | SEIBEL 874 | SEIBEL 1077 | SEIBEL 8616,ssr oliveira,,,,
SEIBEL 1394 #,1,tier3,SEIBEL 6468,SEIBEL 6468 | SEIBEL 2 | SEIBEL 880 | SEIBEL 5163 | SEIBEL 5437 | SEIBEL 110 | SEIBEL 446 | SEIBEL 874 | SEIBEL 1077 | SEIBEL 8616,ssr oliveira,,,,
SEIBEL 4638,1,tier3,SEIBEL 6468,SEIBEL 6468 | SEIBEL 2 | SEIBEL 880 | SEIBEL 5163 | SEIBEL 5437 | SEIBEL 110 | SEIBEL 446 | SEIBEL 874 | SEIBEL 1077 | SEIBEL 8616,ssr oliveira,,,,
SEIBEL 4646,1,tier3,SEIBEL 6468,SEIBEL 6468 | SEIBEL 2 | SEIBEL 880 | SEIBEL 5163 | SEIBEL 5437 | SEIBEL 110 | SEIBEL 446 | SEIBEL 874 | SEIBEL 1077 | SEIBEL 8616,liang 2019,,,,
SEIBEL 4986,1,tier3,SEIBEL 6468,SEIBEL 6468 | SEIBEL 2 | SEIBEL 880 | SEIBEL 5163 | SEIBEL 5437 | SEIBEL 110 | SEIBEL 446 | SEIBEL 874 | SEIBEL 1077 | SEIBEL 8616,vivc confirmed,,,,
SEIBEL 5213 #,1,tier3,SEIBEL 5213,SEIBEL 5213 | SEIBEL 6468 | SEIBEL 2 | SEIBEL 880 | SEIBEL 5163 | SEIBEL 5437 | SEIBEL 110 | SEIBEL 446 | SEIBEL 874 | SEIBEL 1077,ssr oliveira,,,,
SEIBEL 5279,1,tier3,SEIBEL 6468,SEIBEL 6468 | SEIBEL 2 | SEIBEL 880 | SEIBEL 5163 | SEIBEL 5437 | SEIBEL 110 | SEIBEL 446 | SEIBEL 874 | SEIBEL 1077 | SEIBEL 8616,vivc confirmed,,,,
SEIBEL 5409,1,tier3,SEIBEL 6468,SEIBEL 6468 | SEIBEL 2 | SEIBEL 880 | SEIBEL 5163 | SEIBEL 5437 | SEIBEL 110 | SEIBEL 446 | SEIBEL 874 | SEIBEL 1077 | SEIBEL 8616,ssr oliveira,,,,
SEIBEL 6086 #,1,tier3,SEIBEL 6086,SEIBEL 6086 | SEIBEL 6468 | SEIBEL 2 | SEIBEL 880 | SEIBEL 5163 | SEIBEL 5437 | SEIBEL 110 | SEIBEL 446 | SEIBEL 874 | SEIBEL 1077,ssr oliveira,,,,
SEIBEL 6905,1,tier3,SEIBEL 6468,SEIBEL 6468 | SEIBEL 2 | SEIBEL 880 | SEIBEL 5163 | SEIBEL 5437 | SEIBEL 110 | SEIBEL 446 | SEIBEL 874 | SEIBEL 1077 | SEIBEL 8616,vivc confirmed,,,,
SEIBEL 7502,1,tier3,SEIBEL 6468,SEIBEL 6468 | SEIBEL 2 | SEIBEL 880 | SEIBEL 5163 | SEIBEL 5437 | SEIBEL 110 | SEIBEL 446 | SEIBEL 874 | SEIBEL 1077 | SEIBEL 8616,ssr oliveira,,,,
SEIBEL 8357,1,tier3,SEIBEL 6468,SEIBEL 6468 | SEIBEL 2 | SEIBEL 880 | SEIBEL 5163 | SEIBEL 5437 | SEIBEL 110 | SEIBEL 446 | SEIBEL 874 | SEIBEL 1077 | SEIBEL 8616,vivc confirmed,,,,
SEPTIMER = ALZEY 3952,1,tier3,ALZEY 23384,ALZEY 23384 | SEPTIMER | ALZEY 2765 | ALZEY 4400 | ALZEY 5079 | ALZEY 5845 | ALZEY 7672 | ALZEY 10506 | ALZEY 10514 | ALZEY 10859,lacombe 2013,,,,
SEVYVE VILLARD 12286,1,tier3,VILLARD BLANC,VILLARD BLANC | SEYVE VILLARD 12- 303 | SEYVE VILLARD 12- 308 | SEYVE VILLARD 12- 347 | SEYVE VILLARD 12- 358 | SEYVE VILLARD 12- 331 | SEYVE VILLARD 12- 390 | SEYVE VILLARD 12- 401 | SEYVE VILLARD 1- 72 | SEYVE VILLARD 2- 108,vivc confirmed,,,,
SEYANETS S  484,1,tier3,SEYANETS S 484,SEYANETS S 484 | SEYANETS S 1262 | SEYANETS 1563/1+21 | SEYANETS 180-2 | SEYANETS 979/2 | SEYANETS S 128 | SEYANETS 223-32 | SEYANETS 260-35 | SEYANETS 719/53 | SEYANETS 822/11,vivc confirmed,,,,
SEYVE VILLARD 12286,1,tier3,SEYVE VILLARD 12- 303,SEYVE VILLARD 12- 303 | SEYVE VILLARD 12- 308 | SEYVE VILLARD 12- 347 | SEYVE VILLARD 12- 358 | SEYVE VILLARD 12- 331 | SEYVE VILLARD 12- 390 | SEYVE VILLARD 12- 401 | SEYVE VILLARD 1- 72 | SEYVE VILLARD 2- 108 | SEYVE VILLARD 23- 18,vivc confirmed,,,,
SEYVE VILLARD 18-307,1,tier3,SEYVE VILLARD 12- 303,SEYVE VILLARD 12- 303 | SEYVE VILLARD 12- 308 | SEYVE VILLARD 12- 347 | SEYVE VILLARD 12- 358 | SEYVE VILLARD 12- 331 | SEYVE VILLARD 12- 390 | SEYVE VILLARD 12- 401 | SEYVE VILLARD 1- 72 | SEYVE VILLARD 2- 108 | SEYVE VILLARD 23- 18,vivc confirmed,,,,
SEYVE VILLARD 18-315,1,tier3,SEYVE VILLARD 12- 303,SEYVE VILLARD 12- 303 | SEYVE VILLARD 12- 308 | SEYVE VILLARD 12- 347 | SEYVE VILLARD 12- 358 | SEYVE VILLARD 12- 331 | SEYVE VILLARD 12- 390 | SEYVE VILLARD 12- 401 | SEYVE VILLARD 1- 72 | SEYVE VILLARD 2- 108 | SEYVE VILLARD 23- 18,ssr oliveira,,,,
SEYVE VILLARD 20347,1,tier3,SEYVE VILLARD 12- 303,SEYVE VILLARD 12- 303 | SEYVE VILLARD 12- 308 | SEYVE VILLARD 12- 347 | SEYVE VILLARD 12- 358 | SEYVE VILLARD 12- 331 | SEYVE VILLARD 12- 390 | SEYVE VILLARD 12- 401 | SEYVE VILLARD 1- 72 | SEYVE VILLARD 2- 108 | SEYVE VILLARD 23- 18,vivc confirmed,,,,
SEYVE VILLARD 5276,1,tier3,SEYVE VILLARD 12- 303,SEYVE VILLARD 12- 303 | SEYVE VILLARD 12- 308 | SEYVE VILLARD 12- 347 | SEYVE VILLARD 12- 358 | SEYVE VILLARD 12- 331 | SEYVE VILLARD 12- 390 | SEYVE VILLARD 12- 401 | SEYVE VILLARD 1- 72 | SEYVE VILLARD 2- 108 | SEYVE VILLARD 23- 18,ssr oliveira,,,,
SHIROKA MELNISHKA,1,tier3,MELNISHKA RANNA,MELNISHKA RANNA,vivc confirmed,,,,
SIEGERREBE = SCHEU 7957,1,tier3,SIEGERREBE,SIEGERREBE | SCHEU 10514 | SIEGERREBE (4N),lacombe 2013,,,,
SIEGERREBE CREA,1,tier3,SIEGERREBE,SIEGERREBE | SIEGERREBE (4N),lac emanuelli 2020,,,,
SILCHER = WEINSBERG S377,1,tier3,SILCHER,SILCHER | WEINSBERG S 186 | WEINSBERG S 195 | WEINSBERG S 347 | WEINSBERG S 349 | WEINSBERG S 373 | WEINSBERG S 376 | WEINSBERG S 399 | WEINSBERG S 431 | WEINSBERG S 503,lacombe 2013,,,,
SILVANER  GRUEN,1,tier3,SILVANER GRUEN,SILVANER GRUEN | SILVANER GRUEN (4N) | BARTHAINER GRUEN | BRATTRAUBE GRUEN | HAINER GRUEN | KANIGL GRUEN | SILVANER ROT | SILVANER BLAU | VELTLINER GRUEN | FRAENKISCH GRUEN,vivc confirmed,,,,
SOARES FRANCO),1,tier3,MOSCATEL SOARES FRANCO,MOSCATEL SOARES FRANCO,lacombe 2013,,,,
SOROK LUET OKTYABRYA,1,tier3,SOROK LYET OKTYABRYA,SOROK LYET OKTYABRYA,lac emanuelli 2020,,,,
SOUZAO FAUX,1,tier3,CEAUS ROZ FAUX,CEAUS ROZ FAUX | DIAGALVES FAUX | KARASAKIS FAUX | KIZIL SAPAK FAUX | GORA CHIRINE FAUX | PETIT VERDOT FAUX | ZRINYI ILONA FAUX | ALICANTE BLANC FAUX | CATARRATTO BIANCO FAUX | SAUVIGNON PICCOLO FAUX,lac emanuelli 2020,,,,
ST.PIERRE DORE,1,tier3,GROS DORE,GROS DORE | SAINT PIERRE DORE | MUSCAT DORE DE SEMIS | VERT DORE | BLANC DORE | CABERNET DORE | CADILLON DORE,vivc confirmed,,,,
STAVROTO FAUX (COLLECTION LYKOVRISSI),1,tier3,STAVROTO FAUX,STAVROTO FAUX | EARLY DAWN FAUX (COLLECTION RAVAZ) | EKIM KARA FAUX (COLLECTION CONEGLIANO) | ICHKIMAR BELYI FAUX (COLLECTION KICHINEV) | MOSCATEL DE OEIRAS FAUX (COLLECTION BORDEAUX),lac emanuelli 2020,,,,
SULTANA MOSCATA = PIROVANO 75 SULTANINE,1,tier3,SULTANA MOSCATA,SULTANA MOSCATA,lacombe 2013,,,,
SULTANINE BLANCHE,1,tier3,MONDEUSE BLANCHE,MONDEUSE BLANCHE | FOLLE BLANCHE | OLIVETTE BLANCHE | CLAIRETTE BLANCHE | BRUXELLOISE BLANCHE | BOARDE BLANCHE | CANDIVE BLANCHE | VIGNE BLANCHE | ANECHE BLANCHE | BLANCHE MUSQUEE,vivc confirmed,,,,
SULTANINE MOSCATA,1,tier3,SULTANA MOSCATA,SULTANA MOSCATA | MALVASIA MOSCATA | LUGLIENGA MOSCATA | SULTANINE MONOCOCCO | SULTANINE NOIRE FAUX | SULTANINE ROSE (NON IDENTIFIED),vivc confirmed,,,,
SUMOLL TINTO,1,tier3,TINTO CAO,TINTO CAO | DONZELINHO TINTO | PRIETO PICUDO TINTO | QUIEBRATINAJAS TINTO | SUMOLL | JAEN TINTO | TINTA TINTO | BRUNOL TINTO | CARREGA TINTO | TINTO FRAGOSO,laucou 2018,,,,
SYLVANER VERDE,1,tier3,ALBA VERDE,ALBA VERDE | GORDIN VERDE | AGRESTO VERDE | ROSSOLA VERDE | SUN VERDE (4N) | MADELEINE SYLVANER | VERDE CU BOABE RARE | LAMBRUSCO DI SORBARA A FOGLIA VERDE,lac emanuelli 2020,,,,
SZOELOESKERTEK KIRALYNOEJE,1,tier3,SZOELOESKERTEK PIROS,SZOELOESKERTEK PIROS | SZOELOESKERTEK KIRALYA | SZOELOESKERTEK GYOENGYE | MUSCAT SZOELOK KIRALYNOEJE,vivc confirmed,,,,
TAJKA E KUQE/TAJKA ROZE,1,tier3,ROZE SOCHOU,ROZE SOCHOU | TAJKA E KUQE | TAJKA E BARDHE,vivc confirmed,,,,
TAMJANIKA CRNA (MOSCATO ROSA),1,tier3,TAMJANIKA CRNA,TAMJANIKA CRNA,lac emanuelli 2020,,,,
TANA KOUZY,1,tier3,TANA KUZY,TANA KUZY,lacombe 2013,,,,
TAVRIDA = MAGARATCH 171,1,tier3,TAVRIDA,TAVRIDA,lacombe 2013,,,,
TEINTURIER AD ACINO ROTONDO,1,tier3,TEINTURIER,TEINTURIER | PLANT TEINTURIER DU PLANTOU | PINOT TEINTURIER | CROA ACINO GRANDE | NERA AD ACINO GRANDE | PINOT TEINTURIER BURY | GAMAY TEINTURIER FREAUX | NIVUREDDU ACINO PICCOLO | GAMAY TEINTURIER DE BOUZE | PINEAU D'AUNIS TEINTURIER,lac emanuelli 2020,,,,
TEINTURIER DU CHER,1,tier3,TEINTURIER,TEINTURIER | PLANT TEINTURIER DU PLANTOU | PAMID CHER | CHER ALI SAFID | PINOT TEINTURIER | PINOT TEINTURIER BURY | GAMAY TEINTURIER FREAUX | GAMAY TEINTURIER DE BOUZE | PINEAU D'AUNIS TEINTURIER | ARAMON TEINTURIER BOUSCHET,vivc confirmed,,,,
TELEKI   5 A,1,tier3,TELEKI 5 C,TELEKI 5 C | TELEKI 8 B | TELEKI 5 A | TELEKI 10 A | TELEKI A | TELEKI B | TELEKI C | TELEKI D | TELEKI E | TELEKI F,vivc confirmed,,,,
TELEKI   5 C,1,tier3,TELEKI 5 C,TELEKI 5 C | TELEKI 8 B | TELEKI 5 A | TELEKI 10 A | TELEKI A | TELEKI B | TELEKI C | TELEKI D | TELEKI E | TELEKI F,vivc confirmed,,,,
TELEKI   8 B,1,tier3,TELEKI 5 C,TELEKI 5 C | TELEKI 8 B | TELEKI 5 A | TELEKI 10 A | TELEKI A | TELEKI B | TELEKI C | TELEKI D | TELEKI E | TELEKI F,vivc confirmed,,,,
TELEKI   8 B SEL. FERRARI,1,tier3,TELEKI 8 B SEL. FERRARI,TELEKI 8 B SEL. FERRARI | TELEKI 8 B SEL. DURLACH | TELEKI 8 B SEL. DURLACH 50 | TELEKI 8 B SEL. DURLACH 51 | TELEKI 8 B SEL. DURLACH 52 | TELEKI 5 C | TELEKI 8 B | TELEKI 5 A | TELEKI 10 A | TELEKI A,vivc confirmed,,,,
TELEKI  10 A,1,tier3,TELEKI 5 C,TELEKI 5 C | TELEKI 8 B | TELEKI 5 A | TELEKI 10 A | TELEKI A | TELEKI B | TELEKI C | TELEKI D | TELEKI E | TELEKI F,vivc confirmed,,,,
TELEKI 5C,1,tier3,TELEKI 5 C,TELEKI 5 C | TELEKI 8 B | TELEKI 5 A | TELEKI 10 A | TELEKI A | TELEKI B | TELEKI C | TELEKI D | TELEKI E | TELEKI F,ssr migliaro,,,,
TELEKI 8B,1,tier3,TELEKI 5 C,TELEKI 5 C | TELEKI 8 B | TELEKI 5 A | TELEKI 10 A | TELEKI A | TELEKI B | TELEKI C | TELEKI D | TELEKI E | TELEKI F,ssr migliaro,,,,
TELEKI 8B FERRARI,1,tier3,TELEKI 8 B SEL. FERRARI,TELEKI 8 B SEL. FERRARI | TELEKI 5 C | TELEKI 8 B | TELEKI 5 A | TELEKI 10 A | TELEKI A | TELEKI B | TELEKI C | TELEKI D | TELEKI E,ssr migliaro,,,,
TEMPRANILLA BLANCA = SANTA MAGDALENA,1,tier3,SANTA MAGDALENA,SANTA MAGDALENA,laucou 2018,,,,
TERESITA = DALMASSO XVIII‐24,1,tier3,DALMASSO 10-10,DALMASSO 10-10 | DALMASSO 11- 2 | DALMASSO 11- 5 | DALMASSO 11- 8 | TERESITA | DALMASSO 10- 4 | DALMASSO 11- 6 | DALMASSO 11-20 | DALMASSO 15-28 | DALMASSO 15-33,ssr lacombe,,,,
TERMARINA (SCIACCARELLO),1,tier3,TERMARINA,TERMARINA,lac emanuelli 2020,,,,
TERZI     1,1,tier3,TERZI 1,TERZI 1 | TERZI 2 | TERZI 530 | TERZI 1- 6 | TERZI 3- 3 | TERZI 6- 6 | TERZI 7- 7 | TERZI 6- 26 | TERZI 72- 6 | TERZI 96- 1,vivc confirmed,,,,
TERZI 100.31,1,tier3,TERZI 1,TERZI 1 | TERZI 2 | TERZI 530 | TERZI 1- 6 | TERZI 3- 3 | TERZI 6- 6 | TERZI 7- 7 | TERZI 6- 26 | TERZI 72- 6 | TERZI 96- 1,lac emanuelli 2020,,,,
TETA DE VACA (SPAIN),1,tier3,TETA DE VACA TINTA,TETA DE VACA TINTA | TETA DE VACA BLANCA | RABO DE VACA | PEZON DE VACA | TETA DA BURRA | TETA DA NEGRA | MAMELLA DE VACA,laucou 2018,,,,
TETA DE VACA = DE CUERNO,1,tier3,TETA DE VACA TINTA,TETA DE VACA TINTA | TETA DE VACA BLANCA | RABO DE VACA | PEZON DE VACA | TETA DA BURRA | TETA DA NEGRA | MAMELLA DE VACA,laucou 2018,,,,
THALLOCSY LAJOS MUSKOTALY = MUSCAT D'ALEXANDRIE,1,tier3,KOSSUTH LAJOS MUSKOTALY,KOSSUTH LAJOS MUSKOTALY,lacombe 2013,,,,
TINTA CÃO,1,tier3,TINTA BARROCA,TINTA BARROCA | GARNACHA TINTA | FORCALLAT TINTA | TINTA FRANCISCA | ROJAL TINTA | TINTA POMAR | TINTA TINTO | ANADIA TINTA | TINTA AGUIAR | TINTA FONTES,ssr oliveira,,,,
TINTA DA MADEIRA,1,tier3,TINTA BARROCA,TINTA BARROCA | GARNACHA TINTA | FORCALLAT TINTA | TINTA FRANCISCA | ROJAL TINTA | TINTA POMAR | TINTA TINTO | ANADIA TINTA | TINTA AGUIAR | TINTA FONTES,vivc confirmed,,,,
TINTA RORIZ,1,tier3,TINTA BARROCA,TINTA BARROCA | GARNACHA TINTA | FORCALLAT TINTA | TINTA FRANCISCA | ROJAL TINTA | TINTA POMAR | TINTA TINTO | ANADIA TINTA | TINTA AGUIAR | TINTA FONTES,ssr oliveira,,,,
TINTINHA (COLLECTION ESPORAO) CASTELÃO = PERIQUITA,1,tier3,TINTINHA (COLLECTION ESPORAO),TINTINHA (COLLECTION ESPORAO),lacombe 2013,,,,
TITA KARTLIS,1,tier3,KARTLIS TITA,KARTLIS TITA | TITA | TITA RBILI | TITA SHAVI | TITA KAKHURI | TITA VACHINA | KARTLIS TETRI | TITA NAMDVILI | TCHROGA KARTLIS | TKVLAPA KARTLIS,lac emanuelli 2020,,,,
TORRONTÉS RIOJANO,1,tier3,TORRONTES RIOJANO,TORRONTES RIOJANO,laucou 2018,,,,
TOSCA BIANCA,1,tier3,UVA TOSCA BIANCA,UVA TOSCA BIANCA | BERMESTIA BIANCA | MALVASIA BIANCA | BIANCA | MALVASIA BIANCA LUNGA | UVA TOSCA | MARZEMINA BIANCA | VERNACCIA BIANCA | MENNA DI VACCA BIANCA | ALBANA BIANCA,lac emanuelli 2020,,,,
TRAMINER ROT,1,tier3,TRAMINER GRIS,TRAMINER GRIS | TRAMINER SIGNUM | TRAMINER STELLA,vivc confirmed,,,,
TROLLINGER FAUX (COLLECTION COLMAR) LASKA,1,tier3,EARLY DAWN FAUX (COLLECTION RAVAZ),EARLY DAWN FAUX (COLLECTION RAVAZ) | EKIM KARA FAUX (COLLECTION CONEGLIANO) | ICHKIMAR BELYI FAUX (COLLECTION KICHINEV) | MOSCATEL DE OEIRAS FAUX (COLLECTION BORDEAUX),lacombe 2013,,,,
TSIMLYANSKIY CHERNYI,1,tier3,ODESSKII CHERNYI,ODESSKII CHERNYI | KISHMISH CHERNYI | LKENY CHERNYI | OSENNII CHERNYI | ARAKSENI CHERNYI | CHILYAKI CHERNYI | KUTLAKSKII CHERNYI | KUMSHATSKII CHERNYI | ANDIZHANSKII CHERNYI | TSIMLYANSKII CHERNYI,vivc confirmed,,,,
TÊTE D'OR),1,tier3,SALICETTE (COLLECTION PARC DE LA TETE D'OR),SALICETTE (COLLECTION PARC DE LA TETE D'OR),lacombe 2013,,,,
UGNI BLANC = TREBBIANO TOSCANO UGNI BLANC = TREBBIANO TOSCANO,1,tier3,TREBBIANO TOSCANO,TREBBIANO TOSCANO | MAINGONNAT BELDI X UGNI BLANC | UGNI BLANC FLESHLESS BERRY | UGNI BLANC A FEUILLE DECOUPEE,lacombe 2013,,,,
UNKNOWN GRAPEVINE CA 10.1,1,tier3,VINELAND DWARF GRAPEVINE 001,VINELAND DWARF GRAPEVINE 001 | VINELAND DWARF GRAPEVINE 002 | VINELAND DWARF GRAPEVINE 003 | VINELAND DWARF GRAPEVINE 004,laucou 2018,,,,
URBANITRAUBE NOIR,1,tier3,PINOT NOIR,PINOT NOIR | GAMAY NOIR | MERLOT NOIR | GRAND NOIR | ROUMI NOIR | ARAMON NOIR | MANSENG NOIR | CAMARAOU NOIR | CARIGNAN NOIR | JURANCON NOIR,lac emanuelli 2020,,,,
URBANITRAUBE NOIR (COLLECTION OBERLIN),1,tier3,SALICETTE (COLLECTION OBERLIN),SALICETTE (COLLECTION OBERLIN),laucou 2018,,,,
UVA ACETO,1,tier3,ACETO,ACETO,vivc confirmed,,,,
UVA D’ORO BIANCA,1,tier3,BERMESTIA BIANCA,BERMESTIA BIANCA | MALVASIA BIANCA | BIANCA | MALVASIA BIANCA LUNGA | MARZEMINA BIANCA | VERNACCIA BIANCA | MENNA DI VACCA BIANCA | ALBANA BIANCA | BIONDA BIANCA | ALLIANA BIANCA,lac emanuelli 2020,,,,
UVA SACRA (UVA SOGRA),1,tier3,UVA SACRA,UVA SACRA | SACRA NERA,lac emanuelli 2020,,,,
V. RIPARIA FABRE,1,tier3,RIPARIA GLOIRE DE MONTPELLIER,RIPARIA GLOIRE DE MONTPELLIER | RIPARIA TOMENTEUX | RIPARIA GRAND GLABRE | RIPARIA 39 | RIPARIA 74 | RIPARIA 86 | RIPARIA 89 | RIPARIA B-75 | RIPARIA GREM | RIPARIA TRIER,ssr migliaro,,,,
V. RIPARIA GLOIRE DE MONTPELLIER,1,tier3,RIPARIA GLOIRE DE MONTPELLIER,RIPARIA GLOIRE DE MONTPELLIER | RKATSITELI X RIPARIA GLOIRE 14 | RIPARIA TOMENTEUX | ECOLE MONTPELLIER 34 | RIPARIA GRAND GLABRE | ECOLE MONTPELLIER 142 | RIPARIA 39 | RIPARIA 74 | RIPARIA 86 | RIPARIA 89,ssr migliaro,,,,
V. RIPARIA GRAND GLABRE,1,tier3,RIPARIA GRAND GLABRE,RIPARIA GRAND GLABRE | RIPARIA GRAND FEUILLE | GRAND NOIR | RIPARIA GLOIRE DE MONTPELLIER | RIPARIA TOMENTEUX | RIPARIA 39 | RIPARIA 74 | RIPARIA 86 | RIPARIA 89 | HIBOU GLABRE,ssr migliaro,,,,
V. RIPARIA LOMBARD,1,tier3,RIPARIA LOMBARD,RIPARIA LOMBARD | RIPARIA GLOIRE DE MONTPELLIER | RIPARIA TOMENTEUX | RIPARIA GRAND GLABRE | LOMBARD | RIPARIA 39 | RIPARIA 74 | RIPARIA 86 | RIPARIA 89 | RIPARIA B-75,ssr migliaro,,,,
V. RIPARIA MARTIN DES PAILLIERES,1,tier3,RIPARIA MARTIN DE PERRIER,RIPARIA MARTIN DE PERRIER | RIPARIA MARTIN DES PALLIERES | RIPARIA GLOIRE DE MONTPELLIER | RUPESTRIS MARTIN | RIPARIA TOMENTEUX | RIPARIA GRAND GLABRE | RIPARIA 39 | RIPARIA 74 | RIPARIA 86 | RIPARIA 89,ssr migliaro,,,,
V. RIPARIA PUBESCENT BLANC,1,tier3,RIPARIA PUBESCENT BLEU,RIPARIA PUBESCENT BLEU | RIPARIA PUBESCENT DENIS | RIPARIA PUBESCENT GRIS 2 | RIPARIA PUBESCENT TYP BOERNER | RIPARIA PUBESCENT KLOSTERNEUBURG | CHARDONNAY BLANC | CHENIN BLANC | SAUVIGNON BLANC | SAVAGNIN BLANC | CHAOUCH BLANC,ssr migliaro,,,,
V. RIPARIA SCRIBNER,1,tier3,RIPARIA SCRIBNER,RIPARIA SCRIBNER | RIPARIA GLOIRE DE MONTPELLIER | RIPARIA TOMENTEUX | RIPARIA GRAND GLABRE | RIPARIA 39 | RIPARIA 74 | RIPARIA 86 | RIPARIA 89 | RIPARIA B-75 | RIPARIA GREM,ssr migliaro,,,,
V. RIPARIA SERICEA,1,tier3,RIPARIA SERICEA,RIPARIA SERICEA | RIPARIA GLOIRE DE MONTPELLIER | RIPARIA TOMENTEUX | RIPARIA GRAND GLABRE | RIPARIA 39 | RIPARIA 74 | RIPARIA 86 | RIPARIA 89 | RIPARIA B-75 | RIPARIA GREM,ssr migliaro,,,,
V. RIPARIA SOMBRE,1,tier3,RIPARIA SOMBRE,RIPARIA SOMBRE | RIPARIA GLOIRE DE MONTPELLIER | RIPARIA TOMENTEUX | RIPARIA GRAND GLABRE | RIPARIA 39 | RIPARIA 74 | RIPARIA 86 | RIPARIA 89 | RIPARIA B-75 | RIPARIA GREM,ssr migliaro,,,,
V. RIPARIA TOMENTEUX,1,tier3,RIPARIA TOMENTEUX,RIPARIA TOMENTEUX | RIPARIA GLOIRE DE MONTPELLIER | RIPARIA GRAND GLABRE | RIPARIA 39 | RIPARIA 74 | RIPARIA 86 | RIPARIA 89 | RIPARIA B-75 | RIPARIA GREM | RIPARIA TRIER,ssr migliaro,,,,
V. RUPESTRIS CONSTANTIA,1,tier3,RUPESTRIS CONSTANTIA MOTHER 240,RUPESTRIS CONSTANTIA MOTHER 240 | RUPESTRIS DU LOT | RUPESTRIS GANZIN | RUPESTRIS MARTIN | RUPESTRIS FORTWORTH 1 | RUPESTRIS MADERA ROJA | RUPESTRIS ALPHONSE DE SERRES | RUPESTRIS Y | RUPESTRIS 1595 | RUPESTRIS B 38,ssr migliaro,,,,
V. RUPESTRIS GAILLARD,1,tier3,RUPESTRIS GAILLARD,RUPESTRIS GAILLARD | RUPESTRIS DU LOT | GAILLARD 2 | RUPESTRIS GANZIN | RUPESTRIS MARTIN | RUPESTRIS FORTWORTH 1 | RUPESTRIS MADERA ROJA | RUPESTRIS ALPHONSE DE SERRES | GAILLARD 21 | RUPESTRIS Y,ssr migliaro,,,,
V. RUPESTRIS MARTIN,1,tier3,RUPESTRIS MARTIN,RUPESTRIS MARTIN | RUPESTRIS DU LOT | RUPESTRIS GANZIN | RUPESTRIS FORTWORTH 1 | RUPESTRIS MADERA ROJA | RUPESTRIS ALPHONSE DE SERRES | RUPESTRIS Y | RUPESTRIS 1595 | RUPESTRIS B 38 | RUPESTRIS GEANT,ssr migliaro,,,,
V. RUPESTRIS METALLIQUE,1,tier3,RUPESTRIS METALLIQUE,RUPESTRIS METALLIQUE | RUPESTRIS DU LOT | RUPESTRIS GANZIN | RUPESTRIS MARTIN | RUPESTRIS FORTWORTH 1 | RUPESTRIS MADERA ROJA | RUPESTRIS ALPHONSE DE SERRES | RUPESTRIS Y | RUPESTRIS 1595 | RUPESTRIS B 38,ssr migliaro,,,,
V. RUPESTRIS VELLETRI,1,tier3,RUPESTRIS VELLETRI,RUPESTRIS VELLETRI | RUPESTRIS DU LOT | RUPESTRIS GANZIN | RUPESTRIS MARTIN | RUPESTRIS FORTWORTH 1 | RUPESTRIS MADERA ROJA | RUPESTRIS ALPHONSE DE SERRES | RUPESTRIS Y | RUPESTRIS 1595 | RUPESTRIS B 38,ssr migliaro,,,,
V. VINIFERA,1,tier3,DAVIDII X VINIFERA GF3,DAVIDII X VINIFERA GF3 | VITIS VINIFERA L. SUBSP. SYLVESTRIS (GMELIN) HEGI | VITIS VINIFERA LINNE SUBSP. SATIVA (DE CANDOLLE) HEGI,liang 2019,,,,
V.LABRUSCA LINNE,1,tier3,VITIS LABRUSCA LINNE,VITIS LABRUSCA LINNE | LINNE | HORTI LINNE | PARTHENOCISSUS QUINQUEFOLIA LINNE | VITIS VINIFERA LINNE SUBSP. SATIVA (DE CANDOLLE) HEGI,liang 2019,,,,
VALENCI (BEBA),1,tier3,VALENCI TINTO,VALENCI TINTO,lac emanuelli 2020,,,,
VALENCÍ BLANCO,1,tier3,VERDEJO BLANCO,VERDEJO BLANCO | PALO BLANCO | CAINO BLANCO | ABOQUEL BLANCO | DE JOSE BLANCO | DIRECTO BLANCO | BASTARDO BLANCO | LOUREIRO BLANCO | MOSCATEL BLANCO | VIJARIEGO BLANCO,laucou 2018,,,,
VALENSI NOIR,1,tier3,PINOT NOIR,PINOT NOIR | GAMAY NOIR | MERLOT NOIR | GRAND NOIR | ROUMI NOIR | ARAMON NOIR | MANSENG NOIR | CAMARAOU NOIR | CARIGNAN NOIR | JURANCON NOIR,laucou 2018,,,,
VARIETE D'OASIS TOZEUR   7,1,tier3,VARIETE D'OASIS TOZEUR 1,VARIETE D'OASIS TOZEUR 1 | VARIETE D'OASIS TOZEUR 7 | VARIETE D'OASIS TOZEUR 9 | VARIETE D'OASIS TOZEUR 17 | VARIETE D'OASIS TOZEUR 22 | VARIETE D'OASIS TOZEUR 25 | VARIETE D'OASIS TOZEUR 26 | VARIETE D'OASIS DEGACHE 28 | VARIETE D'OASIS X | VARIETE D'OASIS NEFTA 38,vivc confirmed,,,,
VARIETE D'OASIS TOZEUR   9,1,tier3,VARIETE D'OASIS TOZEUR 1,VARIETE D'OASIS TOZEUR 1 | VARIETE D'OASIS TOZEUR 7 | VARIETE D'OASIS TOZEUR 9 | VARIETE D'OASIS TOZEUR 17 | VARIETE D'OASIS TOZEUR 22 | VARIETE D'OASIS TOZEUR 25 | VARIETE D'OASIS TOZEUR 26 | VARIETE D'OASIS DEGACHE 28 | VARIETE D'OASIS X | VARIETE D'OASIS NEFTA 38,vivc confirmed,,,,
VARIÉTÉ D'OASIS BOU CHEMMA 46,1,tier3,VARIETE D'OASIS TOZEUR 1,VARIETE D'OASIS TOZEUR 1 | VARIETE D'OASIS DEGACHE 28 | VARIETE D'OASIS X | VARIETE D'OASIS NEFTA 38 | VARIETE D'OASIS TOZEUR 7 | VARIETE D'OASIS TOZEUR 9 | VARIETE D'OASIS TOZEUR 17 | VARIETE D'OASIS TOZEUR 22 | VARIETE D'OASIS TOZEUR 25 | VARIETE D'OASIS TOZEUR 26,laucou 2018,,,,
VARIÉTÉ D'OASIS DEGACHE 28,1,tier3,VARIETE D'OASIS DEGACHE 28,VARIETE D'OASIS DEGACHE 28 | VARIETE D'OASIS DEGACHE 30 | VARIETE D'OASIS TOZEUR 1 | VARIETE D'OASIS X | VARIETE D'OASIS NEFTA 38 | VARIETE D'OASIS TOZEUR 7 | VARIETE D'OASIS TOZEUR 9 | VARIETE D'OASIS TOZEUR 17 | VARIETE D'OASIS TOZEUR 22 | VARIETE D'OASIS TOZEUR 25,ssr lacombe,,,,
VARIÉTÉ D'OASIS TOZEUR 1,1,tier3,VARIETE D'OASIS TOZEUR 1,VARIETE D'OASIS TOZEUR 1 | VARIETE D'OASIS TOZEUR 7 | VARIETE D'OASIS TOZEUR 9 | VARIETE D'OASIS TOZEUR 17 | VARIETE D'OASIS TOZEUR 22 | VARIETE D'OASIS TOZEUR 25 | VARIETE D'OASIS TOZEUR 26 | VARIETE D'OASIS DEGACHE 28 | VARIETE D'OASIS X | VARIETE D'OASIS NEFTA 38,ssr lacombe,,,,
VENUS SEEDLESS,1,tier3,RUBY SEEDLESS,RUBY SEEDLESS | BEAUTY SEEDLESS | EINSET SEEDLESS | EMERALD SEEDLESS | CENTENNIAL SEEDLESS | DAWN SEEDLESS | CANNER SEEDLESS | BRONX SEEDLESS | FLAME SEEDLESS | MUSCAT SEEDLESS,liang 2019,,,,
VERNACCIA DI ORISTANO (SPERGOLA),1,tier3,VERNACCIA DI ORISTANO,VERNACCIA DI ORISTANO | VERNACCIA BIANCA | VERNACCIA DI SAN GIMIGNANO | VERNACCIA NERA | VERNACCIA USSANA | VERNACCIA DI VIGNA | VERNACCIA MOSCATELLA | VERNACCIA DI SARDEGNA | VERNACCIA ESCALAPLANO | VERNACCIA NERA DI FERMO,lac emanuelli 2020,,,,
VERTKVITCHALIS TETRI,1,tier3,TSNORIS TETRI,TSNORIS TETRI | KHARISTVALA TETRI | ALEXANDROULI TETRI | RKO TETRI | BUERI TETRI | GOMIS TETRI | KUMSI TETRI | MAURI TETRI | ALMURA TETRI | KAKHIS TETRI,lac emanuelli 2020,,,,
VERUES DE HUARTE,1,tier3,BERUES DE HUARTE,BERUES DE HUARTE,lac emanuelli 2020,,,,
VERUÉS DE HUARTE,1,tier3,BERUES DE HUARTE,BERUES DE HUARTE,laucou 2018,,,,
VICTOR = PIROVANO 314,1,tier3,VICTOR,VICTOR | MARIA PIROVANO | ANGELO PIROVANO | PIROVANO 5 | PIROVANO 190 | PIROVANO 1 | PIROVANO 17 | PIROVANO 3 | PIROVANO 4 | PIROVANO 6,lacombe 2013,,,,
VIDAL   36,1,tier3,VIDAL 19,VIDAL 19 | VIDAL 49 | VIDAL 98 T | VIDAL 99 T | VIDAL 36 | VIDAL 117 | VIDAL 662 | VIDAL 678 | VIDAL BLANC | VIDAL 107,vivc confirmed,,,,
VIDAL   98 T,1,tier3,VIDAL 19,VIDAL 19 | VIDAL 49 | VIDAL 98 T | VIDAL 99 T | VIDAL 36 | VIDAL 117 | VIDAL 662 | VIDAL 678 | VIDAL BLANC | VIDAL 107,vivc confirmed,,,,
VIDAL   99 T,1,tier3,VIDAL 19,VIDAL 19 | VIDAL 49 | VIDAL 98 T | VIDAL 99 T | VIDAL 36 | VIDAL 117 | VIDAL 662 | VIDAL 678 | VIDAL BLANC | VIDAL 107,vivc confirmed,,,,
VIDAL  117,1,tier3,VIDAL 19,VIDAL 19 | VIDAL 49 | VIDAL 98 T | VIDAL 99 T | VIDAL 36 | VIDAL 117 | VIDAL 662 | VIDAL 678 | VIDAL BLANC | VIDAL 107,vivc confirmed,,,,
VIDAL  662,1,tier3,VIDAL 19,VIDAL 19 | VIDAL 49 | VIDAL 98 T | VIDAL 99 T | VIDAL 36 | VIDAL 117 | VIDAL 662 | VIDAL 678 | VIDAL BLANC | VIDAL 107,vivc confirmed,,,,
VIDAL  678,1,tier3,VIDAL 19,VIDAL 19 | VIDAL 49 | VIDAL 98 T | VIDAL 99 T | VIDAL 36 | VIDAL 117 | VIDAL 662 | VIDAL 678 | VIDAL BLANC | VIDAL 107,vivc confirmed,,,,
VIGNE SAUVAGE FAUX MOUCHOUSES 1,1,tier3,VIGNE SAUVAGE FAUX,VIGNE SAUVAGE FAUX | VIGNE SAUVAGE FAUX OBERLIN 3 | VIGNE SAUVAGE FAUX FETHIYE 58-64 | VIGNE SAUVAGE FAUX GUEMUELDER 105-64 | VIGNE SAUVAGE FAUX PUENTE DE EL BURGO,lac emanuelli 2020,,,,
VINHAO = SOUZAO,1,tier3,VINHAO,VINHAO,vivc confirmed,,,,
VITIS BERLANDIERI RESSEGUIER N. 2,1,tier3,BERLANDIERI RESSEGUIER 1,BERLANDIERI RESSEGUIER 1 | BERLANDIERI RESSEGUIER 2 | BERLANDIERI RESSEGUIER 3 | BERLANDIERI RESSEGUIER 4 | BERLANDIERI RESSEGUIER 5 | BERLANDIERI RESSEGUIER 6 | BERLANDIERI RESSEGUIER 7 | BERLANDIERI RESSEGUIER 8 | BERLANDIERI RESSEGUIER 9 | BERLANDIERI RESSEGUIER 13,ssr migliaro,,,,
VITIS BOURQUINA #,1,tier3,VITIS BOURQUINA MUNSON,VITIS BOURQUINA MUNSON | VITIS LABRUSCA LINNE | VITIS AMURENSIS RUPRECHT | VITIS CINEREA ENGELMANN VAR. CINEREA | VITIS THUNBERGII SIEBOLD ET ZUCCARINA | VITIS PALATA | VITIS VULPINA | VITIS HUI CHENG | VITIS SOLA BAILEY | VITIS BASHANICA HE,ssr oliveira,,,,
VITIS CHAMPINII #,1,tier3,VITIS CHAMPINII PLANCHON,VITIS CHAMPINII PLANCHON | VITIS LABRUSCA LINNE | VITIS AMURENSIS RUPRECHT | VITIS CINEREA ENGELMANN VAR. CINEREA | VITIS THUNBERGII SIEBOLD ET ZUCCARINA | VITIS PALATA | VITIS VULPINA | CHAMPINII 1279 | CHAMPINII 1386 | CHAMPINII 1588,ssr oliveira,,,,
VITIS NOVAE-ANGLIAE FERNALD,1,tier3,VITIS LABRUSCA LINNE,VITIS LABRUSCA LINNE | VITIS AMURENSIS RUPRECHT | VITIS CINEREA ENGELMANN VAR. CINEREA | VITIS THUNBERGII SIEBOLD ET ZUCCARINA | VITIS PALATA | VITIS VULPINA | VITIS HUI CHENG | VITIS SOLA BAILEY | VITIS BASHANICA HE | VITIS ILLEX BAILEY,ssr migliaro,,,,
VITIS RIPARIA COLORADO,1,tier3,VITIS RIPARIA MICHAUX,VITIS RIPARIA MICHAUX | RIPARIA GLOIRE DE MONTPELLIER | RIO COLORADO | VITIS LABRUSCA LINNE | RIPARIA TOMENTEUX | RIPARIA GRAND GLABRE | COLORADO JARDIN MALEGUE | VITIS AMURENSIS RUPRECHT | VITIS CINEREA ENGELMANN VAR. CINEREA | VITIS THUNBERGII SIEBOLD ET ZUCCARINA,ssr migliaro,,,,
VITIS ROTUNDIFOLIA,1,tier3,MUSCADINIA ROTUNDIFOLIA MICHAUX VAR. ROTUNDIFOLIA,MUSCADINIA ROTUNDIFOLIA MICHAUX VAR. ROTUNDIFOLIA | VITIS LABRUSCA LINNE | VITIS AMURENSIS RUPRECHT | VITIS CINEREA ENGELMANN VAR. CINEREA | VITIS THUNBERGII SIEBOLD ET ZUCCARINA | VITIS PALATA | VITIS VULPINA | VITIS HUI CHENG | VITIS SOLA BAILEY | VITIS BASHANICA HE,ssr oliveira,,,,
VITIS RUPESTRIS DU LOT,1,tier3,VITIS RUPESTRIS HYBRID,VITIS RUPESTRIS HYBRID | VITIS RUPESTRIS SCHEELE | VITIS RUPESTRIS SCHEELE (4N) | RUPESTRIS DU LOT | VITIS LABRUSCA LINNE | RUPESTRIS GANZIN | RUPESTRIS MARTIN | RUPESTRIS FORTWORTH 1 | RUPESTRIS MADERA ROJA | VITIS AMURENSIS RUPRECHT,ssr migliaro,,,,
VITIS VINIFERA SUBSP. VINIFERA LINNE,1,tier3,VITIS VINIFERA LINNE SUBSP. SATIVA (DE CANDOLLE) HEGI,VITIS VINIFERA LINNE SUBSP. SATIVA (DE CANDOLLE) HEGI | VITIS VINIFERA L. SUBSP. SYLVESTRIS (GMELIN) HEGI | VITIS LABRUSCA LINNE | DAVIDII X VINIFERA GF3,liang 2019,,,,
VIVONA   378,1,tier3,VIVONA 1,VIVONA 1 | VIVONA 3 | VIVONA 7 | VIVONA 9 | VIVONA 11 | VIVONA 12 | VIVONA 13 | VIVONA 14 | VIVONA 15 | VIVONA 180,vivc confirmed,,,,
VRH3082-  1- 42,1,tier3,VRH3082- 1- 24,VRH3082- 1- 24 | VRH3082- 1- 32 | VRH3082- 1- 42 | VRH3082- 1- 49 | VRH3082- 1- 72,vivc confirmed,,,,
WEISSER GUTEDEL,1,tier3,GUTEDEL MALAGA,GUTEDEL MALAGA | HAINER WEISSER | WEISSER AENGSTLER,vivc confirmed,,,,
WHITE MUSCAT (COLLECTION BLACK MOROCCO,1,tier3,BLACK MOROCCO,BLACK MOROCCO | WHITE MUSCAT | BLACK MUSCAT | NORTHERN MUSCAT WHITE,lacombe 2013,,,,
WILDBACHER SPÄTBLAU,1,tier3,WILDBACHER DE HONGRIE,WILDBACHER DE HONGRIE | WILDBACHER BLAU | WILDBACHER FRUEH BLAU | WILDBACHER SPAET BLAU | WILDBACHER SCHLEHENBLAU,lac emanuelli 2020,,,,
YAKDONA KIZIL,1,tier3,KIZIL SAPAK FAUX,KIZIL SAPAK FAUX | YAKDONA KIZYL | DIK KIZIL UEZUEM | YAKDONA | IRI KIZIL | KIZIL BOZ | KIZIL ATIM | OBAK KIZIL | ANNAT KIZIL | KIZIL SAPAK,lac emanuelli 2020,,,,
ZALA GYOENGUE,1,tier3,ZALA GYOENGYE,ZALA GYOENGYE | ZALA GYOENGYE (NON IDENTIFIED),vivc confirmed,,,,
ZEINI BALADI NO. 2,1,tier3,ZEINI BALADI,ZEINI BALADI | ZEINI | BALADI | ZEINI ARUV | KISI BALADI | ZEINI ABIAD | ZEINI AHMAR | ZEINI RAFIH | BALADI HAFFE | KAISI BALADI,liang 2019,,,,
ZHEMCHUG SABA,1,tier3,SOVETSKII ZHEMCHUG,SOVETSKII ZHEMCHUG,vivc confirmed,,,,
ZIBIBBO (MOSCATO D'ALESSANDRIA),1,tier3,ZIBIBBO D'ARQUATA,ZIBIBBO D'ARQUATA | ZIBIBBO BIANCO DI CALTANISSETTA,lac emanuelli 2020,,,,
ZIMMERTTRAUBE GRAU RAUCHFARBIG,1,tier3,ZIMMETTRAUBE GRAU RAUCHFARBIG,ZIMMETTRAUBE GRAU RAUCHFARBIG | PORTUGIESER GRAU | VELTLINER GRAU,laucou 2018,,,,
ZIXIANG SEEDLESS,1,tier3,RUBY SEEDLESS,RUBY SEEDLESS | BEAUTY SEEDLESS | EINSET SEEDLESS | EMERALD SEEDLESS | CENTENNIAL SEEDLESS | DAWN SEEDLESS | CANNER SEEDLESS | BRONX SEEDLESS | FLAME SEEDLESS | MUSCAT SEEDLESS,liang 2019,,,,
ZLATARICA BLATSKA BIJELI,1,tier3,ZLATARICA BLATSKA,ZLATARICA BLATSKA | POSIP BIJELI | GRK BIJELI | PRC BIJELI | RANAC BIJELI | SOLIN BIJELI | GRANAS BIJELI | PULJIZ BIJELI | MISNJAK BIJELI | NEBESAR BIJELI,vivc confirmed,,,,
DIMIAT,5,tier4,,,vivc confirmed; lacombe 2013; lac emanuelli 2020; laucou 2018; ssr lacombe,,,,
POUGAYEN,5,tier4,,,vivc confirmed; lacombe 2013; lac emanuelli 2020; laucou 2018; ssr lacombe,,,,
CASTELÃO = PERIQUITA,4,tier4,,,lacombe 2013; lac emanuelli 2020; laucou 2018; ssr lacombe,,,,
KOZ OUZIOUM,4,tier4,,,vivc confirmed; lacombe 2013; laucou 2018; ssr lacombe,,,,
LIGNAN,4,tier4,,,vivc confirmed; lacombe 2013; laucou 2018; ssr lacombe,,,,
ARAGATZI,3,tier4,,,lacombe 2013; lac emanuelli 2020; laucou 2018,,,,
ASKÉRI,3,tier4,,,lacombe 2013; laucou 2018; ssr lacombe,,,,
ATTIKI,3,tier4,,,lacombe 2013; laucou 2018; ssr lacombe,,,,
BASILIKUMTRAUBE,3,tier4,,,lacombe 2013; laucou 2018; ssr lacombe,,,,
BOUQUETTRAUBE,3,tier4,,,vivc confirmed; lacombe 2013; ssr lacombe,,,,
CABERNET‐SAUVIGNON,3,tier4,,,lacombe 2013; oliveira 2020; ssr lacombe,,,,
CARMENÈRE,3,tier4,,,lacombe 2013; lac emanuelli 2020; ssr lacombe,,,,
CÉSAR,3,tier4,,,lacombe 2013; laucou 2018; ssr lacombe,,,,
GIBI = HEBÉN,3,tier4,,,lacombe 2013; laucou 2018; ssr lacombe,,,,
ICOD DE LOS VINOS,3,tier4,,,lacombe 2013; laucou 2018; ssr lacombe,,,,
KATTA-KOURGAN,3,tier4,,,vivc confirmed; lac emanuelli 2020; laucou 2018,,,,
KEKHLIBAR,3,tier4,,,vivc confirmed; lacombe 2013; ssr lacombe,,,,
KÖVIDINKA,3,tier4,,,lacombe 2013; laucou 2018; ssr lacombe,,,,
LIMBERGER = BLAUFRÄNKISCH,3,tier4,,,vivc confirmed; lacombe 2013; ssr lacombe,,,,
MACABEU,3,tier4,,,lacombe 2013; laucou 2018; ssr lacombe,,,,
MAYORQUIN = FARANA,3,tier4,,,vivc confirmed; lacombe 2013; ssr lacombe,,,,
RHODITIS,3,tier4,,,vivc confirmed; lacombe 2013; ssr lacombe,,,,
SAINT-LAURENT,3,tier4,,,vivc confirmed; lac emanuelli 2020; laucou 2018,,,,
TASCHLY,3,tier4,,,vivc confirmed; lacombe 2013; ssr lacombe,,,,
TOLSTOKORII,3,tier4,,,vivc confirmed; lacombe 2013; ssr lacombe,,,,
VASSARGA TCHERNAIA,3,tier4,,,vivc confirmed; lacombe 2013; ssr lacombe,,,,
VERICO,3,tier4,,,vivc confirmed; lacombe 2013; ssr lacombe,,,,
ADISSI,2,tier4,,,lacombe 2013; ssr lacombe,,,,
AK CHEKEREK,2,tier4,,,vivc confirmed; ssr lacombe,,,,
ALCAÑON,2,tier4,,,lac emanuelli 2020; laucou 2018,,,,
ALICANTÍ,2,tier4,,,lac emanuelli 2020; laucou 2018,,,,
ALIGOTÉ,2,tier4,,,lacombe 2013; ssr lacombe,,,,
ANCELLOTA,2,tier4,,,lacombe 2013; ssr lacombe,,,,
ANTÃO VAZ,2,tier4,,,lacombe 2013; laucou 2018,,,,
BARCELLO,2,tier4,,,lacombe 2013; ssr lacombe,,,,
BATTRAUBE,2,tier4,,,lac emanuelli 2020; laucou 2018,,,,
BENICARLO,2,tier4,,,lacombe 2013; ssr lacombe,,,,
BEST'S M,2,tier4,,,lacombe 2013; ssr lacombe,,,,
BEST'S R2 V73,2,tier4,,,vivc confirmed; ssr lacombe,,,,
BIANERA,2,tier4,,,lacombe 2013; ssr lacombe,,,,
BORRAÇAL,2,tier4,,,laucou 2018; ssr lacombe,,,,
BOUAKI NOR,2,tier4,,,lacombe 2013; ssr lacombe,,,,
BOUCHALÈS,2,tier4,,,lacombe 2013; ssr lacombe,,,,
BRONNERSTRAUBE,2,tier4,,,lacombe 2013; ssr lacombe,,,,
CABERNET‐MALBEC N°1,2,tier4,,,lacombe 2013; ssr lacombe,,,,
CABERNET‐MALBEC N°2,2,tier4,,,lacombe 2013; ssr lacombe,,,,
CABERNET‐MALBEC N°4,2,tier4,,,lacombe 2013; ssr lacombe,,,,
CATALAN (MAGARATCH),2,tier4,,,lacombe 2013; ssr lacombe,,,,
CG 87‐746,2,tier4,,,lacombe 2013; ssr lacombe,,,,
CHIRVAN CHAKHI,2,tier4,,,lacombe 2013; ssr lacombe,,,,
CIRCÉ,2,tier4,,,lacombe 2013; ssr lacombe,,,,
CIVIT 2,2,tier4,,,constantini 2026; node profile,,,,
COT DE CHÉRAGAS,2,tier4,,,lacombe 2013; ssr lacombe,,,,
COURTOISIE,2,tier4,,,lacombe 2013; ssr lacombe,,,,
CRASSOSTAPHYLLO,2,tier4,,,lacombe 2013; ssr lacombe,,,,
DAN‐BEN‐HANNAH = SC 26,2,tier4,,,lacombe 2013; ssr lacombe,,,,
EFREMOVSKY,2,tier4,,,lacombe 2013; ssr lacombe,,,,
EKIGAÏNA,2,tier4,,,lacombe 2013; ssr lacombe,,,,
EN KÖVIDINKAM,2,tier4,,,lacombe 2013; ssr lacombe,,,,
F26P41,2,tier4,,,constantini 2026; node profile,,,,
F26P50,2,tier4,,,constantini 2026; node profile,,,,
F42P74,2,tier4,,,constantini 2026; node profile,,,,
F45P137,2,tier4,,,constantini 2026; node profile,,,,
F49P35,2,tier4,,,constantini 2026; node profile,,,,
F4P38,2,tier4,,,constantini 2026; node profile,,,,
FERLÉ 50 = H 34‐49‐50,2,tier4,,,lacombe 2013; ssr lacombe,,,,
FERLÉ DE MOCAMMEDES,2,tier4,,,lacombe 2013; ssr lacombe,,,,
FRANÇOIS IER,2,tier4,,,lacombe 2013; ssr lacombe,,,,
FRÜHGIPFLER I,2,tier4,,,lacombe 2013; ssr lacombe,,,,
FÜRSTENTRAUBE,2,tier4,,,lacombe 2013; ssr lacombe,,,,
GARGOLLASA,2,tier4,,,lacombe 2013; ssr lacombe,,,,
GEWURZTRAMINER,2,tier4,,,marker support; ssr oliveira,,,,
GIA F12P140,2,tier4,,,constantini 2026; node profile,,,,
GIA F12P194,2,tier4,,,constantini 2026; node profile,,,,
GILDÉ,2,tier4,,,lacombe 2013; ssr lacombe,,,,
GIR F1P54,2,tier4,,,constantini 2026; node profile,,,,
GIR F2P83,2,tier4,,,constantini 2026; node profile,,,,
GIR F2P97,2,tier4,,,constantini 2026; node profile,,,,
GLACIÈRE,2,tier4,,,lacombe 2013; ssr lacombe,,,,
GRANOIR,2,tier4,,,lacombe 2013; ssr lacombe,,,,
GYÖNGY SZÖLÖ,2,tier4,,,lacombe 2013; ssr lacombe,,,,
INF F12P102,2,tier4,,,constantini 2026; node profile,,,,
INF F12P103,2,tier4,,,constantini 2026; node profile,,,,
INF F12P108,2,tier4,,,constantini 2026; node profile,,,,
INF F12P115,2,tier4,,,constantini 2026; node profile,,,,
INF F12P128,2,tier4,,,constantini 2026; node profile,,,,
INF F12P49,2,tier4,,,constantini 2026; node profile,,,,
INF F12P55,2,tier4,,,constantini 2026; node profile,,,,
INF F12P74,2,tier4,,,constantini 2026; node profile,,,,
INF F12P78,2,tier4,,,constantini 2026; node profile,,,,
INF F12P87,2,tier4,,,constantini 2026; node profile,,,,
INF F13P152,2,tier4,,,constantini 2026; node profile,,,,
INF F14P33,2,tier4,,,constantini 2026; node profile,,,,
IV 1-1-768,2,tier4,,,constantini 2026; node profile,,,,
IV 54/2,2,tier4,,,constantini 2026; node profile,,,,
IV 8/1,2,tier4,,,constantini 2026; node profile,,,,
KARMRAIUTE,2,tier4,,,lacombe 2013; ssr lacombe,,,,
KIBRAÏSKI,2,tier4,,,lacombe 2013; ssr lacombe,,,,
KLEINRAUSCHLING,2,tier4,,,lacombe 2013; ssr lacombe,,,,
KNIPPERLÉ,2,tier4,,,lacombe 2013; ssr lacombe,,,,
KOPTCHAK,2,tier4,,,lacombe 2013; ssr lacombe,,,,
KÉKMEDOC,2,tier4,,,lacombe 2013; ssr lacombe,,,,
L'ENFANT TROUVÉ,2,tier4,,,lacombe 2013; ssr lacombe,,,,
LAGAUZÈRE C,2,tier4,,,lacombe 2013; ssr lacombe,,,,
LINNÉ,2,tier4,,,lacombe 2013; ssr lacombe,,,,
MADELEINE SALOMON = AGOSTENGA BLANC,2,tier4,,,vivc confirmed; laucou 2018,,,,
MALPÉ,2,tier4,,,lacombe 2013; ssr lacombe,,,,
MALVINA,2,tier4,,,lacombe 2013; ssr lacombe,,,,
MANDRÈGUE,2,tier4,,,lacombe 2013; ssr lacombe,,,,
MANTÚO DE PILAS,2,tier4,,,lac emanuelli 2020; laucou 2018,,,,
MAYORQUIN,2,tier4,,,vivc confirmed; laucou 2018,,,,
MIRNI,2,tier4,,,lacombe 2013; ssr lacombe,,,,
MISHUNG = KAKOURDESS BIELY,2,tier4,,,lacombe 2013; ssr lacombe,,,,
MOURTÈS,2,tier4,,,lacombe 2013; ssr lacombe,,,,
MURESCU = ESCURSACH,2,tier4,,,lacombe 2013; laucou 2018,,,,
MÜLLER‐THURGAU,2,tier4,,,lacombe 2013; ssr lacombe,,,,
NAOSÉ,2,tier4,,,laucou 2018; ssr lacombe,,,,
NÉGRAL,2,tier4,,,lacombe 2013; ssr lacombe,,,,
OKTIABRSKY,2,tier4,,,lacombe 2013; ssr lacombe,,,,
PARENT 1 IS MOST LIKELY EXTINCT,2,tier4,,,vivc confirmed; oliveira 2020,,,,
PARENT 1 WAS NOT CONFIRMED,2,tier4,,,vivc confirmed; oliveira 2020,,,,
PARENT 2 WAS NOT CONFIRMED,2,tier4,,,vivc confirmed; oliveira 2020,,,,
PERVENETZ PRASKOVEÏSKY,2,tier4,,,lacombe 2013; ssr lacombe,,,,
PLAVAÏ,2,tier4,,,lacombe 2013; ssr lacombe,,,,
PLETCHISTIK,2,tier4,,,vivc confirmed; lacombe 2013,,,,
PROSECCO,2,tier4,,,vivc confirmed; ssr oliveira,,,,
PÉRIDAC,2,tier4,,,lacombe 2013; ssr lacombe,,,,
ROI DES PRÉCOCES,2,tier4,,,lacombe 2013; laucou 2018,,,,
ROMEÏCO,2,tier4,,,lacombe 2013; ssr lacombe,,,,
ROSÉ DU VAR,2,tier4,,,lacombe 2013; ssr lacombe,,,,
ROUCHAKI,2,tier4,,,lacombe 2013; ssr lacombe,,,,
SAINTE‐MARIE DE BIVIERS,2,tier4,,,lacombe 2013; ssr lacombe,,,,
SAINT‐CÔME,2,tier4,,,lacombe 2013; ssr lacombe,,,,
SAINT‐FIACRE,2,tier4,,,lacombe 2013; ssr lacombe,,,,
SAINT‐LAURENT,2,tier4,,,lacombe 2013; ssr lacombe,,,,
SAINT‐PIERRE DORÉ,2,tier4,,,lacombe 2013; ssr lacombe,,,,
SAUVIGNONASSE,2,tier4,,,vivc confirmed; ssr lacombe,,,,
SCHABASCHE,2,tier4,,,vivc confirmed; ssr lacombe,,,,
SÉRÉNÈZE,2,tier4,,,lacombe 2013; ssr lacombe,,,,
TARNAOU,2,tier4,,,lacombe 2013; ssr lacombe,,,,
THERMI,2,tier4,,,lacombe 2013; ssr lacombe,,,,
TXAKOLI,2,tier4,,,lacombe 2013; ssr lacombe,,,,
TÉOULIER,2,tier4,,,lacombe 2013; ssr lacombe,,,,
UVA SOGRA,2,tier4,,,lacombe 2013; ssr lacombe,,,,
VALDERBARA,2,tier4,,,vivc confirmed; ssr lacombe,,,,
VALDIGUIÉ PISSAÏRÉ,2,tier4,,,lacombe 2013; ssr lacombe,,,,
VRADYANO,2,tier4,,,vivc confirmed; ssr lacombe,,,,
VRH3082-1-42,2,tier4,,,constantini 2026; node profile,,,,
VÉKONYHÉJU,2,tier4,,,lacombe 2013; ssr lacombe,,,,
WÜRZER = AZ 10487,2,tier4,,,lacombe 2013; ssr lacombe,,,,
ZÖLDFÜRTÜ,2,tier4,,,lacombe 2013; ssr lacombe,,,,
ÖTFÜRTÜ,2,tier4,,,lacombe 2013; ssr lacombe,,,,
(BESSON),1,tier4,,,lacombe 2013,,,,
101-14 #,1,tier4,,,ssr oliveira,,,,
110 R,1,tier4,,,ssr oliveira,,,,
11‐48‐49,1,tier4,,,lacombe 2013,,,,
28‐30,1,tier4,,,lacombe 2013,,,,
372,1,tier4,,,lacombe 2013,,,,
420A,1,tier4,,,ssr oliveira,,,,
93-5 C,1,tier4,,,ssr migliaro,,,,
?,1,tier4,,,liang 2019,,,,
ACCESSION NAME #: MISLABELING NAME,1,tier4,,,ssr oliveira,,,,
ADISI,1,tier4,,,vivc confirmed,,,,
AFUZ ALI,1,tier4,,,vivc confirmed,,,,
AGHIORGITIKO,1,tier4,,,lac emanuelli 2020,,,,
AIRÉN,1,tier4,,,laucou 2018,,,,
ALEÁTICO #,1,tier4,,,ssr oliveira,,,,
ALHAGI,1,tier4,,,vivc confirmed,,,,
ALII TIERSKII,1,tier4,,,vivc confirmed,,,,
ALLARÉN,1,tier4,,,laucou 2018,,,,
ALLELES:,1,tier4,,,ssr vivc,,,,
ANANAS#,1,tier4,,,ssr oliveira,,,,
ARINTO TINTO (COLLECTION SOARES FRANCO),1,tier4,,,laucou 2018,,,,
ARMÊNIA I70058,1,tier4,,,ssr oliveira,,,,
ARMÊNIA I70060 #,1,tier4,,,ssr oliveira,,,,
ARMÊNIA I70061 #,1,tier4,,,ssr oliveira,,,,
ARRARATI,1,tier4,,,vivc confirmed,,,,
ASPIRANT BOUCHET #,1,tier4,,,ssr oliveira,,,,
ASPROKONDOURA,1,tier4,,,marker support,,,,
AUGUSTA (NEAGU‐GEORGESCU) REINE DES VIGNES,1,tier4,,,lacombe 2013,,,,
AURORA FAUX (COLLECTION MENDOZA) CARDINAL = G 10‐30,1,tier4,,,lacombe 2013,,,,
AVANÀ,1,tier4,,,lac emanuelli 2020,,,,
B 40-208 #,1,tier4,,,ssr oliveira,,,,
BALLADE,1,tier4,,,liang 2019,,,,
BARADI,1,tier4,,,liang 2019,,,,
BARATUCIÀT,1,tier4,,,lac emanuelli 2020,,,,
BARRILETA,1,tier4,,,ssr oliveira,,,,
BB 575‐49 SRLH,1,tier4,,,lacombe 2013,,,,
BEM TABORNOK = GÉNÉRAL BEM MUSCAT D'ALEXANDRIE,1,tier4,,,lacombe 2013,,,,
BENIBARADO,1,tier4,,,liang 2019,,,,
BERBECEL=APROFEHER,1,tier4,,,vivc confirmed,,,,
BERLANDIERI-COLOMBARD 2,1,tier4,,,ssr migliaro,,,,
BIOKA,1,tier4,,,vivc confirmed,,,,
BITURICA,1,tier4,,,marker support,,,,
BLANQUILIÑA,1,tier4,,,laucou 2018,,,,
BLAUFRANKISCH,1,tier4,,,vivc confirmed,,,,
BLJUZGAVAC,1,tier4,,,vivc confirmed,,,,
BORRADO DAS MOSCAS,1,tier4,,,laucou 2018,,,,
BOUQUETRAUBE,1,tier4,,,vivc confirmed,,,,
BOUQUETTTRAUBE,1,tier4,,,vivc confirmed,,,,
BRASIL,1,tier4,,,ssr oliveira,,,,
BRUSTIANO FAUX (COLLECTION PARC DE MAYORQUIN = FARANA,1,tier4,,,lacombe 2013,,,,
BUDAPEST),1,tier4,,,lacombe 2013,,,,
BÉCLAN,1,tier4,,,laucou 2018,,,,
BÉQUIGNOL,1,tier4,,,ssr lacombe,,,,
CABERNET-SAUVIGNON,1,tier4,,,vivc confirmed,,,,
CAMARATE = PRETO MARTINHO PARDINA = JAEN BLANCO,1,tier4,,,lacombe 2013,,,,
CAMPOS DA PAZ,1,tier4,,,ssr oliveira,,,,
CANNONAU,1,tier4,,,vivc confirmed,,,,
CANNONAU (GARNACHA TINTA),1,tier4,,,lac emanuelli 2020,,,,
CARMÉNÈRE,1,tier4,,,ssr oliveira,,,,
CARRARESA,1,tier4,,,lac emanuelli 2020,,,,
CARRASQUÍN,1,tier4,,,laucou 2018,,,,
CASELLE,1,tier4,,,ssr migliaro,,,,
CASTAÑAL,1,tier4,,,laucou 2018,,,,
CASTELÃO #,1,tier4,,,ssr oliveira,,,,
CASTETS = MATURANA TINTA DE NAVARRETE,1,tier4,,,laucou 2018,,,,
CAÑOCAZO,1,tier4,,,laucou 2018,,,,
CAÑORROYO,1,tier4,,,laucou 2018,,,,
CINCAUT,1,tier4,,,vivc confirmed,,,,
CJANORIE,1,tier4,,,lac emanuelli 2020,,,,
COMPLETER,1,tier4,,,vivc confirmed,,,,
CORAZÓN DE CABRITO,1,tier4,,,laucou 2018,,,,
CORNALLIN,1,tier4,,,lac emanuelli 2020,,,,
CREPOLINO,1,tier4,,,vivc confirmed,,,,
DATTIER DE BEYROUTH = AFUZ ALI ALMEIDA 31‐54‐41,1,tier4,,,lacombe 2013,,,,
DATTIER DE BEYROUTH = AFUZ ALI LIGNAN,1,tier4,,,lacombe 2013,,,,
DATTIER DE BEYROUTH = AFUZ ALI SULTANA MOSCATA = PIROVANO 75,1,tier4,,,lacombe 2013,,,,
DAVS B 46-43,1,tier4,,,vivc confirmed,,,,
DEKORATIVNII,1,tier4,,,vivc confirmed,,,,
DIZMARI,1,tier4,,,vivc confirmed,,,,
DIZMARY,1,tier4,,,vivc confirmed,,,,
DLINNOKHVOSTY,1,tier4,,,lacombe 2013,,,,
DOMINA = GEILWEILERHOF 4‐25‐7 PINOT,1,tier4,,,lacombe 2013,,,,
DONA MARIA = LEAO FERREIRA DA MUSCAT D'ALEXANDRIE,1,tier4,,,lacombe 2013,,,,
DURAGUZA,1,tier4,,,vivc confirmed,,,,
ELBING,1,tier4,,,vivc confirmed,,,,
ERBISEDDA (CARCAJOLO BLANC),1,tier4,,,lac emanuelli 2020,,,,
ESCURSACH,1,tier4,,,lac emanuelli 2020,,,,
EXCURSACH,1,tier4,,,vivc confirmed,,,,
F AK CHEKEREK,1,tier4,,,lacombe 2013,,,,
F BEST'S R2 V73,1,tier4,,,lacombe 2013,,,,
F BORRAÇAL,1,tier4,,,lacombe 2013,,,,
F BOUQUETTRAUBE,1,tier4,,,lacombe 2013,,,,
F BÉQUIGNOL,1,tier4,,,lacombe 2013,,,,
F DIMIAT,1,tier4,,,lacombe 2013,,,,
F FERRAL = PRUNESTA ROSSO VIOLACEA,1,tier4,,,lacombe 2013,,,,
F GLACIÈRE,1,tier4,,,lacombe 2013,,,,
F JELUDOVII,1,tier4,,,lacombe 2013,,,,
F LIGNAN,1,tier4,,,lacombe 2013,,,,
F LIMBERGER = BLAUFRÄNKISCH,1,tier4,,,lacombe 2013,,,,
F MADELEINE SALOMON = AGOSTENGA BLANC,1,tier4,,,lacombe 2013,,,,
F NAOSÉ,1,tier4,,,lacombe 2013,,,,
F PLAVAÏ,1,tier4,,,lacombe 2013,,,,
F SAINT‐LAURENT,1,tier4,,,lacombe 2013,,,,
F SCHABASCHE,1,tier4,,,lacombe 2013,,,,
F TORTOZON,1,tier4,,,lacombe 2013,,,,
F VALDERBARA,1,tier4,,,lacombe 2013,,,,
F VINHÃO = SOUZAO,1,tier4,,,lacombe 2013,,,,
F VRADYANO,1,tier4,,,lacombe 2013,,,,
FARBFRÄNKISCH,1,tier4,,,lacombe 2013,,,,
FARELLA,1,tier4,,,vivc confirmed,,,,
FEHER KÖVIDINKA (COLLECTION BERBECEL = APROFEHER,1,tier4,,,lacombe 2013,,,,
FERLÉ DE PEGÕES = LEAO FERREIRA DA FERRAL TAMARA,1,tier4,,,lacombe 2013,,,,
FERRAL = PRUNESTA ROSSO VIOLACEA,1,tier4,,,vivc confirmed,,,,
FERRAL = PRUNESTA ROSSO VIOLACEA ASSOUAD KARECH,1,tier4,,,lacombe 2013,,,,
FERRAL = PRUNESTA ROSSO VIOLACEA UVA SOGRA,1,tier4,,,lacombe 2013,,,,
FLA. P9-15,1,tier4,,,vivc confirmed,,,,
FOGENEU,1,tier4,,,vivc confirmed,,,,
FOLGASÃO,1,tier4,,,laucou 2018,,,,
FORTH WORTH #3,1,tier4,,,vivc confirmed,,,,
FORTUNATO,1,tier4,,,laucou 2018,,,,
FRANCO),1,tier4,,,lacombe 2013,,,,
FRANKENTHAL = SCHIAVA GROSSA DELIZIA DI VAPRIO = PIROVANO 46 A,1,tier4,,,lacombe 2013,,,,
FRUEHBURGUNDER,1,tier4,,,vivc confirmed,,,,
G1590C32458,1,tier4,,,ssr oliveira,,,,
GALLURA ZENNI DE DAMASCO (SPAIN),1,tier4,,,laucou 2018,,,,
GALOPPU,1,tier4,,,vivc confirmed,,,,
GAN),1,tier4,,,lacombe 2013,,,,
GASCON_FRA,1,tier4,,,lac emanuelli 2020,,,,
GERKULES,1,tier4,,,vivc confirmed,,,,
GIBI,1,tier4,,,vivc confirmed,,,,
GIBRALTAR NOIR (COLLECTION OBERLIN) BLACK MOROCCO,1,tier4,,,lacombe 2013,,,,
GIERNEOLAT,1,tier4,,,vivc confirmed,,,,
GOETH #,1,tier4,,,ssr oliveira,,,,
GOUAIS B,1,tier4,,,vivc confirmed,,,,
GOUAIS BLANC = HEUNISCH WEISS CABERNET FRANC,1,tier4,,,lacombe 2013,,,,
GOUAIS BLANC = HEUNISCH WEISS SAVAGNIN = TRAMINER,1,tier4,,,lacombe 2013,,,,
GRADISKA = MORANET,1,tier4,,,lacombe 2013,,,,
GRANATZA,1,tier4,,,vivc confirmed,,,,
GUIFEIMEIGUI,1,tier4,,,liang 2019,,,,
H 4.49.69,1,tier4,,,ssr oliveira,,,,
HONGWUZILU 60-33,1,tier4,,,liang 2019,,,,
HÖLDER = WE S 397,1,tier4,,,lacombe 2013,,,,
IAC     16-  2,1,tier4,,,vivc confirmed,,,,
IAC     74-  2,1,tier4,,,vivc confirmed,,,,
IAC 0016-02,1,tier4,,,ssr oliveira,,,,
IAC 0023-08,1,tier4,,,ssr oliveira,,,,
IAC 0031-01,1,tier4,,,ssr oliveira,,,,
IAC 0074-02,1,tier4,,,ssr oliveira,,,,
IAC 0082-01,1,tier4,,,ssr oliveira,,,,
IAC 0137-04,1,tier4,,,ssr oliveira,,,,
IAC 0141-51,1,tier4,,,ssr oliveira,,,,
IAC 0158-12,1,tier4,,,ssr oliveira,,,,
IAC 0192-54,1,tier4,,,ssr oliveira,,,,
IAC 0202-28,1,tier4,,,ssr oliveira,,,,
IAC 0202-43,1,tier4,,,ssr oliveira,,,,
IAC 0211-2,1,tier4,,,ssr oliveira,,,,
IAC 0233,1,tier4,,,ssr oliveira,,,,
IAC 0274-16,1,tier4,,,ssr oliveira,,,,
IAC 0274-21,1,tier4,,,ssr oliveira,,,,
IAC 0282,1,tier4,,,ssr oliveira,,,,
IAC 0338-04,1,tier4,,,ssr oliveira,,,,
IAC 0339-03,1,tier4,,,ssr oliveira,,,,
IAC 0341-02,1,tier4,,,ssr oliveira,,,,
IAC 0351-05,1,tier4,,,ssr oliveira,,,,
IAC 0353-03,1,tier4,,,ssr oliveira,,,,
IAC 0387,1,tier4,,,ssr oliveira,,,,
IAC 0393-04,1,tier4,,,ssr oliveira,,,,
IAC 0393-05,1,tier4,,,ssr oliveira,,,,
IAC 0403-01,1,tier4,,,ssr oliveira,,,,
IAC 0405-06,1,tier4,,,ssr oliveira,,,,
IAC 0408-01,1,tier4,,,ssr oliveira,,,,
IAC 0457-11  IRACEMA,1,tier4,,,ssr oliveira,,,,
IAC 0460-01,1,tier4,,,ssr oliveira,,,,
IAC 0473-07,1,tier4,,,ssr oliveira,,,,
IAC 0486-03,1,tier4,,,ssr oliveira,,,,
IAC 0496-15,1,tier4,,,ssr oliveira,,,,
IAC 0504-01,1,tier4,,,ssr oliveira,,,,
IAC 0510-08,1,tier4,,,ssr oliveira,,,,
IAC 0512-11,1,tier4,,,ssr oliveira,,,,
IAC 0544-14,1,tier4,,,ssr oliveira,,,,
IAC 0547-02,1,tier4,,,ssr oliveira,,,,
IAC 0574-01,1,tier4,,,ssr oliveira,,,,
IAC 0583-03,1,tier4,,,ssr oliveira,,,,
IAC 0584-53,1,tier4,,,ssr oliveira,,,,
IAC 0588-12 #,1,tier4,,,ssr oliveira,,,,
IAC 0589-02,1,tier4,,,ssr oliveira,,,,
IAC 0592-01,1,tier4,,,ssr oliveira,,,,
IAC 0594-03,1,tier4,,,ssr oliveira,,,,
IAC 0670-01,1,tier4,,,ssr oliveira,,,,
IAC 0671-01,1,tier4,,,ssr oliveira,,,,
IAC 0699-01,1,tier4,,,ssr oliveira,,,,
IAC 0720-01,1,tier4,,,ssr oliveira,,,,
IAC 0730-01,1,tier4,,,ssr oliveira,,,,
IAC 0733-39,1,tier4,,,ssr oliveira,,,,
IAC 0740-01,1,tier4,,,ssr oliveira,,,,
IAC 0746-03,1,tier4,,,ssr oliveira,,,,
IAC 0762-08,1,tier4,,,ssr oliveira,,,,
IAC 0768-02,1,tier4,,,ssr oliveira,,,,
IAC 0772-41,1,tier4,,,ssr oliveira,,,,
IAC 0778-04,1,tier4,,,ssr oliveira,,,,
IAC 0804-13,1,tier4,,,ssr oliveira,,,,
IAC 0813-01,1,tier4,,,ssr oliveira,,,,
IAC 0822-21,1,tier4,,,ssr oliveira,,,,
IAC 0860-05,1,tier4,,,ssr oliveira,,,,
IAC 0861-03,1,tier4,,,ssr oliveira,,,,
IAC 0862-10,1,tier4,,,ssr oliveira,,,,
IAC 0871-18,1,tier4,,,ssr oliveira,,,,
IAC 0871-41 PATRÍCIA,1,tier4,,,ssr oliveira,,,,
IAC 0877-02,1,tier4,,,ssr oliveira,,,,
IAC 0882-11,1,tier4,,,ssr oliveira,,,,
IAC 0901-01,1,tier4,,,ssr oliveira,,,,
IAC 0903-15,1,tier4,,,ssr oliveira,,,,
IAC 0903-47,1,tier4,,,ssr oliveira,,,,
IAC 0904-11,1,tier4,,,ssr oliveira,,,,
IAC 0904-30,1,tier4,,,ssr oliveira,,,,
IAC 0904-41,1,tier4,,,ssr oliveira,,,,
IAC 0904-47,1,tier4,,,ssr oliveira,,,,
IAC 0905-01,1,tier4,,,ssr oliveira,,,,
IAC 0911-02,1,tier4,,,ssr oliveira,,,,
IAC 0915-02,1,tier4,,,ssr oliveira,,,,
IAC 0918-52,1,tier4,,,ssr oliveira,,,,
IAC 0960-11,1,tier4,,,ssr oliveira,,,,
IAC 0966-01,1,tier4,,,ssr oliveira,,,,
IAC 0994-07,1,tier4,,,ssr oliveira,,,,
IAC 1025-17,1,tier4,,,ssr oliveira,,,,
IAC 1117-06,1,tier4,,,ssr oliveira,,,,
IAC 1135-01,1,tier4,,,ssr oliveira,,,,
IAC 1193 #,1,tier4,,,ssr oliveira,,,,
IAC 1238-08,1,tier4,,,ssr oliveira,,,,
IAC 138-22 MÁXIMO,1,tier4,,,ssr oliveira,,,,
IAC 1398-21 TRAVIÚ,1,tier4,,,ssr oliveira,,,,
IAC 1410-04,1,tier4,,,ssr oliveira,,,,
IAC 1490-02,1,tier4,,,ssr oliveira,,,,
IAC 1595-02 LÍGIA,1,tier4,,,ssr oliveira,,,,
IAC 1848-04,1,tier4,,,ssr oliveira,,,,
IAC 1848-11,1,tier4,,,ssr oliveira,,,,
IAC 1851-02,1,tier4,,,ssr oliveira,,,,
IAC 1897-16,1,tier4,,,ssr oliveira,,,,
IAC 571-6 JUNDIAÍ,1,tier4,,,ssr oliveira,,,,
IAC 960-12,1,tier4,,,ssr oliveira,,,,
IGAWA 0682,1,tier4,,,ssr oliveira,,,,
ISABELÃO,1,tier4,,,ssr oliveira,,,,
ITALA,1,tier4,,,vivc confirmed,,,,
ITALIANA #,1,tier4,,,ssr oliveira,,,,
ITÁLIA,1,tier4,,,ssr oliveira,,,,
IUSANA,1,tier4,,,lac emanuelli 2020,,,,
J 7601-96,1,tier4,,,ssr oliveira,,,,
J 7602-44,1,tier4,,,ssr oliveira,,,,
J 7602-66,1,tier4,,,ssr oliveira,,,,
J 7604-15,1,tier4,,,ssr oliveira,,,,
JELUDOVII,1,tier4,,,ssr lacombe,,,,
JINGCHUAN682,1,tier4,,,liang 2019,,,,
KAKOTRYGHIS,1,tier4,,,lac emanuelli 2020,,,,
KARDINSHAKH,1,tier4,,,vivc confirmed,,,,
KARKEIA OIR,1,tier4,,,vivc confirmed,,,,
KATTA‐KOURGAN,1,tier4,,,lacombe 2013,,,,
KEHLIBAR,1,tier4,,,vivc confirmed,,,,
KEROZENE,1,tier4,,,ssr oliveira,,,,
KOVIDINKA,1,tier4,,,lac emanuelli 2020,,,,
KRAKHOUNA,1,tier4,,,lac emanuelli 2020,,,,
KRATOSIA,1,tier4,,,vivc confirmed,,,,
KRATOSJIA,1,tier4,,,vivc confirmed,,,,
KRIVALJABIJELA,1,tier4,,,vivc confirmed,,,,
KYOHOU,1,tier4,,,vivc confirmed,,,,
KÉKNYELÜ,1,tier4,,,laucou 2018,,,,
LAMPANZONA,1,tier4,,,lac emanuelli 2020,,,,
LEGIRUELA,1,tier4,,,vivc confirmed,,,,
LN 33 OR LLYOD’S NUMBER 33,1,tier4,,,ssr migliaro,,,,
LÍBANO #,1,tier4,,,ssr oliveira,,,,
M 6-68-27,1,tier4,,,vivc confirmed,,,,
M1,1,tier4,,,ssr migliaro,,,,
M2,1,tier4,,,ssr migliaro,,,,
M3,1,tier4,,,ssr migliaro,,,,
M4,1,tier4,,,ssr migliaro,,,,
MADELEINE SALOMON = AGOSTENGA MAGDALENA,1,tier4,,,lacombe 2013,,,,
MAGARACSI CSEMEGE,1,tier4,,,vivc confirmed,,,,
MAGARACSI CSEMEGE III,1,tier4,,,vivc confirmed,,,,
MAGARATCH 56,1,tier4,,,lacombe 2013,,,,
MAHDOUI,1,tier4,,,vivc confirmed,,,,
MAI  3,1,tier4,,,vivc confirmed,,,,
MAI_3,1,tier4,,,laucou 2018,,,,
MALBECH (COT),1,tier4,,,lac emanuelli 2020,,,,
MALVASIA RASTEIRO = MANTHEUDO ARINTO DO DÃO,1,tier4,,,lacombe 2013,,,,
MALVASIA RASTEIRO = MANTHEUDO RABIGATO,1,tier4,,,lacombe 2013,,,,
MANCENS = GIRÓ DE BALEARES,1,tier4,,,laucou 2018,,,,
MANTHEUDO,1,tier4,,,vivc confirmed,,,,
MARIENSTEINER = WÜRZBURG B 51‐7‐ SYLVANER,1,tier4,,,lacombe 2013,,,,
MARMAJUELO,1,tier4,,,vivc confirmed,,,,
MASE 8,1,tier4,,,vivc confirmed,,,,
MENCÍA,1,tier4,,,laucou 2018,,,,
MERBEIN),1,tier4,,,lacombe 2013,,,,
MG 41 B,1,tier4,,,vivc confirmed,,,,
MIRNII,1,tier4,,,vivc confirmed,,,,
MISHAN3,1,tier4,,,liang 2019,,,,
MLAVASIA VOLCÁNICA,1,tier4,,,laucou 2018,,,,
MONDRAGÓN,1,tier4,,,laucou 2018,,,,
MONSTRUOSA,1,tier4,,,laucou 2018,,,,
MORIOT MUSKAT = GEILWEILERHOF I‐ SYLVANER,1,tier4,,,lacombe 2013,,,,
MORÉ,1,tier4,,,laucou 2018,,,,
MOSCATEL ROSA = LEAO FERREIRA DA FERRAL TAMARA,1,tier4,,,lacombe 2013,,,,
MOSCATO VIOLETTO (MUSCAT ROUGE DE MADÈRE),1,tier4,,,lac emanuelli 2020,,,,
MOUCHKETNY FAUX (COLLECTION MUSCAT ROUGE DE MADÈRE = MUSCAT D'EISENSTADT,1,tier4,,,lacombe 2013,,,,
MOURATION,1,tier4,,,lac emanuelli 2020,,,,
MOURVÈDRE GOULÉ,1,tier4,,,laucou 2018,,,,
MURISTELLU,1,tier4,,,vivc confirmed,,,,
MUSCADELLE DU BORDELAIS FAUX GRENACHE = GARNACHA,1,tier4,,,lacombe 2013,,,,
MUSSCAT DE HAMBOURG,1,tier4,,,vivc confirmed,,,,
MÜLLER-THURGAU,1,tier4,,,laucou 2018,,,,
NAVA = SPIEGEL‐ROY 3/70‐28 ALPHONSE LAVALLÉE,1,tier4,,,lacombe 2013,,,,
ND ALII TIERSKII,1,tier4,,,lacombe 2013,,,,
ND TORRES S.A.),1,tier4,,,lacombe 2013,,,,
NEBBIOLLO,1,tier4,,,ssr oliveira,,,,
NEGRODOLCE,1,tier4,,,lac emanuelli 2020,,,,
N°18,1,tier4,,,lacombe 2013,,,,
OCCHI DI LEPRE,1,tier4,,,lac emanuelli 2020,,,,
ODES'KII STIIKII,1,tier4,,,vivc confirmed,,,,
ODESKII STIIKII,1,tier4,,,vivc confirmed,,,,
OPPENHEIM),1,tier4,,,lacombe 2013,,,,
ORSOLINA,1,tier4,,,lac emanuelli 2020,,,,
ORTEGA = WÜRZBURG B 48‐21‐4 SIEGERREBE = SCHEU 7957,1,tier4,,,lacombe 2013,,,,
OVIDIOPOL'SKII,1,tier4,,,vivc confirmed,,,,
PANNONIAN,1,tier4,,,liang 2019,,,,
PANSALE,1,tier4,,,vivc confirmed,,,,
PANSALET,1,tier4,,,marker support,,,,
PANSERA,1,tier4,,,laucou 2018,,,,
PAOLINA,1,tier4,,,lac emanuelli 2020,,,,
PAPAZKARASI,1,tier4,,,laucou 2018,,,,
PARDILLA,1,tier4,,,laucou 2018,,,,
PARENT 2 IS MOST LIKELY EXTINCT,1,tier4,,,vivc confirmed,,,,
PATTARESCA,1,tier4,,,lac emanuelli 2020,,,,
PEDILONGO,1,tier4,,,lac emanuelli 2020,,,,
PERIDAC,1,tier4,,,vivc confirmed,,,,
PLANT DE CERVERA‐ 06‐B‐1 GIBI = HEBÉN,1,tier4,,,lacombe 2013,,,,
PLANT DE CHAUDEFONDS 53 GOUAIS BLANC = HEUNISCH WEISS (FARDEAU),1,tier4,,,lacombe 2013,,,,
PLANT DE QUEROL 98‐N‐2 (COLLECTION PLANT DE VIC 98‐N‐1 (COLLECTION PLANT DE VIC 98‐N‐4 (COLLECTION TORRES S.A.),1,tier4,,,lacombe 2013,,,,
PORTUGAL #,1,tier4,,,ssr oliveira,,,,
Q 25-6,1,tier4,,,liang 2019,,,,
QUAIARA,1,tier4,,,vivc confirmed,,,,
RAISINE,1,tier4,,,vivc confirmed,,,,
REDGLOBE,1,tier4,,,vivc confirmed,,,,
RIESLANER = WÜRZBURG NI 11‐17 MÜLLER‐THURGAU,1,tier4,,,lacombe 2013,,,,
RIESLANER = WÜRZBURG NI 11‐17 SYLVANER,1,tier4,,,lacombe 2013,,,,
RIMINÈSE,1,tier4,,,laucou 2018,,,,
RIPÁRIA DO TRAVIÚ (106-8 MGT),1,tier4,,,ssr oliveira,,,,
RIVAIRENC,1,tier4,,,vivc confirmed,,,,
ROCIA,1,tier4,,,laucou 2018,,,,
ROMEÏKO,1,tier4,,,laucou 2018,,,,
ROSA DEL PERU = BLACK PRINCE MISSION = PAIS,1,tier4,,,lacombe 2013,,,,
RUBINTRAUBE,1,tier4,,,vivc confirmed,,,,
RUBLIANDE,1,tier4,,,vivc confirmed,,,,
RUCHÉ,1,tier4,,,lac emanuelli 2020,,,,
RULAENDER,1,tier4,,,vivc confirmed,,,,
S.V. 12-375,1,tier4,,,vivc confirmed,,,,
S.V. 12375,1,tier4,,,vivc confirmed,,,,
SABATÉ,1,tier4,,,lacombe 2013,,,,
SAINT-EMILION,1,tier4,,,vivc confirmed,,,,
SAMOURIAU,1,tier4,,,vivc confirmed,,,,
SARFEHÉR,1,tier4,,,lacombe 2013,,,,
SATURNO,1,tier4,,,ssr oliveira,,,,
SAVAGNIN=TRAMINER,1,tier4,,,vivc confirmed,,,,
SEINOR,1,tier4,,,vivc confirmed,,,,
SELECT (OBTENTION ROUMANIE) BICANE,1,tier4,,,lacombe 2013,,,,
SEVERNII,1,tier4,,,vivc confirmed,,,,
SEVERNYJ,1,tier4,,,vivc confirmed,,,,
SEVVAL,1,tier4,,,vivc confirmed,,,,
SEÑÁ,1,tier4,,,laucou 2018,,,,
SIGNURINA,1,tier4,,,lac emanuelli 2020,,,,
SLARINA,1,tier4,,,lac emanuelli 2020,,,,
SO 4,1,tier4,,,ssr migliaro,,,,
SO4 #,1,tier4,,,ssr oliveira,,,,
SOUSÃO,1,tier4,,,laucou 2018,,,,
SPAETBURGUNDER,1,tier4,,,vivc confirmed,,,,
SR 496-09,1,tier4,,,ssr oliveira,,,,
SR 496-15 (DR. JÚLIO),1,tier4,,,ssr oliveira,,,,
SR 496-25,1,tier4,,,ssr oliveira,,,,
SR 501-17,1,tier4,,,ssr oliveira,,,,
SR 501-33,1,tier4,,,ssr oliveira,,,,
SR 5010-08,1,tier4,,,ssr oliveira,,,,
SR 5010-21,1,tier4,,,ssr oliveira,,,,
SR 5012-34 (DONA EMÍLIA),1,tier4,,,ssr oliveira,,,,
SR 507-08,1,tier4,,,ssr oliveira,,,,
SR 507.38,1,tier4,,,ssr oliveira,,,,
ST.LAURENT,1,tier4,,,vivc confirmed,,,,
STAPHIDAMPELO,1,tier4,,,laucou 2018,,,,
STEPHIDAMPELOS,1,tier4,,,lac emanuelli 2020,,,,
SZEREMI ZÖLD,1,tier4,,,lacombe 2013,,,,
SÉMILLON,1,tier4,,,ssr oliveira,,,,
TARRAGONÍ,1,tier4,,,laucou 2018,,,,
TCHATYRBAK,1,tier4,,,lacombe 2013,,,,
TCHERNY OSENNY,1,tier4,,,lacombe 2013,,,,
TEMPRANILLA BLANCA = SANTA MAYORQUIN = FARANA,1,tier4,,,lacombe 2013,,,,
TERESITA = DALMASSO XVIII‐24 MUSCAT DE HAMBOURG,1,tier4,,,lacombe 2013,,,,
TIETA (SUFFOLK RED),1,tier4,,,ssr oliveira,,,,
TINTA TINTO (COLLECTION SOARÈS GRENACHE = GARNACHA,1,tier4,,,lacombe 2013,,,,
TOGNONA,1,tier4,,,lac emanuelli 2020,,,,
TORBATO,1,tier4,,,lac emanuelli 2020,,,,
TORRES S.A.),1,tier4,,,lacombe 2013,,,,
TORTOZÓN,1,tier4,,,laucou 2018,,,,
TOURIGANCA,1,tier4,,,lac emanuelli 2020,,,,
TOZOT,1,tier4,,,vivc confirmed,,,,
TZIMLIANSKY BELYE,1,tier4,,,vivc confirmed,,,,
UGILLINA,1,tier4,,,lac emanuelli 2020,,,,
UNKNOWN,1,tier4,,,vivc confirmed,,,,
UVA DE REY,1,tier4,,,laucou 2018,,,,
UVA DEI VECCHI,1,tier4,,,vivc confirmed,,,,
UVA DEL FANTINI,1,tier4,,,lac emanuelli 2020,,,,
V- VINIVERA,1,tier4,,,vivc confirmed,,,,
V.VINIFERA,1,tier4,,,vivc confirmed,,,,
V.VINIVERA,1,tier4,,,vivc confirmed,,,,
VERDECA,1,tier4,,,vivc confirmed,,,,
VERDECA (LAGORTHI),1,tier4,,,lac emanuelli 2020,,,,
VERDICHIO,1,tier4,,,ssr oliveira,,,,
VIJIRIEGA,1,tier4,,,laucou 2018,,,,
VILLENAVE,1,tier4,,,ssr oliveira,,,,
VINHÃO,1,tier4,,,laucou 2018,,,,
VINHÃO = SOUZAO,1,tier4,,,ssr lacombe,,,,
VINTAIU,1,tier4,,,lac emanuelli 2020,,,,
VIOGNER,1,tier4,,,ssr oliveira,,,,
VOLGA DON,1,tier4,,,liang 2019,,,,
VR 039- 16,1,tier4,,,ssr oliveira,,,,
VÊNUS,1,tier4,,,ssr oliveira,,,,
WILDBACHER DE HONGRIE (COLLECTION FERRAL = PRUNESTA ROSSO VIOLACEA RAVAZ),1,tier4,,,lacombe 2013,,,,
XINISTERI,1,tier4,,,vivc confirmed,,,,
XINOMAVRO,1,tier4,,,lac emanuelli 2020,,,,
YAGHOOTI,1,tier4,,,vivc confirmed,,,,
YAGHUTI,1,tier4,,,vivc confirmed,,,,
YKA,1,tier4,,,ssr lacombe,,,,
YUNIBARASEBUN,1,tier4,,,liang 2019,,,,
ZAOMANAO,1,tier4,,,liang 2019,,,,
ZEMOASA,1,tier4,,,laucou 2018,,,,
ZINFANDEL #,1,tier4,,,ssr oliveira,,,,
