child_variety,parent_variety,parent_role,evidence_type,marker_type,n_markers,lod_score,study_reference,doi,confirmed_year,confidence_level,notes
ABONDANT,KÖVIDINKA,Parent 1,SSR,SSR,20,33.14,Lacombe et al. 2013,10.1007/s00122-012-1988-2,2013,confirmed,Half validation of breeder's data. Confirmation of prior publication: IFV 2007 | nSSR: 20/0
ABONDANT,MADELEINE ROYALE,Parent 2,SSR,SSR,20,33.14,Lacombe et al. 2013,10.1007/s00122-012-1988-2,2013,confirmed,Half validation of breeder's data. Confirmation of prior publication: IFV 2007 | nSSR: 20/0
ADMIRABLE DE COURTILLER,BICANE,Parent 1,SSR,SSR,20,33.65,Lacombe et al. 2013,10.1007/s00122-012-1988-2,2013,confirmed,No information on the original cross. Confirmation of prior publication: IFV 2007; Ibañez 2009 | nSSR: 20/0
ADMIRABLE DE COURTILLER,F CHASSELAS,Parent 2,SSR,SSR,20,33.65,Lacombe et al. 2013,10.1007/s00122-012-1988-2,2013,confirmed,No information on the original cross. Confirmation of prior publication: IFV 2007; Ibañez 2009 | nSSR: 20/0
AETONYCHI MAVRO,KONTEGALO,Parent 1,SSR,SSR,20,35.8,Lacombe et al. 2013,10.1007/s00122-012-1988-2,2013,probable,nSSR: 20/1
AETONYCHI MAVRO,F HEPTAKILO,Parent 2,SSR,SSR,20,35.8,Lacombe et al. 2013,10.1007/s00122-012-1988-2,2013,probable,nSSR: 20/1
AGAPANTHE,SCHIRAS DR. HOUDBINE,Parent 1,SSR,SSR,20,40.59,Lacombe et al. 2013,10.1007/s00122-012-1988-2,2013,confirmed,nSSR: 20/0
AGAPANTHE,F CHASSELAS,Parent 2,SSR,SSR,20,40.59,Lacombe et al. 2013,10.1007/s00122-012-1988-2,2013,confirmed,nSSR: 20/0
AGOSTENGA ROSSA = PIROVANO 14 BELLINO,F PRÉCOCE DE MALINGRE,Parent 1,SSR,SSR,20,38.67,Lacombe et al. 2013,10.1007/s00122-012-1988-2,2013,confirmed,Validation of breeder's data. | nSSR: 20/0
AÏDA = PIROVANO 233,FRANKENTHAL = SCHIAVA GROSSA DELIZIA DI VAPRIO = PIROVANO 46 A,Parent 1,SSR,SSR,20,37.89,Lacombe et al. 2013,10.1007/s00122-012-1988-2,2013,confirmed,Validation of breeder's data. | nSSR: 20/0
AÏN EL BOUMA,OLIVETTE BLANCHE,Parent 1,SSR,SSR,20,32.6,Lacombe et al. 2013,10.1007/s00122-012-1988-2,2013,confirmed,nSSR: 20/0
AÏN EL BOUMA,F UGNI BLANC = TREBBIANO TOSCANO,Parent 2,SSR,SSR,20,32.6,Lacombe et al. 2013,10.1007/s00122-012-1988-2,2013,confirmed,nSSR: 20/0
AÏT HAMAMA,AMOKRANE,Parent 1,SSR,SSR,20,42.32,Lacombe et al. 2013,10.1007/s00122-012-1988-2,2013,confirmed,Confirmation of prior publication: Riahi 2010 | nSSR: 20/0
AÏT HAMAMA,AREKAK,Parent 2,SSR,SSR,20,42.32,Lacombe et al. 2013,10.1007/s00122-012-1988-2,2013,confirmed,Confirmation of prior publication: Riahi 2010 | nSSR: 20/0
ALARIJE = SUBIRAT PARENT,GIBI = HEBÉN,Parent 1,SSR,SSR,20,34.94,Lacombe et al. 2013,10.1007/s00122-012-1988-2,2013,confirmed,Confirmation of prior publication: Lacombe 2007 | nSSR: 20/0
ALARIJE = SUBIRAT PARENT,F TORTOZON,Parent 2,SSR,SSR,20,34.94,Lacombe et al. 2013,10.1007/s00122-012-1988-2,2013,confirmed,Confirmation of prior publication: Lacombe 2007 | nSSR: 20/0
ALBA IMPUTOTATO,SARFEHÉR,Parent 1,SSR,SSR,20,30.23,Lacombe et al. 2013,10.1007/s00122-012-1988-2,2013,probable,nSSR: 19/1
ALBA IMPUTOTATO,F HAMVAS,Parent 2,SSR,SSR,20,30.23,Lacombe et al. 2013,10.1007/s00122-012-1988-2,2013,probable,nSSR: 19/1
ALICANTE BLANC FAUX,FRANKENTHAL = SCHIAVA GROSSA FRANKENTHAL = SCHIAVA GROSSA,Parent 1,SSR,SSR,20,45.46,Lacombe et al. 2013,10.1007/s00122-012-1988-2,2013,confirmed,nSSR: 20/0
ALICANTE BRANCO TYPE 2,MALVASIA RASTEIRO = MANTHEUDO RABIGATO,Parent 1,SSR,SSR,20,43.14,Lacombe et al. 2013,10.1007/s00122-012-1988-2,2013,confirmed,Alternative. | nSSR: 20/0
ALICANTE BRANCO TYPE 2,SIRIA = CODEGA,Parent 1,SSR,SSR,20,43.14,Lacombe et al. 2013,10.1007/s00122-012-1988-2,2013,confirmed,Alternative. | nSSR: 20/0
ALICANTE BRANCO TYPE 2,RABIGATO,Parent 2,SSR,SSR,20,43.14,Lacombe et al. 2013,10.1007/s00122-012-1988-2,2013,confirmed,Alternative. | nSSR: 20/0
ALICANTE HENRI BOUSCHET,GRENACHE = GARNACHA,Parent 1,SSR,SSR,20,33.35,Lacombe et al. 2013,10.1007/s00122-012-1988-2,2013,confirmed,Validation of breeder's data. Confirmation of prior publication: Cabezas 2003; Cipriani 2010 | nSSR: 20/0
ALICANTE HENRI BOUSCHET,PETIT BOUSCHET,Parent 2,SSR,SSR,20,33.35,Lacombe et al. 2013,10.1007/s00122-012-1988-2,2013,confirmed,Validation of breeder's data. Confirmation of prior publication: Cabezas 2003; Cipriani 2010 | nSSR: 20/0
ALIGOTÉ,PINOT,Parent 1,SSR,SSR,20,39.21,Lacombe et al. 2013,10.1007/s00122-012-1988-2,2013,confirmed,"Confirmation of prior publication: Bowers 1998 and 1999, | nSSR: 20/0"
ALIGOTÉ,GOUAIS BLANC = HEUNISCH WEISS,Parent 2,SSR,SSR,20,39.21,Lacombe et al. 2013,10.1007/s00122-012-1988-2,2013,confirmed,"Confirmation of prior publication: Bowers 1998 and 1999, | nSSR: 20/0"
ALNWICK SEEDLING,BLACK MOROCCO,Parent 1,SSR,SSR,20,45.07,Lacombe et al. 2013,10.1007/s00122-012-1988-2,2013,confirmed,Half validation of breeder's data. | nSSR: 20/0
ALNWICK SEEDLING,F FRANKENTHAL = SCHIAVA GROSSA,Parent 2,SSR,SSR,20,45.07,Lacombe et al. 2013,10.1007/s00122-012-1988-2,2013,confirmed,Half validation of breeder's data. | nSSR: 20/0
ALPHONSE LAVALLÉE,MUSCAT DE HAMBOURG,Parent 1,SSR,SSR,20,36.2,Lacombe et al. 2013,10.1007/s00122-012-1988-2,2013,confirmed,No information on the original cross. Confirmation of prior publication: Ibañez 2009; Myles 2011 | nSSR: 20/0
ALPHONSE LAVALLÉE,GROS COLMAN,Parent 2,SSR,SSR,20,36.2,Lacombe et al. 2013,10.1007/s00122-012-1988-2,2013,confirmed,No information on the original cross. Confirmation of prior publication: Ibañez 2009; Myles 2011 | nSSR: 20/0
ALVAL,ALPHONSE LAVALLÉE,Parent 1,SSR,SSR,20,45.49,Lacombe et al. 2013,10.1007/s00122-012-1988-2,2013,confirmed,Validation of breeder's data. | nSSR: 20/0
ALVAL,DABOUKI,Parent 2,SSR,SSR,20,45.49,Lacombe et al. 2013,10.1007/s00122-012-1988-2,2013,confirmed,Validation of breeder's data. | nSSR: 20/0
ALVINA,SULTANINE,Parent 1,SSR,SSR,20,33.68,Lacombe et al. 2013,10.1007/s00122-012-1988-2,2013,confirmed,Validation of breeder's data. Confirmation of prior publication: Di Vecchi Staraz 2005; Ibañez 2009 | nSSR: 20/0
ALVINA,ALPHONSE LAVALLÉE,Parent 2,SSR,SSR,20,33.68,Lacombe et al. 2013,10.1007/s00122-012-1988-2,2013,confirmed,Validation of breeder's data. Confirmation of prior publication: Di Vecchi Staraz 2005; Ibañez 2009 | nSSR: 20/0
ANCORAT,SAMORIAU,Parent 1,SSR,SSR,20,30.32,Lacombe et al. 2013,10.1007/s00122-012-1988-2,2013,confirmed,nSSR: 20/0
ANCORAT,GOUAIS BLANC = HEUNISCH WEISS,Parent 2,SSR,SSR,20,30.32,Lacombe et al. 2013,10.1007/s00122-012-1988-2,2013,confirmed,nSSR: 20/0
ANGELO PIROVANO = PIROVANO 2 MUSCAT DE HAMBOURG,CHASSELAS,Parent 1,SSR,SSR,20,23.23,Lacombe et al. 2013,10.1007/s00122-012-1988-2,2013,probable,Validation of breeder's data. Confirmation of prior publication: | nSSR: 20/1
ANNAMARIA,PERLE DE CSABA,Parent 1,SSR,SSR,20,39.89,Lacombe et al. 2013,10.1007/s00122-012-1988-2,2013,confirmed,Validation of breeder's data. Confirmation of prior publication: | nSSR: 20/0
ANNAMARIA,DELIZIA DI VAPRIO = PIROVANO 46 A,Parent 2,SSR,SSR,20,39.89,Lacombe et al. 2013,10.1007/s00122-012-1988-2,2013,confirmed,Validation of breeder's data. Confirmation of prior publication: | nSSR: 20/0
ANTÃO VAZ,PARDINA = JAEN BLANCO,Parent 1,SSR,SSR,20,45.25,Lacombe et al. 2013,10.1007/s00122-012-1988-2,2013,confirmed,nSSR: 20/0
ANTÃO VAZ,JOÃO DOMINGOS,Parent 2,SSR,SSR,20,45.25,Lacombe et al. 2013,10.1007/s00122-012-1988-2,2013,confirmed,nSSR: 20/0
ARAGATZI,KHOUSSAÏNÉ BLANC,Parent 1,SSR,SSR,20,32.62,Lacombe et al. 2013,10.1007/s00122-012-1988-2,2013,probable,Validation of breeder's data. | nSSR: 20/1
ARAGATZI,SULTANINE,Parent 2,SSR,SSR,20,32.62,Lacombe et al. 2013,10.1007/s00122-012-1988-2,2013,probable,Validation of breeder's data. | nSSR: 20/1
ARAMON NOIR,OULIVEN,Parent 1,SSR,SSR,20,33.5,Lacombe et al. 2013,10.1007/s00122-012-1988-2,2013,confirmed,Half confirmation of prior publication: Boursiquot 2004 | nSSR: 20/0
ARAMON NOIR,F GOUAIS BLANC = HEUNISCH WEISS,Parent 2,SSR,SSR,20,33.5,Lacombe et al. 2013,10.1007/s00122-012-1988-2,2013,confirmed,Half confirmation of prior publication: Boursiquot 2004 | nSSR: 20/0
ARAMON BLANC DE LA CALMETTE ARAMON,PETIT BOUSCHET,Parent 1,SSR,SSR,20,41.45,Lacombe et al. 2013,10.1007/s00122-012-1988-2,2013,confirmed,Alternative.No information on the original cross. | nSSR: 20/0
ARAMON BLANC DE LA CALMETTE ARAMON,ARAMON NOIR,Parent 1,SSR,SSR,20,48.39,Lacombe et al. 2013,10.1007/s00122-012-1988-2,2013,confirmed,Alternative.No information on the original cross. | nSSR: 20/0
ARANEL,SAINT‐PIERRE DORÉ,Parent 1,SSR,SSR,20,32.71,Lacombe et al. 2013,10.1007/s00122-012-1988-2,2013,confirmed,Validation of breeder's data. Confirmation of prior publication: Di Vecchi Staraz 2005 | nSSR: 20/0
ARANEL,GRENACHE = GARNACHA,Parent 2,SSR,SSR,20,32.71,Lacombe et al. 2013,10.1007/s00122-012-1988-2,2013,confirmed,Validation of breeder's data. Confirmation of prior publication: Di Vecchi Staraz 2005 | nSSR: 20/0
ARDONA,CARDINAL = G 10‐30,Parent 1,SSR,SSR,20,36.81,Lacombe et al. 2013,10.1007/s00122-012-1988-2,2013,confirmed,Validation of breeder's data. | nSSR: 20/0
ARDONA,VERONA = PIROVANO 52,Parent 2,SSR,SSR,20,36.81,Lacombe et al. 2013,10.1007/s00122-012-1988-2,2013,confirmed,Validation of breeder's data. | nSSR: 20/0
ARINARNOA,CABERNET‐SAUVIGNON,Parent 1,SSR,SSR,20,49.79,Lacombe et al. 2013,10.1007/s00122-012-1988-2,2013,confirmed,Invalidation of breeder's data. Confirmation of prior publication: IFV 2007 | nSSR: 20/0
ARINARNOA,TANNAT,Parent 2,SSR,SSR,20,49.79,Lacombe et al. 2013,10.1007/s00122-012-1988-2,2013,confirmed,Invalidation of breeder's data. Confirmation of prior publication: IFV 2007 | nSSR: 20/0
ARINTO DO DÃO,GIBI = HEBÉN,Parent 1,SSR,SSR,20,34.67,Lacombe et al. 2013,10.1007/s00122-012-1988-2,2013,confirmed,Confirmation of prior publication: Lacombe 2010 | nSSR: 20/0
ARINTO DO DÃO,F ALFROCHEIRO PRETO,Parent 2,SSR,SSR,20,34.67,Lacombe et al. 2013,10.1007/s00122-012-1988-2,2013,confirmed,Confirmation of prior publication: Lacombe 2010 | nSSR: 20/0
ARMAS,COARNA ALBA,Parent 1,SSR,SSR,20,41.34,Lacombe et al. 2013,10.1007/s00122-012-1988-2,2013,confirmed,nSSR: 20/0
ARMAS,F FRANCUSE,Parent 2,SSR,SSR,20,41.34,Lacombe et al. 2013,10.1007/s00122-012-1988-2,2013,confirmed,nSSR: 20/0
AROMATICA = PIROVANO 393,MUSCAT DE HAMBOURG,Parent 1,SSR,SSR,20,24.45,Lacombe et al. 2013,10.1007/s00122-012-1988-2,2013,probable,Validation of breeder's data. | nSSR: 20/1
AROMATICA = PIROVANO 393,CICLOPICA = PIROVANO 60,Parent 2,SSR,SSR,20,24.45,Lacombe et al. 2013,10.1007/s00122-012-1988-2,2013,probable,Validation of breeder's data. | nSSR: 20/1
AROMATICA ROSE (COLLECTION CARDINAL = G 10‐30,SULTANINE,Parent 1,SSR,SSR,20,35.44,Lacombe et al. 2013,10.1007/s00122-012-1988-2,2013,confirmed,No information on the original cross. | nSSR: 20/0
AROMATICA ROSE (COLLECTION CARDINAL = G 10‐30,BORDEAUX),Parent 2,SSR,SSR,20,35.44,Lacombe et al. 2013,10.1007/s00122-012-1988-2,2013,confirmed,No information on the original cross. | nSSR: 20/0
AROMRIESLING,RIESLING WEISS,Parent 1,SSR,SSR,20,30.57,Lacombe et al. 2013,10.1007/s00122-012-1988-2,2013,confirmed,Validation of breeder's data. | nSSR: 17/0
AROMRIESLING,MUSCAT PRÉCOCE DE SAUMUR,Parent 2,SSR,SSR,20,30.57,Lacombe et al. 2013,10.1007/s00122-012-1988-2,2013,confirmed,Validation of breeder's data. | nSSR: 17/0
ARPAD = EVÊQUE PROHASZKA,KECSKEMET KINCSE,Parent 1,SSR,SSR,20,40.21,Lacombe et al. 2013,10.1007/s00122-012-1988-2,2013,confirmed,Invalidation of breeder's data. | nSSR: 20/0
ARPAD = EVÊQUE PROHASZKA,MUSCAT D'ALEXANDRIE,Parent 2,SSR,SSR,20,40.21,Lacombe et al. 2013,10.1007/s00122-012-1988-2,2013,confirmed,Invalidation of breeder's data. | nSSR: 20/0
ARRILOBA,SAUVIGNON,Parent 1,SSR,SSR,20,32.52,Lacombe et al. 2013,10.1007/s00122-012-1988-2,2013,confirmed,Validation of breeder's data. | nSSR: 20/0
ARRILOBA,RAFFIAT DE MONCADE,Parent 2,SSR,SSR,20,32.52,Lacombe et al. 2013,10.1007/s00122-012-1988-2,2013,confirmed,Validation of breeder's data. | nSSR: 20/0
ASKÉRI,SULTANINE,Parent 1,SSR,SSR,20,41.25,Lacombe et al. 2013,10.1007/s00122-012-1988-2,2013,confirmed,nSSR: 20/0
ASKÉRI,BLANC D'IRAN (CHARIF),Parent 2,SSR,SSR,20,41.25,Lacombe et al. 2013,10.1007/s00122-012-1988-2,2013,confirmed,nSSR: 20/0
ASPIRAN BOUSCHET,RIVAIRENC = ASPIRAN,Parent 1,SSR,SSR,20,34.48,Lacombe et al. 2013,10.1007/s00122-012-1988-2,2013,confirmed,Validation of breeder's data. | nSSR: 20/0
ASPIRAN BOUSCHET,TEINTURIER,Parent 2,SSR,SSR,20,34.48,Lacombe et al. 2013,10.1007/s00122-012-1988-2,2013,confirmed,Validation of breeder's data. | nSSR: 20/0
ASSARIO BLANC FEMELLE,GIBI = HEBÉN,Parent 1,SSR,SSR,20,38.32,Lacombe et al. 2013,10.1007/s00122-012-1988-2,2013,confirmed,nSSR: 20/0
ASSARIO BLANC FEMELLE,F MUSCAT D'ALEXANDRIE,Parent 2,SSR,SSR,20,38.32,Lacombe et al. 2013,10.1007/s00122-012-1988-2,2013,confirmed,nSSR: 20/0
ATOMIC,CRIOLLA GRANDE SANJUANINA,Parent 1,SSR,SSR,20,31.96,Lacombe et al. 2013,10.1007/s00122-012-1988-2,2013,confirmed,No information on the original cross. F | nSSR: 20/0
ATOMIC,GROS COLMAN,Parent 2,SSR,SSR,20,31.96,Lacombe et al. 2013,10.1007/s00122-012-1988-2,2013,confirmed,No information on the original cross. F | nSSR: 20/0
ATTIKI,BLACK MONUKKA,Parent 1,SSR,SSR,20,48.01,Lacombe et al. 2013,10.1007/s00122-012-1988-2,2013,confirmed,Validation of breeder's data. | nSSR: 20/0
ATTIKI,ALPHONSE LAVALLÉE,Parent 2,SSR,SSR,20,48.01,Lacombe et al. 2013,10.1007/s00122-012-1988-2,2013,confirmed,Validation of breeder's data. | nSSR: 20/0
ATTILA,ROSA MENNA DI VACCA,Parent 1,SSR,SSR,20,30.56,Lacombe et al. 2013,10.1007/s00122-012-1988-2,2013,probable,Validation of breeder's data. | nSSR: 20/1
ATTILA,F MATHIASZ JANOSNE = MATHIASZ 210,Parent 2,SSR,SSR,20,30.56,Lacombe et al. 2013,10.1007/s00122-012-1988-2,2013,probable,Validation of breeder's data. | nSSR: 20/1
AUBIN,GOUAIS BLANC = HEUNISCH WEISS SAVAGNIN = TRAMINER,Parent 1,SSR,SSR,20,37.61,Lacombe et al. 2013,10.1007/s00122-012-1988-2,2013,confirmed,Confirmation of prior publication: Bowers 1998 | nSSR: 20/0
AUBIN VERT,PINOT,Parent 1,SSR,SSR,20,31.97,Lacombe et al. 2013,10.1007/s00122-012-1988-2,2013,confirmed,Confirmation of prior publication: Bowers 1998 and 1999 | nSSR: 20/0
AUBIN VERT,GOUAIS BLANC = HEUNISCH WEISS,Parent 2,SSR,SSR,20,31.97,Lacombe et al. 2013,10.1007/s00122-012-1988-2,2013,confirmed,Confirmation of prior publication: Bowers 1998 and 1999 | nSSR: 20/0
AUGUSTA (NEAGU‐GEORGESCU) REINE DES VIGNES,ITALIA = PIROVANO 65,Parent 1,SSR,SSR,20,31.23,Lacombe et al. 2013,10.1007/s00122-012-1988-2,2013,confirmed,Validation of breeder's data. | nSSR: 20/0
AURORA BLANC = CG 91‐560,PERLE DE CSABA,Parent 1,SSR,SSR,20,40.85,Lacombe et al. 2013,10.1007/s00122-012-1988-2,2013,confirmed,Validation of breeder's data. | nSSR: 20/0
AURORA BLANC = CG 91‐560,REINE DES VIGNES,Parent 2,SSR,SSR,20,40.85,Lacombe et al. 2013,10.1007/s00122-012-1988-2,2013,confirmed,Validation of breeder's data. | nSSR: 20/0
AURORA FAUX (COLLECTION MENDOZA) CARDINAL = G 10‐30,MOLINERA GORDA,Parent 1,SSR,SSR,20,41.77,Lacombe et al. 2013,10.1007/s00122-012-1988-2,2013,confirmed,No information on the original cross. | nSSR: 20/0
AUTOFÉCONDATION CHASSELAS N°59 CHASSELAS,CHASSELAS,Parent 1,SSR,SSR,20,46.04,Lacombe et al. 2013,10.1007/s00122-012-1988-2,2013,confirmed,Validation of breeder's data. | nSSR: 20/0
AUTOFÉCONDATION CHASSELAS ROSE MUSCAT À PETITS GRAINS,CHASSELAS,Parent 1,SSR,SSR,20,42.39,Lacombe et al. 2013,10.1007/s00122-012-1988-2,2013,confirmed,Half validation of breeder's data. | nSSR: 20/0
AUTOFÉCONDATION CHASSELAS ROSE MUSCAT À PETITS GRAINS,N°18,Parent 2,SSR,SSR,20,42.39,Lacombe et al. 2013,10.1007/s00122-012-1988-2,2013,confirmed,Half validation of breeder's data. | nSSR: 20/0
AUTOFÉCONDATION ITALIA N°120 ITALIA = PIROVANO 65,ITALIA = PIROVANO 65,Parent 1,SSR,SSR,20,40.15,Lacombe et al. 2013,10.1007/s00122-012-1988-2,2013,confirmed,Validation of breeder's data. | nSSR: 20/0
AUTOFÉCONDATION SAUVIGNON N°106 SAUVIGNON,SAUVIGNON,Parent 1,SSR,SSR,20,46.63,Lacombe et al. 2013,10.1007/s00122-012-1988-2,2013,confirmed,Validation of breeder's data. | nSSR: 20/0
AUTOFÉCONDATION SYRAH 1992 SYRAH,SYRAH,Parent 1,SSR,SSR,20,54.69,Lacombe et al. 2013,10.1007/s00122-012-1988-2,2013,confirmed,Validation of breeder's data. | nSSR: 20/0
AUTOFÉCONDATION VIOGNIER 1992 VIOGNIER,VIOGNIER,Parent 1,SSR,SSR,20,44.67,Lacombe et al. 2013,10.1007/s00122-012-1988-2,2013,confirmed,Validation of breeder's data. | nSSR: 20/0
AUTUMN BLACK,BLACK ROSE = H 3‐47,Parent 1,SSR,SSR,20,39.0,Lacombe et al. 2013,10.1007/s00122-012-1988-2,2013,confirmed,Validation of breeder's data. | nSSR: 20/0
AUTUMN BLACK,CALMERIA = C11‐31‐5,Parent 2,SSR,SSR,20,39.0,Lacombe et al. 2013,10.1007/s00122-012-1988-2,2013,confirmed,Validation of breeder's data. | nSSR: 20/0
AUXERROIS,PINOT,Parent 1,SSR,SSR,20,29.35,Lacombe et al. 2013,10.1007/s00122-012-1988-2,2013,confirmed,Confirmation of prior publication: Bowers 1998 and 1999; | nSSR: 20/0
AUXERROIS,GOUAIS BLANC = HEUNISCH WEISS,Parent 2,SSR,SSR,20,29.35,Lacombe et al. 2013,10.1007/s00122-012-1988-2,2013,confirmed,Confirmation of prior publication: Bowers 1998 and 1999; | nSSR: 20/0
AZOUGAH,ABOUHOU = ASSERGHIN,Parent 1,SSR,SSR,20,33.55,Lacombe et al. 2013,10.1007/s00122-012-1988-2,2013,probable,nSSR: 20/1
AZOUGAH,F DEDO DE DAMA,Parent 2,SSR,SSR,20,33.55,Lacombe et al. 2013,10.1007/s00122-012-1988-2,2013,probable,nSSR: 20/1
BACCHUS BIDAULT,GOUAIS BLANC = HEUNISCH WEISS CABERNET FRANC,Parent 1,SSR,SSR,20,45.11,Lacombe et al. 2013,10.1007/s00122-012-1988-2,2013,confirmed,Invalidation of breeder's data. | nSSR: 20/0
BACHET,PINOT,Parent 1,SSR,SSR,20,34.73,Lacombe et al. 2013,10.1007/s00122-012-1988-2,2013,confirmed,Confirmation of prior publication: Bowers 1998 and 1999 | nSSR: 20/0
BACHET,GOUAIS BLANC = HEUNISCH WEISS,Parent 2,SSR,SSR,20,34.73,Lacombe et al. 2013,10.1007/s00122-012-1988-2,2013,confirmed,Confirmation of prior publication: Bowers 1998 and 1999 | nSSR: 20/0
BAJOR KÉK = AUGSTER BLAU,GOHER,Parent 1,SSR,SSR,20,35.22,Lacombe et al. 2013,10.1007/s00122-012-1988-2,2013,confirmed,nSSR: 20/0
BAJOR KÉK = AUGSTER BLAU,F BLANK BLAUER = VULPEA,Parent 2,SSR,SSR,20,35.22,Lacombe et al. 2013,10.1007/s00122-012-1988-2,2013,confirmed,nSSR: 20/0
BAKARKA,KÖVIDINKA,Parent 1,SSR,SSR,20,42.71,Lacombe et al. 2013,10.1007/s00122-012-1988-2,2013,confirmed,nSSR: 20/0
BAKARKA,KADARKA KEK,Parent 2,SSR,SSR,20,42.71,Lacombe et al. 2013,10.1007/s00122-012-1988-2,2013,confirmed,nSSR: 20/0
BAKATOR TÜDÖSZINÜ FAUX,BLANC D'AMBRE,Parent 1,SSR,SSR,20,34.89,Lacombe et al. 2013,10.1007/s00122-012-1988-2,2013,confirmed,nSSR: 20/0
BAKATOR TÜDÖSZINÜ FAUX,F MADELEINE SALOMON = AGOSTENGA BLANC,Parent 2,SSR,SSR,20,34.89,Lacombe et al. 2013,10.1007/s00122-012-1988-2,2013,confirmed,nSSR: 20/0
BALATON KINCSE,MATHIASZ JANOSNE = MATHIASZ 210 FURMINT,Parent 1,SSR,SSR,20,35.23,Lacombe et al. 2013,10.1007/s00122-012-1988-2,2013,confirmed,Validation of breeder's data. | nSSR: 20/0
BALOUTI (ABBAYE DE LATROUN) GRENACHE = GARNACHA,UGNI BLANC = TREBBIANO TOSCANO,Parent 1,SSR,SSR,20,34.96,Lacombe et al. 2013,10.1007/s00122-012-1988-2,2013,confirmed,nSSR: 20/0
BALOUZME = MOUHAMADI,HUNISA,Parent 1,SSR,SSR,20,47.89,Lacombe et al. 2013,10.1007/s00122-012-1988-2,2013,confirmed,nSSR: 19/0
BALOUZME = MOUHAMADI,F KAISI ROUMI,Parent 2,SSR,SSR,20,47.89,Lacombe et al. 2013,10.1007/s00122-012-1988-2,2013,confirmed,nSSR: 19/0
BALSAMINA (COLLECTION OBERLIN) MUSCAT SAINT‐LAURENT,MADELEINE ROYALE,Parent 1,SSR,SSR,20,41.7,Lacombe et al. 2013,10.1007/s00122-012-1988-2,2013,confirmed,nSSR: 20/0
BALZAC BLANC,GOUAIS BLANC = HEUNISCH WEISS CHENIN,Parent 1,SSR,SSR,20,36.05,Lacombe et al. 2013,10.1007/s00122-012-1988-2,2013,confirmed,Confirmation of prior publication: Bowers 1998 | nSSR: 20/0
BARAL,CAHOURS,Parent 1,SSR,SSR,20,33.12,Lacombe et al. 2013,10.1007/s00122-012-1988-2,2013,confirmed,Alternative. | nSSR: 20/0
BARAL,CARRASQUIN,Parent 2,SSR,SSR,20,33.12,Lacombe et al. 2013,10.1007/s00122-012-1988-2,2013,confirmed,Alternative. | nSSR: 20/0
BARAL,CAHOURS,Parent 1,SSR,SSR,20,33.12,Lacombe et al. 2013,10.1007/s00122-012-1988-2,2013,confirmed,Alternative. | nSSR: 20/0
BARAL,PRIETO PICUDO,Parent 2,SSR,SSR,20,33.12,Lacombe et al. 2013,10.1007/s00122-012-1988-2,2013,confirmed,Alternative. | nSSR: 20/0
BARAL,CAHOURS,Parent 1,SSR,SSR,20,33.12,Lacombe et al. 2013,10.1007/s00122-012-1988-2,2013,confirmed,Alternative. | nSSR: 20/0
BARAL,VERDESSE,Parent 2,SSR,SSR,20,33.12,Lacombe et al. 2013,10.1007/s00122-012-1988-2,2013,confirmed,Alternative. | nSSR: 20/0
BARAL,CAHOURS,Parent 1,SSR,SSR,20,35.89,Lacombe et al. 2013,10.1007/s00122-012-1988-2,2013,confirmed,Alternative. | nSSR: 20/0
BARAL,FER,Parent 2,SSR,SSR,20,35.89,Lacombe et al. 2013,10.1007/s00122-012-1988-2,2013,confirmed,Alternative. | nSSR: 20/0
BARCELLO,AMARAL = CAIÑO LONGO,Parent 1,SSR,SSR,20,39.78,Lacombe et al. 2013,10.1007/s00122-012-1988-2,2013,confirmed,nSSR: 19/0
BARCELLO,AZAL,Parent 2,SSR,SSR,20,39.78,Lacombe et al. 2013,10.1007/s00122-012-1988-2,2013,confirmed,nSSR: 19/0
BARLINKA FAUX (ALMERIA),ASSOUAD ANOUNI,Parent 1,SSR,SSR,20,26.32,Lacombe et al. 2013,10.1007/s00122-012-1988-2,2013,probable,nSSR: 19/1
BARLINKA FAUX (ALMERIA),ALPHONSE LAVALLÉE,Parent 2,SSR,SSR,20,26.32,Lacombe et al. 2013,10.1007/s00122-012-1988-2,2013,probable,nSSR: 19/1
BASERRI,MUSCADELLE,Parent 1,SSR,SSR,20,38.96,Lacombe et al. 2013,10.1007/s00122-012-1988-2,2013,confirmed,Validation of breeder's data. | nSSR: 20/0
BASERRI,GROS MANSENG,Parent 2,SSR,SSR,20,38.96,Lacombe et al. 2013,10.1007/s00122-012-1988-2,2013,confirmed,Validation of breeder's data. | nSSR: 20/0
BASILE LOGOTHETIS = PIROVANO 77 SULTANINE,MUSCAT D'ALEXANDRIE,Parent 1,SSR,SSR,20,32.88,Lacombe et al. 2013,10.1007/s00122-012-1988-2,2013,probable,Validation of breeder's data. Confirmation of prior publication: | nSSR: 20/1
BASILIKUMTRAUBE,PINOT,Parent 1,SSR,SSR,20,25.23,Lacombe et al. 2013,10.1007/s00122-012-1988-2,2013,probable,nSSR: 20/1
BASILIKUMTRAUBE,CHASSELAS,Parent 2,SSR,SSR,20,25.23,Lacombe et al. 2013,10.1007/s00122-012-1988-2,2013,probable,nSSR: 20/1
BASTARDO DO OUTEIRO,SIRIA = CODEGA,Parent 1,SSR,SSR,20,38.44,Lacombe et al. 2013,10.1007/s00122-012-1988-2,2013,confirmed,nSSR: 19/0
BASTARDO DO OUTEIRO,TROUSSEAU = BASTARDO,Parent 2,SSR,SSR,20,38.44,Lacombe et al. 2013,10.1007/s00122-012-1988-2,2013,confirmed,nSSR: 19/0
BASTARDO DOS FRADES DE BOLONIO GIBI = HEBÉN,F TROUSSEAU = BASTARDO,Parent 1,SSR,SSR,20,36.62,Lacombe et al. 2013,10.1007/s00122-012-1988-2,2013,confirmed,nSSR: 20/0
BASTARDO ESPANHOL,GIBI = HEBÉN,Parent 1,SSR,SSR,20,33.76,Lacombe et al. 2013,10.1007/s00122-012-1988-2,2013,confirmed,nSSR: 20/0
BASTARDO ESPANHOL,F TROUSSEAU = BASTARDO,Parent 2,SSR,SSR,20,33.76,Lacombe et al. 2013,10.1007/s00122-012-1988-2,2013,confirmed,nSSR: 20/0
BASTARDO MAGARATCHSKII,SAPERAVI,Parent 1,SSR,SSR,20,42.46,Lacombe et al. 2013,10.1007/s00122-012-1988-2,2013,confirmed,Validation of breeder's data. | nSSR: 20/0
BASTARDO MAGARATCHSKII,TROUSSEAU = BASTARDO,Parent 2,SSR,SSR,20,42.46,Lacombe et al. 2013,10.1007/s00122-012-1988-2,2013,confirmed,Validation of breeder's data. | nSSR: 20/0
BB 575‐49 SRLH,CARDINAL = G 10‐30,Parent 1,SSR,SSR,20,30.64,Lacombe et al. 2013,10.1007/s00122-012-1988-2,2013,probable,Alternative.Half validation of breeder's data. | nSSR: 20/1
BB 575‐49 SRLH,GROS COLMAN,Parent 2,SSR,SSR,20,30.64,Lacombe et al. 2013,10.1007/s00122-012-1988-2,2013,probable,Alternative.Half validation of breeder's data. | nSSR: 20/1
BB 575‐49 SRLH,PRINCEPS = PIROVANO 357,Parent 1,SSR,SSR,20,31.32,Lacombe et al. 2013,10.1007/s00122-012-1988-2,2013,probable,Alternative.Half validation of breeder's data. | nSSR: 20/1
BB 575‐49 SRLH,GROS COLMAN,Parent 2,SSR,SSR,20,31.32,Lacombe et al. 2013,10.1007/s00122-012-1988-2,2013,probable,Alternative.Half validation of breeder's data. | nSSR: 20/1
BEALA DEBELA,ALBA IMPUTOTATO,Parent 1,SSR,SSR,20,45.39,Lacombe et al. 2013,10.1007/s00122-012-1988-2,2013,confirmed,nSSR: 20/0
BEALA DEBELA,F PROKUPAC,Parent 2,SSR,SSR,20,45.39,Lacombe et al. 2013,10.1007/s00122-012-1988-2,2013,confirmed,nSSR: 20/0
BEAUNOIR,PINOT,Parent 1,SSR,SSR,20,37.04,Lacombe et al. 2013,10.1007/s00122-012-1988-2,2013,confirmed,Confirmation of prior publication: Bowers 1998 and 1999 | nSSR: 20/0
BEAUNOIR,GOUAIS BLANC = HEUNISCH WEISS,Parent 2,SSR,SSR,20,37.04,Lacombe et al. 2013,10.1007/s00122-012-1988-2,2013,confirmed,Confirmation of prior publication: Bowers 1998 and 1999 | nSSR: 20/0
BEAUSOLEIL = VIDAL 83 T,JURANÇON BLANC,Parent 1,SSR,SSR,20,28.99,Lacombe et al. 2013,10.1007/s00122-012-1988-2,2013,confirmed,Validation of breeder's data. | nSSR: 20/0
BEAUSOLEIL = VIDAL 83 T,UGNI BLANC = TREBBIANO TOSCANO,Parent 2,SSR,SSR,20,28.99,Lacombe et al. 2013,10.1007/s00122-012-1988-2,2013,confirmed,Validation of breeder's data. | nSSR: 20/0
BEAUTY SEEDLESS,KICHMICH TCHERNI,Parent 1,SSR,SSR,20,34.71,Lacombe et al. 2013,10.1007/s00122-012-1988-2,2013,probable,Validation of breeder's data. Confirmation of prior publication: Ibañez 2009; Myles 2011 | nSSR: 20/1
BEAUTY SEEDLESS,REINE DES VIGNES,Parent 2,SSR,SSR,20,34.71,Lacombe et al. 2013,10.1007/s00122-012-1988-2,2013,probable,Validation of breeder's data. Confirmation of prior publication: Ibañez 2009; Myles 2011 | nSSR: 20/1
BEKALNY,KOZ OUZIOUM,Parent 1,SSR,SSR,20,53.2,Lacombe et al. 2013,10.1007/s00122-012-1988-2,2013,confirmed,nSSR: 20/0
BEKALNY,F ASSYL KARA,Parent 2,SSR,SSR,20,53.2,Lacombe et al. 2013,10.1007/s00122-012-1988-2,2013,confirmed,nSSR: 20/0
BELAIR,BARLINKA,Parent 1,SSR,SSR,20,24.9,Lacombe et al. 2013,10.1007/s00122-012-1988-2,2013,probable,Half validation of breeder's data. | nSSR: 20/1
BELAIR,ALPHONSE LAVALLÉE,Parent 2,SSR,SSR,20,24.9,Lacombe et al. 2013,10.1007/s00122-012-1988-2,2013,probable,Half validation of breeder's data. | nSSR: 20/1
BELLE DE CEGLED,BICANE,Parent 1,SSR,SSR,20,37.44,Lacombe et al. 2013,10.1007/s00122-012-1988-2,2013,confirmed,Half validation of breeder's data. | nSSR: 20/0
BELLE DE CEGLED,F CHASSELAS,Parent 2,SSR,SSR,20,37.44,Lacombe et al. 2013,10.1007/s00122-012-1988-2,2013,confirmed,Half validation of breeder's data. | nSSR: 20/0
BELLE DENISE,PELOURSIN,Parent 1,SSR,SSR,20,37.1,Lacombe et al. 2013,10.1007/s00122-012-1988-2,2013,confirmed,nSSR: 20/0
BELLE DENISE,GUEUCHE NOIR,Parent 2,SSR,SSR,20,37.1,Lacombe et al. 2013,10.1007/s00122-012-1988-2,2013,confirmed,nSSR: 20/0
BELLEVUE,OLIVETTE BLANCHE,Parent 1,SSR,SSR,20,36.5,Lacombe et al. 2013,10.1007/s00122-012-1988-2,2013,confirmed,Half validation of breeder's data. | nSSR: 20/0
BELLEVUE,F DATTIER DE BEYROUTH = AFUZ ALI,Parent 2,SSR,SSR,20,36.5,Lacombe et al. 2013,10.1007/s00122-012-1988-2,2013,confirmed,Half validation of breeder's data. | nSSR: 20/0
BELLINO,BLACK MOROCCO,Parent 1,SSR,SSR,20,37.45,Lacombe et al. 2013,10.1007/s00122-012-1988-2,2013,confirmed,No information on the original cross. | nSSR: 20/0
BELLINO,F FRANKENTHAL = SCHIAVA GROSSA,Parent 2,SSR,SSR,20,37.45,Lacombe et al. 2013,10.1007/s00122-012-1988-2,2013,confirmed,No information on the original cross. | nSSR: 20/0
BEM TABORNOK = GÉNÉRAL BEM MUSCAT D'ALEXANDRIE,GROS COLMAN,Parent 1,SSR,SSR,20,41.88,Lacombe et al. 2013,10.1007/s00122-012-1988-2,2013,confirmed,Half validation of breeder's data. | nSSR: 20/0
BENICARLO,GIBI = HEBÉN,Parent 1,SSR,SSR,20,32.82,Lacombe et al. 2013,10.1007/s00122-012-1988-2,2013,confirmed,nSSR: 20/0
BENICARLO,F TERRET,Parent 2,SSR,SSR,20,32.82,Lacombe et al. 2013,10.1007/s00122-012-1988-2,2013,confirmed,nSSR: 20/0
BEOGRADSKA RANA,PERLE DE CSABA,Parent 1,SSR,SSR,20,36.13,Lacombe et al. 2013,10.1007/s00122-012-1988-2,2013,confirmed,Half validation of breeder's data. | nSSR: 20/0
BEOGRADSKA RANA,DATTIER DE BEYROUTH = AFUZ ALI,Parent 2,SSR,SSR,20,36.13,Lacombe et al. 2013,10.1007/s00122-012-1988-2,2013,confirmed,Half validation of breeder's data. | nSSR: 20/0
BEST'S M,BICANE,Parent 1,SSR,SSR,20,26.15,Lacombe et al. 2013,10.1007/s00122-012-1988-2,2013,probable,nSSR: 20/1
BEST'S M,F MUSCAT DE HAMBOURG,Parent 2,SSR,SSR,20,26.15,Lacombe et al. 2013,10.1007/s00122-012-1988-2,2013,probable,nSSR: 20/1
BEZOUL EL AOUDA,ABOUHOU = ASSERGHIN,Parent 1,SSR,SSR,20,29.58,Lacombe et al. 2013,10.1007/s00122-012-1988-2,2013,probable,Alternative. Half confirmation of prior publication: El Oualkadi | nSSR: 20/1
BEZOUL EL AOUDA,F DEDO DE DAMA,Parent 2,SSR,SSR,20,29.58,Lacombe et al. 2013,10.1007/s00122-012-1988-2,2013,probable,Alternative. Half confirmation of prior publication: El Oualkadi | nSSR: 20/1
BEZOUL EL AOUDA,ABOUHOU = ASSERGHIN,Parent 1,SSR,SSR,20,30.96,Lacombe et al. 2013,10.1007/s00122-012-1988-2,2013,probable,Alternative. Confirmation of prior publication: El Oualkadi 2011 | nSSR: 20/1
BEZOUL EL AOUDA,F AZOUGAH,Parent 2,SSR,SSR,20,30.96,Lacombe et al. 2013,10.1007/s00122-012-1988-2,2013,probable,Alternative. Confirmation of prior publication: El Oualkadi 2011 | nSSR: 20/1
BIANERA,TERLANER,Parent 1,SSR,SSR,20,23.44,Lacombe et al. 2013,10.1007/s00122-012-1988-2,2013,probable,nSSR: 18/1
BIANERA,F VALDERBARA,Parent 2,SSR,SSR,20,23.44,Lacombe et al. 2013,10.1007/s00122-012-1988-2,2013,probable,nSSR: 18/1
BICZO BALINT EMLEKE,MATHIASZ JANOSNE = MATHIASZ 210 HARSLEVELU,Parent 1,SSR,SSR,20,46.92,Lacombe et al. 2013,10.1007/s00122-012-1988-2,2013,confirmed,Validation of breeder's data. | nSSR: 20/0
BICZÖ EGON,MATHIASZ JANOSNE = MATHIASZ 210 HARSLEVELU,Parent 1,SSR,SSR,20,43.73,Lacombe et al. 2013,10.1007/s00122-012-1988-2,2013,confirmed,Validation of breeder's data. | nSSR: 20/0
BIDH HAMEN DE RAFRAF,MAYORQUIN = FARANA,Parent 1,SSR,SSR,20,27.07,Lacombe et al. 2013,10.1007/s00122-012-1988-2,2013,probable,nSSR: 20/1
BIDH HAMEN DE RAFRAF,HEPTAKILO,Parent 2,SSR,SSR,20,27.07,Lacombe et al. 2013,10.1007/s00122-012-1988-2,2013,probable,nSSR: 20/1
BIEN DONNÉ,OHANES,Parent 1,SSR,SSR,20,36.21,Lacombe et al. 2013,10.1007/s00122-012-1988-2,2013,confirmed,Validation of breeder's data. Confirmation of prior publication: Myles 2011 | nSSR: 20/0
BIEN DONNÉ,F REINE DES VIGNES,Parent 2,SSR,SSR,20,36.21,Lacombe et al. 2013,10.1007/s00122-012-1988-2,2013,confirmed,Validation of breeder's data. Confirmation of prior publication: Myles 2011 | nSSR: 20/0
BLACK ALICANTE,BLACK MOROCCO,Parent 1,SSR,SSR,20,40.01,Lacombe et al. 2013,10.1007/s00122-012-1988-2,2013,confirmed,nSSR: 20/0
BLACK ALICANTE,F VERJUS,Parent 2,SSR,SSR,20,40.01,Lacombe et al. 2013,10.1007/s00122-012-1988-2,2013,confirmed,nSSR: 20/0
BLACK MONUKKA,ICHKIMAR,Parent 1,SSR,SSR,20,53.24,Lacombe et al. 2013,10.1007/s00122-012-1988-2,2013,confirmed,nSSR: 20/0
BLACK MONUKKA,F SULTANINE,Parent 2,SSR,SSR,20,53.24,Lacombe et al. 2013,10.1007/s00122-012-1988-2,2013,confirmed,nSSR: 20/0
BLACK PRINCE (MERBEIN),BLACK MOROCCO,Parent 1,SSR,SSR,20,42.67,Lacombe et al. 2013,10.1007/s00122-012-1988-2,2013,confirmed,nSSR: 20/0
BLACK PRINCE (MERBEIN),F MUSCAT D'ALEXANDRIE,Parent 2,SSR,SSR,20,42.67,Lacombe et al. 2013,10.1007/s00122-012-1988-2,2013,confirmed,nSSR: 20/0
BLANC D'AMBRE,SCHIRAS DR. HOUDBINE,Parent 1,SSR,SSR,20,37.83,Lacombe et al. 2013,10.1007/s00122-012-1988-2,2013,confirmed,No information on the original cross. Confirmation of prior publication: Vargas 2009 (on Circé mislabeled) | nSSR: 20/0
BLANC D'AMBRE,F CHASSELAS,Parent 2,SSR,SSR,20,37.83,Lacombe et al. 2013,10.1007/s00122-012-1988-2,2013,confirmed,No information on the original cross. Confirmation of prior publication: Vargas 2009 (on Circé mislabeled) | nSSR: 20/0
BLANC DE RHAFSAÏ,TAFERIELT,Parent 1,SSR,SSR,20,38.38,Lacombe et al. 2013,10.1007/s00122-012-1988-2,2013,confirmed,nSSR: 20/0
BLANC DE RHAFSAÏ,PARDINA = JAEN BLANCO,Parent 2,SSR,SSR,20,38.38,Lacombe et al. 2013,10.1007/s00122-012-1988-2,2013,confirmed,nSSR: 20/0
BLANK BLAUER = VULPEA,BRATKOVINA CRNA,Parent 1,SSR,SSR,20,27.76,Lacombe et al. 2013,10.1007/s00122-012-1988-2,2013,probable,nSSR: 20/1
BLANK BLAUER = VULPEA,F GYÖNGY FEHER,Parent 2,SSR,SSR,20,27.76,Lacombe et al. 2013,10.1007/s00122-012-1988-2,2013,probable,nSSR: 20/1
BLAUBURGER,LIMBERGER = BLAUFRÄNKISCH,Parent 1,SSR,SSR,20,40.59,Lacombe et al. 2013,10.1007/s00122-012-1988-2,2013,confirmed,Validation of breeder's data. Confirmation of prior publication: Sefc 1997 | nSSR: 20/0
BLAUBURGER,PORTUGAIS BLEU,Parent 2,SSR,SSR,20,40.59,Lacombe et al. 2013,10.1007/s00122-012-1988-2,2013,confirmed,Validation of breeder's data. Confirmation of prior publication: Sefc 1997 | nSSR: 20/0
BOAL CACHUDO,ARINTO DO DÃO,Parent 1,SSR,SSR,20,37.68,Lacombe et al. 2013,10.1007/s00122-012-1988-2,2013,confirmed,nSSR: 20/0
BOAL CACHUDO,PARDINA = JAEN BLANCO,Parent 2,SSR,SSR,20,37.68,Lacombe et al. 2013,10.1007/s00122-012-1988-2,2013,confirmed,nSSR: 20/0
BOAL DE CALHARIZ,ARINTO DO DÃO,Parent 1,SSR,SSR,20,43.23,Lacombe et al. 2013,10.1007/s00122-012-1988-2,2013,confirmed,nSSR: 20/0
BOAL DE CALHARIZ,DEDO DE DAMA,Parent 2,SSR,SSR,20,43.23,Lacombe et al. 2013,10.1007/s00122-012-1988-2,2013,confirmed,nSSR: 20/0
BONARDA DI PIAVA BIANCA,TRIUMPH TRAUBE,Parent 1,SSR,SSR,20,33.91,Lacombe et al. 2013,10.1007/s00122-012-1988-2,2013,confirmed,nSSR: 20/0
BONARDA DI PIAVA BIANCA,FRANKENTHAL = SCHIAVA GROSSA,Parent 2,SSR,SSR,20,33.91,Lacombe et al. 2013,10.1007/s00122-012-1988-2,2013,confirmed,nSSR: 20/0
BONHEUR,BARLINKA,Parent 1,SSR,SSR,20,33.32,Lacombe et al. 2013,10.1007/s00122-012-1988-2,2013,confirmed,Validation of breeder's data. | nSSR: 20/0
BONHEUR,ALPHONSE LAVALLÉE,Parent 2,SSR,SSR,20,33.32,Lacombe et al. 2013,10.1007/s00122-012-1988-2,2013,confirmed,Validation of breeder's data. | nSSR: 20/0
BONNITA,BARLINKA,Parent 1,SSR,SSR,20,29.26,Lacombe et al. 2013,10.1007/s00122-012-1988-2,2013,probable,Validation of breeder's data. | nSSR: 20/1
BONNITA,ALPHONSE LAVALLÉE,Parent 2,SSR,SSR,20,29.26,Lacombe et al. 2013,10.1007/s00122-012-1988-2,2013,probable,Validation of breeder's data. | nSSR: 20/1
BORISKA,MATHIASZ JANOSNE = MATHIASZ 210 KADARKA,Parent 1,SSR,SSR,20,42.09,Lacombe et al. 2013,10.1007/s00122-012-1988-2,2013,confirmed,Validation of breeder's data. | nSSR: 20/0
BOUAKI NOR,MATRASSA BLANC FAUX,Parent 1,SSR,SSR,20,44.44,Lacombe et al. 2013,10.1007/s00122-012-1988-2,2013,probable,nSSR: 20/1
BOUAKI NOR,ND KHOUSSAÏNÉ BLANC,Parent 2,SSR,SSR,20,44.44,Lacombe et al. 2013,10.1007/s00122-012-1988-2,2013,probable,nSSR: 20/1
BOUCHEREAU,BICANE,Parent 1,SSR,SSR,20,40.49,Lacombe et al. 2013,10.1007/s00122-012-1988-2,2013,confirmed,No information on the original cross. | nSSR: 20/0
BOUCHEREAU,F CORINTHE NOIR,Parent 2,SSR,SSR,20,40.49,Lacombe et al. 2013,10.1007/s00122-012-1988-2,2013,confirmed,No information on the original cross. | nSSR: 20/0
BOUILLET,FOLLE BLANCHE,Parent 1,SSR,SSR,20,28.66,Lacombe et al. 2013,10.1007/s00122-012-1988-2,2013,confirmed,But contradictory with parentage of cv. Folle Blanche (#317) | nSSR: 20/0
BOUILLET,COT = MALBEC,Parent 2,SSR,SSR,20,28.66,Lacombe et al. 2013,10.1007/s00122-012-1988-2,2013,confirmed,But contradictory with parentage of cv. Folle Blanche (#317) | nSSR: 20/0
BOUQUET RIESLING,RIESLING WEISS,Parent 1,SSR,SSR,20,37.9,Lacombe et al. 2013,10.1007/s00122-012-1988-2,2013,confirmed,Half validation of breeder's data. | nSSR: 20/0
BOUQUET RIESLING,MUSCAT SAINT‐LAURENT,Parent 2,SSR,SSR,20,37.9,Lacombe et al. 2013,10.1007/s00122-012-1988-2,2013,confirmed,Half validation of breeder's data. | nSSR: 20/0
BOUQUET SYLVANER,BOUQUETTRAUBE,Parent 1,SSR,SSR,20,34.43,Lacombe et al. 2013,10.1007/s00122-012-1988-2,2013,confirmed,No information on the original cross. | nSSR: 20/0
BOUQUET SYLVANER,MUSCAT SAINT‐LAURENT,Parent 2,SSR,SSR,20,34.43,Lacombe et al. 2013,10.1007/s00122-012-1988-2,2013,confirmed,No information on the original cross. | nSSR: 20/0
BOUQUETTRAUBE,SYLVANER,Parent 1,SSR,SSR,20,32.71,Lacombe et al. 2013,10.1007/s00122-012-1988-2,2013,confirmed,No information on the original cross. Confirmation of prior | nSSR: 20/0
BOUQUETTRAUBE,FRANKENTHAL = SCHIAVA GROSSA,Parent 2,SSR,SSR,20,32.71,Lacombe et al. 2013,10.1007/s00122-012-1988-2,2013,confirmed,No information on the original cross. Confirmation of prior | nSSR: 20/0
BOURDIER 2‐04‐58,CHARDONNAY BLANC,Parent 1,SSR,SSR,20,32.24,Lacombe et al. 2013,10.1007/s00122-012-1988-2,2013,confirmed,Validation of breeder's data. Confirmation of prior publication: Di Vecchi Staraz 2006 | nSSR: 20/0
BOURDIER 2‐04‐58,CHENIN BLANC,Parent 2,SSR,SSR,20,32.24,Lacombe et al. 2013,10.1007/s00122-012-1988-2,2013,confirmed,Validation of breeder's data. Confirmation of prior publication: Di Vecchi Staraz 2006 | nSSR: 20/0
BOURRISQUOU,GIBI = HEBÉN,Parent 1,SSR,SSR,20,26.31,Lacombe et al. 2013,10.1007/s00122-012-1988-2,2013,confirmed,nSSR: 20/0
BOURRISQUOU,F MOURVÈDRE = MONASTRELL,Parent 2,SSR,SSR,20,26.31,Lacombe et al. 2013,10.1007/s00122-012-1988-2,2013,confirmed,nSSR: 20/0
BOUVIER,PINOT,Parent 1,SSR,SSR,20,37.34,Lacombe et al. 2013,10.1007/s00122-012-1988-2,2013,confirmed,No information on the original cross. | nSSR: 20/0
BOUVIER,MUSCAT À PETITS GRAINS,Parent 2,SSR,SSR,20,37.34,Lacombe et al. 2013,10.1007/s00122-012-1988-2,2013,confirmed,No information on the original cross. | nSSR: 20/0
BOUYSSELET,PLANT DE CAUZETTE,Parent 1,SSR,SSR,20,41.22,Lacombe et al. 2013,10.1007/s00122-012-1988-2,2013,confirmed,nSSR: 20/0
BOUYSSELET,ND SAVAGNIN = TRAMINER,Parent 2,SSR,SSR,20,41.22,Lacombe et al. 2013,10.1007/s00122-012-1988-2,2013,confirmed,nSSR: 20/0
BOUZOUGA,ABOUHOU = ASSERGHIN,Parent 1,SSR,SSR,20,29.08,Lacombe et al. 2013,10.1007/s00122-012-1988-2,2013,probable,Confirmation of prior publication: El Oualkadi 2011 | nSSR: 20/1
BOUZOUGA,F DEDO DE DAMA,Parent 2,SSR,SSR,20,29.08,Lacombe et al. 2013,10.1007/s00122-012-1988-2,2013,probable,Confirmation of prior publication: El Oualkadi 2011 | nSSR: 20/1
BREIDER 5‐6,SIEGERREBE = SCHEU 7957,Parent 1,SSR,SSR,20,52.22,Lacombe et al. 2013,10.1007/s00122-012-1988-2,2013,confirmed,No information on the original cross. | nSSR: 20/0
BREIDER 5‐6,SIEGERREBE = SCHEU 7957,Parent 2,SSR,SSR,20,52.22,Lacombe et al. 2013,10.1007/s00122-012-1988-2,2013,confirmed,No information on the original cross. | nSSR: 20/0
BRONNERSTRAUBE,ELBLING,Parent 1,SSR,SSR,20,23.2,Lacombe et al. 2013,10.1007/s00122-012-1988-2,2013,probable,Invalidation of breeder's data. | nSSR: 20/1
BRONNERSTRAUBE,CHASSELAS,Parent 2,SSR,SSR,20,23.2,Lacombe et al. 2013,10.1007/s00122-012-1988-2,2013,probable,Invalidation of breeder's data. | nSSR: 20/1
BRUN FOURCA,POUGAYEN,Parent 1,SSR,SSR,20,32.92,Lacombe et al. 2013,10.1007/s00122-012-1988-2,2013,confirmed,nSSR: 20/0
BRUN FOURCA,F BEST'S R2 V73,Parent 2,SSR,SSR,20,32.92,Lacombe et al. 2013,10.1007/s00122-012-1988-2,2013,confirmed,nSSR: 20/0
BRUXELLOISE BLANCHE,MADELEINE ANGEVINE,Parent 1,SSR,SSR,20,39.88,Lacombe et al. 2013,10.1007/s00122-012-1988-2,2013,confirmed,nSSR: 20/0
BRUXELLOISE BLANCHE,F SYLVANER,Parent 2,SSR,SSR,20,39.88,Lacombe et al. 2013,10.1007/s00122-012-1988-2,2013,confirmed,nSSR: 20/0
BUCKLAND SWEET WATER,MALVASIA DEL LAZIO,Parent 1,SSR,SSR,20,34.36,Lacombe et al. 2013,10.1007/s00122-012-1988-2,2013,confirmed,Alternative.No information on the original cross. Confirmation of | nSSR: 20/0
BUCKLAND SWEET WATER,FRANKENTHAL = SCHIAVA GROSSA,Parent 2,SSR,SSR,20,34.36,Lacombe et al. 2013,10.1007/s00122-012-1988-2,2013,confirmed,Alternative.No information on the original cross. Confirmation of | nSSR: 20/0
BUCKLAND SWEET WATER,L'ENFANT TROUVÉ,Parent 1,SSR,SSR,20,36.44,Lacombe et al. 2013,10.1007/s00122-012-1988-2,2013,confirmed,Alternative.No information on the original cross. Confirmation of | nSSR: 20/0
BUCKLAND SWEET WATER,FRANKENTHAL = SCHIAVA GROSSA,Parent 2,SSR,SSR,20,36.44,Lacombe et al. 2013,10.1007/s00122-012-1988-2,2013,confirmed,Alternative.No information on the original cross. Confirmation of | nSSR: 20/0
BUCKLAND SWEET WATER,MANHARTTRAUBE BLANC FAUX,Parent 1,SSR,SSR,20,36.44,Lacombe et al. 2013,10.1007/s00122-012-1988-2,2013,confirmed,Alternative.No information on the original cross. Confirmation of | nSSR: 20/0
BUCKLAND SWEET WATER,FRANKENTHAL = SCHIAVA GROSSA,Parent 2,SSR,SSR,20,36.44,Lacombe et al. 2013,10.1007/s00122-012-1988-2,2013,confirmed,Alternative.No information on the original cross. Confirmation of | nSSR: 20/0
BUCKLAND SWEET WATER,FRANKENTHAL = SCHIAVA GROSSA FRANKENTHAL = SCHIAVA GROSSA,Parent 1,SSR,SSR,20,39.9,Lacombe et al. 2013,10.1007/s00122-012-1988-2,2013,confirmed,Alternative.No information on the original cross. Confirmation of | nSSR: 20/0
BULANYI,COARNA ALBA,Parent 1,SSR,SSR,20,33.16,Lacombe et al. 2013,10.1007/s00122-012-1988-2,2013,probable,nSSR: 18/1
BULANYI,F EKIM KARA FAUX (COLLECTION CONEGLIANO),Parent 2,SSR,SSR,20,33.16,Lacombe et al. 2013,10.1007/s00122-012-1988-2,2013,probable,nSSR: 18/1
CABERNET GOUDABLE,CABERNET FRANC,Parent 1,SSR,SSR,20,37.85,Lacombe et al. 2013,10.1007/s00122-012-1988-2,2013,confirmed,nSSR: 20/0
CABERNET GOUDABLE,CROUCHEN,Parent 2,SSR,SSR,20,37.85,Lacombe et al. 2013,10.1007/s00122-012-1988-2,2013,confirmed,nSSR: 20/0
CABERNET‐MALBEC N°1,CABERNET‐SAUVIGNON,Parent 1,SSR,SSR,20,39.89,Lacombe et al. 2013,10.1007/s00122-012-1988-2,2013,confirmed,Validation of breeder's data. | nSSR: 20/0
CABERNET‐MALBEC N°1,COT = MALBEC,Parent 2,SSR,SSR,20,39.89,Lacombe et al. 2013,10.1007/s00122-012-1988-2,2013,confirmed,Validation of breeder's data. | nSSR: 20/0
CABERNET‐MALBEC N°2,CABERNET‐SAUVIGNON,Parent 1,SSR,SSR,20,41.84,Lacombe et al. 2013,10.1007/s00122-012-1988-2,2013,confirmed,Validation of breeder's data. | nSSR: 20/0
CABERNET‐MALBEC N°2,COT = MALBEC,Parent 2,SSR,SSR,20,41.84,Lacombe et al. 2013,10.1007/s00122-012-1988-2,2013,confirmed,Validation of breeder's data. | nSSR: 20/0
CABERNET‐MALBEC N°4,CABERNET‐SAUVIGNON,Parent 1,SSR,SSR,20,47.31,Lacombe et al. 2013,10.1007/s00122-012-1988-2,2013,confirmed,Validation of breeder's data. | nSSR: 20/0
CABERNET‐MALBEC N°4,COT = MALBEC,Parent 2,SSR,SSR,20,47.31,Lacombe et al. 2013,10.1007/s00122-012-1988-2,2013,confirmed,Validation of breeder's data. | nSSR: 20/0
CABERNET‐SAUVIGNON,SAUVIGNON,Parent 1,SSR,SSR,20,41.8,Lacombe et al. 2013,10.1007/s00122-012-1988-2,2013,confirmed,Confirmation of prior publication: Bowers 1997; Sefc 1997; Boursiquot 2009; Cipriani 2010; Myles 2011 | nSSR: 20/0
CABERNET‐SAUVIGNON,CABERNET FRANC,Parent 2,SSR,SSR,20,41.8,Lacombe et al. 2013,10.1007/s00122-012-1988-2,2013,confirmed,Confirmation of prior publication: Bowers 1997; Sefc 1997; Boursiquot 2009; Cipriani 2010; Myles 2011 | nSSR: 20/0
CABESTREL,CABERNET‐SAUVIGNON,Parent 1,SSR,SSR,20,44.6,Lacombe et al. 2013,10.1007/s00122-012-1988-2,2013,confirmed,Validation of breeder's data. | nSSR: 20/0
CABESTREL,MOURVÈDRE = MONASTRELL,Parent 2,SSR,SSR,20,44.6,Lacombe et al. 2013,10.1007/s00122-012-1988-2,2013,confirmed,Validation of breeder's data. | nSSR: 20/0
CAINHO BRANCO,AMARAL = CAIÑO LONGO,Parent 1,SSR,SSR,20,41.38,Lacombe et al. 2013,10.1007/s00122-012-1988-2,2013,confirmed,nSSR: 20/0
CAINHO BRANCO,ALVARINHO,Parent 2,SSR,SSR,20,41.38,Lacombe et al. 2013,10.1007/s00122-012-1988-2,2013,confirmed,nSSR: 20/0
CALABRE,BICANE,Parent 1,SSR,SSR,20,37.51,Lacombe et al. 2013,10.1007/s00122-012-1988-2,2013,confirmed,nSSR: 20/0
CALABRE,F MUSCAT À PETITS GRAINS,Parent 2,SSR,SSR,20,37.51,Lacombe et al. 2013,10.1007/s00122-012-1988-2,2013,confirmed,nSSR: 20/0
CALABRESERTRAUBE (COLLECTION BICANE,F PINOT,Parent 1,SSR,SSR,20,33.24,Lacombe et al. 2013,10.1007/s00122-012-1988-2,2013,confirmed,No information on the original cross. | nSSR: 20/0
CALABRESERTRAUBE (COLLECTION BICANE,RODRIAN),Parent 2,SSR,SSR,20,33.24,Lacombe et al. 2013,10.1007/s00122-012-1988-2,2013,confirmed,No information on the original cross. | nSSR: 20/0
CALADOC,COT = MALBEC,Parent 1,SSR,SSR,20,34.55,Lacombe et al. 2013,10.1007/s00122-012-1988-2,2013,confirmed,Validation of breeder's data. Confirmation of prior publication: Di Vecchi Staraz 2005 | nSSR: 20/0
CALADOC,GRENACHE = GARNACHA,Parent 2,SSR,SSR,20,34.55,Lacombe et al. 2013,10.1007/s00122-012-1988-2,2013,confirmed,Validation of breeder's data. Confirmation of prior publication: Di Vecchi Staraz 2005 | nSSR: 20/0
CALLET,FOGONEU,Parent 1,SSR,SSR,20,38.39,Lacombe et al. 2013,10.1007/s00122-012-1988-2,2013,confirmed,Confirmation of prior publication: Garcia‐Muñoz 2011 | nSSR: 20/0
CALLET,CALLET CAS CONCOS,Parent 2,SSR,SSR,20,38.39,Lacombe et al. 2013,10.1007/s00122-012-1988-2,2013,confirmed,Confirmation of prior publication: Garcia‐Muñoz 2011 | nSSR: 20/0
CALLET CAS CONCOS,GIRO SARDO,Parent 1,SSR,SSR,20,26.39,Lacombe et al. 2013,10.1007/s00122-012-1988-2,2013,probable,Confirmation of prior publication: Garcia‐Muñoz 2011 | nSSR: 20/1
CALLET CAS CONCOS,VALENCI BLANCO = BEBA,Parent 2,SSR,SSR,20,26.39,Lacombe et al. 2013,10.1007/s00122-012-1988-2,2013,probable,Confirmation of prior publication: Garcia‐Muñoz 2011 | nSSR: 20/1
CALMERIA = C11‐31‐5,OHANES,Parent 1,SSR,SSR,20,40.37,Lacombe et al. 2013,10.1007/s00122-012-1988-2,2013,confirmed,Half validation of breeder's data. Confirmation of prior publication: Ibañez 2009; (and Myles 2011 mislabeled ?) | nSSR: 20/0
CALMERIA = C11‐31‐5,F SULTANINE,Parent 2,SSR,SSR,20,40.37,Lacombe et al. 2013,10.1007/s00122-012-1988-2,2013,confirmed,Half validation of breeder's data. Confirmation of prior publication: Ibañez 2009; (and Myles 2011 mislabeled ?) | nSSR: 20/0
CALZIN,PRIMITIVO = ZINFANDEL,Parent 1,SSR,SSR,20,29.08,Lacombe et al. 2013,10.1007/s00122-012-1988-2,2013,probable,Half validation of breeder's data. Confirmation of prior publication: Lacombe 2010 | nSSR: 20/1
CALZIN,MONDEUSE,Parent 2,SSR,SSR,20,29.08,Lacombe et al. 2013,10.1007/s00122-012-1988-2,2013,probable,Half validation of breeder's data. Confirmation of prior publication: Lacombe 2010 | nSSR: 20/1
CAMARALET FAUX (CONSERVATOIRE DE CABERNET FRANC,COURBU,Parent 1,SSR,SSR,20,47.6,Lacombe et al. 2013,10.1007/s00122-012-1988-2,2013,confirmed,nSSR: 20/0
CAMARALET FAUX (CONSERVATOIRE DE CABERNET FRANC,GAN),Parent 2,SSR,SSR,20,47.6,Lacombe et al. 2013,10.1007/s00122-012-1988-2,2013,confirmed,nSSR: 20/0
CAMARAOU BLANC,CAMARALET FEMELLE,Parent 1,SSR,SSR,20,34.75,Lacombe et al. 2013,10.1007/s00122-012-1988-2,2013,confirmed,nSSR: 18/0
CAMARAOU BLANC,F PLANT DE DUBOSC 2,Parent 2,SSR,SSR,20,34.75,Lacombe et al. 2013,10.1007/s00122-012-1988-2,2013,confirmed,nSSR: 18/0
CAMARAOU FEMELLE,CAMARALET FEMELLE,Parent 1,SSR,SSR,20,23.65,Lacombe et al. 2013,10.1007/s00122-012-1988-2,2013,probable,nSSR: 17/1
CAMARAOU FEMELLE,F COURBU,Parent 2,SSR,SSR,20,23.65,Lacombe et al. 2013,10.1007/s00122-012-1988-2,2013,probable,nSSR: 17/1
CAMARATE = PRETO MARTINHO PARDINA = JAEN BLANCO,ALFROCHEIRO PRETO,Parent 1,SSR,SSR,20,34.89,Lacombe et al. 2013,10.1007/s00122-012-1988-2,2013,confirmed,nSSR: 20/0
CANNER SEEDLESS,HUNISA,Parent 1,SSR,SSR,20,39.47,Lacombe et al. 2013,10.1007/s00122-012-1988-2,2013,probable,Validation of breeder's data. | nSSR: 20/1
CANNER SEEDLESS,F SULTANINE,Parent 2,SSR,SSR,20,39.47,Lacombe et al. 2013,10.1007/s00122-012-1988-2,2013,probable,Validation of breeder's data. | nSSR: 20/1
CANNON HALL FAUX,MUSCAT D'ALEXANDRIE,Parent 1,SSR,SSR,20,37.45,Lacombe et al. 2013,10.1007/s00122-012-1988-2,2013,confirmed,Alternative. | nSSR: 20/0
CANNON HALL FAUX,GROS MAROC,Parent 2,SSR,SSR,20,37.45,Lacombe et al. 2013,10.1007/s00122-012-1988-2,2013,confirmed,Alternative. | nSSR: 20/0
CANNON HALL FAUX,MUSCAT D'ALEXANDRIE,Parent 1,SSR,SSR,20,38.15,Lacombe et al. 2013,10.1007/s00122-012-1988-2,2013,confirmed,Alternative. | nSSR: 20/0
CANNON HALL FAUX,FRANKENTHAL = SCHIAVA GROSSA,Parent 2,SSR,SSR,20,38.15,Lacombe et al. 2013,10.1007/s00122-012-1988-2,2013,confirmed,Alternative. | nSSR: 20/0
CARALICANTE,CARIGNAN NOIR,Parent 1,SSR,SSR,20,35.23,Lacombe et al. 2013,10.1007/s00122-012-1988-2,2013,confirmed,Validation of breeder's data. | nSSR: 20/0
CARALICANTE,ALICANTE HENRI BOUSCHET,Parent 2,SSR,SSR,20,35.23,Lacombe et al. 2013,10.1007/s00122-012-1988-2,2013,confirmed,Validation of breeder's data. | nSSR: 20/0
CARDINAL = G 10‐30,REINE DES VIGNES,Parent 1,SSR,SSR,20,32.81,Lacombe et al. 2013,10.1007/s00122-012-1988-2,2013,confirmed,Half validation of breeder's data. Confirmation of prior publication: IFV 2007; Ibañez 2009; Cipriani 2010 | nSSR: 20/0
CARDINAL = G 10‐30,ALPHONSE LAVALLÉE,Parent 2,SSR,SSR,20,32.81,Lacombe et al. 2013,10.1007/s00122-012-1988-2,2013,confirmed,Half validation of breeder's data. Confirmation of prior publication: IFV 2007; Ibañez 2009; Cipriani 2010 | nSSR: 20/0
CARINA (AUSTRALIE),SYRAH,Parent 1,SSR,SSR,20,33.67,Lacombe et al. 2013,10.1007/s00122-012-1988-2,2013,probable,Validation of breeder's data. | nSSR: 20/1
CARINA (AUSTRALIE),SULTANINE,Parent 2,SSR,SSR,20,33.67,Lacombe et al. 2013,10.1007/s00122-012-1988-2,2013,probable,Validation of breeder's data. | nSSR: 20/1
CARLA,CARDINAL = G 10‐30,Parent 1,SSR,SSR,20,37.21,Lacombe et al. 2013,10.1007/s00122-012-1988-2,2013,confirmed,Validation of breeder's data. | nSSR: 20/0
CARLA,ALPHONSE LAVALLÉE,Parent 2,SSR,SSR,20,37.21,Lacombe et al. 2013,10.1007/s00122-012-1988-2,2013,confirmed,Validation of breeder's data. | nSSR: 20/0
CARMENÈRE,MOURAL,Parent 1,SSR,SSR,20,34.15,Lacombe et al. 2013,10.1007/s00122-012-1988-2,2013,probable,Half confirmation of prior publication: Boursiquot 2009 | nSSR: 20/1
CARMENÈRE,CABERNET FRANC,Parent 2,SSR,SSR,20,34.15,Lacombe et al. 2013,10.1007/s00122-012-1988-2,2013,probable,Half confirmation of prior publication: Boursiquot 2009 | nSSR: 20/1
CARMINOIR,PINOT,Parent 1,SSR,SSR,20,41.74,Lacombe et al. 2013,10.1007/s00122-012-1988-2,2013,confirmed,Validation of breeder's data. | nSSR: 19/0
CARMINOIR,CABERNET‐SAUVIGNON,Parent 2,SSR,SSR,20,41.74,Lacombe et al. 2013,10.1007/s00122-012-1988-2,2013,confirmed,Validation of breeder's data. | nSSR: 19/0
CASTELÃO = PERIQUITA,PARDINA = JAEN BLANCO,Parent 1,SSR,SSR,20,32.05,Lacombe et al. 2013,10.1007/s00122-012-1988-2,2013,confirmed,Confirmation of prior publication: Lacombe 2010 | nSSR: 20/0
CASTELÃO = PERIQUITA,ALFROCHEIRO PRETO,Parent 2,SSR,SSR,20,32.05,Lacombe et al. 2013,10.1007/s00122-012-1988-2,2013,confirmed,Confirmation of prior publication: Lacombe 2010 | nSSR: 20/0
CASTETS,GROS CABERNET,Parent 1,SSR,SSR,20,47.96,Lacombe et al. 2013,10.1007/s00122-012-1988-2,2013,confirmed,nSSR: 20/0
CASTETS,CAMARAOU NOIR,Parent 2,SSR,SSR,20,47.96,Lacombe et al. 2013,10.1007/s00122-012-1988-2,2013,confirmed,nSSR: 20/0
CATALAN (MAGARATCH),TOLSTOKORII,Parent 1,SSR,SSR,20,46.04,Lacombe et al. 2013,10.1007/s00122-012-1988-2,2013,confirmed,nSSR: 20/0
CATALAN (MAGARATCH),F VIGNE DE WOOD,Parent 2,SSR,SSR,20,46.04,Lacombe et al. 2013,10.1007/s00122-012-1988-2,2013,confirmed,nSSR: 20/0
CATARRATTO BIANCO FAUX,NIELLUCCIO = SANGIOVESE,Parent 1,SSR,SSR,20,45.35,Lacombe et al. 2013,10.1007/s00122-012-1988-2,2013,confirmed,Confirmation of prior publication: Di Vecchi Staraz 2007 | nSSR: 20/0
CATARRATTO BIANCO FAUX,CATARRATTO BIANCO,Parent 2,SSR,SSR,20,45.35,Lacombe et al. 2013,10.1007/s00122-012-1988-2,2013,confirmed,Confirmation of prior publication: Di Vecchi Staraz 2007 | nSSR: 20/0
CEAUS ROZ FAUX,COARNA ALBA,Parent 1,SSR,SSR,20,39.2,Lacombe et al. 2013,10.1007/s00122-012-1988-2,2013,confirmed,nSSR: 20/0
CEAUS ROZ FAUX,F CRUCIULITA,Parent 2,SSR,SSR,20,39.2,Lacombe et al. 2013,10.1007/s00122-012-1988-2,2013,confirmed,nSSR: 20/0
CEREZA,MISSION = PAIS,Parent 1,SSR,SSR,20,42.1,Lacombe et al. 2013,10.1007/s00122-012-1988-2,2013,confirmed,Confirmation of prior publication: This 2006; Ibañez 2009; Myles | nSSR: 20/0
CEREZA,MUSCAT D'ALEXANDRIE,Parent 2,SSR,SSR,20,42.1,Lacombe et al. 2013,10.1007/s00122-012-1988-2,2013,confirmed,Confirmation of prior publication: This 2006; Ibañez 2009; Myles | nSSR: 20/0
CÉSAR,PINOT,Parent 1,SSR,SSR,20,35.37,Lacombe et al. 2013,10.1007/s00122-012-1988-2,2013,probable,Confirmation of prior publication: Bowers 1998 | nSSR: 20/1
CÉSAR,ARGANT,Parent 2,SSR,SSR,20,35.37,Lacombe et al. 2013,10.1007/s00122-012-1988-2,2013,probable,Confirmation of prior publication: Bowers 1998 | nSSR: 20/1
CG 87‐746,MOSCATEL ROSADO,Parent 1,SSR,SSR,20,29.61,Lacombe et al. 2013,10.1007/s00122-012-1988-2,2013,probable,Validation of breeder's data. | nSSR: 14/1
CG 87‐746,F BEAUTY SEEDLESS,Parent 2,SSR,SSR,20,29.61,Lacombe et al. 2013,10.1007/s00122-012-1988-2,2013,probable,Validation of breeder's data. | nSSR: 14/1
CHAKAR ANGOUR TACHKENTSKY MATRASSA BLANC FAUX,ND KHOUSSAÏNÉ BLANC,Parent 1,SSR,SSR,20,62.37,Lacombe et al. 2013,10.1007/s00122-012-1988-2,2013,confirmed,nSSR: 20/0
CHAOUCH ROSE,CHAOUCH BLANC,Parent 1,SSR,SSR,20,39.63,Lacombe et al. 2013,10.1007/s00122-012-1988-2,2013,confirmed,nSSR: 20/0
CHAOUCH ROSE,F PEHLIVAN KARA = PAPIGI KARA,Parent 2,SSR,SSR,20,39.63,Lacombe et al. 2013,10.1007/s00122-012-1988-2,2013,confirmed,nSSR: 20/0
CHAPTAL,KARMIR KAKHANI,Parent 1,SSR,SSR,20,40.41,Lacombe et al. 2013,10.1007/s00122-012-1988-2,2013,confirmed,Invalidation of breeder's data. | nSSR: 20/0
CHAPTAL,F KICHMICH ROND,Parent 2,SSR,SSR,20,40.41,Lacombe et al. 2013,10.1007/s00122-012-1988-2,2013,confirmed,Invalidation of breeder's data. | nSSR: 20/0
CHARDONNAY BLANC,PINOT,Parent 1,SSR,SSR,20,29.35,Lacombe et al. 2013,10.1007/s00122-012-1988-2,2013,confirmed,Confirmation of prior publication: Bowers 1998 and 1999; | nSSR: 20/0
CHARDONNAY BLANC,GOUAIS BLANC = HEUNISCH WEISS,Parent 2,SSR,SSR,20,29.35,Lacombe et al. 2013,10.1007/s00122-012-1988-2,2013,confirmed,Confirmation of prior publication: Bowers 1998 and 1999; | nSSR: 20/0
CHARMONT,CHARDONNAY BLANC,Parent 1,SSR,SSR,20,36.41,Lacombe et al. 2013,10.1007/s00122-012-1988-2,2013,confirmed,Validation of breeder's data. Confirmation of prior publication: Di Vecchi Staraz 2006 | nSSR: 20/0
CHARMONT,CHASSELAS,Parent 2,SSR,SSR,20,36.41,Lacombe et al. 2013,10.1007/s00122-012-1988-2,2013,confirmed,Validation of breeder's data. Confirmation of prior publication: Di Vecchi Staraz 2006 | nSSR: 20/0
CHASAN,PINOT,Parent 1,SSR,SSR,20,31.38,Lacombe et al. 2013,10.1007/s00122-012-1988-2,2013,confirmed,Half validation of breeder's data. Confirmation of prior publication: IFV 2007; Lacombe 2010 | nSSR: 20/0
CHASAN,LISTAN = PALOMINO FINO,Parent 2,SSR,SSR,20,31.38,Lacombe et al. 2013,10.1007/s00122-012-1988-2,2013,confirmed,Half validation of breeder's data. Confirmation of prior publication: IFV 2007; Lacombe 2010 | nSSR: 20/0
CHASSELAS DES BOUCHES‐DU‐RHÔNE COARNA ALBA,F CHASSELAS,Parent 1,SSR,SSR,20,29.95,Lacombe et al. 2013,10.1007/s00122-012-1988-2,2013,confirmed,Half validation of breeder's data. | nSSR: 20/0
CHASSELAS DES BOUCHES‐DU‐RHÔNE COARNA ALBA,(BESSON),Parent 2,SSR,SSR,20,29.95,Lacombe et al. 2013,10.1007/s00122-012-1988-2,2013,confirmed,Half validation of breeder's data. | nSSR: 20/0
CHASSELAS IMPÉRIAL OBERLIN,BLANC D'AMBRE,Parent 1,SSR,SSR,20,36.72,Lacombe et al. 2013,10.1007/s00122-012-1988-2,2013,confirmed,No information on the original cross. | nSSR: 20/0
CHASSELAS IMPÉRIAL OBERLIN,F ONDENC,Parent 2,SSR,SSR,20,36.72,Lacombe et al. 2013,10.1007/s00122-012-1988-2,2013,confirmed,No information on the original cross. | nSSR: 20/0
CHASSELAS QUEEN VICTORIA,CHASSELAS,Parent 1,SSR,SSR,20,37.25,Lacombe et al. 2013,10.1007/s00122-012-1988-2,2013,confirmed,Half validation of breeder's data. | nSSR: 20/0
CHASSELAS QUEEN VICTORIA,FRANKENTHAL = SCHIAVA GROSSA,Parent 2,SSR,SSR,20,37.25,Lacombe et al. 2013,10.1007/s00122-012-1988-2,2013,confirmed,Half validation of breeder's data. | nSSR: 20/0
CHENANSON,GRENACHE = GARNACHA,Parent 1,SSR,SSR,20,38.41,Lacombe et al. 2013,10.1007/s00122-012-1988-2,2013,confirmed,Validation of breeder's data. Confirmation of prior publication: Di Vecchi Staraz 2005 | nSSR: 20/0
CHENANSON,JURANÇON NOIR,Parent 2,SSR,SSR,20,38.41,Lacombe et al. 2013,10.1007/s00122-012-1988-2,2013,confirmed,Validation of breeder's data. Confirmation of prior publication: Di Vecchi Staraz 2005 | nSSR: 20/0
CHIRVAN CHAKHI,CHIRVAN CHAKHI FAUX,Parent 1,SSR,SSR,20,35.93,Lacombe et al. 2013,10.1007/s00122-012-1988-2,2013,confirmed,nSSR: 17/0
CHIRVAN CHAKHI,ND ALII TIERSKII,Parent 2,SSR,SSR,20,35.93,Lacombe et al. 2013,10.1007/s00122-012-1988-2,2013,confirmed,nSSR: 17/0
CILIEGIOLO,MUSCAT ROUGE DE MADÈRE = NIELLUCCIO = SANGIOVESE,Parent 1,SSR,SSR,20,41.11,Lacombe et al. 2013,10.1007/s00122-012-1988-2,2013,confirmed,Confirmation of prior publication: Di Vecchi Staraz 2007; | nSSR: 20/0
CILIEGIOLO,MOSCATO VIOLETTO,Parent 2,SSR,SSR,20,41.11,Lacombe et al. 2013,10.1007/s00122-012-1988-2,2013,confirmed,Confirmation of prior publication: Di Vecchi Staraz 2007; | nSSR: 20/0
CINSAUT BOUSCHET,PETIT BOUSCHET,Parent 1,SSR,SSR,20,32.9,Lacombe et al. 2013,10.1007/s00122-012-1988-2,2013,confirmed,Validation of breeder's data. | nSSR: 20/0
CINSAUT BOUSCHET,CINSAUT,Parent 2,SSR,SSR,20,32.9,Lacombe et al. 2013,10.1007/s00122-012-1988-2,2013,confirmed,Validation of breeder's data. | nSSR: 20/0
CIRCÉ,CHASSELAS,Parent 1,SSR,SSR,20,37.35,Lacombe et al. 2013,10.1007/s00122-012-1988-2,2013,confirmed,No information on the original cross. | nSSR: 20/0
CIRCÉ,MUSCAT D'EISENSTADT,Parent 2,SSR,SSR,20,37.35,Lacombe et al. 2013,10.1007/s00122-012-1988-2,2013,confirmed,No information on the original cross. | nSSR: 20/0
CITRONELLE X ARAMON,ARAMON NOIR,Parent 1,SSR,SSR,20,22.17,Lacombe et al. 2013,10.1007/s00122-012-1988-2,2013,probable,Validation of breeder's data. | nSSR: 20/1
CITRONELLE X ARAMON,CINSAUT,Parent 2,SSR,SSR,20,22.17,Lacombe et al. 2013,10.1007/s00122-012-1988-2,2013,probable,Validation of breeder's data. | nSSR: 20/1
CLAIRETTE MAZEL,COARNA ALBA,Parent 1,SSR,SSR,20,36.7,Lacombe et al. 2013,10.1007/s00122-012-1988-2,2013,confirmed,No information on the original cross. | nSSR: 20/0
CLAIRETTE MAZEL,F CHASSELAS,Parent 2,SSR,SSR,20,36.7,Lacombe et al. 2013,10.1007/s00122-012-1988-2,2013,confirmed,No information on the original cross. | nSSR: 20/0
CLARIN,CARIGNAN NOIR,Parent 1,SSR,SSR,20,31.42,Lacombe et al. 2013,10.1007/s00122-012-1988-2,2013,confirmed,Invalidation of breeder's data. Confirmation of prior publication: IFV 2007 | nSSR: 20/0
CLARIN,CINSAUT,Parent 2,SSR,SSR,20,31.42,Lacombe et al. 2013,10.1007/s00122-012-1988-2,2013,confirmed,Invalidation of breeder's data. Confirmation of prior publication: IFV 2007 | nSSR: 20/0
CLAVERIE COULARD,ARDONNET,Parent 1,SSR,SSR,20,38.28,Lacombe et al. 2013,10.1007/s00122-012-1988-2,2013,confirmed,nSSR: 20/0
CLAVERIE COULARD,F CROUCHEN,Parent 2,SSR,SSR,20,38.28,Lacombe et al. 2013,10.1007/s00122-012-1988-2,2013,confirmed,nSSR: 20/0
COARNA ALBA,ROSA MENNA DI VACCA,Parent 1,SSR,SSR,20,35.38,Lacombe et al. 2013,10.1007/s00122-012-1988-2,2013,confirmed,Suspicious because the two parents are female | nSSR: 20/0
COARNA ALBA,F SARY PANDASS,Parent 2,SSR,SSR,20,35.38,Lacombe et al. 2013,10.1007/s00122-012-1988-2,2013,confirmed,Suspicious because the two parents are female | nSSR: 20/0
COARNA ROSIE,ROSA MENNA DI VACCA,Parent 1,SSR,SSR,20,42.12,Lacombe et al. 2013,10.1007/s00122-012-1988-2,2013,confirmed,nSSR: 20/0
COARNA ROSIE,F TSITSA KAPREI,Parent 2,SSR,SSR,20,42.12,Lacombe et al. 2013,10.1007/s00122-012-1988-2,2013,confirmed,nSSR: 20/0
CODANA,BABEASCA NEAGRA,Parent 1,SSR,SSR,20,30.22,Lacombe et al. 2013,10.1007/s00122-012-1988-2,2013,probable,Half validation of breeder's data. | nSSR: 20/1
CODANA,CABERNET‐SAUVIGNON,Parent 2,SSR,SSR,20,30.22,Lacombe et al. 2013,10.1007/s00122-012-1988-2,2013,probable,Half validation of breeder's data. | nSSR: 20/1
COLMAN BLANC,BLACK ALICANTE,Parent 1,SSR,SSR,20,37.79,Lacombe et al. 2013,10.1007/s00122-012-1988-2,2013,confirmed,nSSR: 20/0
COLMAN BLANC,GROS COLMAN,Parent 2,SSR,SSR,20,37.79,Lacombe et al. 2013,10.1007/s00122-012-1988-2,2013,confirmed,nSSR: 20/0
COLOMBARD,GOUAIS BLANC = HEUNISCH WEISS CHENIN,Parent 1,SSR,SSR,20,28.0,Lacombe et al. 2013,10.1007/s00122-012-1988-2,2013,confirmed,Confirmation of prior publication: Bowers 1998 | nSSR: 19/0
COLONEL ISIOUM,MISGULI KARA,Parent 1,SSR,SSR,20,53.13,Lacombe et al. 2013,10.1007/s00122-012-1988-2,2013,probable,nSSR: 20/1
COLONEL ISIOUM,F EKIM KARA FAUX (COLLECTION CONEGLIANO),Parent 2,SSR,SSR,20,53.13,Lacombe et al. 2013,10.1007/s00122-012-1988-2,2013,probable,nSSR: 20/1
CONCA D'ORO = PAULSEN 152,TRUNZO,Parent 1,SSR,SSR,20,46.85,Lacombe et al. 2013,10.1007/s00122-012-1988-2,2013,confirmed,Validation of breeder's data. | nSSR: 20/0
CONCA D'ORO = PAULSEN 152,CHASSELAS,Parent 2,SSR,SSR,20,46.85,Lacombe et al. 2013,10.1007/s00122-012-1988-2,2013,confirmed,Validation of breeder's data. | nSSR: 20/0
CORASON DE KABRITTE BLANC,ELBLING,Parent 1,SSR,SSR,20,24.29,Lacombe et al. 2013,10.1007/s00122-012-1988-2,2013,confirmed,nSSR: 17/0
CORASON DE KABRITTE BLANC,MUSCAT PRÉCOCE DE SAUMUR,Parent 2,SSR,SSR,20,24.29,Lacombe et al. 2013,10.1007/s00122-012-1988-2,2013,confirmed,nSSR: 17/0
CORNEILLE,CHASSELAS,Parent 1,SSR,SSR,20,39.15,Lacombe et al. 2013,10.1007/s00122-012-1988-2,2013,confirmed,No information on the original cross. | nSSR: 20/0
CORNEILLE,FRANKENTHAL = SCHIAVA GROSSA,Parent 2,SSR,SSR,20,39.15,Lacombe et al. 2013,10.1007/s00122-012-1988-2,2013,confirmed,No information on the original cross. | nSSR: 20/0
CORNIFESTO,PARDINA = JAEN BLANCO,Parent 1,SSR,SSR,20,35.13,Lacombe et al. 2013,10.1007/s00122-012-1988-2,2013,confirmed,nSSR: 20/0
CORNIFESTO,ALFROCHEIRO PRETO,Parent 2,SSR,SSR,20,35.13,Lacombe et al. 2013,10.1007/s00122-012-1988-2,2013,confirmed,nSSR: 20/0
COT = MALBEC,MAGDELEINE NOIRE DES CHARENTES PRUNELARD,Parent 1,SSR,SSR,20,28.21,Lacombe et al. 2013,10.1007/s00122-012-1988-2,2013,probable,Confirmation of prior publication: Boursiquot 2009 | nSSR: 20/1
COT DE CHÉRAGAS,GIBI = HEBÉN,Parent 1,SSR,SSR,20,29.98,Lacombe et al. 2013,10.1007/s00122-012-1988-2,2013,confirmed,nSSR: 20/0
COT DE CHÉRAGAS,F MOURVÈDRE = MONASTRELL,Parent 2,SSR,SSR,20,29.98,Lacombe et al. 2013,10.1007/s00122-012-1988-2,2013,confirmed,nSSR: 20/0
COURTOISIE,HUMAGNE BLANC,Parent 1,SSR,SSR,20,22.27,Lacombe et al. 2013,10.1007/s00122-012-1988-2,2013,probable,nSSR: 20/1
COURTOISIE,CLAIRETTE,Parent 2,SSR,SSR,20,22.27,Lacombe et al. 2013,10.1007/s00122-012-1988-2,2013,probable,nSSR: 20/1
COUSTON,GRENACHE = GARNACHA,Parent 1,SSR,SSR,20,37.31,Lacombe et al. 2013,10.1007/s00122-012-1988-2,2013,confirmed,No information on the original cross. | nSSR: 20/0
COUSTON,AUBUN,Parent 2,SSR,SSR,20,37.31,Lacombe et al. 2013,10.1007/s00122-012-1988-2,2013,confirmed,No information on the original cross. | nSSR: 20/0
CRASSOSTAPHYLLO,TORRONTÈS MENDOCINO,Parent 1,SSR,SSR,20,18.41,Lacombe et al. 2013,10.1007/s00122-012-1988-2,2013,probable,nSSR: 20/1
CRASSOSTAPHYLLO,F COT = MALBEC,Parent 2,SSR,SSR,20,18.41,Lacombe et al. 2013,10.1007/s00122-012-1988-2,2013,probable,nSSR: 20/1
CRIMPOSIE,BEALA DEBELA,Parent 1,SSR,SSR,20,43.47,Lacombe et al. 2013,10.1007/s00122-012-1988-2,2013,confirmed,nSSR: 20/0
CRIMPOSIE,F ZEMOASA = TIMPURIE,Parent 2,SSR,SSR,20,43.47,Lacombe et al. 2013,10.1007/s00122-012-1988-2,2013,confirmed,nSSR: 20/0
CRIOLLA 5,MISSION = PAIS,Parent 1,SSR,SSR,20,39.26,Lacombe et al. 2013,10.1007/s00122-012-1988-2,2013,confirmed,nSSR: 20/0
CRIOLLA 5,MUSCAT D'ALEXANDRIE,Parent 2,SSR,SSR,20,39.26,Lacombe et al. 2013,10.1007/s00122-012-1988-2,2013,confirmed,nSSR: 20/0
CRIOLLA BLANCA,MISSION = PAIS,Parent 1,SSR,SSR,20,22.19,Lacombe et al. 2013,10.1007/s00122-012-1988-2,2013,probable,nSSR: 20/1
CRIOLLA BLANCA,MUSCAT D'ALEXANDRIE,Parent 2,SSR,SSR,20,22.19,Lacombe et al. 2013,10.1007/s00122-012-1988-2,2013,probable,nSSR: 20/1
CRIOLLA GRANDE SANJUANINA,MISSION = PAIS,Parent 1,SSR,SSR,20,33.68,Lacombe et al. 2013,10.1007/s00122-012-1988-2,2013,confirmed,Confirmation of prior publication: This 2006; Tapia 2007 | nSSR: 20/0
CRIOLLA GRANDE SANJUANINA,MUSCAT D'ALEXANDRIE,Parent 2,SSR,SSR,20,33.68,Lacombe et al. 2013,10.1007/s00122-012-1988-2,2013,confirmed,Confirmation of prior publication: This 2006; Tapia 2007 | nSSR: 20/0
CRVENA SLAUBANIC,KAUKA BLAU,Parent 1,SSR,SSR,20,38.99,Lacombe et al. 2013,10.1007/s00122-012-1988-2,2013,confirmed,nSSR: 20/0
CRVENA SLAUBANIC,F MUSCAT À PETITS GRAINS,Parent 2,SSR,SSR,20,38.99,Lacombe et al. 2013,10.1007/s00122-012-1988-2,2013,confirmed,nSSR: 20/0
CSOMORIKA,COARNA ALBA,Parent 1,SSR,SSR,20,43.42,Lacombe et al. 2013,10.1007/s00122-012-1988-2,2013,confirmed,nSSR: 20/0
CSOMORIKA,F LISZTES FEHER,Parent 2,SSR,SSR,20,43.42,Lacombe et al. 2013,10.1007/s00122-012-1988-2,2013,confirmed,nSSR: 20/0
CVAÏ GOLD,VELTELINER ROUGE PRÉCOCE,Parent 1,SSR,SSR,20,46.48,Lacombe et al. 2013,10.1007/s00122-012-1988-2,2013,confirmed,nSSR: 20/0
CVAÏ GOLD,PORTUGAIS BLEU,Parent 2,SSR,SSR,20,46.48,Lacombe et al. 2013,10.1007/s00122-012-1988-2,2013,confirmed,nSSR: 20/0
CYPERNTRAUBE,ROSA MENNA DI VACCA,Parent 1,SSR,SSR,20,33.99,Lacombe et al. 2013,10.1007/s00122-012-1988-2,2013,confirmed,nSSR: 20/0
CYPERNTRAUBE,F SANTA PAULA,Parent 2,SSR,SSR,20,33.99,Lacombe et al. 2013,10.1007/s00122-012-1988-2,2013,confirmed,nSSR: 20/0
DAMAS BLANC PRÉCOCE,BERMESTIA BIANCA,Parent 1,SSR,SSR,20,44.83,Lacombe et al. 2013,10.1007/s00122-012-1988-2,2013,confirmed,nSSR: 20/0
DAMAS BLANC PRÉCOCE,F MADELEINE SALOMON = AGOSTENGA BLANC,Parent 2,SSR,SSR,20,44.83,Lacombe et al. 2013,10.1007/s00122-012-1988-2,2013,confirmed,nSSR: 20/0
DAMERET,HUMAGNE BLANC,Parent 1,SSR,SSR,20,16.03,Lacombe et al. 2013,10.1007/s00122-012-1988-2,2013,probable,Half confirmation of prior publication: Boursiquot 2004 | nSSR: 20/1
DAMERET,GOUAIS BLANC = HEUNISCH WEISS,Parent 2,SSR,SSR,20,16.03,Lacombe et al. 2013,10.1007/s00122-012-1988-2,2013,probable,Half confirmation of prior publication: Boursiquot 2004 | nSSR: 20/1
DAMERON,PINOT,Parent 1,SSR,SSR,20,31.52,Lacombe et al. 2013,10.1007/s00122-012-1988-2,2013,confirmed,Confirmation of prior publication: Bowers 1999 | nSSR: 20/0
DAMERON,GOUAIS BLANC = HEUNISCH WEISS,Parent 2,SSR,SSR,20,31.52,Lacombe et al. 2013,10.1007/s00122-012-1988-2,2013,confirmed,Confirmation of prior publication: Bowers 1999 | nSSR: 20/0
DANAM,MUSCAT DE HAMBOURG,Parent 1,SSR,SSR,20,34.79,Lacombe et al. 2013,10.1007/s00122-012-1988-2,2013,probable,Validation of breeder's data. Confirmation of prior publication: Vargas 2009 | nSSR: 20/1
DANAM,DABOUKI,Parent 2,SSR,SSR,20,34.79,Lacombe et al. 2013,10.1007/s00122-012-1988-2,2013,probable,Validation of breeder's data. Confirmation of prior publication: Vargas 2009 | nSSR: 20/1
DAN‐BEN‐HANNAH = SC 26,MIKVEH 17,Parent 1,SSR,SSR,20,41.1,Lacombe et al. 2013,10.1007/s00122-012-1988-2,2013,confirmed,Validation of breeder's data. | nSSR: 20/0
DAN‐BEN‐HANNAH = SC 26,ALPHONSE LAVALLÉE,Parent 2,SSR,SSR,20,41.1,Lacombe et al. 2013,10.1007/s00122-012-1988-2,2013,confirmed,Validation of breeder's data. | nSSR: 20/0
DANLAS,CHASSELAS,Parent 1,SSR,SSR,20,42.89,Lacombe et al. 2013,10.1007/s00122-012-1988-2,2013,confirmed,Validation of breeder's data. | nSSR: 20/0
DANLAS,DABOUKI,Parent 2,SSR,SSR,20,42.89,Lacombe et al. 2013,10.1007/s00122-012-1988-2,2013,confirmed,Validation of breeder's data. | nSSR: 20/0
DANUTA,DATTIER DE BEYROUTH = AFUZ ALI SULTANA MOSCATA = PIROVANO 75,Parent 1,SSR,SSR,20,44.28,Lacombe et al. 2013,10.1007/s00122-012-1988-2,2013,confirmed,Validation of breeder's data. Confirmation of prior publication: | nSSR: 20/0
DAPHNI,FERRAL = PRUNESTA ROSSO VIOLACEA ASSOUAD KARECH,Parent 1,SSR,SSR,20,41.17,Lacombe et al. 2013,10.1007/s00122-012-1988-2,2013,confirmed,nSSR: 20/0
DARANYI IGNAC,MUSCAT D'ALEXANDRIE,Parent 1,SSR,SSR,20,37.76,Lacombe et al. 2013,10.1007/s00122-012-1988-2,2013,confirmed,Validation of breeder's data. | nSSR: 20/0
DARANYI IGNAC,CHASSELAS,Parent 2,SSR,SSR,20,37.76,Lacombe et al. 2013,10.1007/s00122-012-1988-2,2013,confirmed,Validation of breeder's data. | nSSR: 20/0
DATAL,MUSCAT D'ALEXANDRIE,Parent 1,SSR,SSR,20,37.57,Lacombe et al. 2013,10.1007/s00122-012-1988-2,2013,confirmed,Validation of breeder's data. Confirmation of prior publication: | nSSR: 20/0
DATAL,DATTIER DE BEYROUTH = AFUZ ALI,Parent 2,SSR,SSR,20,37.57,Lacombe et al. 2013,10.1007/s00122-012-1988-2,2013,confirmed,Validation of breeder's data. Confirmation of prior publication: | nSSR: 20/0
DAUPHINE,OHANES,Parent 1,SSR,SSR,20,39.12,Lacombe et al. 2013,10.1007/s00122-012-1988-2,2013,confirmed,Half validation of breeder's data. | nSSR: 20/0
DAUPHINE,F DATTIER DE BEYROUTH = AFUZ ALI,Parent 2,SSR,SSR,20,39.12,Lacombe et al. 2013,10.1007/s00122-012-1988-2,2013,confirmed,Half validation of breeder's data. | nSSR: 20/0
DAVID = PIROVANO 109,MUSCAT D'ALEXANDRIE,Parent 1,SSR,SSR,20,42.72,Lacombe et al. 2013,10.1007/s00122-012-1988-2,2013,confirmed,Validation of breeder's data. | nSSR: 20/0
DAVID = PIROVANO 109,PRODIGIOSA = PIROVANO 59,Parent 2,SSR,SSR,20,42.72,Lacombe et al. 2013,10.1007/s00122-012-1988-2,2013,confirmed,Validation of breeder's data. | nSSR: 20/0
DAWN SEEDLESS,PERLETTE,Parent 1,SSR,SSR,20,39.36,Lacombe et al. 2013,10.1007/s00122-012-1988-2,2013,confirmed,Validation of breeder's data. Confirmation of prior publication: Vargas 2009 | nSSR: 20/0
DAWN SEEDLESS,GOLD,Parent 2,SSR,SSR,20,39.36,Lacombe et al. 2013,10.1007/s00122-012-1988-2,2013,confirmed,Validation of breeder's data. Confirmation of prior publication: Vargas 2009 | nSSR: 20/0
DECKROT = FB 119‐39,PINOT,Parent 1,SSR,SSR,20,38.76,Lacombe et al. 2013,10.1007/s00122-012-1988-2,2013,confirmed,Validation of breeder's data. | nSSR: 20/0
DECKROT = FB 119‐39,TEINTURIER,Parent 2,SSR,SSR,20,38.76,Lacombe et al. 2013,10.1007/s00122-012-1988-2,2013,confirmed,Validation of breeder's data. | nSSR: 20/0
DELHRO,PERLE DE CSABA,Parent 1,SSR,SSR,20,40.18,Lacombe et al. 2013,10.1007/s00122-012-1988-2,2013,confirmed,Validation of breeder's data. | nSSR: 20/0
DELHRO,ALPHONSE LAVALLÉE,Parent 2,SSR,SSR,20,40.18,Lacombe et al. 2013,10.1007/s00122-012-1988-2,2013,confirmed,Validation of breeder's data. | nSSR: 20/0
DELIGHT,REINE DES VIGNES,Parent 1,SSR,SSR,20,20.16,Lacombe et al. 2013,10.1007/s00122-012-1988-2,2013,probable,Validation of breeder's data. Confirmation of prior publication: Ibañez 2009; Cipriani 2010 | nSSR: 20/1
DELIGHT,SULTANINE,Parent 2,SSR,SSR,20,20.16,Lacombe et al. 2013,10.1007/s00122-012-1988-2,2013,probable,Validation of breeder's data. Confirmation of prior publication: Ibañez 2009; Cipriani 2010 | nSSR: 20/1
DELIZIA DI VAPRIO = PIROVANO 46 A MUSCAT D'ALEXANDRIE,PANSE PRÉCOCE,Parent 1,SSR,SSR,20,40.09,Lacombe et al. 2013,10.1007/s00122-012-1988-2,2013,confirmed,Half validation of breeder's data. Confirmation of prior | nSSR: 20/0
DELIZIA GIALLA = PIROVANO 266 MUSCAT DE HAMBOURG,CICLOPICA = PIROVANO 60,Parent 1,SSR,SSR,20,24.39,Lacombe et al. 2013,10.1007/s00122-012-1988-2,2013,probable,Half validation of breeder's data. | nSSR: 20/1
DIAGALVES,GIBI = HEBÉN,Parent 1,SSR,SSR,20,34.22,Lacombe et al. 2013,10.1007/s00122-012-1988-2,2013,confirmed,Confirmation of prior publication: El Oualkadi 2011 | nSSR: 20/0
DIAGALVES,F DEDO DE DAMA,Parent 2,SSR,SSR,20,34.22,Lacombe et al. 2013,10.1007/s00122-012-1988-2,2013,confirmed,Confirmation of prior publication: El Oualkadi 2011 | nSSR: 20/0
DIAGALVES FAUX,GIBI = HEBÉN,Parent 1,SSR,SSR,20,26.13,Lacombe et al. 2013,10.1007/s00122-012-1988-2,2013,confirmed,nSSR: 20/0
DIAGALVES FAUX,F ALFROCHEIRO PRETO,Parent 2,SSR,SSR,20,26.13,Lacombe et al. 2013,10.1007/s00122-012-1988-2,2013,confirmed,nSSR: 20/0
DIAMANT BLANC DE CRIMÉE,DIAMANTTRAUBE,Parent 1,SSR,SSR,20,34.88,Lacombe et al. 2013,10.1007/s00122-012-1988-2,2013,confirmed,nSSR: 20/0
DIAMANT BLANC DE CRIMÉE,F AHMAR DERANI,Parent 2,SSR,SSR,20,34.88,Lacombe et al. 2013,10.1007/s00122-012-1988-2,2013,confirmed,nSSR: 20/0
DIAMANTTRAUBE,COARNA ALBA,Parent 1,SSR,SSR,20,21.45,Lacombe et al. 2013,10.1007/s00122-012-1988-2,2013,probable,nSSR: 20/1
DIAMANTTRAUBE,F EZERJO,Parent 2,SSR,SSR,20,21.45,Lacombe et al. 2013,10.1007/s00122-012-1988-2,2013,probable,nSSR: 20/1
DIKA II,DIAGALVES,Parent 1,SSR,SSR,20,36.31,Lacombe et al. 2013,10.1007/s00122-012-1988-2,2013,probable,Half validation of breeder's data. Invalidation of prior publication: El Oualkadi 2011 | nSSR: 20/1
DIKA II,BLACK MONUKKA,Parent 2,SSR,SSR,20,36.31,Lacombe et al. 2013,10.1007/s00122-012-1988-2,2013,probable,Half validation of breeder's data. Invalidation of prior publication: El Oualkadi 2011 | nSSR: 20/1
DIMIAT,COARNA ALBA,Parent 1,SSR,SSR,20,34.68,Lacombe et al. 2013,10.1007/s00122-012-1988-2,2013,confirmed,Confirmation of prior publication: Lacombe 2010; (and half | nSSR: 20/0
DIMIAT,F GOUAIS BLANC = HEUNISCH WEISS,Parent 2,SSR,SSR,20,34.68,Lacombe et al. 2013,10.1007/s00122-012-1988-2,2013,confirmed,Confirmation of prior publication: Lacombe 2010; (and half | nSSR: 20/0
DIOLINOIR,ROBIN NOIR = SALAGNIN,Parent 1,SSR,SSR,20,39.49,Lacombe et al. 2013,10.1007/s00122-012-1988-2,2013,confirmed,Validation of breeder's data. | nSSR: 19/0
DIOLINOIR,PINOT,Parent 2,SSR,SSR,20,39.49,Lacombe et al. 2013,10.1007/s00122-012-1988-2,2013,confirmed,Validation of breeder's data. | nSSR: 19/0
DJOURA OUSUM,ANGOOR KALAN,Parent 1,SSR,SSR,20,31.96,Lacombe et al. 2013,10.1007/s00122-012-1988-2,2013,confirmed,Invalidation of breeder's data. | nSSR: 19/0
DJOURA OUSUM,F MUSCAT D'ALEXANDRIE,Parent 2,SSR,SSR,20,31.96,Lacombe et al. 2013,10.1007/s00122-012-1988-2,2013,confirmed,Invalidation of breeder's data. | nSSR: 19/0
DLINNOKHVOSTY,COARNA ALBA,Parent 1,SSR,SSR,20,45.75,Lacombe et al. 2013,10.1007/s00122-012-1988-2,2013,confirmed,nSSR: 19/0
DLINNOKHVOSTY,F EKIM KARA FAUX (COLLECTION CONEGLIANO),Parent 2,SSR,SSR,20,45.75,Lacombe et al. 2013,10.1007/s00122-012-1988-2,2013,confirmed,nSSR: 19/0
DOIGHT DU NEIGNE,ASSWAD ABOU KHISLÉ,Parent 1,SSR,SSR,20,54.3,Lacombe et al. 2013,10.1007/s00122-012-1988-2,2013,confirmed,nSSR: 20/0
DOIGHT DU NEIGNE,F ASSOUED KERE,Parent 2,SSR,SSR,20,54.3,Lacombe et al. 2013,10.1007/s00122-012-1988-2,2013,confirmed,nSSR: 20/0
DOMINA = GEILWEILERHOF 4‐25‐7 PINOT,PORTUGAIS BLEU,Parent 1,SSR,SSR,20,45.09,Lacombe et al. 2013,10.1007/s00122-012-1988-2,2013,confirmed,Validation of breeder's data. | nSSR: 20/0
DONA MARIA = LEAO FERREIRA DA MUSCAT D'ALEXANDRIE,DATTIER DE BEYROUTH = AFUZ ALI ALMEIDA 31‐54‐41,Parent 1,SSR,SSR,20,44.7,Lacombe et al. 2013,10.1007/s00122-012-1988-2,2013,confirmed,Validation of breeder's data. Confirmation of prior publication: | nSSR: 20/0
DORAL,CHARDONNAY BLANC,Parent 1,SSR,SSR,20,37.03,Lacombe et al. 2013,10.1007/s00122-012-1988-2,2013,confirmed,Validation of breeder's data. Confirmation of prior publication: Di Vecchi Staraz 2006 | nSSR: 20/0
DORAL,CHASSELAS,Parent 2,SSR,SSR,20,37.03,Lacombe et al. 2013,10.1007/s00122-012-1988-2,2013,confirmed,Validation of breeder's data. Confirmation of prior publication: Di Vecchi Staraz 2006 | nSSR: 20/0
DORNFELDER = WE S 341,HELFENSTEINER = WE S 5332,Parent 1,SSR,SSR,20,39.98,Lacombe et al. 2013,10.1007/s00122-012-1988-2,2013,confirmed,Validation of breeder's data. | nSSR: 20/0
DORNFELDER = WE S 341,HEROLDREBE = WE S 130,Parent 2,SSR,SSR,20,39.98,Lacombe et al. 2013,10.1007/s00122-012-1988-2,2013,confirmed,Validation of breeder's data. | nSSR: 20/0
DORONA DI VENEZIA,BERMESTIA BIANCA,Parent 1,SSR,SSR,20,40.3,Lacombe et al. 2013,10.1007/s00122-012-1988-2,2013,confirmed,Confirmation of prior publication: Di Vecchi Staraz 2007 | nSSR: 20/0
DORONA DI VENEZIA,F GARGANEGA = GRECANICO,Parent 2,SSR,SSR,20,40.3,Lacombe et al. 2013,10.1007/s00122-012-1988-2,2013,confirmed,Confirmation of prior publication: Di Vecchi Staraz 2007 | nSSR: 20/0
DOURADINHA,AMARAL = CAIÑO LONGO,Parent 1,SSR,SSR,20,40.63,Lacombe et al. 2013,10.1007/s00122-012-1988-2,2013,confirmed,nSSR: 20/0
DOURADINHA,ALFROCHEIRO PRETO,Parent 2,SSR,SSR,20,40.63,Lacombe et al. 2013,10.1007/s00122-012-1988-2,2013,confirmed,nSSR: 20/0
DUC D'ANJOU,BLACK MOROCCO,Parent 1,SSR,SSR,20,36.43,Lacombe et al. 2013,10.1007/s00122-012-1988-2,2013,confirmed,Validation of breeder's data. | nSSR: 20/0
DUC D'ANJOU,F FRANKENTHAL = SCHIAVA GROSSA,Parent 2,SSR,SSR,20,36.43,Lacombe et al. 2013,10.1007/s00122-012-1988-2,2013,confirmed,Validation of breeder's data. | nSSR: 20/0
DUC DE MAGENTA,SCHIRAS DR. HOUDBINE,Parent 1,SSR,SSR,20,25.26,Lacombe et al. 2013,10.1007/s00122-012-1988-2,2013,probable,No information on the original cross. Confirmation of prior publication: Vargas 2009 | nSSR: 20/1
DUC DE MAGENTA,F CHASSELAS,Parent 2,SSR,SSR,20,25.26,Lacombe et al. 2013,10.1007/s00122-012-1988-2,2013,probable,No information on the original cross. Confirmation of prior publication: Vargas 2009 | nSSR: 20/1
DUCHESS OF BUCCLEUGH,MUSCAT D'ALEXANDRIE,Parent 1,SSR,SSR,20,37.78,Lacombe et al. 2013,10.1007/s00122-012-1988-2,2013,confirmed,No information on the original cross. Invalidation of prior publication: Vargas 2009 | nSSR: 20/0
DUCHESS OF BUCCLEUGH,MUSCAT FLEUR D'ORANGER,Parent 2,SSR,SSR,20,37.78,Lacombe et al. 2013,10.1007/s00122-012-1988-2,2013,confirmed,No information on the original cross. Invalidation of prior publication: Vargas 2009 | nSSR: 20/0
DURAN,MOURVÈDRE = MONASTRELL,Parent 1,SSR,SSR,20,32.36,Lacombe et al. 2013,10.1007/s00122-012-1988-2,2013,confirmed,nSSR: 20/0
DURAN,GREC ROUGE,Parent 2,SSR,SSR,20,32.36,Lacombe et al. 2013,10.1007/s00122-012-1988-2,2013,confirmed,nSSR: 20/0
DURAS,TRESSOT,Parent 1,SSR,SSR,20,39.95,Lacombe et al. 2013,10.1007/s00122-012-1988-2,2013,confirmed,nSSR: 20/0
DURAS,SAVAGNIN BLANC,Parent 2,SSR,SSR,20,39.95,Lacombe et al. 2013,10.1007/s00122-012-1988-2,2013,confirmed,nSSR: 20/0
DURIF,SYRAH,Parent 1,SSR,SSR,20,41.81,Lacombe et al. 2013,10.1007/s00122-012-1988-2,2013,confirmed,"No information on the original cross. Confirmation of prior publication: Meredith 1999; (Myles 2011, mislabeled) | nSSR: 20/0"
DURIF,PELOURSIN,Parent 2,SSR,SSR,20,41.81,Lacombe et al. 2013,10.1007/s00122-012-1988-2,2013,confirmed,"No information on the original cross. Confirmation of prior publication: Meredith 1999; (Myles 2011, mislabeled) | nSSR: 20/0"
EARLY MUSCAT,REINE DES VIGNES,Parent 1,SSR,SSR,20,39.25,Lacombe et al. 2013,10.1007/s00122-012-1988-2,2013,confirmed,Validation of breeder's data. Confirmation of prior publication: Myles 2011 | nSSR: 20/0
EARLY MUSCAT,MUSCAT DE HAMBOURG,Parent 2,SSR,SSR,20,39.25,Lacombe et al. 2013,10.1007/s00122-012-1988-2,2013,confirmed,Validation of breeder's data. Confirmation of prior publication: Myles 2011 | nSSR: 20/0
EDERENA,MERLOT NOIR,Parent 1,SSR,SSR,20,28.83,Lacombe et al. 2013,10.1007/s00122-012-1988-2,2013,probable,Validation of breeder's data. | nSSR: 20/1
EDERENA,ABOURIOU,Parent 2,SSR,SSR,20,28.83,Lacombe et al. 2013,10.1007/s00122-012-1988-2,2013,probable,Validation of breeder's data. | nSSR: 20/1
EFREMOVSKY,COARNA ALBA,Parent 1,SSR,SSR,20,33.79,Lacombe et al. 2013,10.1007/s00122-012-1988-2,2013,confirmed,nSSR: 20/0
EFREMOVSKY,F PLAVAÏ,Parent 2,SSR,SSR,20,33.79,Lacombe et al. 2013,10.1007/s00122-012-1988-2,2013,confirmed,nSSR: 20/0
EGIODOLA,TINTA MADEIRA,Parent 1,SSR,SSR,20,25.94,Lacombe et al. 2013,10.1007/s00122-012-1988-2,2013,confirmed,Half validation of breeder's data. Confirmation of prior publication: IFV 2007 | nSSR: 20/0
EGIODOLA,ABOURIOU,Parent 2,SSR,SSR,20,25.94,Lacombe et al. 2013,10.1007/s00122-012-1988-2,2013,confirmed,Half validation of breeder's data. Confirmation of prior publication: IFV 2007 | nSSR: 20/0
EHRENFELSER = GM 9‐93,RIESLING WEISS,Parent 1,SSR,SSR,20,37.99,Lacombe et al. 2013,10.1007/s00122-012-1988-2,2013,confirmed,Half validation of breeder's data. Confirmation of prior publication: Lacombe 2010; (and half Grando 1998) | nSSR: 20/0
EHRENFELSER = GM 9‐93,KNIPPERLÉ,Parent 2,SSR,SSR,20,37.99,Lacombe et al. 2013,10.1007/s00122-012-1988-2,2013,confirmed,Half validation of breeder's data. Confirmation of prior publication: Lacombe 2010; (and half Grando 1998) | nSSR: 20/0
EKIGAÏNA,CABERNET‐SAUVIGNON,Parent 1,SSR,SSR,20,41.98,Lacombe et al. 2013,10.1007/s00122-012-1988-2,2013,confirmed,Validation of breeder's data. | nSSR: 20/0
EKIGAÏNA,TANNAT,Parent 2,SSR,SSR,20,41.98,Lacombe et al. 2013,10.1007/s00122-012-1988-2,2013,confirmed,Validation of breeder's data. | nSSR: 20/0
ELBLING BLAUER (DEKKER),RIESLING WEISS,Parent 1,SSR,SSR,20,31.86,Lacombe et al. 2013,10.1007/s00122-012-1988-2,2013,confirmed,nSSR: 20/0
ELBLING BLAUER (DEKKER),FRANKENTHAL = SCHIAVA GROSSA,Parent 2,SSR,SSR,20,31.86,Lacombe et al. 2013,10.1007/s00122-012-1988-2,2013,confirmed,nSSR: 20/0
ELIZABETH KRASNAY,BICANE,Parent 1,SSR,SSR,20,32.69,Lacombe et al. 2013,10.1007/s00122-012-1988-2,2013,confirmed,Invalidation of breeder's data. | nSSR: 19/0
ELIZABETH KRASNAY,F ORG TOKOS,Parent 2,SSR,SSR,20,32.69,Lacombe et al. 2013,10.1007/s00122-012-1988-2,2013,confirmed,Invalidation of breeder's data. | nSSR: 19/0
ELUL,CALMERIA = C11‐31‐5,Parent 1,SSR,SSR,20,35.01,Lacombe et al. 2013,10.1007/s00122-012-1988-2,2013,probable,Validation of breeder's data. | nSSR: 20/1
ELUL,DABOUKI,Parent 2,SSR,SSR,20,35.01,Lacombe et al. 2013,10.1007/s00122-012-1988-2,2013,probable,Validation of breeder's data. | nSSR: 20/1
EMERALD RIESLING,MUSCADELLE DU BORDELAIS FAUX GRENACHE = GARNACHA,Parent 1,SSR,SSR,20,42.79,Lacombe et al. 2013,10.1007/s00122-012-1988-2,2013,confirmed,Invalidation of breeder's data. | nSSR: 20/0
EMERALD SEEDLESS,EMPEROR,Parent 1,SSR,SSR,20,28.93,Lacombe et al. 2013,10.1007/s00122-012-1988-2,2013,probable,Validation of breeder's data. Confirmation of prior publication: | nSSR: 20/1
EMERALD SEEDLESS,SULTANA MOSCATA = PIROVANO 75,Parent 2,SSR,SSR,20,28.93,Lacombe et al. 2013,10.1007/s00122-012-1988-2,2013,probable,Validation of breeder's data. Confirmation of prior publication: | nSSR: 20/1
EMILIA = DALMASSO VI‐3,BICANE,Parent 1,SSR,SSR,20,34.56,Lacombe et al. 2013,10.1007/s00122-012-1988-2,2013,confirmed,Validation of breeder's data. Confirmation of prior publication: | nSSR: 20/0
EMILIA = DALMASSO VI‐3,F DATTIER DE BEYROUTH = AFUZ ALI,Parent 2,SSR,SSR,20,34.56,Lacombe et al. 2013,10.1007/s00122-012-1988-2,2013,confirmed,Validation of breeder's data. Confirmation of prior publication: | nSSR: 20/0
EMPERATRIZ = CG 28‐467,SULTANINE,Parent 1,SSR,SSR,20,35.72,Lacombe et al. 2013,10.1007/s00122-012-1988-2,2013,confirmed,Validation of breeder's data. Confirmation of prior publication: Ibañez 2009 | nSSR: 20/0
EMPERATRIZ = CG 28‐467,EMPEROR,Parent 2,SSR,SSR,20,35.72,Lacombe et al. 2013,10.1007/s00122-012-1988-2,2013,confirmed,Validation of breeder's data. Confirmation of prior publication: Ibañez 2009 | nSSR: 20/0
EN KÖVIDINKAM,MATHIASZ JANOSNE = MATHIASZ 210 KÖVIDINKA,Parent 1,SSR,SSR,20,38.35,Lacombe et al. 2013,10.1007/s00122-012-1988-2,2013,confirmed,Validation of breeder's data. | nSSR: 20/0
EUGENIA (ALLEMAGNE),BOUQUETTRAUBE,Parent 1,SSR,SSR,20,30.58,Lacombe et al. 2013,10.1007/s00122-012-1988-2,2013,confirmed,nSSR: 20/0
EUGENIA (ALLEMAGNE),CHASSELAS,Parent 2,SSR,SSR,20,30.58,Lacombe et al. 2013,10.1007/s00122-012-1988-2,2013,confirmed,nSSR: 20/0
EXALTA,PERLETTE,Parent 1,SSR,SSR,20,40.19,Lacombe et al. 2013,10.1007/s00122-012-1988-2,2013,confirmed,Validation of breeder's data. | nSSR: 20/0
EXALTA,MUSCAT DE HAMBOURG,Parent 2,SSR,SSR,20,40.19,Lacombe et al. 2013,10.1007/s00122-012-1988-2,2013,confirmed,Validation of breeder's data. | nSSR: 20/0
EXOTIC,ALPHONSE LAVALLÉE,Parent 1,SSR,SSR,20,35.86,Lacombe et al. 2013,10.1007/s00122-012-1988-2,2013,confirmed,Validation of breeder's data. Confirmation of prior publication: Ibañez 2009; (but not Myles 2011) | nSSR: 20/0
EXOTIC,AHMEUR BOU AHMEUR,Parent 2,SSR,SSR,20,35.86,Lacombe et al. 2013,10.1007/s00122-012-1988-2,2013,confirmed,Validation of breeder's data. Confirmation of prior publication: Ibañez 2009; (but not Myles 2011) | nSSR: 20/0
EZEREVES MAGYARORSZAG EMLEKE CHASSELAS,AHMEUR BOU AHMEUR,Parent 1,SSR,SSR,20,32.47,Lacombe et al. 2013,10.1007/s00122-012-1988-2,2013,confirmed,Invalidation of breeder's data. Half confirmation of prior | nSSR: 20/0
F. LANTINI = PIROVANO 263,MUSCAT DE HAMBOURG,Parent 1,SSR,SSR,20,27.39,Lacombe et al. 2013,10.1007/s00122-012-1988-2,2013,probable,Validation of breeder's data. | nSSR: 20/1
F. LANTINI = PIROVANO 263,CICLOPICA = PIROVANO 60,Parent 2,SSR,SSR,20,27.39,Lacombe et al. 2013,10.1007/s00122-012-1988-2,2013,probable,Validation of breeder's data. | nSSR: 20/1
FABERREBE = ALZEY 10375,CHARDONNAY BLANC,Parent 1,SSR,SSR,20,33.1,Lacombe et al. 2013,10.1007/s00122-012-1988-2,2013,confirmed,Half validation of breeder's data. Confirmation of prior publication: Di Vecchi Staraz 2006 | nSSR: 20/0
FABERREBE = ALZEY 10375,MÜLLER‐THURGAU,Parent 2,SSR,SSR,20,33.1,Lacombe et al. 2013,10.1007/s00122-012-1988-2,2013,confirmed,Half validation of breeder's data. Confirmation of prior publication: Di Vecchi Staraz 2006 | nSSR: 20/0
FADDY ZSIGA DINKA,MATHIASZ JANOSNE = MATHIASZ 210 HARSLEVELU,Parent 1,SSR,SSR,20,41.64,Lacombe et al. 2013,10.1007/s00122-012-1988-2,2013,confirmed,Half validation of breeder's data. | nSSR: 20/0
FARBFRÄNKISCH,LIMBERGER = BLAUFRÄNKISCH,Parent 1,SSR,SSR,20,36.16,Lacombe et al. 2013,10.1007/s00122-012-1988-2,2013,confirmed,Validation of breeder's data. | nSSR: 20/0
FARBFRÄNKISCH,TEINTURIER,Parent 2,SSR,SSR,20,36.16,Lacombe et al. 2013,10.1007/s00122-012-1988-2,2013,confirmed,Validation of breeder's data. | nSSR: 20/0
FÉCONDATION LIBRE LAGLEYSE,UGNI BLANC = TREBBIANO TOSCANO UGNI BLANC = TREBBIANO TOSCANO,Parent 1,SSR,SSR,20,26.14,Lacombe et al. 2013,10.1007/s00122-012-1988-2,2013,probable,Half validation of breeder's data. | nSSR: 20/1
FEHER KÖVIDINKA (COLLECTION BERBECEL = APROFEHER,PAPASKARASI,Parent 1,SSR,SSR,20,43.73,Lacombe et al. 2013,10.1007/s00122-012-1988-2,2013,confirmed,nSSR: 20/0
FEHER KÖVIDINKA (COLLECTION BERBECEL = APROFEHER,BUDAPEST),Parent 2,SSR,SSR,20,43.73,Lacombe et al. 2013,10.1007/s00122-012-1988-2,2013,confirmed,nSSR: 20/0
FEINRIESLING,RIESLING WEISS,Parent 1,SSR,SSR,20,34.45,Lacombe et al. 2013,10.1007/s00122-012-1988-2,2013,confirmed,nSSR: 20/0
FEINRIESLING,MUSCAT SAINT‐LAURENT,Parent 2,SSR,SSR,20,34.45,Lacombe et al. 2013,10.1007/s00122-012-1988-2,2013,confirmed,nSSR: 20/0
FEINRIESLING FAUX (COLLECTION TRIER) RIESLING,PRÉCOCE DE MALINGRE,Parent 1,SSR,SSR,20,38.22,Lacombe et al. 2013,10.1007/s00122-012-1988-2,2013,confirmed,No information on the original cross. | nSSR: 20/0
FERLÉ 50 = H 34‐49‐50,FERRAL TAMARA,Parent 1,SSR,SSR,20,21.35,Lacombe et al. 2013,10.1007/s00122-012-1988-2,2013,probable,Validation of breeder's data. | nSSR: 11/1
FERLÉ 50 = H 34‐49‐50,ALPHONSE LAVALLÉE,Parent 2,SSR,SSR,20,21.35,Lacombe et al. 2013,10.1007/s00122-012-1988-2,2013,probable,Validation of breeder's data. | nSSR: 11/1
FERLÉ 76 = LEAO FERREIRA DA FERLONGO = H 34‐49‐69,ALPHONSE LAVALLÉE,Parent 1,SSR,SSR,20,38.22,Lacombe et al. 2013,10.1007/s00122-012-1988-2,2013,confirmed,Half validation of breeder's data. | nSSR: 20/0
FERLÉ 76 = LEAO FERREIRA DA FERLONGO = H 34‐49‐69,ALMEIDA 34‐49‐76,Parent 2,SSR,SSR,20,38.22,Lacombe et al. 2013,10.1007/s00122-012-1988-2,2013,confirmed,Half validation of breeder's data. | nSSR: 20/0
FERLÉ DE MOCAMMEDES,FERRAL TAMARA,Parent 1,SSR,SSR,20,31.21,Lacombe et al. 2013,10.1007/s00122-012-1988-2,2013,confirmed,Validation of breeder's data. | nSSR: 20/0
FERLÉ DE MOCAMMEDES,ALPHONSE LAVALLÉE,Parent 2,SSR,SSR,20,31.21,Lacombe et al. 2013,10.1007/s00122-012-1988-2,2013,confirmed,Validation of breeder's data. | nSSR: 20/0
FERLÉ DE PEGÕES = LEAO FERREIRA DA FERRAL TAMARA,ALPHONSE LAVALLÉE,Parent 1,SSR,SSR,20,33.42,Lacombe et al. 2013,10.1007/s00122-012-1988-2,2013,confirmed,Validation of breeder's data. | nSSR: 20/0
FERLÉ DE PEGÕES = LEAO FERREIRA DA FERRAL TAMARA,ALMEIDA 17‐48‐1,Parent 2,SSR,SSR,20,33.42,Lacombe et al. 2013,10.1007/s00122-012-1988-2,2013,confirmed,Validation of breeder's data. | nSSR: 20/0
FERLONGO = H 34‐49‐69,FERRAL TAMARA,Parent 1,SSR,SSR,20,26.78,Lacombe et al. 2013,10.1007/s00122-012-1988-2,2013,probable,Validation of breeder's data. | nSSR: 13/1
FERLONGO = H 34‐49‐69,ALPHONSE LAVALLÉE,Parent 2,SSR,SSR,20,26.78,Lacombe et al. 2013,10.1007/s00122-012-1988-2,2013,probable,Validation of breeder's data. | nSSR: 13/1
FERNAND ROSE,PRÉCOCE DE MALINGRE,Parent 1,SSR,SSR,20,32.95,Lacombe et al. 2013,10.1007/s00122-012-1988-2,2013,confirmed,nSSR: 20/0
FERNAND ROSE,GREC ROUGE,Parent 2,SSR,SSR,20,32.95,Lacombe et al. 2013,10.1007/s00122-012-1988-2,2013,confirmed,nSSR: 20/0
FERRADOU,MERLOT NOIR,Parent 1,SSR,SSR,20,27.35,Lacombe et al. 2013,10.1007/s00122-012-1988-2,2013,probable,Validation of breeder's data. | nSSR: 20/1
FERRADOU,FER,Parent 2,SSR,SSR,20,27.35,Lacombe et al. 2013,10.1007/s00122-012-1988-2,2013,probable,Validation of breeder's data. | nSSR: 20/1
FERRAL = PRUNESTA ROSSO VIOLACEA UVA SOGRA,CACCIO DI FERMO NERO,Parent 1,SSR,SSR,20,27.66,Lacombe et al. 2013,10.1007/s00122-012-1988-2,2013,probable,nSSR: 20/1
FETEASCA REGALA,FETEASCA ALBA = LEANYKA,Parent 1,SSR,SSR,20,39.5,Lacombe et al. 2013,10.1007/s00122-012-1988-2,2013,confirmed,Half confirmation of prior publication: Kiss 2006; Galbacs 2009 | nSSR: 20/0
FETEASCA REGALA,FRANCUSE,Parent 2,SSR,SSR,20,39.5,Lacombe et al. 2013,10.1007/s00122-012-1988-2,2013,confirmed,Half confirmation of prior publication: Kiss 2006; Galbacs 2009 | nSSR: 20/0
FEUNATE,POUGAYEN,Parent 1,SSR,SSR,20,36.8,Lacombe et al. 2013,10.1007/s00122-012-1988-2,2013,confirmed,Half confirmation of prior publication: Boursiquot 2004 | nSSR: 20/0
FEUNATE,F GOUAIS BLANC = HEUNISCH WEISS,Parent 2,SSR,SSR,20,36.8,Lacombe et al. 2013,10.1007/s00122-012-1988-2,2013,confirmed,Half confirmation of prior publication: Boursiquot 2004 | nSSR: 20/0
FIRNRIESLING,RIESLING WEISS,Parent 1,SSR,SSR,20,35.06,Lacombe et al. 2013,10.1007/s00122-012-1988-2,2013,confirmed,nSSR: 20/0
FIRNRIESLING,MUSCAT SAINT‐LAURENT,Parent 2,SSR,SSR,20,35.06,Lacombe et al. 2013,10.1007/s00122-012-1988-2,2013,confirmed,nSSR: 20/0
FITZREBE,MADELEINE ANGEVINE,Parent 1,SSR,SSR,20,40.38,Lacombe et al. 2013,10.1007/s00122-012-1988-2,2013,confirmed,No information on the original cross. | nSSR: 20/0
FITZREBE,F PRÉCOCE DE MALINGRE,Parent 2,SSR,SSR,20,40.38,Lacombe et al. 2013,10.1007/s00122-012-1988-2,2013,confirmed,No information on the original cross. | nSSR: 20/0
FLORA,SAVAGNIN BLANC,Parent 1,SSR,SSR,20,37.15,Lacombe et al. 2013,10.1007/s00122-012-1988-2,2013,confirmed,Validation of breeder's data. Confirmation of prior publication: Lacombe 2010; Myles 2011 | nSSR: 20/0
FLORA,SEMILLON,Parent 2,SSR,SSR,20,37.15,Lacombe et al. 2013,10.1007/s00122-012-1988-2,2013,confirmed,Validation of breeder's data. Confirmation of prior publication: Lacombe 2010; Myles 2011 | nSSR: 20/0
FOGONEU,MURESCU = ESCURSACH,Parent 1,SSR,SSR,20,42.37,Lacombe et al. 2013,10.1007/s00122-012-1988-2,2013,confirmed,Confirmation of prior publication: Garcia‐Muñoz 2011 | nSSR: 20/0
FOGONEU,F MANCENS = GIRO DE BALEARES,Parent 2,SSR,SSR,20,42.37,Lacombe et al. 2013,10.1007/s00122-012-1988-2,2013,confirmed,Confirmation of prior publication: Garcia‐Muñoz 2011 | nSSR: 20/0
FOLIGNAN,FOLLE BLANCHE,Parent 1,SSR,SSR,20,33.14,Lacombe et al. 2013,10.1007/s00122-012-1988-2,2013,confirmed,Validation of breeder's data. | nSSR: 20/0
FOLIGNAN,UGNI BLANC = TREBBIANO TOSCANO,Parent 2,SSR,SSR,20,33.14,Lacombe et al. 2013,10.1007/s00122-012-1988-2,2013,confirmed,Validation of breeder's data. | nSSR: 20/0
FOLLE BLANCHE,BOUILLET,Parent 1,SSR,SSR,20,29.06,Lacombe et al. 2013,10.1007/s00122-012-1988-2,2013,confirmed,Invalidation of prior publication: Boursiquot 2004 and 2009 But | nSSR: 20/0
FOLLE BLANCHE,BAROQUE,Parent 2,SSR,SSR,20,29.06,Lacombe et al. 2013,10.1007/s00122-012-1988-2,2013,confirmed,Invalidation of prior publication: Boursiquot 2004 and 2009 But | nSSR: 20/0
FONDO DE ORZA,HUEVO DE GATO NEGRO,Parent 1,SSR,SSR,20,36.58,Lacombe et al. 2013,10.1007/s00122-012-1988-2,2013,confirmed,nSSR: 20/0
FONDO DE ORZA,F MUSCAT À PETITS GRAINS,Parent 2,SSR,SSR,20,36.58,Lacombe et al. 2013,10.1007/s00122-012-1988-2,2013,confirmed,nSSR: 20/0
FONTANARA = WÜ B 51‐4‐10,RIESLANER = WÜRZBURG NI 11‐17 MÜLLER‐THURGAU,Parent 1,SSR,SSR,20,40.57,Lacombe et al. 2013,10.1007/s00122-012-1988-2,2013,confirmed,Validation of breeder's data. | nSSR: 20/0
FORMOSA = PIROVANO 245,FRANKENTHAL = SCHIAVA GROSSA DELIZIA DI VAPRIO = PIROVANO 46 A,Parent 1,SSR,SSR,20,34.66,Lacombe et al. 2013,10.1007/s00122-012-1988-2,2013,confirmed,Validation of breeder's data. | nSSR: 20/0
FOSTER'S WHITE SEEDLING,BLACK MOROCCO,Parent 1,SSR,SSR,20,38.18,Lacombe et al. 2013,10.1007/s00122-012-1988-2,2013,confirmed,Half validation of breeder's data. Confirmation of prior | nSSR: 20/0
FOSTER'S WHITE SEEDLING,F FRANKENTHAL = SCHIAVA GROSSA,Parent 2,SSR,SSR,20,38.18,Lacombe et al. 2013,10.1007/s00122-012-1988-2,2013,confirmed,Half validation of breeder's data. Confirmation of prior | nSSR: 20/0
FRANC NOIR DE LA HAUTE‐SAÔNE PINOT,GOUAIS BLANC = HEUNISCH WEISS,Parent 1,SSR,SSR,20,30.07,Lacombe et al. 2013,10.1007/s00122-012-1988-2,2013,confirmed,Confirmation of prior publication: Bowers 1998 and 1999 | nSSR: 20/0
FRANÇOIS IER,CORNET = BAUDE,Parent 1,SSR,SSR,20,35.09,Lacombe et al. 2013,10.1007/s00122-012-1988-2,2013,confirmed,No information on the original cross. | nSSR: 20/0
FRANÇOIS IER,GREC BLANC DE SEMIS,Parent 2,SSR,SSR,20,35.09,Lacombe et al. 2013,10.1007/s00122-012-1988-2,2013,confirmed,No information on the original cross. | nSSR: 20/0
FRANÇOIS NOIR,PINOT,Parent 1,SSR,SSR,20,34.8,Lacombe et al. 2013,10.1007/s00122-012-1988-2,2013,confirmed,Confirmation of prior publication: Di Vecchi Staraz 2006 | nSSR: 20/0
FRANÇOIS NOIR,GOUAIS BLANC = HEUNISCH WEISS,Parent 2,SSR,SSR,20,34.8,Lacombe et al. 2013,10.1007/s00122-012-1988-2,2013,confirmed,Confirmation of prior publication: Di Vecchi Staraz 2006 | nSSR: 20/0
FRANCUSE,ALBA IMPUTOTATO,Parent 1,SSR,SSR,20,37.74,Lacombe et al. 2013,10.1007/s00122-012-1988-2,2013,confirmed,Half confirmation of prior publication: Boursiquot 2004 | nSSR: 20/0
FRANCUSE,F GOUAIS BLANC = HEUNISCH WEISS,Parent 2,SSR,SSR,20,37.74,Lacombe et al. 2013,10.1007/s00122-012-1988-2,2013,confirmed,Half confirmation of prior publication: Boursiquot 2004 | nSSR: 20/0
FREDERICTON,BLACK MOROCCO,Parent 1,SSR,SSR,20,33.43,Lacombe et al. 2013,10.1007/s00122-012-1988-2,2013,confirmed,No information on the original cross. | nSSR: 19/0
FREDERICTON,F FRANKENTHAL = SCHIAVA GROSSA,Parent 2,SSR,SSR,20,33.43,Lacombe et al. 2013,10.1007/s00122-012-1988-2,2013,confirmed,No information on the original cross. | nSSR: 19/0
FREISAMER,PINOT,Parent 1,SSR,SSR,20,40.01,Lacombe et al. 2013,10.1007/s00122-012-1988-2,2013,confirmed,Validation of breeder's data. | nSSR: 20/0
FREISAMER,SYLVANER,Parent 2,SSR,SSR,20,40.01,Lacombe et al. 2013,10.1007/s00122-012-1988-2,2013,confirmed,Validation of breeder's data. | nSSR: 20/0
FROELICH X 4‐2,MADELEINE ANGEVINE,Parent 1,SSR,SSR,20,41.21,Lacombe et al. 2013,10.1007/s00122-012-1988-2,2013,confirmed,Invalidation of breeder's data. | nSSR: 20/0
FROELICH X 4‐2,F SAINT‐LAURENT,Parent 2,SSR,SSR,20,41.21,Lacombe et al. 2013,10.1007/s00122-012-1988-2,2013,confirmed,Invalidation of breeder's data. | nSSR: 20/0
FRÜHGIPFLER I,ROTGIPFLER,Parent 1,SSR,SSR,20,37.64,Lacombe et al. 2013,10.1007/s00122-012-1988-2,2013,confirmed,Validation of breeder's data. | nSSR: 20/0
FRÜHGIPFLER I,MADELEINE ROYALE,Parent 2,SSR,SSR,20,37.64,Lacombe et al. 2013,10.1007/s00122-012-1988-2,2013,confirmed,Validation of breeder's data. | nSSR: 20/0
FRÜHMUSKAT OBERLIN,BOUQUETTRAUBE,Parent 1,SSR,SSR,20,25.79,Lacombe et al. 2013,10.1007/s00122-012-1988-2,2013,confirmed,Half validation of breeder's data. | nSSR: 17/0
FRÜHMUSKAT OBERLIN,MUSCAT PRÉCOCE DE SAUMUR,Parent 2,SSR,SSR,20,25.79,Lacombe et al. 2013,10.1007/s00122-012-1988-2,2013,confirmed,Half validation of breeder's data. | nSSR: 17/0
FRUMOASA DE GHIOROC X CARDINAL TOMPA MIHALY,CARDINAL = G 10‐30,Parent 1,SSR,SSR,20,30.38,Lacombe et al. 2013,10.1007/s00122-012-1988-2,2013,probable,Half validation of breeder's data. | nSSR: 20/1
FRUTTUOSA = PIROVANO 27,TETA DE VACA,Parent 1,SSR,SSR,20,38.09,Lacombe et al. 2013,10.1007/s00122-012-1988-2,2013,confirmed,Validation of breeder's data. | nSSR: 19/0
FRUTTUOSA = PIROVANO 27,CITRONELLE,Parent 2,SSR,SSR,20,38.09,Lacombe et al. 2013,10.1007/s00122-012-1988-2,2013,confirmed,Validation of breeder's data. | nSSR: 19/0
FULGENS = PIROVANO 347,ANGELO PIROVANO = PIROVANO 2 CICLOPICA = PIROVANO 60,Parent 1,SSR,SSR,20,28.05,Lacombe et al. 2013,10.1007/s00122-012-1988-2,2013,probable,Validation of breeder's data. | nSSR: 20/1
FURMINT,ALBA IMPUTOTATO,Parent 1,SSR,SSR,20,36.27,Lacombe et al. 2013,10.1007/s00122-012-1988-2,2013,confirmed,Half confirmation of prior publication: Boursiquot 2004 | nSSR: 20/0
FURMINT,F GOUAIS BLANC = HEUNISCH WEISS,Parent 2,SSR,SSR,20,36.27,Lacombe et al. 2013,10.1007/s00122-012-1988-2,2013,confirmed,Half confirmation of prior publication: Boursiquot 2004 | nSSR: 20/0
FÜRSTENTRAUBE,BICANE,Parent 1,SSR,SSR,20,31.47,Lacombe et al. 2013,10.1007/s00122-012-1988-2,2013,confirmed,Invalidation of breeder's data. | nSSR: 20/0
FÜRSTENTRAUBE,F FRANKENTHAL = SCHIAVA GROSSA,Parent 2,SSR,SSR,20,31.47,Lacombe et al. 2013,10.1007/s00122-012-1988-2,2013,confirmed,Invalidation of breeder's data. | nSSR: 20/0
G. MOLON = PIROVANO 102,DORONA DI VENEZIA,Parent 1,SSR,SSR,20,44.15,Lacombe et al. 2013,10.1007/s00122-012-1988-2,2013,confirmed,Invalidation of breeder's data. | nSSR: 20/0
G. MOLON = PIROVANO 102,MOSCATO D'ADDA,Parent 2,SSR,SSR,20,44.15,Lacombe et al. 2013,10.1007/s00122-012-1988-2,2013,confirmed,Invalidation of breeder's data. | nSSR: 20/0
GALEGO DE MONTEMOR,GIBI = HEBÉN,Parent 1,SSR,SSR,20,29.19,Lacombe et al. 2013,10.1007/s00122-012-1988-2,2013,confirmed,nSSR: 20/0
GALEGO DE MONTEMOR,F TROUSSEAU = BASTARDO,Parent 2,SSR,SSR,20,29.19,Lacombe et al. 2013,10.1007/s00122-012-1988-2,2013,confirmed,nSSR: 20/0
GALOTTA,ANCELLOTA,Parent 1,SSR,SSR,20,45.87,Lacombe et al. 2013,10.1007/s00122-012-1988-2,2013,confirmed,Validation of breeder's data. Confirmation of prior publication: Lacombe 2010 | nSSR: 20/0
GALOTTA,GAMAY NOIR,Parent 2,SSR,SSR,20,45.87,Lacombe et al. 2013,10.1007/s00122-012-1988-2,2013,confirmed,Validation of breeder's data. Confirmation of prior publication: Lacombe 2010 | nSSR: 20/0
GAMARET,GAMAY NOIR,Parent 1,SSR,SSR,20,40.99,Lacombe et al. 2013,10.1007/s00122-012-1988-2,2013,confirmed,Validation of breeder's data. | nSSR: 19/0
GAMARET,REICHENSTEINER,Parent 2,SSR,SSR,20,40.99,Lacombe et al. 2013,10.1007/s00122-012-1988-2,2013,confirmed,Validation of breeder's data. | nSSR: 19/0
GAMAY NOIR,PINOT,Parent 1,SSR,SSR,20,36.23,Lacombe et al. 2013,10.1007/s00122-012-1988-2,2013,confirmed,Confirmation of prior publication: Bowers 1998 and 1999 | nSSR: 20/0
GAMAY NOIR,GOUAIS BLANC = HEUNISCH WEISS,Parent 2,SSR,SSR,20,36.23,Lacombe et al. 2013,10.1007/s00122-012-1988-2,2013,confirmed,Confirmation of prior publication: Bowers 1998 and 1999 | nSSR: 20/0
GAMAY BLANC GLORIOD,PINOT,Parent 1,SSR,SSR,20,35.81,Lacombe et al. 2013,10.1007/s00122-012-1988-2,2013,confirmed,Confirmation of prior publication: Bowers 1998 and 1999 | nSSR: 20/0
GAMAY BLANC GLORIOD,GOUAIS BLANC = HEUNISCH WEISS,Parent 2,SSR,SSR,20,35.81,Lacombe et al. 2013,10.1007/s00122-012-1988-2,2013,confirmed,Confirmation of prior publication: Bowers 1998 and 1999 | nSSR: 20/0
GANSON,GRENACHE = GARNACHA,Parent 1,SSR,SSR,20,38.56,Lacombe et al. 2013,10.1007/s00122-012-1988-2,2013,confirmed,Validation of breeder's data. Confirmation of prior publication: Di Vecchi Staraz 2005 | nSSR: 20/0
GANSON,JURANÇON NOIR,Parent 2,SSR,SSR,20,38.56,Lacombe et al. 2013,10.1007/s00122-012-1988-2,2013,confirmed,Validation of breeder's data. Confirmation of prior publication: Di Vecchi Staraz 2005 | nSSR: 20/0
GARGOLLASA,GIBI = HEBÉN,Parent 1,SSR,SSR,20,19.21,Lacombe et al. 2013,10.1007/s00122-012-1988-2,2013,probable,Confirmation of prior publication: Garcia‐Muñoz 2011 | nSSR: 20/1
GARGOLLASA,F MOURVÈDRE = MONASTRELL,Parent 2,SSR,SSR,20,19.21,Lacombe et al. 2013,10.1007/s00122-012-1988-2,2013,probable,Confirmation of prior publication: Garcia‐Muñoz 2011 | nSSR: 20/1
GARRO = MANDO,GIBI = HEBÉN,Parent 1,SSR,SSR,20,34.1,Lacombe et al. 2013,10.1007/s00122-012-1988-2,2013,confirmed,Confirmation of prior publication: Garcia‐Muñoz 2011 | nSSR: 20/0
GARRO = MANDO,F MORRASTEL = GRACIANO,Parent 2,SSR,SSR,20,34.1,Lacombe et al. 2013,10.1007/s00122-012-1988-2,2013,confirmed,Confirmation of prior publication: Garcia‐Muñoz 2011 | nSSR: 20/0
GASPARD,GIBI = HEBÉN,Parent 1,SSR,SSR,20,28.12,Lacombe et al. 2013,10.1007/s00122-012-1988-2,2013,confirmed,nSSR: 19/0
GASPARD,F ALICANTE HENRI BOUSCHET,Parent 2,SSR,SSR,20,28.12,Lacombe et al. 2013,10.1007/s00122-012-1988-2,2013,confirmed,nSSR: 19/0
GENOUILLET,GOUAIS BLANC = HEUNISCH WEISS TRESSOT,Parent 1,SSR,SSR,20,38.6,Lacombe et al. 2013,10.1007/s00122-012-1988-2,2013,confirmed,Confirmation of prior publication: Bowers 1998 | nSSR: 20/0
GIBERT,COT = MALBEC,Parent 1,SSR,SSR,20,43.85,Lacombe et al. 2013,10.1007/s00122-012-1988-2,2013,confirmed,nSSR: 20/0
GIBERT,COLOMBAUD = BOUTEILLAN BLANC,Parent 2,SSR,SSR,20,43.85,Lacombe et al. 2013,10.1007/s00122-012-1988-2,2013,confirmed,nSSR: 20/0
GIBRALTAR NOIR (COLLECTION OBERLIN) BLACK MOROCCO,F MUSCAT FLEUR D'ORANGER,Parent 1,SSR,SSR,20,35.57,Lacombe et al. 2013,10.1007/s00122-012-1988-2,2013,confirmed,No information on the original cross. | nSSR: 20/0
GILDÉ,MUSCAT D'ALEXANDRIE,Parent 1,SSR,SSR,20,34.49,Lacombe et al. 2013,10.1007/s00122-012-1988-2,2013,probable,Half validation of breeder's data. | nSSR: 20/1
GILDÉ,GROS COLMAN,Parent 2,SSR,SSR,20,34.49,Lacombe et al. 2013,10.1007/s00122-012-1988-2,2013,probable,Half validation of breeder's data. | nSSR: 20/1
GLACIÈRE,BERMESTIA BIANCA,Parent 1,SSR,SSR,20,26.47,Lacombe et al. 2013,10.1007/s00122-012-1988-2,2013,probable,nSSR: 20/1
GLACIÈRE,F FERRAL = PRUNESTA ROSSO VIOLACEA,Parent 2,SSR,SSR,20,26.47,Lacombe et al. 2013,10.1007/s00122-012-1988-2,2013,probable,nSSR: 20/1
GLORIA HUNGARIAE,EZEREVES MAGYARORSZAG EMLEKE THALLOCSY LAJOS MUSKOTALY =,Parent 1,SSR,SSR,20,37.54,Lacombe et al. 2013,10.1007/s00122-012-1988-2,2013,confirmed,Validation of breeder's data. | nSSR: 20/0
GLORIA HUNGARIAE,MUSCAT THALLOCSY,Parent 2,SSR,SSR,20,37.54,Lacombe et al. 2013,10.1007/s00122-012-1988-2,2013,confirmed,Validation of breeder's data. | nSSR: 20/0
GOHER,ALBA IMPUTOTATO,Parent 1,SSR,SSR,20,39.7,Lacombe et al. 2013,10.1007/s00122-012-1988-2,2013,confirmed,nSSR: 20/0
GOHER,F LISZTES FEHER,Parent 2,SSR,SSR,20,39.7,Lacombe et al. 2013,10.1007/s00122-012-1988-2,2013,confirmed,nSSR: 20/0
GOLDEN AMBRO,SCHIRAS DR. HOUDBINE,Parent 1,SSR,SSR,20,35.07,Lacombe et al. 2013,10.1007/s00122-012-1988-2,2013,confirmed,nSSR: 20/0
GOLDEN AMBRO,F CHASSELAS,Parent 2,SSR,SSR,20,35.07,Lacombe et al. 2013,10.1007/s00122-012-1988-2,2013,confirmed,nSSR: 20/0
GOLDEN HAMBOURG,BICANE,Parent 1,SSR,SSR,20,35.3,Lacombe et al. 2013,10.1007/s00122-012-1988-2,2013,confirmed,Invalidation of breeder's data. | nSSR: 20/0
GOLDEN HAMBOURG,F FRANKENTHAL = SCHIAVA GROSSA,Parent 2,SSR,SSR,20,35.3,Lacombe et al. 2013,10.1007/s00122-012-1988-2,2013,confirmed,Invalidation of breeder's data. | nSSR: 20/0
GOLDRIESLING,RIESLING WEISS,Parent 1,SSR,SSR,20,17.07,Lacombe et al. 2013,10.1007/s00122-012-1988-2,2013,probable,Half validation of breeder's data. Half confirmation of prior publication: Regner 2001 | nSSR: 20/1
GOLDRIESLING,PRÉCOCE DE MALINGRE,Parent 2,SSR,SSR,20,17.07,Lacombe et al. 2013,10.1007/s00122-012-1988-2,2013,probable,Half validation of breeder's data. Half confirmation of prior publication: Regner 2001 | nSSR: 20/1
GORA CHIRINE FAUX,SULTANINE,Parent 1,SSR,SSR,20,36.63,Lacombe et al. 2013,10.1007/s00122-012-1988-2,2013,confirmed,Alternative. | nSSR: 20/0
GORA CHIRINE FAUX,OZAAN DAII,Parent 2,SSR,SSR,20,36.63,Lacombe et al. 2013,10.1007/s00122-012-1988-2,2013,confirmed,Alternative. | nSSR: 20/0
GORA CHIRINE FAUX,SULTANINE,Parent 1,SSR,SSR,20,36.73,Lacombe et al. 2013,10.1007/s00122-012-1988-2,2013,confirmed,Alternative. | nSSR: 19/0
GORA CHIRINE FAUX,KISHMISH VATKANA,Parent 2,SSR,SSR,20,36.73,Lacombe et al. 2013,10.1007/s00122-012-1988-2,2013,confirmed,Alternative. | nSSR: 19/0
GORA CHIRINE FAUX,SULTANINE,Parent 1,SSR,SSR,20,38.71,Lacombe et al. 2013,10.1007/s00122-012-1988-2,2013,confirmed,Alternative. | nSSR: 20/0
GORA CHIRINE FAUX,ASKÉRI,Parent 2,SSR,SSR,20,38.71,Lacombe et al. 2013,10.1007/s00122-012-1988-2,2013,confirmed,Alternative. | nSSR: 20/0
GORA CHIRINE FAUX,SULTANINE,Parent 1,SSR,SSR,20,40.1,Lacombe et al. 2013,10.1007/s00122-012-1988-2,2013,confirmed,Alternative. | nSSR: 20/0
GORA CHIRINE FAUX,ROUCHAKI,Parent 2,SSR,SSR,20,40.1,Lacombe et al. 2013,10.1007/s00122-012-1988-2,2013,confirmed,Alternative. | nSSR: 20/0
GORA CHIRINE FAUX,SULTANINE,Parent 1,SSR,SSR,20,45.64,Lacombe et al. 2013,10.1007/s00122-012-1988-2,2013,confirmed,Alternative. Suspicious due to seedlessness of Sultanine | nSSR: 20/0
GORA CHIRINE FAUX,SULTANINE,Parent 2,SSR,SSR,20,45.64,Lacombe et al. 2013,10.1007/s00122-012-1988-2,2013,confirmed,Alternative. Suspicious due to seedlessness of Sultanine | nSSR: 20/0
GOUVEIO (VERDELHO),SAVAGNIN BLANC,Parent 1,SSR,SSR,20,43.68,Lacombe et al. 2013,10.1007/s00122-012-1988-2,2013,confirmed,nSSR: 20/0
GOUVEIO (VERDELHO),CASTELLANA BLANCA,Parent 2,SSR,SSR,20,43.68,Lacombe et al. 2013,10.1007/s00122-012-1988-2,2013,confirmed,nSSR: 20/0
GOYURA,SULTANINE,Parent 1,SSR,SSR,20,42.12,Lacombe et al. 2013,10.1007/s00122-012-1988-2,2013,confirmed,Validation of breeder's data. Confirmation of prior publication: Myles 2011 | nSSR: 19/0
GOYURA,MUSCAT D'ALEXANDRIE,Parent 2,SSR,SSR,20,42.12,Lacombe et al. 2013,10.1007/s00122-012-1988-2,2013,confirmed,Validation of breeder's data. Confirmation of prior publication: Myles 2011 | nSSR: 19/0
GRADISKA = MORANET,BICANE,Parent 1,SSR,SSR,20,35.71,Lacombe et al. 2013,10.1007/s00122-012-1988-2,2013,confirmed,No information on the original cross. Confirmation of prior publication: Vargas 2009 | nSSR: 20/0
GRADISKA = MORANET,F CHASSELAS,Parent 2,SSR,SSR,20,35.71,Lacombe et al. 2013,10.1007/s00122-012-1988-2,2013,confirmed,No information on the original cross. Confirmation of prior publication: Vargas 2009 | nSSR: 20/0
GRAMON,ARAMON NOIR,Parent 1,SSR,SSR,20,27.14,Lacombe et al. 2013,10.1007/s00122-012-1988-2,2013,probable,Validation of breeder's data. Confirmation of prior publication: Di Vecchi Staraz 2005 | nSSR: 20/1
GRAMON,GRENACHE = GARNACHA,Parent 2,SSR,SSR,20,27.14,Lacombe et al. 2013,10.1007/s00122-012-1988-2,2013,probable,Validation of breeder's data. Confirmation of prior publication: Di Vecchi Staraz 2005 | nSSR: 20/1
GRAND NOIR DE LA CALMETTE,PETIT BOUSCHET,Parent 1,SSR,SSR,20,32.0,Lacombe et al. 2013,10.1007/s00122-012-1988-2,2013,confirmed,Half validation of breeder's data. | nSSR: 20/0
GRAND NOIR DE LA CALMETTE,MORRASTEL = GRACIANO,Parent 2,SSR,SSR,20,32.0,Lacombe et al. 2013,10.1007/s00122-012-1988-2,2013,confirmed,Half validation of breeder's data. | nSSR: 20/0
GRANOIR,GAMAY NOIR,Parent 1,SSR,SSR,20,41.9,Lacombe et al. 2013,10.1007/s00122-012-1988-2,2013,confirmed,Validation of breeder's data. | nSSR: 20/0
GRANOIR,REICHENSTEINER,Parent 2,SSR,SSR,20,41.9,Lacombe et al. 2013,10.1007/s00122-012-1988-2,2013,confirmed,Validation of breeder's data. | nSSR: 20/0
GREACA,BICANE,Parent 1,SSR,SSR,20,30.34,Lacombe et al. 2013,10.1007/s00122-012-1988-2,2013,confirmed,Validation of breeder's data. | nSSR: 20/0
GREACA,F DATTIER DE BEYROUTH = AFUZ ALI,Parent 2,SSR,SSR,20,30.34,Lacombe et al. 2013,10.1007/s00122-012-1988-2,2013,confirmed,Validation of breeder's data. | nSSR: 20/0
GRECO NERO,TERRANO,Parent 1,SSR,SSR,20,39.2,Lacombe et al. 2013,10.1007/s00122-012-1988-2,2013,confirmed,nSSR: 20/0
GRECO NERO,GRENACHE = GARNACHA,Parent 2,SSR,SSR,20,39.2,Lacombe et al. 2013,10.1007/s00122-012-1988-2,2013,confirmed,nSSR: 20/0
GRILLO,CATARRATTO BIANCO,Parent 1,SSR,SSR,20,33.4,Lacombe et al. 2013,10.1007/s00122-012-1988-2,2013,confirmed,Confirmation of prior publication: Di Vecchi Staraz 2007; Cipriani 2010; (and half Maitti 2006) | nSSR: 20/0
GRILLO,MUSCAT D'ALEXANDRIE,Parent 2,SSR,SSR,20,33.4,Lacombe et al. 2013,10.1007/s00122-012-1988-2,2013,confirmed,Confirmation of prior publication: Di Vecchi Staraz 2007; Cipriani 2010; (and half Maitti 2006) | nSSR: 20/0
GROCANKA,PERLE DE CSABA,Parent 1,SSR,SSR,20,38.21,Lacombe et al. 2013,10.1007/s00122-012-1988-2,2013,confirmed,Validation of breeder's data. | nSSR: 20/0
GROCANKA,DATTIER DE BEYROUTH = AFUZ ALI,Parent 2,SSR,SSR,20,38.21,Lacombe et al. 2013,10.1007/s00122-012-1988-2,2013,confirmed,Validation of breeder's data. | nSSR: 20/0
GROS BEC,PINOT,Parent 1,SSR,SSR,20,30.39,Lacombe et al. 2013,10.1007/s00122-012-1988-2,2013,confirmed,Confirmation of prior publication: Boursiquot 2004; Di Vecchi | nSSR: 20/0
GROS BEC,GOUAIS BLANC = HEUNISCH WEISS,Parent 2,SSR,SSR,20,30.39,Lacombe et al. 2013,10.1007/s00122-012-1988-2,2013,confirmed,Confirmation of prior publication: Boursiquot 2004; Di Vecchi | nSSR: 20/0
GROS CABERNET,TXAKOLI,Parent 1,SSR,SSR,20,32.29,Lacombe et al. 2013,10.1007/s00122-012-1988-2,2013,probable,Confirmation of prior publication: Boursiquot 2009 | nSSR: 20/1
GROS CABERNET,FER,Parent 2,SSR,SSR,20,32.29,Lacombe et al. 2013,10.1007/s00122-012-1988-2,2013,probable,Confirmation of prior publication: Boursiquot 2009 | nSSR: 20/1
GROS COLMAN,FURJMONY FEHER,Parent 1,SSR,SSR,20,39.07,Lacombe et al. 2013,10.1007/s00122-012-1988-2,2013,confirmed,nSSR: 20/0
GROS COLMAN,F KADARKA,Parent 2,SSR,SSR,20,39.07,Lacombe et al. 2013,10.1007/s00122-012-1988-2,2013,confirmed,nSSR: 20/0
GROS COURBU DE SEMIS,AOUILLAT,Parent 1,SSR,SSR,20,46.47,Lacombe et al. 2013,10.1007/s00122-012-1988-2,2013,confirmed,nSSR: 20/0
GROS COURBU DE SEMIS,F COURBU,Parent 2,SSR,SSR,20,46.47,Lacombe et al. 2013,10.1007/s00122-012-1988-2,2013,confirmed,nSSR: 20/0
GROS MANSENG DE LUCQ,CABERNET FRANC,Parent 1,SSR,SSR,20,48.61,Lacombe et al. 2013,10.1007/s00122-012-1988-2,2013,confirmed,nSSR: 20/0
GROS MANSENG DE LUCQ,GROS MANSENG,Parent 2,SSR,SSR,20,48.61,Lacombe et al. 2013,10.1007/s00122-012-1988-2,2013,confirmed,nSSR: 20/0
GROS MANSOIS,CAHOURS,Parent 1,SSR,SSR,20,42.09,Lacombe et al. 2013,10.1007/s00122-012-1988-2,2013,confirmed,nSSR: 20/0
GROS MANSOIS,FER,Parent 2,SSR,SSR,20,42.09,Lacombe et al. 2013,10.1007/s00122-012-1988-2,2013,confirmed,nSSR: 20/0
GROS MAROC,BLACK MOROCCO,Parent 1,SSR,SSR,20,39.37,Lacombe et al. 2013,10.1007/s00122-012-1988-2,2013,confirmed,nSSR: 20/0
GROS MAROC,F FRANKENTHAL = SCHIAVA GROSSA,Parent 2,SSR,SSR,20,39.37,Lacombe et al. 2013,10.1007/s00122-012-1988-2,2013,confirmed,nSSR: 20/0
GROS PÉJAC,BOUCHALÈS,Parent 1,SSR,SSR,20,38.91,Lacombe et al. 2013,10.1007/s00122-012-1988-2,2013,confirmed,nSSR: 20/0
GROS PÉJAC,VALDIGUIÉ PISSAÏRÉ,Parent 2,SSR,SSR,20,38.91,Lacombe et al. 2013,10.1007/s00122-012-1988-2,2013,confirmed,nSSR: 20/0
GROSSE JACQUÈRE,GRAIN,Parent 1,SSR,SSR,20,32.18,Lacombe et al. 2013,10.1007/s00122-012-1988-2,2013,confirmed,Half confirmation of prior publication: Boursiquot 2004 | nSSR: 20/0
GROSSE JACQUÈRE,GOUAIS BLANC = HEUNISCH WEISS,Parent 2,SSR,SSR,20,32.18,Lacombe et al. 2013,10.1007/s00122-012-1988-2,2013,confirmed,Half confirmation of prior publication: Boursiquot 2004 | nSSR: 20/0
GROSSE ROUSSETTE,ALTESSE,Parent 1,SSR,SSR,20,24.61,Lacombe et al. 2013,10.1007/s00122-012-1988-2,2013,probable,Half confirmation of prior publication: Boursiquot 2004 | nSSR: 20/1
GROSSE ROUSSETTE,GOUAIS BLANC = HEUNISCH WEISS,Parent 2,SSR,SSR,20,24.61,Lacombe et al. 2013,10.1007/s00122-012-1988-2,2013,probable,Half confirmation of prior publication: Boursiquot 2004 | nSSR: 20/1
GUIGNARD DE SAINTOURS,MAGDELEINE NOIRE DES CHARENTES GOUAIS BLANC = HEUNISCH WEISS,Parent 1,SSR,SSR,20,43.72,Lacombe et al. 2013,10.1007/s00122-012-1988-2,2013,confirmed,Confirmation of prior publication: Boursiquot 2009 | nSSR: 20/0
GUILLEMOT,MANSENG NOIR,Parent 1,SSR,SSR,20,39.16,Lacombe et al. 2013,10.1007/s00122-012-1988-2,2013,confirmed,nSSR: 20/0
GUILLEMOT,VERJUS,Parent 2,SSR,SSR,20,39.16,Lacombe et al. 2013,10.1007/s00122-012-1988-2,2013,confirmed,nSSR: 20/0
GUINRINSKY,BRAGHINA = DINKA VÖRÖS,Parent 1,SSR,SSR,20,27.49,Lacombe et al. 2013,10.1007/s00122-012-1988-2,2013,probable,nSSR: 20/1
GUINRINSKY,F BERBECEL = APROFEHER,Parent 2,SSR,SSR,20,27.49,Lacombe et al. 2013,10.1007/s00122-012-1988-2,2013,probable,nSSR: 20/1
GUZAL KARA,KATTA‐KOURGAN,Parent 1,SSR,SSR,20,48.93,Lacombe et al. 2013,10.1007/s00122-012-1988-2,2013,confirmed,Validation of breeder's data. | nSSR: 20/0
GUZAL KARA,F GROS COLMAN,Parent 2,SSR,SSR,20,48.93,Lacombe et al. 2013,10.1007/s00122-012-1988-2,2013,confirmed,Validation of breeder's data. | nSSR: 20/0
GYÖNGY SZÖLÖ,MATHIASZ JANOSNE = MATHIASZ 210 AÏN EL BOUMA,Parent 1,SSR,SSR,20,36.7,Lacombe et al. 2013,10.1007/s00122-012-1988-2,2013,confirmed,nSSR: 20/0
HÄNGLING BLAU (COLLECTION OBERLIN) PINOT,PINOT,Parent 1,SSR,SSR,20,44.6,Lacombe et al. 2013,10.1007/s00122-012-1988-2,2013,confirmed,nSSR: 20/0
HEGEDÜS SANDOR,MATHIASZ JANOSNE = MATHIASZ 210 HARSLEVELU,Parent 1,SSR,SSR,20,46.96,Lacombe et al. 2013,10.1007/s00122-012-1988-2,2013,confirmed,Validation of breeder's data. | nSSR: 20/0
HEGOA,SAVAGNIN BLANC,Parent 1,SSR,SSR,20,46.09,Lacombe et al. 2013,10.1007/s00122-012-1988-2,2013,confirmed,Half validation of breeder's data. | nSSR: 20/0
HEGOA,PETIT COURBU,Parent 2,SSR,SSR,20,46.09,Lacombe et al. 2013,10.1007/s00122-012-1988-2,2013,confirmed,Half validation of breeder's data. | nSSR: 20/0
HELFENSTEINER = WE S 5332,PINOT,Parent 1,SSR,SSR,20,35.38,Lacombe et al. 2013,10.1007/s00122-012-1988-2,2013,confirmed,Validation of breeder's data. | nSSR: 20/0
HELFENSTEINER = WE S 5332,FRANKENTHAL = SCHIAVA GROSSA,Parent 2,SSR,SSR,20,35.38,Lacombe et al. 2013,10.1007/s00122-012-1988-2,2013,confirmed,Validation of breeder's data. | nSSR: 20/0
HEROLDREBE = WE S 130,LIMBERGER = BLAUFRÄNKISCH,Parent 1,SSR,SSR,20,50.9,Lacombe et al. 2013,10.1007/s00122-012-1988-2,2013,confirmed,Validation of breeder's data. | nSSR: 20/0
HEROLDREBE = WE S 130,PORTUGAIS BLEU,Parent 2,SSR,SSR,20,50.9,Lacombe et al. 2013,10.1007/s00122-012-1988-2,2013,confirmed,Validation of breeder's data. | nSSR: 20/0
HÖLDER = WE S 397,PINOT,Parent 1,SSR,SSR,20,29.78,Lacombe et al. 2013,10.1007/s00122-012-1988-2,2013,confirmed,Validation of breeder's data. | nSSR: 20/0
HÖLDER = WE S 397,RIESLING WEISS,Parent 2,SSR,SSR,20,29.78,Lacombe et al. 2013,10.1007/s00122-012-1988-2,2013,confirmed,Validation of breeder's data. | nSSR: 20/0
HOSSZUNYELU,BRAGHINA = DINKA VÖRÖS,Parent 1,SSR,SSR,20,46.48,Lacombe et al. 2013,10.1007/s00122-012-1988-2,2013,confirmed,nSSR: 20/0
HOSSZUNYELU,F LISZTES FEHER,Parent 2,SSR,SSR,20,46.48,Lacombe et al. 2013,10.1007/s00122-012-1988-2,2013,confirmed,nSSR: 20/0
HOUSSEIN ROUGE,NEGRU MARE,Parent 1,SSR,SSR,20,46.84,Lacombe et al. 2013,10.1007/s00122-012-1988-2,2013,confirmed,nSSR: 20/0
HOUSSEIN ROUGE,F KHOUSSAÏNÉ BLANC,Parent 2,SSR,SSR,20,46.84,Lacombe et al. 2013,10.1007/s00122-012-1988-2,2013,confirmed,nSSR: 20/0
HUXELREBE = ALZEY 3962,ELBLING,Parent 1,SSR,SSR,20,21.87,Lacombe et al. 2013,10.1007/s00122-012-1988-2,2013,confirmed,Invalidation of breeder's data. | nSSR: 16/0
HUXELREBE = ALZEY 3962,MUSCAT PRÉCOCE DE SAUMUR,Parent 2,SSR,SSR,20,21.87,Lacombe et al. 2013,10.1007/s00122-012-1988-2,2013,confirmed,Invalidation of breeder's data. | nSSR: 16/0
ICOD DE LOS VINOS,NEGRA MOLE = MOLLAR,Parent 1,SSR,SSR,20,43.09,Lacombe et al. 2013,10.1007/s00122-012-1988-2,2013,confirmed,nSSR: 20/0
ICOD DE LOS VINOS,LISTAN = PALOMINO FINO,Parent 2,SSR,SSR,20,43.09,Lacombe et al. 2013,10.1007/s00122-012-1988-2,2013,confirmed,nSSR: 20/0
IDA,MATHIASZ JANOSNE = MATHIASZ 210 HARSLEVELU,Parent 1,SSR,SSR,20,43.42,Lacombe et al. 2013,10.1007/s00122-012-1988-2,2013,confirmed,Validation of breeder's data. | nSSR: 20/0
IGNEA = PIROVANO 185,ANGELO PIROVANO = PIROVANO 2 DELIZIA DI VAPRIO = PIROVANO 46 A,Parent 1,SSR,SSR,20,27.43,Lacombe et al. 2013,10.1007/s00122-012-1988-2,2013,probable,Validation of breeder's data. Confirmation of prior publication: | nSSR: 20/1
IMPERO = PIROVANO 264,MUSCAT DE HAMBOURG,Parent 1,SSR,SSR,20,24.57,Lacombe et al. 2013,10.1007/s00122-012-1988-2,2013,probable,Validation of breeder's data. | nSSR: 17/1
IMPERO = PIROVANO 264,CICLOPICA = PIROVANO 60,Parent 2,SSR,SSR,20,24.57,Lacombe et al. 2013,10.1007/s00122-012-1988-2,2013,probable,Validation of breeder's data. | nSSR: 17/1
IRSAY OLIVER,PERLE DE CSABA,Parent 1,SSR,SSR,20,37.28,Lacombe et al. 2013,10.1007/s00122-012-1988-2,2013,confirmed,Validation of breeder's data. Confirmation of prior publication: Kiss 2006; Galbacs 2009 | nSSR: 20/0
IRSAY OLIVER,POZSONYI FEHER,Parent 2,SSR,SSR,20,37.28,Lacombe et al. 2013,10.1007/s00122-012-1988-2,2013,confirmed,Validation of breeder's data. Confirmation of prior publication: Kiss 2006; Galbacs 2009 | nSSR: 20/0
ISA,CARDINAL = G 10‐30,Parent 1,SSR,SSR,20,39.74,Lacombe et al. 2013,10.1007/s00122-012-1988-2,2013,confirmed,Validation of breeder's data. Confirmation of prior publication: Di Vecchi Staraz 2005 | nSSR: 20/0
ISA,GLORIA HUNGARIAE,Parent 2,SSR,SSR,20,39.74,Lacombe et al. 2013,10.1007/s00122-012-1988-2,2013,confirmed,Validation of breeder's data. Confirmation of prior publication: Di Vecchi Staraz 2005 | nSSR: 20/0
ITALIA = PIROVANO 65,BICANE,Parent 1,SSR,SSR,20,34.32,Lacombe et al. 2013,10.1007/s00122-012-1988-2,2013,confirmed,Validation of breeder's data. Confirmation of prior publication: Crespan 1999; Ibañez 2009; Cipriani 2010; (but not Myles 2011) | nSSR: 20/0
ITALIA = PIROVANO 65,F MUSCAT DE HAMBOURG,Parent 2,SSR,SSR,20,34.32,Lacombe et al. 2013,10.1007/s00122-012-1988-2,2013,confirmed,Validation of breeder's data. Confirmation of prior publication: Crespan 1999; Ibañez 2009; Cipriani 2010; (but not Myles 2011) | nSSR: 20/0
ITHAKI,REINE DES VIGNES,Parent 1,SSR,SSR,20,33.35,Lacombe et al. 2013,10.1007/s00122-012-1988-2,2013,confirmed,Half validation of breeder's data. Confirmation of prior publication: Lacombe 2010 | nSSR: 20/0
ITHAKI,CINSAUT,Parent 2,SSR,SSR,20,33.35,Lacombe et al. 2013,10.1007/s00122-012-1988-2,2013,confirmed,Half validation of breeder's data. Confirmation of prior publication: Lacombe 2010 | nSSR: 20/0
IVAN,ROSA MENNA DI VACCA,Parent 1,SSR,SSR,20,27.52,Lacombe et al. 2013,10.1007/s00122-012-1988-2,2013,probable,Validation of breeder's data. | nSSR: 20/1
IVAN,F MATHIASZ JANOSNE = MATHIASZ 210,Parent 2,SSR,SSR,20,27.52,Lacombe et al. 2013,10.1007/s00122-012-1988-2,2013,probable,Validation of breeder's data. | nSSR: 20/1
JAEN NEGRO,MISSION = PAIS,Parent 1,SSR,SSR,20,34.33,Lacombe et al. 2013,10.1007/s00122-012-1988-2,2013,confirmed,Confirmation of prior publication: This 2006 | nSSR: 20/0
JAEN NEGRO,PARDINA = JAEN BLANCO,Parent 2,SSR,SSR,20,34.33,Lacombe et al. 2013,10.1007/s00122-012-1988-2,2013,confirmed,Confirmation of prior publication: This 2006 | nSSR: 20/0
JAVOR GROSS,ALBA IMPUTOTATO,Parent 1,SSR,SSR,20,36.2,Lacombe et al. 2013,10.1007/s00122-012-1988-2,2013,confirmed,nSSR: 20/0
JAVOR GROSS,F GOUAIS BLANC = HEUNISCH WEISS,Parent 2,SSR,SSR,20,36.2,Lacombe et al. 2013,10.1007/s00122-012-1988-2,2013,confirmed,nSSR: 20/0
JEAN BERNATH,MATHIASZ JANOSNE = MATHIASZ 210 KADARKA,Parent 1,SSR,SSR,20,42.19,Lacombe et al. 2013,10.1007/s00122-012-1988-2,2013,confirmed,Validation of breeder's data. | nSSR: 20/0
JEAN MACÉ,GORDIN = ALIMCHAK,Parent 1,SSR,SSR,20,33.67,Lacombe et al. 2013,10.1007/s00122-012-1988-2,2013,confirmed,Half validation of breeder's data. | nSSR: 17/0
JEAN MACÉ,MADELEINE ROYALE,Parent 2,SSR,SSR,20,33.67,Lacombe et al. 2013,10.1007/s00122-012-1988-2,2013,confirmed,Half validation of breeder's data. | nSSR: 17/0
JO RIZLING,RIESLING ITALICO,Parent 1,SSR,SSR,20,44.16,Lacombe et al. 2013,10.1007/s00122-012-1988-2,2013,confirmed,Invalidation of breeder's data. | nSSR: 20/0
JO RIZLING,CHASSELAS,Parent 2,SSR,SSR,20,44.16,Lacombe et al. 2013,10.1007/s00122-012-1988-2,2013,confirmed,Invalidation of breeder's data. | nSSR: 20/0
JOUBERTIN,PERSAN,Parent 1,SSR,SSR,20,38.18,Lacombe et al. 2013,10.1007/s00122-012-1988-2,2013,confirmed,Confirmation of prior publication: IFV 2007 | nSSR: 20/0
JOUBERTIN,PELOURSIN,Parent 2,SSR,SSR,20,38.18,Lacombe et al. 2013,10.1007/s00122-012-1988-2,2013,confirmed,Confirmation of prior publication: IFV 2007 | nSSR: 20/0
JUBILEUM 75 = K 11,KÖVIDINKA,Parent 1,SSR,SSR,20,20.36,Lacombe et al. 2013,10.1007/s00122-012-1988-2,2013,probable,Invalidation of breeder's data. | nSSR: 19/1
JUBILEUM 75 = K 11,SAVAGNIN BLANC,Parent 2,SSR,SSR,20,20.36,Lacombe et al. 2013,10.1007/s00122-012-1988-2,2013,probable,Invalidation of breeder's data. | nSSR: 19/1
JULIUS CAESAR,PERLE DE CSABA,Parent 1,SSR,SSR,20,30.01,Lacombe et al. 2013,10.1007/s00122-012-1988-2,2013,probable,Validation of breeder's data. | nSSR: 20/1
JULIUS CAESAR,CHASSELAS,Parent 2,SSR,SSR,20,30.01,Lacombe et al. 2013,10.1007/s00122-012-1988-2,2013,probable,Validation of breeder's data. | nSSR: 20/1
JURANÇON BLANC,FOLLE BLANCHE,Parent 1,SSR,SSR,20,33.5,Lacombe et al. 2013,10.1007/s00122-012-1988-2,2013,confirmed,Invalidation of prior publication: Boursiquot 2004 | nSSR: 20/0
JURANÇON BLANC,PRUERAS,Parent 2,SSR,SSR,20,33.5,Lacombe et al. 2013,10.1007/s00122-012-1988-2,2013,confirmed,Invalidation of prior publication: Boursiquot 2004 | nSSR: 20/0
JURANÇON NOIR,FOLLE BLANCHE,Parent 1,SSR,SSR,20,37.42,Lacombe et al. 2013,10.1007/s00122-012-1988-2,2013,confirmed,Confirmation of prior publication: IFV 2007 | nSSR: 20/0
JURANÇON NOIR,COT = MALBEC,Parent 2,SSR,SSR,20,37.42,Lacombe et al. 2013,10.1007/s00122-012-1988-2,2013,confirmed,Confirmation of prior publication: IFV 2007 | nSSR: 20/0
KADARKA KEK,TOTIKA,Parent 1,SSR,SSR,20,39.66,Lacombe et al. 2013,10.1007/s00122-012-1988-2,2013,confirmed,But contradictory with parentage of cv. Totika (#3455) | nSSR: 20/0
KADARKA KEK,PAPASKARASI,Parent 2,SSR,SSR,20,39.66,Lacombe et al. 2013,10.1007/s00122-012-1988-2,2013,confirmed,But contradictory with parentage of cv. Totika (#3455) | nSSR: 20/0
KAISERMUSKAT,RIESLING WEISS,Parent 1,SSR,SSR,20,39.24,Lacombe et al. 2013,10.1007/s00122-012-1988-2,2013,confirmed,Validation of breeder's data. | nSSR: 20/0
KAISERMUSKAT,MUSCAT SAINT‐LAURENT,Parent 2,SSR,SSR,20,39.24,Lacombe et al. 2013,10.1007/s00122-012-1988-2,2013,confirmed,Validation of breeder's data. | nSSR: 20/0
KANDAHAR,KATTA‐KOURGAN,Parent 1,SSR,SSR,20,50.25,Lacombe et al. 2013,10.1007/s00122-012-1988-2,2013,confirmed,nSSR: 20/0
KANDAHAR,F SULTANINE,Parent 2,SSR,SSR,20,50.25,Lacombe et al. 2013,10.1007/s00122-012-1988-2,2013,confirmed,nSSR: 20/0
KANZLER = ALZEY 3983,SYLVANER,Parent 1,SSR,SSR,20,35.15,Lacombe et al. 2013,10.1007/s00122-012-1988-2,2013,confirmed,Validation of breeder's data. | nSSR: 20/0
KANZLER = ALZEY 3983,MÜLLER‐THURGAU,Parent 2,SSR,SSR,20,35.15,Lacombe et al. 2013,10.1007/s00122-012-1988-2,2013,confirmed,Validation of breeder's data. | nSSR: 20/0
KARASAKIS FAUX,MUSCAT D'ALEXANDRIE,Parent 1,SSR,SSR,20,37.01,Lacombe et al. 2013,10.1007/s00122-012-1988-2,2013,confirmed,nSSR: 20/0
KARASAKIS FAUX,ITALIA = PIROVANO 65,Parent 2,SSR,SSR,20,37.01,Lacombe et al. 2013,10.1007/s00122-012-1988-2,2013,confirmed,nSSR: 20/0
KARMIR KAKHANI,TANA KOUZY,Parent 1,SSR,SSR,20,31.59,Lacombe et al. 2013,10.1007/s00122-012-1988-2,2013,probable,nSSR: 19/1
KARMIR KAKHANI,ND SEVAN,Parent 2,SSR,SSR,20,31.59,Lacombe et al. 2013,10.1007/s00122-012-1988-2,2013,probable,nSSR: 19/1
KARMRAIUTE,ADISSI,Parent 1,SSR,SSR,20,42.91,Lacombe et al. 2013,10.1007/s00122-012-1988-2,2013,probable,Half validation of breeder's data. | nSSR: 20/1
KARMRAIUTE,PETIT BOUSCHET,Parent 2,SSR,SSR,20,42.91,Lacombe et al. 2013,10.1007/s00122-012-1988-2,2013,probable,Half validation of breeder's data. | nSSR: 20/1
KATTA KURGAN X PERLETTA 15‐42 KATTA‐KOURGAN,F PERLETTE,Parent 1,SSR,SSR,20,43.15,Lacombe et al. 2013,10.1007/s00122-012-1988-2,2013,confirmed,Validation of breeder's data. | nSSR: 20/0
KECSKEMETI IZES,POZSONYI FEHER,Parent 1,SSR,SSR,20,41.67,Lacombe et al. 2013,10.1007/s00122-012-1988-2,2013,confirmed,Validation of breeder's data. | nSSR: 20/0
KECSKEMETI IZES,HOSSZUNYELU,Parent 2,SSR,SSR,20,41.67,Lacombe et al. 2013,10.1007/s00122-012-1988-2,2013,confirmed,Validation of breeder's data. | nSSR: 20/0
KECSKEMETI RIZLING,POZSONYI FEHER,Parent 1,SSR,SSR,20,37.84,Lacombe et al. 2013,10.1007/s00122-012-1988-2,2013,confirmed,Validation of breeder's data. | nSSR: 20/0
KECSKEMETI RIZLING,HOSSZUNYELU,Parent 2,SSR,SSR,20,37.84,Lacombe et al. 2013,10.1007/s00122-012-1988-2,2013,confirmed,Validation of breeder's data. | nSSR: 20/0
KÉK KADARKA,FURJMONY FEHER,Parent 1,SSR,SSR,20,42.53,Lacombe et al. 2013,10.1007/s00122-012-1988-2,2013,confirmed,nSSR: 20/0
KÉK KADARKA,F KADARKA,Parent 2,SSR,SSR,20,42.53,Lacombe et al. 2013,10.1007/s00122-012-1988-2,2013,confirmed,nSSR: 20/0
KÉKMEDOC,CHASSELAS,Parent 1,SSR,SSR,20,37.59,Lacombe et al. 2013,10.1007/s00122-012-1988-2,2013,confirmed,nSSR: 20/0
KÉKMEDOC,MUSCAT D'EISENSTADT,Parent 2,SSR,SSR,20,37.59,Lacombe et al. 2013,10.1007/s00122-012-1988-2,2013,confirmed,nSSR: 20/0
KERNER = WE S 25‐30,RIESLING WEISS,Parent 1,SSR,SSR,20,33.66,Lacombe et al. 2013,10.1007/s00122-012-1988-2,2013,confirmed,Validation of breeder's data. Confirmation of prior publication: | nSSR: 20/0
KERNER = WE S 25‐30,FRANKENTHAL = SCHIAVA GROSSA,Parent 2,SSR,SSR,20,33.66,Lacombe et al. 2013,10.1007/s00122-012-1988-2,2013,confirmed,Validation of breeder's data. Confirmation of prior publication: | nSSR: 20/0
KIBRAÏSKI,CHAOUCH BLANC,Parent 1,SSR,SSR,20,42.13,Lacombe et al. 2013,10.1007/s00122-012-1988-2,2013,probable,nSSR: 20/1
KIBRAÏSKI,F KICHMICH TCHERNI,Parent 2,SSR,SSR,20,42.13,Lacombe et al. 2013,10.1007/s00122-012-1988-2,2013,probable,nSSR: 20/1
KICHMICH CHICHRAOU,ANGOOR KALAN,Parent 1,SSR,SSR,20,31.95,Lacombe et al. 2013,10.1007/s00122-012-1988-2,2013,probable,Half confirmation of prior publication: Myles 2011 | nSSR: 19/1
KICHMICH CHICHRAOU,F KICHMICH TCHERNI,Parent 2,SSR,SSR,20,31.95,Lacombe et al. 2013,10.1007/s00122-012-1988-2,2013,probable,Half confirmation of prior publication: Myles 2011 | nSSR: 19/1
KINCSEM,MATHIASZ JANOSNE = MATHIASZ 210 KÖVIDINKA,Parent 1,SSR,SSR,20,30.5,Lacombe et al. 2013,10.1007/s00122-012-1988-2,2013,probable,Validation of breeder's data. | nSSR: 20/1
KISHMISH VATKANA,VASSARGA TCHERNAIA,Parent 1,SSR,SSR,20,37.67,Lacombe et al. 2013,10.1007/s00122-012-1988-2,2013,confirmed,"Half confirmation of prior publication: Coleman 2010, and confirmed by UC Davis result (S. Riaz, personnal communication) | nSSR: 19/0"
KISHMISH VATKANA,F SULTANINE,Parent 2,SSR,SSR,20,37.67,Lacombe et al. 2013,10.1007/s00122-012-1988-2,2013,confirmed,"Half confirmation of prior publication: Coleman 2010, and confirmed by UC Davis result (S. Riaz, personnal communication) | nSSR: 19/0"
KIZIL SAPAK FAUX,KARA UZYUM NUKHURSKII,Parent 1,SSR,SSR,20,50.28,Lacombe et al. 2013,10.1007/s00122-012-1988-2,2013,probable,nSSR: 20/1
KIZIL SAPAK FAUX,F AK CHEKEREK,Parent 2,SSR,SSR,20,50.28,Lacombe et al. 2013,10.1007/s00122-012-1988-2,2013,probable,nSSR: 20/1
KIZIL YAKDONA,TAGOBI,Parent 1,SSR,SSR,20,57.07,Lacombe et al. 2013,10.1007/s00122-012-1988-2,2013,confirmed,nSSR: 20/0
KIZIL YAKDONA,F KHOUSSAÏNÉ BLANC,Parent 2,SSR,SSR,20,57.07,Lacombe et al. 2013,10.1007/s00122-012-1988-2,2013,confirmed,nSSR: 20/0
KLEINRAUSCHLING,GOUAIS BLANC = HEUNISCH WEISS SAVAGNIN = TRAMINER,Parent 1,SSR,SSR,20,36.51,Lacombe et al. 2013,10.1007/s00122-012-1988-2,2013,confirmed,nSSR: 20/0
KNIPPERLÉ,PINOT,Parent 1,SSR,SSR,20,29.58,Lacombe et al. 2013,10.1007/s00122-012-1988-2,2013,confirmed,Confirmation of prior publication: Bowers 1998 and 1999 | nSSR: 20/0
KNIPPERLÉ,GOUAIS BLANC = HEUNISCH WEISS,Parent 2,SSR,SSR,20,29.58,Lacombe et al. 2013,10.1007/s00122-012-1988-2,2013,confirmed,Confirmation of prior publication: Bowers 1998 and 1999 | nSSR: 20/0
KNIPPERLÉ PRÉCOCE FAUX,KNIPPERLÉ,Parent 1,SSR,SSR,20,37.14,Lacombe et al. 2013,10.1007/s00122-012-1988-2,2013,confirmed,nSSR: 20/0
KNIPPERLÉ PRÉCOCE FAUX,KNIPPERLÉ,Parent 2,SSR,SSR,20,37.14,Lacombe et al. 2013,10.1007/s00122-012-1988-2,2013,confirmed,nSSR: 20/0
KNIPPERLÉ TARDIF FAUX,KNIPPERLÉ,Parent 1,SSR,SSR,20,43.06,Lacombe et al. 2013,10.1007/s00122-012-1988-2,2013,confirmed,nSSR: 20/0
KNIPPERLÉ TARDIF FAUX,KNIPPERLÉ,Parent 2,SSR,SSR,20,43.06,Lacombe et al. 2013,10.1007/s00122-012-1988-2,2013,confirmed,nSSR: 20/0
KOCSIS IRMA,EZEREVES MAGYARORSZAG EMLEKE THALLOCSY LAJOS MUSKOTALY =,Parent 1,SSR,SSR,20,33.27,Lacombe et al. 2013,10.1007/s00122-012-1988-2,2013,confirmed,Validation of breeder's data. | nSSR: 20/0
KOCSIS IRMA,MUSCAT THALLOCSY,Parent 2,SSR,SSR,20,33.27,Lacombe et al. 2013,10.1007/s00122-012-1988-2,2013,confirmed,Validation of breeder's data. | nSSR: 20/0
KOCSIS PAL SZILVANIJA,TOMPA MIHALY,Parent 1,SSR,SSR,20,40.39,Lacombe et al. 2013,10.1007/s00122-012-1988-2,2013,confirmed,Invalidation of breeder's data. | nSSR: 20/0
KOCSIS PAL SZILVANIJA,FURMINT,Parent 2,SSR,SSR,20,40.39,Lacombe et al. 2013,10.1007/s00122-012-1988-2,2013,confirmed,Invalidation of breeder's data. | nSSR: 20/0
KOCSIS SANDOR,MATHIASZ JANOSNE = MATHIASZ 210 HARSLEVELU,Parent 1,SSR,SSR,20,29.77,Lacombe et al. 2013,10.1007/s00122-012-1988-2,2013,probable,Validation of breeder's data. | nSSR: 20/1
KOK KHABAKH,MADELEINE ANGEVINE,Parent 1,SSR,SSR,20,35.07,Lacombe et al. 2013,10.1007/s00122-012-1988-2,2013,confirmed,nSSR: 20/0
KOK KHABAKH,F NAOSÉ,Parent 2,SSR,SSR,20,35.07,Lacombe et al. 2013,10.1007/s00122-012-1988-2,2013,confirmed,nSSR: 20/0
KÖNIGSTRAUBE FAUX,PINOT,Parent 1,SSR,SSR,20,33.53,Lacombe et al. 2013,10.1007/s00122-012-1988-2,2013,confirmed,nSSR: 20/0
KÖNIGSTRAUBE FAUX,GOUAIS BLANC = HEUNISCH WEISS,Parent 2,SSR,SSR,20,33.53,Lacombe et al. 2013,10.1007/s00122-012-1988-2,2013,confirmed,nSSR: 20/0
KOSOROTOVSKII,COARNA ALBA,Parent 1,SSR,SSR,20,40.22,Lacombe et al. 2013,10.1007/s00122-012-1988-2,2013,confirmed,Half validation of breeder's data. | nSSR: 20/0
KOSOROTOVSKII,F PLAVAÏ,Parent 2,SSR,SSR,20,40.22,Lacombe et al. 2013,10.1007/s00122-012-1988-2,2013,confirmed,Half validation of breeder's data. | nSSR: 20/0
KOSOVSKA RANA,BOUVIER,Parent 1,SSR,SSR,20,41.13,Lacombe et al. 2013,10.1007/s00122-012-1988-2,2013,confirmed,Half validation of breeder's data. | nSSR: 20/0
KOSOVSKA RANA,MUSCAT DE HAMBOURG,Parent 2,SSR,SSR,20,41.13,Lacombe et al. 2013,10.1007/s00122-012-1988-2,2013,confirmed,Half validation of breeder's data. | nSSR: 20/0
KOURTSEITE AGANIN ISIOUM,TASCHLY,Parent 1,SSR,SSR,20,43.84,Lacombe et al. 2013,10.1007/s00122-012-1988-2,2013,confirmed,nSSR: 20/0
KOURTSEITE AGANIN ISIOUM,F SCHABASCHE,Parent 2,SSR,SSR,20,43.84,Lacombe et al. 2013,10.1007/s00122-012-1988-2,2013,confirmed,nSSR: 20/0
KOVACS KREGER,COARNA ALBA,Parent 1,SSR,SSR,20,32.38,Lacombe et al. 2013,10.1007/s00122-012-1988-2,2013,confirmed,nSSR: 20/0
KOVACS KREGER,F FURMINT,Parent 2,SSR,SSR,20,32.38,Lacombe et al. 2013,10.1007/s00122-012-1988-2,2013,confirmed,nSSR: 20/0
KÖVER SZÖLÖ FAUX,ALBA IMPUTOTATO,Parent 1,SSR,SSR,20,42.13,Lacombe et al. 2013,10.1007/s00122-012-1988-2,2013,confirmed,nSSR: 20/0
KÖVER SZÖLÖ FAUX,F GOUAIS BLANC = HEUNISCH WEISS,Parent 2,SSR,SSR,20,42.13,Lacombe et al. 2013,10.1007/s00122-012-1988-2,2013,confirmed,nSSR: 20/0
KURTELASKA,BOMBINO BIANCO,Parent 1,SSR,SSR,20,37.92,Lacombe et al. 2013,10.1007/s00122-012-1988-2,2013,confirmed,nSSR: 20/0
KURTELASKA,MOSTOSA = EMPIBOTTE BIANCO,Parent 2,SSR,SSR,20,37.92,Lacombe et al. 2013,10.1007/s00122-012-1988-2,2013,confirmed,nSSR: 20/0
LA ROCHELLE,BARLINKA,Parent 1,SSR,SSR,20,37.3,Lacombe et al. 2013,10.1007/s00122-012-1988-2,2013,confirmed,Validation of breeder's data. | nSSR: 20/0
LA ROCHELLE,ALPHONSE LAVALLÉE,Parent 2,SSR,SSR,20,37.3,Lacombe et al. 2013,10.1007/s00122-012-1988-2,2013,confirmed,Validation of breeder's data. | nSSR: 20/0
LACRIMA DI MARIA,GRAECO,Parent 1,SSR,SSR,20,43.6,Lacombe et al. 2013,10.1007/s00122-012-1988-2,2013,confirmed,nSSR: 20/0
LACRIMA DI MARIA,HEPTAKILO,Parent 2,SSR,SSR,20,43.6,Lacombe et al. 2013,10.1007/s00122-012-1988-2,2013,confirmed,nSSR: 20/0
LADY DOWNE'S SEEDLING,BLACK MOROCCO,Parent 1,SSR,SSR,20,41.32,Lacombe et al. 2013,10.1007/s00122-012-1988-2,2013,confirmed,Validation of breeder's data. Confirmation of prior publication: Vargas 2009 | nSSR: 20/0
LADY DOWNE'S SEEDLING,F MUSCAT D'ALEXANDRIE,Parent 2,SSR,SSR,20,41.32,Lacombe et al. 2013,10.1007/s00122-012-1988-2,2013,confirmed,Validation of breeder's data. Confirmation of prior publication: Vargas 2009 | nSSR: 20/0
LAFAYETTE,GORDIN = ALIMCHAK,Parent 1,SSR,SSR,20,40.12,Lacombe et al. 2013,10.1007/s00122-012-1988-2,2013,confirmed,Invalidation of breeder's data. | nSSR: 20/0
LAFAYETTE,MADELEINE ROYALE,Parent 2,SSR,SSR,20,40.12,Lacombe et al. 2013,10.1007/s00122-012-1988-2,2013,confirmed,Invalidation of breeder's data. | nSSR: 20/0
LAGAUZÈRE C,SEMILLON,Parent 1,SSR,SSR,20,31.01,Lacombe et al. 2013,10.1007/s00122-012-1988-2,2013,confirmed,Validation of breeder's data. | nSSR: 20/0
LAGAUZÈRE C,UGNI BLANC = TREBBIANO TOSCANO,Parent 2,SSR,SSR,20,31.01,Lacombe et al. 2013,10.1007/s00122-012-1988-2,2013,confirmed,Validation of breeder's data. | nSSR: 20/0
LAGREIN,TEROLDEGO,Parent 1,SSR,SSR,20,33.88,Lacombe et al. 2013,10.1007/s00122-012-1988-2,2013,confirmed,Confirmation of prior publication: Cipriani 2010; (and half | nSSR: 19/0
LAGREIN,URBAN BLAU = SCHIAVA GENTILE,Parent 2,SSR,SSR,20,33.88,Lacombe et al. 2013,10.1007/s00122-012-1988-2,2013,confirmed,Confirmation of prior publication: Cipriani 2010; (and half | nSSR: 19/0
LATINA = PIROVANO 711,ITALIA = PIROVANO 65,Parent 1,SSR,SSR,20,34.63,Lacombe et al. 2013,10.1007/s00122-012-1988-2,2013,confirmed,Validation of breeder's data. | nSSR: 20/0
LATINA = PIROVANO 711,ANGELO LONGO = PIROVANO 101,Parent 2,SSR,SSR,20,34.63,Lacombe et al. 2013,10.1007/s00122-012-1988-2,2013,confirmed,Validation of breeder's data. | nSSR: 20/0
L'ENFANT TROUVÉ,CHASSELAS,Parent 1,SSR,SSR,20,36.73,Lacombe et al. 2013,10.1007/s00122-012-1988-2,2013,confirmed,No information on the original cross. | nSSR: 20/0
L'ENFANT TROUVÉ,FRANKENTHAL = SCHIAVA GROSSA,Parent 2,SSR,SSR,20,36.73,Lacombe et al. 2013,10.1007/s00122-012-1988-2,2013,confirmed,No information on the original cross. | nSSR: 20/0
LESZ MEG HAZAM,MATHIASZ JANOSNE = MATHIASZ 210 KÖVIDINKA,Parent 1,SSR,SSR,20,22.59,Lacombe et al. 2013,10.1007/s00122-012-1988-2,2013,probable,Validation of breeder's data. | nSSR: 20/1
LIGNAN,BERMESTIA BIANCA,Parent 1,SSR,SSR,20,46.0,Lacombe et al. 2013,10.1007/s00122-012-1988-2,2013,confirmed,nSSR: 20/0
LIGNAN,F MADELEINE SALOMON = AGOSTENGA BLANC,Parent 2,SSR,SSR,20,46.0,Lacombe et al. 2013,10.1007/s00122-012-1988-2,2013,confirmed,nSSR: 20/0
LILIORILA,CHARDONNAY BLANC,Parent 1,SSR,SSR,20,37.47,Lacombe et al. 2013,10.1007/s00122-012-1988-2,2013,confirmed,Validation of breeder's data. Confirmation of prior publication: Di Vecchi Staraz 2006 | nSSR: 20/0
LILIORILA,BAROQUE,Parent 2,SSR,SSR,20,37.47,Lacombe et al. 2013,10.1007/s00122-012-1988-2,2013,confirmed,Validation of breeder's data. Confirmation of prior publication: Di Vecchi Staraz 2006 | nSSR: 20/0
LINNÉ,BLACK MOROCCO,Parent 1,SSR,SSR,20,38.73,Lacombe et al. 2013,10.1007/s00122-012-1988-2,2013,confirmed,No information on the original cross. | nSSR: 20/0
LINNÉ,F FRANKENTHAL = SCHIAVA GROSSA,Parent 2,SSR,SSR,20,38.73,Lacombe et al. 2013,10.1007/s00122-012-1988-2,2013,confirmed,No information on the original cross. | nSSR: 20/0
LITTORIO = PIROVANO 90,VERDEA,Parent 1,SSR,SSR,20,36.41,Lacombe et al. 2013,10.1007/s00122-012-1988-2,2013,confirmed,Half validation of breeder's data. | nSSR: 20/0
LITTORIO = PIROVANO 90,DORONA DI VENEZIA,Parent 2,SSR,SSR,20,36.41,Lacombe et al. 2013,10.1007/s00122-012-1988-2,2013,confirmed,Half validation of breeder's data. | nSSR: 20/0
LIVAL,ALPHONSE LAVALLÉE,Parent 1,SSR,SSR,20,41.36,Lacombe et al. 2013,10.1007/s00122-012-1988-2,2013,confirmed,Validation of breeder's data. Confirmation of prior publication: Di Vecchi Staraz 2005 | nSSR: 20/0
LIVAL,LIGNAN,Parent 2,SSR,SSR,20,41.36,Lacombe et al. 2013,10.1007/s00122-012-1988-2,2013,confirmed,Validation of breeder's data. Confirmation of prior publication: Di Vecchi Staraz 2005 | nSSR: 20/0
LOMBARDIA = PIROVANO 353,ANGELO PIROVANO = PIROVANO 2 ITALIA = PIROVANO 65,Parent 1,SSR,SSR,20,40.74,Lacombe et al. 2013,10.1007/s00122-012-1988-2,2013,confirmed,Validation of breeder's data. Confirmation of prior publication: | nSSR: 20/0
LOUALI,OUL B'OUZGUEUR,Parent 1,SSR,SSR,20,40.64,Lacombe et al. 2013,10.1007/s00122-012-1988-2,2013,confirmed,Confirmation of prior publication: Riahi 2010 | nSSR: 20/0
LOUALI,F CHIKKI,Parent 2,SSR,SSR,20,40.64,Lacombe et al. 2013,10.1007/s00122-012-1988-2,2013,confirmed,Confirmation of prior publication: Riahi 2010 | nSSR: 20/0
LOUISETTE,RIESLING WEISS,Parent 1,SSR,SSR,20,32.15,Lacombe et al. 2013,10.1007/s00122-012-1988-2,2013,confirmed,Half validation of breeder's data. | nSSR: 20/0
LOUISETTE,PRÉCOCE DE MALINGRE,Parent 2,SSR,SSR,20,32.15,Lacombe et al. 2013,10.1007/s00122-012-1988-2,2013,confirmed,Half validation of breeder's data. | nSSR: 20/0
LOUREIRO,AMARAL = CAIÑO LONGO,Parent 1,SSR,SSR,20,33.24,Lacombe et al. 2013,10.1007/s00122-012-1988-2,2013,probable,nSSR: 17/1
LOUREIRO,ESPADEIRO BRANCO = BRANCO ESCOLA,Parent 2,SSR,SSR,20,33.24,Lacombe et al. 2013,10.1007/s00122-012-1988-2,2013,probable,nSSR: 17/1
LUCIEN BALTET,GAMAY NOIR,Parent 1,SSR,SSR,20,33.09,Lacombe et al. 2013,10.1007/s00122-012-1988-2,2013,probable,No information on the original cross. | nSSR: 20/1
LUCIEN BALTET,MUSCAT D'ALEXANDRIE,Parent 2,SSR,SSR,20,33.09,Lacombe et al. 2013,10.1007/s00122-012-1988-2,2013,probable,No information on the original cross. | nSSR: 20/1
MACABEU,GIBI = HEBÉN,Parent 1,SSR,SSR,20,36.76,Lacombe et al. 2013,10.1007/s00122-012-1988-2,2013,confirmed,Confirmation of prior publication: Garcia‐Muñoz 2011 | nSSR: 20/0
MACABEU,F BRUSTIANO FAUX (COLLECTION PARC DE LA TÊTE D'OR),Parent 2,SSR,SSR,20,36.76,Lacombe et al. 2013,10.1007/s00122-012-1988-2,2013,confirmed,Confirmation of prior publication: Garcia‐Muñoz 2011 | nSSR: 20/0
MADELEINE ANGEVINE,BLANC D'AMBRE,Parent 1,SSR,SSR,20,36.45,Lacombe et al. 2013,10.1007/s00122-012-1988-2,2013,confirmed,Half validation of breeder's data. Confirmation of prior publication: IFV 2007; (Vargas 2009) | nSSR: 20/0
MADELEINE ANGEVINE,F MADELEINE ROYALE,Parent 2,SSR,SSR,20,36.45,Lacombe et al. 2013,10.1007/s00122-012-1988-2,2013,confirmed,Half validation of breeder's data. Confirmation of prior publication: IFV 2007; (Vargas 2009) | nSSR: 20/0
MADELEINE ANGEVINE OBERLIN MADELEINE ANGEVINE,F BOUQUETTRAUBE,Parent 1,SSR,SSR,20,38.83,Lacombe et al. 2013,10.1007/s00122-012-1988-2,2013,confirmed,No information on the original cross. Confirmation of prior | nSSR: 20/0
MADELEINE CÉLINE,MADELEINE ANGEVINE,Parent 1,SSR,SSR,20,36.72,Lacombe et al. 2013,10.1007/s00122-012-1988-2,2013,confirmed,Validation of breeder's data. Confirmation of prior publication: IFV 2007 | nSSR: 20/0
MADELEINE CÉLINE,F PRÉCOCE DE MALINGRE,Parent 2,SSR,SSR,20,36.72,Lacombe et al. 2013,10.1007/s00122-012-1988-2,2013,confirmed,Validation of breeder's data. Confirmation of prior publication: IFV 2007 | nSSR: 20/0
MADELEINE DE CLERMONT,MADELEINE ANGEVINE,Parent 1,SSR,SSR,20,41.79,Lacombe et al. 2013,10.1007/s00122-012-1988-2,2013,confirmed,No information on the original cross. Confirmation of prior publication: IFV 2007 | nSSR: 20/0
MADELEINE DE CLERMONT,F CHASSELAS,Parent 2,SSR,SSR,20,41.79,Lacombe et al. 2013,10.1007/s00122-012-1988-2,2013,confirmed,No information on the original cross. Confirmation of prior publication: IFV 2007 | nSSR: 20/0
MADELEINE ROYALE,PINOT,Parent 1,SSR,SSR,20,33.18,Lacombe et al. 2013,10.1007/s00122-012-1988-2,2013,confirmed,No information on the original cross. Confirmation of prior | nSSR: 20/0
MADELEINE ROYALE,FRANKENTHAL = SCHIAVA GROSSA,Parent 2,SSR,SSR,20,33.18,Lacombe et al. 2013,10.1007/s00122-012-1988-2,2013,confirmed,No information on the original cross. Confirmation of prior | nSSR: 20/0
MADELEINE SÄMLING 18,MADELEINE ANGEVINE,Parent 1,SSR,SSR,20,39.28,Lacombe et al. 2013,10.1007/s00122-012-1988-2,2013,confirmed,Half validation of breeder's data. | nSSR: 20/0
MADELEINE SÄMLING 18,F RIESLING,Parent 2,SSR,SSR,20,39.28,Lacombe et al. 2013,10.1007/s00122-012-1988-2,2013,confirmed,Half validation of breeder's data. | nSSR: 20/0
MADINA,CARDINAL = G 10‐30,Parent 1,SSR,SSR,20,20.54,Lacombe et al. 2013,10.1007/s00122-012-1988-2,2013,probable,Validation of breeder's data. Confirmation of prior publication: Ibañez 2009 | nSSR: 20/1
MADINA,SULTANINE,Parent 2,SSR,SSR,20,20.54,Lacombe et al. 2013,10.1007/s00122-012-1988-2,2013,probable,Validation of breeder's data. Confirmation of prior publication: Ibañez 2009 | nSSR: 20/1
MAGLIOCCO,SUSUMANIELLO,Parent 1,SSR,SSR,20,39.41,Lacombe et al. 2013,10.1007/s00122-012-1988-2,2013,confirmed,nSSR: 20/0
MAGLIOCCO,NERELLO CAPPUCCIO FAUX (REGALBUTO),Parent 2,SSR,SSR,20,39.41,Lacombe et al. 2013,10.1007/s00122-012-1988-2,2013,confirmed,nSSR: 20/0
MAI,CHAOUCH BLANC,Parent 1,SSR,SSR,20,44.0,Lacombe et al. 2013,10.1007/s00122-012-1988-2,2013,confirmed,Half validation of breeder's data. | nSSR: 20/0
MAI,F MADELEINE ANGEVINE OBERLIN,Parent 2,SSR,SSR,20,44.0,Lacombe et al. 2013,10.1007/s00122-012-1988-2,2013,confirmed,Half validation of breeder's data. | nSSR: 20/0
MAI 10 = PLOVDIV II‐6‐30,PERLE DE CSABA,Parent 1,SSR,SSR,20,38.25,Lacombe et al. 2013,10.1007/s00122-012-1988-2,2013,confirmed,Validation of breeder's data. | nSSR: 20/0
MAI 10 = PLOVDIV II‐6‐30,DATTIER DE BEYROUTH = AFUZ ALI,Parent 2,SSR,SSR,20,38.25,Lacombe et al. 2013,10.1007/s00122-012-1988-2,2013,confirmed,Validation of breeder's data. | nSSR: 20/0
MAI 3 = PLOVDIV II‐6‐16,PERLE DE CSABA,Parent 1,SSR,SSR,20,35.55,Lacombe et al. 2013,10.1007/s00122-012-1988-2,2013,confirmed,Validation of breeder's data. | nSSR: 20/0
MAI 3 = PLOVDIV II‐6‐16,DATTIER DE BEYROUTH = AFUZ ALI,Parent 2,SSR,SSR,20,35.55,Lacombe et al. 2013,10.1007/s00122-012-1988-2,2013,confirmed,Validation of breeder's data. | nSSR: 20/0
MAINGONNAT 27 L1,MAYORQUIN = FARANA,Parent 1,SSR,SSR,20,37.54,Lacombe et al. 2013,10.1007/s00122-012-1988-2,2013,confirmed,Validation of breeder's data. | nSSR: 20/0
MAINGONNAT 27 L1,PANSE PRÉCOCE,Parent 2,SSR,SSR,20,37.54,Lacombe et al. 2013,10.1007/s00122-012-1988-2,2013,confirmed,Validation of breeder's data. | nSSR: 20/0
MAINGONNAT 3 L 1,BRUSTIANO FAUX (COLLECTION PARC DE MAYORQUIN = FARANA,Parent 1,SSR,SSR,20,40.85,Lacombe et al. 2013,10.1007/s00122-012-1988-2,2013,confirmed,Half validation of breeder's data. | nSSR: 20/0
MAINGONNAT 3 L 1,LA TÊTE D'OR),Parent 2,SSR,SSR,20,40.85,Lacombe et al. 2013,10.1007/s00122-012-1988-2,2013,confirmed,Half validation of breeder's data. | nSSR: 20/0
MAINGONNAT 36 L 2,MAYORQUIN = FARANA,Parent 1,SSR,SSR,20,26.16,Lacombe et al. 2013,10.1007/s00122-012-1988-2,2013,probable,Validation of breeder's data. | nSSR: 20/1
MAINGONNAT 36 L 2,CLAIRETTE,Parent 2,SSR,SSR,20,26.16,Lacombe et al. 2013,10.1007/s00122-012-1988-2,2013,probable,Validation of breeder's data. | nSSR: 20/1
MAINGONNAT 36 L 4,MAYORQUIN = FARANA,Parent 1,SSR,SSR,20,34.97,Lacombe et al. 2013,10.1007/s00122-012-1988-2,2013,confirmed,Validation of breeder's data. | nSSR: 20/0
MAINGONNAT 36 L 4,UGNI BLANC = TREBBIANO TOSCANO,Parent 2,SSR,SSR,20,34.97,Lacombe et al. 2013,10.1007/s00122-012-1988-2,2013,confirmed,Validation of breeder's data. | nSSR: 20/0
MAINGONNAT 7 L 1,BRUSTIANO FAUX (COLLECTION PARC DE MAYORQUIN = FARANA,Parent 1,SSR,SSR,20,32.92,Lacombe et al. 2013,10.1007/s00122-012-1988-2,2013,confirmed,Half validation of breeder's data. | nSSR: 20/0
MAINGONNAT 7 L 1,LA TÊTE D'OR),Parent 2,SSR,SSR,20,32.92,Lacombe et al. 2013,10.1007/s00122-012-1988-2,2013,confirmed,Half validation of breeder's data. | nSSR: 20/0
MAINGONNAT BELDI X UGNI BLANC MAYORQUIN = FARANA,UGNI BLANC = TREBBIANO TOSCANO,Parent 1,SSR,SSR,20,33.9,Lacombe et al. 2013,10.1007/s00122-012-1988-2,2013,confirmed,Validation of breeder's data. | nSSR: 20/0
MALAGA II (DUMAS),MUSCAT D'ALEXANDRIE,Parent 1,SSR,SSR,20,59.29,Lacombe et al. 2013,10.1007/s00122-012-1988-2,2013,confirmed,No information on the original cross. | nSSR: 20/0
MALAGA II (DUMAS),MUSCAT D'ALEXANDRIE,Parent 2,SSR,SSR,20,59.29,Lacombe et al. 2013,10.1007/s00122-012-1988-2,2013,confirmed,No information on the original cross. | nSSR: 20/0
MALPÉ,CAHOURS,Parent 1,SSR,SSR,20,32.64,Lacombe et al. 2013,10.1007/s00122-012-1988-2,2013,confirmed,nSSR: 20/0
MALPÉ,FER,Parent 2,SSR,SSR,20,32.64,Lacombe et al. 2013,10.1007/s00122-012-1988-2,2013,confirmed,nSSR: 20/0
MALVAR,GIBI = HEBÉN,Parent 1,SSR,SSR,20,40.46,Lacombe et al. 2013,10.1007/s00122-012-1988-2,2013,confirmed,nSSR: 20/0
MALVAR,F TORTOZON,Parent 2,SSR,SSR,20,40.46,Lacombe et al. 2013,10.1007/s00122-012-1988-2,2013,confirmed,nSSR: 20/0
MALVASIA DE COLARES,GIBI = HEBÉN,Parent 1,SSR,SSR,20,34.24,Lacombe et al. 2013,10.1007/s00122-012-1988-2,2013,confirmed,Confirmation of prior publication: Lacombe 2007 | nSSR: 20/0
MALVASIA DE COLARES,F AMARAL = CAIÑO LONGO,Parent 2,SSR,SSR,20,34.24,Lacombe et al. 2013,10.1007/s00122-012-1988-2,2013,confirmed,Confirmation of prior publication: Lacombe 2007 | nSSR: 20/0
MALVASIA DEL LAZIO,MUSCAT D'ALEXANDRIE,Parent 1,SSR,SSR,20,37.98,Lacombe et al. 2013,10.1007/s00122-012-1988-2,2013,confirmed,Confirmation of prior publication: Lacombe 2007 | nSSR: 20/0
MALVASIA DEL LAZIO,FRANKENTHAL = SCHIAVA GROSSA,Parent 2,SSR,SSR,20,37.98,Lacombe et al. 2013,10.1007/s00122-012-1988-2,2013,confirmed,Confirmation of prior publication: Lacombe 2007 | nSSR: 20/0
MALVASIA NERA DI BRINDISI,NEGRO AMARO,Parent 1,SSR,SSR,20,39.6,Lacombe et al. 2013,10.1007/s00122-012-1988-2,2013,confirmed,Confirmation of prior publication: Crespan 2008; Cipriani 2010 | nSSR: 19/0
MALVASIA NERA DI BRINDISI,MALVASIA DEL CHIANTI,Parent 2,SSR,SSR,20,39.6,Lacombe et al. 2013,10.1007/s00122-012-1988-2,2013,confirmed,Confirmation of prior publication: Crespan 2008; Cipriani 2010 | nSSR: 19/0
MALVASIA RASTEIRO = MANTHEUDO ARINTO DO DÃO,SIRIA = CODEGA,Parent 1,SSR,SSR,20,42.12,Lacombe et al. 2013,10.1007/s00122-012-1988-2,2013,confirmed,Confirmation of prior publication: Lacombe 2007 | nSSR: 20/0
MALVINA,SULTANINE,Parent 1,SSR,SSR,20,35.99,Lacombe et al. 2013,10.1007/s00122-012-1988-2,2013,confirmed,No information on the original cross. | nSSR: 20/0
MALVINA,ARAMON NOIR,Parent 2,SSR,SSR,20,35.99,Lacombe et al. 2013,10.1007/s00122-012-1988-2,2013,confirmed,No information on the original cross. | nSSR: 20/0
MALVOISIE DE MADERA (COLLECTION BLACK MOROCCO,F YAPINCAK,Parent 1,SSR,SSR,20,41.96,Lacombe et al. 2013,10.1007/s00122-012-1988-2,2013,probable,nSSR: 20/1
MALVOISIE DE MADERA (COLLECTION BLACK MOROCCO,OBERLIN),Parent 2,SSR,SSR,20,41.96,Lacombe et al. 2013,10.1007/s00122-012-1988-2,2013,probable,nSSR: 20/1
MAMELON,CHAPTAL,Parent 1,SSR,SSR,20,33.91,Lacombe et al. 2013,10.1007/s00122-012-1988-2,2013,confirmed,No information on the original cross. | nSSR: 20/0
MAMELON,F CHASSELAS,Parent 2,SSR,SSR,20,33.91,Lacombe et al. 2013,10.1007/s00122-012-1988-2,2013,confirmed,No information on the original cross. | nSSR: 20/0
MANDRÈGUE,BLACK MOROCCO,Parent 1,SSR,SSR,20,27.11,Lacombe et al. 2013,10.1007/s00122-012-1988-2,2013,probable,nSSR: 20/1
MANDRÈGUE,F CORTEZA NERA,Parent 2,SSR,SSR,20,27.11,Lacombe et al. 2013,10.1007/s00122-012-1988-2,2013,probable,nSSR: 20/1
MANHARTTRAUBE BLANC FAUX,CHASSELAS,Parent 1,SSR,SSR,20,19.28,Lacombe et al. 2013,10.1007/s00122-012-1988-2,2013,probable,nSSR: 20/1
MANHARTTRAUBE BLANC FAUX,FRANKENTHAL = SCHIAVA GROSSA,Parent 2,SSR,SSR,20,19.28,Lacombe et al. 2013,10.1007/s00122-012-1988-2,2013,probable,nSSR: 20/1
MANSONNET,RIBIER NOIR,Parent 1,SSR,SSR,20,36.08,Lacombe et al. 2013,10.1007/s00122-012-1988-2,2013,confirmed,nSSR: 20/0
MANSONNET,GREC BLANC DE SEMIS,Parent 2,SSR,SSR,20,36.08,Lacombe et al. 2013,10.1007/s00122-012-1988-2,2013,confirmed,nSSR: 20/0
MANTO NEGRO,SABATÉ,Parent 1,SSR,SSR,20,28.11,Lacombe et al. 2013,10.1007/s00122-012-1988-2,2013,probable,Confirmation of prior publication: Garcia‐Muñoz 2011 | nSSR: 20/1
MANTO NEGRO,CALLET CAS CONCOS,Parent 2,SSR,SSR,20,28.11,Lacombe et al. 2013,10.1007/s00122-012-1988-2,2013,probable,Confirmation of prior publication: Garcia‐Muñoz 2011 | nSSR: 20/1
MANZONI 2‐15,MATHIASZ JANOSNE = MATHIASZ 210 KÖVIDINKA,Parent 1,SSR,SSR,20,41.46,Lacombe et al. 2013,10.1007/s00122-012-1988-2,2013,confirmed,Invalidation of breeder's data. Invalidation of prior publication: | nSSR: 20/0
MANZONI 3‐26,DATTIER DE BEYROUTH = AFUZ ALI LIGNAN,Parent 1,SSR,SSR,20,24.62,Lacombe et al. 2013,10.1007/s00122-012-1988-2,2013,probable,Validation of breeder's data. | nSSR: 14/1
MANZONI ROSA = MANZONI 1‐50 SAVAGNIN = TRAMINER,UGNI BLANC = TREBBIANO TOSCANO,Parent 1,SSR,SSR,20,33.81,Lacombe et al. 2013,10.1007/s00122-012-1988-2,2013,confirmed,Validation of breeder's data. Confirmation of prior publication: | nSSR: 20/0
MARÉCHAL BOSQUET,SCHIRAS DR. HOUDBINE,Parent 1,SSR,SSR,20,39.87,Lacombe et al. 2013,10.1007/s00122-012-1988-2,2013,confirmed,No information on the original cross. | nSSR: 20/0
MARÉCHAL BOSQUET,F CHASSELAS,Parent 2,SSR,SSR,20,39.87,Lacombe et al. 2013,10.1007/s00122-012-1988-2,2013,confirmed,No information on the original cross. | nSSR: 20/0
MAREN,NEGRARA TRENTINA,Parent 1,SSR,SSR,20,33.26,Lacombe et al. 2013,10.1007/s00122-012-1988-2,2013,confirmed,nSSR: 20/0
MAREN,BLANK BLAUER = VULPEA,Parent 2,SSR,SSR,20,33.26,Lacombe et al. 2013,10.1007/s00122-012-1988-2,2013,confirmed,nSSR: 20/0
MARIA PIROVANO = PIROVANO 165 SULTANINE,MUSCAT D'ALEXANDRIE,Parent 1,SSR,SSR,20,31.73,Lacombe et al. 2013,10.1007/s00122-012-1988-2,2013,probable,Validation of breeder's data. Confirmation of prior publication: | nSSR: 19/1
MARIENSTEINER = WÜRZBURG B 51‐7‐ SYLVANER,MÜLLER‐THURGAU,Parent 1,SSR,SSR,20,26.39,Lacombe et al. 2013,10.1007/s00122-012-1988-2,2013,probable,Half validation of breeder's data. | nSSR: 18/1
MARIENSTEINER = WÜRZBURG B 51‐7‐ SYLVANER,3,Parent 2,SSR,SSR,20,26.39,Lacombe et al. 2013,10.1007/s00122-012-1988-2,2013,probable,Half validation of breeder's data. | nSSR: 18/1
MARIO MARIANI = PIROVANO 276 MUSCAT DE HAMBOURG,CICLOPICA = PIROVANO 60,Parent 1,SSR,SSR,20,33.38,Lacombe et al. 2013,10.1007/s00122-012-1988-2,2013,confirmed,Half validation of breeder's data. | nSSR: 20/0
MARSANNE DE PAYS,POUGAYEN,Parent 1,SSR,SSR,20,34.53,Lacombe et al. 2013,10.1007/s00122-012-1988-2,2013,confirmed,nSSR: 20/0
MARSANNE DE PAYS,F PLANT DE MAVAULT (GUIRAULT),Parent 2,SSR,SSR,20,34.53,Lacombe et al. 2013,10.1007/s00122-012-1988-2,2013,confirmed,nSSR: 20/0
MARSELAN,CABERNET‐SAUVIGNON,Parent 1,SSR,SSR,20,44.15,Lacombe et al. 2013,10.1007/s00122-012-1988-2,2013,confirmed,Validation of breeder's data. Confirmation of prior publication: Di Vecchi Staraz 2005; Lacombe 2010 | nSSR: 20/0
MARSELAN,GRENACHE = GARNACHA,Parent 2,SSR,SSR,20,44.15,Lacombe et al. 2013,10.1007/s00122-012-1988-2,2013,confirmed,Validation of breeder's data. Confirmation of prior publication: Di Vecchi Staraz 2005; Lacombe 2010 | nSSR: 20/0
MATHIASZ JANOSNE = MATHIASZ 210 MUSCAT D'ALEXANDRIE,CHASSELAS,Parent 1,SSR,SSR,20,39.15,Lacombe et al. 2013,10.1007/s00122-012-1988-2,2013,confirmed,Half validation of breeder's data. Confirmation of prior | nSSR: 20/0
MATHILDE (COLLECTION TRÈVES) BOUQUETTRAUBE,MADELEINE ROYALE,Parent 1,SSR,SSR,20,36.4,Lacombe et al. 2013,10.1007/s00122-012-1988-2,2013,confirmed,nSSR: 20/0
MATILDE,CARDINAL = G 10‐30,Parent 1,SSR,SSR,20,31.68,Lacombe et al. 2013,10.1007/s00122-012-1988-2,2013,confirmed,Validation of breeder's data. Confirmation of prior publication: Zulini 2002; Cipriani 2010 | nSSR: 20/0
MATILDE,ITALIA = PIROVANO 65,Parent 2,SSR,SSR,20,31.68,Lacombe et al. 2013,10.1007/s00122-012-1988-2,2013,confirmed,Validation of breeder's data. Confirmation of prior publication: Zulini 2002; Cipriani 2010 | nSSR: 20/0
MELBENTO,TAMAREZ,Parent 1,SSR,SSR,20,30.61,Lacombe et al. 2013,10.1007/s00122-012-1988-2,2013,probable,Validation of breeder's data. | nSSR: 17/1
MELBENTO,MUSCAT D'ALEXANDRIE,Parent 2,SSR,SSR,20,30.61,Lacombe et al. 2013,10.1007/s00122-012-1988-2,2013,probable,Validation of breeder's data. | nSSR: 17/1
MELON,PINOT,Parent 1,SSR,SSR,20,34.64,Lacombe et al. 2013,10.1007/s00122-012-1988-2,2013,confirmed,Confirmation of prior publication: Bowers 1998 and 1999; | nSSR: 20/0
MELON,GOUAIS BLANC = HEUNISCH WEISS,Parent 2,SSR,SSR,20,34.64,Lacombe et al. 2013,10.1007/s00122-012-1988-2,2013,confirmed,Confirmation of prior publication: Bowers 1998 and 1999; | nSSR: 20/0
MENNA DI VACCA BIANCA,TRIUMPH TRAUBE,Parent 1,SSR,SSR,20,31.81,Lacombe et al. 2013,10.1007/s00122-012-1988-2,2013,confirmed,nSSR: 20/0
MENNA DI VACCA BIANCA,FOSTER'S WHITE SEEDLING,Parent 2,SSR,SSR,20,31.81,Lacombe et al. 2013,10.1007/s00122-012-1988-2,2013,confirmed,nSSR: 20/0
MERLINOT,PLANT DE CHAUDEFONDS 53 GOUAIS BLANC = HEUNISCH WEISS (FARDEAU),Parent 1,SSR,SSR,20,23.42,Lacombe et al. 2013,10.1007/s00122-012-1988-2,2013,probable,Half confirmation of prior publication: Boursiquot 2004 | nSSR: 20/1
MERLOT NOIR,MAGDELEINE NOIRE DES CHARENTES CABERNET FRANC,Parent 1,SSR,SSR,20,50.14,Lacombe et al. 2013,10.1007/s00122-012-1988-2,2013,confirmed,Confirmation of prior publication: Boursiquot 2009 | nSSR: 20/0
MERLOT BLANC,FOLLE BLANCHE,Parent 1,SSR,SSR,20,45.13,Lacombe et al. 2013,10.1007/s00122-012-1988-2,2013,confirmed,Confirmation of prior publication: IFV 2007; Boursiquot 2009 | nSSR: 20/0
MERLOT BLANC,MERLOT NOIR,Parent 2,SSR,SSR,20,45.13,Lacombe et al. 2013,10.1007/s00122-012-1988-2,2013,confirmed,Confirmation of prior publication: IFV 2007; Boursiquot 2009 | nSSR: 20/0
MERSEGUERA,GIBI = HEBÉN,Parent 1,SSR,SSR,20,38.63,Lacombe et al. 2013,10.1007/s00122-012-1988-2,2013,confirmed,Confirmation of prior publication: Lacombe 2010 | nSSR: 20/0
MERSEGUERA,F TORTOZON,Parent 2,SSR,SSR,20,38.63,Lacombe et al. 2013,10.1007/s00122-012-1988-2,2013,confirmed,Confirmation of prior publication: Lacombe 2010 | nSSR: 20/0
MESLIER NOIR,GAMAY NOIR,Parent 1,SSR,SSR,20,38.43,Lacombe et al. 2013,10.1007/s00122-012-1988-2,2013,confirmed,nSSR: 20/0
MESLIER NOIR,PETIT MESLIER,Parent 2,SSR,SSR,20,38.43,Lacombe et al. 2013,10.1007/s00122-012-1988-2,2013,confirmed,nSSR: 20/0
MESLIER SAINT‐FRANÇOIS,GOUAIS BLANC = HEUNISCH WEISS CHENIN,Parent 1,SSR,SSR,20,29.58,Lacombe et al. 2013,10.1007/s00122-012-1988-2,2013,confirmed,Confirmation of prior publication: Bowers 1998 | nSSR: 20/0
MÉTIS CLERC,PINOT,Parent 1,SSR,SSR,20,37.71,Lacombe et al. 2013,10.1007/s00122-012-1988-2,2013,confirmed,Validation of breeder's data. | nSSR: 20/0
MÉTIS CLERC,POULSARD,Parent 2,SSR,SSR,20,37.71,Lacombe et al. 2013,10.1007/s00122-012-1988-2,2013,confirmed,Validation of breeder's data. | nSSR: 20/0
MEZI,PINOT,Parent 1,SSR,SSR,20,28.93,Lacombe et al. 2013,10.1007/s00122-012-1988-2,2013,confirmed,Confirmation of prior publication: Boursiquot 2004; Di Vecchi | nSSR: 20/0
MEZI,GOUAIS BLANC = HEUNISCH WEISS,Parent 2,SSR,SSR,20,28.93,Lacombe et al. 2013,10.1007/s00122-012-1988-2,2013,confirmed,Confirmation of prior publication: Boursiquot 2004; Di Vecchi | nSSR: 20/0
MICHELE PALIERI = PALIERI 5,ALPHONSE LAVALLÉE,Parent 1,SSR,SSR,20,39.03,Lacombe et al. 2013,10.1007/s00122-012-1988-2,2013,confirmed,Validation of breeder's data. Confirmation of prior publication: Ibañez 2009 (mislabeled ?); Cipriani 2010 (synonym) | nSSR: 20/0
MICHELE PALIERI = PALIERI 5,MOLINERA GORDA,Parent 2,SSR,SSR,20,39.03,Lacombe et al. 2013,10.1007/s00122-012-1988-2,2013,confirmed,Validation of breeder's data. Confirmation of prior publication: Ibañez 2009 (mislabeled ?); Cipriani 2010 (synonym) | nSSR: 20/0
MIKVEH 17,BALOUTI,Parent 1,SSR,SSR,20,47.64,Lacombe et al. 2013,10.1007/s00122-012-1988-2,2013,confirmed,Validation of breeder's data. | nSSR: 20/0
MIKVEH 17,MUSCAT DE HAMBOURG,Parent 2,SSR,SSR,20,47.64,Lacombe et al. 2013,10.1007/s00122-012-1988-2,2013,confirmed,Validation of breeder's data. | nSSR: 20/0
MILGRANET,NÉGRET DU TARN,Parent 1,SSR,SSR,20,33.64,Lacombe et al. 2013,10.1007/s00122-012-1988-2,2013,confirmed,Half confirmation of prior publication: Boursiquot 2004 | nSSR: 20/0
MILGRANET,GOUAIS BLANC = HEUNISCH WEISS,Parent 2,SSR,SSR,20,33.64,Lacombe et al. 2013,10.1007/s00122-012-1988-2,2013,confirmed,Half confirmation of prior publication: Boursiquot 2004 | nSSR: 20/0
MILTON,SCHIRAS DR. HOUDBINE,Parent 1,SSR,SSR,20,31.9,Lacombe et al. 2013,10.1007/s00122-012-1988-2,2013,confirmed,No information on the original cross. | nSSR: 20/0
MILTON,F CHASSELAS,Parent 2,SSR,SSR,20,31.9,Lacombe et al. 2013,10.1007/s00122-012-1988-2,2013,confirmed,No information on the original cross. | nSSR: 20/0
MIREILLE,PERLE DE CSABA,Parent 1,SSR,SSR,20,37.52,Lacombe et al. 2013,10.1007/s00122-012-1988-2,2013,confirmed,Validation of breeder's data. | nSSR: 20/0
MIREILLE,ITALIA = PIROVANO 65,Parent 2,SSR,SSR,20,37.52,Lacombe et al. 2013,10.1007/s00122-012-1988-2,2013,confirmed,Validation of breeder's data. | nSSR: 20/0
MIRNI,KATTA‐KOURGAN,Parent 1,SSR,SSR,20,43.63,Lacombe et al. 2013,10.1007/s00122-012-1988-2,2013,confirmed,Half validation of breeder's data. | nSSR: 20/0
MIRNI,F POBEDA,Parent 2,SSR,SSR,20,43.63,Lacombe et al. 2013,10.1007/s00122-012-1988-2,2013,confirmed,Half validation of breeder's data. | nSSR: 20/0
MISHUNG = KAKOURDESS BIELY,NOIR DE CRIMÉE FAUX,Parent 1,SSR,SSR,20,41.42,Lacombe et al. 2013,10.1007/s00122-012-1988-2,2013,confirmed,nSSR: 20/0
MISHUNG = KAKOURDESS BIELY,KOKOUR BELY,Parent 2,SSR,SSR,20,41.42,Lacombe et al. 2013,10.1007/s00122-012-1988-2,2013,confirmed,nSSR: 20/0
MISKET TRAKIJSHI,PERLE DE CSABA,Parent 1,SSR,SSR,20,37.8,Lacombe et al. 2013,10.1007/s00122-012-1988-2,2013,confirmed,Validation of breeder's data. | nSSR: 20/0
MISKET TRAKIJSHI,DIMIAT,Parent 2,SSR,SSR,20,37.8,Lacombe et al. 2013,10.1007/s00122-012-1988-2,2013,confirmed,Validation of breeder's data. | nSSR: 20/0
MOLDOVANKA,DARKAIA NOIR,Parent 1,SSR,SSR,20,46.35,Lacombe et al. 2013,10.1007/s00122-012-1988-2,2013,confirmed,Half validation of breeder's data. | nSSR: 20/0
MOLDOVANKA,F TSITSA KAPREI,Parent 2,SSR,SSR,20,46.35,Lacombe et al. 2013,10.1007/s00122-012-1988-2,2013,confirmed,Half validation of breeder's data. | nSSR: 20/0
MOLETTE,GRINGET,Parent 1,SSR,SSR,20,31.12,Lacombe et al. 2013,10.1007/s00122-012-1988-2,2013,confirmed,Half confirmation of prior publication: Boursiquot 2004 | nSSR: 20/0
MOLETTE,GOUAIS BLANC = HEUNISCH WEISS,Parent 2,SSR,SSR,20,31.12,Lacombe et al. 2013,10.1007/s00122-012-1988-2,2013,confirmed,Half confirmation of prior publication: Boursiquot 2004 | nSSR: 20/0
MONBADON,FOLLE BLANCHE,Parent 1,SSR,SSR,20,30.99,Lacombe et al. 2013,10.1007/s00122-012-1988-2,2013,confirmed,nSSR: 20/0
MONBADON,UGNI BLANC = TREBBIANO TOSCANO,Parent 2,SSR,SSR,20,30.99,Lacombe et al. 2013,10.1007/s00122-012-1988-2,2013,confirmed,nSSR: 20/0
MONDEUSE,MONDEUSE BLANCHE,Parent 1,SSR,SSR,20,33.23,Lacombe et al. 2013,10.1007/s00122-012-1988-2,2013,probable,nSSR: 19/1
MONDEUSE,TRESSOT,Parent 2,SSR,SSR,20,33.23,Lacombe et al. 2013,10.1007/s00122-012-1988-2,2013,probable,nSSR: 19/1
MONERAC,ARAMON NOIR,Parent 1,SSR,SSR,20,37.35,Lacombe et al. 2013,10.1007/s00122-012-1988-2,2013,confirmed,Validation of breeder's data. Confirmation of prior publication: Di Vecchi Staraz 2005 | nSSR: 20/0
MONERAC,GRENACHE = GARNACHA,Parent 2,SSR,SSR,20,37.35,Lacombe et al. 2013,10.1007/s00122-012-1988-2,2013,confirmed,Validation of breeder's data. Confirmation of prior publication: Di Vecchi Staraz 2005 | nSSR: 20/0
MONTUONICO,FOGARINA,Parent 1,SSR,SSR,20,43.34,Lacombe et al. 2013,10.1007/s00122-012-1988-2,2013,confirmed,nSSR: 20/0
MONTUONICO,ARGANT,Parent 2,SSR,SSR,20,43.34,Lacombe et al. 2013,10.1007/s00122-012-1988-2,2013,confirmed,nSSR: 20/0
MORAVIA DULCE,MOURISCO TINTO = MARUFO,Parent 1,SSR,SSR,20,31.33,Lacombe et al. 2013,10.1007/s00122-012-1988-2,2013,confirmed,nSSR: 20/0
MORAVIA DULCE,F VALENCI BLANCO = BEBA,Parent 2,SSR,SSR,20,31.33,Lacombe et al. 2013,10.1007/s00122-012-1988-2,2013,confirmed,nSSR: 20/0
MORETO,PARDINA = JAEN BLANCO,Parent 1,SSR,SSR,20,36.26,Lacombe et al. 2013,10.1007/s00122-012-1988-2,2013,confirmed,nSSR: 20/0
MORETO,ALFROCHEIRO PRETO,Parent 2,SSR,SSR,20,36.26,Lacombe et al. 2013,10.1007/s00122-012-1988-2,2013,confirmed,nSSR: 20/0
MORIOT MUSKAT = GEILWEILERHOF I‐ SYLVANER,MUSCAT À PETITS GRAINS,Parent 1,SSR,SSR,20,36.78,Lacombe et al. 2013,10.1007/s00122-012-1988-2,2013,confirmed,Half validation of breeder's data. | nSSR: 20/0
MORIOT MUSKAT = GEILWEILERHOF I‐ SYLVANER,28‐30,Parent 2,SSR,SSR,20,36.78,Lacombe et al. 2013,10.1007/s00122-012-1988-2,2013,confirmed,Half validation of breeder's data. | nSSR: 20/0
MORRASTEL BOUSCHET,CARIGNAN NOIR,Parent 1,SSR,SSR,20,29.26,Lacombe et al. 2013,10.1007/s00122-012-1988-2,2013,confirmed,Half validation of breeder's data. | nSSR: 20/0
MORRASTEL BOUSCHET,PETIT BOUSCHET,Parent 2,SSR,SSR,20,29.26,Lacombe et al. 2013,10.1007/s00122-012-1988-2,2013,confirmed,Half validation of breeder's data. | nSSR: 20/0
MOSCATEL DE CAMARATE,TAMAREZ,Parent 1,SSR,SSR,20,23.57,Lacombe et al. 2013,10.1007/s00122-012-1988-2,2013,probable,Validation of breeder's data. | nSSR: 19/1
MOSCATEL DE CAMARATE,MUSCAT D'ALEXANDRIE,Parent 2,SSR,SSR,20,23.57,Lacombe et al. 2013,10.1007/s00122-012-1988-2,2013,probable,Validation of breeder's data. | nSSR: 19/1
MOSCATEL DE OEIRAS,DIAGALVES,Parent 1,SSR,SSR,20,36.91,Lacombe et al. 2013,10.1007/s00122-012-1988-2,2013,confirmed,Validation of breeder's data. | nSSR: 20/0
MOSCATEL DE OEIRAS,MUSCAT D'ALEXANDRIE,Parent 2,SSR,SSR,20,36.91,Lacombe et al. 2013,10.1007/s00122-012-1988-2,2013,confirmed,Validation of breeder's data. | nSSR: 20/0
MOSCATEL DE SAN ILDEFONSO,TAMAREZ,Parent 1,SSR,SSR,20,14.83,Lacombe et al. 2013,10.1007/s00122-012-1988-2,2013,probable,Validation of breeder's data. | nSSR: 9/1
MOSCATEL DE SAN ILDEFONSO,MUSCAT D'ALEXANDRIE,Parent 2,SSR,SSR,20,14.83,Lacombe et al. 2013,10.1007/s00122-012-1988-2,2013,probable,Validation of breeder's data. | nSSR: 9/1
MOSCATEL DR SOARES FRANCO,TAMAREZ,Parent 1,SSR,SSR,20,27.95,Lacombe et al. 2013,10.1007/s00122-012-1988-2,2013,probable,Validation of breeder's data. | nSSR: 20/1
MOSCATEL DR SOARES FRANCO,MUSCAT D'ALEXANDRIE,Parent 2,SSR,SSR,20,27.95,Lacombe et al. 2013,10.1007/s00122-012-1988-2,2013,probable,Validation of breeder's data. | nSSR: 20/1
MOSCATEL NATIVIDADE,DIAGALVES,Parent 1,SSR,SSR,20,44.08,Lacombe et al. 2013,10.1007/s00122-012-1988-2,2013,confirmed,Validation of breeder's data. | nSSR: 20/0
MOSCATEL NATIVIDADE,MUSCAT D'ALEXANDRIE,Parent 2,SSR,SSR,20,44.08,Lacombe et al. 2013,10.1007/s00122-012-1988-2,2013,confirmed,Validation of breeder's data. | nSSR: 20/0
MOSCATEL ROSA = LEAO FERREIRA DA FERRAL TAMARA,MUSCAT DE HAMBOURG,Parent 1,SSR,SSR,20,26.26,Lacombe et al. 2013,10.1007/s00122-012-1988-2,2013,probable,Validation of breeder's data. | nSSR: 20/1
MOSCATEL ROSA = LEAO FERREIRA DA FERRAL TAMARA,ALMEIDA 37‐51‐15,Parent 2,SSR,SSR,20,26.26,Lacombe et al. 2013,10.1007/s00122-012-1988-2,2013,probable,Validation of breeder's data. | nSSR: 20/1
MOSCATELLO SELVATICO,BOMBINO BIANCO,Parent 1,SSR,SSR,20,41.21,Lacombe et al. 2013,10.1007/s00122-012-1988-2,2013,confirmed,Confirmation of prior publication: Lacombe 2007 | nSSR: 20/0
MOSCATELLO SELVATICO,MUSCAT D'ALEXANDRIE,Parent 2,SSR,SSR,20,41.21,Lacombe et al. 2013,10.1007/s00122-012-1988-2,2013,confirmed,Confirmation of prior publication: Lacombe 2007 | nSSR: 20/0
MOSCATO TIAMMOR = PIROVANO 672 PIROVANO 190,PRINCIPESSA DI PIEMONTE =,Parent 1,SSR,SSR,20,40.34,Lacombe et al. 2013,10.1007/s00122-012-1988-2,2013,confirmed,Invalidation of breeder's data. | nSSR: 20/0
MOSCATO TIAMMOR = PIROVANO 672 PIROVANO 190,PIROVANO 108,Parent 2,SSR,SSR,20,40.34,Lacombe et al. 2013,10.1007/s00122-012-1988-2,2013,confirmed,Invalidation of breeder's data. | nSSR: 20/0
MOUCHKETNY,BEKALNY,Parent 1,SSR,SSR,20,36.76,Lacombe et al. 2013,10.1007/s00122-012-1988-2,2013,confirmed,nSSR: 20/0
MOUCHKETNY,F PLAVAÏ,Parent 2,SSR,SSR,20,36.76,Lacombe et al. 2013,10.1007/s00122-012-1988-2,2013,confirmed,nSSR: 20/0
MOUCHKETNY FAUX (COLLECTION MUSCAT ROUGE DE MADÈRE = MUSCAT D'EISENSTADT,SOARES FRANCO),Parent 1,SSR,SSR,20,35.12,Lacombe et al. 2013,10.1007/s00122-012-1988-2,2013,confirmed,nSSR: 18/0
MOUCHKETNY FAUX (COLLECTION MUSCAT ROUGE DE MADÈRE = MUSCAT D'EISENSTADT,MOSCATO VIOLETTO,Parent 2,SSR,SSR,20,35.12,Lacombe et al. 2013,10.1007/s00122-012-1988-2,2013,confirmed,nSSR: 18/0
MOURISCO DE SEMENTE,MOURISCO TINTO = MARUFO,Parent 1,SSR,SSR,20,38.93,Lacombe et al. 2013,10.1007/s00122-012-1988-2,2013,confirmed,nSSR: 20/0
MOURISCO DE SEMENTE,F BORRAÇAL,Parent 2,SSR,SSR,20,38.93,Lacombe et al. 2013,10.1007/s00122-012-1988-2,2013,confirmed,nSSR: 20/0
MOURTAOU,PLANT DE PEDEBERNADE 4,Parent 1,SSR,SSR,20,24.26,Lacombe et al. 2013,10.1007/s00122-012-1988-2,2013,probable,nSSR: 20/1
MOURTAOU,MOURAL,Parent 2,SSR,SSR,20,24.26,Lacombe et al. 2013,10.1007/s00122-012-1988-2,2013,probable,nSSR: 20/1
MOURTÈS,MAGDELEINE NOIRE DES CHARENTES PENOUILLE,Parent 1,SSR,SSR,20,37.64,Lacombe et al. 2013,10.1007/s00122-012-1988-2,2013,confirmed,Confirmation of prior publication: Boursiquot 2009 | nSSR: 20/0
MOURVAISON,POUGAYEN,Parent 1,SSR,SSR,20,32.03,Lacombe et al. 2013,10.1007/s00122-012-1988-2,2013,confirmed,nSSR: 20/0
MOURVAISON,F AUBUN,Parent 2,SSR,SSR,20,32.03,Lacombe et al. 2013,10.1007/s00122-012-1988-2,2013,confirmed,nSSR: 20/0
MULATA = LEAO FERREIRA DA ALMEIDA CASTELÃO = PERIQUITA,ALICANTE HENRI BOUSCHET,Parent 1,SSR,SSR,20,36.97,Lacombe et al. 2013,10.1007/s00122-012-1988-2,2013,confirmed,Validation of breeder's data. | nSSR: 20/0
MULATA = LEAO FERREIRA DA ALMEIDA CASTELÃO = PERIQUITA,11‐48‐49,Parent 2,SSR,SSR,20,36.97,Lacombe et al. 2013,10.1007/s00122-012-1988-2,2013,confirmed,Validation of breeder's data. | nSSR: 20/0
MÜLLER‐THURGAU,RIESLING WEISS,Parent 1,SSR,SSR,20,34.9,Lacombe et al. 2013,10.1007/s00122-012-1988-2,2013,confirmed,Half validation of breeder's data. Confirmation of prior publication: Dettweiler 2000 | nSSR: 20/0
MÜLLER‐THURGAU,MADELEINE ROYALE,Parent 2,SSR,SSR,20,34.9,Lacombe et al. 2013,10.1007/s00122-012-1988-2,2013,confirmed,Half validation of breeder's data. Confirmation of prior publication: Dettweiler 2000 | nSSR: 20/0
MUNKATSY JOZSEF MUSKOTALY DIAMANTTRAUBE,F MUSCAT D'ALEXANDRIE,Parent 1,SSR,SSR,20,26.35,Lacombe et al. 2013,10.1007/s00122-012-1988-2,2013,probable,Validation of breeder's data. | nSSR: 20/1
MURETO,PARDINA = JAEN BLANCO,Parent 1,SSR,SSR,20,37.67,Lacombe et al. 2013,10.1007/s00122-012-1988-2,2013,confirmed,Confirmation of prior publication: Lacombe 2007 | nSSR: 20/0
MURETO,ALFROCHEIRO PRETO,Parent 2,SSR,SSR,20,37.67,Lacombe et al. 2013,10.1007/s00122-012-1988-2,2013,confirmed,Confirmation of prior publication: Lacombe 2007 | nSSR: 20/0
MUSCAT BIFÈRE,BICANE,Parent 1,SSR,SSR,20,39.2,Lacombe et al. 2013,10.1007/s00122-012-1988-2,2013,confirmed,nSSR: 20/0
MUSCAT BIFÈRE,F MUSCAT À PETITS GRAINS,Parent 2,SSR,SSR,20,39.2,Lacombe et al. 2013,10.1007/s00122-012-1988-2,2013,confirmed,nSSR: 20/0
MUSCAT BOUSCHET,PETIT BOUSCHET,Parent 1,SSR,SSR,20,33.9,Lacombe et al. 2013,10.1007/s00122-012-1988-2,2013,confirmed,Half validation of breeder's data. | nSSR: 20/0
MUSCAT BOUSCHET,MUSCAT FLEUR D'ORANGER,Parent 2,SSR,SSR,20,33.9,Lacombe et al. 2013,10.1007/s00122-012-1988-2,2013,confirmed,Half validation of breeder's data. | nSSR: 20/0
MUSCAT CENDRÉ,PINOT,Parent 1,SSR,SSR,20,40.92,Lacombe et al. 2013,10.1007/s00122-012-1988-2,2013,confirmed,Validation of breeder's data. | nSSR: 20/0
MUSCAT CENDRÉ,MUSCAT OTTONEL,Parent 2,SSR,SSR,20,40.92,Lacombe et al. 2013,10.1007/s00122-012-1988-2,2013,confirmed,Validation of breeder's data. | nSSR: 20/0
MUSCAT D'ALEXANDRIE,MUSCAT À PETITS GRAINS,Parent 1,SSR,SSR,20,45.3,Lacombe et al. 2013,10.1007/s00122-012-1988-2,2013,confirmed,Confirmation of prior publication: Lacombe 2010; Cipriani 2011 (under the local Sardinian synonym Axina de tres bias); (but not Myles 2011) | nSSR: 20/0
MUSCAT D'ALEXANDRIE,HEPTAKILO,Parent 2,SSR,SSR,20,45.3,Lacombe et al. 2013,10.1007/s00122-012-1988-2,2013,confirmed,Confirmation of prior publication: Lacombe 2010; Cipriani 2011 (under the local Sardinian synonym Axina de tres bias); (but not Myles 2011) | nSSR: 20/0
MUSCAT DE HAMBOURG,MUSCAT D'ALEXANDRIE,Parent 1,SSR,SSR,20,37.59,Lacombe et al. 2013,10.1007/s00122-012-1988-2,2013,confirmed,Confirmation of prior publication: Crespan 2003; Ibañez 2009; | nSSR: 20/0
MUSCAT DE HAMBOURG,FRANKENTHAL = SCHIAVA GROSSA,Parent 2,SSR,SSR,20,37.59,Lacombe et al. 2013,10.1007/s00122-012-1988-2,2013,confirmed,Confirmation of prior publication: Crespan 2003; Ibañez 2009; | nSSR: 20/0
MUSCAT DE ROUSSÉ,CARDINAL = G 10‐30,Parent 1,SSR,SSR,20,35.33,Lacombe et al. 2013,10.1007/s00122-012-1988-2,2013,confirmed,Validation of breeder's data. | nSSR: 20/0
MUSCAT DE ROUSSÉ,MUSCAT DE HAMBOURG,Parent 2,SSR,SSR,20,35.33,Lacombe et al. 2013,10.1007/s00122-012-1988-2,2013,confirmed,Validation of breeder's data. | nSSR: 20/0
MUSCAT D'ISTAMBOUL,MUSCAT D'ALEXANDRIE,Parent 1,SSR,SSR,20,45.24,Lacombe et al. 2013,10.1007/s00122-012-1988-2,2013,confirmed,Confirmation of prior publication: Lacombe 2010 | nSSR: 20/0
MUSCAT D'ISTAMBOUL,VALENCI BLANCO = BEBA,Parent 2,SSR,SSR,20,45.24,Lacombe et al. 2013,10.1007/s00122-012-1988-2,2013,confirmed,Confirmation of prior publication: Lacombe 2010 | nSSR: 20/0
MUSCAT DORÉ DE SEMIS (COLLECTION RIESLING,MUSCAT SAINT‐LAURENT,Parent 1,SSR,SSR,20,33.37,Lacombe et al. 2013,10.1007/s00122-012-1988-2,2013,confirmed,No information on the original cross. | nSSR: 20/0
MUSCAT DORÉ DE SEMIS (COLLECTION RIESLING,OPPENHEIM),Parent 2,SSR,SSR,20,33.37,Lacombe et al. 2013,10.1007/s00122-012-1988-2,2013,confirmed,No information on the original cross. | nSSR: 20/0
MUSCAT D'OUZBEKISTAN,KATTA‐KOURGAN,Parent 1,SSR,SSR,20,39.39,Lacombe et al. 2013,10.1007/s00122-012-1988-2,2013,probable,Validation of breeder's data. | nSSR: 20/1
MUSCAT D'OUZBEKISTAN,F MUSCAT D'ALEXANDRIE,Parent 2,SSR,SSR,20,39.39,Lacombe et al. 2013,10.1007/s00122-012-1988-2,2013,probable,Validation of breeder's data. | nSSR: 20/1
MUSCAT FLEUR D'ORANGER,MUSCAT À PETITS GRAINS,Parent 1,SSR,SSR,20,36.41,Lacombe et al. 2013,10.1007/s00122-012-1988-2,2013,confirmed,Confirmation of prior publication: Schneider 2008; (and half Crespan 2001) | nSSR: 20/0
MUSCAT FLEUR D'ORANGER,CHASSELAS,Parent 2,SSR,SSR,20,36.41,Lacombe et al. 2013,10.1007/s00122-012-1988-2,2013,confirmed,Confirmation of prior publication: Schneider 2008; (and half Crespan 2001) | nSSR: 20/0
MUSCAT GRIS DE LA CALMETTE,CHASSELAS,Parent 1,SSR,SSR,20,27.95,Lacombe et al. 2013,10.1007/s00122-012-1988-2,2013,probable,Validation of breeder's data. | nSSR: 20/1
MUSCAT GRIS DE LA CALMETTE,MUSCAT D'EISENSTADT,Parent 2,SSR,SSR,20,27.95,Lacombe et al. 2013,10.1007/s00122-012-1988-2,2013,probable,Validation of breeder's data. | nSSR: 20/1
MUSCAT LASERELLE,CHASSELAS,Parent 1,SSR,SSR,20,29.85,Lacombe et al. 2013,10.1007/s00122-012-1988-2,2013,probable,nSSR: 20/1
MUSCAT LASERELLE,FRANKENTHAL = SCHIAVA GROSSA,Parent 2,SSR,SSR,20,29.85,Lacombe et al. 2013,10.1007/s00122-012-1988-2,2013,probable,nSSR: 20/1
MUSCAT LIERVAL,CHASSELAS,Parent 1,SSR,SSR,20,37.83,Lacombe et al. 2013,10.1007/s00122-012-1988-2,2013,confirmed,No information on the original cross. | nSSR: 20/0
MUSCAT LIERVAL,MUSCAT D'EISENSTADT,Parent 2,SSR,SSR,20,37.83,Lacombe et al. 2013,10.1007/s00122-012-1988-2,2013,confirmed,No information on the original cross. | nSSR: 20/0
MUSCAT MADRESFIELD COURT,BLACK MOROCCO,Parent 1,SSR,SSR,20,38.16,Lacombe et al. 2013,10.1007/s00122-012-1988-2,2013,confirmed,Validation of breeder's data. | nSSR: 20/0
MUSCAT MADRESFIELD COURT,F MUSCAT D'ALEXANDRIE,Parent 2,SSR,SSR,20,38.16,Lacombe et al. 2013,10.1007/s00122-012-1988-2,2013,confirmed,Validation of breeder's data. | nSSR: 20/0
MUSCAT MIKVEH,VERICO,Parent 1,SSR,SSR,20,41.43,Lacombe et al. 2013,10.1007/s00122-012-1988-2,2013,confirmed,Invalidation of breeder's data. | nSSR: 20/0
MUSCAT MIKVEH,MUSCAT FLEUR D'ORANGER,Parent 2,SSR,SSR,20,41.43,Lacombe et al. 2013,10.1007/s00122-012-1988-2,2013,confirmed,Invalidation of breeder's data. | nSSR: 20/0
MUSCAT OBERLIN,BOUQUETTRAUBE,Parent 1,SSR,SSR,20,33.05,Lacombe et al. 2013,10.1007/s00122-012-1988-2,2013,confirmed,No information on the original cross. | nSSR: 17/0
MUSCAT OBERLIN,MUSCAT PRÉCOCE DE SAUMUR,Parent 2,SSR,SSR,20,33.05,Lacombe et al. 2013,10.1007/s00122-012-1988-2,2013,confirmed,No information on the original cross. | nSSR: 17/0
MUSCAT OTTONEL,CHASSELAS,Parent 1,SSR,SSR,20,37.44,Lacombe et al. 2013,10.1007/s00122-012-1988-2,2013,confirmed,Half validation of breeder's data. Confirmation of prior publication: IFV 2007 | nSSR: 20/0
MUSCAT OTTONEL,MUSCAT D'EISENSTADT,Parent 2,SSR,SSR,20,37.44,Lacombe et al. 2013,10.1007/s00122-012-1988-2,2013,confirmed,Half validation of breeder's data. Confirmation of prior publication: IFV 2007 | nSSR: 20/0
MUSCAT PINCE'S BLACK,BLACK MOROCCO,Parent 1,SSR,SSR,20,37.66,Lacombe et al. 2013,10.1007/s00122-012-1988-2,2013,confirmed,No information on the original cross. | nSSR: 20/0
MUSCAT PINCE'S BLACK,F MUSCAT D'ALEXANDRIE,Parent 2,SSR,SSR,20,37.66,Lacombe et al. 2013,10.1007/s00122-012-1988-2,2013,confirmed,No information on the original cross. | nSSR: 20/0
MUSCAT PRÉCOCE DE SAUMUR,PINOT,Parent 1,SSR,SSR,20,20.72,Lacombe et al. 2013,10.1007/s00122-012-1988-2,2013,probable,Half validation of breeder's data. | nSSR: 17/1
MUSCAT PRÉCOCE DE SAUMUR,MUSCAT À PETITS GRAINS,Parent 2,SSR,SSR,20,20.72,Lacombe et al. 2013,10.1007/s00122-012-1988-2,2013,probable,Half validation of breeder's data. | nSSR: 17/1
MUSCAT ROUGE DE MADÈRE = SCIACCARELLO = MAMMOLO,MUSCAT À PETITS GRAINS,Parent 1,SSR,SSR,20,33.38,Lacombe et al. 2013,10.1007/s00122-012-1988-2,2013,confirmed,Confirmation of prior publication: Di Vecchi 2007; Cipriani 2010 | nSSR: 20/0
MUSCAT ROUGE DE MADÈRE = SCIACCARELLO = MAMMOLO,MOSCATO VIOLETTO,Parent 2,SSR,SSR,20,33.38,Lacombe et al. 2013,10.1007/s00122-012-1988-2,2013,confirmed,Confirmation of prior publication: Di Vecchi 2007; Cipriani 2010 | nSSR: 20/0
MUSCAT SAINT‐LAURENT,CHASSELAS,Parent 1,SSR,SSR,20,40.99,Lacombe et al. 2013,10.1007/s00122-012-1988-2,2013,confirmed,No information on the original cross. | nSSR: 20/0
MUSCAT SAINT‐LAURENT,MUSCAT D'EISENSTADT,Parent 2,SSR,SSR,20,40.99,Lacombe et al. 2013,10.1007/s00122-012-1988-2,2013,confirmed,No information on the original cross. | nSSR: 20/0
MUSCAT SEEDLESS,PERLETTE,Parent 1,SSR,SSR,20,31.55,Lacombe et al. 2013,10.1007/s00122-012-1988-2,2013,probable,Validation of breeder's data. | nSSR: 20/1
MUSCAT SEEDLESS,MUSCAT D'ALEXANDRIE,Parent 2,SSR,SSR,20,31.55,Lacombe et al. 2013,10.1007/s00122-012-1988-2,2013,probable,Validation of breeder's data. | nSSR: 20/1
MUSCAT SUSANNA,MADELEINE ANGEVINE,Parent 1,SSR,SSR,20,40.19,Lacombe et al. 2013,10.1007/s00122-012-1988-2,2013,confirmed,Validation of breeder's data. | nSSR: 20/0
MUSCAT SUSANNA,F MUSCAT À PETITS GRAINS,Parent 2,SSR,SSR,20,40.19,Lacombe et al. 2013,10.1007/s00122-012-1988-2,2013,confirmed,Validation of breeder's data. | nSSR: 20/0
MUSCAT VIRA,MUSCAT À PETITS GRAINS,Parent 1,SSR,SSR,20,28.48,Lacombe et al. 2013,10.1007/s00122-012-1988-2,2013,probable,Validation of breeder's data. | nSSR: 20/1
MUSCAT VIRA,MUSCAT DE HAMBOURG,Parent 2,SSR,SSR,20,28.48,Lacombe et al. 2013,10.1007/s00122-012-1988-2,2013,probable,Validation of breeder's data. | nSSR: 20/1
MUSKAT BLUME,RIESLING WEISS,Parent 1,SSR,SSR,20,39.19,Lacombe et al. 2013,10.1007/s00122-012-1988-2,2013,confirmed,Validation of breeder's data. | nSSR: 20/0
MUSKAT BLUME,MUSCAT SAINT‐LAURENT,Parent 2,SSR,SSR,20,39.19,Lacombe et al. 2013,10.1007/s00122-012-1988-2,2013,confirmed,Validation of breeder's data. | nSSR: 20/0
MUSKAT BOUQUET,RIESLING WEISS,Parent 1,SSR,SSR,20,38.02,Lacombe et al. 2013,10.1007/s00122-012-1988-2,2013,confirmed,Validation of breeder's data. | nSSR: 20/0
MUSKAT BOUQUET,MUSCAT SAINT‐LAURENT,Parent 2,SSR,SSR,20,38.02,Lacombe et al. 2013,10.1007/s00122-012-1988-2,2013,confirmed,Validation of breeder's data. | nSSR: 20/0
NARINCE,DIMRIT (COLLECTION PLEVEN),Parent 1,SSR,SSR,20,48.26,Lacombe et al. 2013,10.1007/s00122-012-1988-2,2013,confirmed,nSSR: 20/0
NARINCE,KALECIK SIYAHI,Parent 2,SSR,SSR,20,48.26,Lacombe et al. 2013,10.1007/s00122-012-1988-2,2013,confirmed,nSSR: 20/0
NAVA = SPIEGEL‐ROY 3/70‐28 ALPHONSE LAVALLÉE,DABOUKI,Parent 1,SSR,SSR,20,28.46,Lacombe et al. 2013,10.1007/s00122-012-1988-2,2013,probable,Validation of breeder's data. | nSSR: 20/1
NEDELCSEV MAGVATLANA,SULTANINA DE BULGARIE,Parent 1,SSR,SSR,20,36.45,Lacombe et al. 2013,10.1007/s00122-012-1988-2,2013,confirmed,Validation of breeder's data. | nSSR: 20/0
NEDELCSEV MAGVATLANA,ITALIA = PIROVANO 65,Parent 2,SSR,SSR,20,36.45,Lacombe et al. 2013,10.1007/s00122-012-1988-2,2013,confirmed,Validation of breeder's data. | nSSR: 20/0
NÉGRAL,FER,Parent 1,SSR,SSR,20,33.28,Lacombe et al. 2013,10.1007/s00122-012-1988-2,2013,confirmed,nSSR: 20/0
NÉGRAL,PRUNELARD,Parent 2,SSR,SSR,20,33.28,Lacombe et al. 2013,10.1007/s00122-012-1988-2,2013,confirmed,nSSR: 20/0
NÉGRET CASTRAIS,MAUZAC,Parent 1,SSR,SSR,20,39.79,Lacombe et al. 2013,10.1007/s00122-012-1988-2,2013,confirmed,nSSR: 20/0
NÉGRET CASTRAIS,MORRASTEL = GRACIANO,Parent 2,SSR,SSR,20,39.79,Lacombe et al. 2013,10.1007/s00122-012-1988-2,2013,confirmed,nSSR: 20/0
NÉGRET DE BANHARS,FER,Parent 1,SSR,SSR,20,34.02,Lacombe et al. 2013,10.1007/s00122-012-1988-2,2013,confirmed,nSSR: 20/0
NÉGRET DE BANHARS,MANSENG NOIR,Parent 2,SSR,SSR,20,34.02,Lacombe et al. 2013,10.1007/s00122-012-1988-2,2013,confirmed,nSSR: 20/0
NETTER,MUSCAT DE HAMBOURG,Parent 1,SSR,SSR,20,43.46,Lacombe et al. 2013,10.1007/s00122-012-1988-2,2013,confirmed,Validation of breeder's data. | nSSR: 20/0
NETTER,DABOUKI,Parent 2,SSR,SSR,20,43.46,Lacombe et al. 2013,10.1007/s00122-012-1988-2,2013,confirmed,Validation of breeder's data. | nSSR: 20/0
NEUBURGER,SYLVANER,Parent 1,SSR,SSR,20,34.62,Lacombe et al. 2013,10.1007/s00122-012-1988-2,2013,probable,Half validation of breeder's data. Confirmation of prior publication: Sefc 1997 and 1998 | nSSR: 20/1
NEUBURGER,VELTELINER ROUGE,Parent 2,SSR,SSR,20,34.62,Lacombe et al. 2013,10.1007/s00122-012-1988-2,2013,probable,Half validation of breeder's data. Confirmation of prior publication: Sefc 1997 and 1998 | nSSR: 20/1
NIELLUCCIO = SANGIOVESE,GAGLIOPPO,Parent 1,SSR,SSR,20,37.21,Lacombe et al. 2013,10.1007/s00122-012-1988-2,2013,confirmed,Alternative. Invalidation of prior publication: Di Vecchi Staraz 2007; Vouillamoz 2007b; Crespan 2008 But additional SSR published by Crespan 2008 do not confirm this hypothesis | nSSR: 20/0
NIELLUCCIO = SANGIOVESE,FOGLIA TONDA,Parent 2,SSR,SSR,20,37.21,Lacombe et al. 2013,10.1007/s00122-012-1988-2,2013,confirmed,Alternative. Invalidation of prior publication: Di Vecchi Staraz 2007; Vouillamoz 2007b; Crespan 2008 But additional SSR published by Crespan 2008 do not confirm this hypothesis | nSSR: 20/0
NIELLUCCIO = SANGIOVESE,FRAPPATO DI VITTORIA,Parent 1,SSR,SSR,20,37.9,Lacombe et al. 2013,10.1007/s00122-012-1988-2,2013,confirmed,Alternative. Invalidation of prior publication: Di Vecchi Staraz 2007; Vouillamoz 2007b; Crespan 2008 But additional SSR published by Crespan 2008 do not confirm this hypothesis | nSSR: 20/0
NIELLUCCIO = SANGIOVESE,FOGLIA TONDA,Parent 2,SSR,SSR,20,37.9,Lacombe et al. 2013,10.1007/s00122-012-1988-2,2013,confirmed,Alternative. Invalidation of prior publication: Di Vecchi Staraz 2007; Vouillamoz 2007b; Crespan 2008 But additional SSR published by Crespan 2008 do not confirm this hypothesis | nSSR: 20/0
NINCUSA,PLAVAC MALI CRNI,Parent 1,SSR,SSR,20,37.67,Lacombe et al. 2013,10.1007/s00122-012-1988-2,2013,confirmed,nSSR: 20/0
NINCUSA,BOMBINO BIANCO,Parent 2,SSR,SSR,20,37.67,Lacombe et al. 2013,10.1007/s00122-012-1988-2,2013,confirmed,nSSR: 20/0
NOBLING = 128‐40 FRIBOURG,SYLVANER,Parent 1,SSR,SSR,20,33.21,Lacombe et al. 2013,10.1007/s00122-012-1988-2,2013,confirmed,Validation of breeder's data. | nSSR: 20/0
NOBLING = 128‐40 FRIBOURG,CHASSELAS,Parent 2,SSR,SSR,20,33.21,Lacombe et al. 2013,10.1007/s00122-012-1988-2,2013,confirmed,Validation of breeder's data. | nSSR: 20/0
NOIR GLADY,MUSCAT ROUGE DE MADÈRE = PINOT,Parent 1,SSR,SSR,20,32.04,Lacombe et al. 2013,10.1007/s00122-012-1988-2,2013,confirmed,No information on the original cross. | nSSR: 20/0
NOIR GLADY,MOSCATO VIOLETTO,Parent 2,SSR,SSR,20,32.04,Lacombe et al. 2013,10.1007/s00122-012-1988-2,2013,confirmed,No information on the original cross. | nSSR: 20/0
NOIR HÂTIF DE MARSEILLE,MUSCAT ROUGE DE MADÈRE = PINOT,Parent 1,SSR,SSR,20,32.2,Lacombe et al. 2013,10.1007/s00122-012-1988-2,2013,confirmed,No information on the original cross. | nSSR: 20/0
NOIR HÂTIF DE MARSEILLE,MOSCATO VIOLETTO,Parent 2,SSR,SSR,20,32.2,Lacombe et al. 2013,10.1007/s00122-012-1988-2,2013,confirmed,No information on the original cross. | nSSR: 20/0
NORIA,EZERJO,Parent 1,SSR,SSR,20,36.76,Lacombe et al. 2013,10.1007/s00122-012-1988-2,2013,confirmed,Invalidation of breeder's data. | nSSR: 20/0
NORIA,SAVAGNIN BLANC,Parent 2,SSR,SSR,20,36.76,Lacombe et al. 2013,10.1007/s00122-012-1988-2,2013,confirmed,Invalidation of breeder's data. | nSSR: 20/0
NOUVEAU GIBRALTAR,GREC ROUGE,Parent 1,SSR,SSR,20,35.1,Lacombe et al. 2013,10.1007/s00122-012-1988-2,2013,confirmed,No information on the original cross. | nSSR: 20/0
NOUVEAU GIBRALTAR,FRANKENTHAL = SCHIAVA GROSSA,Parent 2,SSR,SSR,20,35.1,Lacombe et al. 2013,10.1007/s00122-012-1988-2,2013,confirmed,No information on the original cross. | nSSR: 20/0
NUNO GOMES,GIBI = HEBÉN,Parent 1,SSR,SSR,20,38.46,Lacombe et al. 2013,10.1007/s00122-012-1988-2,2013,confirmed,nSSR: 20/0
NUNO GOMES,F MUSCAT D'ALEXANDRIE,Parent 2,SSR,SSR,20,38.46,Lacombe et al. 2013,10.1007/s00122-012-1988-2,2013,confirmed,nSSR: 20/0
ODESSKII CHERNYI,CABERNET‐SAUVIGNON,Parent 1,SSR,SSR,20,38.64,Lacombe et al. 2013,10.1007/s00122-012-1988-2,2013,confirmed,Validation of breeder's data. | nSSR: 20/0
ODESSKII CHERNYI,ALICANTE HENRI BOUSCHET,Parent 2,SSR,SSR,20,38.64,Lacombe et al. 2013,10.1007/s00122-012-1988-2,2013,confirmed,Validation of breeder's data. | nSSR: 20/0
ODJOU BATAK,MUSCATE (COLLECTION RAVAZ) BEYLERCE,Parent 1,SSR,SSR,20,37.66,Lacombe et al. 2013,10.1007/s00122-012-1988-2,2013,confirmed,nSSR: 20/0
ODOLA,COT = MALBEC,Parent 1,SSR,SSR,20,21.83,Lacombe et al. 2013,10.1007/s00122-012-1988-2,2013,probable,Validation of breeder's data. | nSSR: 15/1
ODOLA,BAROQUE,Parent 2,SSR,SSR,20,21.83,Lacombe et al. 2013,10.1007/s00122-012-1988-2,2013,probable,Validation of breeder's data. | nSSR: 15/1
OKATAC,PLAVAC MALI CRNI,Parent 1,SSR,SSR,20,34.66,Lacombe et al. 2013,10.1007/s00122-012-1988-2,2013,confirmed,nSSR: 20/0
OKATAC,VUGAVA,Parent 2,SSR,SSR,20,34.66,Lacombe et al. 2013,10.1007/s00122-012-1988-2,2013,confirmed,nSSR: 20/0
OKTIABRSKY,ANGOOR KALAN,Parent 1,SSR,SSR,20,32.84,Lacombe et al. 2013,10.1007/s00122-012-1988-2,2013,confirmed,Invalidation of breeder's data. | nSSR: 19/0
OKTIABRSKY,F GLACIÈRE,Parent 2,SSR,SSR,20,32.84,Lacombe et al. 2013,10.1007/s00122-012-1988-2,2013,confirmed,Invalidation of breeder's data. | nSSR: 19/0
OLASZ KADARKA,GOHER,Parent 1,SSR,SSR,20,44.87,Lacombe et al. 2013,10.1007/s00122-012-1988-2,2013,confirmed,Alternative. | nSSR: 20/0
OLASZ KADARKA,F ÖREG KADARKA,Parent 2,SSR,SSR,20,44.87,Lacombe et al. 2013,10.1007/s00122-012-1988-2,2013,confirmed,Alternative. | nSSR: 20/0
OLASZ KADARKA,GOHER,Parent 1,SSR,SSR,20,46.26,Lacombe et al. 2013,10.1007/s00122-012-1988-2,2013,confirmed,Alternative. | nSSR: 20/0
OLASZ KADARKA,F KADARKA,Parent 2,SSR,SSR,20,46.26,Lacombe et al. 2013,10.1007/s00122-012-1988-2,2013,confirmed,Alternative. | nSSR: 20/0
OLASZ KORAI,DIAMANTTRAUBE,Parent 1,SSR,SSR,20,34.71,Lacombe et al. 2013,10.1007/s00122-012-1988-2,2013,confirmed,nSSR: 20/0
OLASZ KORAI,F PINOT,Parent 2,SSR,SSR,20,34.71,Lacombe et al. 2013,10.1007/s00122-012-1988-2,2013,confirmed,nSSR: 20/0
OLHO DE COCCO,GRENACHE = GARNACHA,Parent 1,SSR,SSR,20,39.73,Lacombe et al. 2013,10.1007/s00122-012-1988-2,2013,confirmed,nSSR: 20/0
OLHO DE COCCO,PLANT DROIT,Parent 2,SSR,SSR,20,39.73,Lacombe et al. 2013,10.1007/s00122-012-1988-2,2013,confirmed,nSSR: 20/0
OLIVETTE BARTHELET,OLIVETTE BLANCHE,Parent 1,SSR,SSR,20,31.98,Lacombe et al. 2013,10.1007/s00122-012-1988-2,2013,confirmed,Half validation of breeder's data. Confirmation of prior publication: Vargas 2009 | nSSR: 20/0
OLIVETTE BARTHELET,F VALENCI BLANCO = BEBA,Parent 2,SSR,SSR,20,31.98,Lacombe et al. 2013,10.1007/s00122-012-1988-2,2013,confirmed,Half validation of breeder's data. Confirmation of prior publication: Vargas 2009 | nSSR: 20/0
ONCHETTE,CHATUS,Parent 1,SSR,SSR,20,23.41,Lacombe et al. 2013,10.1007/s00122-012-1988-2,2013,probable,Half confirmation of prior publication: Boursiquot 2004 | nSSR: 20/1
ONCHETTE,GOUAIS BLANC = HEUNISCH WEISS,Parent 2,SSR,SSR,20,23.41,Lacombe et al. 2013,10.1007/s00122-012-1988-2,2013,probable,Half confirmation of prior publication: Boursiquot 2004 | nSSR: 20/1
OPSIMO EDESSIS,ROSA MENNA DI VACCA,Parent 1,SSR,SSR,20,26.35,Lacombe et al. 2013,10.1007/s00122-012-1988-2,2013,probable,nSSR: 20/1
OPSIMO EDESSIS,F FERRAL = PRUNESTA ROSSO VIOLACEA,Parent 2,SSR,SSR,20,26.35,Lacombe et al. 2013,10.1007/s00122-012-1988-2,2013,probable,nSSR: 20/1
ORANGETRAUBE,PINOT,Parent 1,SSR,SSR,20,28.26,Lacombe et al. 2013,10.1007/s00122-012-1988-2,2013,probable,nSSR: 20/1
ORANGETRAUBE,CHASSELAS,Parent 2,SSR,SSR,20,28.26,Lacombe et al. 2013,10.1007/s00122-012-1988-2,2013,probable,nSSR: 20/1
ORG TOKOS,MUSCAT ROUGE DE MADÈRE = PRÉCOCE DE MALINGRE,Parent 1,SSR,SSR,20,18.15,Lacombe et al. 2013,10.1007/s00122-012-1988-2,2013,probable,nSSR: 19/1
ORG TOKOS,MOSCATO VIOLETTO,Parent 2,SSR,SSR,20,18.15,Lacombe et al. 2013,10.1007/s00122-012-1988-2,2013,probable,nSSR: 19/1
ORLOVI NOKTI,ROSA MENNA DI VACCA,Parent 1,SSR,SSR,20,47.46,Lacombe et al. 2013,10.1007/s00122-012-1988-2,2013,confirmed,Confirmation of prior publication: Lacombe 2010 | nSSR: 19/0
ORLOVI NOKTI,F TETA DE VACA,Parent 2,SSR,SSR,20,47.46,Lacombe et al. 2013,10.1007/s00122-012-1988-2,2013,confirmed,Confirmation of prior publication: Lacombe 2010 | nSSR: 19/0
ORNOVE,UGNI BLANC = TREBBIANO TOSCANO UGNI BLANC = TREBBIANO TOSCANO,Parent 1,SSR,SSR,20,40.68,Lacombe et al. 2013,10.1007/s00122-012-1988-2,2013,confirmed,No information on the original cross. | nSSR: 20/0
ÖRÖKKÉ PIROS,MATHIASZ JANOSNE = MATHIASZ 210 AÏN EL BOUMA,Parent 1,SSR,SSR,20,34.51,Lacombe et al. 2013,10.1007/s00122-012-1988-2,2013,confirmed,Half validation of breeder's data. | nSSR: 20/0
ORTEGA = WÜRZBURG B 48‐21‐4 SIEGERREBE = SCHEU 7957,MÜLLER‐THURGAU,Parent 1,SSR,SSR,20,28.97,Lacombe et al. 2013,10.1007/s00122-012-1988-2,2013,probable,Validation of breeder's data. Confirmation of prior publication: | nSSR: 20/1
OSTEINER,SYLVANER,Parent 1,SSR,SSR,20,42.84,Lacombe et al. 2013,10.1007/s00122-012-1988-2,2013,confirmed,Validation of breeder's data. Confirmation of prior publication: Myles 2011 | nSSR: 20/0
OSTEINER,RIESLING WEISS,Parent 2,SSR,SSR,20,42.84,Lacombe et al. 2013,10.1007/s00122-012-1988-2,2013,confirmed,Validation of breeder's data. Confirmation of prior publication: Myles 2011 | nSSR: 20/0
ÖTFÜRTÜ,MATHIASZ JANOSNE = MATHIASZ 210 HARSLEVELU,Parent 1,SSR,SSR,20,29.65,Lacombe et al. 2013,10.1007/s00122-012-1988-2,2013,probable,Validation of breeder's data. | nSSR: 20/1
OZANA,PERLE DE CSABA,Parent 1,SSR,SSR,20,38.6,Lacombe et al. 2013,10.1007/s00122-012-1988-2,2013,confirmed,Invalidation of breeder's data. | nSSR: 20/0
OZANA,DATTIER DE BEYROUTH = AFUZ ALI,Parent 2,SSR,SSR,20,38.6,Lacombe et al. 2013,10.1007/s00122-012-1988-2,2013,confirmed,Invalidation of breeder's data. | nSSR: 20/0
PADEIRO DE BASTO,GIBI = HEBÉN,Parent 1,SSR,SSR,20,40.58,Lacombe et al. 2013,10.1007/s00122-012-1988-2,2013,confirmed,nSSR: 20/0
PADEIRO DE BASTO,F VINHÃO = SOUZAO,Parent 2,SSR,SSR,20,40.58,Lacombe et al. 2013,10.1007/s00122-012-1988-2,2013,confirmed,nSSR: 20/0
PALAVA,SAVAGNIN BLANC,Parent 1,SSR,SSR,20,41.69,Lacombe et al. 2013,10.1007/s00122-012-1988-2,2013,confirmed,Validation of breeder's data. | nSSR: 20/0
PALAVA,MÜLLER‐THURGAU,Parent 2,SSR,SSR,20,41.69,Lacombe et al. 2013,10.1007/s00122-012-1988-2,2013,confirmed,Validation of breeder's data. | nSSR: 20/0
PALESTINA OBERLIN I,BICANE,Parent 1,SSR,SSR,20,36.11,Lacombe et al. 2013,10.1007/s00122-012-1988-2,2013,confirmed,Invalidation of breeder's data. | nSSR: 20/0
PALESTINA OBERLIN I,F LIGNAN,Parent 2,SSR,SSR,20,36.11,Lacombe et al. 2013,10.1007/s00122-012-1988-2,2013,confirmed,Invalidation of breeder's data. | nSSR: 20/0
PANNONIA KINCSE,BELLE DE CEGLED,Parent 1,SSR,SSR,20,39.9,Lacombe et al. 2013,10.1007/s00122-012-1988-2,2013,confirmed,Validation of breeder's data. | nSSR: 20/0
PANNONIA KINCSE,REINE DES VIGNES,Parent 2,SSR,SSR,20,39.9,Lacombe et al. 2013,10.1007/s00122-012-1988-2,2013,confirmed,Validation of breeder's data. | nSSR: 20/0
PANSE PRÉCOCE,BICANE,Parent 1,SSR,SSR,20,22.77,Lacombe et al. 2013,10.1007/s00122-012-1988-2,2013,probable,Confirmation of prior publication: IFV 2007 | nSSR: 20/1
PANSE PRÉCOCE,F PASCAL,Parent 2,SSR,SSR,20,22.77,Lacombe et al. 2013,10.1007/s00122-012-1988-2,2013,probable,Confirmation of prior publication: IFV 2007 | nSSR: 20/1
PAPASKARASI,ALBA IMPUTOTATO,Parent 1,SSR,SSR,20,41.05,Lacombe et al. 2013,10.1007/s00122-012-1988-2,2013,confirmed,nSSR: 20/0
PAPASKARASI,F PROKUPAC,Parent 2,SSR,SSR,20,41.05,Lacombe et al. 2013,10.1007/s00122-012-1988-2,2013,confirmed,nSSR: 20/0
PARDINA = PIROVANO 130,BLACK MONUKKA,Parent 1,SSR,SSR,20,41.73,Lacombe et al. 2013,10.1007/s00122-012-1988-2,2013,confirmed,Validation of breeder's data. Confirmation of prior publication: Myles 2011 | nSSR: 20/0
PARDINA = PIROVANO 130,CITRONELLE,Parent 2,SSR,SSR,20,41.73,Lacombe et al. 2013,10.1007/s00122-012-1988-2,2013,confirmed,Validation of breeder's data. Confirmation of prior publication: Myles 2011 | nSSR: 20/0
PASCALE DI CAGLIARI,GIBI = HEBÉN,Parent 1,SSR,SSR,20,31.66,Lacombe et al. 2013,10.1007/s00122-012-1988-2,2013,confirmed,nSSR: 20/0
PASCALE DI CAGLIARI,F MOURVÈDRE = MONASTRELL,Parent 2,SSR,SSR,20,31.66,Lacombe et al. 2013,10.1007/s00122-012-1988-2,2013,confirmed,nSSR: 20/0
PASIGA = CG 26‐858,SULTANINE,Parent 1,SSR,SSR,20,27.55,Lacombe et al. 2013,10.1007/s00122-012-1988-2,2013,probable,Validation of breeder's data. Confirmation of prior publication: Ibañez 2009 | nSSR: 20/1
PASIGA = CG 26‐858,ALPHONSE LAVALLÉE,Parent 2,SSR,SSR,20,27.55,Lacombe et al. 2013,10.1007/s00122-012-1988-2,2013,probable,Validation of breeder's data. Confirmation of prior publication: Ibañez 2009 | nSSR: 20/1
PATAGONIA = EX 15,SULTANINE,Parent 1,SSR,SSR,20,23.5,Lacombe et al. 2013,10.1007/s00122-012-1988-2,2013,probable,No information on the original cross. | nSSR: 20/1
PATAGONIA = EX 15,VALENCI BLANCO = BEBA,Parent 2,SSR,SSR,20,23.5,Lacombe et al. 2013,10.1007/s00122-012-1988-2,2013,probable,No information on the original cross. | nSSR: 20/1
PÉCSI SZAGOS,COARNA ALBA,Parent 1,SSR,SSR,20,26.16,Lacombe et al. 2013,10.1007/s00122-012-1988-2,2013,probable,nSSR: 20/1
PÉCSI SZAGOS,F MUSCAT À PETITS GRAINS,Parent 2,SSR,SSR,20,26.16,Lacombe et al. 2013,10.1007/s00122-012-1988-2,2013,probable,nSSR: 20/1
PEDRO GIMENEZ FAUX,MISSION = PAIS,Parent 1,SSR,SSR,20,35.45,Lacombe et al. 2013,10.1007/s00122-012-1988-2,2013,confirmed,nSSR: 20/0
PEDRO GIMENEZ FAUX,MUSCAT D'ALEXANDRIE,Parent 2,SSR,SSR,20,35.45,Lacombe et al. 2013,10.1007/s00122-012-1988-2,2013,confirmed,nSSR: 20/0
PERDEA,CHARDONNAY BLANC,Parent 1,SSR,SSR,20,30.96,Lacombe et al. 2013,10.1007/s00122-012-1988-2,2013,confirmed,Validation of breeder's data. Confirmation of prior publication: Di Vecchi Staraz 2006 | nSSR: 20/0
PERDEA,RAFFIAT DE MONCADE,Parent 2,SSR,SSR,20,30.96,Lacombe et al. 2013,10.1007/s00122-012-1988-2,2013,confirmed,Validation of breeder's data. Confirmation of prior publication: Di Vecchi Staraz 2006 | nSSR: 20/0
PERGRANDIS = PIROVANO 388,MUSCAT D'ALEXANDRIE,Parent 1,SSR,SSR,20,30.03,Lacombe et al. 2013,10.1007/s00122-012-1988-2,2013,probable,Invalidation of breeder's data. | nSSR: 20/1
PERGRANDIS = PIROVANO 388,CHASSELAS,Parent 2,SSR,SSR,20,30.03,Lacombe et al. 2013,10.1007/s00122-012-1988-2,2013,probable,Invalidation of breeder's data. | nSSR: 20/1
PERLAUT,PERLE DE CSABA,Parent 1,SSR,SSR,20,35.84,Lacombe et al. 2013,10.1007/s00122-012-1988-2,2013,confirmed,Validation of breeder's data. Confirmation of prior publication: Di Vecchi Staraz 2005 | nSSR: 20/0
PERLAUT,CINSAUT,Parent 2,SSR,SSR,20,35.84,Lacombe et al. 2013,10.1007/s00122-012-1988-2,2013,confirmed,Validation of breeder's data. Confirmation of prior publication: Di Vecchi Staraz 2005 | nSSR: 20/0
PERLE = SCHEU 3951,SAVAGNIN BLANC,Parent 1,SSR,SSR,20,43.1,Lacombe et al. 2013,10.1007/s00122-012-1988-2,2013,confirmed,Validation of breeder's data. Confirmation of prior publication: Myles 2011 | nSSR: 20/0
PERLE = SCHEU 3951,MÜLLER‐THURGAU,Parent 2,SSR,SSR,20,43.1,Lacombe et al. 2013,10.1007/s00122-012-1988-2,2013,confirmed,Validation of breeder's data. Confirmation of prior publication: Myles 2011 | nSSR: 20/0
PERLE DE CSABA,MADELEINE ANGEVINE,Parent 1,SSR,SSR,20,35.76,Lacombe et al. 2013,10.1007/s00122-012-1988-2,2013,confirmed,Invalidation of breeder's data. Confirmation of prior publication: IFV 2007; (and half Kiss 2006; Galbacs 2009) | nSSR: 20/0
PERLE DE CSABA,F MUSCAT FLEUR D'ORANGER,Parent 2,SSR,SSR,20,35.76,Lacombe et al. 2013,10.1007/s00122-012-1988-2,2013,confirmed,Invalidation of breeder's data. Confirmation of prior publication: IFV 2007; (and half Kiss 2006; Galbacs 2009) | nSSR: 20/0
PERLETTE,REINE DES VIGNES,Parent 1,SSR,SSR,20,23.85,Lacombe et al. 2013,10.1007/s00122-012-1988-2,2013,probable,Validation of breeder's data. Confirmation of prior publication: Ibañez 2009; Cipriani 2010; Myles 2011 | nSSR: 20/1
PERLETTE,SULTANINE,Parent 2,SSR,SSR,20,23.85,Lacombe et al. 2013,10.1007/s00122-012-1988-2,2013,probable,Validation of breeder's data. Confirmation of prior publication: Ibañez 2009; Cipriani 2010; Myles 2011 | nSSR: 20/1
PERLON = CG 89‐878,PERLETTE,Parent 1,SSR,SSR,20,37.65,Lacombe et al. 2013,10.1007/s00122-012-1988-2,2013,confirmed,Validation of breeder's data. Confirmation of prior publication: Ibañez 2009 | nSSR: 20/0
PERLON = CG 89‐878,EMPEROR,Parent 2,SSR,SSR,20,37.65,Lacombe et al. 2013,10.1007/s00122-012-1988-2,2013,confirmed,Validation of breeder's data. Confirmation of prior publication: Ibañez 2009 | nSSR: 20/0
PERLONA = PIROVANO 54,BICANE,Parent 1,SSR,SSR,20,28.52,Lacombe et al. 2013,10.1007/s00122-012-1988-2,2013,confirmed,Validation of breeder's data. Confirmation of prior publication: Ibañez 2009 | nSSR: 20/0
PERLONA = PIROVANO 54,F MUSCAT DE HAMBOURG,Parent 2,SSR,SSR,20,28.52,Lacombe et al. 2013,10.1007/s00122-012-1988-2,2013,confirmed,Validation of breeder's data. Confirmation of prior publication: Ibañez 2009 | nSSR: 20/0
PERVENETZ PRASKOVEÏSKY,GUIRAH,Parent 1,SSR,SSR,20,46.42,Lacombe et al. 2013,10.1007/s00122-012-1988-2,2013,probable,nSSR: 20/1
PERVENETZ PRASKOVEÏSKY,F KHALILI BELYI,Parent 2,SSR,SSR,20,46.42,Lacombe et al. 2013,10.1007/s00122-012-1988-2,2013,probable,nSSR: 20/1
PETIT BOUSCHET,ARAMON NOIR,Parent 1,SSR,SSR,20,34.27,Lacombe et al. 2013,10.1007/s00122-012-1988-2,2013,confirmed,Validation of breeder's data. Confirmation of prior publication: Cabezas 2003; (but not Myles 2011) | nSSR: 20/0
PETIT BOUSCHET,TEINTURIER,Parent 2,SSR,SSR,20,34.27,Lacombe et al. 2013,10.1007/s00122-012-1988-2,2013,confirmed,Validation of breeder's data. Confirmation of prior publication: Cabezas 2003; (but not Myles 2011) | nSSR: 20/0
PETIT BOUSCHET X ARAMON N°4 PETIT BOUSCHET,MORRASTEL = GRACIANO,Parent 1,SSR,SSR,20,39.81,Lacombe et al. 2013,10.1007/s00122-012-1988-2,2013,confirmed,Half validation of breeder's data. | nSSR: 20/0
PETIT MESLIER,GOUAIS BLANC = HEUNISCH WEISS SAVAGNIN = TRAMINER,Parent 1,SSR,SSR,20,33.39,Lacombe et al. 2013,10.1007/s00122-012-1988-2,2013,confirmed,Confirmation of prior publication: Bowers 1998 | nSSR: 20/0
PETIT VERDOT FAUX,PLANT DE DUBOSC 2,Parent 1,SSR,SSR,20,47.34,Lacombe et al. 2013,10.1007/s00122-012-1988-2,2013,confirmed,nSSR: 20/0
PETIT VERDOT FAUX,ND PETIT VERDOT,Parent 2,SSR,SSR,20,47.34,Lacombe et al. 2013,10.1007/s00122-012-1988-2,2013,confirmed,nSSR: 20/0
PEURION,PINOT,Parent 1,SSR,SSR,20,32.44,Lacombe et al. 2013,10.1007/s00122-012-1988-2,2013,confirmed,Confirmation of prior publication: Bowers 1998 and 1999 | nSSR: 20/0
PEURION,GOUAIS BLANC = HEUNISCH WEISS,Parent 2,SSR,SSR,20,32.44,Lacombe et al. 2013,10.1007/s00122-012-1988-2,2013,confirmed,Confirmation of prior publication: Bowers 1998 and 1999 | nSSR: 20/0
PICCOLA NERA,BLANK BLAUER = VULPEA,Parent 1,SSR,SSR,20,31.2,Lacombe et al. 2013,10.1007/s00122-012-1988-2,2013,confirmed,Alternative. | nSSR: 20/0
PICCOLA NERA,GOUAIS BLANC = HEUNISCH WEISS,Parent 2,SSR,SSR,20,31.2,Lacombe et al. 2013,10.1007/s00122-012-1988-2,2013,confirmed,Alternative. | nSSR: 20/0
PICCOLA NERA,PINELLA BIANCA,Parent 1,SSR,SSR,20,31.89,Lacombe et al. 2013,10.1007/s00122-012-1988-2,2013,confirmed,Alternative. | nSSR: 20/0
PICCOLA NERA,BLANK BLAUER = VULPEA,Parent 2,SSR,SSR,20,31.89,Lacombe et al. 2013,10.1007/s00122-012-1988-2,2013,confirmed,Alternative. | nSSR: 20/0
PICOLIN,UGNI BLANC = TREBBIANO TOSCANO UGNI BLANC = TREBBIANO TOSCANO,Parent 1,SSR,SSR,20,42.97,Lacombe et al. 2013,10.1007/s00122-012-1988-2,2013,confirmed,Half validation of breeder's data. Confirmation of prior | nSSR: 20/0
PIGEONNET,GREC ROUGE,Parent 1,SSR,SSR,20,36.06,Lacombe et al. 2013,10.1007/s00122-012-1988-2,2013,confirmed,No information on the original cross. | nSSR: 20/0
PIGEONNET,MUSCAT D'EISENSTADT,Parent 2,SSR,SSR,20,36.06,Lacombe et al. 2013,10.1007/s00122-012-1988-2,2013,confirmed,No information on the original cross. | nSSR: 20/0
PINOT SALOMON DE SEMIS,PINOT,Parent 1,SSR,SSR,20,30.65,Lacombe et al. 2013,10.1007/s00122-012-1988-2,2013,confirmed,Half validation of breeder's data. | nSSR: 20/0
PINOT SALOMON DE SEMIS,ELBLING,Parent 2,SSR,SSR,20,30.65,Lacombe et al. 2013,10.1007/s00122-012-1988-2,2013,confirmed,Half validation of breeder's data. | nSSR: 20/0
PINOTAGE,PINOT,Parent 1,SSR,SSR,20,34.87,Lacombe et al. 2013,10.1007/s00122-012-1988-2,2013,confirmed,Validation of breeder's data. Confirmation of prior publication: Lacombe 2010 | nSSR: 20/0
PINOTAGE,CINSAUT,Parent 2,SSR,SSR,20,34.87,Lacombe et al. 2013,10.1007/s00122-012-1988-2,2013,confirmed,Validation of breeder's data. Confirmation of prior publication: Lacombe 2010 | nSSR: 20/0
PIQUEPOUL BOUSCHET,PIQUEPOUL,Parent 1,SSR,SSR,20,16.66,Lacombe et al. 2013,10.1007/s00122-012-1988-2,2013,probable,Validation of breeder's data. | nSSR: 20/1
PIQUEPOUL BOUSCHET,PETIT BOUSCHET,Parent 2,SSR,SSR,20,16.66,Lacombe et al. 2013,10.1007/s00122-012-1988-2,2013,probable,Validation of breeder's data. | nSSR: 20/1
PIROVANO 190,ANGELO PIROVANO = PIROVANO 2 DELIZIA DI VAPRIO = PIROVANO 46 A,Parent 1,SSR,SSR,20,42.92,Lacombe et al. 2013,10.1007/s00122-012-1988-2,2013,confirmed,Validation of breeder's data. | nSSR: 20/0
PIZZUTELLO NERO,TETA DE VACA,Parent 1,SSR,SSR,20,43.96,Lacombe et al. 2013,10.1007/s00122-012-1988-2,2013,confirmed,Confirmation of prior publication: Vargas 2009 | nSSR: 19/0
PIZZUTELLO NERO,PRUNE DE CAZOULS,Parent 2,SSR,SSR,20,43.96,Lacombe et al. 2013,10.1007/s00122-012-1988-2,2013,confirmed,Confirmation of prior publication: Vargas 2009 | nSSR: 19/0
PLANT DE BANDOL (TERRIN),MOURVÈDRE = MONASTRELL,Parent 1,SSR,SSR,20,28.62,Lacombe et al. 2013,10.1007/s00122-012-1988-2,2013,confirmed,nSSR: 20/0
PLANT DE BANDOL (TERRIN),PLANT DROIT,Parent 2,SSR,SSR,20,28.62,Lacombe et al. 2013,10.1007/s00122-012-1988-2,2013,confirmed,nSSR: 20/0
PLANT DE BANYULS (RANUYÈRES) GIBI = HEBÉN,F CLAIRETTE,Parent 1,SSR,SSR,20,30.09,Lacombe et al. 2013,10.1007/s00122-012-1988-2,2013,confirmed,nSSR: 20/0
PLANT DE BRUNEL,GRENACHE = GARNACHA,Parent 1,SSR,SSR,20,39.03,Lacombe et al. 2013,10.1007/s00122-012-1988-2,2013,confirmed,Validation of breeder's data. | nSSR: 20/0
PLANT DE BRUNEL,JURANÇON NOIR,Parent 2,SSR,SSR,20,39.03,Lacombe et al. 2013,10.1007/s00122-012-1988-2,2013,confirmed,Validation of breeder's data. | nSSR: 20/0
PLANT DE CERVERA‐ 06‐B‐1 GIBI = HEBÉN,F BRUSTIANO FAUX (COLLECTION PARC DE (COLLECTION TORRES S.A.),Parent 1,SSR,SSR,20,33.24,Lacombe et al. 2013,10.1007/s00122-012-1988-2,2013,confirmed,nSSR: 19/0
PLANT DE CERVERA‐ 06‐B‐1 GIBI = HEBÉN,LA TÊTE D'OR),Parent 2,SSR,SSR,20,33.24,Lacombe et al. 2013,10.1007/s00122-012-1988-2,2013,confirmed,nSSR: 19/0
PLANT DE DEKKER,RIESLING WEISS,Parent 1,SSR,SSR,20,36.88,Lacombe et al. 2013,10.1007/s00122-012-1988-2,2013,confirmed,nSSR: 20/0
PLANT DE DEKKER,PRÉCOCE DE MALINGRE,Parent 2,SSR,SSR,20,36.88,Lacombe et al. 2013,10.1007/s00122-012-1988-2,2013,confirmed,nSSR: 20/0
PLANT DE FLASSANS,GROS VERT,Parent 1,SSR,SSR,20,32.8,Lacombe et al. 2013,10.1007/s00122-012-1988-2,2013,confirmed,nSSR: 20/0
PLANT DE FLASSANS,MOURVÈDRE = MONASTRELL,Parent 2,SSR,SSR,20,32.8,Lacombe et al. 2013,10.1007/s00122-012-1988-2,2013,confirmed,nSSR: 20/0
PLANT DE QUEROL 98‐N‐2 (COLLECTION PLANT DE VIC 98‐N‐1 (COLLECTION PLANT DE VIC 98‐N‐4 (COLLECTION TORRES S.A.),TORRES S.A.),Parent 1,SSR,SSR,20,39.29,Lacombe et al. 2013,10.1007/s00122-012-1988-2,2013,confirmed,nSSR: 19/0
PLANT DE QUEROL 98‐N‐2 (COLLECTION PLANT DE VIC 98‐N‐1 (COLLECTION PLANT DE VIC 98‐N‐4 (COLLECTION TORRES S.A.),ND TORRES S.A.),Parent 2,SSR,SSR,20,39.29,Lacombe et al. 2013,10.1007/s00122-012-1988-2,2013,confirmed,nSSR: 19/0
PLANT DE SÉCHEX,GOUAIS BLANC = HEUNISCH WEISS CHASSELAS,Parent 1,SSR,SSR,20,31.08,Lacombe et al. 2013,10.1007/s00122-012-1988-2,2013,confirmed,nSSR: 20/0
PLANT DE TUNISIE 22 (COLLECTION CARIGNAN,MUSCAT À PETITS GRAINS,Parent 1,SSR,SSR,20,36.35,Lacombe et al. 2013,10.1007/s00122-012-1988-2,2013,confirmed,nSSR: 20/0
PLANT DE TUNISIE 22 (COLLECTION CARIGNAN,RAVAZ),Parent 2,SSR,SSR,20,36.35,Lacombe et al. 2013,10.1007/s00122-012-1988-2,2013,confirmed,nSSR: 20/0
PLANT DE VINCELLES,GOUAIS BLANC = HEUNISCH WEISS CHASSELAS,Parent 1,SSR,SSR,20,23.26,Lacombe et al. 2013,10.1007/s00122-012-1988-2,2013,probable,nSSR: 20/1
PLANT D'IMPERS,GRENACHE = GARNACHA,Parent 1,SSR,SSR,20,38.2,Lacombe et al. 2013,10.1007/s00122-012-1988-2,2013,confirmed,nSSR: 20/0
PLANT D'IMPERS,PETIT BOUSCHET,Parent 2,SSR,SSR,20,38.2,Lacombe et al. 2013,10.1007/s00122-012-1988-2,2013,confirmed,nSSR: 20/0
PLANT PANACHÉ D'ALZEY,MADELEINE ANGEVINE,Parent 1,SSR,SSR,20,36.94,Lacombe et al. 2013,10.1007/s00122-012-1988-2,2013,confirmed,nSSR: 20/0
PLANT PANACHÉ D'ALZEY,F BÉQUIGNOL,Parent 2,SSR,SSR,20,36.94,Lacombe et al. 2013,10.1007/s00122-012-1988-2,2013,confirmed,nSSR: 20/0
PLANT TEINTURIER DU PLANTOU,PETIT BOUSCHET,Parent 1,SSR,SSR,20,34.35,Lacombe et al. 2013,10.1007/s00122-012-1988-2,2013,confirmed,nSSR: 20/0
PLANT TEINTURIER DU PLANTOU,MORRASTEL = GRACIANO,Parent 2,SSR,SSR,20,34.35,Lacombe et al. 2013,10.1007/s00122-012-1988-2,2013,confirmed,nSSR: 20/0
PLANTA NOVA,ROYAL,Parent 1,SSR,SSR,20,45.13,Lacombe et al. 2013,10.1007/s00122-012-1988-2,2013,confirmed,nSSR: 20/0
PLANTA NOVA,HEPTAKILO,Parent 2,SSR,SSR,20,45.13,Lacombe et al. 2013,10.1007/s00122-012-1988-2,2013,confirmed,nSSR: 20/0
PLAVAÏ,BEALA DEBELA,Parent 1,SSR,SSR,20,41.13,Lacombe et al. 2013,10.1007/s00122-012-1988-2,2013,confirmed,Confirmation of prior publication: Lacombe 2010 | nSSR: 20/0
PLAVAÏ,F ZEMOASA = TIMPURIE,Parent 2,SSR,SSR,20,41.13,Lacombe et al. 2013,10.1007/s00122-012-1988-2,2013,confirmed,Confirmation of prior publication: Lacombe 2010 | nSSR: 20/0
PLAVINA CRNA,PRIMITIVO = ZINFANDEL,Parent 1,SSR,SSR,20,38.66,Lacombe et al. 2013,10.1007/s00122-012-1988-2,2013,confirmed,Confirmation of prior publication: Lacombe 2007; Cipriani 2010 | nSSR: 20/0
PLAVINA CRNA,VERDECA = LAGORTHI,Parent 2,SSR,SSR,20,38.66,Lacombe et al. 2013,10.1007/s00122-012-1988-2,2013,confirmed,Confirmation of prior publication: Lacombe 2007; Cipriani 2010 | nSSR: 20/0
PLETCHISTIK,TZIMLIANSKY BELYI,Parent 1,SSR,SSR,20,56.17,Lacombe et al. 2013,10.1007/s00122-012-1988-2,2013,confirmed,nSSR: 20/0
PLETCHISTIK,KRASNOSTOP ZOLOTOVSKII,Parent 2,SSR,SSR,20,56.17,Lacombe et al. 2013,10.1007/s00122-012-1988-2,2013,confirmed,nSSR: 20/0
POBEDA,MUSCAT DE HAMBOURG,Parent 1,SSR,SSR,20,35.78,Lacombe et al. 2013,10.1007/s00122-012-1988-2,2013,confirmed,Half validation of breeder's data. | nSSR: 20/0
POBEDA,AHMAR DERANI,Parent 2,SSR,SSR,20,35.78,Lacombe et al. 2013,10.1007/s00122-012-1988-2,2013,confirmed,Half validation of breeder's data. | nSSR: 20/0
PORTAN,GRENACHE = GARNACHA,Parent 1,SSR,SSR,20,36.79,Lacombe et al. 2013,10.1007/s00122-012-1988-2,2013,probable,Validation of breeder's data. | nSSR: 20/1
PORTAN,PORTUGAIS BLEU,Parent 2,SSR,SSR,20,36.79,Lacombe et al. 2013,10.1007/s00122-012-1988-2,2013,probable,Validation of breeder's data. | nSSR: 20/1
PRÉCOCE DE MALINGRE,BICANE,Parent 1,SSR,SSR,20,35.06,Lacombe et al. 2013,10.1007/s00122-012-1988-2,2013,confirmed,No information on the original cross. Confirmation of prior publication: IFV 2007; Vargas 2009 | nSSR: 20/0
PRÉCOCE DE MALINGRE,F PINOT,Parent 2,SSR,SSR,20,35.06,Lacombe et al. 2013,10.1007/s00122-012-1988-2,2013,confirmed,No information on the original cross. Confirmation of prior publication: IFV 2007; Vargas 2009 | nSSR: 20/0
PRÉSIDENT CARNOT,MADELEINE ANGEVINE,Parent 1,SSR,SSR,20,39.05,Lacombe et al. 2013,10.1007/s00122-012-1988-2,2013,confirmed,Invalidation of breeder's data. | nSSR: 20/0
PRÉSIDENT CARNOT,F RIESLING,Parent 2,SSR,SSR,20,39.05,Lacombe et al. 2013,10.1007/s00122-012-1988-2,2013,confirmed,Invalidation of breeder's data. | nSSR: 20/0
PRETO MARTINHO DO DOURO,MOURISCO TINTO = MARUFO,Parent 1,SSR,SSR,20,32.1,Lacombe et al. 2013,10.1007/s00122-012-1988-2,2013,confirmed,nSSR: 20/0
PRETO MARTINHO DO DOURO,F TINTA GROSSA D'ALENTEJO,Parent 2,SSR,SSR,20,32.1,Lacombe et al. 2013,10.1007/s00122-012-1988-2,2013,confirmed,nSSR: 20/0
PRIMA,CARDINAL = G 10‐30,Parent 1,SSR,SSR,20,38.52,Lacombe et al. 2013,10.1007/s00122-012-1988-2,2013,confirmed,Validation of breeder's data. Confirmation of prior publication: Di Vecchi Staraz 2005 | nSSR: 20/0
PRIMA,LIVAL,Parent 2,SSR,SSR,20,38.52,Lacombe et al. 2013,10.1007/s00122-012-1988-2,2013,confirmed,Validation of breeder's data. Confirmation of prior publication: Di Vecchi Staraz 2005 | nSSR: 20/0
PRIMIERA = PIROVANO 309,MADELEINE ANGEVINE,Parent 1,SSR,SSR,20,27.44,Lacombe et al. 2013,10.1007/s00122-012-1988-2,2013,probable,Half validation of breeder's data. Confirmation of prior | nSSR: 20/1
PRIMIERA = PIROVANO 309,F DELIZIA DI VAPRIO = PIROVANO 46 A,Parent 2,SSR,SSR,20,27.44,Lacombe et al. 2013,10.1007/s00122-012-1988-2,2013,probable,Half validation of breeder's data. Confirmation of prior | nSSR: 20/1
PRINCEPS = PIROVANO 357,MUSCAT DE HAMBOURG,Parent 1,SSR,SSR,20,28.79,Lacombe et al. 2013,10.1007/s00122-012-1988-2,2013,probable,Invalidation of breeder's data. Confirmation of prior publication: Vargas 2009 | nSSR: 20/1
PRINCEPS = PIROVANO 357,GROS COLMAN,Parent 2,SSR,SSR,20,28.79,Lacombe et al. 2013,10.1007/s00122-012-1988-2,2013,probable,Invalidation of breeder's data. Confirmation of prior publication: Vargas 2009 | nSSR: 20/1
PRINCIPESSA DI PIEMONTE = MUSCAT D'ALEXANDRIE,PRODIGIOSA = PIROVANO 59,Parent 1,SSR,SSR,20,32.35,Lacombe et al. 2013,10.1007/s00122-012-1988-2,2013,probable,Validation of breeder's data. | nSSR: 20/1
PRINCIPESSA DI PIEMONTE = MUSCAT D'ALEXANDRIE,PIROVANO 108,Parent 2,SSR,SSR,20,32.35,Lacombe et al. 2013,10.1007/s00122-012-1988-2,2013,probable,Validation of breeder's data. | nSSR: 20/1
PRODIGIOSA = PIROVANO 59,BICANE,Parent 1,SSR,SSR,20,41.84,Lacombe et al. 2013,10.1007/s00122-012-1988-2,2013,confirmed,Half validation of breeder's data. Confirmation of prior publication: Lacombe 2010 | nSSR: 20/0
PRODIGIOSA = PIROVANO 59,F HEPTAKILO,Parent 2,SSR,SSR,20,41.84,Lacombe et al. 2013,10.1007/s00122-012-1988-2,2013,confirmed,Half validation of breeder's data. Confirmation of prior publication: Lacombe 2010 | nSSR: 20/0
QUEBRANTA,MISSION = PAIS,Parent 1,SSR,SSR,20,25.15,Lacombe et al. 2013,10.1007/s00122-012-1988-2,2013,confirmed,Confirmation of prior publication: This 2006 | nSSR: 19/0
QUEBRANTA,NEGRA MOLE = MOLLAR,Parent 2,SSR,SSR,20,25.15,Lacombe et al. 2013,10.1007/s00122-012-1988-2,2013,confirmed,Confirmation of prior publication: This 2006 | nSSR: 19/0
QUEEN,SULTANINE,Parent 1,SSR,SSR,20,30.1,Lacombe et al. 2013,10.1007/s00122-012-1988-2,2013,confirmed,Validation of breeder's data. Confirmation of prior publication: Vargas 2009; Cipriani 2010; Myles 2011 | nSSR: 20/0
QUEEN,MUSCAT DE HAMBOURG,Parent 2,SSR,SSR,20,30.1,Lacombe et al. 2013,10.1007/s00122-012-1988-2,2013,confirmed,Validation of breeder's data. Confirmation of prior publication: Vargas 2009; Cipriani 2010; Myles 2011 | nSSR: 20/0
RAFFIAT DE MONCADE,GOUAIS BLANC = HEUNISCH WEISS BOUCHALÈS,Parent 1,SSR,SSR,20,29.96,Lacombe et al. 2013,10.1007/s00122-012-1988-2,2013,confirmed,Half confirmation of prior publication: Boursiquot 2004 | nSSR: 20/0
RAISAINE,RIBIER NOIR,Parent 1,SSR,SSR,20,29.68,Lacombe et al. 2013,10.1007/s00122-012-1988-2,2013,confirmed,nSSR: 20/0
RAISAINE,GREC ROUGE,Parent 2,SSR,SSR,20,29.68,Lacombe et al. 2013,10.1007/s00122-012-1988-2,2013,confirmed,nSSR: 20/0
RAISIN DE GÊNES,OLIVETTE BLANCHE,Parent 1,SSR,SSR,20,35.43,Lacombe et al. 2013,10.1007/s00122-012-1988-2,2013,confirmed,nSSR: 20/0
RAISIN DE GÊNES,F TERRET,Parent 2,SSR,SSR,20,35.43,Lacombe et al. 2013,10.1007/s00122-012-1988-2,2013,confirmed,nSSR: 20/0
RAISIN DE KOSSUTH,MADELEINE ANGEVINE,Parent 1,SSR,SSR,20,31.3,Lacombe et al. 2013,10.1007/s00122-012-1988-2,2013,confirmed,Invalidation of breeder's data. But the mother used by the breeder is not in the dataset | nSSR: 20/0
RAISIN DE KOSSUTH,F DIMIAT,Parent 2,SSR,SSR,20,31.3,Lacombe et al. 2013,10.1007/s00122-012-1988-2,2013,confirmed,Invalidation of breeder's data. But the mother used by the breeder is not in the dataset | nSSR: 20/0
RAJOULAN,CHAOUCH BLANC,Parent 1,SSR,SSR,20,40.39,Lacombe et al. 2013,10.1007/s00122-012-1988-2,2013,confirmed,nSSR: 19/0
RAJOULAN,F MANTEUDO = MANTUO DE PILAS,Parent 2,SSR,SSR,20,40.39,Lacombe et al. 2013,10.1007/s00122-012-1988-2,2013,confirmed,nSSR: 19/0
RAMI = VIDAL 119,COLOMBARD,Parent 1,SSR,SSR,20,18.21,Lacombe et al. 2013,10.1007/s00122-012-1988-2,2013,probable,Validation of breeder's data. | nSSR: 12/1
RAMI = VIDAL 119,UGNI BLANC = TREBBIANO TOSCANO,Parent 2,SSR,SSR,20,18.21,Lacombe et al. 2013,10.1007/s00122-012-1988-2,2013,probable,Validation of breeder's data. | nSSR: 12/1
RANFOL BELI,BLANK BLAUER = VULPEA,Parent 1,SSR,SSR,20,31.32,Lacombe et al. 2013,10.1007/s00122-012-1988-2,2013,confirmed,nSSR: 20/0
RANFOL BELI,GOUAIS BLANC = HEUNISCH WEISS,Parent 2,SSR,SSR,20,31.32,Lacombe et al. 2013,10.1007/s00122-012-1988-2,2013,confirmed,nSSR: 20/0
RANNII VIRA,CHAOUCH BLANC,Parent 1,SSR,SSR,20,53.24,Lacombe et al. 2013,10.1007/s00122-012-1988-2,2013,confirmed,Validation of breeder's data. Confirmation of prior publication: Myles 2011 | nSSR: 20/0
RANNII VIRA,F KICHMICH TCHERNI,Parent 2,SSR,SSR,20,53.24,Lacombe et al. 2013,10.1007/s00122-012-1988-2,2013,confirmed,Validation of breeder's data. Confirmation of prior publication: Myles 2011 | nSSR: 20/0
RANNY MAGARATCHA = MAGARATCH MADELEINE ANGEVINE,F KICHMICH TCHERNI,Parent 1,SSR,SSR,20,42.52,Lacombe et al. 2013,10.1007/s00122-012-1988-2,2013,probable,Validation of breeder's data. | nSSR: 20/1
RANNY MAGARATCHA = MAGARATCH MADELEINE ANGEVINE,372,Parent 2,SSR,SSR,20,42.52,Lacombe et al. 2013,10.1007/s00122-012-1988-2,2013,probable,Validation of breeder's data. | nSSR: 20/1
RASSEGUI,MAYORQUIN = FARANA,Parent 1,SSR,SSR,20,37.87,Lacombe et al. 2013,10.1007/s00122-012-1988-2,2013,confirmed,nSSR: 20/0
RASSEGUI,HEPTAKILO,Parent 2,SSR,SSR,20,37.87,Lacombe et al. 2013,10.1007/s00122-012-1988-2,2013,confirmed,nSSR: 20/0
RAZAKIIA MIRISLIVA,PROKUPAC,Parent 1,SSR,SSR,20,40.11,Lacombe et al. 2013,10.1007/s00122-012-1988-2,2013,confirmed,nSSR: 20/0
RAZAKIIA MIRISLIVA,RAZACHIE ROSIE,Parent 2,SSR,SSR,20,40.11,Lacombe et al. 2013,10.1007/s00122-012-1988-2,2013,confirmed,nSSR: 20/0
RAZDANI,KARMIR KAKHANI,Parent 1,SSR,SSR,20,52.95,Lacombe et al. 2013,10.1007/s00122-012-1988-2,2013,confirmed,Half validation of breeder's data. | nSSR: 20/0
RAZDANI,F VOSKEAT,Parent 2,SSR,SSR,20,52.95,Lacombe et al. 2013,10.1007/s00122-012-1988-2,2013,confirmed,Half validation of breeder's data. | nSSR: 20/0
REBO = RIGOTTI 107‐3,TEROLDEGO,Parent 1,SSR,SSR,20,42.36,Lacombe et al. 2013,10.1007/s00122-012-1988-2,2013,confirmed,Validation of breeder's data. Confirmation of prior publication: Lacombe 2010 | nSSR: 19/0
REBO = RIGOTTI 107‐3,MERLOT NOIR,Parent 2,SSR,SSR,20,42.36,Lacombe et al. 2013,10.1007/s00122-012-1988-2,2013,confirmed,Validation of breeder's data. Confirmation of prior publication: Lacombe 2010 | nSSR: 19/0
RED MAY,BICANE,Parent 1,SSR,SSR,20,32.69,Lacombe et al. 2013,10.1007/s00122-012-1988-2,2013,confirmed,nSSR: 20/0
RED MAY,F MUSCAT DE HAMBOURG,Parent 2,SSR,SSR,20,32.69,Lacombe et al. 2013,10.1007/s00122-012-1988-2,2013,confirmed,nSSR: 20/0
REGNER,MÜLLER‐THURGAU,Parent 1,SSR,SSR,20,35.19,Lacombe et al. 2013,10.1007/s00122-012-1988-2,2013,confirmed,Invalidation of breeder's data. | nSSR: 20/0
REGNER,MUSCAT D'EISENSTADT,Parent 2,SSR,SSR,20,35.19,Lacombe et al. 2013,10.1007/s00122-012-1988-2,2013,confirmed,Invalidation of breeder's data. | nSSR: 20/0
REICHRIESLING,GAMAY NOIR,Parent 1,SSR,SSR,20,38.79,Lacombe et al. 2013,10.1007/s00122-012-1988-2,2013,confirmed,Invalidation of breeder's data. Invalidation of prior publication: Regner 2001 | nSSR: 20/0
REICHRIESLING,MADELEINE ROYALE,Parent 2,SSR,SSR,20,38.79,Lacombe et al. 2013,10.1007/s00122-012-1988-2,2013,confirmed,Invalidation of breeder's data. Invalidation of prior publication: Regner 2001 | nSSR: 20/0
REINE DES VIGNES,PERLE DE CSABA,Parent 1,SSR,SSR,20,35.63,Lacombe et al. 2013,10.1007/s00122-012-1988-2,2013,confirmed,Half validation of breeder's data. Confirmation of prior | nSSR: 20/0
REINE DES VIGNES,DATTIER DE BEYROUTH = AFUZ ALI,Parent 2,SSR,SSR,20,35.63,Lacombe et al. 2013,10.1007/s00122-012-1988-2,2013,confirmed,Half validation of breeder's data. Confirmation of prior | nSSR: 20/0
RIBOL,OLIVETTE BLANCHE,Parent 1,SSR,SSR,20,21.69,Lacombe et al. 2013,10.1007/s00122-012-1988-2,2013,probable,Validation of breeder's data. | nSSR: 20/1
RIBOL,F ALPHONSE LAVALLÉE,Parent 2,SSR,SSR,20,21.69,Lacombe et al. 2013,10.1007/s00122-012-1988-2,2013,probable,Validation of breeder's data. | nSSR: 20/1
RIESLANER = WÜRZBURG NI 11‐17 SYLVANER,RIESLING WEISS,Parent 1,SSR,SSR,20,22.24,Lacombe et al. 2013,10.1007/s00122-012-1988-2,2013,probable,Validation of breeder's data. Confirmation of prior publication: | nSSR: 20/1
RIESLING HEILIGENSTEIN (COLLECTION RIESLING,FRANKENTHAL = SCHIAVA GROSSA OBERLIN),Parent 1,SSR,SSR,20,30.55,Lacombe et al. 2013,10.1007/s00122-012-1988-2,2013,confirmed,nSSR: 20/0
RIESLING MUSQUÉ (COLLECTION RIESLING,MUSCAT SAINT‐LAURENT,Parent 1,SSR,SSR,20,34.34,Lacombe et al. 2013,10.1007/s00122-012-1988-2,2013,confirmed,nSSR: 20/0
RIESLING MUSQUÉ (COLLECTION RIESLING,RODRIAN),Parent 2,SSR,SSR,20,34.34,Lacombe et al. 2013,10.1007/s00122-012-1988-2,2013,confirmed,nSSR: 20/0
RIZENS,SEMILLON,Parent 1,SSR,SSR,20,37.92,Lacombe et al. 2013,10.1007/s00122-012-1988-2,2013,confirmed,Validation of breeder's data. | nSSR: 20/0
RIZENS,UGNI BLANC = TREBBIANO TOSCANO,Parent 2,SSR,SSR,20,37.92,Lacombe et al. 2013,10.1007/s00122-012-1988-2,2013,confirmed,Validation of breeder's data. | nSSR: 20/0
ROBIN NOIR = SALAGNIN,MONDEUSE BLANCHE,Parent 1,SSR,SSR,20,45.52,Lacombe et al. 2013,10.1007/s00122-012-1988-2,2013,confirmed,Invalidation of prior publication: Myles 2011 | nSSR: 20/0
ROBIN NOIR = SALAGNIN,TRESSOT,Parent 2,SSR,SSR,20,45.52,Lacombe et al. 2013,10.1007/s00122-012-1988-2,2013,confirmed,Invalidation of prior publication: Myles 2011 | nSSR: 20/0
RODI = PIROVANO 166,SULTANINE,Parent 1,SSR,SSR,20,34.12,Lacombe et al. 2013,10.1007/s00122-012-1988-2,2013,probable,Validation of breeder's data. Confirmation of prior publication: Ibañez 2009 | nSSR: 20/1
RODI = PIROVANO 166,MUSCAT D'ALEXANDRIE,Parent 2,SSR,SSR,20,34.12,Lacombe et al. 2013,10.1007/s00122-012-1988-2,2013,probable,Validation of breeder's data. Confirmation of prior publication: Ibañez 2009 | nSSR: 20/1
ROI DES PRÉCOCES,CINSAUT,Parent 1,SSR,SSR,20,26.57,Lacombe et al. 2013,10.1007/s00122-012-1988-2,2013,probable,Confirmation of prior publication: Vargas 2009 | nSSR: 20/1
ROI DES PRÉCOCES,PINOT,Parent 2,SSR,SSR,20,26.57,Lacombe et al. 2013,10.1007/s00122-012-1988-2,2013,probable,Confirmation of prior publication: Vargas 2009 | nSSR: 20/1
ROMAINE,PINOT,Parent 1,SSR,SSR,20,33.63,Lacombe et al. 2013,10.1007/s00122-012-1988-2,2013,confirmed,Confirmation of prior publication: Boursiquot 2004; Di Vecchi | nSSR: 20/0
ROMAINE,GOUAIS BLANC = HEUNISCH WEISS,Parent 2,SSR,SSR,20,33.63,Lacombe et al. 2013,10.1007/s00122-012-1988-2,2013,confirmed,Confirmation of prior publication: Boursiquot 2004; Di Vecchi | nSSR: 20/0
ROMEÏCO,LADIKINO = PSAROSSYRIKO,Parent 1,SSR,SSR,20,48.35,Lacombe et al. 2013,10.1007/s00122-012-1988-2,2013,confirmed,nSSR: 20/0
ROMEÏCO,VERDECA = LAGORTHI,Parent 2,SSR,SSR,20,48.35,Lacombe et al. 2013,10.1007/s00122-012-1988-2,2013,confirmed,nSSR: 20/0
ROMORANTIN,PINOT,Parent 1,SSR,SSR,20,24.41,Lacombe et al. 2013,10.1007/s00122-012-1988-2,2013,probable,Confirmation of prior publication: Bowers 1999 | nSSR: 20/1
ROMORANTIN,GOUAIS BLANC = HEUNISCH WEISS,Parent 2,SSR,SSR,20,24.41,Lacombe et al. 2013,10.1007/s00122-012-1988-2,2013,probable,Confirmation of prior publication: Bowers 1999 | nSSR: 20/1
RONELLE,REINE DES VIGNES,Parent 1,SSR,SSR,20,31.6,Lacombe et al. 2013,10.1007/s00122-012-1988-2,2013,confirmed,Validation of breeder's data. | nSSR: 19/0
RONELLE,BARLINKA,Parent 2,SSR,SSR,20,31.6,Lacombe et al. 2013,10.1007/s00122-012-1988-2,2013,confirmed,Validation of breeder's data. | nSSR: 19/0
ROPOGOS SARGA,COARNA ALBA,Parent 1,SSR,SSR,20,44.9,Lacombe et al. 2013,10.1007/s00122-012-1988-2,2013,confirmed,nSSR: 20/0
ROPOGOS SARGA,F PROKUPAC,Parent 2,SSR,SSR,20,44.9,Lacombe et al. 2013,10.1007/s00122-012-1988-2,2013,confirmed,nSSR: 20/0
ROSA DEL PERU = BLACK PRINCE MISSION = PAIS,MUSCAT D'ALEXANDRIE,Parent 1,SSR,SSR,20,21.5,Lacombe et al. 2013,10.1007/s00122-012-1988-2,2013,probable,Confirmation of prior publication: Tapia 2007; Myles 2011 | nSSR: 20/1
ROSÉ DU VAR,OULIVEN,Parent 1,SSR,SSR,20,31.04,Lacombe et al. 2013,10.1007/s00122-012-1988-2,2013,confirmed,Half confirmation of prior publication: Boursiquot 2004 | nSSR: 20/0
ROSÉ DU VAR,F GOUAIS BLANC = HEUNISCH WEISS,Parent 2,SSR,SSR,20,31.04,Lacombe et al. 2013,10.1007/s00122-012-1988-2,2013,confirmed,Half confirmation of prior publication: Boursiquot 2004 | nSSR: 20/0
ROSENMUSKAT,PINOT,Parent 1,SSR,SSR,20,34.86,Lacombe et al. 2013,10.1007/s00122-012-1988-2,2013,confirmed,Invalidation of breeder's data. | nSSR: 20/0
ROSENMUSKAT,VERJUS,Parent 2,SSR,SSR,20,34.86,Lacombe et al. 2013,10.1007/s00122-012-1988-2,2013,confirmed,Invalidation of breeder's data. | nSSR: 20/0
ROTBERGER = GM 3‐37,RIESLING WEISS,Parent 1,SSR,SSR,20,30.69,Lacombe et al. 2013,10.1007/s00122-012-1988-2,2013,confirmed,Validation of breeder's data. Confirmation of prior publication: | nSSR: 20/0
ROTBERGER = GM 3‐37,FRANKENTHAL = SCHIAVA GROSSA,Parent 2,SSR,SSR,20,30.69,Lacombe et al. 2013,10.1007/s00122-012-1988-2,2013,confirmed,Validation of breeder's data. Confirmation of prior publication: | nSSR: 20/0
ROUBINOY DE MAGARATCH = SAPERAVI,CABERNET‐SAUVIGNON,Parent 1,SSR,SSR,20,44.03,Lacombe et al. 2013,10.1007/s00122-012-1988-2,2013,confirmed,Validation of breeder's data. Confirmation of prior publication: | nSSR: 20/0
ROUBINOY DE MAGARATCH = SAPERAVI,MAGARATCH 56,Parent 2,SSR,SSR,20,44.03,Lacombe et al. 2013,10.1007/s00122-012-1988-2,2013,confirmed,Validation of breeder's data. Confirmation of prior publication: | nSSR: 20/0
ROUBLOT,PINOT,Parent 1,SSR,SSR,20,36.76,Lacombe et al. 2013,10.1007/s00122-012-1988-2,2013,confirmed,Confirmation of prior publication: Bowers 1998 and 1999 | nSSR: 20/0
ROUBLOT,GOUAIS BLANC = HEUNISCH WEISS,Parent 2,SSR,SSR,20,36.76,Lacombe et al. 2013,10.1007/s00122-012-1988-2,2013,confirmed,Confirmation of prior publication: Bowers 1998 and 1999 | nSSR: 20/0
ROUCHAKI,SULTANINE,Parent 1,SSR,SSR,20,38.05,Lacombe et al. 2013,10.1007/s00122-012-1988-2,2013,confirmed,nSSR: 20/0
ROUCHAKI,MSKHALI,Parent 2,SSR,SSR,20,38.05,Lacombe et al. 2013,10.1007/s00122-012-1988-2,2013,confirmed,nSSR: 20/0
ROUMI NOIR,DARKAIA NOIR,Parent 1,SSR,SSR,20,37.33,Lacombe et al. 2013,10.1007/s00122-012-1988-2,2013,confirmed,nSSR: 20/0
ROUMI NOIR,F MUSCAT DE HAMBOURG,Parent 2,SSR,SSR,20,37.33,Lacombe et al. 2013,10.1007/s00122-012-1988-2,2013,confirmed,nSSR: 20/0
ROUSSAOU,CHANRONGE,Parent 1,SSR,SSR,20,32.92,Lacombe et al. 2013,10.1007/s00122-012-1988-2,2013,confirmed,Half confirmation of prior publication: Boursiquot 2004 | nSSR: 20/0
ROUSSAOU,GOUAIS BLANC = HEUNISCH WEISS,Parent 2,SSR,SSR,20,32.92,Lacombe et al. 2013,10.1007/s00122-012-1988-2,2013,confirmed,Half confirmation of prior publication: Boursiquot 2004 | nSSR: 20/0
ROXO DOS PINTOS,GIBI = HEBÉN,Parent 1,SSR,SSR,20,30.41,Lacombe et al. 2013,10.1007/s00122-012-1988-2,2013,confirmed,nSSR: 20/0
ROXO DOS PINTOS,F AHMEUR BOU AHMEUR,Parent 2,SSR,SSR,20,30.41,Lacombe et al. 2013,10.1007/s00122-012-1988-2,2013,confirmed,nSSR: 20/0
ROYAL MOLENBERG,GOLDEN HAMBOURG,Parent 1,SSR,SSR,20,38.93,Lacombe et al. 2013,10.1007/s00122-012-1988-2,2013,confirmed,Alternative.No information on the original cross. | nSSR: 20/0
ROYAL MOLENBERG,GROS COLMAN,Parent 2,SSR,SSR,20,38.93,Lacombe et al. 2013,10.1007/s00122-012-1988-2,2013,confirmed,Alternative.No information on the original cross. | nSSR: 20/0
ROYAL MOLENBERG,FRANKENTHAL = SCHIAVA GROSSA GROS COLMAN,Parent 1,SSR,SSR,20,40.32,Lacombe et al. 2013,10.1007/s00122-012-1988-2,2013,confirmed,Alternative.No information on the original cross. | nSSR: 20/0
ROYAL VINEYARD (COLLECTION MUSCAT D'ALEXANDRIE,VERJUS,Parent 1,SSR,SSR,20,18.74,Lacombe et al. 2013,10.1007/s00122-012-1988-2,2013,probable,nSSR: 19/1
ROYAL VINEYARD (COLLECTION MUSCAT D'ALEXANDRIE,OBERLIN),Parent 2,SSR,SSR,20,18.74,Lacombe et al. 2013,10.1007/s00122-012-1988-2,2013,probable,nSSR: 19/1
RUBI,PINOT,Parent 1,SSR,SSR,20,32.85,Lacombe et al. 2013,10.1007/s00122-012-1988-2,2013,confirmed,Confirmation of prior publication: Boursiquot 2004; Di Vecchi | nSSR: 20/0
RUBI,GOUAIS BLANC = HEUNISCH WEISS,Parent 2,SSR,SSR,20,32.85,Lacombe et al. 2013,10.1007/s00122-012-1988-2,2013,confirmed,Confirmation of prior publication: Boursiquot 2004; Di Vecchi | nSSR: 20/0
RUBY CABERNET,CARIGNAN NOIR,Parent 1,SSR,SSR,20,41.98,Lacombe et al. 2013,10.1007/s00122-012-1988-2,2013,confirmed,Validation of breeder's data. Confirmation of prior publication: Lacombe 2010; Myles 2011 | nSSR: 20/0
RUBY CABERNET,CABERNET‐SAUVIGNON,Parent 2,SSR,SSR,20,41.98,Lacombe et al. 2013,10.1007/s00122-012-1988-2,2013,confirmed,Validation of breeder's data. Confirmation of prior publication: Lacombe 2010; Myles 2011 | nSSR: 20/0
RUBY SEEDLESS,EMPEROR,Parent 1,SSR,SSR,20,23.11,Lacombe et al. 2013,10.1007/s00122-012-1988-2,2013,probable,Validation of breeder's data. Confirmation of prior publication: | nSSR: 20/1
RUBY SEEDLESS,SULTANA MOSCATA = PIROVANO 75,Parent 2,SSR,SSR,20,23.11,Lacombe et al. 2013,10.1007/s00122-012-1988-2,2013,probable,Validation of breeder's data. Confirmation of prior publication: | nSSR: 20/1
RUBY STAR,REINE DES VIGNES,Parent 1,SSR,SSR,20,38.76,Lacombe et al. 2013,10.1007/s00122-012-1988-2,2013,confirmed,Validation of breeder's data. | nSSR: 20/0
RUBY STAR,MUSCAT DE HAMBOURG,Parent 2,SSR,SSR,20,38.76,Lacombe et al. 2013,10.1007/s00122-012-1988-2,2013,confirmed,Validation of breeder's data. | nSSR: 20/0
RUFETE,PEREPINHAO PORTALEGRE,Parent 1,SSR,SSR,20,35.58,Lacombe et al. 2013,10.1007/s00122-012-1988-2,2013,confirmed,nSSR: 20/0
RUFETE,TINTA MADEIRA,Parent 2,SSR,SSR,20,35.58,Lacombe et al. 2013,10.1007/s00122-012-1988-2,2013,confirmed,nSSR: 20/0
RUSENSKO EDRO,REINE DES VIGNES,Parent 1,SSR,SSR,20,23.48,Lacombe et al. 2013,10.1007/s00122-012-1988-2,2013,probable,Half validation of breeder's data. | nSSR: 20/1
RUSENSKO EDRO,ITALIA = PIROVANO 65,Parent 2,SSR,SSR,20,23.48,Lacombe et al. 2013,10.1007/s00122-012-1988-2,2013,probable,Half validation of breeder's data. | nSSR: 20/1
RUZEVINA,BOMBINO BIANCO,Parent 1,SSR,SSR,20,38.37,Lacombe et al. 2013,10.1007/s00122-012-1988-2,2013,confirmed,nSSR: 20/0
RUZEVINA,LASINA,Parent 2,SSR,SSR,20,38.37,Lacombe et al. 2013,10.1007/s00122-012-1988-2,2013,confirmed,nSSR: 20/0
SABRA FEMELLE,GIBI = HEBÉN,Parent 1,SSR,SSR,20,37.47,Lacombe et al. 2013,10.1007/s00122-012-1988-2,2013,confirmed,nSSR: 20/0
SABRA FEMELLE,F PARDINA = JAEN BLANCO,Parent 2,SSR,SSR,20,37.47,Lacombe et al. 2013,10.1007/s00122-012-1988-2,2013,confirmed,nSSR: 20/0
SACY,PINOT,Parent 1,SSR,SSR,20,33.6,Lacombe et al. 2013,10.1007/s00122-012-1988-2,2013,confirmed,Confirmation of prior publication: Bowers 1998 and 1999 | nSSR: 20/0
SACY,GOUAIS BLANC = HEUNISCH WEISS,Parent 2,SSR,SSR,20,33.6,Lacombe et al. 2013,10.1007/s00122-012-1988-2,2013,confirmed,Confirmation of prior publication: Bowers 1998 and 1999 | nSSR: 20/0
SAINT‐CÔME,MOURAL,Parent 1,SSR,SSR,20,30.67,Lacombe et al. 2013,10.1007/s00122-012-1988-2,2013,confirmed,Half confirmation of prior publication: Boursiquot 2004 | nSSR: 20/0
SAINT‐CÔME,GOUAIS BLANC = HEUNISCH WEISS,Parent 2,SSR,SSR,20,30.67,Lacombe et al. 2013,10.1007/s00122-012-1988-2,2013,confirmed,Half confirmation of prior publication: Boursiquot 2004 | nSSR: 20/0
SAINTE‐MARIE DE BIVIERS,GOUAIS BLANC = HEUNISCH WEISS CHASSELAS,Parent 1,SSR,SSR,20,32.84,Lacombe et al. 2013,10.1007/s00122-012-1988-2,2013,confirmed,Half confirmation of prior publication: Boursiquot 2004 | nSSR: 20/0
SAINT‐FIACRE,SULTANINE,Parent 1,SSR,SSR,20,38.59,Lacombe et al. 2013,10.1007/s00122-012-1988-2,2013,confirmed,nSSR: 20/0
SAINT‐FIACRE,GROS COLMAN,Parent 2,SSR,SSR,20,38.59,Lacombe et al. 2013,10.1007/s00122-012-1988-2,2013,confirmed,nSSR: 20/0
SAINT‐LOUIS FAUX,BLACK MOROCCO,Parent 1,SSR,SSR,20,42.29,Lacombe et al. 2013,10.1007/s00122-012-1988-2,2013,confirmed,nSSR: 20/0
SAINT‐LOUIS FAUX,F FRANKENTHAL = SCHIAVA GROSSA,Parent 2,SSR,SSR,20,42.29,Lacombe et al. 2013,10.1007/s00122-012-1988-2,2013,confirmed,nSSR: 20/0
SAINTON = VIDAL 9,ONDENC,Parent 1,SSR,SSR,20,34.23,Lacombe et al. 2013,10.1007/s00122-012-1988-2,2013,confirmed,Validation of breeder's data. | nSSR: 20/0
SAINTON = VIDAL 9,UGNI BLANC = TREBBIANO TOSCANO,Parent 2,SSR,SSR,20,34.23,Lacombe et al. 2013,10.1007/s00122-012-1988-2,2013,confirmed,Validation of breeder's data. | nSSR: 20/0
SAINTONGE = VIDAL 31,FOLLE BLANCHE,Parent 1,SSR,SSR,20,32.01,Lacombe et al. 2013,10.1007/s00122-012-1988-2,2013,confirmed,No information on the original cross. | nSSR: 20/0
SAINTONGE = VIDAL 31,UGNI BLANC = TREBBIANO TOSCANO,Parent 2,SSR,SSR,20,32.01,Lacombe et al. 2013,10.1007/s00122-012-1988-2,2013,confirmed,No information on the original cross. | nSSR: 20/0
SAINT‐PIERRE DORÉ,GOUAIS BLANC = HEUNISCH WEISS SAUVIGNONASSE,Parent 1,SSR,SSR,20,30.78,Lacombe et al. 2013,10.1007/s00122-012-1988-2,2013,confirmed,Half confirmation of prior publication: Boursiquot 2004 | nSSR: 20/0
SALICETTE (COLLECTION PARC DE LA PRÉCOCE DE MALINGRE,PRÉCOCE DE MALINGRE,Parent 1,SSR,SSR,20,48.09,Lacombe et al. 2013,10.1007/s00122-012-1988-2,2013,confirmed,Confirmation of prior publication: | nSSR: 20/0
SALICETTE (COLLECTION PARC DE LA PRÉCOCE DE MALINGRE,TÊTE D'OR),Parent 2,SSR,SSR,20,48.09,Lacombe et al. 2013,10.1007/s00122-012-1988-2,2013,confirmed,Confirmation of prior publication: | nSSR: 20/0
SARBA,RIESLING ITALICO,Parent 1,SSR,SSR,20,25.26,Lacombe et al. 2013,10.1007/s00122-012-1988-2,2013,probable,Half validation of breeder's data. | nSSR: 20/1
SARBA,MUSCAT DE HAMBOURG,Parent 2,SSR,SSR,20,25.26,Lacombe et al. 2013,10.1007/s00122-012-1988-2,2013,probable,Half validation of breeder's data. | nSSR: 20/1
SAUTERNE BLANC,SEMILLON,Parent 1,SSR,SSR,20,36.57,Lacombe et al. 2013,10.1007/s00122-012-1988-2,2013,confirmed,Half validation of breeder's data. | nSSR: 20/0
SAUTERNE BLANC,JURANÇON BLANC,Parent 2,SSR,SSR,20,36.57,Lacombe et al. 2013,10.1007/s00122-012-1988-2,2013,confirmed,Half validation of breeder's data. | nSSR: 20/0
SAUVIGNON PICCOLO FAUX,PETIT MESLIER,Parent 1,SSR,SSR,20,33.98,Lacombe et al. 2013,10.1007/s00122-012-1988-2,2013,confirmed,nSSR: 20/0
SAUVIGNON PICCOLO FAUX,MUSCAT FLEUR D'ORANGER,Parent 2,SSR,SSR,20,33.98,Lacombe et al. 2013,10.1007/s00122-012-1988-2,2013,confirmed,nSSR: 20/0
SAVVATIANO,RHODITIS,Parent 1,SSR,SSR,20,50.2,Lacombe et al. 2013,10.1007/s00122-012-1988-2,2013,confirmed,Confirmation of prior publication: Lacombe 2010 | nSSR: 20/0
SAVVATIANO,KARYSTINO,Parent 2,SSR,SSR,20,50.2,Lacombe et al. 2013,10.1007/s00122-012-1988-2,2013,confirmed,Confirmation of prior publication: Lacombe 2010 | nSSR: 20/0
SCHEU 10514,SAVAGNIN BLANC,Parent 1,SSR,SSR,20,40.02,Lacombe et al. 2013,10.1007/s00122-012-1988-2,2013,confirmed,No information on the original cross. | nSSR: 20/0
SCHEU 10514,RIESLING WEISS,Parent 2,SSR,SSR,20,40.02,Lacombe et al. 2013,10.1007/s00122-012-1988-2,2013,confirmed,No information on the original cross. | nSSR: 20/0
SCHEUREBE = ALZEY S 88,RIESLING WEISS,Parent 1,SSR,SSR,20,28.53,Lacombe et al. 2013,10.1007/s00122-012-1988-2,2013,confirmed,Half validation of breeder's data. Half confirmation of prior publication: Grando 1998 | nSSR: 20/0
SCHEUREBE = ALZEY S 88,BOUQUETTRAUBE,Parent 2,SSR,SSR,20,28.53,Lacombe et al. 2013,10.1007/s00122-012-1988-2,2013,confirmed,Half validation of breeder's data. Half confirmation of prior publication: Grando 1998 | nSSR: 20/0
SCHIRAS DR. HOUDBINE,CHAOUCH BLANC,Parent 1,SSR,SSR,20,44.44,Lacombe et al. 2013,10.1007/s00122-012-1988-2,2013,confirmed,No information on the original cross. Confirmation of prior publication: Lacombe 2007 | nSSR: 20/0
SCHIRAS DR. HOUDBINE,F KECSKECSECSU ROSZAS PIROS,Parent 2,SSR,SSR,20,44.44,Lacombe et al. 2013,10.1007/s00122-012-1988-2,2013,confirmed,No information on the original cross. Confirmation of prior publication: Lacombe 2007 | nSSR: 20/0
SCHIRAS SÄMLING,RIESLING WEISS,Parent 1,SSR,SSR,20,42.36,Lacombe et al. 2013,10.1007/s00122-012-1988-2,2013,confirmed,Invalidation of breeder's data. | nSSR: 20/0
SCHIRAS SÄMLING,MUSCAT SAINT‐LAURENT,Parent 2,SSR,SSR,20,42.36,Lacombe et al. 2013,10.1007/s00122-012-1988-2,2013,confirmed,Invalidation of breeder's data. | nSSR: 20/0
SEGALIN,JURANÇON NOIR,Parent 1,SSR,SSR,20,49.33,Lacombe et al. 2013,10.1007/s00122-012-1988-2,2013,confirmed,Validation of breeder's data. Confirmation of prior publication: Di Vecchi Staraz 2005 | nSSR: 20/0
SEGALIN,PORTUGAIS BLEU,Parent 2,SSR,SSR,20,49.33,Lacombe et al. 2013,10.1007/s00122-012-1988-2,2013,confirmed,Validation of breeder's data. Confirmation of prior publication: Di Vecchi Staraz 2005 | nSSR: 20/0
SELECT (OBTENTION ROUMANIE) BICANE,F DATTIER DE BEYROUTH = AFUZ ALI,Parent 1,SSR,SSR,20,33.02,Lacombe et al. 2013,10.1007/s00122-012-1988-2,2013,confirmed,Half validation of breeder's data. | nSSR: 19/0
SELECT = VIDAL 100 T,JURANÇON BLANC,Parent 1,SSR,SSR,20,31.81,Lacombe et al. 2013,10.1007/s00122-012-1988-2,2013,confirmed,Validation of breeder's data. | nSSR: 20/0
SELECT = VIDAL 100 T,UGNI BLANC = TREBBIANO TOSCANO,Parent 2,SSR,SSR,20,31.81,Lacombe et al. 2013,10.1007/s00122-012-1988-2,2013,confirmed,Validation of breeder's data. | nSSR: 20/0
SEMEBAT,COT = MALBEC,Parent 1,SSR,SSR,20,34.86,Lacombe et al. 2013,10.1007/s00122-012-1988-2,2013,confirmed,Validation of breeder's data. | nSSR: 20/0
SEMEBAT,BAROQUE,Parent 2,SSR,SSR,20,34.86,Lacombe et al. 2013,10.1007/s00122-012-1988-2,2013,confirmed,Validation of breeder's data. | nSSR: 20/0
SEPTIMER = ALZEY 3952,SAVAGNIN BLANC,Parent 1,SSR,SSR,20,35.02,Lacombe et al. 2013,10.1007/s00122-012-1988-2,2013,confirmed,Validation of breeder's data. | nSSR: 19/0
SEPTIMER = ALZEY 3952,MÜLLER‐THURGAU,Parent 2,SSR,SSR,20,35.02,Lacombe et al. 2013,10.1007/s00122-012-1988-2,2013,confirmed,Validation of breeder's data. | nSSR: 19/0
SÉRÉNÈZE,CHATUS,Parent 1,SSR,SSR,20,31.73,Lacombe et al. 2013,10.1007/s00122-012-1988-2,2013,confirmed,Half confirmation of prior publication: Boursiquot 2004 | nSSR: 20/0
SÉRÉNÈZE,GOUAIS BLANC = HEUNISCH WEISS,Parent 2,SSR,SSR,20,31.73,Lacombe et al. 2013,10.1007/s00122-012-1988-2,2013,confirmed,Half confirmation of prior publication: Boursiquot 2004 | nSSR: 20/0
SERVANT,WILDBACHER DE HONGRIE (COLLECTION FERRAL = PRUNESTA ROSSO VIOLACEA RAVAZ),Parent 1,SSR,SSR,20,30.79,Lacombe et al. 2013,10.1007/s00122-012-1988-2,2013,confirmed,nSSR: 20/0
SEVAN,KARMIR KAKHANI,Parent 1,SSR,SSR,20,51.16,Lacombe et al. 2013,10.1007/s00122-012-1988-2,2013,confirmed,Validation of breeder's data. | nSSR: 20/0
SEVAN,F JELUDOVII,Parent 2,SSR,SSR,20,51.16,Lacombe et al. 2013,10.1007/s00122-012-1988-2,2013,confirmed,Validation of breeder's data. | nSSR: 20/0
SHIRAZI,SULTANINE,Parent 1,SSR,SSR,20,41.31,Lacombe et al. 2013,10.1007/s00122-012-1988-2,2013,confirmed,nSSR: 20/0
SHIRAZI,BLANC D'IRAN (CHARIF),Parent 2,SSR,SSR,20,41.31,Lacombe et al. 2013,10.1007/s00122-012-1988-2,2013,confirmed,nSSR: 20/0
SIEGERREBE = SCHEU 7957,MADELEINE ANGEVINE,Parent 1,SSR,SSR,20,44.08,Lacombe et al. 2013,10.1007/s00122-012-1988-2,2013,confirmed,Validation of breeder's data. | nSSR: 20/0
SIEGERREBE = SCHEU 7957,F SAVAGNIN = TRAMINER,Parent 2,SSR,SSR,20,44.08,Lacombe et al. 2013,10.1007/s00122-012-1988-2,2013,confirmed,Validation of breeder's data. | nSSR: 20/0
SILCHER = WEINSBERG S377,SYLVANER,Parent 1,SSR,SSR,20,40.21,Lacombe et al. 2013,10.1007/s00122-012-1988-2,2013,confirmed,Validation of breeder's data. | nSSR: 20/0
SILCHER = WEINSBERG S377,KERNER = WE S 25‐30,Parent 2,SSR,SSR,20,40.21,Lacombe et al. 2013,10.1007/s00122-012-1988-2,2013,confirmed,Validation of breeder's data. | nSSR: 20/0
SILVANIA,BICANE,Parent 1,SSR,SSR,20,40.71,Lacombe et al. 2013,10.1007/s00122-012-1988-2,2013,confirmed,Half validation of breeder's data. | nSSR: 20/0
SILVANIA,F LIMBERGER = BLAUFRÄNKISCH,Parent 2,SSR,SSR,20,40.71,Lacombe et al. 2013,10.1007/s00122-012-1988-2,2013,confirmed,Half validation of breeder's data. | nSSR: 20/0
SINKAVAKE ZLUTE,BLANK BLAUER = VULPEA,Parent 1,SSR,SSR,20,34.87,Lacombe et al. 2013,10.1007/s00122-012-1988-2,2013,confirmed,nSSR: 20/0
SINKAVAKE ZLUTE,GOUAIS BLANC = HEUNISCH WEISS,Parent 2,SSR,SSR,20,34.87,Lacombe et al. 2013,10.1007/s00122-012-1988-2,2013,confirmed,nSSR: 20/0
SLANKAMENKA BLANC,BALINT,Parent 1,SSR,SSR,20,40.38,Lacombe et al. 2013,10.1007/s00122-012-1988-2,2013,confirmed,Invalidation of prior publication: Myles 2011 | nSSR: 20/0
SLANKAMENKA BLANC,F RAZACHIE ROSIE,Parent 2,SSR,SSR,20,40.38,Lacombe et al. 2013,10.1007/s00122-012-1988-2,2013,confirmed,Invalidation of prior publication: Myles 2011 | nSSR: 20/0
SOLFERINO = PIROVANO 316,DATTIER DE BEYROUTH = AFUZ ALI ANGELO PIROVANO = PIROVANO 2,Parent 1,SSR,SSR,20,23.1,Lacombe et al. 2013,10.1007/s00122-012-1988-2,2013,probable,Validation of breeder's data. | nSSR: 20/1
SOROK LET OKTIABRIA,KOPTCHAK,Parent 1,SSR,SSR,20,36.96,Lacombe et al. 2013,10.1007/s00122-012-1988-2,2013,confirmed,Validation of breeder's data. | nSSR: 20/0
SOROK LET OKTIABRIA,ND ALICANTE HENRI BOUSCHET,Parent 2,SSR,SSR,20,36.96,Lacombe et al. 2013,10.1007/s00122-012-1988-2,2013,confirmed,Validation of breeder's data. | nSSR: 20/0
SOUKHOLIMANSKY BELY,PLAVAÏ,Parent 1,SSR,SSR,20,32.59,Lacombe et al. 2013,10.1007/s00122-012-1988-2,2013,confirmed,Validation of breeder's data. Confirmation of prior publication: Di Vecchi Staraz 2006 | nSSR: 20/0
SOUKHOLIMANSKY BELY,CHARDONNAY BLANC,Parent 2,SSR,SSR,20,32.59,Lacombe et al. 2013,10.1007/s00122-012-1988-2,2013,confirmed,Validation of breeder's data. Confirmation of prior publication: Di Vecchi Staraz 2006 | nSSR: 20/0
SOUVENIR DU CONGRÈS,COARNA ALBA,Parent 1,SSR,SSR,20,23.27,Lacombe et al. 2013,10.1007/s00122-012-1988-2,2013,probable,No information on the original cross. | nSSR: 20/1
SOUVENIR DU CONGRÈS,F CHASSELAS,Parent 2,SSR,SSR,20,23.27,Lacombe et al. 2013,10.1007/s00122-012-1988-2,2013,probable,No information on the original cross. | nSSR: 20/1
SOVRANA = PIROVANO 244,FRANKENTHAL = SCHIAVA GROSSA DELIZIA DI VAPRIO = PIROVANO 46 A,Parent 1,SSR,SSR,20,27.61,Lacombe et al. 2013,10.1007/s00122-012-1988-2,2013,probable,Validation of breeder's data. | nSSR: 20/1
STARINKY,PLETCHISTIK,Parent 1,SSR,SSR,20,48.76,Lacombe et al. 2013,10.1007/s00122-012-1988-2,2013,confirmed,nSSR: 20/0
STARINKY,F EKIM KARA FAUX (COLLECTION CONEGLIANO),Parent 2,SSR,SSR,20,48.76,Lacombe et al. 2013,10.1007/s00122-012-1988-2,2013,confirmed,nSSR: 20/0
SULIVAN BLANC,SCHIRAS DR. HOUDBINE,Parent 1,SSR,SSR,20,35.01,Lacombe et al. 2013,10.1007/s00122-012-1988-2,2013,confirmed,No information on the original cross. Confirmation of prior publication: Vargas 2009 | nSSR: 20/0
SULIVAN BLANC,F CHASSELAS,Parent 2,SSR,SSR,20,35.01,Lacombe et al. 2013,10.1007/s00122-012-1988-2,2013,confirmed,No information on the original cross. Confirmation of prior publication: Vargas 2009 | nSSR: 20/0
SULTANA MOSCATA = PIROVANO 75 SULTANINE,MUSCAT D'ALEXANDRIE,Parent 1,SSR,SSR,20,18.48,Lacombe et al. 2013,10.1007/s00122-012-1988-2,2013,probable,Validation of breeder's data. | nSSR: 19/1
SUSUMANIELLO,UVA SOGRA,Parent 1,SSR,SSR,20,42.33,Lacombe et al. 2013,10.1007/s00122-012-1988-2,2013,confirmed,Confirmation of prior publication: Di Vecchi Staraz 2007; (and half Crespan 2008) | nSSR: 20/0
SUSUMANIELLO,GARGANEGA = GRECANICO,Parent 2,SSR,SSR,20,42.33,Lacombe et al. 2013,10.1007/s00122-012-1988-2,2013,confirmed,Confirmation of prior publication: Di Vecchi Staraz 2007; (and half Crespan 2008) | nSSR: 20/0
SVEGEST,MISKET TRAKIJSHI,Parent 1,SSR,SSR,20,34.4,Lacombe et al. 2013,10.1007/s00122-012-1988-2,2013,confirmed,Validation of breeder's data. | nSSR: 20/0
SVEGEST,DATTIER DE BEYROUTH = AFUZ ALI,Parent 2,SSR,SSR,20,34.4,Lacombe et al. 2013,10.1007/s00122-012-1988-2,2013,confirmed,Validation of breeder's data. | nSSR: 20/0
SYKIOTIS,KONTEGALO,Parent 1,SSR,SSR,20,36.57,Lacombe et al. 2013,10.1007/s00122-012-1988-2,2013,confirmed,nSSR: 20/0
SYKIOTIS,F VRADYANO,Parent 2,SSR,SSR,20,36.57,Lacombe et al. 2013,10.1007/s00122-012-1988-2,2013,confirmed,nSSR: 20/0
SYRAH,DUREZA,Parent 1,SSR,SSR,20,42.59,Lacombe et al. 2013,10.1007/s00122-012-1988-2,2013,confirmed,Confirmation of prior publication: Bowers 1998; Vouillamoz | nSSR: 20/0
SYRAH,MONDEUSE BLANCHE,Parent 2,SSR,SSR,20,42.59,Lacombe et al. 2013,10.1007/s00122-012-1988-2,2013,confirmed,Confirmation of prior publication: Bowers 1998; Vouillamoz | nSSR: 20/0
SZAGOS BAJNAR,HALHOLYAG,Parent 1,SSR,SSR,20,37.96,Lacombe et al. 2013,10.1007/s00122-012-1988-2,2013,confirmed,nSSR: 20/0
SZAGOS BAJNAR,F LISZTES FEHER,Parent 2,SSR,SSR,20,37.96,Lacombe et al. 2013,10.1007/s00122-012-1988-2,2013,confirmed,nSSR: 20/0
SZAUTER GUSZTAV,MUSCAT D'ALEXANDRIE,Parent 1,SSR,SSR,20,23.82,Lacombe et al. 2013,10.1007/s00122-012-1988-2,2013,probable,Validation of breeder's data. | nSSR: 20/1
SZAUTER GUSZTAV,CALABRE,Parent 2,SSR,SSR,20,23.82,Lacombe et al. 2013,10.1007/s00122-012-1988-2,2013,probable,Validation of breeder's data. | nSSR: 20/1
SZEGENY EMBER SZÖLÖJE,ROSA MENNA DI VACCA,Parent 1,SSR,SSR,20,37.64,Lacombe et al. 2013,10.1007/s00122-012-1988-2,2013,confirmed,Invalidation of breeder's data. | nSSR: 20/0
SZEGENY EMBER SZÖLÖJE,F MATHIASZ JANOSNE = MATHIASZ 210,Parent 2,SSR,SSR,20,37.64,Lacombe et al. 2013,10.1007/s00122-012-1988-2,2013,confirmed,Invalidation of breeder's data. | nSSR: 20/0
SZENT LASZLÖ,ROSA MENNA DI VACCA,Parent 1,SSR,SSR,20,40.27,Lacombe et al. 2013,10.1007/s00122-012-1988-2,2013,confirmed,Invalidation of breeder's data. | nSSR: 20/0
SZENT LASZLÖ,F BOUCHEREAU,Parent 2,SSR,SSR,20,40.27,Lacombe et al. 2013,10.1007/s00122-012-1988-2,2013,confirmed,Invalidation of breeder's data. | nSSR: 20/0
SZEREMI ZÖLD,PURCSIN,Parent 1,SSR,SSR,20,36.91,Lacombe et al. 2013,10.1007/s00122-012-1988-2,2013,confirmed,nSSR: 19/0
SZEREMI ZÖLD,FRANCUSE,Parent 2,SSR,SSR,20,36.91,Lacombe et al. 2013,10.1007/s00122-012-1988-2,2013,confirmed,nSSR: 19/0
TAMAREZ MOSCATEL 31‐3‐3,TAMAREZ,Parent 1,SSR,SSR,20,30.68,Lacombe et al. 2013,10.1007/s00122-012-1988-2,2013,probable,Validation of breeder's data. | nSSR: 20/1
TAMAREZ MOSCATEL 31‐3‐3,MUSCAT D'ALEXANDRIE,Parent 2,SSR,SSR,20,30.68,Lacombe et al. 2013,10.1007/s00122-012-1988-2,2013,probable,Validation of breeder's data. | nSSR: 20/1
TANDANYA,BICANE,Parent 1,SSR,SSR,20,40.59,Lacombe et al. 2013,10.1007/s00122-012-1988-2,2013,confirmed,No information on the original cross. | nSSR: 20/0
TANDANYA,F HEPTAKILO,Parent 2,SSR,SSR,20,40.59,Lacombe et al. 2013,10.1007/s00122-012-1988-2,2013,confirmed,No information on the original cross. | nSSR: 20/0
TARNAOU,ANGOOR KALAN,Parent 1,SSR,SSR,20,34.09,Lacombe et al. 2013,10.1007/s00122-012-1988-2,2013,confirmed,Invalidation of breeder's data. | nSSR: 19/0
TARNAOU,F KICHMICH ROND,Parent 2,SSR,SSR,20,34.09,Lacombe et al. 2013,10.1007/s00122-012-1988-2,2013,confirmed,Invalidation of breeder's data. | nSSR: 19/0
TARRANGO,TOURIGA NACIONAL,Parent 1,SSR,SSR,20,37.98,Lacombe et al. 2013,10.1007/s00122-012-1988-2,2013,confirmed,Validation of breeder's data. Confirmation of prior publication: Thomas 1994; Myles 2011 | nSSR: 20/0
TARRANGO,SULTANINE,Parent 2,SSR,SSR,20,37.98,Lacombe et al. 2013,10.1007/s00122-012-1988-2,2013,confirmed,Validation of breeder's data. Confirmation of prior publication: Thomas 1994; Myles 2011 | nSSR: 20/0
TARRANT ROT,PÉRIDAC,Parent 1,SSR,SSR,20,51.59,Lacombe et al. 2013,10.1007/s00122-012-1988-2,2013,confirmed,nSSR: 20/0
TARRANT ROT,VELTELINER ROUGE,Parent 2,SSR,SSR,20,51.59,Lacombe et al. 2013,10.1007/s00122-012-1988-2,2013,confirmed,nSSR: 20/0
TAVKVERI CARTALINSKY,DIAMANTTRAUBE,Parent 1,SSR,SSR,20,38.7,Lacombe et al. 2013,10.1007/s00122-012-1988-2,2013,confirmed,nSSR: 20/0
TAVKVERI CARTALINSKY,F OLIVETTE ROSE,Parent 2,SSR,SSR,20,38.7,Lacombe et al. 2013,10.1007/s00122-012-1988-2,2013,confirmed,nSSR: 20/0
TAVRIDA = MAGARATCH 171,SAPERAVI,Parent 1,SSR,SSR,20,46.96,Lacombe et al. 2013,10.1007/s00122-012-1988-2,2013,confirmed,Invalidation of breeder's data. | nSSR: 20/0
TAVRIDA = MAGARATCH 171,CABERNET‐SAUVIGNON,Parent 2,SSR,SSR,20,46.96,Lacombe et al. 2013,10.1007/s00122-012-1988-2,2013,confirmed,Invalidation of breeder's data. | nSSR: 20/0
TCHATYRBAK,NOIR DE CRIMÉE FAUX,Parent 1,SSR,SSR,20,29.09,Lacombe et al. 2013,10.1007/s00122-012-1988-2,2013,probable,nSSR: 20/1
TCHATYRBAK,KOKOUR BELY,Parent 2,SSR,SSR,20,29.09,Lacombe et al. 2013,10.1007/s00122-012-1988-2,2013,probable,nSSR: 20/1
TCHERNY OSENNY,KOZ OUZIOUM,Parent 1,SSR,SSR,20,37.26,Lacombe et al. 2013,10.1007/s00122-012-1988-2,2013,confirmed,nSSR: 19/0
TCHERNY OSENNY,F ASSYL KARA,Parent 2,SSR,SSR,20,37.26,Lacombe et al. 2013,10.1007/s00122-012-1988-2,2013,confirmed,nSSR: 19/0
TEMPRANILLA BLANCA = SANTA MAYORQUIN = FARANA,MADELEINE SALOMON = AGOSTENGA MAGDALENA,Parent 1,SSR,SSR,20,42.55,Lacombe et al. 2013,10.1007/s00122-012-1988-2,2013,confirmed,Confirmation of prior publication: Garcia‐Muñoz 2011 | nSSR: 20/0
TEMPRANILLA BLANCA = SANTA MAYORQUIN = FARANA,BLANC,Parent 2,SSR,SSR,20,42.55,Lacombe et al. 2013,10.1007/s00122-012-1988-2,2013,confirmed,Confirmation of prior publication: Garcia‐Muñoz 2011 | nSSR: 20/0
TÉOULIER,POUGAYEN,Parent 1,SSR,SSR,20,36.84,Lacombe et al. 2013,10.1007/s00122-012-1988-2,2013,confirmed,nSSR: 20/0
TÉOULIER,F PLANT D'ENTRECHAUX (ALLEMAND),Parent 2,SSR,SSR,20,36.84,Lacombe et al. 2013,10.1007/s00122-012-1988-2,2013,confirmed,nSSR: 20/0
TÉOULIER BLANC FEMELLE,CLAIRETTE,Parent 1,SSR,SSR,20,37.54,Lacombe et al. 2013,10.1007/s00122-012-1988-2,2013,confirmed,nSSR: 20/0
TÉOULIER BLANC FEMELLE,PASCAL,Parent 2,SSR,SSR,20,37.54,Lacombe et al. 2013,10.1007/s00122-012-1988-2,2013,confirmed,nSSR: 20/0
TERESITA = DALMASSO XVIII‐24 MUSCAT DE HAMBOURG,CICLOPICA = PIROVANO 60,Parent 1,SSR,SSR,20,21.9,Lacombe et al. 2013,10.1007/s00122-012-1988-2,2013,probable,Half validation of breeder's data. | nSSR: 20/1
TERRAMON ROND,TERRET,Parent 1,SSR,SSR,20,34.53,Lacombe et al. 2013,10.1007/s00122-012-1988-2,2013,confirmed,Validation of breeder's data. | nSSR: 20/0
TERRAMON ROND,ARAMON NOIR,Parent 2,SSR,SSR,20,34.53,Lacombe et al. 2013,10.1007/s00122-012-1988-2,2013,confirmed,Validation of breeder's data. | nSSR: 20/0
TERRET BOUSCHET,TERRET,Parent 1,SSR,SSR,20,34.44,Lacombe et al. 2013,10.1007/s00122-012-1988-2,2013,confirmed,Validation of breeder's data. | nSSR: 20/0
TERRET BOUSCHET,PETIT BOUSCHET,Parent 2,SSR,SSR,20,34.44,Lacombe et al. 2013,10.1007/s00122-012-1988-2,2013,confirmed,Validation of breeder's data. | nSSR: 20/0
THALLOCSY LAJOS MUSKOTALY = MUSCAT D'ALEXANDRIE,PANSE PRÉCOCE,Parent 1,SSR,SSR,20,35.23,Lacombe et al. 2013,10.1007/s00122-012-1988-2,2013,confirmed,Validation of breeder's data. | nSSR: 20/0
THALLOCSY LAJOS MUSKOTALY = MUSCAT D'ALEXANDRIE,MUSCAT THALLOCSY,Parent 2,SSR,SSR,20,35.23,Lacombe et al. 2013,10.1007/s00122-012-1988-2,2013,confirmed,Validation of breeder's data. | nSSR: 20/0
THERMI,REINE DES VIGNES,Parent 1,SSR,SSR,20,34.48,Lacombe et al. 2013,10.1007/s00122-012-1988-2,2013,confirmed,Validation of breeder's data. Confirmation of prior publication: Vargas 2009 | nSSR: 20/0
THERMI,CINSAUT,Parent 2,SSR,SSR,20,34.48,Lacombe et al. 2013,10.1007/s00122-012-1988-2,2013,confirmed,Validation of breeder's data. Confirmation of prior publication: Vargas 2009 | nSSR: 20/0
TINOS NOIR,MUSCAT DE HAMBOURG,Parent 1,SSR,SSR,20,35.79,Lacombe et al. 2013,10.1007/s00122-012-1988-2,2013,confirmed,Invalidation of breeder's data. | nSSR: 20/0
TINOS NOIR,DATTIER DE BEYROUTH = AFUZ ALI,Parent 2,SSR,SSR,20,35.79,Lacombe et al. 2013,10.1007/s00122-012-1988-2,2013,confirmed,Invalidation of breeder's data. | nSSR: 20/0
TINTA BARROCA,MOURISCO TINTO = MARUFO,Parent 1,SSR,SSR,20,25.96,Lacombe et al. 2013,10.1007/s00122-012-1988-2,2013,probable,nSSR: 20/1
TINTA BARROCA,F TOURIGA NACIONAL,Parent 2,SSR,SSR,20,25.96,Lacombe et al. 2013,10.1007/s00122-012-1988-2,2013,probable,nSSR: 20/1
TINTA DA BARCA,MOURISCO TINTO = MARUFO,Parent 1,SSR,SSR,20,26.96,Lacombe et al. 2013,10.1007/s00122-012-1988-2,2013,probable,nSSR: 20/1
TINTA DA BARCA,F TOURIGA NACIONAL,Parent 2,SSR,SSR,20,26.96,Lacombe et al. 2013,10.1007/s00122-012-1988-2,2013,probable,nSSR: 20/1
TINTA GROSSA D'ALENTEJO,GIBI = HEBÉN,Parent 1,SSR,SSR,20,25.18,Lacombe et al. 2013,10.1007/s00122-012-1988-2,2013,confirmed,nSSR: 20/0
TINTA GROSSA D'ALENTEJO,F ALFROCHEIRO PRETO,Parent 2,SSR,SSR,20,25.18,Lacombe et al. 2013,10.1007/s00122-012-1988-2,2013,confirmed,nSSR: 20/0
TINTA TINTO (COLLECTION SOARÈS GRENACHE = GARNACHA,PETIT BOUSCHET,Parent 1,SSR,SSR,20,23.23,Lacombe et al. 2013,10.1007/s00122-012-1988-2,2013,probable,nSSR: 17/1
TINTA TINTO (COLLECTION SOARÈS GRENACHE = GARNACHA,FRANCO),Parent 2,SSR,SSR,20,23.23,Lacombe et al. 2013,10.1007/s00122-012-1988-2,2013,probable,nSSR: 17/1
TINTINHA (COLLECTION ESPORAO) CASTELÃO = PERIQUITA,ALICANTE HENRI BOUSCHET,Parent 1,SSR,SSR,20,37.09,Lacombe et al. 2013,10.1007/s00122-012-1988-2,2013,confirmed,nSSR: 20/0
TÖKÖS PIROS,BEREGI ROZSAS,Parent 1,SSR,SSR,20,35.25,Lacombe et al. 2013,10.1007/s00122-012-1988-2,2013,confirmed,nSSR: 20/0
TÖKÖS PIROS,FURMINT,Parent 2,SSR,SSR,20,35.25,Lacombe et al. 2013,10.1007/s00122-012-1988-2,2013,confirmed,nSSR: 20/0
TOMPA MIHALY,CHASSELAS QUEEN VICTORIA,Parent 1,SSR,SSR,20,45.14,Lacombe et al. 2013,10.1007/s00122-012-1988-2,2013,confirmed,Half validation of breeder's data. Confirmation of prior publication: Myles 2011 | nSSR: 20/0
TOMPA MIHALY,MUSCAT D'ALEXANDRIE,Parent 2,SSR,SSR,20,45.14,Lacombe et al. 2013,10.1007/s00122-012-1988-2,2013,confirmed,Half validation of breeder's data. Confirmation of prior publication: Myles 2011 | nSSR: 20/0
TOPAS,CHAOUCH ROSE,Parent 1,SSR,SSR,20,22.89,Lacombe et al. 2013,10.1007/s00122-012-1988-2,2013,probable,Invalidation of breeder's data. | nSSR: 20/1
TOPAS,F DELIGHT,Parent 2,SSR,SSR,20,22.89,Lacombe et al. 2013,10.1007/s00122-012-1988-2,2013,probable,Invalidation of breeder's data. | nSSR: 20/1
TORRONTÈS RIOJANO,MISSION = PAIS,Parent 1,SSR,SSR,20,33.89,Lacombe et al. 2013,10.1007/s00122-012-1988-2,2013,confirmed,Confirmation of prior publication: Agüero 2003; This 2006; Lacombe 2007; Tapia 2007 | nSSR: 20/0
TORRONTÈS RIOJANO,MUSCAT D'ALEXANDRIE,Parent 2,SSR,SSR,20,33.89,Lacombe et al. 2013,10.1007/s00122-012-1988-2,2013,confirmed,Confirmation of prior publication: Agüero 2003; This 2006; Lacombe 2007; Tapia 2007 | nSSR: 20/0
TORRONTÈS SANJUANINO,MISSION = PAIS,Parent 1,SSR,SSR,20,33.76,Lacombe et al. 2013,10.1007/s00122-012-1988-2,2013,confirmed,Confirmation of prior publication: Agüero 2003; This 2006 | nSSR: 20/0
TORRONTÈS SANJUANINO,MUSCAT D'ALEXANDRIE,Parent 2,SSR,SSR,20,33.76,Lacombe et al. 2013,10.1007/s00122-012-1988-2,2013,confirmed,Confirmation of prior publication: Agüero 2003; This 2006 | nSSR: 20/0
TOTIKA,BAJOR KÉK = AUGSTER BLAU,Parent 1,SSR,SSR,20,40.43,Lacombe et al. 2013,10.1007/s00122-012-1988-2,2013,confirmed,But contradictory with parentage of cv. Kadarka (#1610) | nSSR: 20/0
TOTIKA,F KADARKA,Parent 2,SSR,SSR,20,40.43,Lacombe et al. 2013,10.1007/s00122-012-1988-2,2013,confirmed,But contradictory with parentage of cv. Kadarka (#1610) | nSSR: 20/0
TOURIGA FÊMEA,TOURIGA NACIONAL,Parent 1,SSR,SSR,20,41.5,Lacombe et al. 2013,10.1007/s00122-012-1988-2,2013,confirmed,nSSR: 20/0
TOURIGA FÊMEA,ARINTO DO DÃO,Parent 2,SSR,SSR,20,41.5,Lacombe et al. 2013,10.1007/s00122-012-1988-2,2013,confirmed,nSSR: 20/0
TRAKYA ILKEREM,PERLETTE,Parent 1,SSR,SSR,20,25.8,Lacombe et al. 2013,10.1007/s00122-012-1988-2,2013,probable,Validation of breeder's data. | nSSR: 16/1
TRAKYA ILKEREM,ALPHONSE LAVALLÉE,Parent 2,SSR,SSR,20,25.8,Lacombe et al. 2013,10.1007/s00122-012-1988-2,2013,probable,Validation of breeder's data. | nSSR: 16/1
TRICANA = H 6‐52‐226,DIAGALVES,Parent 1,SSR,SSR,20,39.7,Lacombe et al. 2013,10.1007/s00122-012-1988-2,2013,confirmed,Validation of breeder's data. | nSSR: 20/0
TRICANA = H 6‐52‐226,SULTANINE,Parent 2,SSR,SSR,20,39.7,Lacombe et al. 2013,10.1007/s00122-012-1988-2,2013,confirmed,Validation of breeder's data. | nSSR: 20/0
TRIPOLI = PIROVANO 352,ANGELO PIROVANO = PIROVANO 2 ITALIA = PIROVANO 65,Parent 1,SSR,SSR,20,37.64,Lacombe et al. 2013,10.1007/s00122-012-1988-2,2013,confirmed,Validation of breeder's data. | nSSR: 20/0
TRIUMPH TRAUBE,MADELEINE ANGEVINE,Parent 1,SSR,SSR,20,33.44,Lacombe et al. 2013,10.1007/s00122-012-1988-2,2013,confirmed,No information on the original cross. | nSSR: 20/0
TRIUMPH TRAUBE,F PRÉCOCE DE MALINGRE,Parent 2,SSR,SSR,20,33.44,Lacombe et al. 2013,10.1007/s00122-012-1988-2,2013,confirmed,No information on the original cross. | nSSR: 20/0
TROLLINGER FAUX (COLLECTION COLMAR) LASKA,PORTUGAIS BLEU,Parent 1,SSR,SSR,20,40.36,Lacombe et al. 2013,10.1007/s00122-012-1988-2,2013,confirmed,nSSR: 19/0
TROYEN,PINOT,Parent 1,SSR,SSR,20,33.8,Lacombe et al. 2013,10.1007/s00122-012-1988-2,2013,confirmed,Confirmation of prior publication: Di Vecchi Staraz 2006 | nSSR: 20/0
TROYEN,GOUAIS BLANC = HEUNISCH WEISS,Parent 2,SSR,SSR,20,33.8,Lacombe et al. 2013,10.1007/s00122-012-1988-2,2013,confirmed,Confirmation of prior publication: Di Vecchi Staraz 2006 | nSSR: 20/0
TSAOUSSI,BARESANA = KORITHI ASPRO,Parent 1,SSR,SSR,20,32.78,Lacombe et al. 2013,10.1007/s00122-012-1988-2,2013,probable,nSSR: 17/1
TSAOUSSI,MAVRODAPHNI,Parent 2,SSR,SSR,20,32.78,Lacombe et al. 2013,10.1007/s00122-012-1988-2,2013,probable,nSSR: 17/1
TSULUKIDZIS TETRA,BLANK BLAUER = VULPEA,Parent 1,SSR,SSR,20,32.87,Lacombe et al. 2013,10.1007/s00122-012-1988-2,2013,confirmed,nSSR: 20/0
TSULUKIDZIS TETRA,GOUAIS BLANC = HEUNISCH WEISS,Parent 2,SSR,SSR,20,32.87,Lacombe et al. 2013,10.1007/s00122-012-1988-2,2013,confirmed,nSSR: 20/0
TULILLAH,SULTANINE,Parent 1,SSR,SSR,20,42.64,Lacombe et al. 2013,10.1007/s00122-012-1988-2,2013,confirmed,Validation of breeder's data. | nSSR: 20/0
TULILLAH,MACABEU,Parent 2,SSR,SSR,20,42.64,Lacombe et al. 2013,10.1007/s00122-012-1988-2,2013,confirmed,Validation of breeder's data. | nSSR: 20/0
TURKI,KARYSTINO,Parent 1,SSR,SSR,20,53.17,Lacombe et al. 2013,10.1007/s00122-012-1988-2,2013,confirmed,Confirmation of prior publication: Lacombe 2010 | nSSR: 20/0
TURKI,HEPTAKILO,Parent 2,SSR,SSR,20,53.17,Lacombe et al. 2013,10.1007/s00122-012-1988-2,2013,confirmed,Confirmation of prior publication: Lacombe 2010 | nSSR: 20/0
TZIMLANSKY CHERNYI,PLETCHISTIK,Parent 1,SSR,SSR,20,29.36,Lacombe et al. 2013,10.1007/s00122-012-1988-2,2013,probable,nSSR: 20/1
TZIMLANSKY CHERNYI,F KOKOUR BELY,Parent 2,SSR,SSR,20,29.36,Lacombe et al. 2013,10.1007/s00122-012-1988-2,2013,probable,nSSR: 20/1
URMI DINKA,IZSAKI SARFEHER,Parent 1,SSR,SSR,20,37.36,Lacombe et al. 2013,10.1007/s00122-012-1988-2,2013,confirmed,nSSR: 20/0
URMI DINKA,KADARKA KEK,Parent 2,SSR,SSR,20,37.36,Lacombe et al. 2013,10.1007/s00122-012-1988-2,2013,confirmed,nSSR: 20/0
URRETI,HARSLEVELU,Parent 1,SSR,SSR,20,36.67,Lacombe et al. 2013,10.1007/s00122-012-1988-2,2013,confirmed,Half validation of breeder's data. Confirmation of prior publication: Lacombe 2010 | nSSR: 20/0
URRETI,SAUVIGNON,Parent 2,SSR,SSR,20,36.67,Lacombe et al. 2013,10.1007/s00122-012-1988-2,2013,confirmed,Half validation of breeder's data. Confirmation of prior publication: Lacombe 2010 | nSSR: 20/0
UVA ANIS,MISSION = PAIS,Parent 1,SSR,SSR,20,27.29,Lacombe et al. 2013,10.1007/s00122-012-1988-2,2013,probable,nSSR: 20/1
UVA ANIS,MUSCAT D'ALEXANDRIE,Parent 2,SSR,SSR,20,27.29,Lacombe et al. 2013,10.1007/s00122-012-1988-2,2013,probable,nSSR: 20/1
UVA DI TROIA,BOMBINO BIANCO,Parent 1,SSR,SSR,20,35.99,Lacombe et al. 2013,10.1007/s00122-012-1988-2,2013,confirmed,nSSR: 20/0
UVA DI TROIA,BOUTEILLAN NOIR = QUAGLIANO,Parent 2,SSR,SSR,20,35.99,Lacombe et al. 2013,10.1007/s00122-012-1988-2,2013,confirmed,nSSR: 20/0
VARIÉTÉ D'OASIS TOZEUR 7,RASSEGUI,Parent 1,SSR,SSR,20,35.09,Lacombe et al. 2013,10.1007/s00122-012-1988-2,2013,confirmed,nSSR: 20/0
VARIÉTÉ D'OASIS TOZEUR 7,F VARIÉTÉ D'OASIS TOZEUR 1,Parent 2,SSR,SSR,20,35.09,Lacombe et al. 2013,10.1007/s00122-012-1988-2,2013,confirmed,nSSR: 20/0
VARIÉTÉ D'OASIS TOZEUR 9,RASSEGUI,Parent 1,SSR,SSR,20,35.4,Lacombe et al. 2013,10.1007/s00122-012-1988-2,2013,confirmed,nSSR: 20/0
VARIÉTÉ D'OASIS TOZEUR 9,F VARIÉTÉ D'OASIS DEGACHE 28,Parent 2,SSR,SSR,20,35.4,Lacombe et al. 2013,10.1007/s00122-012-1988-2,2013,confirmed,nSSR: 20/0
VÉKONYHÉJU,BLANK BLAUER = VULPEA,Parent 1,SSR,SSR,20,34.21,Lacombe et al. 2013,10.1007/s00122-012-1988-2,2013,confirmed,nSSR: 20/0
VÉKONYHÉJU,GOUAIS BLANC = HEUNISCH WEISS,Parent 2,SSR,SSR,20,34.21,Lacombe et al. 2013,10.1007/s00122-012-1988-2,2013,confirmed,nSSR: 20/0
VELTELINER ROUGE PRÉCOCE,SYLVANER,Parent 1,SSR,SSR,20,43.89,Lacombe et al. 2013,10.1007/s00122-012-1988-2,2013,confirmed,Confirmation of prior publication: Sefc 1998 | nSSR: 20/0
VELTELINER ROUGE PRÉCOCE,VELTELINER ROUGE,Parent 2,SSR,SSR,20,43.89,Lacombe et al. 2013,10.1007/s00122-012-1988-2,2013,confirmed,Confirmation of prior publication: Sefc 1998 | nSSR: 20/0
VERDEJO BLANCO,SAVAGNIN BLANC,Parent 1,SSR,SSR,20,31.94,Lacombe et al. 2013,10.1007/s00122-012-1988-2,2013,probable,Half confirmation of prior publication: Lacombe 2010 | nSSR: 20/1
VERDEJO BLANCO,CASTELLANA BLANCA,Parent 2,SSR,SSR,20,31.94,Lacombe et al. 2013,10.1007/s00122-012-1988-2,2013,probable,Half confirmation of prior publication: Lacombe 2010 | nSSR: 20/1
VICTOR = PIROVANO 314,PANSE PRÉCOCE,Parent 1,SSR,SSR,20,38.53,Lacombe et al. 2013,10.1007/s00122-012-1988-2,2013,confirmed,Invalidation of breeder's data. | nSSR: 20/0
VICTOR = PIROVANO 314,MOSCATO D'ADDA,Parent 2,SSR,SSR,20,38.53,Lacombe et al. 2013,10.1007/s00122-012-1988-2,2013,confirmed,Invalidation of breeder's data. | nSSR: 20/0
VICTORIA,CARDINAL = G 10‐30,Parent 1,SSR,SSR,20,35.84,Lacombe et al. 2013,10.1007/s00122-012-1988-2,2013,confirmed,Validation of breeder's data. Confirmation of prior publication: | nSSR: 20/0
VICTORIA,DATTIER DE BEYROUTH = AFUZ ALI,Parent 2,SSR,SSR,20,35.84,Lacombe et al. 2013,10.1007/s00122-012-1988-2,2013,confirmed,Validation of breeder's data. Confirmation of prior publication: | nSSR: 20/0
VIDAL 117,COLOMBARD,Parent 1,SSR,SSR,20,26.89,Lacombe et al. 2013,10.1007/s00122-012-1988-2,2013,confirmed,Validation of breeder's data. | nSSR: 19/0
VIDAL 117,UGNI BLANC = TREBBIANO TOSCANO,Parent 2,SSR,SSR,20,26.89,Lacombe et al. 2013,10.1007/s00122-012-1988-2,2013,confirmed,Validation of breeder's data. | nSSR: 19/0
VIDAL 36,FOLLE BLANCHE,Parent 1,SSR,SSR,20,31.99,Lacombe et al. 2013,10.1007/s00122-012-1988-2,2013,confirmed,Validation of breeder's data. | nSSR: 20/0
VIDAL 36,UGNI BLANC = TREBBIANO TOSCANO,Parent 2,SSR,SSR,20,31.99,Lacombe et al. 2013,10.1007/s00122-012-1988-2,2013,confirmed,Validation of breeder's data. | nSSR: 20/0
VIDAL 662,FOLLE BLANCHE,Parent 1,SSR,SSR,20,33.85,Lacombe et al. 2013,10.1007/s00122-012-1988-2,2013,confirmed,Half validation of breeder's data. | nSSR: 20/0
VIDAL 662,UGNI BLANC = TREBBIANO TOSCANO,Parent 2,SSR,SSR,20,33.85,Lacombe et al. 2013,10.1007/s00122-012-1988-2,2013,confirmed,Half validation of breeder's data. | nSSR: 20/0
VIDAL 678,MUSCAT D'ALEXANDRIE,Parent 1,SSR,SSR,20,42.59,Lacombe et al. 2013,10.1007/s00122-012-1988-2,2013,confirmed,Validation of breeder's data. | nSSR: 20/0
VIDAL 678,UGNI BLANC = TREBBIANO TOSCANO,Parent 2,SSR,SSR,20,42.59,Lacombe et al. 2013,10.1007/s00122-012-1988-2,2013,confirmed,Validation of breeder's data. | nSSR: 20/0
VIDAL 98 T,JURANÇON BLANC,Parent 1,SSR,SSR,20,28.44,Lacombe et al. 2013,10.1007/s00122-012-1988-2,2013,confirmed,Validation of breeder's data. | nSSR: 20/0
VIDAL 98 T,UGNI BLANC = TREBBIANO TOSCANO,Parent 2,SSR,SSR,20,28.44,Lacombe et al. 2013,10.1007/s00122-012-1988-2,2013,confirmed,Validation of breeder's data. | nSSR: 20/0
VIDAL 99 T,JURANÇON BLANC,Parent 1,SSR,SSR,20,27.41,Lacombe et al. 2013,10.1007/s00122-012-1988-2,2013,confirmed,Validation of breeder's data. Confirmation of prior publication: | nSSR: 20/0
VIDAL 99 T,UGNI BLANC = TREBBIANO TOSCANO,Parent 2,SSR,SSR,20,27.41,Lacombe et al. 2013,10.1007/s00122-012-1988-2,2013,confirmed,Validation of breeder's data. Confirmation of prior publication: | nSSR: 20/0
VIGNE DE WOOD,KOZ OUZIOUM,Parent 1,SSR,SSR,20,36.85,Lacombe et al. 2013,10.1007/s00122-012-1988-2,2013,confirmed,nSSR: 20/0
VIGNE DE WOOD,F ASSYL KARA,Parent 2,SSR,SSR,20,36.85,Lacombe et al. 2013,10.1007/s00122-012-1988-2,2013,confirmed,nSSR: 20/0
VITAL,ARINTO DO DÃO,Parent 1,SSR,SSR,20,40.73,Lacombe et al. 2013,10.1007/s00122-012-1988-2,2013,confirmed,nSSR: 20/0
VITAL,RABIGATO,Parent 2,SSR,SSR,20,40.73,Lacombe et al. 2013,10.1007/s00122-012-1988-2,2013,confirmed,nSSR: 20/0
WEST FREISIA,BICANE,Parent 1,SSR,SSR,20,34.93,Lacombe et al. 2013,10.1007/s00122-012-1988-2,2013,confirmed,Half validation of breeder's data. | nSSR: 20/0
WEST FREISIA,F GROS COLMAN,Parent 2,SSR,SSR,20,34.93,Lacombe et al. 2013,10.1007/s00122-012-1988-2,2013,confirmed,Half validation of breeder's data. | nSSR: 20/0
WHITE MUSCAT (COLLECTION BLACK MOROCCO,F MUSCAT FLEUR D'ORANGER,Parent 1,SSR,SSR,20,38.32,Lacombe et al. 2013,10.1007/s00122-012-1988-2,2013,confirmed,nSSR: 20/0
WHITE MUSCAT (COLLECTION BLACK MOROCCO,MERBEIN),Parent 2,SSR,SSR,20,38.32,Lacombe et al. 2013,10.1007/s00122-012-1988-2,2013,confirmed,nSSR: 20/0
WHITE WORTLEY HALL,SULTANINE,Parent 1,SSR,SSR,20,38.94,Lacombe et al. 2013,10.1007/s00122-012-1988-2,2013,confirmed,No information on the original cross. | nSSR: 20/0
WHITE WORTLEY HALL,HEPTAKILO,Parent 2,SSR,SSR,20,38.94,Lacombe et al. 2013,10.1007/s00122-012-1988-2,2013,confirmed,No information on the original cross. | nSSR: 20/0
WÜRZER = AZ 10487,SAVAGNIN BLANC,Parent 1,SSR,SSR,20,43.58,Lacombe et al. 2013,10.1007/s00122-012-1988-2,2013,confirmed,Validation of breeder's data. Confirmation of prior publication: Cipriani 2010 | nSSR: 20/0
WÜRZER = AZ 10487,MÜLLER‐THURGAU,Parent 2,SSR,SSR,20,43.58,Lacombe et al. 2013,10.1007/s00122-012-1988-2,2013,confirmed,Validation of breeder's data. Confirmation of prior publication: Cipriani 2010 | nSSR: 20/0
XARELLO,GIBI = HEBÉN,Parent 1,SSR,SSR,20,30.9,Lacombe et al. 2013,10.1007/s00122-012-1988-2,2013,confirmed,nSSR: 20/0
XARELLO,F BRUSTIANO FAUX (COLLECTION PARC DE LA TÊTE D'OR),Parent 2,SSR,SSR,20,30.9,Lacombe et al. 2013,10.1007/s00122-012-1988-2,2013,confirmed,nSSR: 20/0
YALOVA CEKIRDEKSIZ,PERLETTE,Parent 1,SSR,SSR,20,35.7,Lacombe et al. 2013,10.1007/s00122-012-1988-2,2013,confirmed,Half validation of breeder's data. | nSSR: 19/0
YALOVA CEKIRDEKSIZ,KEKHLIBAR,Parent 2,SSR,SSR,20,35.7,Lacombe et al. 2013,10.1007/s00122-012-1988-2,2013,confirmed,Half validation of breeder's data. | nSSR: 19/0
ZAKYNTHINO,KOUTSOUMBELI ASPRO,Parent 1,SSR,SSR,20,44.12,Lacombe et al. 2013,10.1007/s00122-012-1988-2,2013,confirmed,nSSR: 20/0
ZAKYNTHINO,F MAVRODAPHNI,Parent 2,SSR,SSR,20,44.12,Lacombe et al. 2013,10.1007/s00122-012-1988-2,2013,confirmed,nSSR: 20/0
ZAMPARA,FURJMONY FEHER,Parent 1,SSR,SSR,20,41.3,Lacombe et al. 2013,10.1007/s00122-012-1988-2,2013,confirmed,nSSR: 20/0
ZAMPARA,F KECSKECSECSU ROSZAS PIROS,Parent 2,SSR,SSR,20,41.3,Lacombe et al. 2013,10.1007/s00122-012-1988-2,2013,confirmed,nSSR: 20/0
ZANTER GILBERT,GIBI = HEBÉN,Parent 1,SSR,SSR,20,31.62,Lacombe et al. 2013,10.1007/s00122-012-1988-2,2013,confirmed,nSSR: 20/0
ZANTER GILBERT,F PIQUEPOUL,Parent 2,SSR,SSR,20,31.62,Lacombe et al. 2013,10.1007/s00122-012-1988-2,2013,confirmed,nSSR: 20/0
ZIZINE,OULIVEN,Parent 1,SSR,SSR,20,30.59,Lacombe et al. 2013,10.1007/s00122-012-1988-2,2013,confirmed,nSSR: 20/0
ZIZINE,F MAROCAIN NOIR,Parent 2,SSR,SSR,20,30.59,Lacombe et al. 2013,10.1007/s00122-012-1988-2,2013,confirmed,nSSR: 20/0
ZÖLDFÜRTÜ,MATHIASZ JANOSNE = MATHIASZ 210 HARSLEVELU,Parent 1,SSR,SSR,20,45.09,Lacombe et al. 2013,10.1007/s00122-012-1988-2,2013,confirmed,Validation of breeder's data. | nSSR: 20/0
ZRINYI ILONA,MUSCAT D'ALEXANDRIE,Parent 1,SSR,SSR,20,45.28,Lacombe et al. 2013,10.1007/s00122-012-1988-2,2013,confirmed,Invalidation of breeder's data. | nSSR: 20/0
ZRINYI ILONA,CHASSELAS,Parent 2,SSR,SSR,20,45.28,Lacombe et al. 2013,10.1007/s00122-012-1988-2,2013,confirmed,Invalidation of breeder's data. | nSSR: 20/0
ZRINYI ILONA FAUX,DIAMANTTRAUBE,Parent 1,SSR,SSR,20,38.01,Lacombe et al. 2013,10.1007/s00122-012-1988-2,2013,confirmed,nSSR: 20/0
ZRINYI ILONA FAUX,F MUSCAT D'ALEXANDRIE,Parent 2,SSR,SSR,20,38.01,Lacombe et al. 2013,10.1007/s00122-012-1988-2,2013,confirmed,nSSR: 20/0
ZSITVAI DINKA,MATHIASZ JANOSNE = MATHIASZ 210 KÖVIDINKA,Parent 1,SSR,SSR,20,28.08,Lacombe et al. 2013,10.1007/s00122-012-1988-2,2013,probable,Validation of breeder's data. | nSSR: 20/1
ZWEIGELT BLAU,SAINT‐LAURENT,Parent 1,SSR,SSR,20,37.52,Lacombe et al. 2013,10.1007/s00122-012-1988-2,2013,confirmed,"Validation of breeder's data. Confirmation of prior publication: Sefc 1997 References Aguero CB, Rodriguez JG, Martinez LE, Dangl GS, Meredith CP (2003) Identity and parentage of Torrontes cultivars in Argentina. Am J Enol Vitic 54 (4):318‐321 Boursiquot JM, Lacombe T, Bowers J, Meredith C (2004) Le Gouais, un cépage clé du patrimoine viticole européen. Bull OIV 77 (875/876):5‐19 Boursiquot JM, Lacombe T, Laucou V, Julliard S, Perrin FX, Lanier N, Legrand D, Meredith C, This P (2009) Parentage of Merlot and related winegrape cultivars of southwestern France: discovery of the missing link. Aust J Grape Wine Res 15 (2):144‐155 Bowers J, Boursiquot JM, This P, Chu K, Johansson H, Meredith C (1999) Historical genetics: The parentage of Chardonnay, Gamay, and other wine grapes of northeastern France. Science 285 (5433):1562‐1565 Bowers JE, Meredith CP (1997) The parentage of a classic wine grape, Cabernet‐Sauvignon. Nat Genet 16 (1):84‐87 Bowers JE, Siret R, Meredith CP, This P, Boursiquot JM (2000) A single pair of parents proposed for a group of grapevine varieties in northeastern France. In: Bouquet A, Boursiquot JM (eds) Proceedings of the 7th International Symposium on Grapevine Genetics and Breeding, Montpellier, 1998. Acta Hort, pp 129‐ Cabezas JA, Cervera MT, Arroyo‐Garcia R, Ibanez J, Rodriguez‐Torres I, Borrego J, Cabello F, Martinez‐Zapater JM (2003) Garnacha and Garnacha Tintorera: Genetic relationships and the origin of teinturier varieties cultivated in Spain. Am J Enol Vitic 54 (4):237‐245 Cipriani G, Spadotto A, Jurman I, Di Gaspero G, Crespan M, Meneghetti S, Frare E, Vignani R, Cresti M, Morgante M, Pezzotti M, Pe E, Policriti A, Testolin R (2010) The SSR‐based molecular profile of 1005 grapevine (Vitis vinifera L.) accessions uncovers new synonymy and parentages, and reveals a large admixture amongst varieties of different geographic origin. Theor Appl Genet 121 (8):1569‐1585. doi:10.1007/s00122‐010‐1411‐9 Coleman C (in press) Genetic mapping of REN1: a powdery mildew resistance gene present in two central Asian grapevines. In: Owens C, Garris A, Reich B (eds) Proceedings of the 10th International Conference on Grapevine Genetics and Breeding, Geneva NY, 2010. Acta Hort, p (in press) Crespan M (2003) The parentage of Muscat of Hamburg. Vitis 42 (4):193‐197 Crespan M, Botta R, Milani N (1999) Molecular characterization of twenty seeded and seedless table grape cultivars (Vitis vinifera L.). Vitis 38 (3):87‐92 Crespan M, Calo A, Giannetto S, Sparacio A, Storchi P, Costacurta A (2008a) Sangiovese and Garganega are two key varieties of the Italian grapevine assortment evolution. Vitis 47 (2):97‐104 Crespan M, Coletta A, Crupi P, Giannetto S, Antonacci D (2008b) Malvasia nera di Brindisi/Lecce grapevine cultivar (Vitis vinifera L.) originated from Negroamaro and Malvasia bianca lunga. Vitis 47 (4):205‐212 Crespan M, Milani N (2001) The Muscats: A molecular analysis of synonyms, homonyms and genetic relationships within a large family of grapevine cultivars. Vitis 40 (4):204‐204 Dettweiler E, Jung A, Zyprian E, Topfer R (2000) Grapevine cultivar Müller‐Thurgau and its true to type descent. Vitis 39 (2):63‐65 Di Vecchi‐Staraz M, Bandinelli R, Boselli M, This P, Boursiquot JM, Laucou V, Lacombe T, Vares D (2007) Genetic structuring and parentage analysis for evolutionary studies in grapevine: Kin group and origin of the cultivar Sangiovese revealed. J Am Soc Hort Sci 132 (4):514‐524 Di Vecchi‐Staraz M, Boselli M, Laucou V, Lacombe T, This P, Gerber S, Vares D Famoz: a software for large scale parentage analysis in Vitis vinifera L. species. In: ISHS (ed) Proceedings of the International Workshop on Advances in Grapevine and Wine Research, Venosa, 2005. Acta Hort, pp 79‐83 Di Vecchi‐Staraz M, Laucou V, Boursiquot JM, Lacombe T, Vares D, Gerber S, Boselli M, This P (2009) The kingroup of the cultivar Chardonnay revealed. In: Peterlunger E, Di Gaspero G, Cipriani G (eds) Proceedings of the 9th International Conference on Grape Genetics and Breeding, Udine, 2006. Acta Hort, pp 233‐238 El Oualkadi A, Ater M, Messaoudi Z, El Heit K, Laucou V, Boursiquot JM, Lacombe T, This P (2011) Genetic diversity of Moroccan grape accessions conserved ex situ compared to Maghreb and Europe gene pools. Tree Genet Genome 7 (6):1287‐1298. doi:10.1007/s11295‐011‐0413‐3 Galbacs Z, Molnar S, Halasz G, Kozma P, Hoffman S, Kovacs L, Veres A, Galli Z, Szoke A, Heszky L, Kiss E (2009) Identification of grapevine cultivars using microsatellite‐based DNA barcodes. Vitis 48 (1):17‐24 García‐Muñoz S, Lacombe T, de Andrés M, Gaforio L, Muñoz‐Organero G, Laucou V, This P, Cabello F (2011) Grape varieties (Vitis vinifera L.) from the Balearic Islands: genetic characterization and relationship with Iberian Peninsula and Mediterranean Basin. Genet Res Crop Evol:1‐17. doi:10.1007/s10722‐011‐ 9706‐5 Goryslavets S, Risovanna V, Bacilieri R, Hausman JF, Heuertz M (2010) A parentage study of closely related Ukrainian wine grape varieties using microsatellite markers. Cytology Genet 44 (2):95‐102. doi:10.3103/s0095452710020040 Grando MS, Frisinghelli C (1998) Grape microsatellite markers: Sizing of DNA alleles and genotype analysis of some grapevine cultivars. Vitis 37 (2):79‐82 Ibanez J, Vargas AM, Palancar M, Borrego J, de Andres MT (2009) Genetic relationships among Table‐Grape varieties. Am J Enol Vitic 60 (1):35‐42 IFV, INRA, Montpellier‐SupAgro, Viniflhor (2007) Catalogue des variétés et clones de vigne cultivés en France. 2 edn. Institut Français de la Vigne et du Vin, Le Grau‐du‐Roi Kiss E, Kozma P, Halasz G, Molnar S, Galbacs Z, Hoffmann S, Veres A, Galli Z, Szokel A, Heszky L Pedigree of Carpathian basin and Hungarian grapevine cultivars based on microsatellite analysis. In: Peterlunger E, Di Gaspero G, Cipriani G (eds) Proceedings of the 9th International Conference on Grape Genetics and Breeding, Udine, 2006. Acta Hort, pp 221‐224 Lacombe T, Boursiquot JM, Laucou V, Dechesne F, Vares D, This P (2007) Relationships and genetic diversity within the accessions related to Malvasia held in the Domaine de Vassal grape germplasm repository. Am J Enol Vitic 58 (1):124‐131 Lacombe T, Laucou V, Di Vecchi Staraz M, This P, Boursiquot JM (in press) Genealogy investigation in over 2300 grapevine cultivars (Vitis vinifera). In: Owens C, Garris A, Reich B (eds) Proceedings of the 10th International Conference on Grapevine Genetics and Breeding, Geneva NY, 2010. Acta Hort, p (in press) Maitti C, Andreani L, Geuna F, Brancadoro L, Scienza A (2009) Genetic characterization of Vitis vinifera accessions cultivated in Sicily (Italy). In: Peterlunger E, Di Gaspero G, Cipriani G (eds) Proceedings of the 9th International Conference on Grape Genetics and Breeding, Udine, 2006. vol 827. Acta Hort, Leuven, pp 177‐182 Meredith CP, Bowers JE, Riaz S, Handley V, Bandman EB, Dangl GS (1999) The identity and parentage of the variety known in California as Petite Sirah. Am J Enol Vitic 50 (3):236‐242 Myles S, Boyko AR, Owens CL, Brown PJ, Grassi F, Aradhya MK, Prins B, Reynolds A, Chia J‐M, Ware D, Bustamante CD, Buckler ES (2011) Genetic structure and domestication history of the grape. Proc Natl Acad Sci U S A 108 (9):3530‐3535. doi:10.1073/pnas.1009363108 Regner F, Eisenheld C, Kaserer H, Stadlbauer A (2001) Further analyses for identification of grapevine by means of genetic markers (Weitere Sortenanalysen bei Rebe mittels genetischer Marker.). Mitt Klosterneuburg 51 (1):3‐14 Regner F, Sefc K, Glossl J, Steinkellner H (2000) Parentage analysis and pedigree reconstruction of vine cultivars using microsatellite markers. In: Bouquet A, Boursiquot J‐M (eds) Proceedings of the 7th International Symposium on Grapevine Genetics and Breeding, Montpellier, 1998a. Acta Hort, Leuven, pp 133‐138 Regner F, Stadelhuber A, Eisenheld C (1998b) Heunisch x Fränkisch, an important gene reservoir for European grapevines (Vitis vinifera L. sativa). Vitic Enol Sci 53:114‐118 Regner F, Stadlhuber A, Eisenheld C, Kaserer H Considerations about the evolution of grapevine and the role of Traminer. In: Bouquet A, Boursiquot JM (eds) Proceedings of the 7th International Symposium on Grapevine Genetics and Breeding, Montpellier, 1998c. Acta Hort, pp 177‐181 Riahi L, Zoghlami N, El‐Heit K, Laucou V, Le Cunff L, Boursiquot J, Lacombe T, Mliki A, Ghorbel A, This P (2010) Genetic structure and differentiation among grapevines (Vitis vinifera) accessions from Maghreb region. Genetic Resources and Crop Evolution 57 (2):255‐272 Schneider A, Marinoni DT, Crespan M (2008) Genetics and ampelography trace the origin of Muscat fleur d'oranger. Am J Enol Vitic 59 (2):200‐204 Sefc KM, Steinkellner H, Glossl J, Kampfer S, Regner F (1998) Reconstruction of a grapevine pedigree by microsatellite analysis. Theor Appl Genet 97 (1‐2):227‐231 Sefc KM, Steinkellner H, Wagner HW, Glossl J, Regner F (1997) Application of microsatellite markers to parentage studies in grapevine. Vitis 36 (4):179‐183 Tapia AM, Cabezas JA, Cabello F, Lacombe T, Martinez‐Zapater JM, Hinrichsen P, Cervera MT (2007) Determining the Spanish origin of representative ancient American grapevine varieties. Am J Enol Vitic 58 (2):242‐251 Thomas MR, Cain P, Scott NS (1994) DNA typing of grapevines, a universal methodology and database for describing cultivars and evaluating genetic relatedness. Plant Mol Biol 25 (6):939‐949. doi:10.1007/bf00014668 Vargas AM, Andres MTd, Borrego J, Ibanez J (2009) Pedigrees of fifty table‐grape cultivars. Am J Enol Vitic 60 (4):525‐532 Vouillamoz JF, Grando MS (2006) Genealogy of wine grape cultivars: Pinot is related to Syrah. Heredity 97 (2):102‐110 Vouillamoz JF, Monaco A, Costantini L, Stefanini M, Scienza A, Grando MS (2007) The parentage of Sangiovese, the most important Italian wine grape. Vitis 46:19‐22 Zulini L, Russo M, Peterlunger E (2002) Genotyping wine and table grape cultivars from Apulia (Southern Italy) using microsatellite markers. Vitis 41 (4):183‐187 | nSSR: 20/0"
ZWEIGELT BLAU,LIMBERGER = BLAUFRÄNKISCH,Parent 2,SSR,SSR,20,37.52,Lacombe et al. 2013,10.1007/s00122-012-1988-2,2013,confirmed,"Validation of breeder's data. Confirmation of prior publication: Sefc 1997 References Aguero CB, Rodriguez JG, Martinez LE, Dangl GS, Meredith CP (2003) Identity and parentage of Torrontes cultivars in Argentina. Am J Enol Vitic 54 (4):318‐321 Boursiquot JM, Lacombe T, Bowers J, Meredith C (2004) Le Gouais, un cépage clé du patrimoine viticole européen. Bull OIV 77 (875/876):5‐19 Boursiquot JM, Lacombe T, Laucou V, Julliard S, Perrin FX, Lanier N, Legrand D, Meredith C, This P (2009) Parentage of Merlot and related winegrape cultivars of southwestern France: discovery of the missing link. Aust J Grape Wine Res 15 (2):144‐155 Bowers J, Boursiquot JM, This P, Chu K, Johansson H, Meredith C (1999) Historical genetics: The parentage of Chardonnay, Gamay, and other wine grapes of northeastern France. Science 285 (5433):1562‐1565 Bowers JE, Meredith CP (1997) The parentage of a classic wine grape, Cabernet‐Sauvignon. Nat Genet 16 (1):84‐87 Bowers JE, Siret R, Meredith CP, This P, Boursiquot JM (2000) A single pair of parents proposed for a group of grapevine varieties in northeastern France. In: Bouquet A, Boursiquot JM (eds) Proceedings of the 7th International Symposium on Grapevine Genetics and Breeding, Montpellier, 1998. Acta Hort, pp 129‐ Cabezas JA, Cervera MT, Arroyo‐Garcia R, Ibanez J, Rodriguez‐Torres I, Borrego J, Cabello F, Martinez‐Zapater JM (2003) Garnacha and Garnacha Tintorera: Genetic relationships and the origin of teinturier varieties cultivated in Spain. Am J Enol Vitic 54 (4):237‐245 Cipriani G, Spadotto A, Jurman I, Di Gaspero G, Crespan M, Meneghetti S, Frare E, Vignani R, Cresti M, Morgante M, Pezzotti M, Pe E, Policriti A, Testolin R (2010) The SSR‐based molecular profile of 1005 grapevine (Vitis vinifera L.) accessions uncovers new synonymy and parentages, and reveals a large admixture amongst varieties of different geographic origin. Theor Appl Genet 121 (8):1569‐1585. doi:10.1007/s00122‐010‐1411‐9 Coleman C (in press) Genetic mapping of REN1: a powdery mildew resistance gene present in two central Asian grapevines. In: Owens C, Garris A, Reich B (eds) Proceedings of the 10th International Conference on Grapevine Genetics and Breeding, Geneva NY, 2010. Acta Hort, p (in press) Crespan M (2003) The parentage of Muscat of Hamburg. Vitis 42 (4):193‐197 Crespan M, Botta R, Milani N (1999) Molecular characterization of twenty seeded and seedless table grape cultivars (Vitis vinifera L.). Vitis 38 (3):87‐92 Crespan M, Calo A, Giannetto S, Sparacio A, Storchi P, Costacurta A (2008a) Sangiovese and Garganega are two key varieties of the Italian grapevine assortment evolution. Vitis 47 (2):97‐104 Crespan M, Coletta A, Crupi P, Giannetto S, Antonacci D (2008b) Malvasia nera di Brindisi/Lecce grapevine cultivar (Vitis vinifera L.) originated from Negroamaro and Malvasia bianca lunga. Vitis 47 (4):205‐212 Crespan M, Milani N (2001) The Muscats: A molecular analysis of synonyms, homonyms and genetic relationships within a large family of grapevine cultivars. Vitis 40 (4):204‐204 Dettweiler E, Jung A, Zyprian E, Topfer R (2000) Grapevine cultivar Müller‐Thurgau and its true to type descent. Vitis 39 (2):63‐65 Di Vecchi‐Staraz M, Bandinelli R, Boselli M, This P, Boursiquot JM, Laucou V, Lacombe T, Vares D (2007) Genetic structuring and parentage analysis for evolutionary studies in grapevine: Kin group and origin of the cultivar Sangiovese revealed. J Am Soc Hort Sci 132 (4):514‐524 Di Vecchi‐Staraz M, Boselli M, Laucou V, Lacombe T, This P, Gerber S, Vares D Famoz: a software for large scale parentage analysis in Vitis vinifera L. species. In: ISHS (ed) Proceedings of the International Workshop on Advances in Grapevine and Wine Research, Venosa, 2005. Acta Hort, pp 79‐83 Di Vecchi‐Staraz M, Laucou V, Boursiquot JM, Lacombe T, Vares D, Gerber S, Boselli M, This P (2009) The kingroup of the cultivar Chardonnay revealed. In: Peterlunger E, Di Gaspero G, Cipriani G (eds) Proceedings of the 9th International Conference on Grape Genetics and Breeding, Udine, 2006. Acta Hort, pp 233‐238 El Oualkadi A, Ater M, Messaoudi Z, El Heit K, Laucou V, Boursiquot JM, Lacombe T, This P (2011) Genetic diversity of Moroccan grape accessions conserved ex situ compared to Maghreb and Europe gene pools. Tree Genet Genome 7 (6):1287‐1298. doi:10.1007/s11295‐011‐0413‐3 Galbacs Z, Molnar S, Halasz G, Kozma P, Hoffman S, Kovacs L, Veres A, Galli Z, Szoke A, Heszky L, Kiss E (2009) Identification of grapevine cultivars using microsatellite‐based DNA barcodes. Vitis 48 (1):17‐24 García‐Muñoz S, Lacombe T, de Andrés M, Gaforio L, Muñoz‐Organero G, Laucou V, This P, Cabello F (2011) Grape varieties (Vitis vinifera L.) from the Balearic Islands: genetic characterization and relationship with Iberian Peninsula and Mediterranean Basin. Genet Res Crop Evol:1‐17. doi:10.1007/s10722‐011‐ 9706‐5 Goryslavets S, Risovanna V, Bacilieri R, Hausman JF, Heuertz M (2010) A parentage study of closely related Ukrainian wine grape varieties using microsatellite markers. Cytology Genet 44 (2):95‐102. doi:10.3103/s0095452710020040 Grando MS, Frisinghelli C (1998) Grape microsatellite markers: Sizing of DNA alleles and genotype analysis of some grapevine cultivars. Vitis 37 (2):79‐82 Ibanez J, Vargas AM, Palancar M, Borrego J, de Andres MT (2009) Genetic relationships among Table‐Grape varieties. Am J Enol Vitic 60 (1):35‐42 IFV, INRA, Montpellier‐SupAgro, Viniflhor (2007) Catalogue des variétés et clones de vigne cultivés en France. 2 edn. Institut Français de la Vigne et du Vin, Le Grau‐du‐Roi Kiss E, Kozma P, Halasz G, Molnar S, Galbacs Z, Hoffmann S, Veres A, Galli Z, Szokel A, Heszky L Pedigree of Carpathian basin and Hungarian grapevine cultivars based on microsatellite analysis. In: Peterlunger E, Di Gaspero G, Cipriani G (eds) Proceedings of the 9th International Conference on Grape Genetics and Breeding, Udine, 2006. Acta Hort, pp 221‐224 Lacombe T, Boursiquot JM, Laucou V, Dechesne F, Vares D, This P (2007) Relationships and genetic diversity within the accessions related to Malvasia held in the Domaine de Vassal grape germplasm repository. Am J Enol Vitic 58 (1):124‐131 Lacombe T, Laucou V, Di Vecchi Staraz M, This P, Boursiquot JM (in press) Genealogy investigation in over 2300 grapevine cultivars (Vitis vinifera). In: Owens C, Garris A, Reich B (eds) Proceedings of the 10th International Conference on Grapevine Genetics and Breeding, Geneva NY, 2010. Acta Hort, p (in press) Maitti C, Andreani L, Geuna F, Brancadoro L, Scienza A (2009) Genetic characterization of Vitis vinifera accessions cultivated in Sicily (Italy). In: Peterlunger E, Di Gaspero G, Cipriani G (eds) Proceedings of the 9th International Conference on Grape Genetics and Breeding, Udine, 2006. vol 827. Acta Hort, Leuven, pp 177‐182 Meredith CP, Bowers JE, Riaz S, Handley V, Bandman EB, Dangl GS (1999) The identity and parentage of the variety known in California as Petite Sirah. Am J Enol Vitic 50 (3):236‐242 Myles S, Boyko AR, Owens CL, Brown PJ, Grassi F, Aradhya MK, Prins B, Reynolds A, Chia J‐M, Ware D, Bustamante CD, Buckler ES (2011) Genetic structure and domestication history of the grape. Proc Natl Acad Sci U S A 108 (9):3530‐3535. doi:10.1073/pnas.1009363108 Regner F, Eisenheld C, Kaserer H, Stadlbauer A (2001) Further analyses for identification of grapevine by means of genetic markers (Weitere Sortenanalysen bei Rebe mittels genetischer Marker.). Mitt Klosterneuburg 51 (1):3‐14 Regner F, Sefc K, Glossl J, Steinkellner H (2000) Parentage analysis and pedigree reconstruction of vine cultivars using microsatellite markers. In: Bouquet A, Boursiquot J‐M (eds) Proceedings of the 7th International Symposium on Grapevine Genetics and Breeding, Montpellier, 1998a. Acta Hort, Leuven, pp 133‐138 Regner F, Stadelhuber A, Eisenheld C (1998b) Heunisch x Fränkisch, an important gene reservoir for European grapevines (Vitis vinifera L. sativa). Vitic Enol Sci 53:114‐118 Regner F, Stadlhuber A, Eisenheld C, Kaserer H Considerations about the evolution of grapevine and the role of Traminer. In: Bouquet A, Boursiquot JM (eds) Proceedings of the 7th International Symposium on Grapevine Genetics and Breeding, Montpellier, 1998c. Acta Hort, pp 177‐181 Riahi L, Zoghlami N, El‐Heit K, Laucou V, Le Cunff L, Boursiquot J, Lacombe T, Mliki A, Ghorbel A, This P (2010) Genetic structure and differentiation among grapevines (Vitis vinifera) accessions from Maghreb region. Genetic Resources and Crop Evolution 57 (2):255‐272 Schneider A, Marinoni DT, Crespan M (2008) Genetics and ampelography trace the origin of Muscat fleur d'oranger. Am J Enol Vitic 59 (2):200‐204 Sefc KM, Steinkellner H, Glossl J, Kampfer S, Regner F (1998) Reconstruction of a grapevine pedigree by microsatellite analysis. Theor Appl Genet 97 (1‐2):227‐231 Sefc KM, Steinkellner H, Wagner HW, Glossl J, Regner F (1997) Application of microsatellite markers to parentage studies in grapevine. Vitis 36 (4):179‐183 Tapia AM, Cabezas JA, Cabello F, Lacombe T, Martinez‐Zapater JM, Hinrichsen P, Cervera MT (2007) Determining the Spanish origin of representative ancient American grapevine varieties. Am J Enol Vitic 58 (2):242‐251 Thomas MR, Cain P, Scott NS (1994) DNA typing of grapevines, a universal methodology and database for describing cultivars and evaluating genetic relatedness. Plant Mol Biol 25 (6):939‐949. doi:10.1007/bf00014668 Vargas AM, Andres MTd, Borrego J, Ibanez J (2009) Pedigrees of fifty table‐grape cultivars. Am J Enol Vitic 60 (4):525‐532 Vouillamoz JF, Grando MS (2006) Genealogy of wine grape cultivars: Pinot is related to Syrah. Heredity 97 (2):102‐110 Vouillamoz JF, Monaco A, Costantini L, Stefanini M, Scienza A, Grando MS (2007) The parentage of Sangiovese, the most important Italian wine grape. Vitis 46:19‐22 Zulini L, Russo M, Peterlunger E (2002) Genotyping wine and table grape cultivars from Apulia (Southern Italy) using microsatellite markers. Vitis 41 (4):183‐187 | nSSR: 20/0"
