child_variety,parent_variety,parent_role,evidence_type,marker_type,n_markers,lod_score,study_reference,doi,confirmed_year,confidence_level,notes
Alicante (false),Cannonau (Garnacha tinta),,SNP (Vitis18K),SNP,~18000,3023.0,Lacombe & Emanuelli et al. 2020,10.3389/fpls.2020.605934,2021,confirmed,LOD=3023; Mendelian errors=2 (7.0% if 0.07 else 0%); Section A
Alicante (false),Lucignola,,SNP (Vitis18K),SNP,~18000,3023.0,Lacombe & Emanuelli et al. 2020,10.3389/fpls.2020.605934,2021,confirmed,LOD=3023; Mendelian errors=2 (7.0% if 0.07 else 0%); Section A
Casavecchia,Guarnaccia (false),,SNP (Vitis18K),SNP,~18000,3083.0,Lacombe & Emanuelli et al. 2020,10.3389/fpls.2020.605934,2021,confirmed,LOD=3083; Mendelian errors=0 (0.0% if 0 else 0%); Section A
Casavecchia,Malvasia bianca di Candia,,SNP (Vitis18K),SNP,~18000,3083.0,Lacombe & Emanuelli et al. 2020,10.3389/fpls.2020.605934,2021,confirmed,LOD=3083; Mendelian errors=0 (0.0% if 0 else 0%); Section A
Centesimino,Moscato violetto (Muscat rouge de Madère),,SNP (Vitis18K),SNP,~18000,3011.0,Lacombe & Emanuelli et al. 2020,10.3389/fpls.2020.605934,2021,confirmed,LOD=3011; Mendelian errors=0 (0.0% if 0 else 0%); Section A
Centesimino,Sangiovese,,SNP (Vitis18K),SNP,~18000,3011.0,Lacombe & Emanuelli et al. 2020,10.3389/fpls.2020.605934,2021,confirmed,LOD=3011; Mendelian errors=0 (0.0% if 0 else 0%); Section A
Giosana,Strinto porcino,,SNP (Vitis18K),SNP,~18000,3011.0,Lacombe & Emanuelli et al. 2020,10.3389/fpls.2020.605934,2021,confirmed,LOD=3011; Mendelian errors=0 (0.0% if 0 else 0%); Section A
Giosana,Visparola,,SNP (Vitis18K),SNP,~18000,3011.0,Lacombe & Emanuelli et al. 2020,10.3389/fpls.2020.605934,2021,confirmed,LOD=3011; Mendelian errors=0 (0.0% if 0 else 0%); Section A
Grilla,Strinto porcino,,SNP (Vitis18K),SNP,~18000,3010.0,Lacombe & Emanuelli et al. 2020,10.3389/fpls.2020.605934,2021,confirmed,LOD=3010; Mendelian errors=0 (0.0% if 0 else 0%); Section A
Grilla,Visparola,,SNP (Vitis18K),SNP,~18000,3010.0,Lacombe & Emanuelli et al. 2020,10.3389/fpls.2020.605934,2021,confirmed,LOD=3010; Mendelian errors=0 (0.0% if 0 else 0%); Section A
Iusana,Strinto porcino,,SNP (Vitis18K),SNP,~18000,3010.0,Lacombe & Emanuelli et al. 2020,10.3389/fpls.2020.605934,2021,confirmed,LOD=3010; Mendelian errors=0 (0.0% if 0 else 0%); Section A
Iusana,Visparola,,SNP (Vitis18K),SNP,~18000,3010.0,Lacombe & Emanuelli et al. 2020,10.3389/fpls.2020.605934,2021,confirmed,LOD=3010; Mendelian errors=0 (0.0% if 0 else 0%); Section A
Ladikino,Albanello,,SNP (Vitis18K),SNP,~18000,3429.0,Lacombe & Emanuelli et al. 2020,10.3389/fpls.2020.605934,2021,confirmed,LOD=3429; Mendelian errors=1 (3.0% if 0.03 else 0%); Section A
Ladikino,Assouad karech,,SNP (Vitis18K),SNP,~18000,3429.0,Lacombe & Emanuelli et al. 2020,10.3389/fpls.2020.605934,2021,confirmed,LOD=3429; Mendelian errors=1 (3.0% if 0.03 else 0%); Section A
Lievuso,Mantonico bianco,,SNP (Vitis18K),SNP,~18000,3045.0,Lacombe & Emanuelli et al. 2020,10.3389/fpls.2020.605934,2021,confirmed,LOD=3045; Mendelian errors=2 (7.0% if 0.07 else 0%); Section A
Lievuso,Sangiovese,,SNP (Vitis18K),SNP,~18000,3045.0,Lacombe & Emanuelli et al. 2020,10.3389/fpls.2020.605934,2021,confirmed,LOD=3045; Mendelian errors=2 (7.0% if 0.07 else 0%); Section A
Malvasia nera di Basilicata,Malvasia bianca lunga,,SNP (Vitis18K),SNP,~18000,3263.0,Lacombe & Emanuelli et al. 2020,10.3389/fpls.2020.605934,2021,confirmed,LOD=3263; Mendelian errors=0 (0.0% if 0 else 0%); Section A
Malvasia nera di Basilicata,Somarello,,SNP (Vitis18K),SNP,~18000,3263.0,Lacombe & Emanuelli et al. 2020,10.3389/fpls.2020.605934,2021,confirmed,LOD=3263; Mendelian errors=0 (0.0% if 0 else 0%); Section A
Occhi di Lepre,Mantonico bianco,,SNP (Vitis18K),SNP,~18000,3047.0,Lacombe & Emanuelli et al. 2020,10.3389/fpls.2020.605934,2021,confirmed,LOD=3047; Mendelian errors=3 (10.0% if 0.1 else 0%); Section A
Occhi di Lepre,Sangiovese,,SNP (Vitis18K),SNP,~18000,3047.0,Lacombe & Emanuelli et al. 2020,10.3389/fpls.2020.605934,2021,confirmed,LOD=3047; Mendelian errors=3 (10.0% if 0.1 else 0%); Section A
Sanguinella,Bombino bianco,,SNP (Vitis18K),SNP,~18000,3235.0,Lacombe & Emanuelli et al. 2020,10.3389/fpls.2020.605934,2021,confirmed,LOD=3235; Mendelian errors=0 (0.0% if 0 else 0%); Section A
Sanguinella,Mostosa,,SNP (Vitis18K),SNP,~18000,3235.0,Lacombe & Emanuelli et al. 2020,10.3389/fpls.2020.605934,2021,confirmed,LOD=3235; Mendelian errors=0 (0.0% if 0 else 0%); Section A
Signurina,Sultanina,,SNP (Vitis18K),SNP,~18000,3365.0,Lacombe & Emanuelli et al. 2020,10.3389/fpls.2020.605934,2021,confirmed,LOD=3365; Mendelian errors=3 (9.0% if 0.09 else 0%); Section A
Signurina,Zibibbo (Moscato d'Alessandria),,SNP (Vitis18K),SNP,~18000,3365.0,Lacombe & Emanuelli et al. 2020,10.3389/fpls.2020.605934,2021,confirmed,LOD=3365; Mendelian errors=3 (9.0% if 0.09 else 0%); Section A
Zagarese,Negro amaro,,SNP (Vitis18K),SNP,~18000,3009.0,Lacombe & Emanuelli et al. 2020,10.3389/fpls.2020.605934,2021,confirmed,LOD=3009; Mendelian errors=0 (0.0% if 0 else 0%); Section A
Zagarese,Kosinjot,,SNP (Vitis18K),SNP,~18000,3009.0,Lacombe & Emanuelli et al. 2020,10.3389/fpls.2020.605934,2021,confirmed,LOD=3009; Mendelian errors=0 (0.0% if 0 else 0%); Section A
Carricante,Strinto porcino,,SNP (Vitis18K),SNP,~18000,3011.0,Lacombe & Emanuelli et al. 2020,10.3389/fpls.2020.605934,2021,disputed,"LOD=3011; Mendelian errors=0 (0.0% if 0 else 0%); Section B; Remarks: Invalidation of Cipriani et al., 2010 (Carricante was reported as a cross of 'Montonico pinto' and 'Scacco'; 'Scacco' is a synonym of 'Visparola')"
Carricante,Visparola,,SNP (Vitis18K),SNP,~18000,3011.0,Lacombe & Emanuelli et al. 2020,10.3389/fpls.2020.605934,2021,disputed,"LOD=3011; Mendelian errors=0 (0.0% if 0 else 0%); Section B; Remarks: Invalidation of Cipriani et al., 2010 (Carricante was reported as a cross of 'Montonico pinto' and 'Scacco'; 'Scacco' is a synonym of 'Visparola')"
Celtica,Chardonnay,,SNP (Vitis18K),SNP,~18000,2939.0,Lacombe & Emanuelli et al. 2020,10.3389/fpls.2020.605934,2021,confirmed,LOD=2939; Mendelian errors=2 (7.0% if 0.07 else 0%); Section C; Remarks: confirmation of breeder's data
Celtica,Riesling italico,,SNP (Vitis18K),SNP,~18000,2939.0,Lacombe & Emanuelli et al. 2020,10.3389/fpls.2020.605934,2021,confirmed,LOD=2939; Mendelian errors=2 (7.0% if 0.07 else 0%); Section C; Remarks: confirmation of breeder's data
Ervi,Barbera,,SNP (Vitis18K),SNP,~18000,2960.0,Lacombe & Emanuelli et al. 2020,10.3389/fpls.2020.605934,2021,confirmed,"LOD=2960; Mendelian errors=1 (3.0% if 0.03 else 0%); Section C; Remarks: confirmation of breeder's data; reported in VIVC, but not confirmed by markers"
Ervi,Croatina,,SNP (Vitis18K),SNP,~18000,2960.0,Lacombe & Emanuelli et al. 2020,10.3389/fpls.2020.605934,2021,confirmed,"LOD=2960; Mendelian errors=1 (3.0% if 0.03 else 0%); Section C; Remarks: confirmation of breeder's data; reported in VIVC, but not confirmed by markers"
San Lorenzo,Cabernet sauvignon,,SNP (Vitis18K),SNP,~18000,2908.0,Lacombe & Emanuelli et al. 2020,10.3389/fpls.2020.605934,2021,confirmed,LOD=2908; Mendelian errors=1 (3.0% if 0.03 else 0%); Section C; Remarks: confirmation of breeder's data
San Lorenzo,Trebbiano toscano,,SNP (Vitis18K),SNP,~18000,2908.0,Lacombe & Emanuelli et al. 2020,10.3389/fpls.2020.605934,2021,confirmed,LOD=2908; Mendelian errors=1 (3.0% if 0.03 else 0%); Section C; Remarks: confirmation of breeder's data
Caprugnone,Abello,,SNP (Vitis18K),SNP,~18000,2859.0,Lacombe & Emanuelli et al. 2020,10.3389/fpls.2020.605934,2021,confirmed,"LOD=2859; Mendelian errors=0 (0.0% if 0 else 0%); Section C; Remarks: confirmation of one of two possible pedigrees proposed by Cipriani et al., 2010"
Caprugnone,Termarina (Sciaccarello),,SNP (Vitis18K),SNP,~18000,2859.0,Lacombe & Emanuelli et al. 2020,10.3389/fpls.2020.605934,2021,confirmed,"LOD=2859; Mendelian errors=0 (0.0% if 0 else 0%); Section C; Remarks: confirmation of one of two possible pedigrees proposed by Cipriani et al., 2010"
Aetonychi mavro,Heptakilo,,SNP (Vitis18K),SNP,~18000,3547.0,Lacombe & Emanuelli et al. 2020,10.3389/fpls.2020.605934,2021,probable,"LOD=3547; Mendelian errors=1 (3.0% if 0.03 else 0%); Section D; Remarks: Lacombe et al., 2013"
Aetonychi mavro,Kontegalo,,SNP (Vitis18K),SNP,~18000,3547.0,Lacombe & Emanuelli et al. 2020,10.3389/fpls.2020.605934,2021,probable,"LOD=3547; Mendelian errors=1 (3.0% if 0.03 else 0%); Section D; Remarks: Lacombe et al., 2013"
Ag isioum,Grozelmtevana Institutis,,SNP (Vitis18K),SNP,~18000,3338.0,Lacombe & Emanuelli et al. 2020,10.3389/fpls.2020.605934,2021,probable,"LOD=3338; Mendelian errors=1 (3.0% if 0.03 else 0%); Section D; Remarks: Laucou et al., 2018"
Ag isioum,Koz uzyum,,SNP (Vitis18K),SNP,~18000,3338.0,Lacombe & Emanuelli et al. 2020,10.3389/fpls.2020.605934,2021,probable,"LOD=3338; Mendelian errors=1 (3.0% if 0.03 else 0%); Section D; Remarks: Laucou et al., 2018"
Agua santa,Camarate,,SNP (Vitis18K),SNP,~18000,3251.0,Lacombe & Emanuelli et al. 2020,10.3389/fpls.2020.605934,2021,probable,"LOD=3251; Mendelian errors=0 (0.0% if 0 else 0%); Section D; Remarks: Lacombe et al., 2013; Zinelabidine et al., 2012"
Agua santa,Castellana blanca,,SNP (Vitis18K),SNP,~18000,3251.0,Lacombe & Emanuelli et al. 2020,10.3389/fpls.2020.605934,2021,probable,"LOD=3251; Mendelian errors=0 (0.0% if 0 else 0%); Section D; Remarks: Lacombe et al., 2013; Zinelabidine et al., 2012"
Ain el Bouma,Olivette blanche,,SNP (Vitis18K),SNP,~18000,3132.0,Lacombe & Emanuelli et al. 2020,10.3389/fpls.2020.605934,2021,probable,"LOD=3132; Mendelian errors=1 (3.0% if 0.03 else 0%); Section D; Remarks: Lacombe et al., 2013"
Ain el Bouma,Trebbiano toscano,,SNP (Vitis18K),SNP,~18000,3132.0,Lacombe & Emanuelli et al. 2020,10.3389/fpls.2020.605934,2021,probable,"LOD=3132; Mendelian errors=1 (3.0% if 0.03 else 0%); Section D; Remarks: Lacombe et al., 2013"
Alarije,Folha de figueira,,SNP (Vitis18K),SNP,~18000,3006.0,Lacombe & Emanuelli et al. 2020,10.3389/fpls.2020.605934,2021,probable,"LOD=3006; Mendelian errors=1 (3.0% if 0.03 else 0%); Section D; Remarks: Lacombe et al., 2013"
Alarije,Heben,,SNP (Vitis18K),SNP,~18000,3006.0,Lacombe & Emanuelli et al. 2020,10.3389/fpls.2020.605934,2021,probable,"LOD=3006; Mendelian errors=1 (3.0% if 0.03 else 0%); Section D; Remarks: Lacombe et al., 2013"
Albarossa,Chatus,,SNP (Vitis18K),SNP,~18000,2851.0,Lacombe & Emanuelli et al. 2020,10.3389/fpls.2020.605934,2021,probable,"LOD=2851; Mendelian errors=0 (0.0% if 0 else 0%); Section D; Remarks: Unvalidation of breeder's data by Raimondi et al., 2017"
Albarossa,Barbera,,SNP (Vitis18K),SNP,~18000,2851.0,Lacombe & Emanuelli et al. 2020,10.3389/fpls.2020.605934,2021,probable,"LOD=2851; Mendelian errors=0 (0.0% if 0 else 0%); Section D; Remarks: Unvalidation of breeder's data by Raimondi et al., 2017"
Albillo de Grenada,Folha de figueira,,SNP (Vitis18K),SNP,~18000,3006.0,Lacombe & Emanuelli et al. 2020,10.3389/fpls.2020.605934,2021,probable,"LOD=3006; Mendelian errors=0 (0.0% if 0 else 0%); Section D; Remarks: Laucou et al., 2018"
Albillo de Grenada,Heben,,SNP (Vitis18K),SNP,~18000,3006.0,Lacombe & Emanuelli et al. 2020,10.3389/fpls.2020.605934,2021,probable,"LOD=3006; Mendelian errors=0 (0.0% if 0 else 0%); Section D; Remarks: Laucou et al., 2018"
Alicante Bouschet,Cannonau (Garnacha tinta),,SNP (Vitis18K),SNP,~18000,3003.0,Lacombe & Emanuelli et al. 2020,10.3389/fpls.2020.605934,2021,probable,"LOD=3003; Mendelian errors=2 (7.0% if 0.07 else 0%); Section D; Remarks: Cabezas et al., 2003; Cipriani et al., 2010; Lacombe et al., 2013; Laucou et al., 2018"
Alicante Bouschet,Petit Bouschet,,SNP (Vitis18K),SNP,~18000,3003.0,Lacombe & Emanuelli et al. 2020,10.3389/fpls.2020.605934,2021,probable,"LOD=3003; Mendelian errors=2 (7.0% if 0.07 else 0%); Section D; Remarks: Cabezas et al., 2003; Cipriani et al., 2010; Lacombe et al., 2013; Laucou et al., 2018"
Allaren,Alfrocheiro preto,,SNP (Vitis18K),SNP,~18000,2669.0,Lacombe & Emanuelli et al. 2020,10.3389/fpls.2020.605934,2021,probable,"LOD=2669; Mendelian errors=0 (0.0% if 0 else 0%); Section D; Remarks: Cunha et al., 2015; Zinelabidine et al., 2015"
Allaren,Heben,,SNP (Vitis18K),SNP,~18000,2669.0,Lacombe & Emanuelli et al. 2020,10.3389/fpls.2020.605934,2021,probable,"LOD=2669; Mendelian errors=0 (0.0% if 0 else 0%); Section D; Remarks: Cunha et al., 2015; Zinelabidine et al., 2015"
Alphonse Lavallee,Dodrelyabi,,SNP (Vitis18K),SNP,~18000,3060.0,Lacombe & Emanuelli et al. 2020,10.3389/fpls.2020.605934,2021,probable,"LOD=3060; Mendelian errors=1 (3.0% if 0.03 else 0%); Section D; Remarks: Lacombe et al., 2013"
Alphonse Lavallee,Moscato d'Amburgo,,SNP (Vitis18K),SNP,~18000,3060.0,Lacombe & Emanuelli et al. 2020,10.3389/fpls.2020.605934,2021,probable,"LOD=3060; Mendelian errors=1 (3.0% if 0.03 else 0%); Section D; Remarks: Lacombe et al., 2013"
Aragatzi,Khusaine belyi,,SNP (Vitis18K),SNP,~18000,3387.0,Lacombe & Emanuelli et al. 2020,10.3389/fpls.2020.605934,2021,probable,"LOD=3387; Mendelian errors=1 (3.0% if 0.03 else 0%); Section D; Remarks: confirmation of breeder's data by Lacombe et al., 2013"
Aragatzi,Sultanina,,SNP (Vitis18K),SNP,~18000,3387.0,Lacombe & Emanuelli et al. 2020,10.3389/fpls.2020.605934,2021,probable,"LOD=3387; Mendelian errors=1 (3.0% if 0.03 else 0%); Section D; Remarks: confirmation of breeder's data by Lacombe et al., 2013"
Aramon,Heunisch Weiss,,SNP (Vitis18K),SNP,~18000,3070.0,Lacombe & Emanuelli et al. 2020,10.3389/fpls.2020.605934,2021,probable,"LOD=3070; Mendelian errors=1 (3.0% if 0.03 else 0%); Section D; Remarks: Lacombe et al., 2013"
Aramon,Ouliven,,SNP (Vitis18K),SNP,~18000,3070.0,Lacombe & Emanuelli et al. 2020,10.3389/fpls.2020.605934,2021,probable,"LOD=3070; Mendelian errors=1 (3.0% if 0.03 else 0%); Section D; Remarks: Lacombe et al., 2013"
Attika seedless,Alphonse Lavallee,,SNP (Vitis18K),SNP,~18000,3329.0,Lacombe & Emanuelli et al. 2020,10.3389/fpls.2020.605934,2021,probable,"LOD=3329; Mendelian errors=1 (3.0% if 0.03 else 0%); Section D; Remarks: confirmation of breeder's data by Lacombe et al., 2013"
Attika seedless,Black monukka,,SNP (Vitis18K),SNP,~18000,3329.0,Lacombe & Emanuelli et al. 2020,10.3389/fpls.2020.605934,2021,probable,"LOD=3329; Mendelian errors=1 (3.0% if 0.03 else 0%); Section D; Remarks: confirmation of breeder's data by Lacombe et al., 2013"
Augster blau,Augster weiss,,SNP (Vitis18K),SNP,~18000,3243.0,Lacombe & Emanuelli et al. 2020,10.3389/fpls.2020.605934,2021,probable,"LOD=3243; Mendelian errors=0 (0.0% if 0 else 0%); Section D; Remarks: Lacombe et al., 2013"
Augster blau,Vulpea,,SNP (Vitis18K),SNP,~18000,3243.0,Lacombe & Emanuelli et al. 2020,10.3389/fpls.2020.605934,2021,probable,"LOD=3243; Mendelian errors=0 (0.0% if 0 else 0%); Section D; Remarks: Lacombe et al., 2013"
Augster weiss,Alba imputotato,,SNP (Vitis18K),SNP,~18000,3243.0,Lacombe & Emanuelli et al. 2020,10.3389/fpls.2020.605934,2021,probable,"LOD=3243; Mendelian errors=1 (3.0% if 0.03 else 0%); Section D; Remarks: Lacombe et al., 2013; Laucou et al., 2018"
Augster weiss,Lisztes feher,,SNP (Vitis18K),SNP,~18000,3243.0,Lacombe & Emanuelli et al. 2020,10.3389/fpls.2020.605934,2021,probable,"LOD=3243; Mendelian errors=1 (3.0% if 0.03 else 0%); Section D; Remarks: Lacombe et al., 2013; Laucou et al., 2018"
Balouti (Abbaye de Latroun),Cannonau (Garnacha tinta),,SNP (Vitis18K),SNP,~18000,2983.0,Lacombe & Emanuelli et al. 2020,10.3389/fpls.2020.605934,2021,probable,"LOD=2983; Mendelian errors=0 (0.0% if 0 else 0%); Section D; Remarks: Lacombe et al., 2013"
Balouti (Abbaye de Latroun),Trebbiano toscano,,SNP (Vitis18K),SNP,~18000,2983.0,Lacombe & Emanuelli et al. 2020,10.3389/fpls.2020.605934,2021,probable,"LOD=2983; Mendelian errors=0 (0.0% if 0 else 0%); Section D; Remarks: Lacombe et al., 2013"
Basilikum,Chasselas,,SNP (Vitis18K),SNP,~18000,3000.0,Lacombe & Emanuelli et al. 2020,10.3389/fpls.2020.605934,2021,probable,"LOD=3000; Mendelian errors=0 (0.0% if 0 else 0%); Section D; Remarks: Lacombe et al., 2013"
Basilikum,Pinot,,SNP (Vitis18K),SNP,~18000,3000.0,Lacombe & Emanuelli et al. 2020,10.3389/fpls.2020.605934,2021,probable,"LOD=3000; Mendelian errors=0 (0.0% if 0 else 0%); Section D; Remarks: Lacombe et al., 2013"
Bastardo espanhol,Heben,,SNP (Vitis18K),SNP,~18000,2828.0,Lacombe & Emanuelli et al. 2020,10.3389/fpls.2020.605934,2021,probable,"LOD=2828; Mendelian errors=0 (0.0% if 0 else 0%); Section D; Remarks: Lacombe et al., 2013"
Bastardo espanhol,Trousseau noir,,SNP (Vitis18K),SNP,~18000,2828.0,Lacombe & Emanuelli et al. 2020,10.3389/fpls.2020.605934,2021,probable,"LOD=2828; Mendelian errors=0 (0.0% if 0 else 0%); Section D; Remarks: Lacombe et al., 2013"
Bastardo Magaratchskii,Saperavi,,SNP (Vitis18K),SNP,~18000,3124.0,Lacombe & Emanuelli et al. 2020,10.3389/fpls.2020.605934,2021,probable,"LOD=3124; Mendelian errors=0 (0.0% if 0 else 0%); Section D; Remarks: Lacombe et al., 2013"
Bastardo Magaratchskii,Trousseau noir,,SNP (Vitis18K),SNP,~18000,3124.0,Lacombe & Emanuelli et al. 2020,10.3389/fpls.2020.605934,2021,probable,"LOD=3124; Mendelian errors=0 (0.0% if 0 else 0%); Section D; Remarks: Lacombe et al., 2013"
Bezoul el Aouda,Abouhou,,SNP (Vitis18K),SNP,~18000,3415.0,Lacombe & Emanuelli et al. 2020,10.3389/fpls.2020.605934,2021,probable,"LOD=3415; Mendelian errors=1 (3.0% if 0.03 else 0%); Section D; Remarks: Lacombe et al., 2013"
Bezoul el Aouda,Dedo de Dama,,SNP (Vitis18K),SNP,~18000,3415.0,Lacombe & Emanuelli et al. 2020,10.3389/fpls.2020.605934,2021,probable,"LOD=3415; Mendelian errors=1 (3.0% if 0.03 else 0%); Section D; Remarks: Lacombe et al., 2013"
Black monukka,Ichkimar,,SNP (Vitis18K),SNP,~18000,3489.0,Lacombe & Emanuelli et al. 2020,10.3389/fpls.2020.605934,2021,probable,"LOD=3489; Mendelian errors=2 (6.0% if 0.06 else 0%); Section D; Remarks: Lacombe et al., 2013"
Black monukka,Sultanina,,SNP (Vitis18K),SNP,~18000,3489.0,Lacombe & Emanuelli et al. 2020,10.3389/fpls.2020.605934,2021,probable,"LOD=3489; Mendelian errors=2 (6.0% if 0.06 else 0%); Section D; Remarks: Lacombe et al., 2013"
Bombino nero,Bombino bianco,,SNP (Vitis18K),SNP,~18000,3100.0,Lacombe & Emanuelli et al. 2020,10.3389/fpls.2020.605934,2021,probable,"LOD=3100; Mendelian errors=0 (0.0% if 0 else 0%); Section D; Remarks: Bergamini et al., 2016"
Bombino nero,Quagliano (Bouteillan),,SNP (Vitis18K),SNP,~18000,3100.0,Lacombe & Emanuelli et al. 2020,10.3389/fpls.2020.605934,2021,probable,"LOD=3100; Mendelian errors=0 (0.0% if 0 else 0%); Section D; Remarks: Bergamini et al., 2016"
Brachetto Migliardi,Lambrusca di Alessandria,,SNP (Vitis18K),SNP,~18000,2938.0,Lacombe & Emanuelli et al. 2020,10.3389/fpls.2020.605934,2021,probable,"LOD=2938; Mendelian errors=2 (7.0% if 0.07 else 0%); Section D; Remarks: Ruffa et al., 2016"
Brachetto Migliardi,Malvasia aromatica di Parma,,SNP (Vitis18K),SNP,~18000,2938.0,Lacombe & Emanuelli et al. 2020,10.3389/fpls.2020.605934,2021,probable,"LOD=2938; Mendelian errors=2 (7.0% if 0.07 else 0%); Section D; Remarks: Ruffa et al., 2016"
Bussanello,Furmint,,SNP (Vitis18K),SNP,~18000,2991.0,Lacombe & Emanuelli et al. 2020,10.3389/fpls.2020.605934,2021,probable,LOD=2991; Mendelian errors=0 (0.0% if 0 else 0%); Section D; Remarks: Raimondi et al.2017
Bussanello,Riesling italico,,SNP (Vitis18K),SNP,~18000,2991.0,Lacombe & Emanuelli et al. 2020,10.3389/fpls.2020.605934,2021,probable,LOD=2991; Mendelian errors=0 (0.0% if 0 else 0%); Section D; Remarks: Raimondi et al.2017
Cabernet sauvignon,Cabernet franc,,SNP (Vitis18K),SNP,~18000,2633.0,Lacombe & Emanuelli et al. 2020,10.3389/fpls.2020.605934,2021,probable,"LOD=2633; Mendelian errors=2 (8.0% if 0.08 else 0%); Section D; Remarks: Bowers and Meredith, 1997; Sefc et al., 1997"
Cabernet sauvignon,Sauvignon blanc,,SNP (Vitis18K),SNP,~18000,2633.0,Lacombe & Emanuelli et al. 2020,10.3389/fpls.2020.605934,2021,probable,"LOD=2633; Mendelian errors=2 (8.0% if 0.08 else 0%); Section D; Remarks: Bowers and Meredith, 1997; Sefc et al., 1997"
Cainho,Alvarinho,,SNP (Vitis18K),SNP,~18000,3139.0,Lacombe & Emanuelli et al. 2020,10.3389/fpls.2020.605934,2021,probable,"LOD=3139; Mendelian errors=4 (13.0% if 0.13 else 0%); Section D; Remarks: Díaz-Losada et al., 2011; Lacombe et al., 2013"
Cainho,Amaral,,SNP (Vitis18K),SNP,~18000,3139.0,Lacombe & Emanuelli et al. 2020,10.3389/fpls.2020.605934,2021,probable,"LOD=3139; Mendelian errors=4 (13.0% if 0.13 else 0%); Section D; Remarks: Díaz-Losada et al., 2011; Lacombe et al., 2013"
Calabre,Bicane,,SNP (Vitis18K),SNP,~18000,3291.0,Lacombe & Emanuelli et al. 2020,10.3389/fpls.2020.605934,2021,probable,"LOD=3291; Mendelian errors=2 (6.0% if 0.06 else 0%); Section D; Remarks: Lacombe et al., 2013; Laucou et al., 2018"
Calabre,Moscato bianco,,SNP (Vitis18K),SNP,~18000,3291.0,Lacombe & Emanuelli et al. 2020,10.3389/fpls.2020.605934,2021,probable,"LOD=3291; Mendelian errors=2 (6.0% if 0.06 else 0%); Section D; Remarks: Lacombe et al., 2013; Laucou et al., 2018"
Camarate,Alfrocheiro preto,,SNP (Vitis18K),SNP,~18000,2844.0,Lacombe & Emanuelli et al. 2020,10.3389/fpls.2020.605934,2021,probable,"LOD=2844; Mendelian errors=0 (0.0% if 0 else 0%); Section D; Remarks: Zinelabidine et al., 2012; Lacombe et al., 2013; Cunha et al., 2015"
Camarate,Cayetana blanca,,SNP (Vitis18K),SNP,~18000,2844.0,Lacombe & Emanuelli et al. 2020,10.3389/fpls.2020.605934,2021,probable,"LOD=2844; Mendelian errors=0 (0.0% if 0 else 0%); Section D; Remarks: Zinelabidine et al., 2012; Lacombe et al., 2013; Cunha et al., 2015"
Cardinal,Alphonse Lavallee,,SNP (Vitis18K),SNP,~18000,3106.0,Lacombe & Emanuelli et al. 2020,10.3389/fpls.2020.605934,2021,probable,"LOD=3106; Mendelian errors=0 (0.0% if 0 else 0%); Section D; Remarks: Ibáñez et al., 2009; Cipriani et al., 2010; Lacombe et al., 2013; Laucou et al., 2018"
Cardinal,Muscat reine des vignes,,SNP (Vitis18K),SNP,~18000,3106.0,Lacombe & Emanuelli et al. 2020,10.3389/fpls.2020.605934,2021,probable,"LOD=3106; Mendelian errors=0 (0.0% if 0 else 0%); Section D; Remarks: Ibáñez et al., 2009; Cipriani et al., 2010; Lacombe et al., 2013; Laucou et al., 2018"
Carina (Australie),Sultanina,,SNP (Vitis18K),SNP,~18000,2876.0,Lacombe & Emanuelli et al. 2020,10.3389/fpls.2020.605934,2021,probable,"LOD=2876; Mendelian errors=1 (3.0% if 0.03 else 0%); Section D; Remarks: Lacombe et al., 2013"
Carina (Australie),Syrah,,SNP (Vitis18K),SNP,~18000,2876.0,Lacombe & Emanuelli et al. 2020,10.3389/fpls.2020.605934,2021,probable,"LOD=2876; Mendelian errors=1 (3.0% if 0.03 else 0%); Section D; Remarks: Lacombe et al., 2013"
Castelao,Alfrocheiro preto,,SNP (Vitis18K),SNP,~18000,2844.0,Lacombe & Emanuelli et al. 2020,10.3389/fpls.2020.605934,2021,probable,"LOD=2844; Mendelian errors=0 (0.0% if 0 else 0%); Section D; Remarks: Zinelabidine et al., 2012; Lacombe et al., 2013; Cunha et al., 2015"
Castelao,Cayetana blanca,,SNP (Vitis18K),SNP,~18000,2844.0,Lacombe & Emanuelli et al. 2020,10.3389/fpls.2020.605934,2021,probable,"LOD=2844; Mendelian errors=0 (0.0% if 0 else 0%); Section D; Remarks: Zinelabidine et al., 2012; Lacombe et al., 2013; Cunha et al., 2015"
Castets,Camaraou noir,,SNP (Vitis18K),SNP,~18000,3110.0,Lacombe & Emanuelli et al. 2020,10.3389/fpls.2020.605934,2021,probable,"LOD=3110; Mendelian errors=2 (6.0% if 0.06 else 0%); Section D; Remarks: Lacombe et al., 2013"
Castets,Gros Cabernet,,SNP (Vitis18K),SNP,~18000,3110.0,Lacombe & Emanuelli et al. 2020,10.3389/fpls.2020.605934,2021,probable,"LOD=3110; Mendelian errors=2 (6.0% if 0.06 else 0%); Section D; Remarks: Lacombe et al., 2013"
Catarratto bianco comune,Garganega,,SNP (Vitis18K),SNP,~18000,3314.0,Lacombe & Emanuelli et al. 2020,10.3389/fpls.2020.605934,2021,probable,"LOD=3314; Mendelian errors=0 (0.0% if 0 else 0%); Section D; Remarks: Crespan et al., 2017"
Catarratto bianco comune,Mantonico bianco,,SNP (Vitis18K),SNP,~18000,3314.0,Lacombe & Emanuelli et al. 2020,10.3389/fpls.2020.605934,2021,probable,"LOD=3314; Mendelian errors=0 (0.0% if 0 else 0%); Section D; Remarks: Crespan et al., 2017"
Cesar,Gaensfuesser blau,,SNP (Vitis18K),SNP,~18000,2936.0,Lacombe & Emanuelli et al. 2020,10.3389/fpls.2020.605934,2021,probable,"LOD=2936; Mendelian errors=1 (3.0% if 0.03 else 0%); Section D; Remarks: Lacombe et al., 2013"
Cesar,Pinot,,SNP (Vitis18K),SNP,~18000,2936.0,Lacombe & Emanuelli et al. 2020,10.3389/fpls.2020.605934,2021,probable,"LOD=2936; Mendelian errors=1 (3.0% if 0.03 else 0%); Section D; Remarks: Lacombe et al., 2013"
Chardonnay,Heunisch Weiss,,SNP (Vitis18K),SNP,~18000,2818.0,Lacombe & Emanuelli et al. 2020,10.3389/fpls.2020.605934,2021,probable,"LOD=2818; Mendelian errors=2 (7.0% if 0.07 else 0%); Section D; Remarks: Bowers et al., 2000 and 1999; Regner et al., 1998 and 2000; Lacombe et al., 2013"
Chardonnay,Pinot,,SNP (Vitis18K),SNP,~18000,2818.0,Lacombe & Emanuelli et al. 2020,10.3389/fpls.2020.605934,2021,probable,"LOD=2818; Mendelian errors=2 (7.0% if 0.07 else 0%); Section D; Remarks: Bowers et al., 2000 and 1999; Regner et al., 1998 and 2000; Lacombe et al., 2013"
Ciliegiolo,Moscato violetto (Muscat rouge de Madère),,SNP (Vitis18K),SNP,~18000,3011.0,Lacombe & Emanuelli et al. 2020,10.3389/fpls.2020.605934,2021,probable,"LOD=3011; Mendelian errors=1 (3.0% if 0.03 else 0%); Section D; Remarks: Di Vecchi Staraz et al., 2007"
Ciliegiolo,Sangiovese,,SNP (Vitis18K),SNP,~18000,3011.0,Lacombe & Emanuelli et al. 2020,10.3389/fpls.2020.605934,2021,probable,"LOD=3011; Mendelian errors=1 (3.0% if 0.03 else 0%); Section D; Remarks: Di Vecchi Staraz et al., 2007"
Colatamurro,Bombino bianco,,SNP (Vitis18K),SNP,~18000,3156.0,Lacombe & Emanuelli et al. 2020,10.3389/fpls.2020.605934,2021,probable,LOD=3156; Mendelian errors=0 (0.0% if 0 else 0%); Section D; Remarks: VIVC
Colatamurro,Verdone nero,,SNP (Vitis18K),SNP,~18000,3156.0,Lacombe & Emanuelli et al. 2020,10.3389/fpls.2020.605934,2021,probable,LOD=3156; Mendelian errors=0 (0.0% if 0 else 0%); Section D; Remarks: VIVC
Cornarea,Barbera,,SNP (Vitis18K),SNP,~18000,2851.0,Lacombe & Emanuelli et al. 2020,10.3389/fpls.2020.605934,2021,probable,"LOD=2851; Mendelian errors=0 (0.0% if 0 else 0%); Section D; Remarks: Raimondi et al., 2017 (Susumaniello)"
Cornarea,Chatus,,SNP (Vitis18K),SNP,~18000,2851.0,Lacombe & Emanuelli et al. 2020,10.3389/fpls.2020.605934,2021,probable,"LOD=2851; Mendelian errors=0 (0.0% if 0 else 0%); Section D; Remarks: Raimondi et al., 2017 (Susumaniello)"
Cornichon blanc (non identified),Bicane,,SNP (Vitis18K),SNP,~18000,3268.0,Lacombe & Emanuelli et al. 2020,10.3389/fpls.2020.605934,2021,probable,"LOD=3268; Mendelian errors=0 (0.0% if 0 else 0%); Section D; Remarks: Laucou et al., 2018"
Cornichon blanc (non identified),Chasselas,,SNP (Vitis18K),SNP,~18000,3268.0,Lacombe & Emanuelli et al. 2020,10.3389/fpls.2020.605934,2021,probable,"LOD=3268; Mendelian errors=0 (0.0% if 0 else 0%); Section D; Remarks: Laucou et al., 2018"
Cornifesto,Alfrocheiro preto,,SNP (Vitis18K),SNP,~18000,2844.0,Lacombe & Emanuelli et al. 2020,10.3389/fpls.2020.605934,2021,probable,"LOD=2844; Mendelian errors=0 (0.0% if 0 else 0%); Section D; Remarks: Zinelabidine et al., 2012; Lacombe et al., 2013; Cunha et al., 2015"
Cornifesto,Cayetana blanca,,SNP (Vitis18K),SNP,~18000,2844.0,Lacombe & Emanuelli et al. 2020,10.3389/fpls.2020.605934,2021,probable,"LOD=2844; Mendelian errors=0 (0.0% if 0 else 0%); Section D; Remarks: Zinelabidine et al., 2012; Lacombe et al., 2013; Cunha et al., 2015"
Criolla grande sanjuanina,Listan prieto,,SNP (Vitis18K),SNP,~18000,3098.0,Lacombe & Emanuelli et al. 2020,10.3389/fpls.2020.605934,2021,probable,"LOD=3098; Mendelian errors=1 (3.0% if 0.03 else 0%); Section D; Remarks: This et al., 2006; Tapia et al., 2007; Lacombe et al., 2013"
Criolla grande sanjuanina,Zibibbo (Moscato d'Alessandria),,SNP (Vitis18K),SNP,~18000,3098.0,Lacombe & Emanuelli et al. 2020,10.3389/fpls.2020.605934,2021,probable,"LOD=3098; Mendelian errors=1 (3.0% if 0.03 else 0%); Section D; Remarks: This et al., 2006; Tapia et al., 2007; Lacombe et al., 2013"
Datal,Afus ali,,SNP (Vitis18K),SNP,~18000,3325.0,Lacombe & Emanuelli et al. 2020,10.3389/fpls.2020.605934,2021,probable,"LOD=3325; Mendelian errors=1 (3.0% if 0.03 else 0%); Section D; Remarks: confirmation of breeder's data Lacombe et al., 2013; Laucou et al., 2018"
Datal,Zibibbo (Moscato d'Alessandria),,SNP (Vitis18K),SNP,~18000,3325.0,Lacombe & Emanuelli et al. 2020,10.3389/fpls.2020.605934,2021,probable,"LOD=3325; Mendelian errors=1 (3.0% if 0.03 else 0%); Section D; Remarks: confirmation of breeder's data Lacombe et al., 2013; Laucou et al., 2018"
Deckrot,Pinot,,SNP (Vitis18K),SNP,~18000,3415.0,Lacombe & Emanuelli et al. 2020,10.3389/fpls.2020.605934,2021,probable,"LOD=3415; Mendelian errors=0 (0.0% if 0 else 0%); Section D; Remarks: confirmation of breeder's data by Lacombe et al., 2013"
Deckrot,Teinturier,,SNP (Vitis18K),SNP,~18000,3415.0,Lacombe & Emanuelli et al. 2020,10.3389/fpls.2020.605934,2021,probable,"LOD=3415; Mendelian errors=0 (0.0% if 0 else 0%); Section D; Remarks: confirmation of breeder's data by Lacombe et al., 2013"
Dimiat,Coarna alba,,SNP (Vitis18K),SNP,~18000,3163.0,Lacombe & Emanuelli et al. 2020,10.3389/fpls.2020.605934,2021,probable,"LOD=3163; Mendelian errors=2 (6.0% if 0.06 else 0%); Section D; Remarks: Boursiquot et al., 2004; Lacombe et al., 2010; Lacombe et al., 2013"
Dimiat,Heunisch Weiss,,SNP (Vitis18K),SNP,~18000,3163.0,Lacombe & Emanuelli et al. 2020,10.3389/fpls.2020.605934,2021,probable,"LOD=3163; Mendelian errors=2 (6.0% if 0.06 else 0%); Section D; Remarks: Boursiquot et al., 2004; Lacombe et al., 2010; Lacombe et al., 2013"
Doight du neigne,Assoued kere,,SNP (Vitis18K),SNP,~18000,3723.0,Lacombe & Emanuelli et al. 2020,10.3389/fpls.2020.605934,2021,probable,"LOD=3723; Mendelian errors=1 (3.0% if 0.03 else 0%); Section D; Remarks: Lacombe et al., 2013"
Doight du neigne,Asswad Abou Khisle,,SNP (Vitis18K),SNP,~18000,3723.0,Lacombe & Emanuelli et al. 2020,10.3389/fpls.2020.605934,2021,probable,"LOD=3723; Mendelian errors=1 (3.0% if 0.03 else 0%); Section D; Remarks: Lacombe et al., 2013"
Domina,Pinot,,SNP (Vitis18K),SNP,~18000,2948.0,Lacombe & Emanuelli et al. 2020,10.3389/fpls.2020.605934,2021,probable,"LOD=2948; Mendelian errors=3 (10.0% if 0.1 else 0%); Section D; Remarks: Lacombe et al., 2013"
Domina,Portugais bleu,,SNP (Vitis18K),SNP,~18000,2948.0,Lacombe & Emanuelli et al. 2020,10.3389/fpls.2020.605934,2021,probable,"LOD=2948; Mendelian errors=3 (10.0% if 0.1 else 0%); Section D; Remarks: Lacombe et al., 2013"
Dona Maria,Afus ali,,SNP (Vitis18K),SNP,~18000,3325.0,Lacombe & Emanuelli et al. 2020,10.3389/fpls.2020.605934,2021,probable,"LOD=3325; Mendelian errors=1 (3.0% if 0.03 else 0%); Section D; Remarks: confirmation of breeder's data by Vargas et al., 2009; Lacombe et al., 2013; Laucou et al., 2018"
Dona Maria,Zibibbo (Moscato d'Alessandria),,SNP (Vitis18K),SNP,~18000,3325.0,Lacombe & Emanuelli et al. 2020,10.3389/fpls.2020.605934,2021,probable,"LOD=3325; Mendelian errors=1 (3.0% if 0.03 else 0%); Section D; Remarks: confirmation of breeder's data by Vargas et al., 2009; Lacombe et al., 2013; Laucou et al., 2018"
Dorona di Venezia,Bermestia bianca,,SNP (Vitis18K),SNP,~18000,3159.0,Lacombe & Emanuelli et al. 2020,10.3389/fpls.2020.605934,2021,probable,"LOD=3159; Mendelian errors=1 (3.0% if 0.03 else 0%); Section D; Remarks: Di Vecchi Staraz et al., 2007; Lacombe et al., 2013"
Dorona di Venezia,Garganega,,SNP (Vitis18K),SNP,~18000,3159.0,Lacombe & Emanuelli et al. 2020,10.3389/fpls.2020.605934,2021,probable,"LOD=3159; Mendelian errors=1 (3.0% if 0.03 else 0%); Section D; Remarks: Di Vecchi Staraz et al., 2007; Lacombe et al., 2013"
Douradinha,Alfrocheiro preto,,SNP (Vitis18K),SNP,~18000,2933.0,Lacombe & Emanuelli et al. 2020,10.3389/fpls.2020.605934,2021,probable,"LOD=2933; Mendelian errors=2 (7.0% if 0.07 else 0%); Section D; Remarks: Lacombe et al., 2013; Cunha et al., 2015"
Douradinha,Amaral,,SNP (Vitis18K),SNP,~18000,2933.0,Lacombe & Emanuelli et al. 2020,10.3389/fpls.2020.605934,2021,probable,"LOD=2933; Mendelian errors=2 (7.0% if 0.07 else 0%); Section D; Remarks: Lacombe et al., 2013; Cunha et al., 2015"
Ferral (Spain) = Uvallon,Breval negro,,SNP (Vitis18K),SNP,~18000,3017.0,Lacombe & Emanuelli et al. 2020,10.3389/fpls.2020.605934,2021,probable,"LOD=3017; Mendelian errors=0 (0.0% if 0 else 0%); Section D; Remarks: Laucou et al., 2018"
Ferral (Spain) = Uvallon,Heben,,SNP (Vitis18K),SNP,~18000,3017.0,Lacombe & Emanuelli et al. 2020,10.3389/fpls.2020.605934,2021,probable,"LOD=3017; Mendelian errors=0 (0.0% if 0 else 0%); Section D; Remarks: Laucou et al., 2018"
Flora,Semillon,,SNP (Vitis18K),SNP,~18000,3010.0,Lacombe & Emanuelli et al. 2020,10.3389/fpls.2020.605934,2021,probable,"LOD=3010; Mendelian errors=0 (0.0% if 0 else 0%); Section D; Remarks: Dangl, 2006; Lacombe et al., 2010; Myles et al., 2011; Lacombe et al., 2013"
Flora,Savagnin,,SNP (Vitis18K),SNP,~18000,3010.0,Lacombe & Emanuelli et al. 2020,10.3389/fpls.2020.605934,2021,probable,"LOD=3010; Mendelian errors=0 (0.0% if 0 else 0%); Section D; Remarks: Dangl, 2006; Lacombe et al., 2010; Myles et al., 2011; Lacombe et al., 2013"
Fogoneu,Escursach,,SNP (Vitis18K),SNP,~18000,2874.0,Lacombe & Emanuelli et al. 2020,10.3389/fpls.2020.605934,2021,probable,"LOD=2874; Mendelian errors=1 (3.0% if 0.03 else 0%); Section D; Remarks: García-Muñoz, 2011; Lacombe et al., 2013"
Fogoneu,Giro nero,,SNP (Vitis18K),SNP,~18000,2874.0,Lacombe & Emanuelli et al. 2020,10.3389/fpls.2020.605934,2021,probable,"LOD=2874; Mendelian errors=1 (3.0% if 0.03 else 0%); Section D; Remarks: García-Muñoz, 2011; Lacombe et al., 2013"
Fubiano,Furmint,,SNP (Vitis18K),SNP,~18000,3068.0,Lacombe & Emanuelli et al. 2020,10.3389/fpls.2020.605934,2021,probable,"LOD=3068; Mendelian errors=1 (3.0% if 0.03 else 0%); Section D; Remarks: Raimondi et al., 2017"
Fubiano,Trebbiano toscano,,SNP (Vitis18K),SNP,~18000,3068.0,Lacombe & Emanuelli et al. 2020,10.3389/fpls.2020.605934,2021,probable,"LOD=3068; Mendelian errors=1 (3.0% if 0.03 else 0%); Section D; Remarks: Raimondi et al., 2017"
Furmint,Alba imputotato,,SNP (Vitis18K),SNP,~18000,3159.0,Lacombe & Emanuelli et al. 2020,10.3389/fpls.2020.605934,2021,probable,"LOD=3159; Mendelian errors=1 (3.0% if 0.03 else 0%); Section D; Remarks: Lacombe et al., 2013; Laucou et al., 2018"
Furmint,Heunisch Weiss,,SNP (Vitis18K),SNP,~18000,3159.0,Lacombe & Emanuelli et al. 2020,10.3389/fpls.2020.605934,2021,probable,"LOD=3159; Mendelian errors=1 (3.0% if 0.03 else 0%); Section D; Remarks: Lacombe et al., 2013; Laucou et al., 2018"
Gaglioppo,Mantonico bianco,,SNP (Vitis18K),SNP,~18000,3043.0,Lacombe & Emanuelli et al. 2020,10.3389/fpls.2020.605934,2021,probable,"LOD=3043; Mendelian errors=1 (3.0% if 0.03 else 0%); Section D; Remarks: Cipriani et al., 2010"
Gaglioppo,Sangiovese,,SNP (Vitis18K),SNP,~18000,3043.0,Lacombe & Emanuelli et al. 2020,10.3389/fpls.2020.605934,2021,probable,"LOD=3043; Mendelian errors=1 (3.0% if 0.03 else 0%); Section D; Remarks: Cipriani et al., 2010"
Galotta,Ancellotta,,SNP (Vitis18K),SNP,~18000,2922.0,Lacombe & Emanuelli et al. 2020,10.3389/fpls.2020.605934,2021,probable,"LOD=2922; Mendelian errors=1 (3.0% if 0.03 else 0%); Section D; Remarks: Lacombe et al., 2013; Laucou et al., 2018"
Galotta,Gamay,,SNP (Vitis18K),SNP,~18000,2922.0,Lacombe & Emanuelli et al. 2020,10.3389/fpls.2020.605934,2021,probable,"LOD=2922; Mendelian errors=1 (3.0% if 0.03 else 0%); Section D; Remarks: Lacombe et al., 2013; Laucou et al., 2018"
Gamay,Heunisch Weiss,,SNP (Vitis18K),SNP,~18000,2818.0,Lacombe & Emanuelli et al. 2020,10.3389/fpls.2020.605934,2021,probable,"LOD=2818; Mendelian errors=1 (4.0% if 0.04 else 0%); Section D; Remarks: Bowers et al., 1999; Lacombe et al., 2013"
Gamay,Pinot,,SNP (Vitis18K),SNP,~18000,2818.0,Lacombe & Emanuelli et al. 2020,10.3389/fpls.2020.605934,2021,probable,"LOD=2818; Mendelian errors=1 (4.0% if 0.04 else 0%); Section D; Remarks: Bowers et al., 1999; Lacombe et al., 2013"
Garofana,Moscato violetto (Muscat rouge de Madère),,SNP (Vitis18K),SNP,~18000,3065.0,Lacombe & Emanuelli et al. 2020,10.3389/fpls.2020.605934,2021,probable,"LOD=3065; Mendelian errors=0 (0.0% if 0 else 0%); Section D; Remarks: Cipriani et al., 2010"
Garofana,Trebbiano toscano,,SNP (Vitis18K),SNP,~18000,3065.0,Lacombe & Emanuelli et al. 2020,10.3389/fpls.2020.605934,2021,probable,"LOD=3065; Mendelian errors=0 (0.0% if 0 else 0%); Section D; Remarks: Cipriani et al., 2010"
Garro,Heben,,SNP (Vitis18K),SNP,~18000,2868.0,Lacombe & Emanuelli et al. 2020,10.3389/fpls.2020.605934,2021,probable,"LOD=2868; Mendelian errors=0 (0.0% if 0 else 0%); Section D; Remarks: García-Muñoz, 2011; Lacombe et al., 2013; Zinelabidine et al., 2015"
Garro,Monastrell,,SNP (Vitis18K),SNP,~18000,2868.0,Lacombe & Emanuelli et al. 2020,10.3389/fpls.2020.605934,2021,probable,"LOD=2868; Mendelian errors=0 (0.0% if 0 else 0%); Section D; Remarks: García-Muñoz, 2011; Lacombe et al., 2013; Zinelabidine et al., 2015"
Gouveio,Castellana blanca,,SNP (Vitis18K),SNP,~18000,2798.0,Lacombe & Emanuelli et al. 2020,10.3389/fpls.2020.605934,2021,probable,"LOD=2798; Mendelian errors=0 (0.0% if 0 else 0%); Section D; Remarks: Lacombe et al., 2013"
Gouveio,Savagnin,,SNP (Vitis18K),SNP,~18000,2798.0,Lacombe & Emanuelli et al. 2020,10.3389/fpls.2020.605934,2021,probable,"LOD=2798; Mendelian errors=0 (0.0% if 0 else 0%); Section D; Remarks: Lacombe et al., 2013"
Grand noir,Monastrell,,SNP (Vitis18K),SNP,~18000,2973.0,Lacombe & Emanuelli et al. 2020,10.3389/fpls.2020.605934,2021,probable,"LOD=2973; Mendelian errors=1 (3.0% if 0.03 else 0%); Section D; Remarks: unvalidation of breeder's data by Cabezazs et al. 2003; Lacombe et al., 2013"
Grand noir,Petit Bouschet,,SNP (Vitis18K),SNP,~18000,2973.0,Lacombe & Emanuelli et al. 2020,10.3389/fpls.2020.605934,2021,probable,"LOD=2973; Mendelian errors=1 (3.0% if 0.03 else 0%); Section D; Remarks: unvalidation of breeder's data by Cabezazs et al. 2003; Lacombe et al., 2013"
Grillo,Catarratto bianco comune,,SNP (Vitis18K),SNP,~18000,3215.0,Lacombe & Emanuelli et al. 2020,10.3389/fpls.2020.605934,2021,probable,"LOD=3215; Mendelian errors=1 (3.0% if 0.03 else 0%); Section D; Remarks: Di Vecchi Staraz et al., 2007"
Grillo,Zibibbo (Moscato d'Alessandria),,SNP (Vitis18K),SNP,~18000,3215.0,Lacombe & Emanuelli et al. 2020,10.3389/fpls.2020.605934,2021,probable,"LOD=3215; Mendelian errors=1 (3.0% if 0.03 else 0%); Section D; Remarks: Di Vecchi Staraz et al., 2007"
Heroldrebe,Blaufraenkisch,,SNP (Vitis18K),SNP,~18000,3207.0,Lacombe & Emanuelli et al. 2020,10.3389/fpls.2020.605934,2021,probable,"LOD=3207; Mendelian errors=1 (3.0% if 0.03 else 0%); Section D; Remarks: Lacombe et al., 2013"
Heroldrebe,Portugais bleu,,SNP (Vitis18K),SNP,~18000,3207.0,Lacombe & Emanuelli et al. 2020,10.3389/fpls.2020.605934,2021,probable,"LOD=3207; Mendelian errors=1 (3.0% if 0.03 else 0%); Section D; Remarks: Lacombe et al., 2013"
Houssein krasnyi,Khusaine belyi,,SNP (Vitis18K),SNP,~18000,3559.0,Lacombe & Emanuelli et al. 2020,10.3389/fpls.2020.605934,2021,probable,"LOD=3559; Mendelian errors=0 (0.0% if 0 else 0%); Section D; Remarks: Lacombe et al., 2013"
Houssein krasnyi,Negru mare (Charas),,SNP (Vitis18K),SNP,~18000,3559.0,Lacombe & Emanuelli et al. 2020,10.3389/fpls.2020.605934,2021,probable,"LOD=3559; Mendelian errors=0 (0.0% if 0 else 0%); Section D; Remarks: Lacombe et al., 2013"
Impigno b.,Bombino bianco,,SNP (Vitis18K),SNP,~18000,3100.0,Lacombe & Emanuelli et al. 2020,10.3389/fpls.2020.605934,2021,probable,"LOD=3100; Mendelian errors=3 (10.0% if 0.1 else 0%); Section D; Remarks: Cipriani et al., 2010; Schneider et al., 2014"
Impigno b.,Quagliano (Bouteillan),,SNP (Vitis18K),SNP,~18000,3100.0,Lacombe & Emanuelli et al. 2020,10.3389/fpls.2020.605934,2021,probable,"LOD=3100; Mendelian errors=3 (10.0% if 0.1 else 0%); Section D; Remarks: Cipriani et al., 2010; Schneider et al., 2014"
Incrocio Manzoni 2.15,Cabernet franc,,SNP (Vitis18K),SNP,~18000,2755.0,Lacombe & Emanuelli et al. 2020,10.3389/fpls.2020.605934,2021,probable,"LOD=2755; Mendelian errors=0 (0.0% if 0 else 0%); Section D; Remarks: confirmation of breeder's data by Cipriani et al., 2010"
Incrocio Manzoni 2.15,Glera,,SNP (Vitis18K),SNP,~18000,2755.0,Lacombe & Emanuelli et al. 2020,10.3389/fpls.2020.605934,2021,probable,"LOD=2755; Mendelian errors=0 (0.0% if 0 else 0%); Section D; Remarks: confirmation of breeder's data by Cipriani et al., 2010"
Incrocio Manzoni 2-3,Savagnin,,SNP (Vitis18K),SNP,~18000,2836.0,Lacombe & Emanuelli et al. 2020,10.3389/fpls.2020.605934,2021,probable,"LOD=2836; Mendelian errors=1 (4.0% if 0.04 else 0%); Section D; Remarks: confirmation of breeder's data by Grando and Frisighelli, 1998"
Incrocio Manzoni 2-3,Trebbiano toscano,,SNP (Vitis18K),SNP,~18000,2836.0,Lacombe & Emanuelli et al. 2020,10.3389/fpls.2020.605934,2021,probable,"LOD=2836; Mendelian errors=1 (4.0% if 0.04 else 0%); Section D; Remarks: confirmation of breeder's data by Grando and Frisighelli, 1998"
Incrocio Terzi n.1,Barbera,,SNP (Vitis18K),SNP,~18000,2901.0,Lacombe & Emanuelli et al. 2020,10.3389/fpls.2020.605934,2021,probable,"LOD=2901; Mendelian errors=0 (0.0% if 0 else 0%); Section D; Remarks: Cipriani et al., 2010"
Incrocio Terzi n.1,Merlot,,SNP (Vitis18K),SNP,~18000,2901.0,Lacombe & Emanuelli et al. 2020,10.3389/fpls.2020.605934,2021,probable,"LOD=2901; Mendelian errors=0 (0.0% if 0 else 0%); Section D; Remarks: Cipriani et al., 2010"
Irsay Oliver,Csaba Gyoengye,,SNP (Vitis18K),SNP,~18000,3209.0,Lacombe & Emanuelli et al. 2020,10.3389/fpls.2020.605934,2021,probable,"LOD=3209; Mendelian errors=0 (0.0% if 0 else 0%); Section D; Remarks: Kiss et al., 2005; Galbacs et al., 2009; Lacombe et al., 2013; Laucou et al., 2018"
Irsay Oliver,Pozsonyi,,SNP (Vitis18K),SNP,~18000,3209.0,Lacombe & Emanuelli et al. 2020,10.3389/fpls.2020.605934,2021,probable,"LOD=3209; Mendelian errors=0 (0.0% if 0 else 0%); Section D; Remarks: Kiss et al., 2005; Galbacs et al., 2009; Lacombe et al., 2013; Laucou et al., 2018"
Italia,Bicane,,SNP (Vitis18K),SNP,~18000,3139.0,Lacombe & Emanuelli et al. 2020,10.3389/fpls.2020.605934,2021,probable,"LOD=3139; Mendelian errors=0 (0.0% if 0 else 0%); Section D; Remarks: Crespan, 2003"
Italia,Moscato d'Amburgo,,SNP (Vitis18K),SNP,~18000,3139.0,Lacombe & Emanuelli et al. 2020,10.3389/fpls.2020.605934,2021,probable,"LOD=3139; Mendelian errors=0 (0.0% if 0 else 0%); Section D; Remarks: Crespan, 2003"
Italica,Riesling italico,,SNP (Vitis18K),SNP,~18000,2788.0,Lacombe & Emanuelli et al. 2020,10.3389/fpls.2020.605934,2021,probable,"LOD=2788; Mendelian errors=1 (4.0% if 0.04 else 0%); Section D; Remarks: confirmation of breeder's data by Cipriani et al., 2010"
Italica,Verdiso,,SNP (Vitis18K),SNP,~18000,2788.0,Lacombe & Emanuelli et al. 2020,10.3389/fpls.2020.605934,2021,probable,"LOD=2788; Mendelian errors=1 (4.0% if 0.04 else 0%); Section D; Remarks: confirmation of breeder's data by Cipriani et al., 2010"
Ithaki,Cinsaut,,SNP (Vitis18K),SNP,~18000,3022.0,Lacombe & Emanuelli et al. 2020,10.3389/fpls.2020.605934,2021,probable,"LOD=3022; Mendelian errors=0 (0.0% if 0 else 0%); Section D; Remarks: Lacombe et al., 2013"
Ithaki,Muscat reine des vignes,,SNP (Vitis18K),SNP,~18000,3022.0,Lacombe & Emanuelli et al. 2020,10.3389/fpls.2020.605934,2021,probable,"LOD=3022; Mendelian errors=0 (0.0% if 0 else 0%); Section D; Remarks: Lacombe et al., 2013"
Javor weiss,Alba imputotato,,SNP (Vitis18K),SNP,~18000,3159.0,Lacombe & Emanuelli et al. 2020,10.3389/fpls.2020.605934,2021,probable,"LOD=3159; Mendelian errors=1 (3.0% if 0.03 else 0%); Section D; Remarks: Laucou et al., 2018"
Javor weiss,Heunisch Weiss,,SNP (Vitis18K),SNP,~18000,3159.0,Lacombe & Emanuelli et al. 2020,10.3389/fpls.2020.605934,2021,probable,"LOD=3159; Mendelian errors=1 (3.0% if 0.03 else 0%); Section D; Remarks: Laucou et al., 2018"
Kanzler,Müller Thurgau,,SNP (Vitis18K),SNP,~18000,3050.0,Lacombe & Emanuelli et al. 2020,10.3389/fpls.2020.605934,2021,probable,"LOD=3050; Mendelian errors=0 (0.0% if 0 else 0%); Section D; Remarks: Maul et al., 2012; Lacombe et al., 2013"
Kanzler,Sylvaner verde,,SNP (Vitis18K),SNP,~18000,3050.0,Lacombe & Emanuelli et al. 2020,10.3389/fpls.2020.605934,2021,probable,"LOD=3050; Mendelian errors=0 (0.0% if 0 else 0%); Section D; Remarks: Maul et al., 2012; Lacombe et al., 2013"
Kerner,Riesling,,SNP (Vitis18K),SNP,~18000,2796.0,Lacombe & Emanuelli et al. 2020,10.3389/fpls.2020.605934,2021,probable,"LOD=2796; Mendelian errors=0 (0.0% if 0 else 0%); Section D; Remarks: Grando and Frisinghelli 1998; Cipriani et al., 2010; Myles et al., 2011; Maul et al., 2012; Lacombe et al., 2013; Laucou et al., 2018"
Kerner,Schiava grossa,,SNP (Vitis18K),SNP,~18000,2796.0,Lacombe & Emanuelli et al. 2020,10.3389/fpls.2020.605934,2021,probable,"LOD=2796; Mendelian errors=0 (0.0% if 0 else 0%); Section D; Remarks: Grando and Frisinghelli 1998; Cipriani et al., 2010; Myles et al., 2011; Maul et al., 2012; Lacombe et al., 2013; Laucou et al., 2018"
Lacrima di Maria,Graeco,,SNP (Vitis18K),SNP,~18000,3432.0,Lacombe & Emanuelli et al. 2020,10.3389/fpls.2020.605934,2021,probable,"LOD=3432; Mendelian errors=2 (6.0% if 0.06 else 0%); Section D; Remarks: Laucou et al., 2018; De Lorenzis et al., 2019 (only PO with 'Heptakilo')"
Lacrima di Maria,Heptakilo,,SNP (Vitis18K),SNP,~18000,3432.0,Lacombe & Emanuelli et al. 2020,10.3389/fpls.2020.605934,2021,probable,"LOD=3432; Mendelian errors=2 (6.0% if 0.06 else 0%); Section D; Remarks: Laucou et al., 2018; De Lorenzis et al., 2019 (only PO with 'Heptakilo')"
Lagrein,Schiava gentile,,SNP (Vitis18K),SNP,~18000,2876.0,Lacombe & Emanuelli et al. 2020,10.3389/fpls.2020.605934,2021,probable,"LOD=2876; Mendelian errors=0 (0.0% if 0 else 0%); Section D; Remarks: Cipriani et al 2010, Lacombe et al 2013"
Lagrein,Teroldego,,SNP (Vitis18K),SNP,~18000,2876.0,Lacombe & Emanuelli et al. 2020,10.3389/fpls.2020.605934,2021,probable,"LOD=2876; Mendelian errors=0 (0.0% if 0 else 0%); Section D; Remarks: Cipriani et al 2010, Lacombe et al 2013"
Listan negro,Mollar cano,,SNP (Vitis18K),SNP,~18000,3153.0,Lacombe & Emanuelli et al. 2020,10.3389/fpls.2020.605934,2021,probable,"LOD=3153; Mendelian errors=0 (0.0% if 0 else 0%); Section D; Remarks: Zerolo Hernández et al., 2006; Lacombe et al., 2013"
Listan negro,Palomino fino,,SNP (Vitis18K),SNP,~18000,3153.0,Lacombe & Emanuelli et al. 2020,10.3389/fpls.2020.605934,2021,probable,"LOD=3153; Mendelian errors=0 (0.0% if 0 else 0%); Section D; Remarks: Zerolo Hernández et al., 2006; Lacombe et al., 2013"
Luglienga bianca (Lignan),Blanc de morgex,,SNP (Vitis18K),SNP,~18000,2859.0,Lacombe & Emanuelli et al. 2020,10.3389/fpls.2020.605934,2021,probable,"LOD=2859; Mendelian errors=2 (7.0% if 0.07 else 0%); Section D; Remarks: Lacombe et al., 2013; Laucou et al., 2018"
Luglienga bianca (Lignan),Bermestia bianca,,SNP (Vitis18K),SNP,~18000,2859.0,Lacombe & Emanuelli et al. 2020,10.3389/fpls.2020.605934,2021,probable,"LOD=2859; Mendelian errors=2 (7.0% if 0.07 else 0%); Section D; Remarks: Lacombe et al., 2013; Laucou et al., 2018"
Madeleine de Clermont,Chasselas,,SNP (Vitis18K),SNP,~18000,3139.0,Lacombe & Emanuelli et al. 2020,10.3389/fpls.2020.605934,2021,probable,"LOD=3139; Mendelian errors=2 (6.0% if 0.06 else 0%); Section D; Remarks: Lacombe et al., 2013"
Madeleine de Clermont,Madeleine angevine,,SNP (Vitis18K),SNP,~18000,3139.0,Lacombe & Emanuelli et al. 2020,10.3389/fpls.2020.605934,2021,probable,"LOD=3139; Mendelian errors=2 (6.0% if 0.06 else 0%); Section D; Remarks: Lacombe et al., 2013"
Mai 3,Csaba Gyoengye,,SNP (Vitis18K),SNP,~18000,3339.0,Lacombe & Emanuelli et al. 2020,10.3389/fpls.2020.605934,2021,probable,"LOD=3339; Mendelian errors=2 (6.0% if 0.06 else 0%); Section D; Remarks: Lacombe et al., 2013; Laucou et al., 2018"
Mai 3,Afus ali,,SNP (Vitis18K),SNP,~18000,3339.0,Lacombe & Emanuelli et al. 2020,10.3389/fpls.2020.605934,2021,probable,"LOD=3339; Mendelian errors=2 (6.0% if 0.06 else 0%); Section D; Remarks: Lacombe et al., 2013; Laucou et al., 2018"
Malvar,Folha de figueira,,SNP (Vitis18K),SNP,~18000,3006.0,Lacombe & Emanuelli et al. 2020,10.3389/fpls.2020.605934,2021,probable,"LOD=3006; Mendelian errors=1 (3.0% if 0.03 else 0%); Section D; Remarks: Lacombe et al., 2013"
Malvar,Heben,,SNP (Vitis18K),SNP,~18000,3006.0,Lacombe & Emanuelli et al. 2020,10.3389/fpls.2020.605934,2021,probable,"LOD=3006; Mendelian errors=1 (3.0% if 0.03 else 0%); Section D; Remarks: Lacombe et al., 2013"
Malvasia di Casorzo,Malvasia aromatica di Parma,,SNP (Vitis18K),SNP,~18000,2938.0,Lacombe & Emanuelli et al. 2020,10.3389/fpls.2020.605934,2021,probable,"LOD=2938; Mendelian errors=2 (7.0% if 0.07 else 0%); Section D; Remarks: Ruffa et al., 2016"
Malvasia di Casorzo,Lambrusca di Alessandria,,SNP (Vitis18K),SNP,~18000,2938.0,Lacombe & Emanuelli et al. 2020,10.3389/fpls.2020.605934,2021,probable,"LOD=2938; Mendelian errors=2 (7.0% if 0.07 else 0%); Section D; Remarks: Ruffa et al., 2016"
Malvasia fina,Alfrocheiro preto,,SNP (Vitis18K),SNP,~18000,2669.0,Lacombe & Emanuelli et al. 2020,10.3389/fpls.2020.605934,2021,probable,"LOD=2669; Mendelian errors=0 (0.0% if 0 else 0%); Section D; Remarks: Lacombe et al., 2013; Zinelabidine et al., 2015; Cunha et al., 2015"
Malvasia fina,Heben,,SNP (Vitis18K),SNP,~18000,2669.0,Lacombe & Emanuelli et al. 2020,10.3389/fpls.2020.605934,2021,probable,"LOD=2669; Mendelian errors=0 (0.0% if 0 else 0%); Section D; Remarks: Lacombe et al., 2013; Zinelabidine et al., 2015; Cunha et al., 2015"
Malvasia nera di Lecce,Malvasia bianca lunga,,SNP (Vitis18K),SNP,~18000,3057.0,Lacombe & Emanuelli et al. 2020,10.3389/fpls.2020.605934,2021,probable,"LOD=3057; Mendelian errors=0 (0.0% if 0 else 0%); Section D; Remarks: Crespan et al., 2008"
Malvasia nera di Lecce,Negro amaro,,SNP (Vitis18K),SNP,~18000,3057.0,Lacombe & Emanuelli et al. 2020,10.3389/fpls.2020.605934,2021,probable,"LOD=3057; Mendelian errors=0 (0.0% if 0 else 0%); Section D; Remarks: Crespan et al., 2008"
Malvasia nera lunga,Freisa,,SNP (Vitis18K),SNP,~18000,3093.0,Lacombe & Emanuelli et al. 2020,10.3389/fpls.2020.605934,2021,probable,"LOD=3093; Mendelian errors=2 (6.0% if 0.06 else 0%); Section D; Remarks: Ruffa et al., 2016"
Malvasia nera lunga,Malvasia aromatica di Parma,,SNP (Vitis18K),SNP,~18000,3093.0,Lacombe & Emanuelli et al. 2020,10.3389/fpls.2020.605934,2021,probable,"LOD=3093; Mendelian errors=2 (6.0% if 0.06 else 0%); Section D; Remarks: Ruffa et al., 2016"
Malvasia preta,Alfrocheiro preto,,SNP (Vitis18K),SNP,~18000,2844.0,Lacombe & Emanuelli et al. 2020,10.3389/fpls.2020.605934,2021,probable,"LOD=2844; Mendelian errors=0 (0.0% if 0 else 0%); Section D; Remarks: Lacombe et al., 2007; Zinelabidine et al., 2012; Lacombe et al., 2013; Cunha et al., 2015"
Malvasia preta,Cayetana blanca,,SNP (Vitis18K),SNP,~18000,2844.0,Lacombe & Emanuelli et al. 2020,10.3389/fpls.2020.605934,2021,probable,"LOD=2844; Mendelian errors=0 (0.0% if 0 else 0%); Section D; Remarks: Lacombe et al., 2007; Zinelabidine et al., 2012; Lacombe et al., 2013; Cunha et al., 2015"
Malvasia volcanica,Bermejuela,,SNP (Vitis18K),SNP,~18000,2951.0,Lacombe & Emanuelli et al. 2020,10.3389/fpls.2020.605934,2021,probable,"LOD=2951; Mendelian errors=0 (0.0% if 0 else 0%); Section D; Remarks: Zerolo Hernández et al., 2006; Laucou et al., 2018"
Malvasia volcanica,Malvasia di Lipari,,SNP (Vitis18K),SNP,~18000,2951.0,Lacombe & Emanuelli et al. 2020,10.3389/fpls.2020.605934,2021,probable,"LOD=2951; Mendelian errors=0 (0.0% if 0 else 0%); Section D; Remarks: Zerolo Hernández et al., 2006; Laucou et al., 2018"
Manzoni bianco,Riesling,,SNP (Vitis18K),SNP,~18000,2878.0,Lacombe & Emanuelli et al. 2020,10.3389/fpls.2020.605934,2021,probable,"LOD=2878; Mendelian errors=1 (3.0% if 0.03 else 0%); Section D; Remarks: confirmation of breeder's data by Cipriani et al., 2010"
Manzoni bianco,Pinot,,SNP (Vitis18K),SNP,~18000,2878.0,Lacombe & Emanuelli et al. 2020,10.3389/fpls.2020.605934,2021,probable,"LOD=2878; Mendelian errors=1 (3.0% if 0.03 else 0%); Section D; Remarks: confirmation of breeder's data by Cipriani et al., 2010"
Manzoni rosa,Savagnin,,SNP (Vitis18K),SNP,~18000,2835.0,Lacombe & Emanuelli et al. 2020,10.3389/fpls.2020.605934,2021,probable,"LOD=2835; Mendelian errors=1 (4.0% if 0.04 else 0%); Section D; Remarks: confirmation of breeder's data by Cipriani et al., 2010"
Manzoni rosa,Trebbiano toscano,,SNP (Vitis18K),SNP,~18000,2835.0,Lacombe & Emanuelli et al. 2020,10.3389/fpls.2020.605934,2021,probable,"LOD=2835; Mendelian errors=1 (4.0% if 0.04 else 0%); Section D; Remarks: confirmation of breeder's data by Cipriani et al., 2010"
Marchione,Montonico bianco,,SNP (Vitis18K),SNP,~18000,3084.0,Lacombe & Emanuelli et al. 2020,10.3389/fpls.2020.605934,2021,probable,"LOD=3084; Mendelian errors=0 (0.0% if 0 else 0%); Section D; Remarks: Cipriani et al., 2010"
Marchione,Ragusano,,SNP (Vitis18K),SNP,~18000,3084.0,Lacombe & Emanuelli et al. 2020,10.3389/fpls.2020.605934,2021,probable,"LOD=3084; Mendelian errors=0 (0.0% if 0 else 0%); Section D; Remarks: Cipriani et al., 2010"
Maroc gros,Black Morocco,,SNP (Vitis18K),SNP,~18000,2881.0,Lacombe & Emanuelli et al. 2020,10.3389/fpls.2020.605934,2021,probable,"LOD=2881; Mendelian errors=1 (3.0% if 0.03 else 0%); Section D; Remarks: Lacombe et al., 2013; Laucou et al., 2018"
Maroc gros,Schiava grossa,,SNP (Vitis18K),SNP,~18000,2881.0,Lacombe & Emanuelli et al. 2020,10.3389/fpls.2020.605934,2021,probable,"LOD=2881; Mendelian errors=1 (3.0% if 0.03 else 0%); Section D; Remarks: Lacombe et al., 2013; Laucou et al., 2018"
Marselan,Cabernet sauvignon,,SNP (Vitis18K),SNP,~18000,2847.0,Lacombe & Emanuelli et al. 2020,10.3389/fpls.2020.605934,2021,probable,"LOD=2847; Mendelian errors=0 (0.0% if 0 else 0%); Section D; Remarks: confirmation of breeder's data by Lacombe et al., 2013"
Marselan,Cannonau (Garnacha tinta),,SNP (Vitis18K),SNP,~18000,2847.0,Lacombe & Emanuelli et al. 2020,10.3389/fpls.2020.605934,2021,probable,"LOD=2847; Mendelian errors=0 (0.0% if 0 else 0%); Section D; Remarks: confirmation of breeder's data by Lacombe et al., 2013"
Matilde,Cardinal,,SNP (Vitis18K),SNP,~18000,3264.0,Lacombe & Emanuelli et al. 2020,10.3389/fpls.2020.605934,2021,probable,"LOD=3264; Mendelian errors=0 (0.0% if 0 else 0%); Section D; Remarks: confirmation of breeder's data by Zulini et al., 2002; Ibáñez et al., 2009; Cipriani et al., 2010; Lacombe et al., 2013; Laucou et al., 2018"
Matilde,Italia,,SNP (Vitis18K),SNP,~18000,3264.0,Lacombe & Emanuelli et al. 2020,10.3389/fpls.2020.605934,2021,probable,"LOD=3264; Mendelian errors=0 (0.0% if 0 else 0%); Section D; Remarks: confirmation of breeder's data by Zulini et al., 2002; Ibáñez et al., 2009; Cipriani et al., 2010; Lacombe et al., 2013; Laucou et al., 2018"
Maturana blanca,Castellana blanca,,SNP (Vitis18K),SNP,~18000,2798.0,Lacombe & Emanuelli et al. 2020,10.3389/fpls.2020.605934,2021,probable,"LOD=2798; Mendelian errors=0 (0.0% if 0 else 0%); Section D; Remarks: Lacombe et al., 2013"
Maturana blanca,Savagnin,,SNP (Vitis18K),SNP,~18000,2798.0,Lacombe & Emanuelli et al. 2020,10.3389/fpls.2020.605934,2021,probable,"LOD=2798; Mendelian errors=0 (0.0% if 0 else 0%); Section D; Remarks: Lacombe et al., 2013"
Merbein seedless,Planta fina,,SNP (Vitis18K),SNP,~18000,3269.0,Lacombe & Emanuelli et al. 2020,10.3389/fpls.2020.605934,2021,probable,"LOD=3269; Mendelian errors=2 (6.0% if 0.06 else 0%); Section D; Remarks: confirmation of breeder's data by Laucou et al., 2018"
Merbein seedless,Sultanina,,SNP (Vitis18K),SNP,~18000,3269.0,Lacombe & Emanuelli et al. 2020,10.3389/fpls.2020.605934,2021,probable,"LOD=3269; Mendelian errors=2 (6.0% if 0.06 else 0%); Section D; Remarks: confirmation of breeder's data by Laucou et al., 2018"
Merlot,Cabernet franc,,SNP (Vitis18K),SNP,~18000,2944.0,Lacombe & Emanuelli et al. 2020,10.3389/fpls.2020.605934,2021,probable,"LOD=2944; Mendelian errors=3 (10.0% if 0.1 else 0%); Section D; Remarks: Boursiquot et al., 2009; Lacombe et al., 2013"
Merlot,Magdeleine noire des Charentes,,SNP (Vitis18K),SNP,~18000,2944.0,Lacombe & Emanuelli et al. 2020,10.3389/fpls.2020.605934,2021,probable,"LOD=2944; Mendelian errors=3 (10.0% if 0.1 else 0%); Section D; Remarks: Boursiquot et al., 2009; Lacombe et al., 2013"
Merseguera,Folha de figueira,,SNP (Vitis18K),SNP,~18000,3006.0,Lacombe & Emanuelli et al. 2020,10.3389/fpls.2020.605934,2021,probable,"LOD=3006; Mendelian errors=0 (0.0% if 0 else 0%); Section D; Remarks: Lacombe et al., 2013"
Merseguera,Heben,,SNP (Vitis18K),SNP,~18000,3006.0,Lacombe & Emanuelli et al. 2020,10.3389/fpls.2020.605934,2021,probable,"LOD=3006; Mendelian errors=0 (0.0% if 0 else 0%); Section D; Remarks: Lacombe et al., 2013"
Meslier Saint-Francois,Chenin,,SNP (Vitis18K),SNP,~18000,2742.0,Lacombe & Emanuelli et al. 2020,10.3389/fpls.2020.605934,2021,probable,"LOD=2742; Mendelian errors=1 (4.0% if 0.04 else 0%); Section D; Remarks: Bowers et al., 2000; Lacombe et al., 2013"
Meslier Saint-Francois,Heunisch Weiss,,SNP (Vitis18K),SNP,~18000,2742.0,Lacombe & Emanuelli et al. 2020,10.3389/fpls.2020.605934,2021,probable,"LOD=2742; Mendelian errors=1 (4.0% if 0.04 else 0%); Section D; Remarks: Bowers et al., 2000; Lacombe et al., 2013"
Mireille,Csaba Gyoengye,,SNP (Vitis18K),SNP,~18000,3230.0,Lacombe & Emanuelli et al. 2020,10.3389/fpls.2020.605934,2021,probable,"LOD=3230; Mendelian errors=4 (12.0% if 0.12 else 0%); Section D; Remarks: confirmation of breeder's data by Lacombe et al., 2013; Ghaffari et al., 2014; Laucou et al., 2018"
Mireille,Italia,,SNP (Vitis18K),SNP,~18000,3230.0,Lacombe & Emanuelli et al. 2020,10.3389/fpls.2020.605934,2021,probable,"LOD=3230; Mendelian errors=4 (12.0% if 0.12 else 0%); Section D; Remarks: confirmation of breeder's data by Lacombe et al., 2013; Ghaffari et al., 2014; Laucou et al., 2018"
Misket Rusenski,Cardinal,,SNP (Vitis18K),SNP,~18000,3212.0,Lacombe & Emanuelli et al. 2020,10.3389/fpls.2020.605934,2021,probable,"LOD=3212; Mendelian errors=0 (0.0% if 0 else 0%); Section D; Remarks: confirmation of breeder's data by Lacombe et al., 2013"
Misket Rusenski,Moscato d'Amburgo,,SNP (Vitis18K),SNP,~18000,3212.0,Lacombe & Emanuelli et al. 2020,10.3389/fpls.2020.605934,2021,probable,"LOD=3212; Mendelian errors=0 (0.0% if 0 else 0%); Section D; Remarks: confirmation of breeder's data by Lacombe et al., 2013"
Mondeuse noire,Mondeuse blanche,,SNP (Vitis18K),SNP,~18000,2838.0,Lacombe & Emanuelli et al. 2020,10.3389/fpls.2020.605934,2021,probable,"LOD=2838; Mendelian errors=0 (0.0% if 0 else 0%); Section D; Remarks: Lacombe et al., 2013; Laucou et al., 2018"
Mondeuse noire,Tressot noir,,SNP (Vitis18K),SNP,~18000,2838.0,Lacombe & Emanuelli et al. 2020,10.3389/fpls.2020.605934,2021,probable,"LOD=2838; Mendelian errors=0 (0.0% if 0 else 0%); Section D; Remarks: Lacombe et al., 2013; Laucou et al., 2018"
Mondragon,Marufo,,SNP (Vitis18K),SNP,~18000,2972.0,Lacombe & Emanuelli et al. 2020,10.3389/fpls.2020.605934,2021,probable,"LOD=2972; Mendelian errors=2 (7.0% if 0.07 else 0%); Section D; Remarks: Laucou et al., 2018"
Mondragon,Mourvèdre,,SNP (Vitis18K),SNP,~18000,2972.0,Lacombe & Emanuelli et al. 2020,10.3389/fpls.2020.605934,2021,probable,"LOD=2972; Mendelian errors=2 (7.0% if 0.07 else 0%); Section D; Remarks: Laucou et al., 2018"
Montua,Dedo de Dama,,SNP (Vitis18K),SNP,~18000,3069.0,Lacombe & Emanuelli et al. 2020,10.3389/fpls.2020.605934,2021,probable,"LOD=3069; Mendelian errors=2 (7.0% if 0.07 else 0%); Section D; Remarks: Lacombe et al., 2013; Zinelabidine et al., 2015"
Montua,Heben,,SNP (Vitis18K),SNP,~18000,3069.0,Lacombe & Emanuelli et al. 2020,10.3389/fpls.2020.605934,2021,probable,"LOD=3069; Mendelian errors=2 (7.0% if 0.07 else 0%); Section D; Remarks: Lacombe et al., 2013; Zinelabidine et al., 2015"
Moscatel de angues,Heben,,SNP (Vitis18K),SNP,~18000,3011.0,Lacombe & Emanuelli et al. 2020,10.3389/fpls.2020.605934,2021,probable,"LOD=3011; Mendelian errors=1 (3.0% if 0.03 else 0%); Section D; Remarks: Zinelabidine et al., 2015"
Moscatel de angues,Zibibbo (Moscato d'Alessandria),,SNP (Vitis18K),SNP,~18000,3011.0,Lacombe & Emanuelli et al. 2020,10.3389/fpls.2020.605934,2021,probable,"LOD=3011; Mendelian errors=1 (3.0% if 0.03 else 0%); Section D; Remarks: Zinelabidine et al., 2015"
Moscatello selvatico,Bombino bianco,,SNP (Vitis18K),SNP,~18000,3254.0,Lacombe & Emanuelli et al. 2020,10.3389/fpls.2020.605934,2021,probable,"LOD=3254; Mendelian errors=1 (3.0% if 0.03 else 0%); Section D; Remarks: Lacombe et al., 2007"
Moscatello selvatico,Zibibbo (Moscato d'Alessandria),,SNP (Vitis18K),SNP,~18000,3254.0,Lacombe & Emanuelli et al. 2020,10.3389/fpls.2020.605934,2021,probable,"LOD=3254; Mendelian errors=1 (3.0% if 0.03 else 0%); Section D; Remarks: Lacombe et al., 2007"
Moscato d'Amburgo,Schiava grossa,,SNP (Vitis18K),SNP,~18000,3021.0,Lacombe & Emanuelli et al. 2020,10.3389/fpls.2020.605934,2021,probable,"LOD=3021; Mendelian errors=2 (7.0% if 0.07 else 0%); Section D; Remarks: Crespan, 2003"
Moscato d'Amburgo,Zibibbo (Moscato d'Alessandria),,SNP (Vitis18K),SNP,~18000,3021.0,Lacombe & Emanuelli et al. 2020,10.3389/fpls.2020.605934,2021,probable,"LOD=3021; Mendelian errors=2 (7.0% if 0.07 else 0%); Section D; Remarks: Crespan, 2003"
Moscato nero di Acqui,Moscato bianco,,SNP (Vitis18K),SNP,~18000,3020.0,Lacombe & Emanuelli et al. 2020,10.3389/fpls.2020.605934,2021,probable,"LOD=3020; Mendelian errors=1 (3.0% if 0.03 else 0%); Section D; Remarks: Raimondi et al., 2020 (Orsolina=Coccalona nera)"
Moscato nero di Acqui,Orsolina,,SNP (Vitis18K),SNP,~18000,3020.0,Lacombe & Emanuelli et al. 2020,10.3389/fpls.2020.605934,2021,probable,"LOD=3020; Mendelian errors=1 (3.0% if 0.03 else 0%); Section D; Remarks: Raimondi et al., 2020 (Orsolina=Coccalona nera)"
Moscato violetto (Muscat rouge de Madère),Moscato bianco,,SNP (Vitis18K),SNP,~18000,2992.0,Lacombe & Emanuelli et al. 2020,10.3389/fpls.2020.605934,2021,probable,"LOD=2992; Mendelian errors=1 (3.0% if 0.03 else 0%); Section D; Remarks: Di Vecchi Staraz et al., 2007; Lacombe et al., 2013"
Moscato violetto (Muscat rouge de Madère),Termarina (Sciaccarello),,SNP (Vitis18K),SNP,~18000,2992.0,Lacombe & Emanuelli et al. 2020,10.3389/fpls.2020.605934,2021,probable,"LOD=2992; Mendelian errors=1 (3.0% if 0.03 else 0%); Section D; Remarks: Di Vecchi Staraz et al., 2007; Lacombe et al., 2013"
Mouration,Alfrocheiro preto,,SNP (Vitis18K),SNP,~18000,2844.0,Lacombe & Emanuelli et al. 2020,10.3389/fpls.2020.605934,2021,probable,"LOD=2844; Mendelian errors=0 (0.0% if 0 else 0%); Section D; Remarks: Zinelabidine et al., 2012; Cunha et al., 2015"
Mouration,Cayetana blanca,,SNP (Vitis18K),SNP,~18000,2844.0,Lacombe & Emanuelli et al. 2020,10.3389/fpls.2020.605934,2021,probable,"LOD=2844; Mendelian errors=0 (0.0% if 0 else 0%); Section D; Remarks: Zinelabidine et al., 2012; Cunha et al., 2015"
Muscat d'd’Istambul,Valenci (Beba),,SNP (Vitis18K),SNP,~18000,3264.0,Lacombe & Emanuelli et al. 2020,10.3389/fpls.2020.605934,2021,probable,"LOD=3264; Mendelian errors=3 (9.0% if 0.09 else 0%); Section D; Remarks: Lacombe et al., 2013; Laucou et al., 2018"
Muscat d'd’Istambul,Zibibbo (Moscato d'Alessandria),,SNP (Vitis18K),SNP,~18000,3264.0,Lacombe & Emanuelli et al. 2020,10.3389/fpls.2020.605934,2021,probable,"LOD=3264; Mendelian errors=3 (9.0% if 0.09 else 0%); Section D; Remarks: Lacombe et al., 2013; Laucou et al., 2018"
Muscat Ottonel,Chasselas,,SNP (Vitis18K),SNP,~18000,3004.0,Lacombe & Emanuelli et al. 2020,10.3389/fpls.2020.605934,2021,probable,"LOD=3004; Mendelian errors=2 (7.0% if 0.07 else 0%); Section D; Remarks: Lacombe et al., 2013"
Muscat Ottonel,Muscat d'Eisenstadt,,SNP (Vitis18K),SNP,~18000,3004.0,Lacombe & Emanuelli et al. 2020,10.3389/fpls.2020.605934,2021,probable,"LOD=3004; Mendelian errors=2 (7.0% if 0.07 else 0%); Section D; Remarks: Lacombe et al., 2013"
Muscat reine des vignes,Afus ali,,SNP (Vitis18K),SNP,~18000,3339.0,Lacombe & Emanuelli et al. 2020,10.3389/fpls.2020.605934,2021,probable,"LOD=3339; Mendelian errors=2 (6.0% if 0.06 else 0%); Section D; Remarks: unvalidation of breeder's data by Ibáñez et al., 2009; Lacombe et al., 2013; Ghaffari et al., 2014; Laucou et al., 2018"
Muscat reine des vignes,Csaba Gyoengye,,SNP (Vitis18K),SNP,~18000,3339.0,Lacombe & Emanuelli et al. 2020,10.3389/fpls.2020.605934,2021,probable,"LOD=3339; Mendelian errors=2 (6.0% if 0.06 else 0%); Section D; Remarks: unvalidation of breeder's data by Ibáñez et al., 2009; Lacombe et al., 2013; Ghaffari et al., 2014; Laucou et al., 2018"
Muskat Uzbekinstanskii,Katta-kourgan,,SNP (Vitis18K),SNP,~18000,3482.0,Lacombe & Emanuelli et al. 2020,10.3389/fpls.2020.605934,2021,probable,"LOD=3482; Mendelian errors=1 (3.0% if 0.03 else 0%); Section D; Remarks: confirmation of breeder's data by Lacombe et al., 2013"
Muskat Uzbekinstanskii,Zibibbo (Moscato d'Alessandria),,SNP (Vitis18K),SNP,~18000,3482.0,Lacombe & Emanuelli et al. 2020,10.3389/fpls.2020.605934,2021,probable,"LOD=3482; Mendelian errors=1 (3.0% if 0.03 else 0%); Section D; Remarks: confirmation of breeder's data by Lacombe et al., 2013"
Nebbiera,Barbera,,SNP (Vitis18K),SNP,~18000,2851.0,Lacombe & Emanuelli et al. 2020,10.3389/fpls.2020.605934,2021,probable,"LOD=2851; Mendelian errors=0 (0.0% if 0 else 0%); Section D; Remarks: unvalidation of breeder's data by Raimondi et al., 2017"
Nebbiera,Chatus,,SNP (Vitis18K),SNP,~18000,2851.0,Lacombe & Emanuelli et al. 2020,10.3389/fpls.2020.605934,2021,probable,"LOD=2851; Mendelian errors=0 (0.0% if 0 else 0%); Section D; Remarks: unvalidation of breeder's data by Raimondi et al., 2017"
Negret castrais,Mauzac blanc,,SNP (Vitis18K),SNP,~18000,2897.0,Lacombe & Emanuelli et al. 2020,10.3389/fpls.2020.605934,2021,probable,"LOD=2897; Mendelian errors=1 (3.0% if 0.03 else 0%); Section D; Remarks: Lacombe et al., 2013"
Negret castrais,Monastrell,,SNP (Vitis18K),SNP,~18000,2897.0,Lacombe & Emanuelli et al. 2020,10.3389/fpls.2020.605934,2021,probable,"LOD=2897; Mendelian errors=1 (3.0% if 0.03 else 0%); Section D; Remarks: Lacombe et al., 2013"
Nerello mascalese,Mantonico bianco,,SNP (Vitis18K),SNP,~18000,3047.0,Lacombe & Emanuelli et al. 2020,10.3389/fpls.2020.605934,2021,probable,"LOD=3047; Mendelian errors=1 (3.0% if 0.03 else 0%); Section D; Remarks: Cipriani et al., 2010; Gasparro et al., 2013; De Lorenzis et al., 2019 (only PO with 'Sangiovese')"
Nerello mascalese,Sangiovese,,SNP (Vitis18K),SNP,~18000,3047.0,Lacombe & Emanuelli et al. 2020,10.3389/fpls.2020.605934,2021,probable,"LOD=3047; Mendelian errors=1 (3.0% if 0.03 else 0%); Section D; Remarks: Cipriani et al., 2010; Gasparro et al., 2013; De Lorenzis et al., 2019 (only PO with 'Sangiovese')"
Notardomenico,Carricante,,SNP (Vitis18K),SNP,~18000,3219.0,Lacombe & Emanuelli et al. 2020,10.3389/fpls.2020.605934,2021,probable,"LOD=3219; Mendelian errors=1 (3.0% if 0.03 else 0%); Section D; Remarks: Lacombe et al., 2013 (Carricante non identificato, ma riportato come Nerello cappuccio faux); riportato correttamente su VIVC"
Notardomenico,Somarello,,SNP (Vitis18K),SNP,~18000,3219.0,Lacombe & Emanuelli et al. 2020,10.3389/fpls.2020.605934,2021,probable,"LOD=3219; Mendelian errors=1 (3.0% if 0.03 else 0%); Section D; Remarks: Lacombe et al., 2013 (Carricante non identificato, ma riportato come Nerello cappuccio faux); riportato correttamente su VIVC"
Opsimo Edessis,Achladi (Pergolese di Tivoli),,SNP (Vitis18K),SNP,~18000,3265.0,Lacombe & Emanuelli et al. 2020,10.3389/fpls.2020.605934,2021,probable,"LOD=3265; Mendelian errors=0 (0.0% if 0 else 0%); Section D; Remarks: Lacombe et al., 2013; Laucou et al., 2018"
Opsimo Edessis,Parmak cerven,,SNP (Vitis18K),SNP,~18000,3265.0,Lacombe & Emanuelli et al. 2020,10.3389/fpls.2020.605934,2021,probable,"LOD=3265; Mendelian errors=0 (0.0% if 0 else 0%); Section D; Remarks: Lacombe et al., 2013; Laucou et al., 2018"
Orangetraube,Chasselas,,SNP (Vitis18K),SNP,~18000,3000.0,Lacombe & Emanuelli et al. 2020,10.3389/fpls.2020.605934,2021,probable,"LOD=3000; Mendelian errors=0 (0.0% if 0 else 0%); Section D; Remarks: Lacombe et al., 2013"
Orangetraube,Pinot,,SNP (Vitis18K),SNP,~18000,3000.0,Lacombe & Emanuelli et al. 2020,10.3389/fpls.2020.605934,2021,probable,"LOD=3000; Mendelian errors=0 (0.0% if 0 else 0%); Section D; Remarks: Lacombe et al., 2013"
Orlovi nokti beli,Cornichon blanc,,SNP (Vitis18K),SNP,~18000,3337.0,Lacombe & Emanuelli et al. 2020,10.3389/fpls.2020.605934,2021,probable,"LOD=3337; Mendelian errors=2 (6.0% if 0.06 else 0%); Section D; Remarks: Lacombe et al., 2013; Laucou et al., 2018"
Orlovi nokti beli,Parmak cerven,,SNP (Vitis18K),SNP,~18000,3337.0,Lacombe & Emanuelli et al. 2020,10.3389/fpls.2020.605934,2021,probable,"LOD=3337; Mendelian errors=2 (6.0% if 0.06 else 0%); Section D; Remarks: Lacombe et al., 2013; Laucou et al., 2018"
Ortega,Müller Thurgau,,SNP (Vitis18K),SNP,~18000,3054.0,Lacombe & Emanuelli et al. 2020,10.3389/fpls.2020.605934,2021,probable,"LOD=3054; Mendelian errors=1 (3.0% if 0.03 else 0%); Section D; Remarks: Lacombe et al., 2013; Laucou et al., 2018"
Ortega,siegerrebe CREA,,SNP (Vitis18K),SNP,~18000,3054.0,Lacombe & Emanuelli et al. 2020,10.3389/fpls.2020.605934,2021,probable,"LOD=3054; Mendelian errors=1 (3.0% if 0.03 else 0%); Section D; Remarks: Lacombe et al., 2013; Laucou et al., 2018"
Osteiner,Riesling,,SNP (Vitis18K),SNP,~18000,3060.0,Lacombe & Emanuelli et al. 2020,10.3389/fpls.2020.605934,2021,probable,"LOD=3060; Mendelian errors=0 (0.0% if 0 else 0%); Section D; Remarks: Lacombe et al., 2013"
Osteiner,Sylvaner verde,,SNP (Vitis18K),SNP,~18000,3060.0,Lacombe & Emanuelli et al. 2020,10.3389/fpls.2020.605934,2021,probable,"LOD=3060; Mendelian errors=0 (0.0% if 0 else 0%); Section D; Remarks: Lacombe et al., 2013"
Palestina I,Bicane,,SNP (Vitis18K),SNP,~18000,3197.0,Lacombe & Emanuelli et al. 2020,10.3389/fpls.2020.605934,2021,probable,"LOD=3197; Mendelian errors=1 (3.0% if 0.03 else 0%); Section D; Remarks: Lacombe et al., 2013; Laucou et al., 2018"
Palestina I,Luglienga bianca (Lignan),,SNP (Vitis18K),SNP,~18000,3197.0,Lacombe & Emanuelli et al. 2020,10.3389/fpls.2020.605934,2021,probable,"LOD=3197; Mendelian errors=1 (3.0% if 0.03 else 0%); Section D; Remarks: Lacombe et al., 2013; Laucou et al., 2018"
Papaskarasi,Alba imputotato,,SNP (Vitis18K),SNP,~18000,3380.0,Lacombe & Emanuelli et al. 2020,10.3389/fpls.2020.605934,2021,probable,"LOD=3380; Mendelian errors=3 (9.0% if 0.09 else 0%); Section D; Remarks: Lacombe et al., 2013; Laucou et al., 2018"
Papaskarasi,Prokupac,,SNP (Vitis18K),SNP,~18000,3380.0,Lacombe & Emanuelli et al. 2020,10.3389/fpls.2020.605934,2021,probable,"LOD=3380; Mendelian errors=3 (9.0% if 0.09 else 0%); Section D; Remarks: Lacombe et al., 2013; Laucou et al., 2018"
Pasiga,Alphonse Lavallee,,SNP (Vitis18K),SNP,~18000,3221.0,Lacombe & Emanuelli et al. 2020,10.3389/fpls.2020.605934,2021,probable,"LOD=3221; Mendelian errors=2 (6.0% if 0.06 else 0%); Section D; Remarks: confirmation of breeder's data by Ibáñez et al., 2009; Lacombe et al., 2013"
Pasiga,Sultanina,,SNP (Vitis18K),SNP,~18000,3221.0,Lacombe & Emanuelli et al. 2020,10.3389/fpls.2020.605934,2021,probable,"LOD=3221; Mendelian errors=2 (6.0% if 0.06 else 0%); Section D; Remarks: confirmation of breeder's data by Ibáñez et al., 2009; Lacombe et al., 2013"
Passau,Chatus,,SNP (Vitis18K),SNP,~18000,2968.0,Lacombe & Emanuelli et al. 2020,10.3389/fpls.2020.605934,2021,probable,"LOD=2968; Mendelian errors=0 (0.0% if 0 else 0%); Section D; Remarks: unvalidation of breeder's data by Raimondi et al., 2017"
Passau,Dolcetto,,SNP (Vitis18K),SNP,~18000,2968.0,Lacombe & Emanuelli et al. 2020,10.3389/fpls.2020.605934,2021,probable,"LOD=2968; Mendelian errors=0 (0.0% if 0 else 0%); Section D; Remarks: unvalidation of breeder's data by Raimondi et al., 2017"
Petit Bouschet,Aramon,,SNP (Vitis18K),SNP,~18000,3070.0,Lacombe & Emanuelli et al. 2020,10.3389/fpls.2020.605934,2021,probable,"LOD=3070; Mendelian errors=1 (3.0% if 0.03 else 0%); Section D; Remarks: Cabezas et al., 2003; Lacombe et al 2013"
Petit Bouschet,Teinturier,,SNP (Vitis18K),SNP,~18000,3070.0,Lacombe & Emanuelli et al. 2020,10.3389/fpls.2020.605934,2021,probable,"LOD=3070; Mendelian errors=1 (3.0% if 0.03 else 0%); Section D; Remarks: Cabezas et al., 2003; Lacombe et al 2013"
Pinotage,Cinsaut,,SNP (Vitis18K),SNP,~18000,2761.0,Lacombe & Emanuelli et al. 2020,10.3389/fpls.2020.605934,2021,probable,"LOD=2761; Mendelian errors=1 (4.0% if 0.04 else 0%); Section D; Remarks: confirmation of breeder's data by Lacombe et al., 2013"
Pinotage,Pinot,,SNP (Vitis18K),SNP,~18000,2761.0,Lacombe & Emanuelli et al. 2020,10.3389/fpls.2020.605934,2021,probable,"LOD=2761; Mendelian errors=1 (4.0% if 0.04 else 0%); Section D; Remarks: confirmation of breeder's data by Lacombe et al., 2013"
Planta nova,Heptakilo,,SNP (Vitis18K),SNP,~18000,3269.0,Lacombe & Emanuelli et al. 2020,10.3389/fpls.2020.605934,2021,probable,"LOD=3269; Mendelian errors=1 (3.0% if 0.03 else 0%); Section D; Remarks: Lacombe et al., 2013"
Planta nova,Rojal tinta,,SNP (Vitis18K),SNP,~18000,3269.0,Lacombe & Emanuelli et al. 2020,10.3389/fpls.2020.605934,2021,probable,"LOD=3269; Mendelian errors=1 (3.0% if 0.03 else 0%); Section D; Remarks: Lacombe et al., 2013"
Plavina,Primitivo,,SNP (Vitis18K),SNP,~18000,3239.0,Lacombe & Emanuelli et al. 2020,10.3389/fpls.2020.605934,2021,probable,"LOD=3239; Mendelian errors=1 (3.0% if 0.03 else 0%); Section D; Remarks: Cipriani et al., 2010; Lacombe et al., 2013; De Lorenzis et al., 2019 (only PO with 'Primitivo')"
Plavina,Verdeca (Lagorthi),,SNP (Vitis18K),SNP,~18000,3239.0,Lacombe & Emanuelli et al. 2020,10.3389/fpls.2020.605934,2021,probable,"LOD=3239; Mendelian errors=1 (3.0% if 0.03 else 0%); Section D; Remarks: Cipriani et al., 2010; Lacombe et al., 2013; De Lorenzis et al., 2019 (only PO with 'Primitivo')"
Quiebratinajas tinto,Breval negro,,SNP (Vitis18K),SNP,~18000,3083.0,Lacombe & Emanuelli et al. 2020,10.3389/fpls.2020.605934,2021,probable,"LOD=3083; Mendelian errors=1 (3.0% if 0.03 else 0%); Section D; Remarks: Laucou et al., 2018"
Quiebratinajas tinto,Castellana blanca,,SNP (Vitis18K),SNP,~18000,3083.0,Lacombe & Emanuelli et al. 2020,10.3389/fpls.2020.605934,2021,probable,"LOD=3083; Mendelian errors=1 (3.0% if 0.03 else 0%); Section D; Remarks: Laucou et al., 2018"
Rannii Vira,Chaouch blanc,,SNP (Vitis18K),SNP,~18000,3609.0,Lacombe & Emanuelli et al. 2020,10.3389/fpls.2020.605934,2021,probable,"LOD=3609; Mendelian errors=3 (8.0% if 0.08 else 0%); Section D; Remarks: confirmation of breeder's data by Lacombe et al., 2013"
Rannii Vira,Kichmich tcherni,,SNP (Vitis18K),SNP,~18000,3609.0,Lacombe & Emanuelli et al. 2020,10.3389/fpls.2020.605934,2021,probable,"LOD=3609; Mendelian errors=3 (8.0% if 0.08 else 0%); Section D; Remarks: confirmation of breeder's data by Lacombe et al., 2013"
Rassegui,Heptakilo,,SNP (Vitis18K),SNP,~18000,3371.0,Lacombe & Emanuelli et al. 2020,10.3389/fpls.2020.605934,2021,probable,"LOD=3371; Mendelian errors=0 (0.0% if 0 else 0%); Section D; Remarks: Lacombe et al., 2013; Laucou et al., 2018"
Rassegui,Planta fina,,SNP (Vitis18K),SNP,~18000,3371.0,Lacombe & Emanuelli et al. 2020,10.3389/fpls.2020.605934,2021,probable,"LOD=3371; Mendelian errors=0 (0.0% if 0 else 0%); Section D; Remarks: Lacombe et al., 2013; Laucou et al., 2018"
Roi des precoces,Cinsaut,,SNP (Vitis18K),SNP,~18000,2761.0,Lacombe & Emanuelli et al. 2020,10.3389/fpls.2020.605934,2021,probable,"LOD=2761; Mendelian errors=1 (4.0% if 0.04 else 0%); Section D; Remarks: Vargas et al., 2009; Lacombe et al., 2013"
Roi des precoces,Pinot,,SNP (Vitis18K),SNP,~18000,2761.0,Lacombe & Emanuelli et al. 2020,10.3389/fpls.2020.605934,2021,probable,"LOD=2761; Mendelian errors=1 (4.0% if 0.04 else 0%); Section D; Remarks: Vargas et al., 2009; Lacombe et al., 2013"
Romeiko,Ladikino,,SNP (Vitis18K),SNP,~18000,3261.0,Lacombe & Emanuelli et al. 2020,10.3389/fpls.2020.605934,2021,probable,"LOD=3261; Mendelian errors=1 (3.0% if 0.03 else 0%); Section D; Remarks: Lacombe et al., 2013"
Romeiko,Verdeca (Lagorthi),,SNP (Vitis18K),SNP,~18000,3261.0,Lacombe & Emanuelli et al. 2020,10.3389/fpls.2020.605934,2021,probable,"LOD=3261; Mendelian errors=1 (3.0% if 0.03 else 0%); Section D; Remarks: Lacombe et al., 2013"
Roublot,Heunisch Weiss,,SNP (Vitis18K),SNP,~18000,2818.0,Lacombe & Emanuelli et al. 2020,10.3389/fpls.2020.605934,2021,probable,"LOD=2818; Mendelian errors=2 (7.0% if 0.07 else 0%); Section D; Remarks: Bowers et al., 1999; Bousiquot et al., 2004; Lacombe et al., 2013"
Roublot,Pinot,,SNP (Vitis18K),SNP,~18000,2818.0,Lacombe & Emanuelli et al. 2020,10.3389/fpls.2020.605934,2021,probable,"LOD=2818; Mendelian errors=2 (7.0% if 0.07 else 0%); Section D; Remarks: Bowers et al., 1999; Bousiquot et al., 2004; Lacombe et al., 2013"
Roumi noir,Coarna neagra,,SNP (Vitis18K),SNP,~18000,3176.0,Lacombe & Emanuelli et al. 2020,10.3389/fpls.2020.605934,2021,probable,"LOD=3176; Mendelian errors=1 (3.0% if 0.03 else 0%); Section D; Remarks: Lacombe et al., 2013"
Roumi noir,Moscato d'Amburgo,,SNP (Vitis18K),SNP,~18000,3176.0,Lacombe & Emanuelli et al. 2020,10.3389/fpls.2020.605934,2021,probable,"LOD=3176; Mendelian errors=1 (3.0% if 0.03 else 0%); Section D; Remarks: Lacombe et al., 2013"
Rubinovyi Magaracha,Cabernet sauvignon,,SNP (Vitis18K),SNP,~18000,3137.0,Lacombe & Emanuelli et al. 2020,10.3389/fpls.2020.605934,2021,probable,"LOD=3137; Mendelian errors=3 (10.0% if 0.1 else 0%); Section D; Remarks: confirmation of breeder's data by Goryslavets et al., 2010; Lacombe et al., 2013"
Rubinovyi Magaracha,Saperavi,,SNP (Vitis18K),SNP,~18000,3137.0,Lacombe & Emanuelli et al. 2020,10.3389/fpls.2020.605934,2021,probable,"LOD=3137; Mendelian errors=3 (10.0% if 0.1 else 0%); Section D; Remarks: confirmation of breeder's data by Goryslavets et al., 2010; Lacombe et al., 2013"
Ruby Cabernet,Cabernet sauvignon,,SNP (Vitis18K),SNP,~18000,2855.0,Lacombe & Emanuelli et al. 2020,10.3389/fpls.2020.605934,2021,probable,"LOD=2855; Mendelian errors=0 (0.0% if 0 else 0%); Section D; Remarks: confirmation of breeder's data by Buhner-Zaharieva et al., 2010; Lacombe et al., 2013"
Ruby Cabernet,Carignan (Mazuelo),,SNP (Vitis18K),SNP,~18000,2855.0,Lacombe & Emanuelli et al. 2020,10.3389/fpls.2020.605934,2021,probable,"LOD=2855; Mendelian errors=0 (0.0% if 0 else 0%); Section D; Remarks: confirmation of breeder's data by Buhner-Zaharieva et al., 2010; Lacombe et al., 2013"
Ruché,Croatina,,SNP (Vitis18K),SNP,~18000,2994.0,Lacombe & Emanuelli et al. 2020,10.3389/fpls.2020.605934,2021,probable,"LOD=2994; Mendelian errors=1 (3.0% if 0.03 else 0%); Section D; Remarks: Ruffa et al., 2016"
Ruché,Malvasia aromatica di Parma,,SNP (Vitis18K),SNP,~18000,2994.0,Lacombe & Emanuelli et al. 2020,10.3389/fpls.2020.605934,2021,probable,"LOD=2994; Mendelian errors=1 (3.0% if 0.03 else 0%); Section D; Remarks: Ruffa et al., 2016"
San Michele,Barbera,,SNP (Vitis18K),SNP,~18000,2850.0,Lacombe & Emanuelli et al. 2020,10.3389/fpls.2020.605934,2021,probable,"LOD=2850; Mendelian errors=0 (0.0% if 0 else 0%); Section D; Remarks: unvalidation of breeder's data by Raimondi et al., 2017"
San Michele,Chatus,,SNP (Vitis18K),SNP,~18000,2850.0,Lacombe & Emanuelli et al. 2020,10.3389/fpls.2020.605934,2021,probable,"LOD=2850; Mendelian errors=0 (0.0% if 0 else 0%); Section D; Remarks: unvalidation of breeder's data by Raimondi et al., 2017"
Santa Magdalena,Blanc de morgex,,SNP (Vitis18K),SNP,~18000,2890.0,Lacombe & Emanuelli et al. 2020,10.3389/fpls.2020.605934,2021,probable,"LOD=2890; Mendelian errors=3 (10.0% if 0.1 else 0%); Section D; Remarks: García-Muñoz, 2011; Lacombe et al., 2013; Ghaffari et al., 2014; Laucou et al., 2018"
Santa Magdalena,Planta fina,,SNP (Vitis18K),SNP,~18000,2890.0,Lacombe & Emanuelli et al. 2020,10.3389/fpls.2020.605934,2021,probable,"LOD=2890; Mendelian errors=3 (10.0% if 0.1 else 0%); Section D; Remarks: García-Muñoz, 2011; Lacombe et al., 2013; Ghaffari et al., 2014; Laucou et al., 2018"
Sena,Heben,,SNP (Vitis18K),SNP,~18000,2858.0,Lacombe & Emanuelli et al. 2020,10.3389/fpls.2020.605934,2021,probable,"LOD=2858; Mendelian errors=1 (3.0% if 0.03 else 0%); Section D; Remarks: Zinelabidine et al., 2015"
Sena,Manseng noir,,SNP (Vitis18K),SNP,~18000,2858.0,Lacombe & Emanuelli et al. 2020,10.3389/fpls.2020.605934,2021,probable,"LOD=2858; Mendelian errors=1 (3.0% if 0.03 else 0%); Section D; Remarks: Zinelabidine et al., 2015"
Servant,Achladi (Pergolese di Tivoli),,SNP (Vitis18K),SNP,~18000,3127.0,Lacombe & Emanuelli et al. 2020,10.3389/fpls.2020.605934,2021,probable,"LOD=3127; Mendelian errors=1 (3.0% if 0.03 else 0%); Section D; Remarks: Lacombe et al., 2013; Laucou et al., 2018"
Servant,Wildbacher de Hongrie,,SNP (Vitis18K),SNP,~18000,3127.0,Lacombe & Emanuelli et al. 2020,10.3389/fpls.2020.605934,2021,probable,"LOD=3127; Mendelian errors=1 (3.0% if 0.03 else 0%); Section D; Remarks: Lacombe et al., 2013; Laucou et al., 2018"
Siegerrebe,Madeleine angevine,,SNP (Vitis18K),SNP,~18000,2935.0,Lacombe & Emanuelli et al. 2020,10.3389/fpls.2020.605934,2021,probable,"LOD=2935; Mendelian errors=0 (0.0% if 0 else 0%); Section D; Remarks: Maul et al., 2012; Lacombe et al., 2013; Laucou et al., 2018"
Siegerrebe,Savagnin,,SNP (Vitis18K),SNP,~18000,2935.0,Lacombe & Emanuelli et al. 2020,10.3389/fpls.2020.605934,2021,probable,"LOD=2935; Mendelian errors=0 (0.0% if 0 else 0%); Section D; Remarks: Maul et al., 2012; Lacombe et al., 2013; Laucou et al., 2018"
Somarello,Garganega,,SNP (Vitis18K),SNP,~18000,3255.0,Lacombe & Emanuelli et al. 2020,10.3389/fpls.2020.605934,2021,probable,"LOD=3255; Mendelian errors=0 (0.0% if 0 else 0%); Section D; Remarks: Di Vecchi Staraz et al., 2007; Lacombe et al., 2013 (Susumaniello)"
Somarello,Uva sacra (Uva sogra),,SNP (Vitis18K),SNP,~18000,3255.0,Lacombe & Emanuelli et al. 2020,10.3389/fpls.2020.605934,2021,probable,"LOD=3255; Mendelian errors=0 (0.0% if 0 else 0%); Section D; Remarks: Di Vecchi Staraz et al., 2007; Lacombe et al., 2013 (Susumaniello)"
Sultana moscata,Sultanina,,SNP (Vitis18K),SNP,~18000,3365.0,Lacombe & Emanuelli et al. 2020,10.3389/fpls.2020.605934,2021,probable,"LOD=3365; Mendelian errors=3 (9.0% if 0.09 else 0%); Section D; Remarks: Ibáñez et al., 2009; Lacombe et al., 2013; Laucou et al., 2018"
Sultana moscata,Zibibbo (Moscato d'Alessandria),,SNP (Vitis18K),SNP,~18000,3365.0,Lacombe & Emanuelli et al. 2020,10.3389/fpls.2020.605934,2021,probable,"LOD=3365; Mendelian errors=3 (9.0% if 0.09 else 0%); Section D; Remarks: Ibáñez et al., 2009; Lacombe et al., 2013; Laucou et al., 2018"
Syrah,Dureza,,SNP (Vitis18K),SNP,~18000,2825.0,Lacombe & Emanuelli et al. 2020,10.3389/fpls.2020.605934,2021,probable,"LOD=2825; Mendelian errors=2 (7.0% if 0.07 else 0%); Section D; Remarks: Bowers et al., 2000; Lacombe et al., 2013"
Syrah,Mondeuse blanche,,SNP (Vitis18K),SNP,~18000,2825.0,Lacombe & Emanuelli et al. 2020,10.3389/fpls.2020.605934,2021,probable,"LOD=2825; Mendelian errors=2 (7.0% if 0.07 else 0%); Section D; Remarks: Bowers et al., 2000; Lacombe et al., 2013"
Tarrango,Sultanina,,SNP (Vitis18K),SNP,~18000,2949.0,Lacombe & Emanuelli et al. 2020,10.3389/fpls.2020.605934,2021,probable,"LOD=2949; Mendelian errors=2 (7.0% if 0.07 else 0%); Section D; Remarks: confirmation of breeder's data by Lacombe et al., 2013"
Tarrango,Touriga nacional,,SNP (Vitis18K),SNP,~18000,2949.0,Lacombe & Emanuelli et al. 2020,10.3389/fpls.2020.605934,2021,probable,"LOD=2949; Mendelian errors=2 (7.0% if 0.07 else 0%); Section D; Remarks: confirmation of breeder's data by Lacombe et al., 2013"
Teinturier ad acino rotondo,Neretto duro (Balau),,SNP (Vitis18K),SNP,~18000,3157.0,Lacombe & Emanuelli et al. 2020,10.3389/fpls.2020.605934,2021,probable,"LOD=3157; Mendelian errors=1 (3.0% if 0.03 else 0%); Section D; Remarks: Raimondi et al., 2020 (Teinturier=Teinturier du Cher)"
Teinturier ad acino rotondo,Teinturier,,SNP (Vitis18K),SNP,~18000,3157.0,Lacombe & Emanuelli et al. 2020,10.3389/fpls.2020.605934,2021,probable,"LOD=3157; Mendelian errors=1 (3.0% if 0.03 else 0%); Section D; Remarks: Raimondi et al., 2020 (Teinturier=Teinturier du Cher)"
Tempranillo,Albillo mayor,,SNP (Vitis18K),SNP,~18000,3223.0,Lacombe & Emanuelli et al. 2020,10.3389/fpls.2020.605934,2021,probable,"LOD=3223; Mendelian errors=0 (0.0% if 0 else 0%); Section D; Remarks: Ibáñez et al., 2012; Laucou et al., 2018"
Tempranillo,Benedicto,,SNP (Vitis18K),SNP,~18000,3223.0,Lacombe & Emanuelli et al. 2020,10.3389/fpls.2020.605934,2021,probable,"LOD=3223; Mendelian errors=0 (0.0% if 0 else 0%); Section D; Remarks: Ibáñez et al., 2012; Laucou et al., 2018"
Tinta Barroca,Marufo,,SNP (Vitis18K),SNP,~18000,2917.0,Lacombe & Emanuelli et al. 2020,10.3389/fpls.2020.605934,2021,probable,"LOD=2917; Mendelian errors=0 (0.0% if 0 else 0%); Section D; Remarks: Castro et al., 2011; Lacombe et al., 2013"
Tinta Barroca,Touriga nacional,,SNP (Vitis18K),SNP,~18000,2917.0,Lacombe & Emanuelli et al. 2020,10.3389/fpls.2020.605934,2021,probable,"LOD=2917; Mendelian errors=0 (0.0% if 0 else 0%); Section D; Remarks: Castro et al., 2011; Lacombe et al., 2013"
Torralba,Breval negro,,SNP (Vitis18K),SNP,~18000,3017.0,Lacombe & Emanuelli et al. 2020,10.3389/fpls.2020.605934,2021,probable,"LOD=3017; Mendelian errors=0 (0.0% if 0 else 0%); Section D; Remarks: Laucou et al., 2018"
Torralba,Heben,,SNP (Vitis18K),SNP,~18000,3017.0,Lacombe & Emanuelli et al. 2020,10.3389/fpls.2020.605934,2021,probable,"LOD=3017; Mendelian errors=0 (0.0% if 0 else 0%); Section D; Remarks: Laucou et al., 2018"
Torrontes riojano,Listan prieto,,SNP (Vitis18K),SNP,~18000,3098.0,Lacombe & Emanuelli et al. 2020,10.3389/fpls.2020.605934,2021,probable,"LOD=3098; Mendelian errors=2 (6.0% if 0.06 else 0%); Section D; Remarks: Agüero et al., 2003; This et al., 2006; Lacombe et al., 2007; Tapia et al., 2007; Lacombe et al., 2013"
Torrontes riojano,Zibibbo (Moscato d'Alessandria),,SNP (Vitis18K),SNP,~18000,3098.0,Lacombe & Emanuelli et al. 2020,10.3389/fpls.2020.605934,2021,probable,"LOD=3098; Mendelian errors=2 (6.0% if 0.06 else 0%); Section D; Remarks: Agüero et al., 2003; This et al., 2006; Lacombe et al., 2007; Tapia et al., 2007; Lacombe et al., 2013"
Totika,Augster blau,,SNP (Vitis18K),SNP,~18000,3545.0,Lacombe & Emanuelli et al. 2020,10.3389/fpls.2020.605934,2021,probable,"LOD=3545; Mendelian errors=1 (3.0% if 0.03 else 0%); Section D; Remarks: Lacombe et al., 2013"
Totika,Kadarka kek,,SNP (Vitis18K),SNP,~18000,3545.0,Lacombe & Emanuelli et al. 2020,10.3389/fpls.2020.605934,2021,probable,"LOD=3545; Mendelian errors=1 (3.0% if 0.03 else 0%); Section D; Remarks: Lacombe et al., 2013"
Touriganca,Marufo,,SNP (Vitis18K),SNP,~18000,2917.0,Lacombe & Emanuelli et al. 2020,10.3389/fpls.2020.605934,2021,probable,"LOD=2917; Mendelian errors=1 (3.0% if 0.03 else 0%); Section D; Remarks: Castro et al., 2011; Lacombe et al., 2013"
Touriganca,Touriga nacional,,SNP (Vitis18K),SNP,~18000,2917.0,Lacombe & Emanuelli et al. 2020,10.3389/fpls.2020.605934,2021,probable,"LOD=2917; Mendelian errors=1 (3.0% if 0.03 else 0%); Section D; Remarks: Castro et al., 2011; Lacombe et al., 2013"
Trincadeira das pratas,Alfrocheiro preto,,SNP (Vitis18K),SNP,~18000,2669.0,Lacombe & Emanuelli et al. 2020,10.3389/fpls.2020.605934,2021,probable,"LOD=2669; Mendelian errors=0 (0.0% if 0 else 0%); Section D; Remarks: Cunha et al., 2015; Zinelabidine et al., 2015"
Trincadeira das pratas,Heben,,SNP (Vitis18K),SNP,~18000,2669.0,Lacombe & Emanuelli et al. 2020,10.3389/fpls.2020.605934,2021,probable,"LOD=2669; Mendelian errors=0 (0.0% if 0 else 0%); Section D; Remarks: Cunha et al., 2015; Zinelabidine et al., 2015"
Urmi dinka,Izsaki sarfeher,,SNP (Vitis18K),SNP,~18000,3342.0,Lacombe & Emanuelli et al. 2020,10.3389/fpls.2020.605934,2021,probable,"LOD=3342; Mendelian errors=0 (0.0% if 0 else 0%); Section D; Remarks: Lacombe et al., 2013; Laucou et al., 2018"
Urmi dinka,Kadarka kek,,SNP (Vitis18K),SNP,~18000,3342.0,Lacombe & Emanuelli et al. 2020,10.3389/fpls.2020.605934,2021,probable,"LOD=3342; Mendelian errors=0 (0.0% if 0 else 0%); Section D; Remarks: Lacombe et al., 2013; Laucou et al., 2018"
Uva di Troia,Bombino bianco,,SNP (Vitis18K),SNP,~18000,3099.0,Lacombe & Emanuelli et al. 2020,10.3389/fpls.2020.605934,2021,probable,"LOD=3099; Mendelian errors=2 (6.0% if 0.06 else 0%); Section D; Remarks: Lacombe et al., 2013"
Uva di Troia,Quagliano (Bouteillan),,SNP (Vitis18K),SNP,~18000,3099.0,Lacombe & Emanuelli et al. 2020,10.3389/fpls.2020.605934,2021,probable,"LOD=3099; Mendelian errors=2 (6.0% if 0.06 else 0%); Section D; Remarks: Lacombe et al., 2013"
Valentino,Chatus,,SNP (Vitis18K),SNP,~18000,2968.0,Lacombe & Emanuelli et al. 2020,10.3389/fpls.2020.605934,2021,probable,"LOD=2968; Mendelian errors=0 (0.0% if 0 else 0%); Section D; Remarks: unvalidation of breeder's data by Raimondi et al., 2017"
Valentino,Dolcetto,,SNP (Vitis18K),SNP,~18000,2968.0,Lacombe & Emanuelli et al. 2020,10.3389/fpls.2020.605934,2021,probable,"LOD=2968; Mendelian errors=0 (0.0% if 0 else 0%); Section D; Remarks: unvalidation of breeder's data by Raimondi et al., 2017"
Vega,Furmint,,SNP (Vitis18K),SNP,~18000,3201.0,Lacombe & Emanuelli et al. 2020,10.3389/fpls.2020.605934,2021,probable,"LOD=3201; Mendelian errors=1 (3.0% if 0.03 else 0%); Section D; Remarks: Raimondi et al., 2017"
Vega,Malvasia istriana,,SNP (Vitis18K),SNP,~18000,3201.0,Lacombe & Emanuelli et al. 2020,10.3389/fpls.2020.605934,2021,probable,"LOD=3201; Mendelian errors=1 (3.0% if 0.03 else 0%); Section D; Remarks: Raimondi et al., 2017"
Verdejo blanco,Castellana blanca,,SNP (Vitis18K),SNP,~18000,2798.0,Lacombe & Emanuelli et al. 2020,10.3389/fpls.2020.605934,2021,probable,"LOD=2798; Mendelian errors=0 (0.0% if 0 else 0%); Section D; Remarks: Lacombe et al., 2013"
Verdejo blanco,Savagnin,,SNP (Vitis18K),SNP,~18000,2798.0,Lacombe & Emanuelli et al. 2020,10.3389/fpls.2020.605934,2021,probable,"LOD=2798; Mendelian errors=0 (0.0% if 0 else 0%); Section D; Remarks: Lacombe et al., 2013"
Verdejo de Salamanca,Heben,,SNP (Vitis18K),SNP,~18000,3196.0,Lacombe & Emanuelli et al. 2020,10.3389/fpls.2020.605934,2021,probable,"LOD=3196; Mendelian errors=1 (3.0% if 0.03 else 0%); Section D; Remarks: Zinelabidine et al., 2015"
Verdejo de Salamanca,Listan prieto,,SNP (Vitis18K),SNP,~18000,3196.0,Lacombe & Emanuelli et al. 2020,10.3389/fpls.2020.605934,2021,probable,"LOD=3196; Mendelian errors=1 (3.0% if 0.03 else 0%); Section D; Remarks: Zinelabidine et al., 2015"
Vespolina,Nebbiolo,,SNP (Vitis18K),SNP,~18000,2708.0,Lacombe & Emanuelli et al. 2020,10.3389/fpls.2020.605934,2021,probable,"LOD=2708; Mendelian errors=0 (0.0% if 0 else 0%); Section D; Remarks: Raimondi et al., 2020 (Orsolina=Coccalona nera)"
Vespolina,Orsolina,,SNP (Vitis18K),SNP,~18000,2708.0,Lacombe & Emanuelli et al. 2020,10.3389/fpls.2020.605934,2021,probable,"LOD=2708; Mendelian errors=0 (0.0% if 0 else 0%); Section D; Remarks: Raimondi et al., 2020 (Orsolina=Coccalona nera)"
Victoria,Afus ali,,SNP (Vitis18K),SNP,~18000,3339.0,Lacombe & Emanuelli et al. 2020,10.3389/fpls.2020.605934,2021,probable,"LOD=3339; Mendelian errors=0 (0.0% if 0 else 0%); Section D; Remarks: Zulini et al., 2002; Cipriani et al., 2010; Lacombe et al., 2013; Ghaffari et al., 2014"
Victoria,Cardinal,,SNP (Vitis18K),SNP,~18000,3339.0,Lacombe & Emanuelli et al. 2020,10.3389/fpls.2020.605934,2021,probable,"LOD=3339; Mendelian errors=0 (0.0% if 0 else 0%); Section D; Remarks: Zulini et al., 2002; Cipriani et al., 2010; Lacombe et al., 2013; Ghaffari et al., 2014"
Vital,Malvasia fina,,SNP (Vitis18K),SNP,~18000,3101.0,Lacombe & Emanuelli et al. 2020,10.3389/fpls.2020.605934,2021,probable,"LOD=3101; Mendelian errors=0 (0.0% if 0 else 0%); Section D; Remarks: Lacombe et al., 2013"
Vital,Rabo de ovelha,,SNP (Vitis18K),SNP,~18000,3101.0,Lacombe & Emanuelli et al. 2020,10.3389/fpls.2020.605934,2021,probable,"LOD=3101; Mendelian errors=0 (0.0% if 0 else 0%); Section D; Remarks: Lacombe et al., 2013"
Vitouska,Glera,,SNP (Vitis18K),SNP,~18000,3009.0,Lacombe & Emanuelli et al. 2020,10.3389/fpls.2020.605934,2021,probable,"LOD=3009; Mendelian errors=0 (0.0% if 0 else 0%); Section D; Remarks: Crespan et al., 2017"
Vitouska,Malvasia bianca lunga,,SNP (Vitis18K),SNP,~18000,3009.0,Lacombe & Emanuelli et al. 2020,10.3389/fpls.2020.605934,2021,probable,"LOD=3009; Mendelian errors=0 (0.0% if 0 else 0%); Section D; Remarks: Crespan et al., 2017"
Yakdona kizil,Khusaine belyi,,SNP (Vitis18K),SNP,~18000,3514.0,Lacombe & Emanuelli et al. 2020,10.3389/fpls.2020.605934,2021,probable,"LOD=3514; Mendelian errors=0 (0.0% if 0 else 0%); Section D; Remarks: Lacombe et al., 2013"
Yakdona kizil,Tagobi,,SNP (Vitis18K),SNP,~18000,3514.0,Lacombe & Emanuelli et al. 2020,10.3389/fpls.2020.605934,2021,probable,"LOD=3514; Mendelian errors=0 (0.0% if 0 else 0%); Section D; Remarks: Lacombe et al., 2013"
Zibibbo (Moscato d'Alessandria),Heptakilo,,SNP (Vitis18K),SNP,~18000,3324.0,Lacombe & Emanuelli et al. 2020,10.3389/fpls.2020.605934,2021,probable,"LOD=3324; Mendelian errors=3 (9.0% if 0.09 else 0%); Section D; Remarks: Cipriani et al., 2010; Lacombe et al., 2010; Lacombe et al., 2013; Ghaffari et al., 2014"
Zibibbo (Moscato d'Alessandria),Moscato bianco,,SNP (Vitis18K),SNP,~18000,3324.0,Lacombe & Emanuelli et al. 2020,10.3389/fpls.2020.605934,2021,probable,"LOD=3324; Mendelian errors=3 (9.0% if 0.09 else 0%); Section D; Remarks: Cipriani et al., 2010; Lacombe et al., 2010; Lacombe et al., 2013; Ghaffari et al., 2014"
Zweigeltrebe blau,Blaufraenkisch,,SNP (Vitis18K),SNP,~18000,3210.0,Lacombe & Emanuelli et al. 2020,10.3389/fpls.2020.605934,2021,probable,"LOD=3210; Mendelian errors=3 (9.0% if 0.09 else 0%); Section D; Remarks: confirmation of breeder's data by Sefc et al., 1997; Lacombe et al., 2013; Laucou et al., 2018"
Zweigeltrebe blau,Saint-Laurent,,SNP (Vitis18K),SNP,~18000,3210.0,Lacombe & Emanuelli et al. 2020,10.3389/fpls.2020.605934,2021,probable,"LOD=3210; Mendelian errors=3 (9.0% if 0.09 else 0%); Section D; Remarks: confirmation of breeder's data by Sefc et al., 1997; Lacombe et al., 2013; Laucou et al., 2018"
Abello,Visparola,,SNP (Vitis18K),SNP,~18000,,Lacombe & Emanuelli et al. 2020,10.3389/fpls.2020.605934,2021,probable,"k0=0, k1=1, k2=0, kinship=0.25; Mendelian errors=1; Section A"
Visparola,Abello,,SNP (Vitis18K),SNP,~18000,,Lacombe & Emanuelli et al. 2020,10.3389/fpls.2020.605934,2021,probable,"k0=0, k1=1, k2=0, kinship=0.25; Mendelian errors=1; Section A"
Achladi (Pergolese di Tivoli),Invernenga,,SNP (Vitis18K),SNP,~18000,,Lacombe & Emanuelli et al. 2020,10.3389/fpls.2020.605934,2021,probable,"k0=0, k1=1, k2=0, kinship=0.25; Mendelian errors=1; Section A"
Invernenga,Achladi (Pergolese di Tivoli),,SNP (Vitis18K),SNP,~18000,,Lacombe & Emanuelli et al. 2020,10.3389/fpls.2020.605934,2021,probable,"k0=0, k1=1, k2=0, kinship=0.25; Mendelian errors=1; Section A"
Aglianico,Austegna,,SNP (Vitis18K),SNP,~18000,,Lacombe & Emanuelli et al. 2020,10.3389/fpls.2020.605934,2021,probable,"k0=0, k1=0.89, k2=0.11, kinship=0.28; Mendelian errors=1; Section A"
Austegna,Aglianico,,SNP (Vitis18K),SNP,~18000,,Lacombe & Emanuelli et al. 2020,10.3389/fpls.2020.605934,2021,probable,"k0=0, k1=0.89, k2=0.11, kinship=0.28; Mendelian errors=1; Section A"
Aglianico,Nera del Cilento,,SNP (Vitis18K),SNP,~18000,,Lacombe & Emanuelli et al. 2020,10.3389/fpls.2020.605934,2021,probable,"k0=0, k1=0.97, k2=0.03, kinship=0.26; Mendelian errors=0; Section A"
Nera del Cilento,Aglianico,,SNP (Vitis18K),SNP,~18000,,Lacombe & Emanuelli et al. 2020,10.3389/fpls.2020.605934,2021,probable,"k0=0, k1=0.97, k2=0.03, kinship=0.26; Mendelian errors=0; Section A"
Albana,Trebbianina,,SNP (Vitis18K),SNP,~18000,,Lacombe & Emanuelli et al. 2020,10.3389/fpls.2020.605934,2021,probable,"k0=0, k1=1, k2=0, kinship=0.25; Mendelian errors=1; Section A"
Trebbianina,Albana,,SNP (Vitis18K),SNP,~18000,,Lacombe & Emanuelli et al. 2020,10.3389/fpls.2020.605934,2021,probable,"k0=0, k1=1, k2=0, kinship=0.25; Mendelian errors=1; Section A"
Albana del paniere,Termarina (Sciaccarello),,SNP (Vitis18K),SNP,~18000,,Lacombe & Emanuelli et al. 2020,10.3389/fpls.2020.605934,2021,probable,"k0=0, k1=1, k2=0, kinship=0.25; Mendelian errors=0; Section A"
Termarina (Sciaccarello),Albana del paniere,,SNP (Vitis18K),SNP,~18000,,Lacombe & Emanuelli et al. 2020,10.3389/fpls.2020.605934,2021,probable,"k0=0, k1=1, k2=0, kinship=0.25; Mendelian errors=0; Section A"
Albanello,Vilana,,SNP (Vitis18K),SNP,~18000,,Lacombe & Emanuelli et al. 2020,10.3389/fpls.2020.605934,2021,probable,"k0=0, k1=0.87, k2=0.13, kinship=0.28; Mendelian errors=0; Section A"
Vilana,Albanello,,SNP (Vitis18K),SNP,~18000,,Lacombe & Emanuelli et al. 2020,10.3389/fpls.2020.605934,2021,probable,"k0=0, k1=0.87, k2=0.13, kinship=0.28; Mendelian errors=0; Section A"
Aleatico,Lacrima (di Morro d'Alba),,SNP (Vitis18K),SNP,~18000,,Lacombe & Emanuelli et al. 2020,10.3389/fpls.2020.605934,2021,probable,"k0=0, k1=0.93, k2=0.07, kinship=0.27; Mendelian errors=0; Section A"
Lacrima (di Morro d'Alba),Aleatico,,SNP (Vitis18K),SNP,~18000,,Lacombe & Emanuelli et al. 2020,10.3389/fpls.2020.605934,2021,probable,"k0=0, k1=0.93, k2=0.07, kinship=0.27; Mendelian errors=0; Section A"
Alicante (false),Lucignola,,SNP (Vitis18K),SNP,~18000,,Lacombe & Emanuelli et al. 2020,10.3389/fpls.2020.605934,2021,probable,"k0=0, k1=0.95, k2=0.04, kinship=0.26; Mendelian errors=1; Section A"
Lucignola,Alicante (false),,SNP (Vitis18K),SNP,~18000,,Lacombe & Emanuelli et al. 2020,10.3389/fpls.2020.605934,2021,probable,"k0=0, k1=0.95, k2=0.04, kinship=0.26; Mendelian errors=1; Section A"
Alionza,Garganega,,SNP (Vitis18K),SNP,~18000,,Lacombe & Emanuelli et al. 2020,10.3389/fpls.2020.605934,2021,probable,"k0=0, k1=1, k2=0, kinship=0.25; Mendelian errors=1; Section A"
Garganega,Alionza,,SNP (Vitis18K),SNP,~18000,,Lacombe & Emanuelli et al. 2020,10.3389/fpls.2020.605934,2021,probable,"k0=0, k1=1, k2=0, kinship=0.25; Mendelian errors=1; Section A"
Ansonica,Mantonico bianco,,SNP (Vitis18K),SNP,~18000,,Lacombe & Emanuelli et al. 2020,10.3389/fpls.2020.605934,2021,probable,"k0=0.01, k1=0.95, k2=0.04, kinship=0.26; Mendelian errors=3; Section A"
Mantonico bianco,Ansonica,,SNP (Vitis18K),SNP,~18000,,Lacombe & Emanuelli et al. 2020,10.3389/fpls.2020.605934,2021,probable,"k0=0.01, k1=0.95, k2=0.04, kinship=0.26; Mendelian errors=3; Section A"
Aramon,Vigne sauvage faux Mouchouses 1,,SNP (Vitis18K),SNP,~18000,,Lacombe & Emanuelli et al. 2020,10.3389/fpls.2020.605934,2021,probable,"k0=0, k1=1, k2=0, kinship=0.25; Mendelian errors=2; Section A"
Vigne sauvage faux Mouchouses 1,Aramon,,SNP (Vitis18K),SNP,~18000,,Lacombe & Emanuelli et al. 2020,10.3389/fpls.2020.605934,2021,probable,"k0=0, k1=1, k2=0, kinship=0.25; Mendelian errors=2; Section A"
Arilla,Biancolella,,SNP (Vitis18K),SNP,~18000,,Lacombe & Emanuelli et al. 2020,10.3389/fpls.2020.605934,2021,probable,"k0=0, k1=0.95, k2=0.05, kinship=0.26; Mendelian errors=1; Section A"
Biancolella,Arilla,,SNP (Vitis18K),SNP,~18000,,Lacombe & Emanuelli et al. 2020,10.3389/fpls.2020.605934,2021,probable,"k0=0, k1=0.95, k2=0.05, kinship=0.26; Mendelian errors=1; Section A"
Arsilico,Pampanaro,,SNP (Vitis18K),SNP,~18000,,Lacombe & Emanuelli et al. 2020,10.3389/fpls.2020.605934,2021,probable,"k0=0, k1=0.84, k2=0.16, kinship=0.29; Mendelian errors=1; Section A"
Pampanaro,Arsilico,,SNP (Vitis18K),SNP,~18000,,Lacombe & Emanuelli et al. 2020,10.3389/fpls.2020.605934,2021,probable,"k0=0, k1=0.84, k2=0.16, kinship=0.29; Mendelian errors=1; Section A"
Arsilico,Rosso antico,,SNP (Vitis18K),SNP,~18000,,Lacombe & Emanuelli et al. 2020,10.3389/fpls.2020.605934,2021,probable,"k0=0, k1=0.98, k2=0.02, kinship=0.26; Mendelian errors=0; Section A"
Rosso antico,Arsilico,,SNP (Vitis18K),SNP,~18000,,Lacombe & Emanuelli et al. 2020,10.3389/fpls.2020.605934,2021,probable,"k0=0, k1=0.98, k2=0.02, kinship=0.26; Mendelian errors=0; Section A"
Arsilico,Maiolica,,SNP (Vitis18K),SNP,~18000,,Lacombe & Emanuelli et al. 2020,10.3389/fpls.2020.605934,2021,probable,"k0=0, k1=0.95, k2=0.05, kinship=0.26; Mendelian errors=1; Section A"
Maiolica,Arsilico,,SNP (Vitis18K),SNP,~18000,,Lacombe & Emanuelli et al. 2020,10.3389/fpls.2020.605934,2021,probable,"k0=0, k1=0.95, k2=0.05, kinship=0.26; Mendelian errors=1; Section A"
Assoued kere,Grillo (false),,SNP (Vitis18K),SNP,~18000,,Lacombe & Emanuelli et al. 2020,10.3389/fpls.2020.605934,2021,probable,"k0=0, k1=0.82, k2=0.18, kinship=0.3; Mendelian errors=0; Section A"
Grillo (false),Assoued kere,,SNP (Vitis18K),SNP,~18000,,Lacombe & Emanuelli et al. 2020,10.3389/fpls.2020.605934,2021,probable,"k0=0, k1=0.82, k2=0.18, kinship=0.3; Mendelian errors=0; Section A"
Balzamino,Gambugliana,,SNP (Vitis18K),SNP,~18000,,Lacombe & Emanuelli et al. 2020,10.3389/fpls.2020.605934,2021,probable,"k0=0, k1=0.99, k2=0.01, kinship=0.25; Mendelian errors=0; Section A"
Gambugliana,Balzamino,,SNP (Vitis18K),SNP,~18000,,Lacombe & Emanuelli et al. 2020,10.3389/fpls.2020.605934,2021,probable,"k0=0, k1=0.99, k2=0.01, kinship=0.25; Mendelian errors=0; Section A"
Barsaglina,Visparola,,SNP (Vitis18K),SNP,~18000,,Lacombe & Emanuelli et al. 2020,10.3389/fpls.2020.605934,2021,probable,"k0=0, k1=1, k2=0, kinship=0.25; Mendelian errors=0; Section A"
Visparola,Barsaglina,,SNP (Vitis18K),SNP,~18000,,Lacombe & Emanuelli et al. 2020,10.3389/fpls.2020.605934,2021,probable,"k0=0, k1=1, k2=0, kinship=0.25; Mendelian errors=0; Section A"
Bazaleturi,Krakhouna,,SNP (Vitis18K),SNP,~18000,,Lacombe & Emanuelli et al. 2020,10.3389/fpls.2020.605934,2021,probable,"k0=0.01, k1=0.8, k2=0.19, kinship=0.3; Mendelian errors=5; Section A"
Krakhouna,Bazaleturi,,SNP (Vitis18K),SNP,~18000,,Lacombe & Emanuelli et al. 2020,10.3389/fpls.2020.605934,2021,probable,"k0=0.01, k1=0.8, k2=0.19, kinship=0.3; Mendelian errors=5; Section A"
Bazaleturi,Muradouli,,SNP (Vitis18K),SNP,~18000,,Lacombe & Emanuelli et al. 2020,10.3389/fpls.2020.605934,2021,probable,"k0=0.01, k1=0.92, k2=0.08, kinship=0.27; Mendelian errors=2; Section A"
Muradouli,Bazaleturi,,SNP (Vitis18K),SNP,~18000,,Lacombe & Emanuelli et al. 2020,10.3389/fpls.2020.605934,2021,probable,"k0=0.01, k1=0.92, k2=0.08, kinship=0.27; Mendelian errors=2; Section A"
Bazaleturi,Tsitska,,SNP (Vitis18K),SNP,~18000,,Lacombe & Emanuelli et al. 2020,10.3389/fpls.2020.605934,2021,probable,"k0=0.01, k1=0.73, k2=0.26, kinship=0.31; Mendelian errors=6; Section A"
Tsitska,Bazaleturi,,SNP (Vitis18K),SNP,~18000,,Lacombe & Emanuelli et al. 2020,10.3389/fpls.2020.605934,2021,probable,"k0=0.01, k1=0.73, k2=0.26, kinship=0.31; Mendelian errors=6; Section A"
Bazaleturi,Vertkvitchalis tetri,,SNP (Vitis18K),SNP,~18000,,Lacombe & Emanuelli et al. 2020,10.3389/fpls.2020.605934,2021,probable,"k0=0.02, k1=0.77, k2=0.22, kinship=0.3; Mendelian errors=6; Section A"
Vertkvitchalis tetri,Bazaleturi,,SNP (Vitis18K),SNP,~18000,,Lacombe & Emanuelli et al. 2020,10.3389/fpls.2020.605934,2021,probable,"k0=0.02, k1=0.77, k2=0.22, kinship=0.3; Mendelian errors=6; Section A"
Bellone,Pampanaro,,SNP (Vitis18K),SNP,~18000,,Lacombe & Emanuelli et al. 2020,10.3389/fpls.2020.605934,2021,probable,"k0=0, k1=0.94, k2=0.06, kinship=0.26; Mendelian errors=1; Section A"
Pampanaro,Bellone,,SNP (Vitis18K),SNP,~18000,,Lacombe & Emanuelli et al. 2020,10.3389/fpls.2020.605934,2021,probable,"k0=0, k1=0.94, k2=0.06, kinship=0.26; Mendelian errors=1; Section A"
Blatterle,Schiava gentile,,SNP (Vitis18K),SNP,~18000,,Lacombe & Emanuelli et al. 2020,10.3389/fpls.2020.605934,2021,probable,"k0=0.01, k1=0.73, k2=0.27, kinship=0.32; Mendelian errors=2; Section A"
Schiava gentile,Blatterle,,SNP (Vitis18K),SNP,~18000,,Lacombe & Emanuelli et al. 2020,10.3389/fpls.2020.605934,2021,probable,"k0=0.01, k1=0.73, k2=0.27, kinship=0.32; Mendelian errors=2; Section A"
Bombino bianco,Palomba (Uva Carrieri),,SNP (Vitis18K),SNP,~18000,,Lacombe & Emanuelli et al. 2020,10.3389/fpls.2020.605934,2021,probable,"k0=0, k1=0.95, k2=0.05, kinship=0.26; Mendelian errors=0; Section A"
Palomba (Uva Carrieri),Bombino bianco,,SNP (Vitis18K),SNP,~18000,,Lacombe & Emanuelli et al. 2020,10.3389/fpls.2020.605934,2021,probable,"k0=0, k1=0.95, k2=0.05, kinship=0.26; Mendelian errors=0; Section A"
Bombino bianco,Uva della macchia,,SNP (Vitis18K),SNP,~18000,,Lacombe & Emanuelli et al. 2020,10.3389/fpls.2020.605934,2021,probable,"k0=0, k1=0.92, k2=0.08, kinship=0.27; Mendelian errors=0; Section A"
Uva della macchia,Bombino bianco,,SNP (Vitis18K),SNP,~18000,,Lacombe & Emanuelli et al. 2020,10.3389/fpls.2020.605934,2021,probable,"k0=0, k1=0.92, k2=0.08, kinship=0.27; Mendelian errors=0; Section A"
Boschera,Vulpea,,SNP (Vitis18K),SNP,~18000,,Lacombe & Emanuelli et al. 2020,10.3389/fpls.2020.605934,2021,probable,"k0=0, k1=1, k2=0, kinship=0.25; Mendelian errors=1; Section A"
Vulpea,Boschera,,SNP (Vitis18K),SNP,~18000,,Lacombe & Emanuelli et al. 2020,10.3389/fpls.2020.605934,2021,probable,"k0=0, k1=1, k2=0, kinship=0.25; Mendelian errors=1; Section A"
Bracciola nera (false),Termarina (Sciaccarello),,SNP (Vitis18K),SNP,~18000,,Lacombe & Emanuelli et al. 2020,10.3389/fpls.2020.605934,2021,probable,"k0=0, k1=1, k2=0, kinship=0.25; Mendelian errors=1; Section A"
Termarina (Sciaccarello),Bracciola nera (false),,SNP (Vitis18K),SNP,~18000,,Lacombe & Emanuelli et al. 2020,10.3389/fpls.2020.605934,2021,probable,"k0=0, k1=1, k2=0, kinship=0.25; Mendelian errors=1; Section A"
Burdin 7419,Gamay,,SNP (Vitis18K),SNP,~18000,,Lacombe & Emanuelli et al. 2020,10.3389/fpls.2020.605934,2021,probable,"k0=0, k1=1, k2=0, kinship=0.25; Mendelian errors=0; Section A"
Gamay,Burdin 7419,,SNP (Vitis18K),SNP,~18000,,Lacombe & Emanuelli et al. 2020,10.3389/fpls.2020.605934,2021,probable,"k0=0, k1=1, k2=0, kinship=0.25; Mendelian errors=0; Section A"
Canina nera,Pelagos,,SNP (Vitis18K),SNP,~18000,,Lacombe & Emanuelli et al. 2020,10.3389/fpls.2020.605934,2021,probable,"k0=0, k1=1, k2=0, kinship=0.25; Mendelian errors=2; Section A"
Pelagos,Canina nera,,SNP (Vitis18K),SNP,~18000,,Lacombe & Emanuelli et al. 2020,10.3389/fpls.2020.605934,2021,probable,"k0=0, k1=1, k2=0, kinship=0.25; Mendelian errors=2; Section A"
Cannonau (Garnacha tinta),Galibert treblanc,,SNP (Vitis18K),SNP,~18000,,Lacombe & Emanuelli et al. 2020,10.3389/fpls.2020.605934,2021,probable,"k0=0, k1=0.93, k2=0.07, kinship=0.27; Mendelian errors=0; Section A"
Galibert treblanc,Cannonau (Garnacha tinta),,SNP (Vitis18K),SNP,~18000,,Lacombe & Emanuelli et al. 2020,10.3389/fpls.2020.605934,2021,probable,"k0=0, k1=0.93, k2=0.07, kinship=0.27; Mendelian errors=0; Section A"
Capretta,Maturano,,SNP (Vitis18K),SNP,~18000,,Lacombe & Emanuelli et al. 2020,10.3389/fpls.2020.605934,2021,probable,"k0=0.01, k1=0.98, k2=0.01, kinship=0.25; Mendelian errors=2; Section A"
Maturano,Capretta,,SNP (Vitis18K),SNP,~18000,,Lacombe & Emanuelli et al. 2020,10.3389/fpls.2020.605934,2021,probable,"k0=0.01, k1=0.98, k2=0.01, kinship=0.25; Mendelian errors=2; Section A"
Carraresa,Gargola,,SNP (Vitis18K),SNP,~18000,,Lacombe & Emanuelli et al. 2020,10.3389/fpls.2020.605934,2021,probable,"k0=0, k1=1, k2=0, kinship=0.25; Mendelian errors=0; Section A"
Gargola,Carraresa,,SNP (Vitis18K),SNP,~18000,,Lacombe & Emanuelli et al. 2020,10.3389/fpls.2020.605934,2021,probable,"k0=0, k1=1, k2=0, kinship=0.25; Mendelian errors=0; Section A"
Carricante,Maria,,SNP (Vitis18K),SNP,~18000,,Lacombe & Emanuelli et al. 2020,10.3389/fpls.2020.605934,2021,probable,"k0=0, k1=0.92, k2=0.08, kinship=0.27; Mendelian errors=1; Section A"
Maria,Carricante,,SNP (Vitis18K),SNP,~18000,,Lacombe & Emanuelli et al. 2020,10.3389/fpls.2020.605934,2021,probable,"k0=0, k1=0.92, k2=0.08, kinship=0.27; Mendelian errors=1; Section A"
Casavecchia,Guarnaccia (false),,SNP (Vitis18K),SNP,~18000,,Lacombe & Emanuelli et al. 2020,10.3389/fpls.2020.605934,2021,probable,"k0=0, k1=0.94, k2=0.06, kinship=0.26; Mendelian errors=0; Section A"
Guarnaccia (false),Casavecchia,,SNP (Vitis18K),SNP,~18000,,Lacombe & Emanuelli et al. 2020,10.3389/fpls.2020.605934,2021,probable,"k0=0, k1=0.94, k2=0.06, kinship=0.26; Mendelian errors=0; Section A"
Centesimino,Moscato violetto (Muscat rouge de Madère),,SNP (Vitis18K),SNP,~18000,,Lacombe & Emanuelli et al. 2020,10.3389/fpls.2020.605934,2021,probable,"k0=0, k1=1, k2=0, kinship=0.25; Mendelian errors=0; Section A"
Moscato violetto (Muscat rouge de Madère),Centesimino,,SNP (Vitis18K),SNP,~18000,,Lacombe & Emanuelli et al. 2020,10.3389/fpls.2020.605934,2021,probable,"k0=0, k1=1, k2=0, kinship=0.25; Mendelian errors=0; Section A"
Centesimino,Sangiovese,,SNP (Vitis18K),SNP,~18000,,Lacombe & Emanuelli et al. 2020,10.3389/fpls.2020.605934,2021,probable,"k0=0, k1=1, k2=0, kinship=0.25; Mendelian errors=0; Section A"
Sangiovese,Centesimino,,SNP (Vitis18K),SNP,~18000,,Lacombe & Emanuelli et al. 2020,10.3389/fpls.2020.605934,2021,probable,"k0=0, k1=1, k2=0, kinship=0.25; Mendelian errors=0; Section A"
Cinsaut,Verdelet,,SNP (Vitis18K),SNP,~18000,,Lacombe & Emanuelli et al. 2020,10.3389/fpls.2020.605934,2021,probable,"k0=0, k1=0.99, k2=0.01, kinship=0.25; Mendelian errors=1; Section A"
Verdelet,Cinsaut,,SNP (Vitis18K),SNP,~18000,,Lacombe & Emanuelli et al. 2020,10.3389/fpls.2020.605934,2021,probable,"k0=0, k1=0.99, k2=0.01, kinship=0.25; Mendelian errors=1; Section A"
Corinto (falso),Minnella nera,,SNP (Vitis18K),SNP,~18000,,Lacombe & Emanuelli et al. 2020,10.3389/fpls.2020.605934,2021,probable,"k0=0.02, k1=0.97, k2=0.02, kinship=0.25; Mendelian errors=6; Section A"
Minnella nera,Corinto (falso),,SNP (Vitis18K),SNP,~18000,,Lacombe & Emanuelli et al. 2020,10.3389/fpls.2020.605934,2021,probable,"k0=0.02, k1=0.97, k2=0.02, kinship=0.25; Mendelian errors=6; Section A"
Cornacchia,Lambrusco Grasparossa,,SNP (Vitis18K),SNP,~18000,,Lacombe & Emanuelli et al. 2020,10.3389/fpls.2020.605934,2021,probable,"k0=0, k1=1, k2=0, kinship=0.25; Mendelian errors=1; Section A"
Lambrusco Grasparossa,Cornacchia,,SNP (Vitis18K),SNP,~18000,,Lacombe & Emanuelli et al. 2020,10.3389/fpls.2020.605934,2021,probable,"k0=0, k1=1, k2=0, kinship=0.25; Mendelian errors=1; Section A"
Cornichon blanc,Corniola (false),,SNP (Vitis18K),SNP,~18000,,Lacombe & Emanuelli et al. 2020,10.3389/fpls.2020.605934,2021,probable,"k0=0, k1=0.94, k2=0.06, kinship=0.26; Mendelian errors=1; Section A"
Corniola (false),Cornichon blanc,,SNP (Vitis18K),SNP,~18000,,Lacombe & Emanuelli et al. 2020,10.3389/fpls.2020.605934,2021,probable,"k0=0, k1=0.94, k2=0.06, kinship=0.26; Mendelian errors=1; Section A"
Corniola (false),Kontegalo,,SNP (Vitis18K),SNP,~18000,,Lacombe & Emanuelli et al. 2020,10.3389/fpls.2020.605934,2021,probable,"k0=0, k1=0.87, k2=0.13, kinship=0.28; Mendelian errors=2; Section A"
Kontegalo,Corniola (false),,SNP (Vitis18K),SNP,~18000,,Lacombe & Emanuelli et al. 2020,10.3389/fpls.2020.605934,2021,probable,"k0=0, k1=0.87, k2=0.13, kinship=0.28; Mendelian errors=2; Section A"
Covra,Orsolina,,SNP (Vitis18K),SNP,~18000,,Lacombe & Emanuelli et al. 2020,10.3389/fpls.2020.605934,2021,probable,"k0=0, k1=1, k2=0, kinship=0.25; Mendelian errors=2; Section A"
Orsolina,Covra,,SNP (Vitis18K),SNP,~18000,,Lacombe & Emanuelli et al. 2020,10.3389/fpls.2020.605934,2021,probable,"k0=0, k1=1, k2=0, kinship=0.25; Mendelian errors=2; Section A"
Dolciame,Garganega,,SNP (Vitis18K),SNP,~18000,,Lacombe & Emanuelli et al. 2020,10.3389/fpls.2020.605934,2021,probable,"k0=0, k1=0.98, k2=0.02, kinship=0.25; Mendelian errors=1; Section A"
Garganega,Dolciame,,SNP (Vitis18K),SNP,~18000,,Lacombe & Emanuelli et al. 2020,10.3389/fpls.2020.605934,2021,probable,"k0=0, k1=0.98, k2=0.02, kinship=0.25; Mendelian errors=1; Section A"
Famoso,Termarina (Sciaccarello),,SNP (Vitis18K),SNP,~18000,,Lacombe & Emanuelli et al. 2020,10.3389/fpls.2020.605934,2021,probable,"k0=0, k1=1, k2=0, kinship=0.25; Mendelian errors=0; Section A"
Termarina (Sciaccarello),Famoso,,SNP (Vitis18K),SNP,~18000,,Lacombe & Emanuelli et al. 2020,10.3389/fpls.2020.605934,2021,probable,"k0=0, k1=1, k2=0, kinship=0.25; Mendelian errors=0; Section A"
Filucca,Orsolina,,SNP (Vitis18K),SNP,~18000,,Lacombe & Emanuelli et al. 2020,10.3389/fpls.2020.605934,2021,probable,"k0=0, k1=0.97, k2=0.03, kinship=0.26; Mendelian errors=0; Section A"
Orsolina,Filucca,,SNP (Vitis18K),SNP,~18000,,Lacombe & Emanuelli et al. 2020,10.3389/fpls.2020.605934,2021,probable,"k0=0, k1=0.97, k2=0.03, kinship=0.26; Mendelian errors=0; Section A"
Folha de figueira,Uva del Fantini,,SNP (Vitis18K),SNP,~18000,,Lacombe & Emanuelli et al. 2020,10.3389/fpls.2020.605934,2021,probable,"k0=0, k1=0.95, k2=0.04, kinship=0.26; Mendelian errors=1; Section A"
Uva del Fantini,Folha de figueira,,SNP (Vitis18K),SNP,~18000,,Lacombe & Emanuelli et al. 2020,10.3389/fpls.2020.605934,2021,probable,"k0=0, k1=0.95, k2=0.04, kinship=0.26; Mendelian errors=1; Section A"
Gabekhouri tsiteli,Mtsklarta,,SNP (Vitis18K),SNP,~18000,,Lacombe & Emanuelli et al. 2020,10.3389/fpls.2020.605934,2021,probable,"k0=0.01, k1=0.8, k2=0.19, kinship=0.3; Mendelian errors=2; Section A"
Mtsklarta,Gabekhouri tsiteli,,SNP (Vitis18K),SNP,~18000,,Lacombe & Emanuelli et al. 2020,10.3389/fpls.2020.605934,2021,probable,"k0=0.01, k1=0.8, k2=0.19, kinship=0.3; Mendelian errors=2; Section A"
Galibert Coulondre 15-2,Zibibbo (Moscato d'Alessandria),,SNP (Vitis18K),SNP,~18000,,Lacombe & Emanuelli et al. 2020,10.3389/fpls.2020.605934,2021,probable,"k0=0.01, k1=0.93, k2=0.06, kinship=0.26; Mendelian errors=3; Section A"
Zibibbo (Moscato d'Alessandria),Galibert Coulondre 15-2,,SNP (Vitis18K),SNP,~18000,,Lacombe & Emanuelli et al. 2020,10.3389/fpls.2020.605934,2021,probable,"k0=0.01, k1=0.93, k2=0.06, kinship=0.26; Mendelian errors=3; Section A"
Gradino,Uva Tosca,,SNP (Vitis18K),SNP,~18000,,Lacombe & Emanuelli et al. 2020,10.3389/fpls.2020.605934,2021,probable,"k0=0, k1=1, k2=0, kinship=0.25; Mendelian errors=0; Section A"
Uva Tosca,Gradino,,SNP (Vitis18K),SNP,~18000,,Lacombe & Emanuelli et al. 2020,10.3389/fpls.2020.605934,2021,probable,"k0=0, k1=1, k2=0, kinship=0.25; Mendelian errors=0; Section A"
Grechetto (di Orvieto),Pignoletto,,SNP (Vitis18K),SNP,~18000,,Lacombe & Emanuelli et al. 2020,10.3389/fpls.2020.605934,2021,probable,"k0=0, k1=0.94, k2=0.06, kinship=0.27; Mendelian errors=1; Section A"
Pignoletto,Grechetto (di Orvieto),,SNP (Vitis18K),SNP,~18000,,Lacombe & Emanuelli et al. 2020,10.3389/fpls.2020.605934,2021,probable,"k0=0, k1=0.94, k2=0.06, kinship=0.27; Mendelian errors=1; Section A"
Greco nero (di Verbicaro),Mantonico bianco,,SNP (Vitis18K),SNP,~18000,,Lacombe & Emanuelli et al. 2020,10.3389/fpls.2020.605934,2021,probable,"k0=0.01, k1=0.93, k2=0.06, kinship=0.26; Mendelian errors=2; Section A"
Mantonico bianco,Greco nero (di Verbicaro),,SNP (Vitis18K),SNP,~18000,,Lacombe & Emanuelli et al. 2020,10.3389/fpls.2020.605934,2021,probable,"k0=0.01, k1=0.93, k2=0.06, kinship=0.26; Mendelian errors=2; Section A"
Guarnaccia (bianca),Guarnaccino,,SNP (Vitis18K),SNP,~18000,,Lacombe & Emanuelli et al. 2020,10.3389/fpls.2020.605934,2021,probable,"k0=0, k1=0.93, k2=0.07, kinship=0.27; Mendelian errors=1; Section A"
Guarnaccino,Guarnaccia (bianca),,SNP (Vitis18K),SNP,~18000,,Lacombe & Emanuelli et al. 2020,10.3389/fpls.2020.605934,2021,probable,"k0=0, k1=0.93, k2=0.07, kinship=0.27; Mendelian errors=1; Section A"
Italia,Pomposa MO,,SNP (Vitis18K),SNP,~18000,,Lacombe & Emanuelli et al. 2020,10.3389/fpls.2020.605934,2021,probable,"k0=0, k1=0.93, k2=0.07, kinship=0.27; Mendelian errors=1; Section A"
Pomposa MO,Italia,,SNP (Vitis18K),SNP,~18000,,Lacombe & Emanuelli et al. 2020,10.3389/fpls.2020.605934,2021,probable,"k0=0, k1=0.93, k2=0.07, kinship=0.27; Mendelian errors=1; Section A"
Kakotryghis,Kosinjot,,SNP (Vitis18K),SNP,~18000,,Lacombe & Emanuelli et al. 2020,10.3389/fpls.2020.605934,2021,probable,"k0=0.01, k1=0.93, k2=0.06, kinship=0.26; Mendelian errors=2; Section A"
Kosinjot,Kakotryghis,,SNP (Vitis18K),SNP,~18000,,Lacombe & Emanuelli et al. 2020,10.3389/fpls.2020.605934,2021,probable,"k0=0.01, k1=0.93, k2=0.06, kinship=0.26; Mendelian errors=2; Section A"
Kosinjot,Zagarese,,SNP (Vitis18K),SNP,~18000,,Lacombe & Emanuelli et al. 2020,10.3389/fpls.2020.605934,2021,probable,"k0=0, k1=0.99, k2=0.01, kinship=0.25; Mendelian errors=0; Section A"
Zagarese,Kosinjot,,SNP (Vitis18K),SNP,~18000,,Lacombe & Emanuelli et al. 2020,10.3389/fpls.2020.605934,2021,probable,"k0=0, k1=0.99, k2=0.01, kinship=0.25; Mendelian errors=0; Section A"
Lambrusco d'German,Orsolina,,SNP (Vitis18K),SNP,~18000,,Lacombe & Emanuelli et al. 2020,10.3389/fpls.2020.605934,2021,probable,"k0=0, k1=1, k2=0, kinship=0.25; Mendelian errors=1; Section A"
Orsolina,Lambrusco d'German,,SNP (Vitis18K),SNP,~18000,,Lacombe & Emanuelli et al. 2020,10.3389/fpls.2020.605934,2021,probable,"k0=0, k1=1, k2=0, kinship=0.25; Mendelian errors=1; Section A"
Maiolica,Verdone nero,,SNP (Vitis18K),SNP,~18000,,Lacombe & Emanuelli et al. 2020,10.3389/fpls.2020.605934,2021,probable,"k0=0, k1=0.98, k2=0.02, kinship=0.26; Mendelian errors=0; Section A"
Verdone nero,Maiolica,,SNP (Vitis18K),SNP,~18000,,Lacombe & Emanuelli et al. 2020,10.3389/fpls.2020.605934,2021,probable,"k0=0, k1=0.98, k2=0.02, kinship=0.26; Mendelian errors=0; Section A"
Maiolica,Negro amaro,,SNP (Vitis18K),SNP,~18000,,Lacombe & Emanuelli et al. 2020,10.3389/fpls.2020.605934,2021,probable,"k0=0, k1=0.97, k2=0.03, kinship=0.26; Mendelian errors=1; Section A"
Negro amaro,Maiolica,,SNP (Vitis18K),SNP,~18000,,Lacombe & Emanuelli et al. 2020,10.3389/fpls.2020.605934,2021,probable,"k0=0, k1=0.97, k2=0.03, kinship=0.26; Mendelian errors=1; Section A"
Maiolica,San Pietro,,SNP (Vitis18K),SNP,~18000,,Lacombe & Emanuelli et al. 2020,10.3389/fpls.2020.605934,2021,probable,"k0=0, k1=1, k2=0, kinship=0.25; Mendelian errors=0; Section A"
San Pietro,Maiolica,,SNP (Vitis18K),SNP,~18000,,Lacombe & Emanuelli et al. 2020,10.3389/fpls.2020.605934,2021,probable,"k0=0, k1=1, k2=0, kinship=0.25; Mendelian errors=0; Section A"
Maiolica,Visparola,,SNP (Vitis18K),SNP,~18000,,Lacombe & Emanuelli et al. 2020,10.3389/fpls.2020.605934,2021,probable,"k0=0, k1=1, k2=0, kinship=0.25; Mendelian errors=0; Section A"
Visparola,Maiolica,,SNP (Vitis18K),SNP,~18000,,Lacombe & Emanuelli et al. 2020,10.3389/fpls.2020.605934,2021,probable,"k0=0, k1=1, k2=0, kinship=0.25; Mendelian errors=0; Section A"
Malvasia bianca,Termarina (Sciaccarello),,SNP (Vitis18K),SNP,~18000,,Lacombe & Emanuelli et al. 2020,10.3389/fpls.2020.605934,2021,probable,"k0=0, k1=1, k2=0, kinship=0.25; Mendelian errors=0; Section A"
Termarina (Sciaccarello),Malvasia bianca,,SNP (Vitis18K),SNP,~18000,,Lacombe & Emanuelli et al. 2020,10.3389/fpls.2020.605934,2021,probable,"k0=0, k1=1, k2=0, kinship=0.25; Mendelian errors=0; Section A"
Malvasia bianca lunga,Prunesta (false),,SNP (Vitis18K),SNP,~18000,,Lacombe & Emanuelli et al. 2020,10.3389/fpls.2020.605934,2021,probable,"k0=0, k1=1, k2=0, kinship=0.25; Mendelian errors=1; Section A"
Prunesta (false),Malvasia bianca lunga,,SNP (Vitis18K),SNP,~18000,,Lacombe & Emanuelli et al. 2020,10.3389/fpls.2020.605934,2021,probable,"k0=0, k1=1, k2=0, kinship=0.25; Mendelian errors=1; Section A"
Mammolo clone I-MAM-PA-1,Termarina (Sciaccarello),,SNP (Vitis18K),SNP,~18000,,Lacombe & Emanuelli et al. 2020,10.3389/fpls.2020.605934,2021,probable,"k0=0, k1=1, k2=0, kinship=0.25; Mendelian errors=0; Section A"
Termarina (Sciaccarello),Mammolo clone I-MAM-PA-1,,SNP (Vitis18K),SNP,~18000,,Lacombe & Emanuelli et al. 2020,10.3389/fpls.2020.605934,2021,probable,"k0=0, k1=1, k2=0, kinship=0.25; Mendelian errors=0; Section A"
Mantonico bianco,Truccanosa,,SNP (Vitis18K),SNP,~18000,,Lacombe & Emanuelli et al. 2020,10.3389/fpls.2020.605934,2021,probable,"k0=0, k1=0.95, k2=0.05, kinship=0.26; Mendelian errors=0; Section A"
Truccanosa,Mantonico bianco,,SNP (Vitis18K),SNP,~18000,,Lacombe & Emanuelli et al. 2020,10.3389/fpls.2020.605934,2021,probable,"k0=0, k1=0.95, k2=0.05, kinship=0.26; Mendelian errors=0; Section A"
Molinara,Vulpea,,SNP (Vitis18K),SNP,~18000,,Lacombe & Emanuelli et al. 2020,10.3389/fpls.2020.605934,2021,probable,"k0=0, k1=0.95, k2=0.05, kinship=0.26; Mendelian errors=1; Section A"
Vulpea,Molinara,,SNP (Vitis18K),SNP,~18000,,Lacombe & Emanuelli et al. 2020,10.3389/fpls.2020.605934,2021,probable,"k0=0, k1=0.95, k2=0.05, kinship=0.26; Mendelian errors=1; Section A"
Moscato d’Adda,Terzi 100.31,,SNP (Vitis18K),SNP,~18000,,Lacombe & Emanuelli et al. 2020,10.3389/fpls.2020.605934,2021,probable,"k0=0.01, k1=0.97, k2=0.02, kinship=0.25; Mendelian errors=2; Section A"
Terzi 100.31,Moscato d’Adda,,SNP (Vitis18K),SNP,~18000,,Lacombe & Emanuelli et al. 2020,10.3389/fpls.2020.605934,2021,probable,"k0=0.01, k1=0.97, k2=0.02, kinship=0.25; Mendelian errors=2; Section A"
Mostosa,Sanguinella,,SNP (Vitis18K),SNP,~18000,,Lacombe & Emanuelli et al. 2020,10.3389/fpls.2020.605934,2021,probable,"k0=0, k1=0.91, k2=0.09, kinship=0.27; Mendelian errors=0; Section A"
Sanguinella,Mostosa,,SNP (Vitis18K),SNP,~18000,,Lacombe & Emanuelli et al. 2020,10.3389/fpls.2020.605934,2021,probable,"k0=0, k1=0.91, k2=0.09, kinship=0.27; Mendelian errors=0; Section A"
Neretto di Marengo,Verdea noir,,SNP (Vitis18K),SNP,~18000,,Lacombe & Emanuelli et al. 2020,10.3389/fpls.2020.605934,2021,probable,"k0=0, k1=0.99, k2=0.01, kinship=0.25; Mendelian errors=0; Section A"
Verdea noir,Neretto di Marengo,,SNP (Vitis18K),SNP,~18000,,Lacombe & Emanuelli et al. 2020,10.3389/fpls.2020.605934,2021,probable,"k0=0, k1=0.99, k2=0.01, kinship=0.25; Mendelian errors=0; Section A"
Nero di Gonzaga,Turchetta,,SNP (Vitis18K),SNP,~18000,,Lacombe & Emanuelli et al. 2020,10.3389/fpls.2020.605934,2021,probable,"k0=0, k1=0.89, k2=0.1, kinship=0.28; Mendelian errors=1; Section A"
Turchetta,Nero di Gonzaga,,SNP (Vitis18K),SNP,~18000,,Lacombe & Emanuelli et al. 2020,10.3389/fpls.2020.605934,2021,probable,"k0=0, k1=0.89, k2=0.1, kinship=0.28; Mendelian errors=1; Section A"
Occhi di Lepre,Sangiovese,,SNP (Vitis18K),SNP,~18000,,Lacombe & Emanuelli et al. 2020,10.3389/fpls.2020.605934,2021,probable,"k0=0, k1=1, k2=0, kinship=0.25; Mendelian errors=0; Section A"
Sangiovese,Occhi di Lepre,,SNP (Vitis18K),SNP,~18000,,Lacombe & Emanuelli et al. 2020,10.3389/fpls.2020.605934,2021,probable,"k0=0, k1=1, k2=0, kinship=0.25; Mendelian errors=0; Section A"
Orpicchio,Visparola,,SNP (Vitis18K),SNP,~18000,,Lacombe & Emanuelli et al. 2020,10.3389/fpls.2020.605934,2021,probable,"k0=0, k1=1, k2=0, kinship=0.25; Mendelian errors=2; Section A"
Visparola,Orpicchio,,SNP (Vitis18K),SNP,~18000,,Lacombe & Emanuelli et al. 2020,10.3389/fpls.2020.605934,2021,probable,"k0=0, k1=1, k2=0, kinship=0.25; Mendelian errors=2; Section A"
Orsolina,Uva d’oro bianca,,SNP (Vitis18K),SNP,~18000,,Lacombe & Emanuelli et al. 2020,10.3389/fpls.2020.605934,2021,probable,"k0=0, k1=0.98, k2=0.02, kinship=0.25; Mendelian errors=1; Section A"
Uva d’oro bianca,Orsolina,,SNP (Vitis18K),SNP,~18000,,Lacombe & Emanuelli et al. 2020,10.3389/fpls.2020.605934,2021,probable,"k0=0, k1=0.98, k2=0.02, kinship=0.25; Mendelian errors=1; Section A"
Orsolina,Pattaresca,,SNP (Vitis18K),SNP,~18000,,Lacombe & Emanuelli et al. 2020,10.3389/fpls.2020.605934,2021,probable,"k0=0, k1=0.9, k2=0.1, kinship=0.28; Mendelian errors=0; Section A"
Pattaresca,Orsolina,,SNP (Vitis18K),SNP,~18000,,Lacombe & Emanuelli et al. 2020,10.3389/fpls.2020.605934,2021,probable,"k0=0, k1=0.9, k2=0.1, kinship=0.28; Mendelian errors=0; Section A"
Pate noir,Raisaine,,SNP (Vitis18K),SNP,~18000,,Lacombe & Emanuelli et al. 2020,10.3389/fpls.2020.605934,2021,probable,"k0=0, k1=0.99, k2=0.01, kinship=0.25; Mendelian errors=1; Section A"
Raisaine,Pate noir,,SNP (Vitis18K),SNP,~18000,,Lacombe & Emanuelli et al. 2020,10.3389/fpls.2020.605934,2021,probable,"k0=0, k1=0.99, k2=0.01, kinship=0.25; Mendelian errors=1; Section A"
Pecorello (falso),Visparola,,SNP (Vitis18K),SNP,~18000,,Lacombe & Emanuelli et al. 2020,10.3389/fpls.2020.605934,2021,probable,"k0=0, k1=0.88, k2=0.12, kinship=0.28; Mendelian errors=0; Section A"
Visparola,Pecorello (falso),,SNP (Vitis18K),SNP,~18000,,Lacombe & Emanuelli et al. 2020,10.3389/fpls.2020.605934,2021,probable,"k0=0, k1=0.88, k2=0.12, kinship=0.28; Mendelian errors=0; Section A"
Ragusano,Visparola,,SNP (Vitis18K),SNP,~18000,,Lacombe & Emanuelli et al. 2020,10.3389/fpls.2020.605934,2021,probable,"k0=0, k1=0.95, k2=0.05, kinship=0.26; Mendelian errors=0; Section A"
Visparola,Ragusano,,SNP (Vitis18K),SNP,~18000,,Lacombe & Emanuelli et al. 2020,10.3389/fpls.2020.605934,2021,probable,"k0=0, k1=0.95, k2=0.05, kinship=0.26; Mendelian errors=0; Section A"
Ramishvili 07,Tita kartlis,,SNP (Vitis18K),SNP,~18000,,Lacombe & Emanuelli et al. 2020,10.3389/fpls.2020.605934,2021,probable,"k0=0, k1=1, k2=0, kinship=0.25; Mendelian errors=2; Section A"
Tita kartlis,Ramishvili 07,,SNP (Vitis18K),SNP,~18000,,Lacombe & Emanuelli et al. 2020,10.3389/fpls.2020.605934,2021,probable,"k0=0, k1=1, k2=0, kinship=0.25; Mendelian errors=2; Section A"
Rossara toscana,Termarina (Sciaccarello),,SNP (Vitis18K),SNP,~18000,,Lacombe & Emanuelli et al. 2020,10.3389/fpls.2020.605934,2021,probable,"k0=0, k1=1, k2=0, kinship=0.25; Mendelian errors=0; Section A"
Termarina (Sciaccarello),Rossara toscana,,SNP (Vitis18K),SNP,~18000,,Lacombe & Emanuelli et al. 2020,10.3389/fpls.2020.605934,2021,probable,"k0=0, k1=1, k2=0, kinship=0.25; Mendelian errors=0; Section A"
Ruggine,Schiava (Rossara),,SNP (Vitis18K),SNP,~18000,,Lacombe & Emanuelli et al. 2020,10.3389/fpls.2020.605934,2021,probable,"k0=0, k1=1, k2=0, kinship=0.25; Mendelian errors=2; Section A"
Schiava (Rossara),Ruggine,,SNP (Vitis18K),SNP,~18000,,Lacombe & Emanuelli et al. 2020,10.3389/fpls.2020.605934,2021,probable,"k0=0, k1=1, k2=0, kinship=0.25; Mendelian errors=2; Section A"
Tognona,Verdicchio bianco,,SNP (Vitis18K),SNP,~18000,,Lacombe & Emanuelli et al. 2020,10.3389/fpls.2020.605934,2021,probable,"k0=0, k1=0.98, k2=0.02, kinship=0.26; Mendelian errors=0; Section A"
Verdicchio bianco,Tognona,,SNP (Vitis18K),SNP,~18000,,Lacombe & Emanuelli et al. 2020,10.3389/fpls.2020.605934,2021,probable,"k0=0, k1=0.98, k2=0.02, kinship=0.26; Mendelian errors=0; Section A"
Tosca bianca,Uva Tosca,,SNP (Vitis18K),SNP,~18000,,Lacombe & Emanuelli et al. 2020,10.3389/fpls.2020.605934,2021,probable,"k0=0, k1=1, k2=0, kinship=0.25; Mendelian errors=1; Section A"
Uva Tosca,Tosca bianca,,SNP (Vitis18K),SNP,~18000,,Lacombe & Emanuelli et al. 2020,10.3389/fpls.2020.605934,2021,probable,"k0=0, k1=1, k2=0, kinship=0.25; Mendelian errors=1; Section A"
Ugillina,Verdicchio bianco,,SNP (Vitis18K),SNP,~18000,,Lacombe & Emanuelli et al. 2020,10.3389/fpls.2020.605934,2021,probable,"k0=0, k1=0.97, k2=0.03, kinship=0.26; Mendelian errors=0; Section A"
Verdicchio bianco,Ugillina,,SNP (Vitis18K),SNP,~18000,,Lacombe & Emanuelli et al. 2020,10.3389/fpls.2020.605934,2021,probable,"k0=0, k1=0.97, k2=0.03, kinship=0.26; Mendelian errors=0; Section A"
Uva Tosca,Vintaiu,,SNP (Vitis18K),SNP,~18000,,Lacombe & Emanuelli et al. 2020,10.3389/fpls.2020.605934,2021,probable,"k0=0, k1=0.98, k2=0.02, kinship=0.25; Mendelian errors=1; Section A"
Vintaiu,Uva Tosca,,SNP (Vitis18K),SNP,~18000,,Lacombe & Emanuelli et al. 2020,10.3389/fpls.2020.605934,2021,probable,"k0=0, k1=0.98, k2=0.02, kinship=0.25; Mendelian errors=1; Section A"
Uva Tosca,Vite di Roteglia,,SNP (Vitis18K),SNP,~18000,,Lacombe & Emanuelli et al. 2020,10.3389/fpls.2020.605934,2021,probable,"k0=0, k1=1, k2=0, kinship=0.25; Mendelian errors=3; Section A"
Vite di Roteglia,Uva Tosca,,SNP (Vitis18K),SNP,~18000,,Lacombe & Emanuelli et al. 2020,10.3389/fpls.2020.605934,2021,probable,"k0=0, k1=1, k2=0, kinship=0.25; Mendelian errors=3; Section A"
Vernaccia di Oristano (Spergola),Vespaiola,,SNP (Vitis18K),SNP,~18000,,Lacombe & Emanuelli et al. 2020,10.3389/fpls.2020.605934,2021,probable,"k0=0.01, k1=0.98, k2=0.01, kinship=0.25; Mendelian errors=3; Section A"
Vespaiola,Vernaccia di Oristano (Spergola),,SNP (Vitis18K),SNP,~18000,,Lacombe & Emanuelli et al. 2020,10.3389/fpls.2020.605934,2021,probable,"k0=0.01, k1=0.98, k2=0.01, kinship=0.25; Mendelian errors=3; Section A"
Vernaccina,Visparola,,SNP (Vitis18K),SNP,~18000,,Lacombe & Emanuelli et al. 2020,10.3389/fpls.2020.605934,2021,probable,"k0=0, k1=1, k2=0, kinship=0.25; Mendelian errors=0; Section A"
Visparola,Vernaccina,,SNP (Vitis18K),SNP,~18000,,Lacombe & Emanuelli et al. 2020,10.3389/fpls.2020.605934,2021,probable,"k0=0, k1=1, k2=0, kinship=0.25; Mendelian errors=0; Section A"
Zibibbo (Moscato d'Alessandria),Bianca di Bellosguardo,,SNP (Vitis18K),SNP,~18000,,Lacombe & Emanuelli et al. 2020,10.3389/fpls.2020.605934,2021,probable,"k0=0.01, k1=0.92, k2=0.07, kinship=0.26; Mendelian errors=4; Section A"
Bianca di Bellosguardo,Zibibbo (Moscato d'Alessandria),,SNP (Vitis18K),SNP,~18000,,Lacombe & Emanuelli et al. 2020,10.3389/fpls.2020.605934,2021,probable,"k0=0.01, k1=0.92, k2=0.07, kinship=0.26; Mendelian errors=4; Section A"
Zibibbo (Moscato d'Alessandria),Signurina,,SNP (Vitis18K),SNP,~18000,,Lacombe & Emanuelli et al. 2020,10.3389/fpls.2020.605934,2021,probable,"k0=0, k1=0.97, k2=0.03, kinship=0.26; Mendelian errors=1; Section A"
Signurina,Zibibbo (Moscato d'Alessandria),,SNP (Vitis18K),SNP,~18000,,Lacombe & Emanuelli et al. 2020,10.3389/fpls.2020.605934,2021,probable,"k0=0, k1=0.97, k2=0.03, kinship=0.26; Mendelian errors=1; Section A"
Carmenère,Fertilia,,SNP (Vitis18K),SNP,~18000,,Lacombe & Emanuelli et al. 2020,10.3389/fpls.2020.605934,2021,disputed,"k0=0, k1=1, k2=0, kinship=0.25; Mendelian errors=3; Section B; Prev publication: invalidation of breeder's data (Fertilia was reported as PO of ‘Carmenere’)"
Fertilia,Carmenère,,SNP (Vitis18K),SNP,~18000,,Lacombe & Emanuelli et al. 2020,10.3389/fpls.2020.605934,2021,disputed,"k0=0, k1=1, k2=0, kinship=0.25; Mendelian errors=3; Section B; Prev publication: invalidation of breeder's data (Fertilia was reported as PO of ‘Carmenere’)"
Couderc 25 (questionable),Trebbiano toscano,,SNP (Vitis18K),SNP,~18000,,Lacombe & Emanuelli et al. 2020,10.3389/fpls.2020.605934,2021,disputed,"k0=0, k1=0.99, k2=0.01, kinship=0.25; Mendelian errors=0; Section B; Prev publication: possible invalidation of breeder's data ('Couderc 25' was reported as PO of ‘Trebbiano toscano’, but the trueness of our 'Couderc 25' is questionable)"
Trebbiano toscano,Couderc 25 (questionable),,SNP (Vitis18K),SNP,~18000,,Lacombe & Emanuelli et al. 2020,10.3389/fpls.2020.605934,2021,disputed,"k0=0, k1=0.99, k2=0.01, kinship=0.25; Mendelian errors=0; Section B; Prev publication: possible invalidation of breeder's data ('Couderc 25' was reported as PO of ‘Trebbiano toscano’, but the trueness of our 'Couderc 25' is questionable)"
Barbera,Ervi,,SNP (Vitis18K),SNP,~18000,,Lacombe & Emanuelli et al. 2020,10.3389/fpls.2020.605934,2021,probable,"k0=0.01, k1=0.98, k2=0.01, kinship=0.25; Mendelian errors=2; Section C; Prev publication: confirmation of breeder's data; reported in VIVC, but not confirmed by markers"
Ervi,Barbera,,SNP (Vitis18K),SNP,~18000,,Lacombe & Emanuelli et al. 2020,10.3389/fpls.2020.605934,2021,probable,"k0=0.01, k1=0.98, k2=0.01, kinship=0.25; Mendelian errors=2; Section C; Prev publication: confirmation of breeder's data; reported in VIVC, but not confirmed by markers"
Bacchus weiss,Geilweilerhof GA 48-12,,SNP (Vitis18K),SNP,~18000,,Lacombe & Emanuelli et al. 2020,10.3389/fpls.2020.605934,2021,probable,"k0=0, k1=1, k2=0, kinship=0.25; Mendelian errors=1; Section C; Prev publication: confirmation of breeder's data"
Geilweilerhof GA 48-12,Bacchus weiss,,SNP (Vitis18K),SNP,~18000,,Lacombe & Emanuelli et al. 2020,10.3389/fpls.2020.605934,2021,probable,"k0=0, k1=1, k2=0, kinship=0.25; Mendelian errors=1; Section C; Prev publication: confirmation of breeder's data"
Cabernet sauvignon,San Lorenzo,,SNP (Vitis18K),SNP,~18000,,Lacombe & Emanuelli et al. 2020,10.3389/fpls.2020.605934,2021,probable,"k0=0, k1=1, k2=0, kinship=0.25; Mendelian errors=0; Section C; Prev publication: confirmation of breeder's data"
San Lorenzo,Cabernet sauvignon,,SNP (Vitis18K),SNP,~18000,,Lacombe & Emanuelli et al. 2020,10.3389/fpls.2020.605934,2021,probable,"k0=0, k1=1, k2=0, kinship=0.25; Mendelian errors=0; Section C; Prev publication: confirmation of breeder's data"
Celtica,Chardonnay,,SNP (Vitis18K),SNP,~18000,,Lacombe & Emanuelli et al. 2020,10.3389/fpls.2020.605934,2021,probable,"k0=0.01, k1=0.93, k2=0.07, kinship=0.27; Mendelian errors=2; Section C; Prev publication: confirmation of breeder's data"
Chardonnay,Celtica,,SNP (Vitis18K),SNP,~18000,,Lacombe & Emanuelli et al. 2020,10.3389/fpls.2020.605934,2021,probable,"k0=0.01, k1=0.93, k2=0.07, kinship=0.27; Mendelian errors=2; Section C; Prev publication: confirmation of breeder's data"
Celtica,Riesling italico,,SNP (Vitis18K),SNP,~18000,,Lacombe & Emanuelli et al. 2020,10.3389/fpls.2020.605934,2021,probable,"k0=0, k1=1, k2=0, kinship=0.25; Mendelian errors=0; Section C; Prev publication: confirmation of breeder's data"
Riesling italico,Celtica,,SNP (Vitis18K),SNP,~18000,,Lacombe & Emanuelli et al. 2020,10.3389/fpls.2020.605934,2021,probable,"k0=0, k1=1, k2=0, kinship=0.25; Mendelian errors=0; Section C; Prev publication: confirmation of breeder's data"
Croatina,Ervi,,SNP (Vitis18K),SNP,~18000,,Lacombe & Emanuelli et al. 2020,10.3389/fpls.2020.605934,2021,probable,"k0=0, k1=1, k2=0, kinship=0.25; Mendelian errors=1; Section C; Prev publication: confirmation of breeder's data; reported in VIVC, but not confirmed by markers"
Ervi,Croatina,,SNP (Vitis18K),SNP,~18000,,Lacombe & Emanuelli et al. 2020,10.3389/fpls.2020.605934,2021,probable,"k0=0, k1=1, k2=0, kinship=0.25; Mendelian errors=1; Section C; Prev publication: confirmation of breeder's data; reported in VIVC, but not confirmed by markers"
Incrocio Bruni 624,Picolit,,SNP (Vitis18K),SNP,~18000,,Lacombe & Emanuelli et al. 2020,10.3389/fpls.2020.605934,2021,probable,"k0=0, k1=1, k2=0, kinship=0.25; Mendelian errors=1; Section C; Prev publication: confirmation of breeder's data"
Picolit,Incrocio Bruni 624,,SNP (Vitis18K),SNP,~18000,,Lacombe & Emanuelli et al. 2020,10.3389/fpls.2020.605934,2021,probable,"k0=0, k1=1, k2=0, kinship=0.25; Mendelian errors=1; Section C; Prev publication: confirmation of breeder's data"
Furmint,Vega,,SNP (Vitis18K),SNP,~18000,,Lacombe & Emanuelli et al. 2020,10.3389/fpls.2020.605934,2021,probable,"k0=0, k1=0.95, k2=0.05, kinship=0.26; Mendelian errors=0; Section C; Prev publication: Confirmation of breeder's data"
Muscat de St. Christol (Galibert 255-43),Muscat reine des vignes,,SNP (Vitis18K),SNP,~18000,,Lacombe & Emanuelli et al. 2020,10.3389/fpls.2020.605934,2021,probable,"k0=0, k1=0.96, k2=0.04, kinship=0.26; Mendelian errors=0; Section C; Prev publication: confirmation of breeder's data"
Muscat reine des vignes,Muscat de St. Christol (Galibert 255-43),,SNP (Vitis18K),SNP,~18000,,Lacombe & Emanuelli et al. 2020,10.3389/fpls.2020.605934,2021,probable,"k0=0, k1=0.96, k2=0.04, kinship=0.26; Mendelian errors=0; Section C; Prev publication: confirmation of breeder's data"
San Lorenzo,Trebbiano toscano,,SNP (Vitis18K),SNP,~18000,,Lacombe & Emanuelli et al. 2020,10.3389/fpls.2020.605934,2021,probable,"k0=0, k1=0.99, k2=0.01, kinship=0.25; Mendelian errors=1; Section C; Prev publication: confirmation of breeder's data"
Trebbiano toscano,San Lorenzo,,SNP (Vitis18K),SNP,~18000,,Lacombe & Emanuelli et al. 2020,10.3389/fpls.2020.605934,2021,probable,"k0=0, k1=0.99, k2=0.01, kinship=0.25; Mendelian errors=1; Section C; Prev publication: confirmation of breeder's data"
Abello,Caprugnone,,SNP (Vitis18K),SNP,~18000,,Lacombe & Emanuelli et al. 2020,10.3389/fpls.2020.605934,2021,probable,"k0=0, k1=0.99, k2=0.01, kinship=0.25; Mendelian errors=0; Section D; Prev publication: Cipriani et al., 2010"
Caprugnone,Abello,,SNP (Vitis18K),SNP,~18000,,Lacombe & Emanuelli et al. 2020,10.3389/fpls.2020.605934,2021,probable,"k0=0, k1=0.99, k2=0.01, kinship=0.25; Mendelian errors=0; Section D; Prev publication: Cipriani et al., 2010"
Abouhou,Bezoul el Aouda,,SNP (Vitis18K),SNP,~18000,,Lacombe & Emanuelli et al. 2020,10.3389/fpls.2020.605934,2021,probable,"k0=0.01, k1=0.8, k2=0.2, kinship=0.3; Mendelian errors=2; Section D; Prev publication: Lacombe et al., 2013"
Achladi (Pergolese di Tivoli),Breval negro,,SNP (Vitis18K),SNP,~18000,,Lacombe & Emanuelli et al. 2020,10.3389/fpls.2020.605934,2021,probable,"k0=0, k1=0.93, k2=0.07, kinship=0.27; Mendelian errors=0; Section D; Prev publication: Laucou et al., 2018"
Breval negro,Achladi (Pergolese di Tivoli),,SNP (Vitis18K),SNP,~18000,,Lacombe & Emanuelli et al. 2020,10.3389/fpls.2020.605934,2021,probable,"k0=0, k1=0.93, k2=0.07, kinship=0.27; Mendelian errors=0; Section D; Prev publication: Laucou et al., 2018"
Achladi (Pergolese di Tivoli),Cacciò di Fermo nero,,SNP (Vitis18K),SNP,~18000,,Lacombe & Emanuelli et al. 2020,10.3389/fpls.2020.605934,2021,probable,"k0=0, k1=1, k2=0, kinship=0.25; Mendelian errors=0; Section D; Prev publication: Lacombe et al., 2013"
Cacciò di Fermo nero,Achladi (Pergolese di Tivoli),,SNP (Vitis18K),SNP,~18000,,Lacombe & Emanuelli et al. 2020,10.3389/fpls.2020.605934,2021,probable,"k0=0, k1=1, k2=0, kinship=0.25; Mendelian errors=0; Section D; Prev publication: Lacombe et al., 2013"
Achladi (Pergolese di Tivoli),Imperial Napoleon,,SNP (Vitis18K),SNP,~18000,,Lacombe & Emanuelli et al. 2020,10.3389/fpls.2020.605934,2021,probable,"k0=0, k1=0.83, k2=0.17, kinship=0.29; Mendelian errors=0; Section D; Prev publication: Lacombe et al., 2013"
Imperial Napoleon,Achladi (Pergolese di Tivoli),,SNP (Vitis18K),SNP,~18000,,Lacombe & Emanuelli et al. 2020,10.3389/fpls.2020.605934,2021,probable,"k0=0, k1=0.83, k2=0.17, kinship=0.29; Mendelian errors=0; Section D; Prev publication: Lacombe et al., 2013"
Achladi (Pergolese di Tivoli),Lampanzona,,SNP (Vitis18K),SNP,~18000,,Lacombe & Emanuelli et al. 2020,10.3389/fpls.2020.605934,2021,probable,"k0=0, k1=0.96, k2=0.04, kinship=0.26; Mendelian errors=1; Section D; Prev publication: Laucou et al. 2018 (Achladi=Ferral and Lampanzona=Nero grosso)"
Lampanzona,Achladi (Pergolese di Tivoli),,SNP (Vitis18K),SNP,~18000,,Lacombe & Emanuelli et al. 2020,10.3389/fpls.2020.605934,2021,probable,"k0=0, k1=0.96, k2=0.04, kinship=0.26; Mendelian errors=1; Section D; Prev publication: Laucou et al. 2018 (Achladi=Ferral and Lampanzona=Nero grosso)"
Achladi (Pergolese di Tivoli),Ohanes,,SNP (Vitis18K),SNP,~18000,,Lacombe & Emanuelli et al. 2020,10.3389/fpls.2020.605934,2021,probable,"k0=0, k1=0.95, k2=0.05, kinship=0.26; Mendelian errors=0; Section D; Prev publication: Lacombe et al., 2013"
Ohanes,Achladi (Pergolese di Tivoli),,SNP (Vitis18K),SNP,~18000,,Lacombe & Emanuelli et al. 2020,10.3389/fpls.2020.605934,2021,probable,"k0=0, k1=0.95, k2=0.05, kinship=0.26; Mendelian errors=0; Section D; Prev publication: Lacombe et al., 2013"
Achladi (Pergolese di Tivoli),Olivette blanche,,SNP (Vitis18K),SNP,~18000,,Lacombe & Emanuelli et al. 2020,10.3389/fpls.2020.605934,2021,probable,"k0=0, k1=0.92, k2=0.08, kinship=0.27; Mendelian errors=0; Section D; Prev publication: Lacombe et al., 2013"
Olivette blanche,Achladi (Pergolese di Tivoli),,SNP (Vitis18K),SNP,~18000,,Lacombe & Emanuelli et al. 2020,10.3389/fpls.2020.605934,2021,probable,"k0=0, k1=0.92, k2=0.08, kinship=0.27; Mendelian errors=0; Section D; Prev publication: Lacombe et al., 2013"
Achladi (Pergolese di Tivoli),Opsimo Edessis,,SNP (Vitis18K),SNP,~18000,,Lacombe & Emanuelli et al. 2020,10.3389/fpls.2020.605934,2021,probable,"k0=0, k1=0.96, k2=0.04, kinship=0.26; Mendelian errors=0; Section D; Prev publication: Lacombe et al., 2013"
Achladi (Pergolese di Tivoli),Servant,,SNP (Vitis18K),SNP,~18000,,Lacombe & Emanuelli et al. 2020,10.3389/fpls.2020.605934,2021,probable,"k0=0, k1=1, k2=0, kinship=0.25; Mendelian errors=0; Section D; Prev publication: Laucou et al., 2018"
Achladi (Pergolese di Tivoli),Uva sacra (Uva sogra),,SNP (Vitis18K),SNP,~18000,,Lacombe & Emanuelli et al. 2020,10.3389/fpls.2020.605934,2021,probable,"k0=0, k1=0.93, k2=0.06, kinship=0.27; Mendelian errors=1; Section D; Prev publication: Lacombe et al., 2013"
Uva sacra (Uva sogra),Achladi (Pergolese di Tivoli),,SNP (Vitis18K),SNP,~18000,,Lacombe & Emanuelli et al. 2020,10.3389/fpls.2020.605934,2021,probable,"k0=0, k1=0.93, k2=0.06, kinship=0.27; Mendelian errors=1; Section D; Prev publication: Lacombe et al., 2013"
Adreuli skelkana,Grozelmtevana Institutis,,SNP (Vitis18K),SNP,~18000,,Lacombe & Emanuelli et al. 2020,10.3389/fpls.2020.605934,2021,probable,"k0=0, k1=0.9, k2=0.1, kinship=0.27; Mendelian errors=1; Section D; Prev publication: Laucou et al., 2018"
Grozelmtevana Institutis,Adreuli skelkana,,SNP (Vitis18K),SNP,~18000,,Lacombe & Emanuelli et al. 2020,10.3389/fpls.2020.605934,2021,probable,"k0=0, k1=0.9, k2=0.1, kinship=0.27; Mendelian errors=1; Section D; Prev publication: Laucou et al., 2018"
Heptakilo,Aetonychi mavro,,SNP (Vitis18K),SNP,~18000,,Lacombe & Emanuelli et al. 2020,10.3389/fpls.2020.605934,2021,probable,"k0=0, k1=0.87, k2=0.13, kinship=0.28; Mendelian errors=0; Section D; Prev publication: Lacombe et al., 2013"
Kontegalo,Aetonychi mavro,,SNP (Vitis18K),SNP,~18000,,Lacombe & Emanuelli et al. 2020,10.3389/fpls.2020.605934,2021,probable,"k0=0, k1=0.82, k2=0.18, kinship=0.3; Mendelian errors=2; Section D; Prev publication: Lacombe et al., 2013"
Affenthaler,Heunisch Weiss,,SNP (Vitis18K),SNP,~18000,,Lacombe & Emanuelli et al. 2020,10.3389/fpls.2020.605934,2021,probable,"k0=0, k1=1, k2=0, kinship=0.25; Mendelian errors=1; Section D; Prev publication: Lacombe et al., 2013"
Heunisch Weiss,Affenthaler,,SNP (Vitis18K),SNP,~18000,,Lacombe & Emanuelli et al. 2020,10.3389/fpls.2020.605934,2021,probable,"k0=0, k1=1, k2=0, kinship=0.25; Mendelian errors=1; Section D; Prev publication: Lacombe et al., 2013"
Afus ali,Datal,,SNP (Vitis18K),SNP,~18000,,Lacombe & Emanuelli et al. 2020,10.3389/fpls.2020.605934,2021,probable,"k0=0, k1=0.91, k2=0.09, kinship=0.27; Mendelian errors=0; Section D; Prev publication: confirmation of breeder's data by Lacombe et al., 2013 (Dattier de Beyrouth)"
Afus ali,Dona Maria,,SNP (Vitis18K),SNP,~18000,,Lacombe & Emanuelli et al. 2020,10.3389/fpls.2020.605934,2021,probable,"k0=0, k1=0.93, k2=0.07, kinship=0.27; Mendelian errors=0; Section D; Prev publication: confirmation of breeder's data by Lacombe et al., 2013"
Afus ali,Fokiano,,SNP (Vitis18K),SNP,~18000,,Lacombe & Emanuelli et al. 2020,10.3389/fpls.2020.605934,2021,probable,"k0=0, k1=0.93, k2=0.07, kinship=0.27; Mendelian errors=1; Section D; Prev publication: Lacombe et al., 2013"
Fokiano,Afus ali,,SNP (Vitis18K),SNP,~18000,,Lacombe & Emanuelli et al. 2020,10.3389/fpls.2020.605934,2021,probable,"k0=0, k1=0.93, k2=0.07, kinship=0.27; Mendelian errors=1; Section D; Prev publication: Lacombe et al., 2013"
Afus ali,Mai 3,,SNP (Vitis18K),SNP,~18000,,Lacombe & Emanuelli et al. 2020,10.3389/fpls.2020.605934,2021,probable,"k0=0, k1=1, k2=0, kinship=0.25; Mendelian errors=1; Section D; Prev publication: Lacombe et al., 2013"
Afus ali,Muscat reine des vignes,,SNP (Vitis18K),SNP,~18000,,Lacombe & Emanuelli et al. 2020,10.3389/fpls.2020.605934,2021,probable,"k0=0, k1=1, k2=0, kinship=0.25; Mendelian errors=0; Section D; Prev publication: Lacombe et al., 2013"
Afus ali,Red Ohanes,,SNP (Vitis18K),SNP,~18000,,Lacombe & Emanuelli et al. 2020,10.3389/fpls.2020.605934,2021,probable,"k0=0, k1=0.92, k2=0.08, kinship=0.27; Mendelian errors=1; Section D; Prev publication: Laucou et al., 2018"
Red Ohanes,Afus ali,,SNP (Vitis18K),SNP,~18000,,Lacombe & Emanuelli et al. 2020,10.3389/fpls.2020.605934,2021,probable,"k0=0, k1=0.92, k2=0.08, kinship=0.27; Mendelian errors=1; Section D; Prev publication: Laucou et al., 2018"
Afus ali,Victoria,,SNP (Vitis18K),SNP,~18000,,Lacombe & Emanuelli et al. 2020,10.3389/fpls.2020.605934,2021,probable,"k0=0.01, k1=0.78, k2=0.21, kinship=0.3; Mendelian errors=2; Section D; Prev publication: Lacombe et al., 2013"
Grozelmtevana Institutis,Ag isioum,,SNP (Vitis18K),SNP,~18000,,Lacombe & Emanuelli et al. 2020,10.3389/fpls.2020.605934,2021,probable,"k0=0, k1=0.9, k2=0.1, kinship=0.27; Mendelian errors=0; Section D; Prev publication: Lacombe et al., 2013 (Koz ouzioum)"
Koz uzyum,Ag isioum,,SNP (Vitis18K),SNP,~18000,,Lacombe & Emanuelli et al. 2020,10.3389/fpls.2020.605934,2021,probable,"k0=0.01, k1=0.84, k2=0.15, kinship=0.29; Mendelian errors=3; Section D; Prev publication: Lacombe et al., 2013"
Aghedene,Vulpea,,SNP (Vitis18K),SNP,~18000,,Lacombe & Emanuelli et al. 2020,10.3389/fpls.2020.605934,2021,probable,"k0=0, k1=1, k2=0, kinship=0.25; Mendelian errors=0; Section D; Prev publication: Crespan et al., 2020"
Vulpea,Aghedene,,SNP (Vitis18K),SNP,~18000,,Lacombe & Emanuelli et al. 2020,10.3389/fpls.2020.605934,2021,probable,"k0=0, k1=1, k2=0, kinship=0.25; Mendelian errors=0; Section D; Prev publication: Crespan et al., 2020"
Aghiorgitiko,Korinthiaki,,SNP (Vitis18K),SNP,~18000,,Lacombe & Emanuelli et al. 2020,10.3389/fpls.2020.605934,2021,probable,"k0=0, k1=0.9, k2=0.09, kinship=0.27; Mendelian errors=1; Section D; Prev publication: Lacombe et al., 2013"
Korinthiaki,Aghiorgitiko,,SNP (Vitis18K),SNP,~18000,,Lacombe & Emanuelli et al. 2020,10.3389/fpls.2020.605934,2021,probable,"k0=0, k1=0.9, k2=0.09, kinship=0.27; Mendelian errors=1; Section D; Prev publication: Lacombe et al., 2013"
Aglianico,Aglianico antico,,SNP (Vitis18K),SNP,~18000,,Lacombe & Emanuelli et al. 2020,10.3389/fpls.2020.605934,2021,probable,"k0=0, k1=0.96, k2=0.04, kinship=0.26; Mendelian errors=1; Section D; Prev publication: De Lorenzis et al., 2019"
Aglianico antico,Aglianico,,SNP (Vitis18K),SNP,~18000,,Lacombe & Emanuelli et al. 2020,10.3389/fpls.2020.605934,2021,probable,"k0=0, k1=0.96, k2=0.04, kinship=0.26; Mendelian errors=1; Section D; Prev publication: De Lorenzis et al., 2019"
Aglianico,Aglianicone,,SNP (Vitis18K),SNP,~18000,,Lacombe & Emanuelli et al. 2020,10.3389/fpls.2020.605934,2021,probable,"k0=0, k1=0.9, k2=0.1, kinship=0.27; Mendelian errors=1; Section D; Prev publication: De Lorenzis et al., 2019"
Aglianicone,Aglianico,,SNP (Vitis18K),SNP,~18000,,Lacombe & Emanuelli et al. 2020,10.3389/fpls.2020.605934,2021,probable,"k0=0, k1=0.9, k2=0.1, kinship=0.27; Mendelian errors=1; Section D; Prev publication: De Lorenzis et al., 2019"
Aglianico,Aglianicone di Cardile,,SNP (Vitis18K),SNP,~18000,,Lacombe & Emanuelli et al. 2020,10.3389/fpls.2020.605934,2021,probable,"k0=0, k1=1, k2=0, kinship=0.25; Mendelian errors=0; Section D; Prev publication: De Lorenzis et al., 2019"
Aglianicone di Cardile,Aglianico,,SNP (Vitis18K),SNP,~18000,,Lacombe & Emanuelli et al. 2020,10.3389/fpls.2020.605934,2021,probable,"k0=0, k1=1, k2=0, kinship=0.25; Mendelian errors=0; Section D; Prev publication: De Lorenzis et al., 2019"
Aglianico,Cannamela,,SNP (Vitis18K),SNP,~18000,,Lacombe & Emanuelli et al. 2020,10.3389/fpls.2020.605934,2021,probable,"k0=0, k1=0.97, k2=0.03, kinship=0.26; Mendelian errors=0; Section D; Prev publication: De Lorenzis et al., 2019"
Cannamela,Aglianico,,SNP (Vitis18K),SNP,~18000,,Lacombe & Emanuelli et al. 2020,10.3389/fpls.2020.605934,2021,probable,"k0=0, k1=0.97, k2=0.03, kinship=0.26; Mendelian errors=0; Section D; Prev publication: De Lorenzis et al., 2019"
Aglianico,Rossa di Moico,,SNP (Vitis18K),SNP,~18000,,Lacombe & Emanuelli et al. 2020,10.3389/fpls.2020.605934,2021,probable,"k0=0, k1=1, k2=0, kinship=0.25; Mendelian errors=0; Section D; Prev publication: De Lorenzis et al., 2019"
Rossa di Moico,Aglianico,,SNP (Vitis18K),SNP,~18000,,Lacombe & Emanuelli et al. 2020,10.3389/fpls.2020.605934,2021,probable,"k0=0, k1=1, k2=0, kinship=0.25; Mendelian errors=0; Section D; Prev publication: De Lorenzis et al., 2019"
Aglianico,Rossa di San Nicola,,SNP (Vitis18K),SNP,~18000,,Lacombe & Emanuelli et al. 2020,10.3389/fpls.2020.605934,2021,probable,"k0=0, k1=1, k2=0, kinship=0.25; Mendelian errors=1; Section D; Prev publication: De Lorenzis et al., 2019"
Rossa di San Nicola,Aglianico,,SNP (Vitis18K),SNP,~18000,,Lacombe & Emanuelli et al. 2020,10.3389/fpls.2020.605934,2021,probable,"k0=0, k1=1, k2=0, kinship=0.25; Mendelian errors=1; Section D; Prev publication: De Lorenzis et al., 2019"
Camarate,Agua santa,,SNP (Vitis18K),SNP,~18000,,Lacombe & Emanuelli et al. 2020,10.3389/fpls.2020.605934,2021,probable,"k0=0, k1=0.79, k2=0.21, kinship=0.3; Mendelian errors=0; Section D; Prev publication: Zinelabidine et al., 2012"
Agua santa,Castelao,,SNP (Vitis18K),SNP,~18000,,Lacombe & Emanuelli et al. 2020,10.3389/fpls.2020.605934,2021,probable,"k0=0, k1=0.76, k2=0.24, kinship=0.31; Mendelian errors=0; Section D; Prev publication: Zinelabidine et al., 2012"
Castelao,Agua santa,,SNP (Vitis18K),SNP,~18000,,Lacombe & Emanuelli et al. 2020,10.3389/fpls.2020.605934,2021,probable,"k0=0, k1=0.76, k2=0.24, kinship=0.31; Mendelian errors=0; Section D; Prev publication: Zinelabidine et al., 2012"
Ahmeh Sal apyrene,Sultanina,,SNP (Vitis18K),SNP,~18000,,Lacombe & Emanuelli et al. 2020,10.3389/fpls.2020.605934,2021,probable,"k0=0.01, k1=0.89, k2=0.1, kinship=0.27; Mendelian errors=4; Section D; Prev publication: Laucou et al., 2018"
Sultanina,Ahmeh Sal apyrene,,SNP (Vitis18K),SNP,~18000,,Lacombe & Emanuelli et al. 2020,10.3389/fpls.2020.605934,2021,probable,"k0=0.01, k1=0.89, k2=0.1, kinship=0.27; Mendelian errors=4; Section D; Prev publication: Laucou et al., 2018"
Ahmeur bou Ahmeur,Cojonata,,SNP (Vitis18K),SNP,~18000,,Lacombe & Emanuelli et al. 2020,10.3389/fpls.2020.605934,2021,probable,"k0=0, k1=0.94, k2=0.06, kinship=0.26; Mendelian errors=1; Section D; Prev publication: Laucou et al., 2018"
Cojonata,Ahmeur bou Ahmeur,,SNP (Vitis18K),SNP,~18000,,Lacombe & Emanuelli et al. 2020,10.3389/fpls.2020.605934,2021,probable,"k0=0, k1=0.94, k2=0.06, kinship=0.26; Mendelian errors=1; Section D; Prev publication: Laucou et al., 2018"
Aidani mavro,Assouad karech,,SNP (Vitis18K),SNP,~18000,,Lacombe & Emanuelli et al. 2020,10.3389/fpls.2020.605934,2021,probable,"k0=0, k1=0.93, k2=0.07, kinship=0.27; Mendelian errors=0; Section D; Prev publication: Laucou et al., 2018"
Assouad karech,Aidani mavro,,SNP (Vitis18K),SNP,~18000,,Lacombe & Emanuelli et al. 2020,10.3389/fpls.2020.605934,2021,probable,"k0=0, k1=0.93, k2=0.07, kinship=0.27; Mendelian errors=0; Section D; Prev publication: Laucou et al., 2018"
Olivette blanche,Ain el Bouma,,SNP (Vitis18K),SNP,~18000,,Lacombe & Emanuelli et al. 2020,10.3389/fpls.2020.605934,2021,probable,"k0=0, k1=0.97, k2=0.03, kinship=0.26; Mendelian errors=1; Section D; Prev publication: Lacombe et al., 2013"
Trebbiano toscano,Ain el Bouma,,SNP (Vitis18K),SNP,~18000,,Lacombe & Emanuelli et al. 2020,10.3389/fpls.2020.605934,2021,probable,"k0=0, k1=0.99, k2=0.01, kinship=0.25; Mendelian errors=0; Section D; Prev publication: Lacombe et al., 2013"
Airen,De Rey,,SNP (Vitis18K),SNP,~18000,,Lacombe & Emanuelli et al. 2020,10.3389/fpls.2020.605934,2021,probable,"k0=0, k1=0.92, k2=0.08, kinship=0.27; Mendelian errors=0; Section D; Prev publication: Lacombe et al., 2013"
De Rey,Airen,,SNP (Vitis18K),SNP,~18000,,Lacombe & Emanuelli et al. 2020,10.3389/fpls.2020.605934,2021,probable,"k0=0, k1=0.92, k2=0.08, kinship=0.27; Mendelian errors=0; Section D; Prev publication: Lacombe et al., 2013"
Airen,Heben,,SNP (Vitis18K),SNP,~18000,,Lacombe & Emanuelli et al. 2020,10.3389/fpls.2020.605934,2021,probable,"k0=0, k1=0.93, k2=0.07, kinship=0.27; Mendelian errors=0; Section D; Prev publication: Lacombe et al., 2013"
Heben,Airen,,SNP (Vitis18K),SNP,~18000,,Lacombe & Emanuelli et al. 2020,10.3389/fpls.2020.605934,2021,probable,"k0=0, k1=0.93, k2=0.07, kinship=0.27; Mendelian errors=0; Section D; Prev publication: Lacombe et al., 2013"
Folha de figueira,Alarije,,SNP (Vitis18K),SNP,~18000,,Lacombe & Emanuelli et al. 2020,10.3389/fpls.2020.605934,2021,probable,"k0=0, k1=0.9, k2=0.1, kinship=0.27; Mendelian errors=0; Section D; Prev publication: Lacombe et al., 2013"
Heben,Alarije,,SNP (Vitis18K),SNP,~18000,,Lacombe & Emanuelli et al. 2020,10.3389/fpls.2020.605934,2021,probable,"k0=0, k1=0.93, k2=0.07, kinship=0.27; Mendelian errors=1; Section D; Prev publication: Lacombe et al., 2013"
Alba imputotato,Furmint,,SNP (Vitis18K),SNP,~18000,,Lacombe & Emanuelli et al. 2020,10.3389/fpls.2020.605934,2021,probable,"k0=0, k1=0.9, k2=0.1, kinship=0.28; Mendelian errors=1; Section D; Prev publication: Lacombe et al., 2013"
Alba imputotato,Javor weiss,,SNP (Vitis18K),SNP,~18000,,Lacombe & Emanuelli et al. 2020,10.3389/fpls.2020.605934,2021,probable,"k0=0, k1=0.92, k2=0.08, kinship=0.27; Mendelian errors=0; Section D; Prev publication: Laucou et al., 2018"
Alba imputotato,Papaskarasi,,SNP (Vitis18K),SNP,~18000,,Lacombe & Emanuelli et al. 2020,10.3389/fpls.2020.605934,2021,probable,"k0=0, k1=0.93, k2=0.07, kinship=0.27; Mendelian errors=1; Section D; Prev publication: Lacombe et al., 2013"
Alba imputotato,Visparola,,SNP (Vitis18K),SNP,~18000,,Lacombe & Emanuelli et al. 2020,10.3389/fpls.2020.605934,2021,probable,"k0=0, k1=0.9, k2=0.1, kinship=0.28; Mendelian errors=0; Section D; Prev publication: Lacombe et al., 2013 (Arvina)"
Visparola,Alba imputotato,,SNP (Vitis18K),SNP,~18000,,Lacombe & Emanuelli et al. 2020,10.3389/fpls.2020.605934,2021,probable,"k0=0, k1=0.9, k2=0.1, kinship=0.28; Mendelian errors=0; Section D; Prev publication: Lacombe et al., 2013 (Arvina)"
Alba imputotato,Zilavka,,SNP (Vitis18K),SNP,~18000,,Lacombe & Emanuelli et al. 2020,10.3389/fpls.2020.605934,2021,probable,"k0=0, k1=0.93, k2=0.06, kinship=0.26; Mendelian errors=1; Section D; Prev publication: Lacombe et al., 2013"
Zilavka,Alba imputotato,,SNP (Vitis18K),SNP,~18000,,Lacombe & Emanuelli et al. 2020,10.3389/fpls.2020.605934,2021,probable,"k0=0, k1=0.93, k2=0.06, kinship=0.26; Mendelian errors=1; Section D; Prev publication: Lacombe et al., 2013"
Albana,Garganega,,SNP (Vitis18K),SNP,~18000,,Lacombe & Emanuelli et al. 2020,10.3389/fpls.2020.605934,2021,probable,"k0=0, k1=1, k2=0, kinship=0.25; Mendelian errors=0; Section D; Prev publication: Lacombe et al., 2013"
Garganega,Albana,,SNP (Vitis18K),SNP,~18000,,Lacombe & Emanuelli et al. 2020,10.3389/fpls.2020.605934,2021,probable,"k0=0, k1=1, k2=0, kinship=0.25; Mendelian errors=0; Section D; Prev publication: Lacombe et al., 2013"
Albanello,Ladikino,,SNP (Vitis18K),SNP,~18000,,Lacombe & Emanuelli et al. 2020,10.3389/fpls.2020.605934,2021,probable,"k0=0, k1=0.93, k2=0.07, kinship=0.27; Mendelian errors=0; Section D; Prev publication: De Lorenzis et al., 2019"
Ladikino,Albanello,,SNP (Vitis18K),SNP,~18000,,Lacombe & Emanuelli et al. 2020,10.3389/fpls.2020.605934,2021,probable,"k0=0, k1=0.93, k2=0.07, kinship=0.27; Mendelian errors=0; Section D; Prev publication: De Lorenzis et al., 2019"
Albanello,Vidiano,,SNP (Vitis18K),SNP,~18000,,Lacombe & Emanuelli et al. 2020,10.3389/fpls.2020.605934,2021,probable,"k0=0, k1=0.95, k2=0.05, kinship=0.26; Mendelian errors=0; Section D; Prev publication: De Lorenzis et al., 2019"
Vidiano,Albanello,,SNP (Vitis18K),SNP,~18000,,Lacombe & Emanuelli et al. 2020,10.3389/fpls.2020.605934,2021,probable,"k0=0, k1=0.95, k2=0.05, kinship=0.26; Mendelian errors=0; Section D; Prev publication: De Lorenzis et al., 2019"
Albaranzeuli bianco,Heben,,SNP (Vitis18K),SNP,~18000,,Lacombe & Emanuelli et al. 2020,10.3389/fpls.2020.605934,2021,probable,"k0=0, k1=0.88, k2=0.11, kinship=0.28; Mendelian errors=1; Section D; Prev publication: Lacombe et al., 2013"
Heben,Albaranzeuli bianco,,SNP (Vitis18K),SNP,~18000,,Lacombe & Emanuelli et al. 2020,10.3389/fpls.2020.605934,2021,probable,"k0=0, k1=0.88, k2=0.11, kinship=0.28; Mendelian errors=1; Section D; Prev publication: Lacombe et al., 2013"
Barbera,Albarossa,,SNP (Vitis18K),SNP,~18000,,Lacombe & Emanuelli et al. 2020,10.3389/fpls.2020.605934,2021,probable,"k0=0, k1=1, k2=0, kinship=0.25; Mendelian errors=0; Section D; Prev publication: confirmation of breeder's by Raimondi et al., 2017"
Chatus,Albarossa,,SNP (Vitis18K),SNP,~18000,,Lacombe & Emanuelli et al. 2020,10.3389/fpls.2020.605934,2021,probable,"k0=0, k1=0.94, k2=0.06, kinship=0.27; Mendelian errors=0; Section D; Prev publication: Raimondi et al., 2017"
Folha de figueira,Albillo de Grenada,,SNP (Vitis18K),SNP,~18000,,Lacombe & Emanuelli et al. 2020,10.3389/fpls.2020.605934,2021,probable,"k0=0, k1=0.95, k2=0.05, kinship=0.26; Mendelian errors=1; Section D; Prev publication: Laucou et al., 2018"
Heben,Albillo de Grenada,,SNP (Vitis18K),SNP,~18000,,Lacombe & Emanuelli et al. 2020,10.3389/fpls.2020.605934,2021,probable,"k0=0, k1=0.98, k2=0.02, kinship=0.25; Mendelian errors=0; Section D; Prev publication: Laucou et al., 2018"
Albillo del pozo,Folha de figueira,,SNP (Vitis18K),SNP,~18000,,Lacombe & Emanuelli et al. 2020,10.3389/fpls.2020.605934,2021,probable,"k0=0, k1=0.9, k2=0.09, kinship=0.27; Mendelian errors=1; Section D; Prev publication: Laucou et al., 2018"
Folha de figueira,Albillo del pozo,,SNP (Vitis18K),SNP,~18000,,Lacombe & Emanuelli et al. 2020,10.3389/fpls.2020.605934,2021,probable,"k0=0, k1=0.9, k2=0.09, kinship=0.27; Mendelian errors=1; Section D; Prev publication: Laucou et al., 2018"
Albillo forastero,Palomino fino,,SNP (Vitis18K),SNP,~18000,,Lacombe & Emanuelli et al. 2020,10.3389/fpls.2020.605934,2021,probable,"k0=0, k1=0.93, k2=0.07, kinship=0.27; Mendelian errors=0; Section D; Prev publication: Laucou et al., 2018"
Palomino fino,Albillo forastero,,SNP (Vitis18K),SNP,~18000,,Lacombe & Emanuelli et al. 2020,10.3389/fpls.2020.605934,2021,probable,"k0=0, k1=0.93, k2=0.07, kinship=0.27; Mendelian errors=0; Section D; Prev publication: Laucou et al., 2018"
Albillo mayor,Castellana blanca,,SNP (Vitis18K),SNP,~18000,,Lacombe & Emanuelli et al. 2020,10.3389/fpls.2020.605934,2021,probable,"k0=0, k1=0.94, k2=0.06, kinship=0.26; Mendelian errors=1; Section D; Prev publication: Ibáñez et al. 2012"
Castellana blanca,Albillo mayor,,SNP (Vitis18K),SNP,~18000,,Lacombe & Emanuelli et al. 2020,10.3389/fpls.2020.605934,2021,probable,"k0=0, k1=0.94, k2=0.06, kinship=0.26; Mendelian errors=1; Section D; Prev publication: Ibáñez et al. 2012"
Albillo Real,Blanc de morgex,,SNP (Vitis18K),SNP,~18000,,Lacombe & Emanuelli et al. 2020,10.3389/fpls.2020.605934,2021,probable,"k0=0.01, k1=0.99, k2=0.01, kinship=0.25; Mendelian errors=3; Section D; Prev publication: Lacombe et al., 2013"
Blanc de morgex,Albillo Real,,SNP (Vitis18K),SNP,~18000,,Lacombe & Emanuelli et al. 2020,10.3389/fpls.2020.605934,2021,probable,"k0=0.01, k1=0.99, k2=0.01, kinship=0.25; Mendelian errors=3; Section D; Prev publication: Lacombe et al., 2013"
Alcanon,Heben,,SNP (Vitis18K),SNP,~18000,,Lacombe & Emanuelli et al. 2020,10.3389/fpls.2020.605934,2021,probable,"k0=0, k1=0.98, k2=0.02, kinship=0.25; Mendelian errors=0; Section D; Prev publication: Lacombe et al., 2013"
Heben,Alcanon,,SNP (Vitis18K),SNP,~18000,,Lacombe & Emanuelli et al. 2020,10.3389/fpls.2020.605934,2021,probable,"k0=0, k1=0.98, k2=0.02, kinship=0.25; Mendelian errors=0; Section D; Prev publication: Lacombe et al., 2013"
Alcañon,Heben,,SNP (Vitis18K),SNP,~18000,,Lacombe & Emanuelli et al. 2020,10.3389/fpls.2020.605934,2021,probable,"k0=0, k1=0.99, k2=0.01, kinship=0.25; Mendelian errors=0; Section D; Prev publication: Laucou et al., 2018"
Heben,Alcañon,,SNP (Vitis18K),SNP,~18000,,Lacombe & Emanuelli et al. 2020,10.3389/fpls.2020.605934,2021,probable,"k0=0, k1=0.99, k2=0.01, kinship=0.25; Mendelian errors=0; Section D; Prev publication: Laucou et al., 2018"
Aleatico,Moscato bianco,,SNP (Vitis18K),SNP,~18000,,Lacombe & Emanuelli et al. 2020,10.3389/fpls.2020.605934,2021,probable,"k0=0, k1=0.99, k2=0, kinship=0.25; Mendelian errors=2; Section D; Prev publication: Crespan and Milani, 2001"
Moscato bianco,Aleatico,,SNP (Vitis18K),SNP,~18000,,Lacombe & Emanuelli et al. 2020,10.3389/fpls.2020.605934,2021,probable,"k0=0, k1=0.99, k2=0, kinship=0.25; Mendelian errors=2; Section D; Prev publication: Crespan and Milani, 2001"
Aledo,Aledo real,,SNP (Vitis18K),SNP,~18000,,Lacombe & Emanuelli et al. 2020,10.3389/fpls.2020.605934,2021,probable,"k0=0, k1=0.79, k2=0.21, kinship=0.3; Mendelian errors=0; Section D; Prev publication: Laucou et al., 2018"
Aledo real,Aledo,,SNP (Vitis18K),SNP,~18000,,Lacombe & Emanuelli et al. 2020,10.3389/fpls.2020.605934,2021,probable,"k0=0, k1=0.79, k2=0.21, kinship=0.3; Mendelian errors=0; Section D; Prev publication: Laucou et al., 2018"
Alfrocheiro preto,Allaren,,SNP (Vitis18K),SNP,~18000,,Lacombe & Emanuelli et al. 2020,10.3389/fpls.2020.605934,2021,probable,"k0=0, k1=1, k2=0, kinship=0.25; Mendelian errors=1; Section D; Prev publication: Laucou et al., 2018"
Alfrocheiro preto,Arinto do Dão,,SNP (Vitis18K),SNP,~18000,,Lacombe & Emanuelli et al. 2020,10.3389/fpls.2020.605934,2021,probable,"k0=0, k1=1, k2=0, kinship=0.25; Mendelian errors=0; Section D; Prev publication: Lacombe et al., 2013"
Arinto do Dão,Alfrocheiro preto,,SNP (Vitis18K),SNP,~18000,,Lacombe & Emanuelli et al. 2020,10.3389/fpls.2020.605934,2021,probable,"k0=0, k1=1, k2=0, kinship=0.25; Mendelian errors=0; Section D; Prev publication: Lacombe et al., 2013"
Alfrocheiro preto,Camarate,,SNP (Vitis18K),SNP,~18000,,Lacombe & Emanuelli et al. 2020,10.3389/fpls.2020.605934,2021,probable,"k0=0, k1=1, k2=0, kinship=0.25; Mendelian errors=0; Section D; Prev publication: Zinelabidine et al., 2012; Lacombe et al., 2013"
Alfrocheiro preto,Castelão = Periquita,,SNP (Vitis18K),SNP,~18000,,Lacombe & Emanuelli et al. 2020,10.3389/fpls.2020.605934,2021,probable,"k0=0, k1=1, k2=0, kinship=0.25; Mendelian errors=0; Section D; Prev publication: Zinelabidine et al., 2012"
Castelão = Periquita,Alfrocheiro preto,,SNP (Vitis18K),SNP,~18000,,Lacombe & Emanuelli et al. 2020,10.3389/fpls.2020.605934,2021,probable,"k0=0, k1=1, k2=0, kinship=0.25; Mendelian errors=0; Section D; Prev publication: Zinelabidine et al., 2012"
Alfrocheiro preto,Cornifesto,,SNP (Vitis18K),SNP,~18000,,Lacombe & Emanuelli et al. 2020,10.3389/fpls.2020.605934,2021,probable,"k0=0, k1=1, k2=0, kinship=0.25; Mendelian errors=3; Section D; Prev publication: Zinelabidine et al., 2012"
Alfrocheiro preto,Douradinha,,SNP (Vitis18K),SNP,~18000,,Lacombe & Emanuelli et al. 2020,10.3389/fpls.2020.605934,2021,probable,"k0=0, k1=0.98, k2=0.02, kinship=0.26; Mendelian errors=0; Section D; Prev publication: Lacombe et al., 2013"
Alfrocheiro preto,Malvasia preta,,SNP (Vitis18K),SNP,~18000,,Lacombe & Emanuelli et al. 2020,10.3389/fpls.2020.605934,2021,probable,"k0=0, k1=1, k2=0, kinship=0.25; Mendelian errors=0; Section D; Prev publication: Zinelabidine et al., 2012"
Alfrocheiro preto,Mencia,,SNP (Vitis18K),SNP,~18000,,Lacombe & Emanuelli et al. 2020,10.3389/fpls.2020.605934,2021,probable,"k0=0, k1=0.99, k2=0, kinship=0.25; Mendelian errors=1; Section D; Prev publication: Laucou et al., 2018"
Mencia,Alfrocheiro preto,,SNP (Vitis18K),SNP,~18000,,Lacombe & Emanuelli et al. 2020,10.3389/fpls.2020.605934,2021,probable,"k0=0, k1=0.99, k2=0, kinship=0.25; Mendelian errors=1; Section D; Prev publication: Laucou et al., 2018"
Alfrocheiro preto,Mouration,,SNP (Vitis18K),SNP,~18000,,Lacombe & Emanuelli et al. 2020,10.3389/fpls.2020.605934,2021,probable,"k0=0, k1=1, k2=0, kinship=0.25; Mendelian errors=4; Section D; Prev publication: Laucou et al., 2018"
Alfrocheiro preto,Savagnin,,SNP (Vitis18K),SNP,~18000,,Lacombe & Emanuelli et al. 2020,10.3389/fpls.2020.605934,2021,probable,"k0=0, k1=1, k2=0, kinship=0.25; Mendelian errors=0; Section D; Prev publication: Laucou et al., 2018"
Savagnin,Alfrocheiro preto,,SNP (Vitis18K),SNP,~18000,,Lacombe & Emanuelli et al. 2020,10.3389/fpls.2020.605934,2021,probable,"k0=0, k1=1, k2=0, kinship=0.25; Mendelian errors=0; Section D; Prev publication: Laucou et al., 2018"
Alfrocheiro preto,Trincadeira das pratas,,SNP (Vitis18K),SNP,~18000,,Lacombe & Emanuelli et al. 2020,10.3389/fpls.2020.605934,2021,probable,"k0=0, k1=1, k2=0, kinship=0.25; Mendelian errors=0; Section D; Prev publication: Laucou et al., 2018"
Alicante (false),Cannonau (Garnacha tinta),,SNP (Vitis18K),SNP,~18000,,Lacombe & Emanuelli et al. 2020,10.3389/fpls.2020.605934,2021,probable,"k0=0, k1=1, k2=0, kinship=0.25; Mendelian errors=1; Section D; Prev publication: De Lorenzis et al. 2019"
Cannonau (Garnacha tinta),Alicante (false),,SNP (Vitis18K),SNP,~18000,,Lacombe & Emanuelli et al. 2020,10.3389/fpls.2020.605934,2021,probable,"k0=0, k1=1, k2=0, kinship=0.25; Mendelian errors=1; Section D; Prev publication: De Lorenzis et al. 2019"
Cannonau (Garnacha tinta),Alicante Bouschet,,SNP (Vitis18K),SNP,~18000,,Lacombe & Emanuelli et al. 2020,10.3389/fpls.2020.605934,2021,probable,"k0=0.01, k1=0.96, k2=0.04, kinship=0.26; Mendelian errors=2; Section D; Prev publication: Lacombe et al., 2013"
Petit Bouschet,Alicante Bouschet,,SNP (Vitis18K),SNP,~18000,,Lacombe & Emanuelli et al. 2020,10.3389/fpls.2020.605934,2021,probable,"k0=0, k1=1, k2=0, kinship=0.25; Mendelian errors=1; Section D; Prev publication: Lacombe et al., 2013"
Alicante Bouschet,Sorok luet oktyabrya,,SNP (Vitis18K),SNP,~18000,,Lacombe & Emanuelli et al. 2020,10.3389/fpls.2020.605934,2021,probable,"k0=0, k1=0.9, k2=0.1, kinship=0.27; Mendelian errors=1; Section D; Prev publication: Lacombe et al., 2013"
Sorok luet oktyabrya,Alicante Bouschet,,SNP (Vitis18K),SNP,~18000,,Lacombe & Emanuelli et al. 2020,10.3389/fpls.2020.605934,2021,probable,"k0=0, k1=0.9, k2=0.1, kinship=0.27; Mendelian errors=1; Section D; Prev publication: Lacombe et al., 2013"
Alicanti,Verjus,,SNP (Vitis18K),SNP,~18000,,Lacombe & Emanuelli et al. 2020,10.3389/fpls.2020.605934,2021,probable,"k0=0.01, k1=0.88, k2=0.11, kinship=0.28; Mendelian errors=2; Section D; Prev publication: Laucou et al., 2018"
Verjus,Alicanti,,SNP (Vitis18K),SNP,~18000,,Lacombe & Emanuelli et al. 2020,10.3389/fpls.2020.605934,2021,probable,"k0=0.01, k1=0.88, k2=0.11, kinship=0.28; Mendelian errors=2; Section D; Prev publication: Laucou et al., 2018"
Alicantí,Mantúo de Pilas,,SNP (Vitis18K),SNP,~18000,,Lacombe & Emanuelli et al. 2020,10.3389/fpls.2020.605934,2021,probable,"k0=0, k1=0.88, k2=0.11, kinship=0.28; Mendelian errors=1; Section D; Prev publication: Laucou et al., 2018"
Mantúo de Pilas,Alicantí,,SNP (Vitis18K),SNP,~18000,,Lacombe & Emanuelli et al. 2020,10.3389/fpls.2020.605934,2021,probable,"k0=0, k1=0.88, k2=0.11, kinship=0.28; Mendelian errors=1; Section D; Prev publication: Laucou et al., 2018"
Heben,Allaren,,SNP (Vitis18K),SNP,~18000,,Lacombe & Emanuelli et al. 2020,10.3389/fpls.2020.605934,2021,probable,"k0=0, k1=1, k2=0, kinship=0.25; Mendelian errors=0; Section D; Prev publication: Laucou et al., 2018"
Alphonse Lavallee,Attika seedless,,SNP (Vitis18K),SNP,~18000,,Lacombe & Emanuelli et al. 2020,10.3389/fpls.2020.605934,2021,probable,"k0=0, k1=0.97, k2=0.03, kinship=0.26; Mendelian errors=0; Section D; Prev publication: confirmation of breeder's data by Lacombe et al., 2013"
Alphonse Lavallee,Barlinka faux (Almeria),,SNP (Vitis18K),SNP,~18000,,Lacombe & Emanuelli et al. 2020,10.3389/fpls.2020.605934,2021,probable,"k0=0, k1=0.89, k2=0.11, kinship=0.28; Mendelian errors=0; Section D; Prev publication: Lacombe et al., 2013"
Barlinka faux (Almeria),Alphonse Lavallee,,SNP (Vitis18K),SNP,~18000,,Lacombe & Emanuelli et al. 2020,10.3389/fpls.2020.605934,2021,probable,"k0=0, k1=0.89, k2=0.11, kinship=0.28; Mendelian errors=0; Section D; Prev publication: Lacombe et al., 2013"
Alphonse Lavallee,Cardinal,,SNP (Vitis18K),SNP,~18000,,Lacombe & Emanuelli et al. 2020,10.3389/fpls.2020.605934,2021,probable,"k0=0, k1=0.88, k2=0.12, kinship=0.28; Mendelian errors=0; Section D; Prev publication: Lacombe et al., 2013"
Dodrelyabi,Alphonse Lavallee,,SNP (Vitis18K),SNP,~18000,,Lacombe & Emanuelli et al. 2020,10.3389/fpls.2020.605934,2021,probable,"k0=0, k1=0.97, k2=0.02, kinship=0.25; Mendelian errors=1; Section D; Prev publication: Lacombe et al., 2013"
Alphonse Lavallee,Ferlongo,,SNP (Vitis18K),SNP,~18000,,Lacombe & Emanuelli et al. 2020,10.3389/fpls.2020.605934,2021,probable,"k0=0, k1=0.94, k2=0.06, kinship=0.27; Mendelian errors=0; Section D; Prev publication: Lacombe et al., 2013"
Ferlongo,Alphonse Lavallee,,SNP (Vitis18K),SNP,~18000,,Lacombe & Emanuelli et al. 2020,10.3389/fpls.2020.605934,2021,probable,"k0=0, k1=0.94, k2=0.06, kinship=0.27; Mendelian errors=0; Section D; Prev publication: Lacombe et al., 2013"
Moscato d'Amburgo,Alphonse Lavallee,,SNP (Vitis18K),SNP,~18000,,Lacombe & Emanuelli et al. 2020,10.3389/fpls.2020.605934,2021,probable,"k0=0, k1=1, k2=0, kinship=0.25; Mendelian errors=0; Section D; Prev publication: Unvalidation of breeder's data by Ibáñez et al., 2009"
Alphonse Lavallee,Pasiga,,SNP (Vitis18K),SNP,~18000,,Lacombe & Emanuelli et al. 2020,10.3389/fpls.2020.605934,2021,probable,"k0=0, k1=0.93, k2=0.07, kinship=0.27; Mendelian errors=0; Section D; Prev publication: confirmation of breeder's data by Lacombe et al., 2013"
Alphonse Lavallee,Trakya ilkeren,,SNP (Vitis18K),SNP,~18000,,Lacombe & Emanuelli et al. 2020,10.3389/fpls.2020.605934,2021,probable,"k0=0, k1=0.89, k2=0.11, kinship=0.28; Mendelian errors=0; Section D; Prev publication: confirmation of breeder's data by Lacome et al., 2013"
Trakya ilkeren,Alphonse Lavallee,,SNP (Vitis18K),SNP,~18000,,Lacombe & Emanuelli et al. 2020,10.3389/fpls.2020.605934,2021,probable,"k0=0, k1=0.89, k2=0.11, kinship=0.28; Mendelian errors=0; Section D; Prev publication: confirmation of breeder's data by Lacome et al., 2013"
Alvarinho,Cainho,,SNP (Vitis18K),SNP,~18000,,Lacombe & Emanuelli et al. 2020,10.3389/fpls.2020.605934,2021,probable,"k0=0.01, k1=0.99, k2=0.01, kinship=0.25; Mendelian errors=3; Section D; Prev publication: Lacombe et al., 2013"
Amaral,Borracal,,SNP (Vitis18K),SNP,~18000,,Lacombe & Emanuelli et al. 2020,10.3389/fpls.2020.605934,2021,probable,"k0=0, k1=1, k2=0, kinship=0.25; Mendelian errors=3; Section D; Prev publication: Lacombe et al., 2013"
Borracal,Amaral,,SNP (Vitis18K),SNP,~18000,,Lacombe & Emanuelli et al. 2020,10.3389/fpls.2020.605934,2021,probable,"k0=0, k1=1, k2=0, kinship=0.25; Mendelian errors=3; Section D; Prev publication: Lacombe et al., 2013"
Amaral,Cainho,,SNP (Vitis18K),SNP,~18000,,Lacombe & Emanuelli et al. 2020,10.3389/fpls.2020.605934,2021,probable,"k0=0, k1=0.84, k2=0.16, kinship=0.29; Mendelian errors=2; Section D; Prev publication: Lacombe et al., 2013"
Amaral,Castanal,,SNP (Vitis18K),SNP,~18000,,Lacombe & Emanuelli et al. 2020,10.3389/fpls.2020.605934,2021,probable,"k0=0.01, k1=0.95, k2=0.04, kinship=0.26; Mendelian errors=2; Section D; Prev publication: Laucou et al., 2018"
Castanal,Amaral,,SNP (Vitis18K),SNP,~18000,,Lacombe & Emanuelli et al. 2020,10.3389/fpls.2020.605934,2021,probable,"k0=0.01, k1=0.95, k2=0.04, kinship=0.26; Mendelian errors=2; Section D; Prev publication: Laucou et al., 2018"
Amaral,Douradinha,,SNP (Vitis18K),SNP,~18000,,Lacombe & Emanuelli et al. 2020,10.3389/fpls.2020.605934,2021,probable,"k0=0, k1=1, k2=0, kinship=0.25; Mendelian errors=2; Section D; Prev publication: Lacombe et al., 2013"
Amaral,Loureiro,,SNP (Vitis18K),SNP,~18000,,Lacombe & Emanuelli et al. 2020,10.3389/fpls.2020.605934,2021,probable,"k0=0, k1=0.97, k2=0.02, kinship=0.26; Mendelian errors=1; Section D; Prev publication: Lacombe et al., 2013"
Loureiro,Amaral,,SNP (Vitis18K),SNP,~18000,,Lacombe & Emanuelli et al. 2020,10.3389/fpls.2020.605934,2021,probable,"k0=0, k1=0.97, k2=0.02, kinship=0.26; Mendelian errors=1; Section D; Prev publication: Lacombe et al., 2013"
Amaral,Souzao faux,,SNP (Vitis18K),SNP,~18000,,Lacombe & Emanuelli et al. 2020,10.3389/fpls.2020.605934,2021,probable,"k0=0, k1=0.96, k2=0.04, kinship=0.26; Mendelian errors=1; Section D; Prev publication: Lacombe et al., 2013"
Souzao faux,Amaral,,SNP (Vitis18K),SNP,~18000,,Lacombe & Emanuelli et al. 2020,10.3389/fpls.2020.605934,2021,probable,"k0=0, k1=0.96, k2=0.04, kinship=0.26; Mendelian errors=1; Section D; Prev publication: Lacombe et al., 2013"
Amaral,Touriga nacional,,SNP (Vitis18K),SNP,~18000,,Lacombe & Emanuelli et al. 2020,10.3389/fpls.2020.605934,2021,probable,"k0=0, k1=1, k2=0, kinship=0.25; Mendelian errors=1; Section D; Prev publication: Lacombe et al., 2013"
Touriga nacional,Amaral,,SNP (Vitis18K),SNP,~18000,,Lacombe & Emanuelli et al. 2020,10.3389/fpls.2020.605934,2021,probable,"k0=0, k1=1, k2=0, kinship=0.25; Mendelian errors=1; Section D; Prev publication: Lacombe et al., 2013"
Amaral,Tressot noir,,SNP (Vitis18K),SNP,~18000,,Lacombe & Emanuelli et al. 2020,10.3389/fpls.2020.605934,2021,probable,"k0=0, k1=0.94, k2=0.06, kinship=0.26; Mendelian errors=0; Section D; Prev publication: Lacombe et al., 2013"
Tressot noir,Amaral,,SNP (Vitis18K),SNP,~18000,,Lacombe & Emanuelli et al. 2020,10.3389/fpls.2020.605934,2021,probable,"k0=0, k1=0.94, k2=0.06, kinship=0.26; Mendelian errors=0; Section D; Prev publication: Lacombe et al., 2013"
Amaral,Vinhao,,SNP (Vitis18K),SNP,~18000,,Lacombe & Emanuelli et al. 2020,10.3389/fpls.2020.605934,2021,probable,"k0=0, k1=1, k2=0, kinship=0.25; Mendelian errors=1; Section D; Prev publication: Lacombe et al., 2013"
Vinhao,Amaral,,SNP (Vitis18K),SNP,~18000,,Lacombe & Emanuelli et al. 2020,10.3389/fpls.2020.605934,2021,probable,"k0=0, k1=1, k2=0, kinship=0.25; Mendelian errors=1; Section D; Prev publication: Lacombe et al., 2013"
Ancellotta,Cornacchia,,SNP (Vitis18K),SNP,~18000,,Lacombe & Emanuelli et al. 2020,10.3389/fpls.2020.605934,2021,probable,"k0=0, k1=1, k2=0, kinship=0.25; Mendelian errors=1; Section D; Prev publication: Lacombe et al., 2013"
Cornacchia,Ancellotta,,SNP (Vitis18K),SNP,~18000,,Lacombe & Emanuelli et al. 2020,10.3389/fpls.2020.605934,2021,probable,"k0=0, k1=1, k2=0, kinship=0.25; Mendelian errors=1; Section D; Prev publication: Lacombe et al., 2013"
Ancellotta,Galotta,,SNP (Vitis18K),SNP,~18000,,Lacombe & Emanuelli et al. 2020,10.3389/fpls.2020.605934,2021,probable,"k0=0, k1=1, k2=0, kinship=0.25; Mendelian errors=1; Section D; Prev publication: Lacombe et al., 2013"
Antao Vaz,Cayetana blanca,,SNP (Vitis18K),SNP,~18000,,Lacombe & Emanuelli et al. 2020,10.3389/fpls.2020.605934,2021,probable,"k0=0.01, k1=0.93, k2=0.06, kinship=0.26; Mendelian errors=2; Section D; Prev publication: Zinelabidine et al., 2012; Lacombe et al., 2013"
Cayetana blanca,Antao Vaz,,SNP (Vitis18K),SNP,~18000,,Lacombe & Emanuelli et al. 2020,10.3389/fpls.2020.605934,2021,probable,"k0=0.01, k1=0.93, k2=0.06, kinship=0.26; Mendelian errors=2; Section D; Prev publication: Zinelabidine et al., 2012; Lacombe et al., 2013"
Aouillat,Manseng noir,,SNP (Vitis18K),SNP,~18000,,Lacombe & Emanuelli et al. 2020,10.3389/fpls.2020.605934,2021,probable,"k0=0, k1=1, k2=0, kinship=0.25; Mendelian errors=1; Section D; Prev publication: Lacombe et al., 2013"
Manseng noir,Aouillat,,SNP (Vitis18K),SNP,~18000,,Lacombe & Emanuelli et al. 2020,10.3389/fpls.2020.605934,2021,probable,"k0=0, k1=1, k2=0, kinship=0.25; Mendelian errors=1; Section D; Prev publication: Lacombe et al., 2013"
Khusaine belyi,Aragatzi,,SNP (Vitis18K),SNP,~18000,,Lacombe & Emanuelli et al. 2020,10.3389/fpls.2020.605934,2021,probable,"k0=0, k1=0.81, k2=0.19, kinship=0.3; Mendelian errors=1; Section D; Prev publication: confirmation of breeder's data by Lacombe et al., 2013"
Sultanina,Aragatzi,,SNP (Vitis18K),SNP,~18000,,Lacombe & Emanuelli et al. 2020,10.3389/fpls.2020.605934,2021,probable,"k0=0.01, k1=0.82, k2=0.17, kinship=0.29; Mendelian errors=2; Section D; Prev publication: confirmation of breeder's data by Lacombe et al., 2013"
Heunisch Weiss,Aramon,,SNP (Vitis18K),SNP,~18000,,Lacombe & Emanuelli et al. 2020,10.3389/fpls.2020.605934,2021,probable,"k0=0, k1=0.95, k2=0.05, kinship=0.26; Mendelian errors=1; Section D; Prev publication: Lacombe et al., 2013"
Ouliven,Aramon,,SNP (Vitis18K),SNP,~18000,,Lacombe & Emanuelli et al. 2020,10.3389/fpls.2020.605934,2021,probable,"k0=0, k1=0.95, k2=0.04, kinship=0.26; Mendelian errors=2; Section D; Prev publication: Lacombe et al., 2013"
Aramon,Petit Bouschet,,SNP (Vitis18K),SNP,~18000,,Lacombe & Emanuelli et al. 2020,10.3389/fpls.2020.605934,2021,probable,"k0=0.01, k1=0.97, k2=0.02, kinship=0.25; Mendelian errors=2; Section D; Prev publication: confirmation of breeder's data by Cabezas et al., 2003"
Arbanello,Sangiovese,,SNP (Vitis18K),SNP,~18000,,Lacombe & Emanuelli et al. 2020,10.3389/fpls.2020.605934,2021,probable,"k0=0, k1=0.96, k2=0.04, kinship=0.26; Mendelian errors=0; Section D; Prev publication: De Lorenzis et al., 2014"
Sangiovese,Arbanello,,SNP (Vitis18K),SNP,~18000,,Lacombe & Emanuelli et al. 2020,10.3389/fpls.2020.605934,2021,probable,"k0=0, k1=0.96, k2=0.04, kinship=0.26; Mendelian errors=0; Section D; Prev publication: De Lorenzis et al., 2014"
Argamusa,Pensal blanca,,SNP (Vitis18K),SNP,~18000,,Lacombe & Emanuelli et al. 2020,10.3389/fpls.2020.605934,2021,probable,"k0=0, k1=0.85, k2=0.15, kinship=0.29; Mendelian errors=0; Section D; Prev publication: Laucou et al., 2018"
Pensal blanca,Argamusa,,SNP (Vitis18K),SNP,~18000,,Lacombe & Emanuelli et al. 2020,10.3389/fpls.2020.605934,2021,probable,"k0=0, k1=0.85, k2=0.15, kinship=0.29; Mendelian errors=0; Section D; Prev publication: Laucou et al., 2018"
Arinarnoa,Cabernet sauvignon,,SNP (Vitis18K),SNP,~18000,,Lacombe & Emanuelli et al. 2020,10.3389/fpls.2020.605934,2021,probable,"k0=0, k1=0.97, k2=0.02, kinship=0.26; Mendelian errors=1; Section D; Prev publication: Lacombe et al., 2013"
Cabernet sauvignon,Arinarnoa,,SNP (Vitis18K),SNP,~18000,,Lacombe & Emanuelli et al. 2020,10.3389/fpls.2020.605934,2021,probable,"k0=0, k1=0.97, k2=0.02, kinship=0.26; Mendelian errors=1; Section D; Prev publication: Lacombe et al., 2013"
Aromriesling,Riesling,,SNP (Vitis18K),SNP,~18000,,Lacombe & Emanuelli et al. 2020,10.3389/fpls.2020.605934,2021,probable,"k0=0, k1=0.92, k2=0.08, kinship=0.27; Mendelian errors=0; Section D; Prev publication: Lacombe et al., 2013"
Riesling,Aromriesling,,SNP (Vitis18K),SNP,~18000,,Lacombe & Emanuelli et al. 2020,10.3389/fpls.2020.605934,2021,probable,"k0=0, k1=0.92, k2=0.08, kinship=0.27; Mendelian errors=0; Section D; Prev publication: Lacombe et al., 2013"
Askeri,Sultanina,,SNP (Vitis18K),SNP,~18000,,Lacombe & Emanuelli et al. 2020,10.3389/fpls.2020.605934,2021,probable,"k0=0.01, k1=0.93, k2=0.06, kinship=0.26; Mendelian errors=2; Section D; Prev publication: Lacombe et al., 2013"
Sultanina,Askeri,,SNP (Vitis18K),SNP,~18000,,Lacombe & Emanuelli et al. 2020,10.3389/fpls.2020.605934,2021,probable,"k0=0.01, k1=0.93, k2=0.06, kinship=0.26; Mendelian errors=2; Section D; Prev publication: Lacombe et al., 2013"
Asma,Kokurdes belyi,,SNP (Vitis18K),SNP,~18000,,Lacombe & Emanuelli et al. 2020,10.3389/fpls.2020.605934,2021,probable,"k0=0, k1=0.91, k2=0.08, kinship=0.27; Mendelian errors=1; Section D; Prev publication: Laucou et al., 2018"
Kokurdes belyi,Asma,,SNP (Vitis18K),SNP,~18000,,Lacombe & Emanuelli et al. 2020,10.3389/fpls.2020.605934,2021,probable,"k0=0, k1=0.91, k2=0.08, kinship=0.27; Mendelian errors=1; Section D; Prev publication: Laucou et al., 2018"
Aspiran noir,Cinsaut,,SNP (Vitis18K),SNP,~18000,,Lacombe & Emanuelli et al. 2020,10.3389/fpls.2020.605934,2021,probable,"k0=0, k1=0.87, k2=0.13, kinship=0.28; Mendelian errors=1; Section D; Prev publication: Lacombe et al., 2013"
Cinsaut,Aspiran noir,,SNP (Vitis18K),SNP,~18000,,Lacombe & Emanuelli et al. 2020,10.3389/fpls.2020.605934,2021,probable,"k0=0, k1=0.87, k2=0.13, kinship=0.28; Mendelian errors=1; Section D; Prev publication: Lacombe et al., 2013"
Aspiran noir,Galicoul noir,,SNP (Vitis18K),SNP,~18000,,Lacombe & Emanuelli et al. 2020,10.3389/fpls.2020.605934,2021,probable,"k0=0, k1=0.99, k2=0.01, kinship=0.25; Mendelian errors=1; Section D; Prev publication: De Lorenzis et al., 2019"
Galicoul noir,Aspiran noir,,SNP (Vitis18K),SNP,~18000,,Lacombe & Emanuelli et al. 2020,10.3389/fpls.2020.605934,2021,probable,"k0=0, k1=0.99, k2=0.01, kinship=0.25; Mendelian errors=1; Section D; Prev publication: De Lorenzis et al., 2019"
Aspiran noir,Oeillade noire,,SNP (Vitis18K),SNP,~18000,,Lacombe & Emanuelli et al. 2020,10.3389/fpls.2020.605934,2021,probable,"k0=0, k1=1, k2=0, kinship=0.25; Mendelian errors=2; Section D; Prev publication: Lacombe et al., 2013"
Oeillade noire,Aspiran noir,,SNP (Vitis18K),SNP,~18000,,Lacombe & Emanuelli et al. 2020,10.3389/fpls.2020.605934,2021,probable,"k0=0, k1=1, k2=0, kinship=0.25; Mendelian errors=2; Section D; Prev publication: Lacombe et al., 2013"
Assouad karech,Khalt,,SNP (Vitis18K),SNP,~18000,,Lacombe & Emanuelli et al. 2020,10.3389/fpls.2020.605934,2021,probable,"k0=0.01, k1=0.95, k2=0.04, kinship=0.26; Mendelian errors=4; Section D; Prev publication: Lacombe et al., 2013"
Khalt,Assouad karech,,SNP (Vitis18K),SNP,~18000,,Lacombe & Emanuelli et al. 2020,10.3389/fpls.2020.605934,2021,probable,"k0=0.01, k1=0.95, k2=0.04, kinship=0.26; Mendelian errors=4; Section D; Prev publication: Lacombe et al., 2013"
Assouad karech,Ladikino,,SNP (Vitis18K),SNP,~18000,,Lacombe & Emanuelli et al. 2020,10.3389/fpls.2020.605934,2021,probable,"k0=0, k1=0.94, k2=0.06, kinship=0.26; Mendelian errors=1; Section D; Prev publication: Lacombe et al., 2013"
Ladikino,Assouad karech,,SNP (Vitis18K),SNP,~18000,,Lacombe & Emanuelli et al. 2020,10.3389/fpls.2020.605934,2021,probable,"k0=0, k1=0.94, k2=0.06, kinship=0.26; Mendelian errors=1; Section D; Prev publication: Lacombe et al., 2013"
Assoued kere,Doight du neigne,,SNP (Vitis18K),SNP,~18000,,Lacombe & Emanuelli et al. 2020,10.3389/fpls.2020.605934,2021,probable,"k0=0, k1=0.87, k2=0.13, kinship=0.28; Mendelian errors=1; Section D; Prev publication: Lacombe et al., 2013"
Asswad Abou Khisle,Doight du neigne,,SNP (Vitis18K),SNP,~18000,,Lacombe & Emanuelli et al. 2020,10.3389/fpls.2020.605934,2021,probable,"k0=0, k1=0.79, k2=0.21, kinship=0.3; Mendelian errors=1; Section D; Prev publication: Lacombe et al., 2013"
Black monukka,Attika seedless,,SNP (Vitis18K),SNP,~18000,,Lacombe & Emanuelli et al. 2020,10.3389/fpls.2020.605934,2021,probable,"k0=0.01, k1=0.92, k2=0.07, kinship=0.27; Mendelian errors=2; Section D; Prev publication: confirmation of breeder's data by Lacombe et al., 2013"
Augster weiss,Augster blau,,SNP (Vitis18K),SNP,~18000,,Lacombe & Emanuelli et al. 2020,10.3389/fpls.2020.605934,2021,probable,"k0=0, k1=0.83, k2=0.16, kinship=0.29; Mendelian errors=1; Section D; Prev publication: Lacombe et al., 2013"
Augster blau,Totika,,SNP (Vitis18K),SNP,~18000,,Lacombe & Emanuelli et al. 2020,10.3389/fpls.2020.605934,2021,probable,"k0=0, k1=0.8, k2=0.19, kinship=0.3; Mendelian errors=1; Section D; Prev publication: Lacombe et al., 2013"
Vulpea,Augster blau,,SNP (Vitis18K),SNP,~18000,,Lacombe & Emanuelli et al. 2020,10.3389/fpls.2020.605934,2021,probable,"k0=0, k1=0.86, k2=0.14, kinship=0.28; Mendelian errors=0; Section D; Prev publication: Lacombe et al., 2013"
Alba imputotato,Augster weiss,,SNP (Vitis18K),SNP,~18000,,Lacombe & Emanuelli et al. 2020,10.3389/fpls.2020.605934,2021,probable,"k0=0, k1=0.91, k2=0.09, kinship=0.27; Mendelian errors=0; Section D; Prev publication: Lacombe et al., 2013"
Augster weiss,Kolontar,,SNP (Vitis18K),SNP,~18000,,Lacombe & Emanuelli et al. 2020,10.3389/fpls.2020.605934,2021,probable,"k0=0, k1=0.96, k2=0.04, kinship=0.26; Mendelian errors=0; Section D; Prev publication: Lacombe et al., 2013"
Kolontar,Augster weiss,,SNP (Vitis18K),SNP,~18000,,Lacombe & Emanuelli et al. 2020,10.3389/fpls.2020.605934,2021,probable,"k0=0, k1=0.96, k2=0.04, kinship=0.26; Mendelian errors=0; Section D; Prev publication: Lacombe et al., 2013"
Lisztes feher,Augster weiss,,SNP (Vitis18K),SNP,~18000,,Lacombe & Emanuelli et al. 2020,10.3389/fpls.2020.605934,2021,probable,"k0=0, k1=0.93, k2=0.07, kinship=0.27; Mendelian errors=1; Section D; Prev publication: Lacombe et al., 2013"
Avanà,Cacaboue,,SNP (Vitis18K),SNP,~18000,,Lacombe & Emanuelli et al. 2020,10.3389/fpls.2020.605934,2021,probable,"k0=0, k1=1, k2=0, kinship=0.25; Mendelian errors=2; Section D; Prev publication: Lacombe et al. 2013 (Avanà=Hibou noir)"
Cacaboue,Avanà,,SNP (Vitis18K),SNP,~18000,,Lacombe & Emanuelli et al. 2020,10.3389/fpls.2020.605934,2021,probable,"k0=0, k1=1, k2=0, kinship=0.25; Mendelian errors=2; Section D; Prev publication: Lacombe et al. 2013 (Avanà=Hibou noir)"
Bacchus weiss,Müller Thurgau,,SNP (Vitis18K),SNP,~18000,,Lacombe & Emanuelli et al. 2020,10.3389/fpls.2020.605934,2021,probable,"k0=0, k1=0.66, k2=0.33, kinship=0.33; Mendelian errors=1; Section D; Prev publication: Lacombe et al., 2013"
Müller Thurgau,Bacchus weiss,,SNP (Vitis18K),SNP,~18000,,Lacombe & Emanuelli et al. 2020,10.3389/fpls.2020.605934,2021,probable,"k0=0, k1=0.66, k2=0.33, kinship=0.33; Mendelian errors=1; Section D; Prev publication: Lacombe et al., 2013"
Baga,Malvasia fina,,SNP (Vitis18K),SNP,~18000,,Lacombe & Emanuelli et al. 2020,10.3389/fpls.2020.605934,2021,probable,"k0=0, k1=0.96, k2=0.04, kinship=0.26; Mendelian errors=0; Section D; Prev publication: Lacombe et al., 2013"
Malvasia fina,Baga,,SNP (Vitis18K),SNP,~18000,,Lacombe & Emanuelli et al. 2020,10.3389/fpls.2020.605934,2021,probable,"k0=0, k1=0.96, k2=0.04, kinship=0.26; Mendelian errors=0; Section D; Prev publication: Lacombe et al., 2013"
Cannonau (Garnacha tinta),Balouti (Abbaye de Latroun),,SNP (Vitis18K),SNP,~18000,,Lacombe & Emanuelli et al. 2020,10.3389/fpls.2020.605934,2021,probable,"k0=0, k1=1, k2=0, kinship=0.25; Mendelian errors=1; Section D; Prev publication: Lacombe et al., 2013"
Trebbiano toscano,Balouti (Abbaye de Latroun),,SNP (Vitis18K),SNP,~18000,,Lacombe & Emanuelli et al. 2020,10.3389/fpls.2020.605934,2021,probable,"k0=0, k1=1, k2=0, kinship=0.25; Mendelian errors=0; Section D; Prev publication: Lacombe et al., 2013"
Baratuciàt,Cascarolo,,SNP (Vitis18K),SNP,~18000,,Lacombe & Emanuelli et al. 2020,10.3389/fpls.2020.605934,2021,probable,"k0=0, k1=1, k2=0, kinship=0.25; Mendelian errors=0; Section D; Prev publication: Raimondi et al. 2020"
Cascarolo,Baratuciàt,,SNP (Vitis18K),SNP,~18000,,Lacombe & Emanuelli et al. 2020,10.3389/fpls.2020.605934,2021,probable,"k0=0, k1=1, k2=0, kinship=0.25; Mendelian errors=0; Section D; Prev publication: Raimondi et al. 2020"
Barbera,Cornarea,,SNP (Vitis18K),SNP,~18000,,Lacombe & Emanuelli et al. 2020,10.3389/fpls.2020.605934,2021,probable,"k0=0, k1=0.96, k2=0.04, kinship=0.26; Mendelian errors=0; Section D; Prev publication: Cipriani et al., 2010"
Barbera,INCROCIO TERZI N.1,,SNP (Vitis18K),SNP,~18000,,Lacombe & Emanuelli et al. 2020,10.3389/fpls.2020.605934,2021,probable,"k0=0, k1=1, k2=0, kinship=0.25; Mendelian errors=1; Section D; Prev publication: Cipriani et al., 2010"
INCROCIO TERZI N.1,Barbera,,SNP (Vitis18K),SNP,~18000,,Lacombe & Emanuelli et al. 2020,10.3389/fpls.2020.605934,2021,probable,"k0=0, k1=1, k2=0, kinship=0.25; Mendelian errors=1; Section D; Prev publication: Cipriani et al., 2010"
Barbera,Nebbiera,,SNP (Vitis18K),SNP,~18000,,Lacombe & Emanuelli et al. 2020,10.3389/fpls.2020.605934,2021,probable,"k0=0, k1=0.94, k2=0.06, kinship=0.27; Mendelian errors=0; Section D; Prev publication: Raimondi et al., 2017"
Barbera,Orsolina,,SNP (Vitis18K),SNP,~18000,,Lacombe & Emanuelli et al. 2020,10.3389/fpls.2020.605934,2021,probable,"k0=0, k1=1, k2=0, kinship=0.25; Mendelian errors=2; Section D; Prev publication: Raimondi et al. 2020 (Orsolina=Coccalona nera)"
Orsolina,Barbera,,SNP (Vitis18K),SNP,~18000,,Lacombe & Emanuelli et al. 2020,10.3389/fpls.2020.605934,2021,probable,"k0=0, k1=1, k2=0, kinship=0.25; Mendelian errors=2; Section D; Prev publication: Raimondi et al. 2020 (Orsolina=Coccalona nera)"
Barbera,San Michele,,SNP (Vitis18K),SNP,~18000,,Lacombe & Emanuelli et al. 2020,10.3389/fpls.2020.605934,2021,probable,"k0=0, k1=0.98, k2=0.02, kinship=0.25; Mendelian errors=1; Section D; Prev publication: Raimondi et al., 2017"
Barbera bianca,Timorasso,,SNP (Vitis18K),SNP,~18000,,Lacombe & Emanuelli et al. 2020,10.3389/fpls.2020.605934,2021,probable,"k0=0, k1=1, k2=0, kinship=0.25; Mendelian errors=0; Section D; Prev publication: Raimondi et al. 2020"
Timorasso,Barbera bianca,,SNP (Vitis18K),SNP,~18000,,Lacombe & Emanuelli et al. 2020,10.3389/fpls.2020.605934,2021,probable,"k0=0, k1=1, k2=0, kinship=0.25; Mendelian errors=0; Section D; Prev publication: Raimondi et al. 2020"
Baserri,Manseng gros blanc,,SNP (Vitis18K),SNP,~18000,,Lacombe & Emanuelli et al. 2020,10.3389/fpls.2020.605934,2021,probable,"k0=0, k1=1, k2=0, kinship=0.25; Mendelian errors=1; Section D; Prev publication: Lacombe et al., 2013"
Manseng gros blanc,Baserri,,SNP (Vitis18K),SNP,~18000,,Lacombe & Emanuelli et al. 2020,10.3389/fpls.2020.605934,2021,probable,"k0=0, k1=1, k2=0, kinship=0.25; Mendelian errors=1; Section D; Prev publication: Lacombe et al., 2013"
Chasselas,Basilikum,,SNP (Vitis18K),SNP,~18000,,Lacombe & Emanuelli et al. 2020,10.3389/fpls.2020.605934,2021,probable,"k0=0, k1=0.79, k2=0.21, kinship=0.3; Mendelian errors=0; Section D; Prev publication: Lacombe et al., 2013"
Pinot,Basilikum,,SNP (Vitis18K),SNP,~18000,,Lacombe & Emanuelli et al. 2020,10.3389/fpls.2020.605934,2021,probable,"k0=0, k1=1, k2=0, kinship=0.25; Mendelian errors=0; Section D; Prev publication: Lacombe et al., 2013"
Heben,Bastardo espanhol,,SNP (Vitis18K),SNP,~18000,,Lacombe & Emanuelli et al. 2020,10.3389/fpls.2020.605934,2021,probable,"k0=0, k1=1, k2=0, kinship=0.25; Mendelian errors=1; Section D; Prev publication: Lacombe et al., 2013"
Trousseau noir,Bastardo espanhol,,SNP (Vitis18K),SNP,~18000,,Lacombe & Emanuelli et al. 2020,10.3389/fpls.2020.605934,2021,probable,"k0=0, k1=1, k2=0, kinship=0.25; Mendelian errors=1; Section D; Prev publication: Lacombe et al., 2013"
Bastardo Magaratchskii,Sauvignon blanc,,SNP (Vitis18K),SNP,~18000,,Lacombe & Emanuelli et al. 2020,10.3389/fpls.2020.605934,2021,probable,"k0=0, k1=1, k2=0, kinship=0.25; Mendelian errors=2; Section D; Prev publication: Lacombe et al., 2013"
Sauvignon blanc,Bastardo Magaratchskii,,SNP (Vitis18K),SNP,~18000,,Lacombe & Emanuelli et al. 2020,10.3389/fpls.2020.605934,2021,probable,"k0=0, k1=1, k2=0, kinship=0.25; Mendelian errors=2; Section D; Prev publication: Lacombe et al., 2013"
Trousseau noir,Bastardo Magaratchskii,,SNP (Vitis18K),SNP,~18000,,Lacombe & Emanuelli et al. 2020,10.3389/fpls.2020.605934,2021,probable,"k0=0, k1=0.99, k2=0.01, kinship=0.25; Mendelian errors=0; Section D; Prev publication: Lacombe et al., 2013"
Bastrardo blanco,Savagnin,,SNP (Vitis18K),SNP,~18000,,Lacombe & Emanuelli et al. 2020,10.3389/fpls.2020.605934,2021,probable,"k0=0, k1=1, k2=0, kinship=0.25; Mendelian errors=0; Section D; Prev publication: Laucou et al., 2018"
Savagnin,Bastrardo blanco,,SNP (Vitis18K),SNP,~18000,,Lacombe & Emanuelli et al. 2020,10.3389/fpls.2020.605934,2021,probable,"k0=0, k1=1, k2=0, kinship=0.25; Mendelian errors=0; Section D; Prev publication: Laucou et al., 2018"
Battraube,Prokupac,,SNP (Vitis18K),SNP,~18000,,Lacombe & Emanuelli et al. 2020,10.3389/fpls.2020.605934,2021,probable,"k0=0, k1=0.82, k2=0.18, kinship=0.29; Mendelian errors=0; Section D; Prev publication: Lacombe et al., 2013"
Prokupac,Battraube,,SNP (Vitis18K),SNP,~18000,,Lacombe & Emanuelli et al. 2020,10.3389/fpls.2020.605934,2021,probable,"k0=0, k1=0.82, k2=0.18, kinship=0.29; Mendelian errors=0; Section D; Prev publication: Lacombe et al., 2013"
Battraube,Urbanitraube noir,,SNP (Vitis18K),SNP,~18000,,Lacombe & Emanuelli et al. 2020,10.3389/fpls.2020.605934,2021,probable,"k0=0, k1=0.84, k2=0.16, kinship=0.29; Mendelian errors=1; Section D; Prev publication: Lacombe et al., 2013"
Urbanitraube noir,Battraube,,SNP (Vitis18K),SNP,~18000,,Lacombe & Emanuelli et al. 2020,10.3389/fpls.2020.605934,2021,probable,"k0=0, k1=0.84, k2=0.16, kinship=0.29; Mendelian errors=1; Section D; Prev publication: Lacombe et al., 2013"
Beclan,Chasselas,,SNP (Vitis18K),SNP,~18000,,Lacombe & Emanuelli et al. 2020,10.3389/fpls.2020.605934,2021,probable,"k0=0, k1=0.84, k2=0.16, kinship=0.29; Mendelian errors=1; Section D; Prev publication: Lacombe et al., 2013"
Chasselas,Beclan,,SNP (Vitis18K),SNP,~18000,,Lacombe & Emanuelli et al. 2020,10.3389/fpls.2020.605934,2021,probable,"k0=0, k1=0.84, k2=0.16, kinship=0.29; Mendelian errors=1; Section D; Prev publication: Lacombe et al., 2013"
Benedicto,Benedicto falso de Aragon,,SNP (Vitis18K),SNP,~18000,,Lacombe & Emanuelli et al. 2020,10.3389/fpls.2020.605934,2021,probable,"k0=0, k1=0.91, k2=0.09, kinship=0.27; Mendelian errors=0; Section D; Prev publication: Ibáñez et al. 2012"
Benedicto falso de Aragon,Benedicto,,SNP (Vitis18K),SNP,~18000,,Lacombe & Emanuelli et al. 2020,10.3389/fpls.2020.605934,2021,probable,"k0=0, k1=0.91, k2=0.09, kinship=0.27; Mendelian errors=0; Section D; Prev publication: Ibáñez et al. 2012"
Bermejuela,Malvasia volcanica,,SNP (Vitis18K),SNP,~18000,,Lacombe & Emanuelli et al. 2020,10.3389/fpls.2020.605934,2021,probable,"k0=0, k1=0.94, k2=0.06, kinship=0.27; Mendelian errors=0; Section D; Prev publication: Laucou et al., 2018"
Bermestia bianca,Luglienga bianca (Lignan),,SNP (Vitis18K),SNP,~18000,,Lacombe & Emanuelli et al. 2020,10.3389/fpls.2020.605934,2021,probable,"k0=0.01, k1=0.89, k2=0.11, kinship=0.28; Mendelian errors=2; Section D; Prev publication: Lacombe et al., 2013"
Berzamino,Refosco nostrano,,SNP (Vitis18K),SNP,~18000,,Lacombe & Emanuelli et al. 2020,10.3389/fpls.2020.605934,2021,probable,"k0=0.01, k1=0.94, k2=0.06, kinship=0.26; Mendelian errors=2; Section D; Prev publication: Crespan et al., 2020"
Refosco nostrano,Berzamino,,SNP (Vitis18K),SNP,~18000,,Lacombe & Emanuelli et al. 2020,10.3389/fpls.2020.605934,2021,probable,"k0=0.01, k1=0.94, k2=0.06, kinship=0.26; Mendelian errors=2; Section D; Prev publication: Crespan et al., 2020"
Dedo de Dama,Bezoul el Aouda,,SNP (Vitis18K),SNP,~18000,,Lacombe & Emanuelli et al. 2020,10.3389/fpls.2020.605934,2021,probable,"k0=0, k1=0.87, k2=0.13, kinship=0.28; Mendelian errors=0; Section D; Prev publication: Lacombe et al., 2013"
Bezoul kelba el bidha gabes,Turki,,SNP (Vitis18K),SNP,~18000,,Lacombe & Emanuelli et al. 2020,10.3389/fpls.2020.605934,2021,probable,"k0=0, k1=0.85, k2=0.15, kinship=0.29; Mendelian errors=0; Section D; Prev publication: Lacombe et al., 2013"
Turki,Bezoul kelba el bidha gabes,,SNP (Vitis18K),SNP,~18000,,Lacombe & Emanuelli et al. 2020,10.3389/fpls.2020.605934,2021,probable,"k0=0, k1=0.85, k2=0.15, kinship=0.29; Mendelian errors=0; Section D; Prev publication: Lacombe et al., 2013"
Bianchetta trevigiana,Brambana,,SNP (Vitis18K),SNP,~18000,,Lacombe & Emanuelli et al. 2020,10.3389/fpls.2020.605934,2021,probable,"k0=0, k1=1, k2=0, kinship=0.25; Mendelian errors=0; Section D; Prev publication: Cipriani et al., 2010"
Brambana,Bianchetta trevigiana,,SNP (Vitis18K),SNP,~18000,,Lacombe & Emanuelli et al. 2020,10.3389/fpls.2020.605934,2021,probable,"k0=0, k1=1, k2=0, kinship=0.25; Mendelian errors=0; Section D; Prev publication: Cipriani et al., 2010"
Biancolella,Forastera,,SNP (Vitis18K),SNP,~18000,,Lacombe & Emanuelli et al. 2020,10.3389/fpls.2020.605934,2021,probable,"k0=0, k1=0.94, k2=0.05, kinship=0.26; Mendelian errors=1; Section D; Prev publication: Lacombe et al., 2013"
Forastera,Biancolella,,SNP (Vitis18K),SNP,~18000,,Lacombe & Emanuelli et al. 2020,10.3389/fpls.2020.605934,2021,probable,"k0=0, k1=0.94, k2=0.05, kinship=0.26; Mendelian errors=1; Section D; Prev publication: Lacombe et al., 2013"
Biancone,Termarina (Sciaccarello),,SNP (Vitis18K),SNP,~18000,,Lacombe & Emanuelli et al. 2020,10.3389/fpls.2020.605934,2021,probable,"k0=0, k1=1, k2=0, kinship=0.25; Mendelian errors=0; Section D; Prev publication: Di Vecchi Staraz et al., 2007"
Termarina (Sciaccarello),Biancone,,SNP (Vitis18K),SNP,~18000,,Lacombe & Emanuelli et al. 2020,10.3389/fpls.2020.605934,2021,probable,"k0=0, k1=1, k2=0, kinship=0.25; Mendelian errors=0; Section D; Prev publication: Di Vecchi Staraz et al., 2007"
Bical,Malvasia fina,,SNP (Vitis18K),SNP,~18000,,Lacombe & Emanuelli et al. 2020,10.3389/fpls.2020.605934,2021,probable,"k0=0, k1=1, k2=0, kinship=0.25; Mendelian errors=0; Section D; Prev publication: Lacombe et al., 2013"
Malvasia fina,Bical,,SNP (Vitis18K),SNP,~18000,,Lacombe & Emanuelli et al. 2020,10.3389/fpls.2020.605934,2021,probable,"k0=0, k1=1, k2=0, kinship=0.25; Mendelian errors=0; Section D; Prev publication: Lacombe et al., 2013"
Bicane,Calabre,,SNP (Vitis18K),SNP,~18000,,Lacombe & Emanuelli et al. 2020,10.3389/fpls.2020.605934,2021,probable,"k0=0.01, k1=0.99, k2=0, kinship=0.25; Mendelian errors=2; Section D; Prev publication: Lacombe et al., 2013"
Bicane,Cornichon blanc (non identified),,SNP (Vitis18K),SNP,~18000,,Lacombe & Emanuelli et al. 2020,10.3389/fpls.2020.605934,2021,probable,"k0=0, k1=0.88, k2=0.12, kinship=0.28; Mendelian errors=1; Section D; Prev publication: Laucou et al., 2018"
Bicane,Italia,,SNP (Vitis18K),SNP,~18000,,Lacombe & Emanuelli et al. 2020,10.3389/fpls.2020.605934,2021,probable,"k0=0, k1=0.99, k2=0.01, kinship=0.25; Mendelian errors=1; Section D; Prev publication: Lacombe et al., 2013"
Bicane,Palestina I,,SNP (Vitis18K),SNP,~18000,,Lacombe & Emanuelli et al. 2020,10.3389/fpls.2020.605934,2021,probable,"k0=0, k1=1, k2=0, kinship=0.25; Mendelian errors=1; Section D; Prev publication: Lacombe et al., 2013"
Big Perlon,Perlon,,SNP (Vitis18K),SNP,~18000,,Lacombe & Emanuelli et al. 2020,10.3389/fpls.2020.605934,2021,probable,"k0=0, k1=0.84, k2=0.16, kinship=0.29; Mendelian errors=1; Section D; Prev publication: Lacombe et al., 2013"
Perlon,Big Perlon,,SNP (Vitis18K),SNP,~18000,,Lacombe & Emanuelli et al. 2020,10.3389/fpls.2020.605934,2021,probable,"k0=0, k1=0.84, k2=0.16, kinship=0.29; Mendelian errors=1; Section D; Prev publication: Lacombe et al., 2013"
Ichkimar,Black monukka,,SNP (Vitis18K),SNP,~18000,,Lacombe & Emanuelli et al. 2020,10.3389/fpls.2020.605934,2021,probable,"k0=0, k1=0.82, k2=0.18, kinship=0.29; Mendelian errors=0; Section D; Prev publication: Lacombe et al., 2013"
Black monukka,Pardina,,SNP (Vitis18K),SNP,~18000,,Lacombe & Emanuelli et al. 2020,10.3389/fpls.2020.605934,2021,probable,"k0=0.01, k1=0.94, k2=0.05, kinship=0.26; Mendelian errors=4; Section D; Prev publication: Lacombe et al., 2013"
Pardina,Black monukka,,SNP (Vitis18K),SNP,~18000,,Lacombe & Emanuelli et al. 2020,10.3389/fpls.2020.605934,2021,probable,"k0=0.01, k1=0.94, k2=0.05, kinship=0.26; Mendelian errors=4; Section D; Prev publication: Lacombe et al., 2013"
Sultanina,Black monukka,,SNP (Vitis18K),SNP,~18000,,Lacombe & Emanuelli et al. 2020,10.3389/fpls.2020.605934,2021,probable,"k0=0.01, k1=0.72, k2=0.27, kinship=0.32; Mendelian errors=2; Section D; Prev publication: Lacombe et al., 2013"
Black Morocco,Maroc gros,,SNP (Vitis18K),SNP,~18000,,Lacombe & Emanuelli et al. 2020,10.3389/fpls.2020.605934,2021,probable,"k0=0, k1=1, k2=0, kinship=0.25; Mendelian errors=0; Section D; Prev publication: Lacombe et al., 2013"
Black Morocco,Teta de vaca tinta,,SNP (Vitis18K),SNP,~18000,,Lacombe & Emanuelli et al. 2020,10.3389/fpls.2020.605934,2021,probable,"k0=0, k1=0.95, k2=0.05, kinship=0.26; Mendelian errors=2; Section D; Prev publication: Laucou et al., 2018"
Teta de vaca tinta,Black Morocco,,SNP (Vitis18K),SNP,~18000,,Lacombe & Emanuelli et al. 2020,10.3389/fpls.2020.605934,2021,probable,"k0=0, k1=0.95, k2=0.05, kinship=0.26; Mendelian errors=2; Section D; Prev publication: Laucou et al., 2018"
Blanc de Rhafsai,Cayetana blanca,,SNP (Vitis18K),SNP,~18000,,Lacombe & Emanuelli et al. 2020,10.3389/fpls.2020.605934,2021,probable,"k0=0, k1=0.91, k2=0.09, kinship=0.27; Mendelian errors=0; Section D; Prev publication: Lacombe et al., 2013"
Cayetana blanca,Blanc de Rhafsai,,SNP (Vitis18K),SNP,~18000,,Lacombe & Emanuelli et al. 2020,10.3389/fpls.2020.605934,2021,probable,"k0=0, k1=0.91, k2=0.09, kinship=0.27; Mendelian errors=0; Section D; Prev publication: Lacombe et al., 2013"
Blanquilina,Savagnin,,SNP (Vitis18K),SNP,~18000,,Lacombe & Emanuelli et al. 2020,10.3389/fpls.2020.605934,2021,probable,"k0=0, k1=1, k2=0, kinship=0.25; Mendelian errors=0; Section D; Prev publication: Laucou et al., 2018"
Savagnin,Blanquilina,,SNP (Vitis18K),SNP,~18000,,Lacombe & Emanuelli et al. 2020,10.3389/fpls.2020.605934,2021,probable,"k0=0, k1=1, k2=0, kinship=0.25; Mendelian errors=0; Section D; Prev publication: Laucou et al., 2018"
Blatina,Primitivo,,SNP (Vitis18K),SNP,~18000,,Lacombe & Emanuelli et al. 2020,10.3389/fpls.2020.605934,2021,probable,"k0=0, k1=1, k2=0, kinship=0.25; Mendelian errors=0; Section D; Prev publication: De Lorenzis et al., 2019"
Primitivo,Blatina,,SNP (Vitis18K),SNP,~18000,,Lacombe & Emanuelli et al. 2020,10.3389/fpls.2020.605934,2021,probable,"k0=0, k1=1, k2=0, kinship=0.25; Mendelian errors=0; Section D; Prev publication: De Lorenzis et al., 2019"
Blaufraenkisch,Heroldrebe,,SNP (Vitis18K),SNP,~18000,,Lacombe & Emanuelli et al. 2020,10.3389/fpls.2020.605934,2021,probable,"k0=0, k1=0.78, k2=0.22, kinship=0.31; Mendelian errors=0; Section D; Prev publication: Lacombe et al., 2013"
Blaufraenkisch,Heunisch Weiss,,SNP (Vitis18K),SNP,~18000,,Lacombe & Emanuelli et al. 2020,10.3389/fpls.2020.605934,2021,probable,"k0=0, k1=0.83, k2=0.16, kinship=0.29; Mendelian errors=1; Section D; Prev publication: Lacombe et al., 2013"
Heunisch Weiss,Blaufraenkisch,,SNP (Vitis18K),SNP,~18000,,Lacombe & Emanuelli et al. 2020,10.3389/fpls.2020.605934,2021,probable,"k0=0, k1=0.83, k2=0.16, kinship=0.29; Mendelian errors=1; Section D; Prev publication: Lacombe et al., 2013"
Blaufraenkisch,Zweigeltrebe blau,,SNP (Vitis18K),SNP,~18000,,Lacombe & Emanuelli et al. 2020,10.3389/fpls.2020.605934,2021,probable,"k0=0, k1=1, k2=0, kinship=0.25; Mendelian errors=2; Section D; Prev publication: Lacombe et al., 2013"
Bombino bianco,Bombino nero,,SNP (Vitis18K),SNP,~18000,,Lacombe & Emanuelli et al. 2020,10.3389/fpls.2020.605934,2021,probable,"k0=0, k1=0.96, k2=0.04, kinship=0.26; Mendelian errors=0; Section D; Prev publication: Lacombe et al., 2013"
Bombino bianco,Cococciola,,SNP (Vitis18K),SNP,~18000,,Lacombe & Emanuelli et al. 2020,10.3389/fpls.2020.605934,2021,probable,"k0=0, k1=1, k2=0, kinship=0.25; Mendelian errors=1; Section D; Prev publication: Lacombe et al., 2013"
Cococciola,Bombino bianco,,SNP (Vitis18K),SNP,~18000,,Lacombe & Emanuelli et al. 2020,10.3389/fpls.2020.605934,2021,probable,"k0=0, k1=1, k2=0, kinship=0.25; Mendelian errors=1; Section D; Prev publication: Lacombe et al., 2013"
Bombino bianco,Colatamurro,,SNP (Vitis18K),SNP,~18000,,Lacombe & Emanuelli et al. 2020,10.3389/fpls.2020.605934,2021,probable,"k0=0, k1=1, k2=0, kinship=0.25; Mendelian errors=1; Section D; Prev publication: De Lorenzis et al., 2019"
Bombino bianco,Impigno b.,,SNP (Vitis18K),SNP,~18000,,Lacombe & Emanuelli et al. 2020,10.3389/fpls.2020.605934,2021,probable,"k0=0, k1=0.93, k2=0.07, kinship=0.27; Mendelian errors=1; Section D; Prev publication: Bergamini et al., 2016"
Bombino bianco,Montepulciano,,SNP (Vitis18K),SNP,~18000,,Lacombe & Emanuelli et al. 2020,10.3389/fpls.2020.605934,2021,probable,"k0=0, k1=0.97, k2=0.03, kinship=0.26; Mendelian errors=0; Section D; Prev publication: Lacombe et al., 2013"
Montepulciano,Bombino bianco,,SNP (Vitis18K),SNP,~18000,,Lacombe & Emanuelli et al. 2020,10.3389/fpls.2020.605934,2021,probable,"k0=0, k1=0.97, k2=0.03, kinship=0.26; Mendelian errors=0; Section D; Prev publication: Lacombe et al., 2013"
Bombino bianco,Moscatello selvatico,,SNP (Vitis18K),SNP,~18000,,Lacombe & Emanuelli et al. 2020,10.3389/fpls.2020.605934,2021,probable,"k0=0, k1=1, k2=0, kinship=0.25; Mendelian errors=1; Section D; Prev publication: Lacombe et al., 2007"
Bombino bianco,Nosiola,,SNP (Vitis18K),SNP,~18000,,Lacombe & Emanuelli et al. 2020,10.3389/fpls.2020.605934,2021,probable,"k0=0, k1=1, k2=0, kinship=0.25; Mendelian errors=0; Section D; Prev publication: Lacombe et al., 2013"
Nosiola,Bombino bianco,,SNP (Vitis18K),SNP,~18000,,Lacombe & Emanuelli et al. 2020,10.3389/fpls.2020.605934,2021,probable,"k0=0, k1=1, k2=0, kinship=0.25; Mendelian errors=0; Section D; Prev publication: Lacombe et al., 2013"
Bombino bianco,Ruzevina,,SNP (Vitis18K),SNP,~18000,,Lacombe & Emanuelli et al. 2020,10.3389/fpls.2020.605934,2021,probable,"k0=0.01, k1=0.91, k2=0.08, kinship=0.27; Mendelian errors=2; Section D; Prev publication: Lacombe et al., 2013"
Ruzevina,Bombino bianco,,SNP (Vitis18K),SNP,~18000,,Lacombe & Emanuelli et al. 2020,10.3389/fpls.2020.605934,2021,probable,"k0=0.01, k1=0.91, k2=0.08, kinship=0.27; Mendelian errors=2; Section D; Prev publication: Lacombe et al., 2013"
Bombino bianco,Sanguinella,,SNP (Vitis18K),SNP,~18000,,Lacombe & Emanuelli et al. 2020,10.3389/fpls.2020.605934,2021,probable,"k0=0, k1=0.89, k2=0.11, kinship=0.28; Mendelian errors=0; Section D; Prev publication: De Lorenzis et al., 2019"
Sanguinella,Bombino bianco,,SNP (Vitis18K),SNP,~18000,,Lacombe & Emanuelli et al. 2020,10.3389/fpls.2020.605934,2021,probable,"k0=0, k1=0.89, k2=0.11, kinship=0.28; Mendelian errors=0; Section D; Prev publication: De Lorenzis et al., 2019"
Bombino bianco,Uva di Troia,,SNP (Vitis18K),SNP,~18000,,Lacombe & Emanuelli et al. 2020,10.3389/fpls.2020.605934,2021,probable,"k0=0, k1=0.95, k2=0.05, kinship=0.26; Mendelian errors=1; Section D; Prev publication: Bergamini et al., 2016"
Quagliano (Bouteillan),Bombino nero,,SNP (Vitis18K),SNP,~18000,,Lacombe & Emanuelli et al. 2020,10.3389/fpls.2020.605934,2021,probable,"k0=0, k1=1, k2=0, kinship=0.25; Mendelian errors=0; Section D; Prev publication: Bergamini et al., 2013"
Brachetto,Moscato bianco,,SNP (Vitis18K),SNP,~18000,,Lacombe & Emanuelli et al. 2020,10.3389/fpls.2020.605934,2021,probable,"k0=0, k1=1, k2=0, kinship=0.25; Mendelian errors=2; Section D; Prev publication: Ruffa et al., 2016"
Moscato bianco,Brachetto,,SNP (Vitis18K),SNP,~18000,,Lacombe & Emanuelli et al. 2020,10.3389/fpls.2020.605934,2021,probable,"k0=0, k1=1, k2=0, kinship=0.25; Mendelian errors=2; Section D; Prev publication: Ruffa et al., 2016"
Lambrusca di Alessandria,Brachetto Migliardi,,SNP (Vitis18K),SNP,~18000,,Lacombe & Emanuelli et al. 2020,10.3389/fpls.2020.605934,2021,probable,"k0=0, k1=1, k2=0, kinship=0.25; Mendelian errors=1; Section D; Prev publication: Ruffa et al., 2016"
Malvasia aromatica di Parma,Brachetto Migliardi,,SNP (Vitis18K),SNP,~18000,,Lacombe & Emanuelli et al. 2020,10.3389/fpls.2020.605934,2021,probable,"k0=0, k1=1, k2=0, kinship=0.25; Mendelian errors=2; Section D; Prev publication: Ruffa et al., 2016"
Braghina,Dinka zold,,SNP (Vitis18K),SNP,~18000,,Lacombe & Emanuelli et al. 2020,10.3389/fpls.2020.605934,2021,probable,"k0=0, k1=0.96, k2=0.04, kinship=0.26; Mendelian errors=0; Section D; Prev publication: Lacombe et al., 2013"
Dinka zold,Braghina,,SNP (Vitis18K),SNP,~18000,,Lacombe & Emanuelli et al. 2020,10.3389/fpls.2020.605934,2021,probable,"k0=0, k1=0.96, k2=0.04, kinship=0.26; Mendelian errors=0; Section D; Prev publication: Lacombe et al., 2013"
Braghina,Kovidinka,,SNP (Vitis18K),SNP,~18000,,Lacombe & Emanuelli et al. 2020,10.3389/fpls.2020.605934,2021,probable,"k0=0, k1=0.93, k2=0.07, kinship=0.27; Mendelian errors=0; Section D; Prev publication: Lacombe et al., 2013"
Kovidinka,Braghina,,SNP (Vitis18K),SNP,~18000,,Lacombe & Emanuelli et al. 2020,10.3389/fpls.2020.605934,2021,probable,"k0=0, k1=0.93, k2=0.07, kinship=0.27; Mendelian errors=0; Section D; Prev publication: Lacombe et al., 2013"
Breval negro,Danugue,,SNP (Vitis18K),SNP,~18000,,Lacombe & Emanuelli et al. 2020,10.3389/fpls.2020.605934,2021,probable,"k0=0, k1=1, k2=0, kinship=0.25; Mendelian errors=0; Section D; Prev publication: Laucou et al., 2018"
Danugue,Breval negro,,SNP (Vitis18K),SNP,~18000,,Lacombe & Emanuelli et al. 2020,10.3389/fpls.2020.605934,2021,probable,"k0=0, k1=1, k2=0, kinship=0.25; Mendelian errors=0; Section D; Prev publication: Laucou et al., 2018"
Breval negro,Ferral (Spain) = Uvallon,,SNP (Vitis18K),SNP,~18000,,Lacombe & Emanuelli et al. 2020,10.3389/fpls.2020.605934,2021,probable,"k0=0, k1=0.87, k2=0.13, kinship=0.28; Mendelian errors=0; Section D; Prev publication: Laucou et al., 2018"
Breval negro,More,,SNP (Vitis18K),SNP,~18000,,Lacombe & Emanuelli et al. 2020,10.3389/fpls.2020.605934,2021,probable,"k0=0, k1=0.94, k2=0.06, kinship=0.26; Mendelian errors=0; Section D; Prev publication: Laucou et al., 2018"
More,Breval negro,,SNP (Vitis18K),SNP,~18000,,Lacombe & Emanuelli et al. 2020,10.3389/fpls.2020.605934,2021,probable,"k0=0, k1=0.94, k2=0.06, kinship=0.26; Mendelian errors=0; Section D; Prev publication: Laucou et al., 2018"
Breval negro,Quiebratinajas tinto,,SNP (Vitis18K),SNP,~18000,,Lacombe & Emanuelli et al. 2020,10.3389/fpls.2020.605934,2021,probable,"k0=0, k1=0.98, k2=0.02, kinship=0.25; Mendelian errors=1; Section D; Prev publication: Laucou et al., 2018"
Breval negro,Rojal tinta,,SNP (Vitis18K),SNP,~18000,,Lacombe & Emanuelli et al. 2020,10.3389/fpls.2020.605934,2021,probable,"k0=0, k1=0.99, k2=0.01, kinship=0.25; Mendelian errors=0; Section D; Prev publication: Laucou et al., 2018"
Rojal tinta,Breval negro,,SNP (Vitis18K),SNP,~18000,,Lacombe & Emanuelli et al. 2020,10.3389/fpls.2020.605934,2021,probable,"k0=0, k1=0.99, k2=0.01, kinship=0.25; Mendelian errors=0; Section D; Prev publication: Laucou et al., 2018"
Breval negro,Torralba,,SNP (Vitis18K),SNP,~18000,,Lacombe & Emanuelli et al. 2020,10.3389/fpls.2020.605934,2021,probable,"k0=0, k1=0.95, k2=0.05, kinship=0.26; Mendelian errors=0; Section D; Prev publication: Laucou et al., 2018"
Brun Fourca,Pougayen,,SNP (Vitis18K),SNP,~18000,,Lacombe & Emanuelli et al. 2020,10.3389/fpls.2020.605934,2021,probable,"k0=0, k1=0.93, k2=0.07, kinship=0.27; Mendelian errors=1; Section D; Prev publication: Lacombe et al., 2013"
Pougayen,Brun Fourca,,SNP (Vitis18K),SNP,~18000,,Lacombe & Emanuelli et al. 2020,10.3389/fpls.2020.605934,2021,probable,"k0=0, k1=0.93, k2=0.07, kinship=0.27; Mendelian errors=1; Section D; Prev publication: Lacombe et al., 2013"
Furmint,Bussanello,,SNP (Vitis18K),SNP,~18000,,Lacombe & Emanuelli et al. 2020,10.3389/fpls.2020.605934,2021,probable,"k0=0, k1=0.85, k2=0.15, kinship=0.29; Mendelian errors=0; Section D; Prev publication: confirmation of breeder's data by Raimondi et al., 2017"
Riesling italico,Bussanello,,SNP (Vitis18K),SNP,~18000,,Lacombe & Emanuelli et al. 2020,10.3389/fpls.2020.605934,2021,probable,"k0=0, k1=1, k2=0, kinship=0.25; Mendelian errors=0; Section D; Prev publication: confirmation of breeder's data by Raimondi et al., 2017"
Cabernet franc,Cabernet sauvignon,,SNP (Vitis18K),SNP,~18000,,Lacombe & Emanuelli et al. 2020,10.3389/fpls.2020.605934,2021,probable,"k0=0.01, k1=0.99, k2=0, kinship=0.25; Mendelian errors=2; Section D; Prev publication: Bowers and Meredith, 1997"
Cabernet franc,Carmenère,,SNP (Vitis18K),SNP,~18000,,Lacombe & Emanuelli et al. 2020,10.3389/fpls.2020.605934,2021,probable,"k0=0.01, k1=0.95, k2=0.04, kinship=0.26; Mendelian errors=2; Section D; Prev publication: Boursiquot et al., 2009"
Carmenère,Cabernet franc,,SNP (Vitis18K),SNP,~18000,,Lacombe & Emanuelli et al. 2020,10.3389/fpls.2020.605934,2021,probable,"k0=0.01, k1=0.95, k2=0.04, kinship=0.26; Mendelian errors=2; Section D; Prev publication: Boursiquot et al., 2009"
Cabernet franc,Incrocio Manzoni 2.15,,SNP (Vitis18K),SNP,~18000,,Lacombe & Emanuelli et al. 2020,10.3389/fpls.2020.605934,2021,probable,"k0=0, k1=1, k2=0, kinship=0.25; Mendelian errors=0; Section D; Prev publication: confirmation of breeder's data by Cipriani et al., 2010"
Cabernet franc,Merlot,,SNP (Vitis18K),SNP,~18000,,Lacombe & Emanuelli et al. 2020,10.3389/fpls.2020.605934,2021,probable,"k0=0, k1=1, k2=0, kinship=0.25; Mendelian errors=3; Section D; Prev publication: Lacombe et al., 2013"
Cabernet franc,Txakoli = Hondarrabi beltza,,SNP (Vitis18K),SNP,~18000,,Lacombe & Emanuelli et al. 2020,10.3389/fpls.2020.605934,2021,probable,"k0=0, k1=1, k2=0, kinship=0.25; Mendelian errors=2; Section D; Prev publication: Lacombe et al., 2013"
Txakoli = Hondarrabi beltza,Cabernet franc,,SNP (Vitis18K),SNP,~18000,,Lacombe & Emanuelli et al. 2020,10.3389/fpls.2020.605934,2021,probable,"k0=0, k1=1, k2=0, kinship=0.25; Mendelian errors=2; Section D; Prev publication: Lacombe et al., 2013"
Cabernet sauvignon,Marselan,,SNP (Vitis18K),SNP,~18000,,Lacombe & Emanuelli et al. 2020,10.3389/fpls.2020.605934,2021,probable,"k0=0, k1=0.99, k2=0.01, kinship=0.25; Mendelian errors=0; Section D; Prev publication: Lacombe et al., 2013"
Cabernet sauvignon,Rubinovyi Magaracha,,SNP (Vitis18K),SNP,~18000,,Lacombe & Emanuelli et al. 2020,10.3389/fpls.2020.605934,2021,probable,"k0=0, k1=0.97, k2=0.03, kinship=0.26; Mendelian errors=0; Section D; Prev publication: Goryslavets et al., 2010; Lacombe et al., 2013"
Cabernet sauvignon,Ruby Cabernet,,SNP (Vitis18K),SNP,~18000,,Lacombe & Emanuelli et al. 2020,10.3389/fpls.2020.605934,2021,probable,"k0=0, k1=0.98, k2=0.02, kinship=0.25; Mendelian errors=1; Section D; Prev publication: Buhner-Zaharieva et al., 2010; Lacombe et al., 2013"
Sauvignon blanc,Cabernet sauvignon,,SNP (Vitis18K),SNP,~18000,,Lacombe & Emanuelli et al. 2020,10.3389/fpls.2020.605934,2021,probable,"k0=0, k1=1, k2=0, kinship=0.25; Mendelian errors=1; Section D; Prev publication: Bowers and Meredith, 1997"
Caddiu,Nieddera,,SNP (Vitis18K),SNP,~18000,,Lacombe & Emanuelli et al. 2020,10.3389/fpls.2020.605934,2021,probable,"k0=0, k1=0.89, k2=0.11, kinship=0.28; Mendelian errors=0; Section D; Prev publication: Lacombe et al., 2013"
Nieddera,Caddiu,,SNP (Vitis18K),SNP,~18000,,Lacombe & Emanuelli et al. 2020,10.3389/fpls.2020.605934,2021,probable,"k0=0, k1=0.89, k2=0.11, kinship=0.28; Mendelian errors=0; Section D; Prev publication: Lacombe et al., 2013"
Moscato bianco,Calabre,,SNP (Vitis18K),SNP,~18000,,Lacombe & Emanuelli et al. 2020,10.3389/fpls.2020.605934,2021,probable,"k0=0.01, k1=0.98, k2=0.01, kinship=0.25; Mendelian errors=2; Section D; Prev publication: Lacombe et al., 2013"
Calabrese (Nero d'Avola),Mantonico bianco,,SNP (Vitis18K),SNP,~18000,,Lacombe & Emanuelli et al. 2020,10.3389/fpls.2020.605934,2021,probable,"k0=0, k1=0.93, k2=0.07, kinship=0.27; Mendelian errors=1; Section D; Prev publication: De Lorenzis et al., 2019"
Mantonico bianco,Calabrese (Nero d'Avola),,SNP (Vitis18K),SNP,~18000,,Lacombe & Emanuelli et al. 2020,10.3389/fpls.2020.605934,2021,probable,"k0=0, k1=0.93, k2=0.07, kinship=0.27; Mendelian errors=1; Section D; Prev publication: De Lorenzis et al., 2019"
Calabrese di Montenuovo,Sangiovese,,SNP (Vitis18K),SNP,~18000,,Lacombe & Emanuelli et al. 2020,10.3389/fpls.2020.605934,2021,probable,"k0=0, k1=0.95, k2=0.05, kinship=0.26; Mendelian errors=0; Section D; Prev publication: Vouillamoz et al., 2007"
Sangiovese,Calabrese di Montenuovo,,SNP (Vitis18K),SNP,~18000,,Lacombe & Emanuelli et al. 2020,10.3389/fpls.2020.605934,2021,probable,"k0=0, k1=0.95, k2=0.05, kinship=0.26; Mendelian errors=0; Section D; Prev publication: Vouillamoz et al., 2007"
Callet,Fogoneu,,SNP (Vitis18K),SNP,~18000,,Lacombe & Emanuelli et al. 2020,10.3389/fpls.2020.605934,2021,probable,"k0=0, k1=0.91, k2=0.09, kinship=0.27; Mendelian errors=1; Section D; Prev publication: Lacombe et al., 2013"
Fogoneu,Callet,,SNP (Vitis18K),SNP,~18000,,Lacombe & Emanuelli et al. 2020,10.3389/fpls.2020.605934,2021,probable,"k0=0, k1=0.91, k2=0.09, kinship=0.27; Mendelian errors=1; Section D; Prev publication: Lacombe et al., 2013"
Caloria,Termarina (Sciaccarello),,SNP (Vitis18K),SNP,~18000,,Lacombe & Emanuelli et al. 2020,10.3389/fpls.2020.605934,2021,probable,"k0=0, k1=1, k2=0, kinship=0.25; Mendelian errors=0; Section D; Prev publication: Di Vecchi Staraz et al., 2007"
Termarina (Sciaccarello),Caloria,,SNP (Vitis18K),SNP,~18000,,Lacombe & Emanuelli et al. 2020,10.3389/fpls.2020.605934,2021,probable,"k0=0, k1=1, k2=0, kinship=0.25; Mendelian errors=0; Section D; Prev publication: Di Vecchi Staraz et al., 2007"
Camaraou noir,Castets,,SNP (Vitis18K),SNP,~18000,,Lacombe & Emanuelli et al. 2020,10.3389/fpls.2020.605934,2021,probable,"k0=0, k1=0.8, k2=0.2, kinship=0.3; Mendelian errors=1; Section D; Prev publication: Lacombe et al., 2013"
Cayetana blanca,Camarate,,SNP (Vitis18K),SNP,~18000,,Lacombe & Emanuelli et al. 2020,10.3389/fpls.2020.605934,2021,probable,"k0=0, k1=1, k2=0, kinship=0.25; Mendelian errors=0; Section D; Prev publication: Zinelabidine et al., 2012; Lacombe et al., 2013"
Canaiolo nero,Colorino (Abrusco),,SNP (Vitis18K),SNP,~18000,,Lacombe & Emanuelli et al. 2020,10.3389/fpls.2020.605934,2021,probable,"k0=0, k1=1, k2=0, kinship=0.25; Mendelian errors=1; Section D; Prev publication: Lacombe et al., 2013"
Colorino (Abrusco),Canaiolo nero,,SNP (Vitis18K),SNP,~18000,,Lacombe & Emanuelli et al. 2020,10.3389/fpls.2020.605934,2021,probable,"k0=0, k1=1, k2=0, kinship=0.25; Mendelian errors=1; Section D; Prev publication: Lacombe et al., 2013"
Cannella nera,Visparola,,SNP (Vitis18K),SNP,~18000,,Lacombe & Emanuelli et al. 2020,10.3389/fpls.2020.605934,2021,probable,"k0=0, k1=0.98, k2=0.01, kinship=0.25; Mendelian errors=1; Section D; Prev publication: De Lorenzis et al., 2019"
Visparola,Cannella nera,,SNP (Vitis18K),SNP,~18000,,Lacombe & Emanuelli et al. 2020,10.3389/fpls.2020.605934,2021,probable,"k0=0, k1=0.98, k2=0.01, kinship=0.25; Mendelian errors=1; Section D; Prev publication: De Lorenzis et al., 2019"
Cannonau (Garnacha tinta),Marselan,,SNP (Vitis18K),SNP,~18000,,Lacombe & Emanuelli et al. 2020,10.3389/fpls.2020.605934,2021,probable,"k0=0, k1=1, k2=0, kinship=0.25; Mendelian errors=1; Section D; Prev publication: Lacombe et al., 2013"
Canocazo,Heben,,SNP (Vitis18K),SNP,~18000,,Lacombe & Emanuelli et al. 2020,10.3389/fpls.2020.605934,2021,probable,"k0=0, k1=0.94, k2=0.05, kinship=0.26; Mendelian errors=1; Section D; Prev publication: Lacombe et al., 2013"
Heben,Canocazo,,SNP (Vitis18K),SNP,~18000,,Lacombe & Emanuelli et al. 2020,10.3389/fpls.2020.605934,2021,probable,"k0=0, k1=0.94, k2=0.05, kinship=0.26; Mendelian errors=1; Section D; Prev publication: Lacombe et al., 2013"
Caprugnone,Termarina (Sciaccarello),,SNP (Vitis18K),SNP,~18000,,Lacombe & Emanuelli et al. 2020,10.3389/fpls.2020.605934,2021,probable,"k0=0, k1=1, k2=0, kinship=0.25; Mendelian errors=2; Section D; Prev publication: Lacombe et al., 2013"
Termarina (Sciaccarello),Caprugnone,,SNP (Vitis18K),SNP,~18000,,Lacombe & Emanuelli et al. 2020,10.3389/fpls.2020.605934,2021,probable,"k0=0, k1=1, k2=0, kinship=0.25; Mendelian errors=2; Section D; Prev publication: Lacombe et al., 2013"
Cardinal,Matilde,,SNP (Vitis18K),SNP,~18000,,Lacombe & Emanuelli et al. 2020,10.3389/fpls.2020.605934,2021,probable,"k0=0, k1=0.81, k2=0.19, kinship=0.3; Mendelian errors=0; Section D; Prev publication: Lacombe et al., 2013"
Cardinal,Misket Rusenski,,SNP (Vitis18K),SNP,~18000,,Lacombe & Emanuelli et al. 2020,10.3389/fpls.2020.605934,2021,probable,"k0=0, k1=0.84, k2=0.16, kinship=0.29; Mendelian errors=0; Section D; Prev publication: Lacombe et al., 2013"
Muscat reine des vignes,Cardinal,,SNP (Vitis18K),SNP,~18000,,Lacombe & Emanuelli et al. 2020,10.3389/fpls.2020.605934,2021,probable,"k0=0, k1=0.9, k2=0.1, kinship=0.28; Mendelian errors=0; Section D; Prev publication: Lacombe et al., 2013"
Cardinal,Ora,,SNP (Vitis18K),SNP,~18000,,Lacombe & Emanuelli et al. 2020,10.3389/fpls.2020.605934,2021,probable,"k0=0, k1=0.91, k2=0.09, kinship=0.27; Mendelian errors=0; Section D; Prev publication: Lacombe et al., 2013"
Ora,Cardinal,,SNP (Vitis18K),SNP,~18000,,Lacombe & Emanuelli et al. 2020,10.3389/fpls.2020.605934,2021,probable,"k0=0, k1=0.91, k2=0.09, kinship=0.27; Mendelian errors=0; Section D; Prev publication: Lacombe et al., 2013"
Cardinal,Prima,,SNP (Vitis18K),SNP,~18000,,Lacombe & Emanuelli et al. 2020,10.3389/fpls.2020.605934,2021,probable,"k0=0, k1=0.95, k2=0.05, kinship=0.26; Mendelian errors=0; Section D; Prev publication: Lacombe et al., 2013"
Prima,Cardinal,,SNP (Vitis18K),SNP,~18000,,Lacombe & Emanuelli et al. 2020,10.3389/fpls.2020.605934,2021,probable,"k0=0, k1=0.95, k2=0.05, kinship=0.26; Mendelian errors=0; Section D; Prev publication: Lacombe et al., 2013"
Cardinal,Victoria,,SNP (Vitis18K),SNP,~18000,,Lacombe & Emanuelli et al. 2020,10.3389/fpls.2020.605934,2021,probable,"k0=0, k1=0.9, k2=0.1, kinship=0.27; Mendelian errors=0; Section D; Prev publication: Lacombe et al., 2013"
Carignan (Mazuelo),Castellana blanca,,SNP (Vitis18K),SNP,~18000,,Lacombe & Emanuelli et al. 2020,10.3389/fpls.2020.605934,2021,probable,"k0=0, k1=0.96, k2=0.04, kinship=0.26; Mendelian errors=1; Section D; Prev publication: Lacombe et al., 2013"
Castellana blanca,Carignan (Mazuelo),,SNP (Vitis18K),SNP,~18000,,Lacombe & Emanuelli et al. 2020,10.3389/fpls.2020.605934,2021,probable,"k0=0, k1=0.96, k2=0.04, kinship=0.26; Mendelian errors=1; Section D; Prev publication: Lacombe et al., 2013"
Carignan (Mazuelo),Ruby Cabernet,,SNP (Vitis18K),SNP,~18000,,Lacombe & Emanuelli et al. 2020,10.3389/fpls.2020.605934,2021,probable,"k0=0, k1=1, k2=0, kinship=0.25; Mendelian errors=0; Section D; Prev publication: Lacombe et al., 2013"
Sultanina,Carina (Australie),,SNP (Vitis18K),SNP,~18000,,Lacombe & Emanuelli et al. 2020,10.3389/fpls.2020.605934,2021,probable,"k0=0, k1=1, k2=0, kinship=0.25; Mendelian errors=2; Section D; Prev publication: Lacombe et al., 2013"
Syrah,Carina (Australie),,SNP (Vitis18K),SNP,~18000,,Lacombe & Emanuelli et al. 2020,10.3389/fpls.2020.605934,2021,probable,"k0=0, k1=1, k2=0, kinship=0.25; Mendelian errors=0; Section D; Prev publication: Lacombe et al., 2013"
Carraresa,Orsolina,,SNP (Vitis18K),SNP,~18000,,Lacombe & Emanuelli et al. 2020,10.3389/fpls.2020.605934,2021,probable,"k0=0, k1=0.99, k2=0.01, kinship=0.25; Mendelian errors=1; Section D; Prev publication: Raimondi et al. 2020 (Carraresa=Parmesana and Orsolina=Coccalona nera)"
Orsolina,Carraresa,,SNP (Vitis18K),SNP,~18000,,Lacombe & Emanuelli et al. 2020,10.3389/fpls.2020.605934,2021,probable,"k0=0, k1=0.99, k2=0.01, kinship=0.25; Mendelian errors=1; Section D; Prev publication: Raimondi et al. 2020 (Carraresa=Parmesana and Orsolina=Coccalona nera)"
Carrasquin,Savagnin,,SNP (Vitis18K),SNP,~18000,,Lacombe & Emanuelli et al. 2020,10.3389/fpls.2020.605934,2021,probable,"k0=0, k1=1, k2=0, kinship=0.25; Mendelian errors=0; Section D; Prev publication: Lacombe et al., 2013"
Savagnin,Carrasquin,,SNP (Vitis18K),SNP,~18000,,Lacombe & Emanuelli et al. 2020,10.3389/fpls.2020.605934,2021,probable,"k0=0, k1=1, k2=0, kinship=0.25; Mendelian errors=0; Section D; Prev publication: Lacombe et al., 2013"
Carricante,Mantonico Pinto,,SNP (Vitis18K),SNP,~18000,,Lacombe & Emanuelli et al. 2020,10.3389/fpls.2020.605934,2021,probable,"k0=0, k1=0.93, k2=0.07, kinship=0.27; Mendelian errors=0; Section D; Prev publication: PO relationship suggested in a uncorrect trio by Cipriani et al. 2010"
Mantonico Pinto,Carricante,,SNP (Vitis18K),SNP,~18000,,Lacombe & Emanuelli et al. 2020,10.3389/fpls.2020.605934,2021,probable,"k0=0, k1=0.93, k2=0.07, kinship=0.27; Mendelian errors=0; Section D; Prev publication: PO relationship suggested in a uncorrect trio by Cipriani et al. 2010"
Carricante,Notardomenico,,SNP (Vitis18K),SNP,~18000,,Lacombe & Emanuelli et al. 2020,10.3389/fpls.2020.605934,2021,probable,"k0=0, k1=0.96, k2=0.03, kinship=0.26; Mendelian errors=1; Section D; Prev publication: De Lorenzis et al., 2019 (Carricante Reliqui bianca)"
Carricante,Strinto porcino,,SNP (Vitis18K),SNP,~18000,,Lacombe & Emanuelli et al. 2020,10.3389/fpls.2020.605934,2021,probable,"k0=0, k1=1, k2=0, kinship=0.25; Mendelian errors=1; Section D; Prev publication: De Lorenzis et al., 2019"
Strinto porcino,Carricante,,SNP (Vitis18K),SNP,~18000,,Lacombe & Emanuelli et al. 2020,10.3389/fpls.2020.605934,2021,probable,"k0=0, k1=1, k2=0, kinship=0.25; Mendelian errors=1; Section D; Prev publication: De Lorenzis et al., 2019"
Carricante,Visparola,,SNP (Vitis18K),SNP,~18000,,Lacombe & Emanuelli et al. 2020,10.3389/fpls.2020.605934,2021,probable,"k0=0.01, k1=0.98, k2=0.02, kinship=0.25; Mendelian errors=2; Section D; Prev publication: PO relationship suggested in a uncorrect trio by Cipriani et al. 2010 (Visparola=Scacco)"
Visparola,Carricante,,SNP (Vitis18K),SNP,~18000,,Lacombe & Emanuelli et al. 2020,10.3389/fpls.2020.605934,2021,probable,"k0=0.01, k1=0.98, k2=0.02, kinship=0.25; Mendelian errors=2; Section D; Prev publication: PO relationship suggested in a uncorrect trio by Cipriani et al. 2010 (Visparola=Scacco)"
Casavecchia,Malvasia bianca di Candia,,SNP (Vitis18K),SNP,~18000,,Lacombe & Emanuelli et al. 2020,10.3389/fpls.2020.605934,2021,probable,"k0=0, k1=0.94, k2=0.06, kinship=0.26; Mendelian errors=0; Section D; Prev publication: PO relationship suggested in a trio by Cipriani et al. 2010"
Malvasia bianca di Candia,Casavecchia,,SNP (Vitis18K),SNP,~18000,,Lacombe & Emanuelli et al. 2020,10.3389/fpls.2020.605934,2021,probable,"k0=0, k1=0.94, k2=0.06, kinship=0.26; Mendelian errors=0; Section D; Prev publication: PO relationship suggested in a trio by Cipriani et al. 2010"
Cayetana blanca,Castelao,,SNP (Vitis18K),SNP,~18000,,Lacombe & Emanuelli et al. 2020,10.3389/fpls.2020.605934,2021,probable,"k0=0, k1=1, k2=0, kinship=0.25; Mendelian errors=0; Section D; Prev publication: Zinelabidine et al., 2012; Lacombe et al., 2013"
Castellana blanca,Canorroyo,,SNP (Vitis18K),SNP,~18000,,Lacombe & Emanuelli et al. 2020,10.3389/fpls.2020.605934,2021,probable,"k0=0, k1=0.99, k2=0.01, kinship=0.25; Mendelian errors=1; Section D; Prev publication: Lacombe et al., 2013"
Canorroyo,Castellana blanca,,SNP (Vitis18K),SNP,~18000,,Lacombe & Emanuelli et al. 2020,10.3389/fpls.2020.605934,2021,probable,"k0=0, k1=0.99, k2=0.01, kinship=0.25; Mendelian errors=1; Section D; Prev publication: Lacombe et al., 2013"
Castellana blanca,Gouveio,,SNP (Vitis18K),SNP,~18000,,Lacombe & Emanuelli et al. 2020,10.3389/fpls.2020.605934,2021,probable,"k0=0, k1=1, k2=0, kinship=0.25; Mendelian errors=0; Section D; Prev publication: Lacombe et al., 2013"
Castellana blanca,Maturana blanca,,SNP (Vitis18K),SNP,~18000,,Lacombe & Emanuelli et al. 2020,10.3389/fpls.2020.605934,2021,probable,"k0=0, k1=1, k2=0, kinship=0.25; Mendelian errors=0; Section D; Prev publication: Laucou et al., 2018"
Castellana blanca,Morate,,SNP (Vitis18K),SNP,~18000,,Lacombe & Emanuelli et al. 2020,10.3389/fpls.2020.605934,2021,probable,"k0=0, k1=0.92, k2=0.08, kinship=0.27; Mendelian errors=0; Section D; Prev publication: Laucou et al., 2018"
Morate,Castellana blanca,,SNP (Vitis18K),SNP,~18000,,Lacombe & Emanuelli et al. 2020,10.3389/fpls.2020.605934,2021,probable,"k0=0, k1=0.92, k2=0.08, kinship=0.27; Mendelian errors=0; Section D; Prev publication: Laucou et al., 2018"
Castellana blanca,Morenillo,,SNP (Vitis18K),SNP,~18000,,Lacombe & Emanuelli et al. 2020,10.3389/fpls.2020.605934,2021,probable,"k0=0.01, k1=0.92, k2=0.07, kinship=0.27; Mendelian errors=2; Section D; Prev publication: Lacombe et al., 2013"
Morenillo,Castellana blanca,,SNP (Vitis18K),SNP,~18000,,Lacombe & Emanuelli et al. 2020,10.3389/fpls.2020.605934,2021,probable,"k0=0.01, k1=0.92, k2=0.07, kinship=0.27; Mendelian errors=2; Section D; Prev publication: Lacombe et al., 2013"
Castellana blanca,Quiebratinajas tinto,,SNP (Vitis18K),SNP,~18000,,Lacombe & Emanuelli et al. 2020,10.3389/fpls.2020.605934,2021,probable,"k0=0, k1=0.95, k2=0.05, kinship=0.26; Mendelian errors=1; Section D; Prev publication: Lacombe et al., 2013"
Castellana blanca,Verdejo blanco,,SNP (Vitis18K),SNP,~18000,,Lacombe & Emanuelli et al. 2020,10.3389/fpls.2020.605934,2021,probable,"k0=0, k1=1, k2=0, kinship=0.25; Mendelian errors=0; Section D; Prev publication: Lacombe et al., 2013"
Gros Cabernet,Castets,,SNP (Vitis18K),SNP,~18000,,Lacombe & Emanuelli et al. 2020,10.3389/fpls.2020.605934,2021,probable,"k0=0.01, k1=0.95, k2=0.05, kinship=0.26; Mendelian errors=2; Section D; Prev publication: Lacombe et al., 2013"
Castiglione,Sangiovese,,SNP (Vitis18K),SNP,~18000,,Lacombe & Emanuelli et al. 2020,10.3389/fpls.2020.605934,2021,probable,"k0=0, k1=1, k2=0, kinship=0.25; Mendelian errors=0; Section D; Prev publication: Di Vecchi Staraz et al., 2007"
Sangiovese,Castiglione,,SNP (Vitis18K),SNP,~18000,,Lacombe & Emanuelli et al. 2020,10.3389/fpls.2020.605934,2021,probable,"k0=0, k1=1, k2=0, kinship=0.25; Mendelian errors=0; Section D; Prev publication: Di Vecchi Staraz et al., 2007"
Castillo de arcos,Heben,,SNP (Vitis18K),SNP,~18000,,Lacombe & Emanuelli et al. 2020,10.3389/fpls.2020.605934,2021,probable,"k0=0, k1=0.94, k2=0.06, kinship=0.26; Mendelian errors=1; Section D; Prev publication: Laucou et al., 2018"
Heben,Castillo de arcos,,SNP (Vitis18K),SNP,~18000,,Lacombe & Emanuelli et al. 2020,10.3389/fpls.2020.605934,2021,probable,"k0=0, k1=0.94, k2=0.06, kinship=0.26; Mendelian errors=1; Section D; Prev publication: Laucou et al., 2018"
Garganega,Catarratto bianco comune,,SNP (Vitis18K),SNP,~18000,,Lacombe & Emanuelli et al. 2020,10.3389/fpls.2020.605934,2021,probable,"k0=0, k1=1, k2=0, kinship=0.25; Mendelian errors=0; Section D; Prev publication: De Lorenzis et al., 2019"
Catarratto bianco comune,Grillo,,SNP (Vitis18K),SNP,~18000,,Lacombe & Emanuelli et al. 2020,10.3389/fpls.2020.605934,2021,probable,"k0=0, k1=1, k2=0, kinship=0.25; Mendelian errors=1; Section D; Prev publication: Di Vecchi Staraz et al., 2007"
Mantonico bianco,Catarratto bianco comune,,SNP (Vitis18K),SNP,~18000,,Lacombe & Emanuelli et al. 2020,10.3389/fpls.2020.605934,2021,probable,"k0=0, k1=1, k2=0, kinship=0.25; Mendelian errors=0; Section D; Prev publication: Crespan et al., 2017"
Cayetana blanca,Cornifesto,,SNP (Vitis18K),SNP,~18000,,Lacombe & Emanuelli et al. 2020,10.3389/fpls.2020.605934,2021,probable,"k0=0, k1=1, k2=0, kinship=0.25; Mendelian errors=0; Section D; Prev publication: Zinelabidine et al., 2012; Lacombe et al., 2013"
Cayetana blanca,Doradilla,,SNP (Vitis18K),SNP,~18000,,Lacombe & Emanuelli et al. 2020,10.3389/fpls.2020.605934,2021,probable,"k0=0, k1=0.93, k2=0.07, kinship=0.27; Mendelian errors=0; Section D; Prev publication: Laucou et al., 2018"
Doradilla,Cayetana blanca,,SNP (Vitis18K),SNP,~18000,,Lacombe & Emanuelli et al. 2020,10.3389/fpls.2020.605934,2021,probable,"k0=0, k1=0.93, k2=0.07, kinship=0.27; Mendelian errors=0; Section D; Prev publication: Laucou et al., 2018"
Cayetana blanca,Gabriella,,SNP (Vitis18K),SNP,~18000,,Lacombe & Emanuelli et al. 2020,10.3389/fpls.2020.605934,2021,probable,"k0=0, k1=0.87, k2=0.13, kinship=0.28; Mendelian errors=0; Section D; Prev publication: Laucou et al., 2018"
Gabriella,Cayetana blanca,,SNP (Vitis18K),SNP,~18000,,Lacombe & Emanuelli et al. 2020,10.3389/fpls.2020.605934,2021,probable,"k0=0, k1=0.87, k2=0.13, kinship=0.28; Mendelian errors=0; Section D; Prev publication: Laucou et al., 2018"
Cayetana blanca,Heben,,SNP (Vitis18K),SNP,~18000,,Lacombe & Emanuelli et al. 2020,10.3389/fpls.2020.605934,2021,probable,"k0=0, k1=0.93, k2=0.07, kinship=0.27; Mendelian errors=0; Section D; Prev publication: Lacombe et al., 2013"
Heben,Cayetana blanca,,SNP (Vitis18K),SNP,~18000,,Lacombe & Emanuelli et al. 2020,10.3389/fpls.2020.605934,2021,probable,"k0=0, k1=0.93, k2=0.07, kinship=0.27; Mendelian errors=0; Section D; Prev publication: Lacombe et al., 2013"
Cayetana blanca,Malvasia preta,,SNP (Vitis18K),SNP,~18000,,Lacombe & Emanuelli et al. 2020,10.3389/fpls.2020.605934,2021,probable,"k0=0, k1=1, k2=0, kinship=0.25; Mendelian errors=0; Section D; Prev publication: Zinelabidine et al., 2012; Lacombe et al., 2013"
Cayetana blanca,Mouration,,SNP (Vitis18K),SNP,~18000,,Lacombe & Emanuelli et al. 2020,10.3389/fpls.2020.605934,2021,probable,"k0=0, k1=1, k2=0, kinship=0.25; Mendelian errors=0; Section D; Prev publication: Laucou et al., 2018"
Cayetana blanca,Puerto alto,,SNP (Vitis18K),SNP,~18000,,Lacombe & Emanuelli et al. 2020,10.3389/fpls.2020.605934,2021,probable,"k0=0, k1=0.85, k2=0.15, kinship=0.29; Mendelian errors=0; Section D; Prev publication: Lacombe et al., 2013"
Puerto alto,Cayetana blanca,,SNP (Vitis18K),SNP,~18000,,Lacombe & Emanuelli et al. 2020,10.3389/fpls.2020.605934,2021,probable,"k0=0, k1=0.85, k2=0.15, kinship=0.29; Mendelian errors=0; Section D; Prev publication: Lacombe et al., 2013"
Cayetana blanca,Rabo de ovelha,,SNP (Vitis18K),SNP,~18000,,Lacombe & Emanuelli et al. 2020,10.3389/fpls.2020.605934,2021,probable,"k0=0, k1=1, k2=0, kinship=0.25; Mendelian errors=0; Section D; Prev publication: Zinelabidine et al., 2012"
Rabo de ovelha,Cayetana blanca,,SNP (Vitis18K),SNP,~18000,,Lacombe & Emanuelli et al. 2020,10.3389/fpls.2020.605934,2021,probable,"k0=0, k1=1, k2=0, kinship=0.25; Mendelian errors=0; Section D; Prev publication: Zinelabidine et al., 2012"
Cayetana blanca,Roal,,SNP (Vitis18K),SNP,~18000,,Lacombe & Emanuelli et al. 2020,10.3389/fpls.2020.605934,2021,probable,"k0=0, k1=0.75, k2=0.25, kinship=0.31; Mendelian errors=1; Section D; Prev publication: Zinelabidine et al., 2012"
Roal,Cayetana blanca,,SNP (Vitis18K),SNP,~18000,,Lacombe & Emanuelli et al. 2020,10.3389/fpls.2020.605934,2021,probable,"k0=0, k1=0.75, k2=0.25, kinship=0.31; Mendelian errors=1; Section D; Prev publication: Zinelabidine et al., 2012"
Cercial du Dao,Malvasia fina,,SNP (Vitis18K),SNP,~18000,,Lacombe & Emanuelli et al. 2020,10.3389/fpls.2020.605934,2021,probable,"k0=0, k1=0.99, k2=0.01, kinship=0.25; Mendelian errors=0; Section D; Prev publication: Lacombe et al., 2013"
Malvasia fina,Cercial du Dao,,SNP (Vitis18K),SNP,~18000,,Lacombe & Emanuelli et al. 2020,10.3389/fpls.2020.605934,2021,probable,"k0=0, k1=0.99, k2=0.01, kinship=0.25; Mendelian errors=0; Section D; Prev publication: Lacombe et al., 2013"
Gaensfuesser blau,Cesar,,SNP (Vitis18K),SNP,~18000,,Lacombe & Emanuelli et al. 2020,10.3389/fpls.2020.605934,2021,probable,"k0=0, k1=0.98, k2=0.02, kinship=0.25; Mendelian errors=1; Section D; Prev publication: Lacombe et al., 2013"
Pinot,Cesar,,SNP (Vitis18K),SNP,~18000,,Lacombe & Emanuelli et al. 2020,10.3389/fpls.2020.605934,2021,probable,"k0=0, k1=0.59, k2=0.41, kinship=0.35; Mendelian errors=1; Section D; Prev publication: Lacombe et al., 2013"
Chaouch blanc,Chaouch rozovyi,,SNP (Vitis18K),SNP,~18000,,Lacombe & Emanuelli et al. 2020,10.3389/fpls.2020.605934,2021,probable,"k0=0, k1=0.97, k2=0.03, kinship=0.26; Mendelian errors=1; Section D; Prev publication: Lacombe et al., 2013"
Chaouch rozovyi,Chaouch blanc,,SNP (Vitis18K),SNP,~18000,,Lacombe & Emanuelli et al. 2020,10.3389/fpls.2020.605934,2021,probable,"k0=0, k1=0.97, k2=0.03, kinship=0.26; Mendelian errors=1; Section D; Prev publication: Lacombe et al., 2013"
Chaouch blanc,Rannii Vira,,SNP (Vitis18K),SNP,~18000,,Lacombe & Emanuelli et al. 2020,10.3389/fpls.2020.605934,2021,probable,"k0=0, k1=0.86, k2=0.14, kinship=0.28; Mendelian errors=3; Section D; Prev publication: confirmation of breeder's data by Lacombe et al., 2013"
Chaptal,Bayad (non identified),,SNP (Vitis18K),SNP,~18000,,Lacombe & Emanuelli et al. 2020,10.3389/fpls.2020.605934,2021,probable,"k0=0, k1=0.8, k2=0.2, kinship=0.3; Mendelian errors=0; Section D; Prev publication: Laucou et al., 2018"
Bayad (non identified),Chaptal,,SNP (Vitis18K),SNP,~18000,,Lacombe & Emanuelli et al. 2020,10.3389/fpls.2020.605934,2021,probable,"k0=0, k1=0.8, k2=0.2, kinship=0.3; Mendelian errors=0; Section D; Prev publication: Laucou et al., 2018"
Heunisch Weiss,Chardonnay,,SNP (Vitis18K),SNP,~18000,,Lacombe & Emanuelli et al. 2020,10.3389/fpls.2020.605934,2021,probable,"k0=0, k1=1, k2=0, kinship=0.25; Mendelian errors=2; Section D; Prev publication: Lacombe et al., 2013"
Pinot,Chardonnay,,SNP (Vitis18K),SNP,~18000,,Lacombe & Emanuelli et al. 2020,10.3389/fpls.2020.605934,2021,probable,"k0=0, k1=0.94, k2=0.05, kinship=0.26; Mendelian errors=1; Section D; Prev publication: Lacombe et al., 2013"
Chasselas,Cornichon blanc (non identified),,SNP (Vitis18K),SNP,~18000,,Lacombe & Emanuelli et al. 2020,10.3389/fpls.2020.605934,2021,probable,"k0=0, k1=0.94, k2=0.06, kinship=0.26; Mendelian errors=0; Section D; Prev publication: Laucou et al., 2018"
Chasselas,Madeleine de Clermont,,SNP (Vitis18K),SNP,~18000,,Lacombe & Emanuelli et al. 2020,10.3389/fpls.2020.605934,2021,probable,"k0=0, k1=0.97, k2=0.03, kinship=0.26; Mendelian errors=0; Section D; Prev publication: Lacombe et al., 2013"
Chasselas,Muscat Ottonel,,SNP (Vitis18K),SNP,~18000,,Lacombe & Emanuelli et al. 2020,10.3389/fpls.2020.605934,2021,probable,"k0=0, k1=0.92, k2=0.08, kinship=0.27; Mendelian errors=0; Section D; Prev publication: Lacombe et al., 2013"
Chasselas,Orangetraube,,SNP (Vitis18K),SNP,~18000,,Lacombe & Emanuelli et al. 2020,10.3389/fpls.2020.605934,2021,probable,"k0=0, k1=0.81, k2=0.19, kinship=0.3; Mendelian errors=0; Section D; Prev publication: Lacombe et al., 2013"
Chatus,Cornarea,,SNP (Vitis18K),SNP,~18000,,Lacombe & Emanuelli et al. 2020,10.3389/fpls.2020.605934,2021,probable,"k0=0, k1=0.98, k2=0.02, kinship=0.25; Mendelian errors=1; Section D; Prev publication: Raimondi et al., 2017"
Chatus,Nebbiera,,SNP (Vitis18K),SNP,~18000,,Lacombe & Emanuelli et al. 2020,10.3389/fpls.2020.605934,2021,probable,"k0=0, k1=1, k2=0, kinship=0.25; Mendelian errors=0; Section D; Prev publication: Unvalidation of breeder's data by Raimondi et al., 2017"
Chatus,Passau,,SNP (Vitis18K),SNP,~18000,,Lacombe & Emanuelli et al. 2020,10.3389/fpls.2020.605934,2021,probable,"k0=0, k1=0.94, k2=0.06, kinship=0.26; Mendelian errors=0; Section D; Prev publication: Unvalidation of breeder's data by Raimondi et al., 2017"
Chatus,San Michele,,SNP (Vitis18K),SNP,~18000,,Lacombe & Emanuelli et al. 2020,10.3389/fpls.2020.605934,2021,probable,"k0=0, k1=0.98, k2=0.02, kinship=0.25; Mendelian errors=0; Section D; Prev publication: Unvalidation of breeder's data by Raimondi et al., 2017"
Chatus,Valentino,,SNP (Vitis18K),SNP,~18000,,Lacombe & Emanuelli et al. 2020,10.3389/fpls.2020.605934,2021,probable,"k0=0, k1=0.99, k2=0.01, kinship=0.25; Mendelian errors=0; Section D; Prev publication: Unvalidation of breeder's data by Raimondi et al., 2017"
Chenin,Meslier Saint-Francois,,SNP (Vitis18K),SNP,~18000,,Lacombe & Emanuelli et al. 2020,10.3389/fpls.2020.605934,2021,probable,"k0=0, k1=1, k2=0, kinship=0.25; Mendelian errors=0; Section D; Prev publication: Lacombe et al., 2013"
Chenin,Savagnin,,SNP (Vitis18K),SNP,~18000,,Lacombe & Emanuelli et al. 2020,10.3389/fpls.2020.605934,2021,probable,"k0=0, k1=1, k2=0, kinship=0.25; Mendelian errors=0; Section D; Prev publication: Lacombe et al., 2013"
Savagnin,Chenin,,SNP (Vitis18K),SNP,~18000,,Lacombe & Emanuelli et al. 2020,10.3389/fpls.2020.605934,2021,probable,"k0=0, k1=1, k2=0, kinship=0.25; Mendelian errors=0; Section D; Prev publication: Lacombe et al., 2013"
Chouchillon,Mondeuse blanche,,SNP (Vitis18K),SNP,~18000,,Lacombe & Emanuelli et al. 2020,10.3389/fpls.2020.605934,2021,probable,"k0=0.01, k1=0.97, k2=0.02, kinship=0.25; Mendelian errors=2; Section D; Prev publication: Lacombe et al., 2013"
Mondeuse blanche,Chouchillon,,SNP (Vitis18K),SNP,~18000,,Lacombe & Emanuelli et al. 2020,10.3389/fpls.2020.605934,2021,probable,"k0=0.01, k1=0.97, k2=0.02, kinship=0.25; Mendelian errors=2; Section D; Prev publication: Lacombe et al., 2013"
Sangiovese,Ciliegiolo,,SNP (Vitis18K),SNP,~18000,,Lacombe & Emanuelli et al. 2020,10.3389/fpls.2020.605934,2021,probable,"k0=0, k1=1, k2=0, kinship=0.25; Mendelian errors=0; Section D; Prev publication: Di Vecchi Staraz et al., 2007"
Ciliegiolo UNIPI,Moscato violetto (Muscat rouge de Madère),,SNP (Vitis18K),SNP,~18000,,Lacombe & Emanuelli et al. 2020,10.3389/fpls.2020.605934,2021,probable,"k0=0, k1=1, k2=0, kinship=0.25; Mendelian errors=2; Section D; Prev publication: Di Vecchi Staraz et al., 2007"
Moscato violetto (Muscat rouge de Madère),Ciliegiolo UNIPI,,SNP (Vitis18K),SNP,~18000,,Lacombe & Emanuelli et al. 2020,10.3389/fpls.2020.605934,2021,probable,"k0=0, k1=1, k2=0, kinship=0.25; Mendelian errors=2; Section D; Prev publication: Di Vecchi Staraz et al., 2007"
Cinsaut,Ithaki,,SNP (Vitis18K),SNP,~18000,,Lacombe & Emanuelli et al. 2020,10.3389/fpls.2020.605934,2021,probable,"k0=0, k1=1, k2=0, kinship=0.25; Mendelian errors=0; Section D; Prev publication: Lacombe et al., 2013"
Cinsaut,Pinotage,,SNP (Vitis18K),SNP,~18000,,Lacombe & Emanuelli et al. 2020,10.3389/fpls.2020.605934,2021,probable,"k0=0, k1=1, k2=0, kinship=0.25; Mendelian errors=1; Section D; Prev publication: Lacombe et al., 2013"
Cinsaut,Roi des precoces,,SNP (Vitis18K),SNP,~18000,,Lacombe & Emanuelli et al. 2020,10.3389/fpls.2020.605934,2021,probable,"k0=0, k1=0.96, k2=0.04, kinship=0.26; Mendelian errors=1; Section D; Prev publication: Lacombe et al., 2013"
Cjanorie,Vulpea,,SNP (Vitis18K),SNP,~18000,,Lacombe & Emanuelli et al. 2020,10.3389/fpls.2020.605934,2021,probable,"k0=0, k1=1, k2=0, kinship=0.25; Mendelian errors=2; Section D; Prev publication: Crespan et al., 2020"
Vulpea,Cjanorie,,SNP (Vitis18K),SNP,~18000,,Lacombe & Emanuelli et al. 2020,10.3389/fpls.2020.605934,2021,probable,"k0=0, k1=1, k2=0, kinship=0.25; Mendelian errors=2; Section D; Prev publication: Crespan et al., 2020"
Coarna alba,Dimiat,,SNP (Vitis18K),SNP,~18000,,Lacombe & Emanuelli et al. 2020,10.3389/fpls.2020.605934,2021,probable,"k0=0.01, k1=0.97, k2=0.03, kinship=0.26; Mendelian errors=2; Section D; Prev publication: Lacombe et al., 2013"
Coarna alba,Parmak cerven,,SNP (Vitis18K),SNP,~18000,,Lacombe & Emanuelli et al. 2020,10.3389/fpls.2020.605934,2021,probable,"k0=0.01, k1=0.97, k2=0.03, kinship=0.26; Mendelian errors=2; Section D; Prev publication: Lacombe et al., 2013"
Parmak cerven,Coarna alba,,SNP (Vitis18K),SNP,~18000,,Lacombe & Emanuelli et al. 2020,10.3389/fpls.2020.605934,2021,probable,"k0=0.01, k1=0.97, k2=0.03, kinship=0.26; Mendelian errors=2; Section D; Prev publication: Lacombe et al., 2013"
Coarna alba,Sibirkovy,,SNP (Vitis18K),SNP,~18000,,Lacombe & Emanuelli et al. 2020,10.3389/fpls.2020.605934,2021,probable,"k0=0, k1=0.94, k2=0.06, kinship=0.26; Mendelian errors=1; Section D; Prev publication: Laucou et al., 2018"
Sibirkovy,Coarna alba,,SNP (Vitis18K),SNP,~18000,,Lacombe & Emanuelli et al. 2020,10.3389/fpls.2020.605934,2021,probable,"k0=0, k1=0.94, k2=0.06, kinship=0.26; Mendelian errors=1; Section D; Prev publication: Laucou et al., 2018"
Coarna neagra,Roumi noir,,SNP (Vitis18K),SNP,~18000,,Lacombe & Emanuelli et al. 2020,10.3389/fpls.2020.605934,2021,probable,"k0=0.01, k1=0.94, k2=0.05, kinship=0.26; Mendelian errors=2; Section D; Prev publication: Lacombe et al., 2013"
Verdone nero,Colatamurro,,SNP (Vitis18K),SNP,~18000,,Lacombe & Emanuelli et al. 2020,10.3389/fpls.2020.605934,2021,probable,"k0=0, k1=0.99, k2=0.01, kinship=0.25; Mendelian errors=1; Section D; Prev publication: De Lorenzis et al., 2019"
Colombana nera,Termarina (Sciaccarello),,SNP (Vitis18K),SNP,~18000,,Lacombe & Emanuelli et al. 2020,10.3389/fpls.2020.605934,2021,probable,"k0=0, k1=0.93, k2=0.07, kinship=0.27; Mendelian errors=0; Section D; Prev publication: Di Vecchi Staraz et al., 2007"
Termarina (Sciaccarello),Colombana nera,,SNP (Vitis18K),SNP,~18000,,Lacombe & Emanuelli et al. 2020,10.3389/fpls.2020.605934,2021,probable,"k0=0, k1=0.93, k2=0.07, kinship=0.27; Mendelian errors=0; Section D; Prev publication: Di Vecchi Staraz et al., 2007"
Conca d'oro (non identified),Parmak cerven,,SNP (Vitis18K),SNP,~18000,,Lacombe & Emanuelli et al. 2020,10.3389/fpls.2020.605934,2021,probable,"k0=0, k1=0.95, k2=0.05, kinship=0.26; Mendelian errors=2; Section D; Prev publication: Lacombe et al., 2013"
Parmak cerven,Conca d'oro (non identified),,SNP (Vitis18K),SNP,~18000,,Lacombe & Emanuelli et al. 2020,10.3389/fpls.2020.605934,2021,probable,"k0=0, k1=0.95, k2=0.05, kinship=0.26; Mendelian errors=2; Section D; Prev publication: Lacombe et al., 2013"
Corason de Kabritte blanc,Elbling,,SNP (Vitis18K),SNP,~18000,,Lacombe & Emanuelli et al. 2020,10.3389/fpls.2020.605934,2021,probable,"k0=0, k1=1, k2=0, kinship=0.25; Mendelian errors=0; Section D; Prev publication: Lacombe et al., 2013"
Elbling,Corason de Kabritte blanc,,SNP (Vitis18K),SNP,~18000,,Lacombe & Emanuelli et al. 2020,10.3389/fpls.2020.605934,2021,probable,"k0=0, k1=1, k2=0, kinship=0.25; Mendelian errors=0; Section D; Prev publication: Lacombe et al., 2013"
Corazon de cabrito,Heben,,SNP (Vitis18K),SNP,~18000,,Lacombe & Emanuelli et al. 2020,10.3389/fpls.2020.605934,2021,probable,"k0=0, k1=0.97, k2=0.03, kinship=0.26; Mendelian errors=1; Section D; Prev publication: Laucou et al., 2018"
Heben,Corazon de cabrito,,SNP (Vitis18K),SNP,~18000,,Lacombe & Emanuelli et al. 2020,10.3389/fpls.2020.605934,2021,probable,"k0=0, k1=0.97, k2=0.03, kinship=0.26; Mendelian errors=1; Section D; Prev publication: Laucou et al., 2018"
Cornallin,Rouge du pays,,SNP (Vitis18K),SNP,~18000,,Lacombe & Emanuelli et al. 2020,10.3389/fpls.2020.605934,2021,probable,"k0=0, k1=1, k2=0, kinship=0.25; Mendelian errors=0; Section D; Prev publication: Vouillamoz et al., 2003"
Rouge du pays,Cornallin,,SNP (Vitis18K),SNP,~18000,,Lacombe & Emanuelli et al. 2020,10.3389/fpls.2020.605934,2021,probable,"k0=0, k1=1, k2=0, kinship=0.25; Mendelian errors=0; Section D; Prev publication: Vouillamoz et al., 2003"
Cornichon blanc,Orlovi nokti beli,,SNP (Vitis18K),SNP,~18000,,Lacombe & Emanuelli et al. 2020,10.3389/fpls.2020.605934,2021,probable,"k0=0, k1=0.89, k2=0.1, kinship=0.28; Mendelian errors=1; Section D; Prev publication: Lacombe et al., 2013"
Crimposie,Iordan,,SNP (Vitis18K),SNP,~18000,,Lacombe & Emanuelli et al. 2020,10.3389/fpls.2020.605934,2021,probable,"k0=0, k1=0.9, k2=0.1, kinship=0.27; Mendelian errors=1; Section D; Prev publication: Lacombe et al., 2013"
Iordan,Crimposie,,SNP (Vitis18K),SNP,~18000,,Lacombe & Emanuelli et al. 2020,10.3389/fpls.2020.605934,2021,probable,"k0=0, k1=0.9, k2=0.1, kinship=0.27; Mendelian errors=1; Section D; Prev publication: Lacombe et al., 2013"
Listan prieto,Criolla grande sanjuanina,,SNP (Vitis18K),SNP,~18000,,Lacombe & Emanuelli et al. 2020,10.3389/fpls.2020.605934,2021,probable,"k0=0, k1=1, k2=0, kinship=0.25; Mendelian errors=1; Section D; Prev publication: Tapia et al., 2007; Lacombe et al., 2013"
Croatina,Ruché,,SNP (Vitis18K),SNP,~18000,,Lacombe & Emanuelli et al. 2020,10.3389/fpls.2020.605934,2021,probable,"k0=0.01, k1=0.98, k2=0.02, kinship=0.25; Mendelian errors=2; Section D; Prev publication: Ruffa et al., 2016"
Csaba Gyoengye,Irsay Oliver,,SNP (Vitis18K),SNP,~18000,,Lacombe & Emanuelli et al. 2020,10.3389/fpls.2020.605934,2021,probable,"k0=0, k1=0.94, k2=0.06, kinship=0.26; Mendelian errors=1; Section D; Prev publication: confirmation of breeder's data by Kiss et al., 2005"
Csaba Gyoengye,Madeleine angevine,,SNP (Vitis18K),SNP,~18000,,Lacombe & Emanuelli et al. 2020,10.3389/fpls.2020.605934,2021,probable,"k0=0, k1=1, k2=0, kinship=0.25; Mendelian errors=1; Section D; Prev publication: Lacombe et al., 2013"
Madeleine angevine,Csaba Gyoengye,,SNP (Vitis18K),SNP,~18000,,Lacombe & Emanuelli et al. 2020,10.3389/fpls.2020.605934,2021,probable,"k0=0, k1=1, k2=0, kinship=0.25; Mendelian errors=1; Section D; Prev publication: Lacombe et al., 2013"
Csaba Gyoengye,Mai 3,,SNP (Vitis18K),SNP,~18000,,Lacombe & Emanuelli et al. 2020,10.3389/fpls.2020.605934,2021,probable,"k0=0, k1=0.98, k2=0.02, kinship=0.25; Mendelian errors=1; Section D; Prev publication: Lacombe et al., 2013"
Csaba Gyoengye,Mireille,,SNP (Vitis18K),SNP,~18000,,Lacombe & Emanuelli et al. 2020,10.3389/fpls.2020.605934,2021,probable,"k0=0.01, k1=0.9, k2=0.09, kinship=0.27; Mendelian errors=3; Section D; Prev publication: Lacombe et al., 2013"
Csaba Gyoengye,Muscat reine des vignes,,SNP (Vitis18K),SNP,~18000,,Lacombe & Emanuelli et al. 2020,10.3389/fpls.2020.605934,2021,probable,"k0=0, k1=1, k2=0, kinship=0.25; Mendelian errors=3; Section D; Prev publication: Lacombe et al., 2013"
Cuneute,Refosco nostrano,,SNP (Vitis18K),SNP,~18000,,Lacombe & Emanuelli et al. 2020,10.3389/fpls.2020.605934,2021,probable,"k0=0, k1=0.94, k2=0.06, kinship=0.26; Mendelian errors=1; Section D; Prev publication: Crespan et al., 2020"
Refosco nostrano,Cuneute,,SNP (Vitis18K),SNP,~18000,,Lacombe & Emanuelli et al. 2020,10.3389/fpls.2020.605934,2021,probable,"k0=0, k1=0.94, k2=0.06, kinship=0.26; Mendelian errors=1; Section D; Prev publication: Crespan et al., 2020"
Dabouki,Odem,,SNP (Vitis18K),SNP,~18000,,Lacombe & Emanuelli et al. 2020,10.3389/fpls.2020.605934,2021,probable,"k0=0.01, k1=0.89, k2=0.11, kinship=0.28; Mendelian errors=2; Section D; Prev publication: Laucou et al., 2018"
Odem,Dabouki,,SNP (Vitis18K),SNP,~18000,,Lacombe & Emanuelli et al. 2020,10.3389/fpls.2020.605934,2021,probable,"k0=0.01, k1=0.89, k2=0.11, kinship=0.28; Mendelian errors=2; Section D; Prev publication: Laucou et al., 2018"
Pinot,Deckrot,,SNP (Vitis18K),SNP,~18000,,Lacombe & Emanuelli et al. 2020,10.3389/fpls.2020.605934,2021,probable,"k0=0, k1=0.88, k2=0.11, kinship=0.28; Mendelian errors=1; Section D; Prev publication: Lacombe et al., 2013"
Dedo de Dama,Hadari,,SNP (Vitis18K),SNP,~18000,,Lacombe & Emanuelli et al. 2020,10.3389/fpls.2020.605934,2021,probable,"k0=0, k1=0.93, k2=0.07, kinship=0.27; Mendelian errors=1; Section D; Prev publication: Lacombe et al., 2013"
Hadari,Dedo de Dama,,SNP (Vitis18K),SNP,~18000,,Lacombe & Emanuelli et al. 2020,10.3389/fpls.2020.605934,2021,probable,"k0=0, k1=0.93, k2=0.07, kinship=0.27; Mendelian errors=1; Section D; Prev publication: Lacombe et al., 2013"
Dedo de Dama,Montua,,SNP (Vitis18K),SNP,~18000,,Lacombe & Emanuelli et al. 2020,10.3389/fpls.2020.605934,2021,probable,"k0=0, k1=0.89, k2=0.11, kinship=0.28; Mendelian errors=2; Section D; Prev publication: Lacombe et al., 2013"
Dedo de Dama,Negra dorada,,SNP (Vitis18K),SNP,~18000,,Lacombe & Emanuelli et al. 2020,10.3389/fpls.2020.605934,2021,probable,"k0=0.01, k1=0.9, k2=0.09, kinship=0.27; Mendelian errors=4; Section D; Prev publication: Laucou et al., 2018"
Negra dorada,Dedo de Dama,,SNP (Vitis18K),SNP,~18000,,Lacombe & Emanuelli et al. 2020,10.3389/fpls.2020.605934,2021,probable,"k0=0.01, k1=0.9, k2=0.09, kinship=0.27; Mendelian errors=4; Section D; Prev publication: Laucou et al., 2018"
Dedo de Dama,Teinturier,,SNP (Vitis18K),SNP,~18000,,Lacombe & Emanuelli et al. 2020,10.3389/fpls.2020.605934,2021,probable,"k0=0, k1=0.84, k2=0.16, kinship=0.29; Mendelian errors=1; Section D; Prev publication: Lacombe et al., 2013"
Teinturier,Dedo de Dama,,SNP (Vitis18K),SNP,~18000,,Lacombe & Emanuelli et al. 2020,10.3389/fpls.2020.605934,2021,probable,"k0=0, k1=0.84, k2=0.16, kinship=0.29; Mendelian errors=1; Section D; Prev publication: Lacombe et al., 2013"
Derechero,Heben,,SNP (Vitis18K),SNP,~18000,,Lacombe & Emanuelli et al. 2020,10.3389/fpls.2020.605934,2021,probable,"k0=0, k1=1, k2=0, kinship=0.25; Mendelian errors=0; Section D; Prev publication: Lacombe et al., 2013"
Heben,Derechero,,SNP (Vitis18K),SNP,~18000,,Lacombe & Emanuelli et al. 2020,10.3389/fpls.2020.605934,2021,probable,"k0=0, k1=1, k2=0, kinship=0.25; Mendelian errors=0; Section D; Prev publication: Lacombe et al., 2013"
Heunisch Weiss,Dimiat,,SNP (Vitis18K),SNP,~18000,,Lacombe & Emanuelli et al. 2020,10.3389/fpls.2020.605934,2021,probable,"k0=0.01, k1=0.92, k2=0.07, kinship=0.27; Mendelian errors=2; Section D; Prev publication: Lacombe et al., 2013"
Diolinoir,Pinot,,SNP (Vitis18K),SNP,~18000,,Lacombe & Emanuelli et al. 2020,10.3389/fpls.2020.605934,2021,probable,"k0=0, k1=0.92, k2=0.08, kinship=0.27; Mendelian errors=1; Section D; Prev publication: confirmation of breeder's data by Lacombe et al., 2013"
Pinot,Diolinoir,,SNP (Vitis18K),SNP,~18000,,Lacombe & Emanuelli et al. 2020,10.3389/fpls.2020.605934,2021,probable,"k0=0, k1=0.92, k2=0.08, kinship=0.27; Mendelian errors=1; Section D; Prev publication: confirmation of breeder's data by Lacombe et al., 2013"
Djandjal kara,Khusaine belyi,,SNP (Vitis18K),SNP,~18000,,Lacombe & Emanuelli et al. 2020,10.3389/fpls.2020.605934,2021,probable,"k0=0, k1=0.77, k2=0.23, kinship=0.31; Mendelian errors=0; Section D; Prev publication: Lacombe et al., 2013"
Khusaine belyi,Djandjal kara,,SNP (Vitis18K),SNP,~18000,,Lacombe & Emanuelli et al. 2020,10.3389/fpls.2020.605934,2021,probable,"k0=0, k1=0.77, k2=0.23, kinship=0.31; Mendelian errors=0; Section D; Prev publication: Lacombe et al., 2013"
Dodrelyabi,Kadarka kek,,SNP (Vitis18K),SNP,~18000,,Lacombe & Emanuelli et al. 2020,10.3389/fpls.2020.605934,2021,probable,"k0=0, k1=0.91, k2=0.09, kinship=0.27; Mendelian errors=0; Section D; Prev publication: Lacombe et al., 2013"
Kadarka kek,Dodrelyabi,,SNP (Vitis18K),SNP,~18000,,Lacombe & Emanuelli et al. 2020,10.3389/fpls.2020.605934,2021,probable,"k0=0, k1=0.91, k2=0.09, kinship=0.27; Mendelian errors=0; Section D; Prev publication: Lacombe et al., 2013"
Dolcetto CNR-UNITO,Passau,,SNP (Vitis18K),SNP,~18000,,Lacombe & Emanuelli et al. 2020,10.3389/fpls.2020.605934,2021,probable,"k0=0, k1=1, k2=0, kinship=0.25; Mendelian errors=0; Section D; Prev publication: confirmation of breeder's data by Raimondi et al., 2017"
Passau,Dolcetto CNR-UNITO,,SNP (Vitis18K),SNP,~18000,,Lacombe & Emanuelli et al. 2020,10.3389/fpls.2020.605934,2021,probable,"k0=0, k1=1, k2=0, kinship=0.25; Mendelian errors=0; Section D; Prev publication: confirmation of breeder's data by Raimondi et al., 2017"
Dolcetto CNR-UNITO,Valentino,,SNP (Vitis18K),SNP,~18000,,Lacombe & Emanuelli et al. 2020,10.3389/fpls.2020.605934,2021,probable,"k0=0, k1=0.97, k2=0.03, kinship=0.26; Mendelian errors=0; Section D; Prev publication: confirmation of breeder's data by Raimondi et al., 2017"
Valentino,Dolcetto CNR-UNITO,,SNP (Vitis18K),SNP,~18000,,Lacombe & Emanuelli et al. 2020,10.3389/fpls.2020.605934,2021,probable,"k0=0, k1=0.97, k2=0.03, kinship=0.26; Mendelian errors=0; Section D; Prev publication: confirmation of breeder's data by Raimondi et al., 2017"
Pinot,Domina,,SNP (Vitis18K),SNP,~18000,,Lacombe & Emanuelli et al. 2020,10.3389/fpls.2020.605934,2021,probable,"k0=0, k1=1, k2=0, kinship=0.25; Mendelian errors=0; Section D; Prev publication: Lacombe et al., 2013"
Portugais bleu,Domina,,SNP (Vitis18K),SNP,~18000,,Lacombe & Emanuelli et al. 2020,10.3389/fpls.2020.605934,2021,probable,"k0=0.01, k1=0.94, k2=0.06, kinship=0.26; Mendelian errors=3; Section D; Prev publication: Lacombe et al., 2013"
Dominga,Heptakilo,,SNP (Vitis18K),SNP,~18000,,Lacombe & Emanuelli et al. 2020,10.3389/fpls.2020.605934,2021,probable,"k0=0, k1=0.94, k2=0.06, kinship=0.26; Mendelian errors=1; Section D; Prev publication: Lacombe et al., 2013"
Heptakilo,Dominga,,SNP (Vitis18K),SNP,~18000,,Lacombe & Emanuelli et al. 2020,10.3389/fpls.2020.605934,2021,probable,"k0=0, k1=0.94, k2=0.06, kinship=0.26; Mendelian errors=1; Section D; Prev publication: Lacombe et al., 2013"
Dongine,Mondeuse blanche,,SNP (Vitis18K),SNP,~18000,,Lacombe & Emanuelli et al. 2020,10.3389/fpls.2020.605934,2021,probable,"k0=0.01, k1=0.99, k2=0, kinship=0.25; Mendelian errors=2; Section D; Prev publication: Laucou et al., 2018"
Mondeuse blanche,Dongine,,SNP (Vitis18K),SNP,~18000,,Lacombe & Emanuelli et al. 2020,10.3389/fpls.2020.605934,2021,probable,"k0=0.01, k1=0.99, k2=0, kinship=0.25; Mendelian errors=2; Section D; Prev publication: Laucou et al., 2018"
Donzelinho branco,Gouveio,,SNP (Vitis18K),SNP,~18000,,Lacombe & Emanuelli et al. 2020,10.3389/fpls.2020.605934,2021,probable,"k0=0, k1=0.86, k2=0.14, kinship=0.28; Mendelian errors=0; Section D; Prev publication: Cunha et al., 2020"
Gouveio,Donzelinho branco,,SNP (Vitis18K),SNP,~18000,,Lacombe & Emanuelli et al. 2020,10.3389/fpls.2020.605934,2021,probable,"k0=0, k1=0.86, k2=0.14, kinship=0.28; Mendelian errors=0; Section D; Prev publication: Cunha et al., 2020"
Donzelinho tinto,Gouveio,,SNP (Vitis18K),SNP,~18000,,Lacombe & Emanuelli et al. 2020,10.3389/fpls.2020.605934,2021,probable,"k0=0, k1=0.93, k2=0.07, kinship=0.27; Mendelian errors=0; Section D; Prev publication: Cunha et al., 2020"
Gouveio,Donzelinho tinto,,SNP (Vitis18K),SNP,~18000,,Lacombe & Emanuelli et al. 2020,10.3389/fpls.2020.605934,2021,probable,"k0=0, k1=0.93, k2=0.07, kinship=0.27; Mendelian errors=0; Section D; Prev publication: Cunha et al., 2020"
Bermestia bianca,Dorona di Venezia,,SNP (Vitis18K),SNP,~18000,,Lacombe & Emanuelli et al. 2020,10.3389/fpls.2020.605934,2021,probable,"k0=0, k1=0.89, k2=0.11, kinship=0.28; Mendelian errors=0; Section D; Prev publication: Cipriani et al., 2010"
Garganega,Dorona di Venezia,,SNP (Vitis18K),SNP,~18000,,Lacombe & Emanuelli et al. 2020,10.3389/fpls.2020.605934,2021,probable,"k0=0, k1=1, k2=0, kinship=0.25; Mendelian errors=2; Section D; Prev publication: Cipriani et al., 2010"
Dureza,Syrah,,SNP (Vitis18K),SNP,~18000,,Lacombe & Emanuelli et al. 2020,10.3389/fpls.2020.605934,2021,probable,"k0=0, k1=1, k2=0, kinship=0.25; Mendelian errors=1; Section D; Prev publication: Lacombe et al., 2013"
Elbling,Heunisch Weiss,,SNP (Vitis18K),SNP,~18000,,Lacombe & Emanuelli et al. 2020,10.3389/fpls.2020.605934,2021,probable,"k0=0, k1=1, k2=0, kinship=0.25; Mendelian errors=0; Section D; Prev publication: Lacombe et al., 2013"
Heunisch Weiss,Elbling,,SNP (Vitis18K),SNP,~18000,,Lacombe & Emanuelli et al. 2020,10.3389/fpls.2020.605934,2021,probable,"k0=0, k1=1, k2=0, kinship=0.25; Mendelian errors=0; Section D; Prev publication: Lacombe et al., 2013"
Emerald seedless,Sultana moscata,,SNP (Vitis18K),SNP,~18000,,Lacombe & Emanuelli et al. 2020,10.3389/fpls.2020.605934,2021,probable,"k0=0, k1=0.92, k2=0.08, kinship=0.27; Mendelian errors=1; Section D; Prev publication: Lacombe et al., 2013"
Sultana moscata,Emerald seedless,,SNP (Vitis18K),SNP,~18000,,Lacombe & Emanuelli et al. 2020,10.3389/fpls.2020.605934,2021,probable,"k0=0, k1=0.92, k2=0.08, kinship=0.27; Mendelian errors=1; Section D; Prev publication: Lacombe et al., 2013"
Epero de Gall,Heben,,SNP (Vitis18K),SNP,~18000,,Lacombe & Emanuelli et al. 2020,10.3389/fpls.2020.605934,2021,probable,"k0=0, k1=1, k2=0, kinship=0.25; Mendelian errors=0; Section D; Prev publication: Lacombe et al., 2013"
Heben,Epero de Gall,,SNP (Vitis18K),SNP,~18000,,Lacombe & Emanuelli et al. 2020,10.3389/fpls.2020.605934,2021,probable,"k0=0, k1=1, k2=0, kinship=0.25; Mendelian errors=0; Section D; Prev publication: Lacombe et al., 2013"
Epinou,Heunisch Weiss,,SNP (Vitis18K),SNP,~18000,,Lacombe & Emanuelli et al. 2020,10.3389/fpls.2020.605934,2021,probable,"k0=0, k1=1, k2=0, kinship=0.25; Mendelian errors=3; Section D; Prev publication: Lacombe et al., 2013"
Heunisch Weiss,Epinou,,SNP (Vitis18K),SNP,~18000,,Lacombe & Emanuelli et al. 2020,10.3389/fpls.2020.605934,2021,probable,"k0=0, k1=1, k2=0, kinship=0.25; Mendelian errors=3; Section D; Prev publication: Lacombe et al., 2013"
Erbisedda (Carcajolo blanc),Visparola,,SNP (Vitis18K),SNP,~18000,,Lacombe & Emanuelli et al. 2020,10.3389/fpls.2020.605934,2021,probable,"k0=0, k1=0.97, k2=0.03, kinship=0.26; Mendelian errors=1; Section D; Prev publication: Lacombe et al., 2013"
Visparola,Erbisedda (Carcajolo blanc),,SNP (Vitis18K),SNP,~18000,,Lacombe & Emanuelli et al. 2020,10.3389/fpls.2020.605934,2021,probable,"k0=0, k1=0.97, k2=0.03, kinship=0.26; Mendelian errors=1; Section D; Prev publication: Lacombe et al., 2013"
Escursach,Fogoneu,,SNP (Vitis18K),SNP,~18000,,Lacombe & Emanuelli et al. 2020,10.3389/fpls.2020.605934,2021,probable,"k0=0, k1=1, k2=0, kinship=0.25; Mendelian errors=0; Section D; Prev publication: Lacombe et al., 2013"
Fahri kalamak,Ichkimar,,SNP (Vitis18K),SNP,~18000,,Lacombe & Emanuelli et al. 2020,10.3389/fpls.2020.605934,2021,probable,"k0=0, k1=0.8, k2=0.2, kinship=0.3; Mendelian errors=0; Section D; Prev publication: Laucou et al., 2018"
Ichkimar,Fahri kalamak,,SNP (Vitis18K),SNP,~18000,,Lacombe & Emanuelli et al. 2020,10.3389/fpls.2020.605934,2021,probable,"k0=0, k1=0.8, k2=0.2, kinship=0.3; Mendelian errors=0; Section D; Prev publication: Laucou et al., 2018"
Fahri kalamak,Katta-kourgan,,SNP (Vitis18K),SNP,~18000,,Lacombe & Emanuelli et al. 2020,10.3389/fpls.2020.605934,2021,probable,"k0=0.01, k1=0.85, k2=0.15, kinship=0.29; Mendelian errors=2; Section D; Prev publication: Laucou et al., 2018"
Katta-kourgan,Fahri kalamak,,SNP (Vitis18K),SNP,~18000,,Lacombe & Emanuelli et al. 2020,10.3389/fpls.2020.605934,2021,probable,"k0=0.01, k1=0.85, k2=0.15, kinship=0.29; Mendelian errors=2; Section D; Prev publication: Laucou et al., 2018"
Fernao Pires,Malvasia fina,,SNP (Vitis18K),SNP,~18000,,Lacombe & Emanuelli et al. 2020,10.3389/fpls.2020.605934,2021,probable,"k0=0, k1=0.98, k2=0.02, kinship=0.26; Mendelian errors=0; Section D; Prev publication: Lacombe et al., 2013"
Malvasia fina,Fernao Pires,,SNP (Vitis18K),SNP,~18000,,Lacombe & Emanuelli et al. 2020,10.3389/fpls.2020.605934,2021,probable,"k0=0, k1=0.98, k2=0.02, kinship=0.26; Mendelian errors=0; Section D; Prev publication: Lacombe et al., 2013"
Heben,Ferral (Spain) = Uvallon,,SNP (Vitis18K),SNP,~18000,,Lacombe & Emanuelli et al. 2020,10.3389/fpls.2020.605934,2021,probable,"k0=0, k1=0.95, k2=0.05, kinship=0.26; Mendelian errors=0; Section D; Prev publication: Laucou et al., 2018"
Feteasca alba,Feteasca regala,,SNP (Vitis18K),SNP,~18000,,Lacombe & Emanuelli et al. 2020,10.3389/fpls.2020.605934,2021,probable,"k0=0.01, k1=0.79, k2=0.19, kinship=0.3; Mendelian errors=4; Section D; Prev publication: Lacombe et al., 2013"
Feteasca regala,Feteasca alba,,SNP (Vitis18K),SNP,~18000,,Lacombe & Emanuelli et al. 2020,10.3389/fpls.2020.605934,2021,probable,"k0=0.01, k1=0.79, k2=0.19, kinship=0.3; Mendelian errors=4; Section D; Prev publication: Lacombe et al., 2013"
Feteasca alba,Gaensfuesser blau,,SNP (Vitis18K),SNP,~18000,,Lacombe & Emanuelli et al. 2020,10.3389/fpls.2020.605934,2021,probable,"k0=0.01, k1=0.94, k2=0.05, kinship=0.26; Mendelian errors=4; Section D; Prev publication: Lacombe et al., 2013"
Gaensfuesser blau,Feteasca alba,,SNP (Vitis18K),SNP,~18000,,Lacombe & Emanuelli et al. 2020,10.3389/fpls.2020.605934,2021,probable,"k0=0.01, k1=0.94, k2=0.05, kinship=0.26; Mendelian errors=4; Section D; Prev publication: Lacombe et al., 2013"
Savagnin,Flora,,SNP (Vitis18K),SNP,~18000,,Lacombe & Emanuelli et al. 2020,10.3389/fpls.2020.605934,2021,probable,"k0=0, k1=0.86, k2=0.14, kinship=0.29; Mendelian errors=0; Section D; Prev publication: Lacombe et al., 2013"
Semillon,Flora,,SNP (Vitis18K),SNP,~18000,,Lacombe & Emanuelli et al. 2020,10.3389/fpls.2020.605934,2021,probable,"k0=0, k1=0.93, k2=0.07, kinship=0.27; Mendelian errors=0; Section D; Prev publication: Lacombe et al., 2013"
Giro nero,Fogoneu,,SNP (Vitis18K),SNP,~18000,,Lacombe & Emanuelli et al. 2020,10.3389/fpls.2020.605934,2021,probable,"k0=0, k1=1, k2=0, kinship=0.25; Mendelian errors=2; Section D; Prev publication: Lacombe et al., 2013"
Folgasao,Savagnin,,SNP (Vitis18K),SNP,~18000,,Lacombe & Emanuelli et al. 2020,10.3389/fpls.2020.605934,2021,probable,"k0=0, k1=1, k2=0, kinship=0.25; Mendelian errors=0; Section D; Prev publication: Lacombe et al., 2013"
Savagnin,Folgasao,,SNP (Vitis18K),SNP,~18000,,Lacombe & Emanuelli et al. 2020,10.3389/fpls.2020.605934,2021,probable,"k0=0, k1=1, k2=0, kinship=0.25; Mendelian errors=0; Section D; Prev publication: Lacombe et al., 2013"
Folha de figueira,Malvar,,SNP (Vitis18K),SNP,~18000,,Lacombe & Emanuelli et al. 2020,10.3389/fpls.2020.605934,2021,probable,"k0=0, k1=0.84, k2=0.16, kinship=0.29; Mendelian errors=0; Section D; Prev publication: Lacombe et al., 2013"
Folha de figueira,Nevoeira,,SNP (Vitis18K),SNP,~18000,,Lacombe & Emanuelli et al. 2020,10.3389/fpls.2020.605934,2021,probable,"k0=0, k1=1, k2=0, kinship=0.25; Mendelian errors=1; Section D; Prev publication: Lacombe et al., 2013"
Nevoeira,Folha de figueira,,SNP (Vitis18K),SNP,~18000,,Lacombe & Emanuelli et al. 2020,10.3389/fpls.2020.605934,2021,probable,"k0=0, k1=1, k2=0, kinship=0.25; Mendelian errors=1; Section D; Prev publication: Lacombe et al., 2013"
Folha de figueira,Pardillo,,SNP (Vitis18K),SNP,~18000,,Lacombe & Emanuelli et al. 2020,10.3389/fpls.2020.605934,2021,probable,"k0=0, k1=0.96, k2=0.04, kinship=0.26; Mendelian errors=0; Section D; Prev publication: Lacombe et al., 2013"
Pardillo,Folha de figueira,,SNP (Vitis18K),SNP,~18000,,Lacombe & Emanuelli et al. 2020,10.3389/fpls.2020.605934,2021,probable,"k0=0, k1=0.96, k2=0.04, kinship=0.26; Mendelian errors=0; Section D; Prev publication: Lacombe et al., 2013"
Folha de figueira,Pero Godal,,SNP (Vitis18K),SNP,~18000,,Lacombe & Emanuelli et al. 2020,10.3389/fpls.2020.605934,2021,probable,"k0=0, k1=0.95, k2=0.05, kinship=0.26; Mendelian errors=1; Section D; Prev publication: Lacombe et al., 2013"
Pero Godal,Folha de figueira,,SNP (Vitis18K),SNP,~18000,,Lacombe & Emanuelli et al. 2020,10.3389/fpls.2020.605934,2021,probable,"k0=0, k1=0.95, k2=0.05, kinship=0.26; Mendelian errors=1; Section D; Prev publication: Lacombe et al., 2013"
Folha de figueira,Pilongo,,SNP (Vitis18K),SNP,~18000,,Lacombe & Emanuelli et al. 2020,10.3389/fpls.2020.605934,2021,probable,"k0=0, k1=1, k2=0, kinship=0.25; Mendelian errors=0; Section D; Prev publication: Lacombe et al., 2013"
Pilongo,Folha de figueira,,SNP (Vitis18K),SNP,~18000,,Lacombe & Emanuelli et al. 2020,10.3389/fpls.2020.605934,2021,probable,"k0=0, k1=1, k2=0, kinship=0.25; Mendelian errors=0; Section D; Prev publication: Lacombe et al., 2013"
Folha de figueira,Planta fina,,SNP (Vitis18K),SNP,~18000,,Lacombe & Emanuelli et al. 2020,10.3389/fpls.2020.605934,2021,probable,"k0=0, k1=0.97, k2=0.03, kinship=0.26; Mendelian errors=0; Section D; Prev publication: Lacombe et al., 2013"
Planta fina,Folha de figueira,,SNP (Vitis18K),SNP,~18000,,Lacombe & Emanuelli et al. 2020,10.3389/fpls.2020.605934,2021,probable,"k0=0, k1=0.97, k2=0.03, kinship=0.26; Mendelian errors=0; Section D; Prev publication: Lacombe et al., 2013"
Folha de figueira,Rojal negro,,SNP (Vitis18K),SNP,~18000,,Lacombe & Emanuelli et al. 2020,10.3389/fpls.2020.605934,2021,probable,"k0=0, k1=0.88, k2=0.12, kinship=0.28; Mendelian errors=0; Section D; Prev publication: Laucou et al., 2018"
Rojal negro,Folha de figueira,,SNP (Vitis18K),SNP,~18000,,Lacombe & Emanuelli et al. 2020,10.3389/fpls.2020.605934,2021,probable,"k0=0, k1=0.88, k2=0.12, kinship=0.28; Mendelian errors=0; Section D; Prev publication: Laucou et al., 2018"
Fondo de Orza,Moscato bianco,,SNP (Vitis18K),SNP,~18000,,Lacombe & Emanuelli et al. 2020,10.3389/fpls.2020.605934,2021,probable,"k0=0.01, k1=0.99, k2=0, kinship=0.25; Mendelian errors=2; Section D; Prev publication: Lacombe et al., 2013"
Moscato bianco,Fondo de Orza,,SNP (Vitis18K),SNP,~18000,,Lacombe & Emanuelli et al. 2020,10.3389/fpls.2020.605934,2021,probable,"k0=0.01, k1=0.99, k2=0, kinship=0.25; Mendelian errors=2; Section D; Prev publication: Lacombe et al., 2013"
Forcallat tinta,Heben,,SNP (Vitis18K),SNP,~18000,,Lacombe & Emanuelli et al. 2020,10.3389/fpls.2020.605934,2021,probable,"k0=0, k1=0.96, k2=0.04, kinship=0.26; Mendelian errors=0; Section D; Prev publication: Lacombe et al., 2013"
Heben,Forcallat tinta,,SNP (Vitis18K),SNP,~18000,,Lacombe & Emanuelli et al. 2020,10.3389/fpls.2020.605934,2021,probable,"k0=0, k1=0.96, k2=0.04, kinship=0.26; Mendelian errors=0; Section D; Prev publication: Lacombe et al., 2013"
Fortana,Lambrusco Maestri,,SNP (Vitis18K),SNP,~18000,,Lacombe & Emanuelli et al. 2020,10.3389/fpls.2020.605934,2021,probable,"k0=0, k1=1, k2=0, kinship=0.25; Mendelian errors=1; Section D; Prev publication: Boccacci et al. , 2005"
Lambrusco Maestri,Fortana,,SNP (Vitis18K),SNP,~18000,,Lacombe & Emanuelli et al. 2020,10.3389/fpls.2020.605934,2021,probable,"k0=0, k1=1, k2=0, kinship=0.25; Mendelian errors=1; Section D; Prev publication: Boccacci et al. , 2005"
Fortana,Uva Tosca,,SNP (Vitis18K),SNP,~18000,,Lacombe & Emanuelli et al. 2020,10.3389/fpls.2020.605934,2021,probable,"k0=0, k1=1, k2=0, kinship=0.25; Mendelian errors=0; Section D; Prev publication: Boccacci et al., 2005"
Uva Tosca,Fortana,,SNP (Vitis18K),SNP,~18000,,Lacombe & Emanuelli et al. 2020,10.3389/fpls.2020.605934,2021,probable,"k0=0, k1=1, k2=0, kinship=0.25; Mendelian errors=0; Section D; Prev publication: Boccacci et al., 2005"
Frappato,Sangiovese,,SNP (Vitis18K),SNP,~18000,,Lacombe & Emanuelli et al. 2020,10.3389/fpls.2020.605934,2021,probable,"k0=0, k1=0.95, k2=0.05, kinship=0.26; Mendelian errors=0; Section D; Prev publication: Crespan et al., 2008b"
Sangiovese,Frappato,,SNP (Vitis18K),SNP,~18000,,Lacombe & Emanuelli et al. 2020,10.3389/fpls.2020.605934,2021,probable,"k0=0, k1=0.95, k2=0.05, kinship=0.26; Mendelian errors=0; Section D; Prev publication: Crespan et al., 2008b"
Freisa,Malvasia nera lunga,,SNP (Vitis18K),SNP,~18000,,Lacombe & Emanuelli et al. 2020,10.3389/fpls.2020.605934,2021,probable,"k0=0, k1=0.91, k2=0.09, kinship=0.27; Mendelian errors=1; Section D; Prev publication: Ruffa et al., 2016"
Freisa,Nebbiolo,,SNP (Vitis18K),SNP,~18000,,Lacombe & Emanuelli et al. 2020,10.3389/fpls.2020.605934,2021,probable,"k0=0, k1=1, k2=0, kinship=0.25; Mendelian errors=0; Section D; Prev publication: Schneider et al., 2004"
Nebbiolo,Freisa,,SNP (Vitis18K),SNP,~18000,,Lacombe & Emanuelli et al. 2020,10.3389/fpls.2020.605934,2021,probable,"k0=0, k1=1, k2=0, kinship=0.25; Mendelian errors=0; Section D; Prev publication: Schneider et al., 2004"
Furmint,Fubiano,,SNP (Vitis18K),SNP,~18000,,Lacombe & Emanuelli et al. 2020,10.3389/fpls.2020.605934,2021,probable,"k0=0, k1=0.92, k2=0.08, kinship=0.27; Mendelian errors=2; Section D; Prev publication: confirmation of breeder's data by Raimondi et al., 2017"
Trebbiano toscano,Fubiano,,SNP (Vitis18K),SNP,~18000,,Lacombe & Emanuelli et al. 2020,10.3389/fpls.2020.605934,2021,probable,"k0=0, k1=1, k2=0, kinship=0.25; Mendelian errors=0; Section D; Prev publication: confirmation of breeder's data by Raimondi et al., 2017"
Furmint,Harslevelu,,SNP (Vitis18K),SNP,~18000,,Lacombe & Emanuelli et al. 2020,10.3389/fpls.2020.605934,2021,probable,"k0=0, k1=0.84, k2=0.16, kinship=0.29; Mendelian errors=1; Section D; Prev publication: Lacombe et al., 2013"
Harslevelu,Furmint,,SNP (Vitis18K),SNP,~18000,,Lacombe & Emanuelli et al. 2020,10.3389/fpls.2020.605934,2021,probable,"k0=0, k1=0.84, k2=0.16, kinship=0.29; Mendelian errors=1; Section D; Prev publication: Lacombe et al., 2013"
Heunisch Weiss,Furmint,,SNP (Vitis18K),SNP,~18000,,Lacombe & Emanuelli et al. 2020,10.3389/fpls.2020.605934,2021,probable,"k0=0, k1=0.97, k2=0.03, kinship=0.26; Mendelian errors=1; Section D; Prev publication: Lacombe et al., 2013"
Gaensfuesser blau,Negru de Causani,,SNP (Vitis18K),SNP,~18000,,Lacombe & Emanuelli et al. 2020,10.3389/fpls.2020.605934,2021,probable,"k0=0, k1=0.98, k2=0.02, kinship=0.25; Mendelian errors=2; Section D; Prev publication: Lacombe et al., 2013"
Negru de Causani,Gaensfuesser blau,,SNP (Vitis18K),SNP,~18000,,Lacombe & Emanuelli et al. 2020,10.3389/fpls.2020.605934,2021,probable,"k0=0, k1=0.98, k2=0.02, kinship=0.25; Mendelian errors=2; Section D; Prev publication: Lacombe et al., 2013"
Gaensfuesser blau,Zimmettraube grau rauchfarbig,,SNP (Vitis18K),SNP,~18000,,Lacombe & Emanuelli et al. 2020,10.3389/fpls.2020.605934,2021,probable,"k0=0, k1=0.94, k2=0.06, kinship=0.26; Mendelian errors=1; Section D; Prev publication: Laucou et al., 2018"
Zimmettraube grau rauchfarbig,Gaensfuesser blau,,SNP (Vitis18K),SNP,~18000,,Lacombe & Emanuelli et al. 2020,10.3389/fpls.2020.605934,2021,probable,"k0=0, k1=0.94, k2=0.06, kinship=0.26; Mendelian errors=1; Section D; Prev publication: Laucou et al., 2018"
Mantonico bianco,Gaglioppo,,SNP (Vitis18K),SNP,~18000,,Lacombe & Emanuelli et al. 2020,10.3389/fpls.2020.605934,2021,probable,"k0=0, k1=1, k2=0, kinship=0.25; Mendelian errors=2; Section D; Prev publication: De Lorenzis et al., 2019"
Sangiovese,Gaglioppo,,SNP (Vitis18K),SNP,~18000,,Lacombe & Emanuelli et al. 2020,10.3389/fpls.2020.605934,2021,probable,"k0=0, k1=0.97, k2=0.03, kinship=0.26; Mendelian errors=1; Section D; Prev publication: Cipriani et al., 2010"
Gamay,Galotta,,SNP (Vitis18K),SNP,~18000,,Lacombe & Emanuelli et al. 2020,10.3389/fpls.2020.605934,2021,probable,"k0=0, k1=1, k2=0, kinship=0.25; Mendelian errors=1; Section D; Prev publication: Lacombe et al., 2013"
Gamay,Gamaret,,SNP (Vitis18K),SNP,~18000,,Lacombe & Emanuelli et al. 2020,10.3389/fpls.2020.605934,2021,probable,"k0=0, k1=0.96, k2=0.04, kinship=0.26; Mendelian errors=0; Section D; Prev publication: Lacombe et al., 2013"
Gamaret,Gamay,,SNP (Vitis18K),SNP,~18000,,Lacombe & Emanuelli et al. 2020,10.3389/fpls.2020.605934,2021,probable,"k0=0, k1=0.96, k2=0.04, kinship=0.26; Mendelian errors=0; Section D; Prev publication: Lacombe et al., 2013"
Heunisch Weiss,Gamay,,SNP (Vitis18K),SNP,~18000,,Lacombe & Emanuelli et al. 2020,10.3389/fpls.2020.605934,2021,probable,"k0=0, k1=1, k2=0, kinship=0.25; Mendelian errors=2; Section D; Prev publication: Lacombe et al., 2013"
Pinot,Gamay,,SNP (Vitis18K),SNP,~18000,,Lacombe & Emanuelli et al. 2020,10.3389/fpls.2020.605934,2021,probable,"k0=0, k1=1, k2=0, kinship=0.25; Mendelian errors=0; Section D; Prev publication: Lacombe et al., 2013"
Gamay,Schirastraube,,SNP (Vitis18K),SNP,~18000,,Lacombe & Emanuelli et al. 2020,10.3389/fpls.2020.605934,2021,probable,"k0=0, k1=1, k2=0, kinship=0.25; Mendelian errors=0; Section D; Prev publication: Laucou et al., 2018"
Schirastraube,Gamay,,SNP (Vitis18K),SNP,~18000,,Lacombe & Emanuelli et al. 2020,10.3389/fpls.2020.605934,2021,probable,"k0=0, k1=1, k2=0, kinship=0.25; Mendelian errors=0; Section D; Prev publication: Laucou et al., 2018"
Garganega,Malvasia bianca di Candia,,SNP (Vitis18K),SNP,~18000,,Lacombe & Emanuelli et al. 2020,10.3389/fpls.2020.605934,2021,probable,"k0=0, k1=0.94, k2=0.06, kinship=0.26; Mendelian errors=1; Section D; Prev publication: Di Vecchi Staraz et al., 2007"
Malvasia bianca di Candia,Garganega,,SNP (Vitis18K),SNP,~18000,,Lacombe & Emanuelli et al. 2020,10.3389/fpls.2020.605934,2021,probable,"k0=0, k1=0.94, k2=0.06, kinship=0.26; Mendelian errors=1; Section D; Prev publication: Di Vecchi Staraz et al., 2007"
Garganega,Marzemina bianca,,SNP (Vitis18K),SNP,~18000,,Lacombe & Emanuelli et al. 2020,10.3389/fpls.2020.605934,2021,probable,"k0=0, k1=1, k2=0, kinship=0.25; Mendelian errors=1; Section D; Prev publication: Crespan et al., 2008b"
Marzemina bianca,Garganega,,SNP (Vitis18K),SNP,~18000,,Lacombe & Emanuelli et al. 2020,10.3389/fpls.2020.605934,2021,probable,"k0=0, k1=1, k2=0, kinship=0.25; Mendelian errors=1; Section D; Prev publication: Crespan et al., 2008b"
Garganega,Montonico bianco,,SNP (Vitis18K),SNP,~18000,,Lacombe & Emanuelli et al. 2020,10.3389/fpls.2020.605934,2021,probable,"k0=0, k1=0.96, k2=0.04, kinship=0.26; Mendelian errors=0; Section D; Prev publication: Crespan et al., 2008b"
Montonico bianco,Garganega,,SNP (Vitis18K),SNP,~18000,,Lacombe & Emanuelli et al. 2020,10.3389/fpls.2020.605934,2021,probable,"k0=0, k1=0.96, k2=0.04, kinship=0.26; Mendelian errors=0; Section D; Prev publication: Crespan et al., 2008b"
Garganega,Prugnolino,,SNP (Vitis18K),SNP,~18000,,Lacombe & Emanuelli et al. 2020,10.3389/fpls.2020.605934,2021,probable,"k0=0, k1=1, k2=0, kinship=0.25; Mendelian errors=1; Section D; Prev publication: Di Vecchi Staraz et al., 2007"
Prugnolino,Garganega,,SNP (Vitis18K),SNP,~18000,,Lacombe & Emanuelli et al. 2020,10.3389/fpls.2020.605934,2021,probable,"k0=0, k1=1, k2=0, kinship=0.25; Mendelian errors=1; Section D; Prev publication: Di Vecchi Staraz et al., 2007"
Garganega,Recunu,,SNP (Vitis18K),SNP,~18000,,Lacombe & Emanuelli et al. 2020,10.3389/fpls.2020.605934,2021,probable,"k0=0, k1=1, k2=0, kinship=0.25; Mendelian errors=0; Section D; Prev publication: De Lorenzis et al., 2019"
Recunu,Garganega,,SNP (Vitis18K),SNP,~18000,,Lacombe & Emanuelli et al. 2020,10.3389/fpls.2020.605934,2021,probable,"k0=0, k1=1, k2=0, kinship=0.25; Mendelian errors=0; Section D; Prev publication: De Lorenzis et al., 2019"
Garganega,Somarello,,SNP (Vitis18K),SNP,~18000,,Lacombe & Emanuelli et al. 2020,10.3389/fpls.2020.605934,2021,probable,"k0=0, k1=0.9, k2=0.1, kinship=0.28; Mendelian errors=0; Section D; Prev publication: Di Vecchi Staraz et al., 2007"
Garganega,Trebbiano toscano,,SNP (Vitis18K),SNP,~18000,,Lacombe & Emanuelli et al. 2020,10.3389/fpls.2020.605934,2021,probable,"k0=0, k1=1, k2=0, kinship=0.25; Mendelian errors=0; Section D; Prev publication: Di Vecchi Staraz et al., 2007"
Trebbiano toscano,Garganega,,SNP (Vitis18K),SNP,~18000,,Lacombe & Emanuelli et al. 2020,10.3389/fpls.2020.605934,2021,probable,"k0=0, k1=1, k2=0, kinship=0.25; Mendelian errors=0; Section D; Prev publication: Di Vecchi Staraz et al., 2007"
Moscato violetto (Muscat rouge de Madère),Garofana,,SNP (Vitis18K),SNP,~18000,,Lacombe & Emanuelli et al. 2020,10.3389/fpls.2020.605934,2021,probable,"k0=0, k1=0.93, k2=0.07, kinship=0.27; Mendelian errors=1; Section D; Prev publication: Cipriani et al., 2010"
Trebbiano toscano,Garofana,,SNP (Vitis18K),SNP,~18000,,Lacombe & Emanuelli et al. 2020,10.3389/fpls.2020.605934,2021,probable,"k0=0, k1=0.99, k2=0.01, kinship=0.25; Mendelian errors=0; Section D; Prev publication: Cipriani et al., 2010"
Garrido fino,Garrido macho,,SNP (Vitis18K),SNP,~18000,,Lacombe & Emanuelli et al. 2020,10.3389/fpls.2020.605934,2021,probable,"k0=0, k1=0.76, k2=0.24, kinship=0.31; Mendelian errors=0; Section D; Prev publication: Laucou et al., 2018"
Garrido macho,Garrido fino,,SNP (Vitis18K),SNP,~18000,,Lacombe & Emanuelli et al. 2020,10.3389/fpls.2020.605934,2021,probable,"k0=0, k1=0.76, k2=0.24, kinship=0.31; Mendelian errors=0; Section D; Prev publication: Laucou et al., 2018"
Garrido macho,Cayetana blanca,,SNP (Vitis18K),SNP,~18000,,Lacombe & Emanuelli et al. 2020,10.3389/fpls.2020.605934,2021,probable,"k0=0, k1=0.9, k2=0.1, kinship=0.27; Mendelian errors=0; Section D; Prev publication: Zinelabidine et al., 2012; Lacombe et al., 2013"
Cayetana blanca,Garrido macho,,SNP (Vitis18K),SNP,~18000,,Lacombe & Emanuelli et al. 2020,10.3389/fpls.2020.605934,2021,probable,"k0=0, k1=0.9, k2=0.1, kinship=0.27; Mendelian errors=0; Section D; Prev publication: Zinelabidine et al., 2012; Lacombe et al., 2013"
Heben,Garro,,SNP (Vitis18K),SNP,~18000,,Lacombe & Emanuelli et al. 2020,10.3389/fpls.2020.605934,2021,probable,"k0=0, k1=1, k2=0, kinship=0.25; Mendelian errors=0; Section D; Prev publication: Lacombe et al., 2013"
Monastrell,Garro,,SNP (Vitis18K),SNP,~18000,,Lacombe & Emanuelli et al. 2020,10.3389/fpls.2020.605934,2021,probable,"k0=0, k1=1, k2=0, kinship=0.25; Mendelian errors=1; Section D; Prev publication: Lacombe et al., 2013"
Gascon_FRA,Tressot noir,,SNP (Vitis18K),SNP,~18000,,Lacombe & Emanuelli et al. 2020,10.3389/fpls.2020.605934,2021,probable,"k0=0, k1=1, k2=0, kinship=0.25; Mendelian errors=1; Section D; Prev publication: Lacombe et al., 2013"
Tressot noir,Gascon_FRA,,SNP (Vitis18K),SNP,~18000,,Lacombe & Emanuelli et al. 2020,10.3389/fpls.2020.605934,2021,probable,"k0=0, k1=1, k2=0, kinship=0.25; Mendelian errors=1; Section D; Prev publication: Lacombe et al., 2013"
Gelbholzer blau,Heunisch Weiss,,SNP (Vitis18K),SNP,~18000,,Lacombe & Emanuelli et al. 2020,10.3389/fpls.2020.605934,2021,probable,"k0=0, k1=1, k2=0, kinship=0.25; Mendelian errors=0; Section D; Prev publication: Lacombe et al., 2013"
Heunisch Weiss,Gelbholzer blau,,SNP (Vitis18K),SNP,~18000,,Lacombe & Emanuelli et al. 2020,10.3389/fpls.2020.605934,2021,probable,"k0=0, k1=1, k2=0, kinship=0.25; Mendelian errors=0; Section D; Prev publication: Lacombe et al., 2013"
Gemre pembe,muscat mikweh CREA,,SNP (Vitis18K),SNP,~18000,,Lacombe & Emanuelli et al. 2020,10.3389/fpls.2020.605934,2021,probable,"k0=0, k1=1, k2=0, kinship=0.25; Mendelian errors=1; Section D; Prev publication: confirmation of breeder's data by Lacombe et al., 2013"
muscat mikweh CREA,Gemre pembe,,SNP (Vitis18K),SNP,~18000,,Lacombe & Emanuelli et al. 2020,10.3389/fpls.2020.605934,2021,probable,"k0=0, k1=1, k2=0, kinship=0.25; Mendelian errors=1; Section D; Prev publication: confirmation of breeder's data by Lacombe et al., 2013"
Gibert,Malbech (Cot),,SNP (Vitis18K),SNP,~18000,,Lacombe & Emanuelli et al. 2020,10.3389/fpls.2020.605934,2021,probable,"k0=0, k1=1, k2=0, kinship=0.25; Mendelian errors=0; Section D; Prev publication: Lacombe et al., 2013"
Malbech (Cot),Gibert,,SNP (Vitis18K),SNP,~18000,,Lacombe & Emanuelli et al. 2020,10.3389/fpls.2020.605934,2021,probable,"k0=0, k1=1, k2=0, kinship=0.25; Mendelian errors=0; Section D; Prev publication: Lacombe et al., 2013"
Giosana,Strinto porcino,,SNP (Vitis18K),SNP,~18000,,Lacombe & Emanuelli et al. 2020,10.3389/fpls.2020.605934,2021,probable,"k0=0, k1=0.98, k2=0.02, kinship=0.26; Mendelian errors=0; Section D; Prev publication: De Lorenzis et al., 2019"
Strinto porcino,Giosana,,SNP (Vitis18K),SNP,~18000,,Lacombe & Emanuelli et al. 2020,10.3389/fpls.2020.605934,2021,probable,"k0=0, k1=0.98, k2=0.02, kinship=0.26; Mendelian errors=0; Section D; Prev publication: De Lorenzis et al., 2019"
Giosana,Visparola,,SNP (Vitis18K),SNP,~18000,,Lacombe & Emanuelli et al. 2020,10.3389/fpls.2020.605934,2021,probable,"k0=0, k1=1, k2=0, kinship=0.25; Mendelian errors=1; Section D; Prev publication: De Lorenzis et al., 2019"
Visparola,Giosana,,SNP (Vitis18K),SNP,~18000,,Lacombe & Emanuelli et al. 2020,10.3389/fpls.2020.605934,2021,probable,"k0=0, k1=1, k2=0, kinship=0.25; Mendelian errors=1; Section D; Prev publication: De Lorenzis et al., 2019"
Giro nero,Manses de Tibbus,,SNP (Vitis18K),SNP,~18000,,Lacombe & Emanuelli et al. 2020,10.3389/fpls.2020.605934,2021,probable,"k0=0, k1=0.91, k2=0.09, kinship=0.27; Mendelian errors=0; Section D; Prev publication: Laucou et al., 2018"
Manses de Tibbus,Giro nero,,SNP (Vitis18K),SNP,~18000,,Lacombe & Emanuelli et al. 2020,10.3389/fpls.2020.605934,2021,probable,"k0=0, k1=0.91, k2=0.09, kinship=0.27; Mendelian errors=0; Section D; Prev publication: Laucou et al., 2018"
Glera,Incrocio Manzoni 2.15,,SNP (Vitis18K),SNP,~18000,,Lacombe & Emanuelli et al. 2020,10.3389/fpls.2020.605934,2021,probable,"k0=0, k1=1, k2=0, kinship=0.25; Mendelian errors=0; Section D; Prev publication: confirmation of breeder's data by Cipriani et al., 2010"
Glera,Vitouska,,SNP (Vitis18K),SNP,~18000,,Lacombe & Emanuelli et al. 2020,10.3389/fpls.2020.605934,2021,probable,"k0=0, k1=0.93, k2=0.07, kinship=0.27; Mendelian errors=1; Section D; Prev publication: Crespan et al., 2007"
Glera,Vulpea,,SNP (Vitis18K),SNP,~18000,,Lacombe & Emanuelli et al. 2020,10.3389/fpls.2020.605934,2021,probable,"k0=0, k1=1, k2=0, kinship=0.25; Mendelian errors=0; Section D; Prev publication: Crespan et al., 2020"
Vulpea,Glera,,SNP (Vitis18K),SNP,~18000,,Lacombe & Emanuelli et al. 2020,10.3389/fpls.2020.605934,2021,probable,"k0=0, k1=1, k2=0, kinship=0.25; Mendelian errors=0; Section D; Prev publication: Crespan et al., 2020"
Goldriesling,Riesling,,SNP (Vitis18K),SNP,~18000,,Lacombe & Emanuelli et al. 2020,10.3389/fpls.2020.605934,2021,probable,"k0=0, k1=0.95, k2=0.05, kinship=0.26; Mendelian errors=1; Section D; Prev publication: Lacombe et al., 2013"
Riesling,Goldriesling,,SNP (Vitis18K),SNP,~18000,,Lacombe & Emanuelli et al. 2020,10.3389/fpls.2020.605934,2021,probable,"k0=0, k1=0.95, k2=0.05, kinship=0.26; Mendelian errors=1; Section D; Prev publication: Lacombe et al., 2013"
Gorgollasa,Heben,,SNP (Vitis18K),SNP,~18000,,Lacombe & Emanuelli et al. 2020,10.3389/fpls.2020.605934,2021,probable,"k0=0, k1=1, k2=0, kinship=0.25; Mendelian errors=1; Section D; Prev publication: Lacombe et al., 2013"
Heben,Gorgollasa,,SNP (Vitis18K),SNP,~18000,,Lacombe & Emanuelli et al. 2020,10.3389/fpls.2020.605934,2021,probable,"k0=0, k1=1, k2=0, kinship=0.25; Mendelian errors=1; Section D; Prev publication: Lacombe et al., 2013"
Savagnin,Gouveio,,SNP (Vitis18K),SNP,~18000,,Lacombe & Emanuelli et al. 2020,10.3389/fpls.2020.605934,2021,probable,"k0=0, k1=1, k2=0, kinship=0.25; Mendelian errors=0; Section D; Prev publication: Lacombe et al., 2013; Cuna et al, 2020"
Graeco,Lacrima di Maria,,SNP (Vitis18K),SNP,~18000,,Lacombe & Emanuelli et al. 2020,10.3389/fpls.2020.605934,2021,probable,"k0=0, k1=0.88, k2=0.11, kinship=0.28; Mendelian errors=1; Section D; Prev publication: Lacombe et al., 2013"
Grain,Pougayen,,SNP (Vitis18K),SNP,~18000,,Lacombe & Emanuelli et al. 2020,10.3389/fpls.2020.605934,2021,probable,"k0=0, k1=0.97, k2=0.03, kinship=0.26; Mendelian errors=1; Section D; Prev publication: Lacombe et al., 2013"
Pougayen,Grain,,SNP (Vitis18K),SNP,~18000,,Lacombe & Emanuelli et al. 2020,10.3389/fpls.2020.605934,2021,probable,"k0=0, k1=0.97, k2=0.03, kinship=0.26; Mendelian errors=1; Section D; Prev publication: Lacombe et al., 2013"
Grain,Quagliano (Bouteillan),,SNP (Vitis18K),SNP,~18000,,Lacombe & Emanuelli et al. 2020,10.3389/fpls.2020.605934,2021,probable,"k0=0, k1=0.92, k2=0.08, kinship=0.27; Mendelian errors=0; Section D; Prev publication: Lacombe et al., 2013"
Quagliano (Bouteillan),Grain,,SNP (Vitis18K),SNP,~18000,,Lacombe & Emanuelli et al. 2020,10.3389/fpls.2020.605934,2021,probable,"k0=0, k1=0.92, k2=0.08, kinship=0.27; Mendelian errors=0; Section D; Prev publication: Lacombe et al., 2013"
Grain,Tressot noir,,SNP (Vitis18K),SNP,~18000,,Lacombe & Emanuelli et al. 2020,10.3389/fpls.2020.605934,2021,probable,"k0=0, k1=1, k2=0, kinship=0.25; Mendelian errors=0; Section D; Prev publication: Lacombe et al., 2013"
Tressot noir,Grain,,SNP (Vitis18K),SNP,~18000,,Lacombe & Emanuelli et al. 2020,10.3389/fpls.2020.605934,2021,probable,"k0=0, k1=1, k2=0, kinship=0.25; Mendelian errors=0; Section D; Prev publication: Lacombe et al., 2013"
Monastrell,Grand noir,,SNP (Vitis18K),SNP,~18000,,Lacombe & Emanuelli et al. 2020,10.3389/fpls.2020.605934,2021,probable,"k0=0, k1=1, k2=0, kinship=0.25; Mendelian errors=1; Section D; Prev publication: Lacombe et al., 2013"
Petit Bouschet,Grand noir,,SNP (Vitis18K),SNP,~18000,,Lacombe & Emanuelli et al. 2020,10.3389/fpls.2020.605934,2021,probable,"k0=0, k1=0.97, k2=0.03, kinship=0.26; Mendelian errors=1; Section D; Prev publication: Lacombe et al., 2013"
Grappenoux,Savagnin,,SNP (Vitis18K),SNP,~18000,,Lacombe & Emanuelli et al. 2020,10.3389/fpls.2020.605934,2021,probable,"k0=0, k1=1, k2=0, kinship=0.25; Mendelian errors=0; Section D; Prev publication: Lacombe et al., 2013"
Savagnin,Grappenoux,,SNP (Vitis18K),SNP,~18000,,Lacombe & Emanuelli et al. 2020,10.3389/fpls.2020.605934,2021,probable,"k0=0, k1=1, k2=0, kinship=0.25; Mendelian errors=0; Section D; Prev publication: Lacombe et al., 2013"
Grec rouge,Raisaine,,SNP (Vitis18K),SNP,~18000,,Lacombe & Emanuelli et al. 2020,10.3389/fpls.2020.605934,2021,probable,"k0=0, k1=0.95, k2=0.05, kinship=0.26; Mendelian errors=0; Section D; Prev publication: Lacombe et al., 2013"
Raisaine,Grec rouge,,SNP (Vitis18K),SNP,~18000,,Lacombe & Emanuelli et al. 2020,10.3389/fpls.2020.605934,2021,probable,"k0=0, k1=0.95, k2=0.05, kinship=0.26; Mendelian errors=0; Section D; Prev publication: Lacombe et al., 2013"
Greco bianco (Guardavalle),Mantonico bianco,,SNP (Vitis18K),SNP,~18000,,Lacombe & Emanuelli et al. 2020,10.3389/fpls.2020.605934,2021,probable,"k0=0, k1=0.99, k2=0.01, kinship=0.25; Mendelian errors=0; Section D; Prev publication: Crespan et al., 2017"
Mantonico bianco,Greco bianco (Guardavalle),,SNP (Vitis18K),SNP,~18000,,Lacombe & Emanuelli et al. 2020,10.3389/fpls.2020.605934,2021,probable,"k0=0, k1=0.99, k2=0.01, kinship=0.25; Mendelian errors=0; Section D; Prev publication: Crespan et al., 2017"
Greg,Morate,,SNP (Vitis18K),SNP,~18000,,Lacombe & Emanuelli et al. 2020,10.3389/fpls.2020.605934,2021,probable,"k0=0, k1=1, k2=0, kinship=0.25; Mendelian errors=0; Section D; Prev publication: Laucou et al., 2018"
Morate,Greg,,SNP (Vitis18K),SNP,~18000,,Lacombe & Emanuelli et al. 2020,10.3389/fpls.2020.605934,2021,probable,"k0=0, k1=1, k2=0, kinship=0.25; Mendelian errors=0; Section D; Prev publication: Laucou et al., 2018"
Grilla,Strinto porcino,,SNP (Vitis18K),SNP,~18000,,Lacombe & Emanuelli et al. 2020,10.3389/fpls.2020.605934,2021,probable,"k0=0, k1=0.94, k2=0.06, kinship=0.26; Mendelian errors=1; Section D; Prev publication: De Lorenzis et al., 2019"
Strinto porcino,Grilla,,SNP (Vitis18K),SNP,~18000,,Lacombe & Emanuelli et al. 2020,10.3389/fpls.2020.605934,2021,probable,"k0=0, k1=0.94, k2=0.06, kinship=0.26; Mendelian errors=1; Section D; Prev publication: De Lorenzis et al., 2019"
Grilla,Visparola,,SNP (Vitis18K),SNP,~18000,,Lacombe & Emanuelli et al. 2020,10.3389/fpls.2020.605934,2021,probable,"k0=0, k1=1, k2=0, kinship=0.25; Mendelian errors=1; Section D; Prev publication: De Lorenzis et al., 2019"
Visparola,Grilla,,SNP (Vitis18K),SNP,~18000,,Lacombe & Emanuelli et al. 2020,10.3389/fpls.2020.605934,2021,probable,"k0=0, k1=1, k2=0, kinship=0.25; Mendelian errors=1; Section D; Prev publication: De Lorenzis et al., 2019"
Gros Bourgogne,Furmint,,SNP (Vitis18K),SNP,~18000,,Lacombe & Emanuelli et al. 2020,10.3389/fpls.2020.605934,2021,probable,"k0=0, k1=0.96, k2=0.04, kinship=0.26; Mendelian errors=0; Section D; Prev publication: Lacombe et al., 2013"
Furmint,Gros Bourgogne,,SNP (Vitis18K),SNP,~18000,,Lacombe & Emanuelli et al. 2020,10.3389/fpls.2020.605934,2021,probable,"k0=0, k1=0.96, k2=0.04, kinship=0.26; Mendelian errors=0; Section D; Prev publication: Lacombe et al., 2013"
Gros Cabernet,Txakoli = Hondarrabi beltza,,SNP (Vitis18K),SNP,~18000,,Lacombe & Emanuelli et al. 2020,10.3389/fpls.2020.605934,2021,probable,"k0=0, k1=0.88, k2=0.11, kinship=0.28; Mendelian errors=2; Section D; Prev publication: Lacombe et al., 2013"
Txakoli = Hondarrabi beltza,Gros Cabernet,,SNP (Vitis18K),SNP,~18000,,Lacombe & Emanuelli et al. 2020,10.3389/fpls.2020.605934,2021,probable,"k0=0, k1=0.88, k2=0.11, kinship=0.28; Mendelian errors=2; Section D; Prev publication: Lacombe et al., 2013"
Grozelmtevana Institutis,Matrassa,,SNP (Vitis18K),SNP,~18000,,Lacombe & Emanuelli et al. 2020,10.3389/fpls.2020.605934,2021,probable,"k0=0, k1=0.88, k2=0.12, kinship=0.28; Mendelian errors=0; Section D; Prev publication: Laucou et al., 2018"
Matrassa,Grozelmtevana Institutis,,SNP (Vitis18K),SNP,~18000,,Lacombe & Emanuelli et al. 2020,10.3389/fpls.2020.605934,2021,probable,"k0=0, k1=0.88, k2=0.12, kinship=0.28; Mendelian errors=0; Section D; Prev publication: Laucou et al., 2018"
Guarnaccia (false),Pinot,,SNP (Vitis18K),SNP,~18000,,Lacombe & Emanuelli et al. 2020,10.3389/fpls.2020.605934,2021,probable,"k0=0, k1=0.97, k2=0.03, kinship=0.26; Mendelian errors=0; Section D; Prev publication: Lacombe et al., 2013"
Pinot,Guarnaccia (false),,SNP (Vitis18K),SNP,~18000,,Lacombe & Emanuelli et al. 2020,10.3389/fpls.2020.605934,2021,probable,"k0=0, k1=0.97, k2=0.03, kinship=0.26; Mendelian errors=0; Section D; Prev publication: Lacombe et al., 2013"
Heben,Jeronimo,,SNP (Vitis18K),SNP,~18000,,Lacombe & Emanuelli et al. 2020,10.3389/fpls.2020.605934,2021,probable,"k0=0, k1=0.94, k2=0.06, kinship=0.27; Mendelian errors=0; Section D; Prev publication: Lacombe et al., 2013"
Jeronimo,Heben,,SNP (Vitis18K),SNP,~18000,,Lacombe & Emanuelli et al. 2020,10.3389/fpls.2020.605934,2021,probable,"k0=0, k1=0.94, k2=0.06, kinship=0.27; Mendelian errors=0; Section D; Prev publication: Lacombe et al., 2013"
Heben,Malvar,,SNP (Vitis18K),SNP,~18000,,Lacombe & Emanuelli et al. 2020,10.3389/fpls.2020.605934,2021,probable,"k0=0, k1=0.91, k2=0.08, kinship=0.27; Mendelian errors=1; Section D; Prev publication: Lacombe et al., 2013"
Heben,Malvasia fina,,SNP (Vitis18K),SNP,~18000,,Lacombe & Emanuelli et al. 2020,10.3389/fpls.2020.605934,2021,probable,"k0=0, k1=1, k2=0, kinship=0.25; Mendelian errors=1; Section D; Prev publication: Lacombe et al., 2013"
Heben,Merseguera,,SNP (Vitis18K),SNP,~18000,,Lacombe & Emanuelli et al. 2020,10.3389/fpls.2020.605934,2021,probable,"k0=0, k1=0.88, k2=0.12, kinship=0.28; Mendelian errors=0; Section D; Prev publication: Lacombe et al., 2013"
Heben,Miguel de Arco,,SNP (Vitis18K),SNP,~18000,,Lacombe & Emanuelli et al. 2020,10.3389/fpls.2020.605934,2021,probable,"k0=0, k1=0.96, k2=0.04, kinship=0.26; Mendelian errors=0; Section D; Prev publication: Lacombe et al., 2013"
Miguel de Arco,Heben,,SNP (Vitis18K),SNP,~18000,,Lacombe & Emanuelli et al. 2020,10.3389/fpls.2020.605934,2021,probable,"k0=0, k1=0.96, k2=0.04, kinship=0.26; Mendelian errors=0; Section D; Prev publication: Lacombe et al., 2013"
Heben,Miguel de Arco (Spain),,SNP (Vitis18K),SNP,~18000,,Lacombe & Emanuelli et al. 2020,10.3389/fpls.2020.605934,2021,probable,"k0=0, k1=0.98, k2=0.02, kinship=0.26; Mendelian errors=0; Section D; Prev publication: Lacombe et al., 2013"
Miguel de Arco (Spain),Heben,,SNP (Vitis18K),SNP,~18000,,Lacombe & Emanuelli et al. 2020,10.3389/fpls.2020.605934,2021,probable,"k0=0, k1=0.98, k2=0.02, kinship=0.26; Mendelian errors=0; Section D; Prev publication: Lacombe et al., 2013"
Heben,Molinera,,SNP (Vitis18K),SNP,~18000,,Lacombe & Emanuelli et al. 2020,10.3389/fpls.2020.605934,2021,probable,"k0=0, k1=0.94, k2=0.06, kinship=0.26; Mendelian errors=1; Section D; Prev publication: Lacombe et al., 2013"
Molinera,Heben,,SNP (Vitis18K),SNP,~18000,,Lacombe & Emanuelli et al. 2020,10.3389/fpls.2020.605934,2021,probable,"k0=0, k1=0.94, k2=0.06, kinship=0.26; Mendelian errors=1; Section D; Prev publication: Lacombe et al., 2013"
Heben,Mollar cano,,SNP (Vitis18K),SNP,~18000,,Lacombe & Emanuelli et al. 2020,10.3389/fpls.2020.605934,2021,probable,"k0=0, k1=1, k2=0, kinship=0.25; Mendelian errors=0; Section D; Prev publication: Laucou et al., 2018"
Mollar cano,Heben,,SNP (Vitis18K),SNP,~18000,,Lacombe & Emanuelli et al. 2020,10.3389/fpls.2020.605934,2021,probable,"k0=0, k1=1, k2=0, kinship=0.25; Mendelian errors=0; Section D; Prev publication: Laucou et al., 2018"
Heben,Monica,,SNP (Vitis18K),SNP,~18000,,Lacombe & Emanuelli et al. 2020,10.3389/fpls.2020.605934,2021,probable,"k0=0, k1=1, k2=0, kinship=0.25; Mendelian errors=0; Section D; Prev publication: Lacombe et al., 2013"
Monica,Heben,,SNP (Vitis18K),SNP,~18000,,Lacombe & Emanuelli et al. 2020,10.3389/fpls.2020.605934,2021,probable,"k0=0, k1=1, k2=0, kinship=0.25; Mendelian errors=0; Section D; Prev publication: Lacombe et al., 2013"
Heben,Montua,,SNP (Vitis18K),SNP,~18000,,Lacombe & Emanuelli et al. 2020,10.3389/fpls.2020.605934,2021,probable,"k0=0, k1=0.96, k2=0.04, kinship=0.26; Mendelian errors=1; Section D; Prev publication: Lacombe et al., 2013"
Heben,Moscatel de Angüés,,SNP (Vitis18K),SNP,~18000,,Lacombe & Emanuelli et al. 2020,10.3389/fpls.2020.605934,2021,probable,"k0=0, k1=0.98, k2=0.02, kinship=0.25; Mendelian errors=0; Section D; Prev publication: Laucou et al., 2018"
Moscatel de Angüés,Heben,,SNP (Vitis18K),SNP,~18000,,Lacombe & Emanuelli et al. 2020,10.3389/fpls.2020.605934,2021,probable,"k0=0, k1=0.98, k2=0.02, kinship=0.25; Mendelian errors=0; Section D; Prev publication: Laucou et al., 2018"
Heben,Nieddu mannu,,SNP (Vitis18K),SNP,~18000,,Lacombe & Emanuelli et al. 2020,10.3389/fpls.2020.605934,2021,probable,"k0=0, k1=0.94, k2=0.06, kinship=0.26; Mendelian errors=0; Section D; Prev publication: Lacombe et al., 2013"
Nieddu mannu,Heben,,SNP (Vitis18K),SNP,~18000,,Lacombe & Emanuelli et al. 2020,10.3389/fpls.2020.605934,2021,probable,"k0=0, k1=0.94, k2=0.06, kinship=0.26; Mendelian errors=0; Section D; Prev publication: Lacombe et al., 2013"
Heben,Parellada,,SNP (Vitis18K),SNP,~18000,,Lacombe & Emanuelli et al. 2020,10.3389/fpls.2020.605934,2021,probable,"k0=0, k1=1, k2=0, kinship=0.25; Mendelian errors=1; Section D; Prev publication: Lacombe et al., 2013"
Parellada,Heben,,SNP (Vitis18K),SNP,~18000,,Lacombe & Emanuelli et al. 2020,10.3389/fpls.2020.605934,2021,probable,"k0=0, k1=1, k2=0, kinship=0.25; Mendelian errors=1; Section D; Prev publication: Lacombe et al., 2013"
Heben,Pedro Ximenez,,SNP (Vitis18K),SNP,~18000,,Lacombe & Emanuelli et al. 2020,10.3389/fpls.2020.605934,2021,probable,"k0=0, k1=0.92, k2=0.08, kinship=0.27; Mendelian errors=0; Section D; Prev publication: Lacombe et al., 2013"
Pedro Ximenez,Heben,,SNP (Vitis18K),SNP,~18000,,Lacombe & Emanuelli et al. 2020,10.3389/fpls.2020.605934,2021,probable,"k0=0, k1=0.92, k2=0.08, kinship=0.27; Mendelian errors=0; Section D; Prev publication: Lacombe et al., 2013"
Heben,Pensal blanca,,SNP (Vitis18K),SNP,~18000,,Lacombe & Emanuelli et al. 2020,10.3389/fpls.2020.605934,2021,probable,"k0=0, k1=0.91, k2=0.09, kinship=0.27; Mendelian errors=0; Section D; Prev publication: Lacombe et al., 2013"
Pensal blanca,Heben,,SNP (Vitis18K),SNP,~18000,,Lacombe & Emanuelli et al. 2020,10.3389/fpls.2020.605934,2021,probable,"k0=0, k1=0.91, k2=0.09, kinship=0.27; Mendelian errors=0; Section D; Prev publication: Lacombe et al., 2013"
Heben,Plant de Ponteilla (Jaubert),,SNP (Vitis18K),SNP,~18000,,Lacombe & Emanuelli et al. 2020,10.3389/fpls.2020.605934,2021,probable,"k0=0, k1=1, k2=0, kinship=0.25; Mendelian errors=0; Section D; Prev publication: Lacombe et al., 2013"
Plant de Ponteilla (Jaubert),Heben,,SNP (Vitis18K),SNP,~18000,,Lacombe & Emanuelli et al. 2020,10.3389/fpls.2020.605934,2021,probable,"k0=0, k1=1, k2=0, kinship=0.25; Mendelian errors=0; Section D; Prev publication: Lacombe et al., 2013"
Heben,Planta fina,,SNP (Vitis18K),SNP,~18000,,Lacombe & Emanuelli et al. 2020,10.3389/fpls.2020.605934,2021,probable,"k0=0, k1=0.87, k2=0.13, kinship=0.28; Mendelian errors=0; Section D; Prev publication: Lacombe et al., 2013"
Planta fina,Heben,,SNP (Vitis18K),SNP,~18000,,Lacombe & Emanuelli et al. 2020,10.3389/fpls.2020.605934,2021,probable,"k0=0, k1=0.87, k2=0.13, kinship=0.28; Mendelian errors=0; Section D; Prev publication: Lacombe et al., 2013"
Heben,Quigat,,SNP (Vitis18K),SNP,~18000,,Lacombe & Emanuelli et al. 2020,10.3389/fpls.2020.605934,2021,probable,"k0=0, k1=0.98, k2=0.02, kinship=0.25; Mendelian errors=0; Section D; Prev publication: Lacombe et al., 2013"
Quigat,Heben,,SNP (Vitis18K),SNP,~18000,,Lacombe & Emanuelli et al. 2020,10.3389/fpls.2020.605934,2021,probable,"k0=0, k1=0.98, k2=0.02, kinship=0.25; Mendelian errors=0; Section D; Prev publication: Lacombe et al., 2013"
Heben,Sabro,,SNP (Vitis18K),SNP,~18000,,Lacombe & Emanuelli et al. 2020,10.3389/fpls.2020.605934,2021,probable,"k0=0, k1=0.95, k2=0.05, kinship=0.26; Mendelian errors=0; Section D; Prev publication: Lacombe et al., 2013"
Sabro,Heben,,SNP (Vitis18K),SNP,~18000,,Lacombe & Emanuelli et al. 2020,10.3389/fpls.2020.605934,2021,probable,"k0=0, k1=0.95, k2=0.05, kinship=0.26; Mendelian errors=0; Section D; Prev publication: Lacombe et al., 2013"
Heben,Sena,,SNP (Vitis18K),SNP,~18000,,Lacombe & Emanuelli et al. 2020,10.3389/fpls.2020.605934,2021,probable,"k0=0, k1=1, k2=0, kinship=0.25; Mendelian errors=1; Section D; Prev publication: Laucou et al., 2018"
Heben,Sumoll,,SNP (Vitis18K),SNP,~18000,,Lacombe & Emanuelli et al. 2020,10.3389/fpls.2020.605934,2021,probable,"k0=0, k1=0.96, k2=0.04, kinship=0.26; Mendelian errors=0; Section D; Prev publication: Lacombe et al., 2013"
Sumoll,Heben,,SNP (Vitis18K),SNP,~18000,,Lacombe & Emanuelli et al. 2020,10.3389/fpls.2020.605934,2021,probable,"k0=0, k1=0.96, k2=0.04, kinship=0.26; Mendelian errors=0; Section D; Prev publication: Lacombe et al., 2013"
Heben,Tarragoni,,SNP (Vitis18K),SNP,~18000,,Lacombe & Emanuelli et al. 2020,10.3389/fpls.2020.605934,2021,probable,"k0=0, k1=0.93, k2=0.07, kinship=0.27; Mendelian errors=0; Section D; Prev publication: Lacombe et al., 2013"
Tarragoni,Heben,,SNP (Vitis18K),SNP,~18000,,Lacombe & Emanuelli et al. 2020,10.3389/fpls.2020.605934,2021,probable,"k0=0, k1=0.93, k2=0.07, kinship=0.27; Mendelian errors=0; Section D; Prev publication: Lacombe et al., 2013"
Heben,Torbato,,SNP (Vitis18K),SNP,~18000,,Lacombe & Emanuelli et al. 2020,10.3389/fpls.2020.605934,2021,probable,"k0=0, k1=1, k2=0, kinship=0.25; Mendelian errors=0; Section D; Prev publication: Lacombe et al., 2013"
Torbato,Heben,,SNP (Vitis18K),SNP,~18000,,Lacombe & Emanuelli et al. 2020,10.3389/fpls.2020.605934,2021,probable,"k0=0, k1=1, k2=0, kinship=0.25; Mendelian errors=0; Section D; Prev publication: Lacombe et al., 2013"
Heben,Torralba,,SNP (Vitis18K),SNP,~18000,,Lacombe & Emanuelli et al. 2020,10.3389/fpls.2020.605934,2021,probable,"k0=0, k1=0.88, k2=0.12, kinship=0.28; Mendelian errors=0; Section D; Prev publication: Laucou et al., 2018"
Heben,Trepat,,SNP (Vitis18K),SNP,~18000,,Lacombe & Emanuelli et al. 2020,10.3389/fpls.2020.605934,2021,probable,"k0=0, k1=0.98, k2=0.02, kinship=0.26; Mendelian errors=0; Section D; Prev publication: Lacombe et al., 2013"
Trepat,Heben,,SNP (Vitis18K),SNP,~18000,,Lacombe & Emanuelli et al. 2020,10.3389/fpls.2020.605934,2021,probable,"k0=0, k1=0.98, k2=0.02, kinship=0.26; Mendelian errors=0; Section D; Prev publication: Lacombe et al., 2013"
Heben,Trincadeira das pratas,,SNP (Vitis18K),SNP,~18000,,Lacombe & Emanuelli et al. 2020,10.3389/fpls.2020.605934,2021,probable,"k0=0, k1=1, k2=0, kinship=0.25; Mendelian errors=1; Section D; Prev publication: Laucou et al., 2018"
Heben,Verdejo de Salamanca,,SNP (Vitis18K),SNP,~18000,,Lacombe & Emanuelli et al. 2020,10.3389/fpls.2020.605934,2021,probable,"k0=0, k1=0.77, k2=0.22, kinship=0.31; Mendelian errors=1; Section D; Prev publication: Laucou et al., 2018"
Heben,Verdil,,SNP (Vitis18K),SNP,~18000,,Lacombe & Emanuelli et al. 2020,10.3389/fpls.2020.605934,2021,probable,"k0=0, k1=0.98, k2=0.02, kinship=0.25; Mendelian errors=1; Section D; Prev publication: Laucou et al., 2018"
Verdil,Heben,,SNP (Vitis18K),SNP,~18000,,Lacombe & Emanuelli et al. 2020,10.3389/fpls.2020.605934,2021,probable,"k0=0, k1=0.98, k2=0.02, kinship=0.25; Mendelian errors=1; Section D; Prev publication: Laucou et al., 2018"
Heben,Vijariego blanco,,SNP (Vitis18K),SNP,~18000,,Lacombe & Emanuelli et al. 2020,10.3389/fpls.2020.605934,2021,probable,"k0=0, k1=0.95, k2=0.05, kinship=0.26; Mendelian errors=0; Section D; Prev publication: Lacombe et al., 2013"
Vijariego blanco,Heben,,SNP (Vitis18K),SNP,~18000,,Lacombe & Emanuelli et al. 2020,10.3389/fpls.2020.605934,2021,probable,"k0=0, k1=0.95, k2=0.05, kinship=0.26; Mendelian errors=0; Section D; Prev publication: Lacombe et al., 2013"
Heben,Viura,,SNP (Vitis18K),SNP,~18000,,Lacombe & Emanuelli et al. 2020,10.3389/fpls.2020.605934,2021,probable,"k0=0, k1=0.98, k2=0.02, kinship=0.26; Mendelian errors=0; Section D; Prev publication: Lacombe et al., 2013"
Viura,Heben,,SNP (Vitis18K),SNP,~18000,,Lacombe & Emanuelli et al. 2020,10.3389/fpls.2020.605934,2021,probable,"k0=0, k1=0.98, k2=0.02, kinship=0.26; Mendelian errors=0; Section D; Prev publication: Lacombe et al., 2013"
Heben,Xarello,,SNP (Vitis18K),SNP,~18000,,Lacombe & Emanuelli et al. 2020,10.3389/fpls.2020.605934,2021,probable,"k0=0, k1=0.96, k2=0.04, kinship=0.26; Mendelian errors=0; Section D; Prev publication: Lacombe et al., 2013"
Xarello,Heben,,SNP (Vitis18K),SNP,~18000,,Lacombe & Emanuelli et al. 2020,10.3389/fpls.2020.605934,2021,probable,"k0=0, k1=0.96, k2=0.04, kinship=0.26; Mendelian errors=0; Section D; Prev publication: Lacombe et al., 2013"
Heben,Zalema,,SNP (Vitis18K),SNP,~18000,,Lacombe & Emanuelli et al. 2020,10.3389/fpls.2020.605934,2021,probable,"k0=0, k1=0.91, k2=0.09, kinship=0.27; Mendelian errors=0; Section D; Prev publication: Lacombe et al., 2013"
Zalema,Heben,,SNP (Vitis18K),SNP,~18000,,Lacombe & Emanuelli et al. 2020,10.3389/fpls.2020.605934,2021,probable,"k0=0, k1=0.91, k2=0.09, kinship=0.27; Mendelian errors=0; Section D; Prev publication: Lacombe et al., 2013"
Henab turki,Hunisa,,SNP (Vitis18K),SNP,~18000,,Lacombe & Emanuelli et al. 2020,10.3389/fpls.2020.605934,2021,probable,"k0=0, k1=0.83, k2=0.17, kinship=0.29; Mendelian errors=0; Section D; Prev publication: Lacombe et al., 2013"
Hunisa,Henab turki,,SNP (Vitis18K),SNP,~18000,,Lacombe & Emanuelli et al. 2020,10.3389/fpls.2020.605934,2021,probable,"k0=0, k1=0.83, k2=0.17, kinship=0.29; Mendelian errors=0; Section D; Prev publication: Lacombe et al., 2013"
Heptakilo,Lacrima di Maria,,SNP (Vitis18K),SNP,~18000,,Lacombe & Emanuelli et al. 2020,10.3389/fpls.2020.605934,2021,probable,"k0=0, k1=0.97, k2=0.03, kinship=0.26; Mendelian errors=1; Section D; Prev publication: Lacombe et al., 2013; De Lorenzis et al., 2019"
Heptakilo,Planta nova,,SNP (Vitis18K),SNP,~18000,,Lacombe & Emanuelli et al. 2020,10.3389/fpls.2020.605934,2021,probable,"k0=0.01, k1=0.91, k2=0.09, kinship=0.27; Mendelian errors=2; Section D; Prev publication: Lacombe et al., 2013"
Heptakilo,Rassegui,,SNP (Vitis18K),SNP,~18000,,Lacombe & Emanuelli et al. 2020,10.3389/fpls.2020.605934,2021,probable,"k0=0, k1=0.98, k2=0.02, kinship=0.26; Mendelian errors=0; Section D; Prev publication: Lacombe et al., 2013"
Heptakilo,Turki,,SNP (Vitis18K),SNP,~18000,,Lacombe & Emanuelli et al. 2020,10.3389/fpls.2020.605934,2021,probable,"k0=0.01, k1=0.9, k2=0.09, kinship=0.27; Mendelian errors=2; Section D; Prev publication: Lacombe et al., 2013"
Turki,Heptakilo,,SNP (Vitis18K),SNP,~18000,,Lacombe & Emanuelli et al. 2020,10.3389/fpls.2020.605934,2021,probable,"k0=0.01, k1=0.9, k2=0.09, kinship=0.27; Mendelian errors=2; Section D; Prev publication: Lacombe et al., 2013"
Heptakilo,Zibibbo (Moscato d'Alessandria),,SNP (Vitis18K),SNP,~18000,,Lacombe & Emanuelli et al. 2020,10.3389/fpls.2020.605934,2021,probable,"k0=0.01, k1=0.94, k2=0.06, kinship=0.26; Mendelian errors=3; Section D; Prev publication: Lacombe et al., 2013"
Portugais bleu,Heroldrebe,,SNP (Vitis18K),SNP,~18000,,Lacombe & Emanuelli et al. 2020,10.3389/fpls.2020.605934,2021,probable,"k0=0, k1=1, k2=0, kinship=0.25; Mendelian errors=2; Section D; Prev publication: Lacombe et al., 2013"
Heunisch Weiss,Heunish rotgestreift,,SNP (Vitis18K),SNP,~18000,,Lacombe & Emanuelli et al. 2020,10.3389/fpls.2020.605934,2021,probable,"k0=0.01, k1=0.93, k2=0.06, kinship=0.26; Mendelian errors=2; Section D; Prev publication: Laucou et al., 2018"
Heunish rotgestreift,Heunisch Weiss,,SNP (Vitis18K),SNP,~18000,,Lacombe & Emanuelli et al. 2020,10.3389/fpls.2020.605934,2021,probable,"k0=0.01, k1=0.93, k2=0.06, kinship=0.26; Mendelian errors=2; Section D; Prev publication: Laucou et al., 2018"
Heunisch Weiss,Iordan,,SNP (Vitis18K),SNP,~18000,,Lacombe & Emanuelli et al. 2020,10.3389/fpls.2020.605934,2021,probable,"k0=0, k1=0.92, k2=0.08, kinship=0.27; Mendelian errors=1; Section D; Prev publication: Lacombe et al., 2013"
Iordan,Heunisch Weiss,,SNP (Vitis18K),SNP,~18000,,Lacombe & Emanuelli et al. 2020,10.3389/fpls.2020.605934,2021,probable,"k0=0, k1=0.92, k2=0.08, kinship=0.27; Mendelian errors=1; Section D; Prev publication: Lacombe et al., 2013"
Heunisch Weiss,Kosinjot,,SNP (Vitis18K),SNP,~18000,,Lacombe & Emanuelli et al. 2020,10.3389/fpls.2020.605934,2021,probable,"k0=0, k1=0.92, k2=0.07, kinship=0.27; Mendelian errors=1; Section D; Prev publication: Maul et al., 2015"
Kosinjot,Heunisch Weiss,,SNP (Vitis18K),SNP,~18000,,Lacombe & Emanuelli et al. 2020,10.3389/fpls.2020.605934,2021,probable,"k0=0, k1=0.92, k2=0.07, kinship=0.27; Mendelian errors=1; Section D; Prev publication: Maul et al., 2015"
Heunisch Weiss,Meslier Saint-Francois,,SNP (Vitis18K),SNP,~18000,,Lacombe & Emanuelli et al. 2020,10.3389/fpls.2020.605934,2021,probable,"k0=0, k1=1, k2=0, kinship=0.25; Mendelian errors=1; Section D; Prev publication: Lacombe et al., 2013"
Heunisch Weiss,Ribolla gialla,,SNP (Vitis18K),SNP,~18000,,Lacombe & Emanuelli et al. 2020,10.3389/fpls.2020.605934,2021,probable,"k0=0, k1=1, k2=0, kinship=0.25; Mendelian errors=1; Section D; Prev publication: Lacombe et al., 2013"
Ribolla gialla,Heunisch Weiss,,SNP (Vitis18K),SNP,~18000,,Lacombe & Emanuelli et al. 2020,10.3389/fpls.2020.605934,2021,probable,"k0=0, k1=1, k2=0, kinship=0.25; Mendelian errors=1; Section D; Prev publication: Lacombe et al., 2013"
Heunisch Weiss,Riesling,,SNP (Vitis18K),SNP,~18000,,Lacombe & Emanuelli et al. 2020,10.3389/fpls.2020.605934,2021,probable,"k0=0, k1=1, k2=0, kinship=0.25; Mendelian errors=2; Section D; Prev publication: Regner et al., 1998"
Riesling,Heunisch Weiss,,SNP (Vitis18K),SNP,~18000,,Lacombe & Emanuelli et al. 2020,10.3389/fpls.2020.605934,2021,probable,"k0=0, k1=1, k2=0, kinship=0.25; Mendelian errors=2; Section D; Prev publication: Regner et al., 1998"
Heunisch Weiss,Roublot,,SNP (Vitis18K),SNP,~18000,,Lacombe & Emanuelli et al. 2020,10.3389/fpls.2020.605934,2021,probable,"k0=0, k1=1, k2=0, kinship=0.25; Mendelian errors=2; Section D; Prev publication: Lacombe et al., 2013"
Heunisch Weiss,Schiava (Rossara),,SNP (Vitis18K),SNP,~18000,,Lacombe & Emanuelli et al. 2020,10.3389/fpls.2020.605934,2021,probable,"k0=0, k1=0.99, k2=0, kinship=0.25; Mendelian errors=1; Section D; Prev publication: Lacombe et al., 2013"
Schiava (Rossara),Heunisch Weiss,,SNP (Vitis18K),SNP,~18000,,Lacombe & Emanuelli et al. 2020,10.3389/fpls.2020.605934,2021,probable,"k0=0, k1=0.99, k2=0, kinship=0.25; Mendelian errors=1; Section D; Prev publication: Lacombe et al., 2013"
Heunisch Weiss,Tauberschwarz,,SNP (Vitis18K),SNP,~18000,,Lacombe & Emanuelli et al. 2020,10.3389/fpls.2020.605934,2021,probable,"k0=0, k1=1, k2=0, kinship=0.25; Mendelian errors=0; Section D; Prev publication: Laucou et al., 2018"
Tauberschwarz,Heunisch Weiss,,SNP (Vitis18K),SNP,~18000,,Lacombe & Emanuelli et al. 2020,10.3389/fpls.2020.605934,2021,probable,"k0=0, k1=1, k2=0, kinship=0.25; Mendelian errors=0; Section D; Prev publication: Laucou et al., 2018"
Heunisch Weiss,Wildbacher spätblau,,SNP (Vitis18K),SNP,~18000,,Lacombe & Emanuelli et al. 2020,10.3389/fpls.2020.605934,2021,probable,"k0=0, k1=1, k2=0, kinship=0.25; Mendelian errors=1; Section D; Prev publication: Lacombe et al., 2013"
Wildbacher spätblau,Heunisch Weiss,,SNP (Vitis18K),SNP,~18000,,Lacombe & Emanuelli et al. 2020,10.3389/fpls.2020.605934,2021,probable,"k0=0, k1=1, k2=0, kinship=0.25; Mendelian errors=1; Section D; Prev publication: Lacombe et al., 2013"
Heunisch Weiss,Xinogaltso Kozanis,,SNP (Vitis18K),SNP,~18000,,Lacombe & Emanuelli et al. 2020,10.3389/fpls.2020.605934,2021,probable,"k0=0.01, k1=0.93, k2=0.07, kinship=0.27; Mendelian errors=2; Section D; Prev publication: Lacombe et al., 2013"
Xinogaltso Kozanis,Heunisch Weiss,,SNP (Vitis18K),SNP,~18000,,Lacombe & Emanuelli et al. 2020,10.3389/fpls.2020.605934,2021,probable,"k0=0.01, k1=0.93, k2=0.07, kinship=0.27; Mendelian errors=2; Section D; Prev publication: Lacombe et al., 2013"
Heunisch Weiss,Xinomavro,,SNP (Vitis18K),SNP,~18000,,Lacombe & Emanuelli et al. 2020,10.3389/fpls.2020.605934,2021,probable,"k0=0.01, k1=0.91, k2=0.09, kinship=0.27; Mendelian errors=3; Section D; Prev publication: Laucou et al., 2018"
Xinomavro,Heunisch Weiss,,SNP (Vitis18K),SNP,~18000,,Lacombe & Emanuelli et al. 2020,10.3389/fpls.2020.605934,2021,probable,"k0=0.01, k1=0.91, k2=0.09, kinship=0.27; Mendelian errors=3; Section D; Prev publication: Laucou et al., 2018"
Khusaine belyi,Houssein krasnyi,,SNP (Vitis18K),SNP,~18000,,Lacombe & Emanuelli et al. 2020,10.3389/fpls.2020.605934,2021,probable,"k0=0, k1=0.77, k2=0.22, kinship=0.31; Mendelian errors=2; Section D; Prev publication: Lacombe et al., 2013"
Negru mare (Charas),Houssein krasnyi,,SNP (Vitis18K),SNP,~18000,,Lacombe & Emanuelli et al. 2020,10.3389/fpls.2020.605934,2021,probable,"k0=0, k1=0.87, k2=0.13, kinship=0.28; Mendelian errors=0; Section D; Prev publication: Lacombe et al., 2013"
Humagne blanc,Olber,,SNP (Vitis18K),SNP,~18000,,Lacombe & Emanuelli et al. 2020,10.3389/fpls.2020.605934,2021,probable,"k0=0, k1=1, k2=0, kinship=0.25; Mendelian errors=1; Section D; Prev publication: Lacombe et al., 2013"
Olber,Humagne blanc,,SNP (Vitis18K),SNP,~18000,,Lacombe & Emanuelli et al. 2020,10.3389/fpls.2020.605934,2021,probable,"k0=0, k1=1, k2=0, kinship=0.25; Mendelian errors=1; Section D; Prev publication: Lacombe et al., 2013"
Humagne blanc,Wildbacher de Hongrie (Collection Ravaz),,SNP (Vitis18K),SNP,~18000,,Lacombe & Emanuelli et al. 2020,10.3389/fpls.2020.605934,2021,probable,"k0=0, k1=1, k2=0, kinship=0.25; Mendelian errors=1; Section D; Prev publication: Lacombe et al., 2013"
Wildbacher de Hongrie (Collection Ravaz),Humagne blanc,,SNP (Vitis18K),SNP,~18000,,Lacombe & Emanuelli et al. 2020,10.3389/fpls.2020.605934,2021,probable,"k0=0, k1=1, k2=0, kinship=0.25; Mendelian errors=1; Section D; Prev publication: Lacombe et al., 2013"
Quagliano (Bouteillan),Impigno b.,,SNP (Vitis18K),SNP,~18000,,Lacombe & Emanuelli et al. 2020,10.3389/fpls.2020.605934,2021,probable,"k0=0, k1=1, k2=0, kinship=0.25; Mendelian errors=3; Section D; Prev publication: Bergamini et al., 2016"
Savagnin,Incrocio Manzoni 2-3,,SNP (Vitis18K),SNP,~18000,,Lacombe & Emanuelli et al. 2020,10.3389/fpls.2020.605934,2021,probable,"k0=0, k1=1, k2=0, kinship=0.25; Mendelian errors=0; Section D; Prev publication: confirmation of breeder's data by Grando and Frisighelli, 1998"
Trebbiano toscano,Incrocio Manzoni 2-3,,SNP (Vitis18K),SNP,~18000,,Lacombe & Emanuelli et al. 2020,10.3389/fpls.2020.605934,2021,probable,"k0=0, k1=1, k2=0, kinship=0.25; Mendelian errors=1; Section D; Prev publication: confirmation of breeder's data by Grando and Frisighelli, 1998"
INCROCIO TERZI N.1,Merlot,,SNP (Vitis18K),SNP,~18000,,Lacombe & Emanuelli et al. 2020,10.3389/fpls.2020.605934,2021,probable,"k0=0, k1=0.99, k2=0.01, kinship=0.25; Mendelian errors=0; Section D; Prev publication: confirmation of breeder's data by Cipriani et al., 2010"
Merlot,INCROCIO TERZI N.1,,SNP (Vitis18K),SNP,~18000,,Lacombe & Emanuelli et al. 2020,10.3389/fpls.2020.605934,2021,probable,"k0=0, k1=0.99, k2=0.01, kinship=0.25; Mendelian errors=0; Section D; Prev publication: confirmation of breeder's data by Cipriani et al., 2010"
Ingram's Muscat,Muscat Ottonel,,SNP (Vitis18K),SNP,~18000,,Lacombe & Emanuelli et al. 2020,10.3389/fpls.2020.605934,2021,probable,"k0=0, k1=1, k2=0, kinship=0.25; Mendelian errors=3; Section D; Prev publication: confirmation of breeder's data Lacombe et al., 2013"
Muscat Ottonel,Ingram's Muscat,,SNP (Vitis18K),SNP,~18000,,Lacombe & Emanuelli et al. 2020,10.3389/fpls.2020.605934,2021,probable,"k0=0, k1=1, k2=0, kinship=0.25; Mendelian errors=3; Section D; Prev publication: confirmation of breeder's data Lacombe et al., 2013"
Pozsonyi,Irsay Oliver,,SNP (Vitis18K),SNP,~18000,,Lacombe & Emanuelli et al. 2020,10.3389/fpls.2020.605934,2021,probable,"k0=0, k1=1, k2=0, kinship=0.25; Mendelian errors=0; Section D; Prev publication: confirmation of breeder's data by Kiss et al., 2005"
Italia,Matilde,,SNP (Vitis18K),SNP,~18000,,Lacombe & Emanuelli et al. 2020,10.3389/fpls.2020.605934,2021,probable,"k0=0, k1=0.84, k2=0.16, kinship=0.29; Mendelian errors=1; Section D; Prev publication: Lacombe et al., 2013"
Italia,Mireille,,SNP (Vitis18K),SNP,~18000,,Lacombe & Emanuelli et al. 2020,10.3389/fpls.2020.605934,2021,probable,"k0=0, k1=0.94, k2=0.05, kinship=0.26; Mendelian errors=1; Section D; Prev publication: Lacombe et al., 2013"
Moscato d'Amburgo,Italia,,SNP (Vitis18K),SNP,~18000,,Lacombe & Emanuelli et al. 2020,10.3389/fpls.2020.605934,2021,probable,"k0=0, k1=0.96, k2=0.04, kinship=0.26; Mendelian errors=0; Section D; Prev publication: confirmation of breeder's data by Ibáñez et al., 2009"
Riesling italico,Italica,,SNP (Vitis18K),SNP,~18000,,Lacombe & Emanuelli et al. 2020,10.3389/fpls.2020.605934,2021,probable,"k0=0, k1=1, k2=0, kinship=0.25; Mendelian errors=2; Section D; Prev publication: confirmation of breeder's data by Cipriani et al., 2010"
Verdiso,Italica,,SNP (Vitis18K),SNP,~18000,,Lacombe & Emanuelli et al. 2020,10.3389/fpls.2020.605934,2021,probable,"k0=0, k1=0.92, k2=0.08, kinship=0.27; Mendelian errors=0; Section D; Prev publication: confirmation of breeder's data by Cipriani et al., 2010"
Muscat reine des vignes,Ithaki,,SNP (Vitis18K),SNP,~18000,,Lacombe & Emanuelli et al. 2020,10.3389/fpls.2020.605934,2021,probable,"k0=0, k1=0.9, k2=0.1, kinship=0.27; Mendelian errors=1; Section D; Prev publication: Lacombe et al., 2013"
Iusana,Strinto porcino,,SNP (Vitis18K),SNP,~18000,,Lacombe & Emanuelli et al. 2020,10.3389/fpls.2020.605934,2021,probable,"k0=0, k1=0.95, k2=0.05, kinship=0.26; Mendelian errors=0; Section D; Prev publication: De Lorenzis et al., 2019"
Strinto porcino,Iusana,,SNP (Vitis18K),SNP,~18000,,Lacombe & Emanuelli et al. 2020,10.3389/fpls.2020.605934,2021,probable,"k0=0, k1=0.95, k2=0.05, kinship=0.26; Mendelian errors=0; Section D; Prev publication: De Lorenzis et al., 2019"
Iusana,Visparola,,SNP (Vitis18K),SNP,~18000,,Lacombe & Emanuelli et al. 2020,10.3389/fpls.2020.605934,2021,probable,"k0=0, k1=1, k2=0, kinship=0.25; Mendelian errors=0; Section D; Prev publication: De Lorenzis et al., 2019"
Visparola,Iusana,,SNP (Vitis18K),SNP,~18000,,Lacombe & Emanuelli et al. 2020,10.3389/fpls.2020.605934,2021,probable,"k0=0, k1=1, k2=0, kinship=0.25; Mendelian errors=0; Section D; Prev publication: De Lorenzis et al., 2019"
Izsaki sarfeher,Urmi dinka,,SNP (Vitis18K),SNP,~18000,,Lacombe & Emanuelli et al. 2020,10.3389/fpls.2020.605934,2021,probable,"k0=0, k1=0.87, k2=0.13, kinship=0.28; Mendelian errors=0; Section D; Prev publication: Lacombe et al., 2013"
Heunisch Weiss,Javor weiss,,SNP (Vitis18K),SNP,~18000,,Lacombe & Emanuelli et al. 2020,10.3389/fpls.2020.605934,2021,probable,"k0=0.01, k1=0.99, k2=0, kinship=0.25; Mendelian errors=2; Section D; Prev publication: Lacombe et al., 2013"
Joubertin,Persan,,SNP (Vitis18K),SNP,~18000,,Lacombe & Emanuelli et al. 2020,10.3389/fpls.2020.605934,2021,probable,"k0=0, k1=0.83, k2=0.17, kinship=0.29; Mendelian errors=0; Section D; Prev publication: Lacombe et al., 2013"
Persan,Joubertin,,SNP (Vitis18K),SNP,~18000,,Lacombe & Emanuelli et al. 2020,10.3389/fpls.2020.605934,2021,probable,"k0=0, k1=0.83, k2=0.17, kinship=0.29; Mendelian errors=0; Section D; Prev publication: Lacombe et al., 2013"
Kadarka kek,Papaskarasi,,SNP (Vitis18K),SNP,~18000,,Lacombe & Emanuelli et al. 2020,10.3389/fpls.2020.605934,2021,probable,"k0=0, k1=0.88, k2=0.11, kinship=0.28; Mendelian errors=1; Section D; Prev publication: Lacombe et al., 2013"
Papaskarasi,Kadarka kek,,SNP (Vitis18K),SNP,~18000,,Lacombe & Emanuelli et al. 2020,10.3389/fpls.2020.605934,2021,probable,"k0=0, k1=0.88, k2=0.11, kinship=0.28; Mendelian errors=1; Section D; Prev publication: Lacombe et al., 2013"
Kadarka kek,Totika,,SNP (Vitis18K),SNP,~18000,,Lacombe & Emanuelli et al. 2020,10.3389/fpls.2020.605934,2021,probable,"k0=0, k1=0.77, k2=0.23, kinship=0.31; Mendelian errors=0; Section D; Prev publication: Lacombe et al., 2013"
Kadarka kek,Urmi dinka,,SNP (Vitis18K),SNP,~18000,,Lacombe & Emanuelli et al. 2020,10.3389/fpls.2020.605934,2021,probable,"k0=0, k1=0.91, k2=0.08, kinship=0.27; Mendelian errors=1; Section D; Prev publication: Lacombe et al., 2013"
Müller Thurgau,Kanzler,,SNP (Vitis18K),SNP,~18000,,Lacombe & Emanuelli et al. 2020,10.3389/fpls.2020.605934,2021,probable,"k0=0, k1=0.93, k2=0.07, kinship=0.27; Mendelian errors=0; Section D; Prev publication: Lacombe et al., 2013"
Sylvaner verde,Kanzler,,SNP (Vitis18K),SNP,~18000,,Lacombe & Emanuelli et al. 2020,10.3389/fpls.2020.605934,2021,probable,"k0=0, k1=0.9, k2=0.1, kinship=0.27; Mendelian errors=0; Section D; Prev publication: Lacombe et al., 2013"
Katsakoulias,Kotsifali,,SNP (Vitis18K),SNP,~18000,,Lacombe & Emanuelli et al. 2020,10.3389/fpls.2020.605934,2021,probable,"k0=0, k1=0.98, k2=0.02, kinship=0.26; Mendelian errors=0; Section D; Prev publication: Lacombe et al., 2013"
Kotsifali,Katsakoulias,,SNP (Vitis18K),SNP,~18000,,Lacombe & Emanuelli et al. 2020,10.3389/fpls.2020.605934,2021,probable,"k0=0, k1=0.98, k2=0.02, kinship=0.26; Mendelian errors=0; Section D; Prev publication: Lacombe et al., 2013"
Katta-kourgan,Muskat Uzbekinstanskii,,SNP (Vitis18K),SNP,~18000,,Lacombe & Emanuelli et al. 2020,10.3389/fpls.2020.605934,2021,probable,"k0=0, k1=0.85, k2=0.15, kinship=0.29; Mendelian errors=0; Section D; Prev publication: Lacombe et al., 2013"
Keknyelu,Vulpea,,SNP (Vitis18K),SNP,~18000,,Lacombe & Emanuelli et al. 2020,10.3389/fpls.2020.605934,2021,probable,"k0=0, k1=1, k2=0, kinship=0.25; Mendelian errors=0; Section D; Prev publication: Lacombe et al., 2013"
Vulpea,Keknyelu,,SNP (Vitis18K),SNP,~18000,,Lacombe & Emanuelli et al. 2020,10.3389/fpls.2020.605934,2021,probable,"k0=0, k1=1, k2=0, kinship=0.25; Mendelian errors=0; Section D; Prev publication: Lacombe et al., 2013"
Riesling,Kerner,,SNP (Vitis18K),SNP,~18000,,Lacombe & Emanuelli et al. 2020,10.3389/fpls.2020.605934,2021,probable,"k0=0, k1=1, k2=0, kinship=0.25; Mendelian errors=0; Section D; Prev publication: confirmation of breeder's data by Grando and Frisinghelli 1998"
Schiava grossa,Kerner,,SNP (Vitis18K),SNP,~18000,,Lacombe & Emanuelli et al. 2020,10.3389/fpls.2020.605934,2021,probable,"k0=0, k1=1, k2=0, kinship=0.25; Mendelian errors=0; Section D; Prev publication: confirmation of breeder's data by Grando and Frisinghelli 1998"
Khalili belyi,Shtur angur,,SNP (Vitis18K),SNP,~18000,,Lacombe & Emanuelli et al. 2020,10.3389/fpls.2020.605934,2021,probable,"k0=0, k1=0.83, k2=0.17, kinship=0.29; Mendelian errors=1; Section D; Prev publication: Laucou et al., 2018"
Shtur angur,Khalili belyi,,SNP (Vitis18K),SNP,~18000,,Lacombe & Emanuelli et al. 2020,10.3389/fpls.2020.605934,2021,probable,"k0=0, k1=0.83, k2=0.17, kinship=0.29; Mendelian errors=1; Section D; Prev publication: Laucou et al., 2018"
Khusaine belyi,Yakdona kizil,,SNP (Vitis18K),SNP,~18000,,Lacombe & Emanuelli et al. 2020,10.3389/fpls.2020.605934,2021,probable,"k0=0, k1=0.9, k2=0.1, kinship=0.27; Mendelian errors=0; Section D; Prev publication: Lacombe et al., 2013"
Kichmich tcherni,Rannii Vira,,SNP (Vitis18K),SNP,~18000,,Lacombe & Emanuelli et al. 2020,10.3389/fpls.2020.605934,2021,probable,"k0=0.01, k1=0.91, k2=0.08, kinship=0.27; Mendelian errors=2; Section D; Prev publication: confirmation of breeder's data by Lacombe et al., 2013 (Kishmish chernyi)"
Kichmich tcherni,Sultanina,,SNP (Vitis18K),SNP,~18000,,Lacombe & Emanuelli et al. 2020,10.3389/fpls.2020.605934,2021,probable,"k0=0.01, k1=0.86, k2=0.14, kinship=0.28; Mendelian errors=3; Section D; Prev publication: Lacombe et al., 2013 (Kishmish chernyi)"
Sultanina,Kichmich tcherni,,SNP (Vitis18K),SNP,~18000,,Lacombe & Emanuelli et al. 2020,10.3389/fpls.2020.605934,2021,probable,"k0=0.01, k1=0.86, k2=0.14, kinship=0.28; Mendelian errors=3; Section D; Prev publication: Lacombe et al., 2013 (Kishmish chernyi)"
Korinthiaki,Dimrit kara,,SNP (Vitis18K),SNP,~18000,,Lacombe & Emanuelli et al. 2020,10.3389/fpls.2020.605934,2021,probable,"k0=0.01, k1=0.88, k2=0.11, kinship=0.28; Mendelian errors=2; Section D; Prev publication: Lacombe et al., 2013"
Dimrit kara,Korinthiaki,,SNP (Vitis18K),SNP,~18000,,Lacombe & Emanuelli et al. 2020,10.3389/fpls.2020.605934,2021,probable,"k0=0.01, k1=0.88, k2=0.11, kinship=0.28; Mendelian errors=2; Section D; Prev publication: Lacombe et al., 2013"
Korinthiaki,Liatiko,,SNP (Vitis18K),SNP,~18000,,Lacombe & Emanuelli et al. 2020,10.3389/fpls.2020.605934,2021,probable,"k0=0.01, k1=0.89, k2=0.11, kinship=0.28; Mendelian errors=2; Section D; Prev publication: Lacombe et al., 2013"
Liatiko,Korinthiaki,,SNP (Vitis18K),SNP,~18000,,Lacombe & Emanuelli et al. 2020,10.3389/fpls.2020.605934,2021,probable,"k0=0.01, k1=0.89, k2=0.11, kinship=0.28; Mendelian errors=2; Section D; Prev publication: Lacombe et al., 2013"
Korinthiaki,Stephidampelos,,SNP (Vitis18K),SNP,~18000,,Lacombe & Emanuelli et al. 2020,10.3389/fpls.2020.605934,2021,probable,"k0=0.01, k1=0.92, k2=0.08, kinship=0.27; Mendelian errors=3; Section D; Prev publication: Lacombe et al., 2013"
Stephidampelos,Korinthiaki,,SNP (Vitis18K),SNP,~18000,,Lacombe & Emanuelli et al. 2020,10.3389/fpls.2020.605934,2021,probable,"k0=0.01, k1=0.92, k2=0.08, kinship=0.27; Mendelian errors=3; Section D; Prev publication: Lacombe et al., 2013"
Ladikino,Romeiko,,SNP (Vitis18K),SNP,~18000,,Lacombe & Emanuelli et al. 2020,10.3389/fpls.2020.605934,2021,probable,"k0=0, k1=0.87, k2=0.13, kinship=0.28; Mendelian errors=0; Section D; Prev publication: Lacombe et al., 2013"
Lado,Savagnin,,SNP (Vitis18K),SNP,~18000,,Lacombe & Emanuelli et al. 2020,10.3389/fpls.2020.605934,2021,probable,"k0=0, k1=1, k2=0, kinship=0.25; Mendelian errors=0; Section D; Prev publication: Laucou et al., 2018"
Savagnin,Lado,,SNP (Vitis18K),SNP,~18000,,Lacombe & Emanuelli et al. 2020,10.3389/fpls.2020.605934,2021,probable,"k0=0, k1=1, k2=0, kinship=0.25; Mendelian errors=0; Section D; Prev publication: Laucou et al., 2018"
Schiava gentile,Lagrein,,SNP (Vitis18K),SNP,~18000,,Lacombe & Emanuelli et al. 2020,10.3389/fpls.2020.605934,2021,probable,"k0=0, k1=0.99, k2=0.01, kinship=0.25; Mendelian errors=0; Section D; Prev publication: Cipriani et al., 2010"
Teroldego,Lagrein,,SNP (Vitis18K),SNP,~18000,,Lacombe & Emanuelli et al. 2020,10.3389/fpls.2020.605934,2021,probable,"k0=0, k1=0.96, k2=0.04, kinship=0.26; Mendelian errors=0; Section D; Prev publication: Cipriani et al., 2010"
Lambrusca di Alessandria,Malvasia di Casorzo,,SNP (Vitis18K),SNP,~18000,,Lacombe & Emanuelli et al. 2020,10.3389/fpls.2020.605934,2021,probable,"k0=0, k1=0.98, k2=0.02, kinship=0.25; Mendelian errors=1; Section D; Prev publication: Ruffa et al., 2016"
Lambrusca di Alessandria,Neretto di Marengo,,SNP (Vitis18K),SNP,~18000,,Lacombe & Emanuelli et al. 2020,10.3389/fpls.2020.605934,2021,probable,"k0=0, k1=1, k2=0, kinship=0.25; Mendelian errors=1; Section D; Prev publication: Ruffa et al., 2016"
Neretto di Marengo,Lambrusca di Alessandria,,SNP (Vitis18K),SNP,~18000,,Lacombe & Emanuelli et al. 2020,10.3389/fpls.2020.605934,2021,probable,"k0=0, k1=1, k2=0, kinship=0.25; Mendelian errors=1; Section D; Prev publication: Ruffa et al., 2016"
Lambrusco di Fiorano,Orsolina,,SNP (Vitis18K),SNP,~18000,,Lacombe & Emanuelli et al. 2020,10.3389/fpls.2020.605934,2021,probable,"k0=0, k1=1, k2=0, kinship=0.25; Mendelian errors=2; Section D; Prev publication: Raimondi et al. 2020 (Lambrusco di Fiorano=Lambrusco del pellegrino and Orsolina=Coccalona nera)"
Orsolina,Lambrusco di Fiorano,,SNP (Vitis18K),SNP,~18000,,Lacombe & Emanuelli et al. 2020,10.3389/fpls.2020.605934,2021,probable,"k0=0, k1=1, k2=0, kinship=0.25; Mendelian errors=2; Section D; Prev publication: Raimondi et al. 2020 (Lambrusco di Fiorano=Lambrusco del pellegrino and Orsolina=Coccalona nera)"
Lambrusco Montericco,Uva Tosca,,SNP (Vitis18K),SNP,~18000,,Lacombe & Emanuelli et al. 2020,10.3389/fpls.2020.605934,2021,probable,"k0=0, k1=0.98, k2=0.02, kinship=0.25; Mendelian errors=1; Section D; Prev publication: Boccacci et al., 2005"
Uva Tosca,Lambrusco Montericco,,SNP (Vitis18K),SNP,~18000,,Lacombe & Emanuelli et al. 2020,10.3389/fpls.2020.605934,2021,probable,"k0=0, k1=0.98, k2=0.02, kinship=0.25; Mendelian errors=1; Section D; Prev publication: Boccacci et al., 2005"
Lievuso,Mantonico bianco,,SNP (Vitis18K),SNP,~18000,,Lacombe & Emanuelli et al. 2020,10.3389/fpls.2020.605934,2021,probable,"k0=0.01, k1=0.96, k2=0.04, kinship=0.26; Mendelian errors=2; Section D; Prev publication: De Lorenzis et al., 2019"
Mantonico bianco,Lievuso,,SNP (Vitis18K),SNP,~18000,,Lacombe & Emanuelli et al. 2020,10.3389/fpls.2020.605934,2021,probable,"k0=0.01, k1=0.96, k2=0.04, kinship=0.26; Mendelian errors=2; Section D; Prev publication: De Lorenzis et al., 2019"
Lievuso,Sangiovese,,SNP (Vitis18K),SNP,~18000,,Lacombe & Emanuelli et al. 2020,10.3389/fpls.2020.605934,2021,probable,"k0=0, k1=1, k2=0, kinship=0.25; Mendelian errors=0; Section D; Prev publication: De Lorenzis et al., 2014"
Sangiovese,Lievuso,,SNP (Vitis18K),SNP,~18000,,Lacombe & Emanuelli et al. 2020,10.3389/fpls.2020.605934,2021,probable,"k0=0, k1=1, k2=0, kinship=0.25; Mendelian errors=0; Section D; Prev publication: De Lorenzis et al., 2014"
Mollar cano,Listan negro,,SNP (Vitis18K),SNP,~18000,,Lacombe & Emanuelli et al. 2020,10.3389/fpls.2020.605934,2021,probable,"k0=0, k1=0.86, k2=0.14, kinship=0.28; Mendelian errors=0; Section D; Prev publication: Laucou et al., 2018"
Palomino fino,Listan negro,,SNP (Vitis18K),SNP,~18000,,Lacombe & Emanuelli et al. 2020,10.3389/fpls.2020.605934,2021,probable,"k0=0, k1=0.83, k2=0.16, kinship=0.29; Mendelian errors=1; Section D; Prev publication: Laucou et al., 2018"
Listan prieto,Perruno,,SNP (Vitis18K),SNP,~18000,,Lacombe & Emanuelli et al. 2020,10.3389/fpls.2020.605934,2021,probable,"k0=0, k1=0.92, k2=0.08, kinship=0.27; Mendelian errors=1; Section D; Prev publication: Lacombe et al., 2013"
Perruno,Listan prieto,,SNP (Vitis18K),SNP,~18000,,Lacombe & Emanuelli et al. 2020,10.3389/fpls.2020.605934,2021,probable,"k0=0, k1=0.92, k2=0.08, kinship=0.27; Mendelian errors=1; Section D; Prev publication: Lacombe et al., 2013"
Listan prieto,Torrontes riojano,,SNP (Vitis18K),SNP,~18000,,Lacombe & Emanuelli et al. 2020,10.3389/fpls.2020.605934,2021,probable,"k0=0, k1=0.97, k2=0.03, kinship=0.26; Mendelian errors=0; Section D; Prev publication: Tapia et al., 2007; Lacombe et al., 2013"
Listan prieto,Verdejo de Salamanca,,SNP (Vitis18K),SNP,~18000,,Lacombe & Emanuelli et al. 2020,10.3389/fpls.2020.605934,2021,probable,"k0=0, k1=0.8, k2=0.2, kinship=0.3; Mendelian errors=0; Section D; Prev publication: Laucou et al., 2018"
Lucignola,Sangiovese,,SNP (Vitis18K),SNP,~18000,,Lacombe & Emanuelli et al. 2020,10.3389/fpls.2020.605934,2021,probable,"k0=0, k1=0.95, k2=0.05, kinship=0.26; Mendelian errors=0; Section D; Prev publication: De Lorenzis et al., 2014"
Sangiovese,Lucignola,,SNP (Vitis18K),SNP,~18000,,Lacombe & Emanuelli et al. 2020,10.3389/fpls.2020.605934,2021,probable,"k0=0, k1=0.95, k2=0.05, kinship=0.26; Mendelian errors=0; Section D; Prev publication: De Lorenzis et al., 2014"
Luglienga bianca (Lignan),Palestina I,,SNP (Vitis18K),SNP,~18000,,Lacombe & Emanuelli et al. 2020,10.3389/fpls.2020.605934,2021,probable,"k0=0.01, k1=0.94, k2=0.05, kinship=0.26; Mendelian errors=3; Section D; Prev publication: Lacombe et al., 2013"
Luisa blanca,Ohanes,,SNP (Vitis18K),SNP,~18000,,Lacombe & Emanuelli et al. 2020,10.3389/fpls.2020.605934,2021,probable,"k0=0, k1=0.96, k2=0.04, kinship=0.26; Mendelian errors=1; Section D; Prev publication: Laucou et al., 2018"
Ohanes,Luisa blanca,,SNP (Vitis18K),SNP,~18000,,Lacombe & Emanuelli et al. 2020,10.3389/fpls.2020.605934,2021,probable,"k0=0, k1=0.96, k2=0.04, kinship=0.26; Mendelian errors=1; Section D; Prev publication: Laucou et al., 2018"
Madeleine angevine,Madeleine angevine Oberlin,,SNP (Vitis18K),SNP,~18000,,Lacombe & Emanuelli et al. 2020,10.3389/fpls.2020.605934,2021,probable,"k0=0, k1=0.92, k2=0.08, kinship=0.27; Mendelian errors=1; Section D; Prev publication: Lacombe et al., 2013"
Madeleine angevine Oberlin,Madeleine angevine,,SNP (Vitis18K),SNP,~18000,,Lacombe & Emanuelli et al. 2020,10.3389/fpls.2020.605934,2021,probable,"k0=0, k1=0.92, k2=0.08, kinship=0.27; Mendelian errors=1; Section D; Prev publication: Lacombe et al., 2013"
Madeleine angevine,Madeleine de Clermont,,SNP (Vitis18K),SNP,~18000,,Lacombe & Emanuelli et al. 2020,10.3389/fpls.2020.605934,2021,probable,"k0=0.01, k1=0.87, k2=0.13, kinship=0.28; Mendelian errors=2; Section D; Prev publication: Lacombe et al., 2013"
Madeleine angevine,Siegerrebe,,SNP (Vitis18K),SNP,~18000,,Lacombe & Emanuelli et al. 2020,10.3389/fpls.2020.605934,2021,probable,"k0=0, k1=1, k2=0, kinship=0.25; Mendelian errors=1; Section D; Prev publication: Lacombe et al., 2013"
Magdeleine noire des Charentes,Malbech (Cot),,SNP (Vitis18K),SNP,~18000,,Lacombe & Emanuelli et al. 2020,10.3389/fpls.2020.605934,2021,probable,"k0=0, k1=1, k2=0, kinship=0.25; Mendelian errors=2; Section D; Prev publication: Boursiquot et al., 2009"
Malbech (Cot),Magdeleine noire des Charentes,,SNP (Vitis18K),SNP,~18000,,Lacombe & Emanuelli et al. 2020,10.3389/fpls.2020.605934,2021,probable,"k0=0, k1=1, k2=0, kinship=0.25; Mendelian errors=2; Section D; Prev publication: Boursiquot et al., 2009"
Malvasia aromatica di Parma,Malvasia nera lunga,,SNP (Vitis18K),SNP,~18000,,Lacombe & Emanuelli et al. 2020,10.3389/fpls.2020.605934,2021,probable,"k0=0, k1=0.94, k2=0.06, kinship=0.26; Mendelian errors=1; Section D; Prev publication: Ruffa et al., 2016"
Malvasia aromatica di Parma,Moscato bianco,,SNP (Vitis18K),SNP,~18000,,Lacombe & Emanuelli et al. 2020,10.3389/fpls.2020.605934,2021,probable,"k0=0, k1=1, k2=0, kinship=0.25; Mendelian errors=1; Section D; Prev publication: Ruffa et al., 2016"
Moscato bianco,Malvasia aromatica di Parma,,SNP (Vitis18K),SNP,~18000,,Lacombe & Emanuelli et al. 2020,10.3389/fpls.2020.605934,2021,probable,"k0=0, k1=1, k2=0, kinship=0.25; Mendelian errors=1; Section D; Prev publication: Ruffa et al., 2016"
Malvasia aromatica di Parma,Ruché,,SNP (Vitis18K),SNP,~18000,,Lacombe & Emanuelli et al. 2020,10.3389/fpls.2020.605934,2021,probable,"k0=0, k1=1, k2=0, kinship=0.25; Mendelian errors=1; Section D; Prev publication: Ruffa et al., 2016"
Malvasia bianca lunga,Malvasia nera di Basilicata,,SNP (Vitis18K),SNP,~18000,,Lacombe & Emanuelli et al. 2020,10.3389/fpls.2020.605934,2021,probable,"k0=0, k1=0.94, k2=0.05, kinship=0.26; Mendelian errors=1; Section D; Prev publication: De Lorenzis et al., 2019"
Malvasia nera di Basilicata,Malvasia bianca lunga,,SNP (Vitis18K),SNP,~18000,,Lacombe & Emanuelli et al. 2020,10.3389/fpls.2020.605934,2021,probable,"k0=0, k1=0.94, k2=0.05, kinship=0.26; Mendelian errors=1; Section D; Prev publication: De Lorenzis et al., 2019"
Malvasia bianca lunga,Malvasia nera di Lecce,,SNP (Vitis18K),SNP,~18000,,Lacombe & Emanuelli et al. 2020,10.3389/fpls.2020.605934,2021,probable,"k0=0, k1=1, k2=0, kinship=0.25; Mendelian errors=0; Section D; Prev publication: Crespan et al., 2008a"
Malvasia bianca lunga,Verdeca (Lagorthi),,SNP (Vitis18K),SNP,~18000,,Lacombe & Emanuelli et al. 2020,10.3389/fpls.2020.605934,2021,probable,"k0=0, k1=0.94, k2=0.05, kinship=0.26; Mendelian errors=1; Section D; Prev publication: De Lorenzis et al., 2019"
Verdeca (Lagorthi),Malvasia bianca lunga,,SNP (Vitis18K),SNP,~18000,,Lacombe & Emanuelli et al. 2020,10.3389/fpls.2020.605934,2021,probable,"k0=0, k1=0.94, k2=0.05, kinship=0.26; Mendelian errors=1; Section D; Prev publication: De Lorenzis et al., 2019"
Malvasia bianca lunga,Vitouska,,SNP (Vitis18K),SNP,~18000,,Lacombe & Emanuelli et al. 2020,10.3389/fpls.2020.605934,2021,probable,"k0=0, k1=0.9, k2=0.1, kinship=0.28; Mendelian errors=0; Section D; Prev publication: Crespan et al., 2007"
Malvasia di Candia aromatica,Malvasia aromatica di Parma,,SNP (Vitis18K),SNP,~18000,,Lacombe & Emanuelli et al. 2020,10.3389/fpls.2020.605934,2021,probable,"k0=0.01, k1=0.98, k2=0.01, kinship=0.25; Mendelian errors=2; Section D; Prev publication: Lacombe et al., 2013 (Muscadelle du Bordelais faux)"
Malvasia aromatica di Parma,Malvasia di Candia aromatica,,SNP (Vitis18K),SNP,~18000,,Lacombe & Emanuelli et al. 2020,10.3389/fpls.2020.605934,2021,probable,"k0=0.01, k1=0.98, k2=0.01, kinship=0.25; Mendelian errors=2; Section D; Prev publication: Lacombe et al., 2013 (Muscadelle du Bordelais faux)"
Malvasia aromatica di Parma,Malvasia di Casorzo,,SNP (Vitis18K),SNP,~18000,,Lacombe & Emanuelli et al. 2020,10.3389/fpls.2020.605934,2021,probable,"k0=0.01, k1=0.99, k2=0, kinship=0.25; Mendelian errors=2; Section D; Prev publication: Ruffa et al., 2016"
Malvasia di Sardegna,Malvasia volcanica,,SNP (Vitis18K),SNP,~18000,,Lacombe & Emanuelli et al. 2020,10.3389/fpls.2020.605934,2021,probable,"k0=0, k1=1, k2=0, kinship=0.25; Mendelian errors=1; Section D; Prev publication: Laucou et al., 2018"
Malvasia volcanica,Malvasia di Sardegna,,SNP (Vitis18K),SNP,~18000,,Lacombe & Emanuelli et al. 2020,10.3389/fpls.2020.605934,2021,probable,"k0=0, k1=1, k2=0, kinship=0.25; Mendelian errors=1; Section D; Prev publication: Laucou et al., 2018"
Malvasia fina,Vital,,SNP (Vitis18K),SNP,~18000,,Lacombe & Emanuelli et al. 2020,10.3389/fpls.2020.605934,2021,probable,"k0=0, k1=0.86, k2=0.14, kinship=0.28; Mendelian errors=0; Section D; Prev publication: Lacombe et al., 2013"
Malvasia istriana,Vega,,SNP (Vitis18K),SNP,~18000,,Lacombe & Emanuelli et al. 2020,10.3389/fpls.2020.605934,2021,probable,"k0=0, k1=0.83, k2=0.17, kinship=0.29; Mendelian errors=1; Section D; Prev publication: confirmation of breeder's data by Raimondi et al., 2017"
Malvasia moscata,Malvasia aromatica di Parma,,SNP (Vitis18K),SNP,~18000,,Lacombe & Emanuelli et al. 2020,10.3389/fpls.2020.605934,2021,probable,"k0=0, k1=1, k2=0, kinship=0.25; Mendelian errors=1; Section D; Prev publication: Ruffa et al., 2016"
Malvasia aromatica di Parma,Malvasia moscata,,SNP (Vitis18K),SNP,~18000,,Lacombe & Emanuelli et al. 2020,10.3389/fpls.2020.605934,2021,probable,"k0=0, k1=1, k2=0, kinship=0.25; Mendelian errors=1; Section D; Prev publication: Ruffa et al., 2016"
Malvasia nera di Basilicata,Somarello,,SNP (Vitis18K),SNP,~18000,,Lacombe & Emanuelli et al. 2020,10.3389/fpls.2020.605934,2021,probable,"k0=0, k1=0.96, k2=0.04, kinship=0.26; Mendelian errors=0; Section D; Prev publication: De Lorenzis et al., 2019"
Somarello,Malvasia nera di Basilicata,,SNP (Vitis18K),SNP,~18000,,Lacombe & Emanuelli et al. 2020,10.3389/fpls.2020.605934,2021,probable,"k0=0, k1=0.96, k2=0.04, kinship=0.26; Mendelian errors=0; Section D; Prev publication: De Lorenzis et al., 2019"
Malvasia nera di Bolzano,Schiava gentile,,SNP (Vitis18K),SNP,~18000,,Lacombe & Emanuelli et al. 2020,10.3389/fpls.2020.605934,2021,probable,"k0=0, k1=1, k2=0, kinship=0.25; Mendelian errors=2; Section D; Prev publication: Cipriani et al., 2010"
Schiava gentile,Malvasia nera di Bolzano,,SNP (Vitis18K),SNP,~18000,,Lacombe & Emanuelli et al. 2020,10.3389/fpls.2020.605934,2021,probable,"k0=0, k1=1, k2=0, kinship=0.25; Mendelian errors=2; Section D; Prev publication: Cipriani et al., 2010"
Negro amaro,Malvasia nera di Lecce,,SNP (Vitis18K),SNP,~18000,,Lacombe & Emanuelli et al. 2020,10.3389/fpls.2020.605934,2021,probable,"k0=0, k1=0.89, k2=0.11, kinship=0.28; Mendelian errors=0; Section D; Prev publication: Crespan et al., 2008a"
Manseng gros blanc,Petit manseng,,SNP (Vitis18K),SNP,~18000,,Lacombe & Emanuelli et al. 2020,10.3389/fpls.2020.605934,2021,probable,"k0=0, k1=0.79, k2=0.21, kinship=0.3; Mendelian errors=0; Section D; Prev publication: Lacombe et al., 2013"
Petit manseng,Manseng gros blanc,,SNP (Vitis18K),SNP,~18000,,Lacombe & Emanuelli et al. 2020,10.3389/fpls.2020.605934,2021,probable,"k0=0, k1=0.79, k2=0.21, kinship=0.3; Mendelian errors=0; Section D; Prev publication: Lacombe et al., 2013"
Manseng noir,Sao Mamede,,SNP (Vitis18K),SNP,~18000,,Lacombe & Emanuelli et al. 2020,10.3389/fpls.2020.605934,2021,probable,"k0=0, k1=1, k2=0, kinship=0.25; Mendelian errors=0; Section D; Prev publication: Lacombe et al., 2013"
Sao Mamede,Manseng noir,,SNP (Vitis18K),SNP,~18000,,Lacombe & Emanuelli et al. 2020,10.3389/fpls.2020.605934,2021,probable,"k0=0, k1=1, k2=0, kinship=0.25; Mendelian errors=0; Section D; Prev publication: Lacombe et al., 2013"
Manseng noir,Sena,,SNP (Vitis18K),SNP,~18000,,Lacombe & Emanuelli et al. 2020,10.3389/fpls.2020.605934,2021,probable,"k0=0, k1=1, k2=0, kinship=0.25; Mendelian errors=2; Section D; Prev publication: Laucou et al., 2018"
Manteudo,Mollar cano,,SNP (Vitis18K),SNP,~18000,,Lacombe & Emanuelli et al. 2020,10.3389/fpls.2020.605934,2021,probable,"k0=0, k1=0.85, k2=0.15, kinship=0.29; Mendelian errors=0; Section D; Prev publication: Lacombe et al., 2013?"
Mollar cano,Manteudo,,SNP (Vitis18K),SNP,~18000,,Lacombe & Emanuelli et al. 2020,10.3389/fpls.2020.605934,2021,probable,"k0=0, k1=0.85, k2=0.15, kinship=0.29; Mendelian errors=0; Section D; Prev publication: Lacombe et al., 2013?"
Mantonico bianco,Mantonico nero,,SNP (Vitis18K),SNP,~18000,,Lacombe & Emanuelli et al. 2020,10.3389/fpls.2020.605934,2021,probable,"k0=0, k1=0.99, k2=0, kinship=0.25; Mendelian errors=1; Section D; Prev publication: Sunseri et al., 2015"
Mantonico nero,Mantonico bianco,,SNP (Vitis18K),SNP,~18000,,Lacombe & Emanuelli et al. 2020,10.3389/fpls.2020.605934,2021,probable,"k0=0, k1=0.99, k2=0, kinship=0.25; Mendelian errors=1; Section D; Prev publication: Sunseri et al., 2015"
Mantonico bianco,Occhi di Lepre,,SNP (Vitis18K),SNP,~18000,,Lacombe & Emanuelli et al. 2020,10.3389/fpls.2020.605934,2021,probable,"k0=0, k1=1, k2=0, kinship=0.25; Mendelian errors=3; Section D; Prev publication: De Lorenzis et al., 2019"
Occhi di Lepre,Mantonico bianco,,SNP (Vitis18K),SNP,~18000,,Lacombe & Emanuelli et al. 2020,10.3389/fpls.2020.605934,2021,probable,"k0=0, k1=1, k2=0, kinship=0.25; Mendelian errors=3; Section D; Prev publication: De Lorenzis et al., 2019"
Mantonico bianco,Pedilongo,,SNP (Vitis18K),SNP,~18000,,Lacombe & Emanuelli et al. 2020,10.3389/fpls.2020.605934,2021,probable,"k0=0, k1=1, k2=0, kinship=0.25; Mendelian errors=1; Section D; Prev publication: De Lorenzis et al., 2019"
Pedilongo,Mantonico bianco,,SNP (Vitis18K),SNP,~18000,,Lacombe & Emanuelli et al. 2020,10.3389/fpls.2020.605934,2021,probable,"k0=0, k1=1, k2=0, kinship=0.25; Mendelian errors=1; Section D; Prev publication: De Lorenzis et al., 2019"
Mantonico bianco,Trebbiano antico,,SNP (Vitis18K),SNP,~18000,,Lacombe & Emanuelli et al. 2020,10.3389/fpls.2020.605934,2021,probable,"k0=0, k1=0.99, k2=0.01, kinship=0.25; Mendelian errors=0; Section D; Prev publication: De Lorenzis et al., 2019"
Trebbiano antico,Mantonico bianco,,SNP (Vitis18K),SNP,~18000,,Lacombe & Emanuelli et al. 2020,10.3389/fpls.2020.605934,2021,probable,"k0=0, k1=0.99, k2=0.01, kinship=0.25; Mendelian errors=0; Section D; Prev publication: De Lorenzis et al., 2019"
Pinot,Manzoni bianco,,SNP (Vitis18K),SNP,~18000,,Lacombe & Emanuelli et al. 2020,10.3389/fpls.2020.605934,2021,probable,"k0=0, k1=1, k2=0, kinship=0.25; Mendelian errors=1; Section D; Prev publication: confirmation of breeder's data by Grando and Frisinghelli 1998"
Riesling,Manzoni bianco,,SNP (Vitis18K),SNP,~18000,,Lacombe & Emanuelli et al. 2020,10.3389/fpls.2020.605934,2021,probable,"k0=0, k1=0.94, k2=0.06, kinship=0.27; Mendelian errors=0; Section D; Prev publication: confirmation of breeder's data by Grando and Frisinghelli 1998"
Manzoni moscato,Moscato d'Amburgo,,SNP (Vitis18K),SNP,~18000,,Lacombe & Emanuelli et al. 2020,10.3389/fpls.2020.605934,2021,probable,"k0=0, k1=0.98, k2=0.02, kinship=0.25; Mendelian errors=0; Section D; Prev publication: confirmation of breeder's data by Cipriani et al., 2010"
Moscato d'Amburgo,Manzoni moscato,,SNP (Vitis18K),SNP,~18000,,Lacombe & Emanuelli et al. 2020,10.3389/fpls.2020.605934,2021,probable,"k0=0, k1=0.98, k2=0.02, kinship=0.25; Mendelian errors=0; Section D; Prev publication: confirmation of breeder's data by Cipriani et al., 2010"
Savagnin,Manzoni rosa,,SNP (Vitis18K),SNP,~18000,,Lacombe & Emanuelli et al. 2020,10.3389/fpls.2020.605934,2021,probable,"k0=0, k1=1, k2=0, kinship=0.25; Mendelian errors=0; Section D; Prev publication: confirmation of breeder's data by Cipriani et al., 2010"
Trebbiano toscano,Manzoni rosa,,SNP (Vitis18K),SNP,~18000,,Lacombe & Emanuelli et al. 2020,10.3389/fpls.2020.605934,2021,probable,"k0=0, k1=1, k2=0, kinship=0.25; Mendelian errors=1; Section D; Prev publication: confirmation of breeder's data by Cipriani et al., 2010"
Montonico bianco,Marchione,,SNP (Vitis18K),SNP,~18000,,Lacombe & Emanuelli et al. 2020,10.3389/fpls.2020.605934,2021,probable,"k0=0, k1=1, k2=0, kinship=0.25; Mendelian errors=0; Section D; Prev publication: Cipriani et al., 2010"
Ragusano,Marchione,,SNP (Vitis18K),SNP,~18000,,Lacombe & Emanuelli et al. 2020,10.3389/fpls.2020.605934,2021,probable,"k0=0, k1=0.96, k2=0.04, kinship=0.26; Mendelian errors=0; Section D; Prev publication: Cipriani et al., 2010"
Schiava grossa,Maroc gros,,SNP (Vitis18K),SNP,~18000,,Lacombe & Emanuelli et al. 2020,10.3389/fpls.2020.605934,2021,probable,"k0=0, k1=0.95, k2=0.05, kinship=0.26; Mendelian errors=1; Section D; Prev publication: Lacombe et al., 2013"
Marufo,Mondragon,,SNP (Vitis18K),SNP,~18000,,Lacombe & Emanuelli et al. 2020,10.3389/fpls.2020.605934,2021,probable,"k0=0, k1=1, k2=0, kinship=0.25; Mendelian errors=4; Section D; Prev publication: Laucou et al., 2018"
Marufo,Tinta Barroca,,SNP (Vitis18K),SNP,~18000,,Lacombe & Emanuelli et al. 2020,10.3389/fpls.2020.605934,2021,probable,"k0=0, k1=1, k2=0, kinship=0.25; Mendelian errors=0; Section D; Prev publication: Lacombe et al., 2013"
Marufo,Touriganca,,SNP (Vitis18K),SNP,~18000,,Lacombe & Emanuelli et al. 2020,10.3389/fpls.2020.605934,2021,probable,"k0=0, k1=1, k2=0, kinship=0.25; Mendelian errors=3; Section D; Prev publication: Laucou et al., 2018"
Savagnin,Maturana blanca,,SNP (Vitis18K),SNP,~18000,,Lacombe & Emanuelli et al. 2020,10.3389/fpls.2020.605934,2021,probable,"k0=0, k1=1, k2=0, kinship=0.25; Mendelian errors=0; Section D; Prev publication: Lacombe et al., 2013"
Mauzac blanc,Negret castrais,,SNP (Vitis18K),SNP,~18000,,Lacombe & Emanuelli et al. 2020,10.3389/fpls.2020.605934,2021,probable,"k0=0, k1=1, k2=0, kinship=0.25; Mendelian errors=2; Section D; Prev publication: Lacombe et al., 2013"
Mavrodaphni,Skiadopoulo,,SNP (Vitis18K),SNP,~18000,,Lacombe & Emanuelli et al. 2020,10.3389/fpls.2020.605934,2021,probable,"k0=0, k1=0.97, k2=0.03, kinship=0.26; Mendelian errors=1; Section D; Prev publication: Lacombe et al., 2013"
Skiadopoulo,Mavrodaphni,,SNP (Vitis18K),SNP,~18000,,Lacombe & Emanuelli et al. 2020,10.3389/fpls.2020.605934,2021,probable,"k0=0, k1=0.97, k2=0.03, kinship=0.26; Mendelian errors=1; Section D; Prev publication: Lacombe et al., 2013"
Mavrodaphni,Zakynthino,,SNP (Vitis18K),SNP,~18000,,Lacombe & Emanuelli et al. 2020,10.3389/fpls.2020.605934,2021,probable,"k0=0, k1=0.94, k2=0.06, kinship=0.26; Mendelian errors=1; Section D; Prev publication: Lacombe et al., 2013"
Zakynthino,Mavrodaphni,,SNP (Vitis18K),SNP,~18000,,Lacombe & Emanuelli et al. 2020,10.3389/fpls.2020.605934,2021,probable,"k0=0, k1=0.94, k2=0.06, kinship=0.26; Mendelian errors=1; Section D; Prev publication: Lacombe et al., 2013"
Mayolet,Rouge du pays,,SNP (Vitis18K),SNP,~18000,,Lacombe & Emanuelli et al. 2020,10.3389/fpls.2020.605934,2021,probable,"k0=0.01, k1=0.94, k2=0.05, kinship=0.26; Mendelian errors=2; Section D; Prev publication: Vouillamoz et al., 2003"
Rouge du pays,Mayolet,,SNP (Vitis18K),SNP,~18000,,Lacombe & Emanuelli et al. 2020,10.3389/fpls.2020.605934,2021,probable,"k0=0.01, k1=0.94, k2=0.05, kinship=0.26; Mendelian errors=2; Section D; Prev publication: Vouillamoz et al., 2003"
Planta fina,Merbein seedless,,SNP (Vitis18K),SNP,~18000,,Lacombe & Emanuelli et al. 2020,10.3389/fpls.2020.605934,2021,probable,"k0=0, k1=1, k2=0, kinship=0.25; Mendelian errors=2; Section D; Prev publication: confirmation of breeder's data by Lacombe et al., 2013"
Sultanina,Merbein seedless,,SNP (Vitis18K),SNP,~18000,,Lacombe & Emanuelli et al. 2020,10.3389/fpls.2020.605934,2021,probable,"k0=0, k1=0.94, k2=0.06, kinship=0.26; Mendelian errors=1; Section D; Prev publication: confirmation of breeder's data by Laucou et al., 2018"
Magdeleine noire des Charentes,Merlot,,SNP (Vitis18K),SNP,~18000,,Lacombe & Emanuelli et al. 2020,10.3389/fpls.2020.605934,2021,probable,"k0=0, k1=1, k2=0, kinship=0.25; Mendelian errors=3; Section D; Prev publication: Lacombe et al., 2013"
Minutolo,Visparola,,SNP (Vitis18K),SNP,~18000,,Lacombe & Emanuelli et al. 2020,10.3389/fpls.2020.605934,2021,probable,"k0=0, k1=0.97, k2=0.03, kinship=0.26; Mendelian errors=0; Section D; Prev publication: Lacombe et al., 2013 (Arvina)"
Visparola,Minutolo,,SNP (Vitis18K),SNP,~18000,,Lacombe & Emanuelli et al. 2020,10.3389/fpls.2020.605934,2021,probable,"k0=0, k1=0.97, k2=0.03, kinship=0.26; Mendelian errors=0; Section D; Prev publication: Lacombe et al., 2013 (Arvina)"
Moscato d'Amburgo,Misket Rusenski,,SNP (Vitis18K),SNP,~18000,,Lacombe & Emanuelli et al. 2020,10.3389/fpls.2020.605934,2021,probable,"k0=0, k1=0.95, k2=0.05, kinship=0.26; Mendelian errors=0; Section D; Prev publication: Lacombe et al., 2013"
Molar,Rufete,,SNP (Vitis18K),SNP,~18000,,Lacombe & Emanuelli et al. 2020,10.3389/fpls.2020.605934,2021,probable,"k0=0, k1=0.98, k2=0.02, kinship=0.25; Mendelian errors=2; Section D; Prev publication: Lacombe et al., 2013"
Rufete,Molar,,SNP (Vitis18K),SNP,~18000,,Lacombe & Emanuelli et al. 2020,10.3389/fpls.2020.605934,2021,probable,"k0=0, k1=0.98, k2=0.02, kinship=0.25; Mendelian errors=2; Section D; Prev publication: Lacombe et al., 2013"
Molar,Savagnin,,SNP (Vitis18K),SNP,~18000,,Lacombe & Emanuelli et al. 2020,10.3389/fpls.2020.605934,2021,probable,"k0=0, k1=1, k2=0, kinship=0.25; Mendelian errors=0; Section D; Prev publication: Lacombe et al., 2013"
Savagnin,Molar,,SNP (Vitis18K),SNP,~18000,,Lacombe & Emanuelli et al. 2020,10.3389/fpls.2020.605934,2021,probable,"k0=0, k1=1, k2=0, kinship=0.25; Mendelian errors=0; Section D; Prev publication: Lacombe et al., 2013"
Monastrell,Negret castrais,,SNP (Vitis18K),SNP,~18000,,Lacombe & Emanuelli et al. 2020,10.3389/fpls.2020.605934,2021,probable,"k0=0, k1=1, k2=0, kinship=0.25; Mendelian errors=0; Section D; Prev publication: Lacombe et al., 2013"
Monastrell,Pampolat de Sagunto,,SNP (Vitis18K),SNP,~18000,,Lacombe & Emanuelli et al. 2020,10.3389/fpls.2020.605934,2021,probable,"k0=0, k1=0.94, k2=0.06, kinship=0.26; Mendelian errors=2; Section D; Prev publication: Laucou et al., 2018"
Pampolat de Sagunto,Monastrell,,SNP (Vitis18K),SNP,~18000,,Lacombe & Emanuelli et al. 2020,10.3389/fpls.2020.605934,2021,probable,"k0=0, k1=0.94, k2=0.06, kinship=0.26; Mendelian errors=2; Section D; Prev publication: Laucou et al., 2018"
Mondeuse blanche,Mondeuse noire,,SNP (Vitis18K),SNP,~18000,,Lacombe & Emanuelli et al. 2020,10.3389/fpls.2020.605934,2021,probable,"k0=0, k1=1, k2=0, kinship=0.25; Mendelian errors=1; Section D; Prev publication: Lacombe et al., 2013"
Mondeuse blanche,Syrah,,SNP (Vitis18K),SNP,~18000,,Lacombe & Emanuelli et al. 2020,10.3389/fpls.2020.605934,2021,probable,"k0=0, k1=0.99, k2=0, kinship=0.25; Mendelian errors=1; Section D; Prev publication: Lacombe et al., 2013"
Mondeuse blanche,Viognier,,SNP (Vitis18K),SNP,~18000,,Lacombe & Emanuelli et al. 2020,10.3389/fpls.2020.605934,2021,probable,"k0=0, k1=1, k2=0, kinship=0.25; Mendelian errors=7; Section D; Prev publication: Vouillamoz 2008"
Viognier,Mondeuse blanche,,SNP (Vitis18K),SNP,~18000,,Lacombe & Emanuelli et al. 2020,10.3389/fpls.2020.605934,2021,probable,"k0=0, k1=1, k2=0, kinship=0.25; Mendelian errors=7; Section D; Prev publication: Vouillamoz 2008"
Tressot noir,Mondeuse noire,,SNP (Vitis18K),SNP,~18000,,Lacombe & Emanuelli et al. 2020,10.3389/fpls.2020.605934,2021,probable,"k0=0, k1=1, k2=0, kinship=0.25; Mendelian errors=0; Section D; Prev publication: Lacombe et al., 2013"
Mourvèdre,Mondragon,,SNP (Vitis18K),SNP,~18000,,Lacombe & Emanuelli et al. 2020,10.3389/fpls.2020.605934,2021,probable,"k0=0, k1=1, k2=0, kinship=0.25; Mendelian errors=1; Section D; Prev publication: Laucou et al. 2018"
Morate,Moristel,,SNP (Vitis18K),SNP,~18000,,Lacombe & Emanuelli et al. 2020,10.3389/fpls.2020.605934,2021,probable,"k0=0, k1=0.93, k2=0.06, kinship=0.27; Mendelian errors=2; Section D; Prev publication: Laucou et al., 2018"
Moristel,Morate,,SNP (Vitis18K),SNP,~18000,,Lacombe & Emanuelli et al. 2020,10.3389/fpls.2020.605934,2021,probable,"k0=0, k1=0.93, k2=0.06, kinship=0.27; Mendelian errors=2; Section D; Prev publication: Laucou et al., 2018"
Zibibbo (Moscato d'Alessandria),Moscatello selvatico,,SNP (Vitis18K),SNP,~18000,,Lacombe & Emanuelli et al. 2020,10.3389/fpls.2020.605934,2021,probable,"k0=0, k1=0.94, k2=0.06, kinship=0.26; Mendelian errors=1; Section D; Prev publication: Lacombe et al., 2007"
Moscato bianco,Ingram's Muscat,,SNP (Vitis18K),SNP,~18000,,Lacombe & Emanuelli et al. 2020,10.3389/fpls.2020.605934,2021,probable,"k0=0, k1=1, k2=0, kinship=0.25; Mendelian errors=4; Section D; Prev publication: confirmation of breeder's data Lacombe et al., 2013"
Ingram's Muscat,Moscato bianco,,SNP (Vitis18K),SNP,~18000,,Lacombe & Emanuelli et al. 2020,10.3389/fpls.2020.605934,2021,probable,"k0=0, k1=1, k2=0, kinship=0.25; Mendelian errors=4; Section D; Prev publication: confirmation of breeder's data Lacombe et al., 2013"
Moscato bianco,Malvasia di Schierano,,SNP (Vitis18K),SNP,~18000,,Lacombe & Emanuelli et al. 2020,10.3389/fpls.2020.605934,2021,probable,"k0=0, k1=1, k2=0, kinship=0.25; Mendelian errors=2; Section D; Prev publication: Ruffa et al., 2016"
Malvasia di Schierano,Moscato bianco,,SNP (Vitis18K),SNP,~18000,,Lacombe & Emanuelli et al. 2020,10.3389/fpls.2020.605934,2021,probable,"k0=0, k1=1, k2=0, kinship=0.25; Mendelian errors=2; Section D; Prev publication: Ruffa et al., 2016"
Moscato bianco,Moscato di Scanzo,,SNP (Vitis18K),SNP,~18000,,Lacombe & Emanuelli et al. 2020,10.3389/fpls.2020.605934,2021,probable,"k0=0, k1=1, k2=0, kinship=0.25; Mendelian errors=2; Section D; Prev publication: Crespan and Milani, 2001"
Moscato di Scanzo,Moscato bianco,,SNP (Vitis18K),SNP,~18000,,Lacombe & Emanuelli et al. 2020,10.3389/fpls.2020.605934,2021,probable,"k0=0, k1=1, k2=0, kinship=0.25; Mendelian errors=2; Section D; Prev publication: Crespan and Milani, 2001"
Moscato d’Adda,Zibibbo (Moscato d'Alessandria),,SNP (Vitis18K),SNP,~18000,,Lacombe & Emanuelli et al. 2020,10.3389/fpls.2020.605934,2021,probable,"k0=0, k1=1, k2=0, kinship=0.25; Mendelian errors=3; Section D; Prev publication: Unvalidation of breeder's data by Laucou et al., 2018"
Zibibbo (Moscato d'Alessandria),Moscato d’Adda,,SNP (Vitis18K),SNP,~18000,,Lacombe & Emanuelli et al. 2020,10.3389/fpls.2020.605934,2021,probable,"k0=0, k1=1, k2=0, kinship=0.25; Mendelian errors=3; Section D; Prev publication: Unvalidation of breeder's data by Laucou et al., 2018"
Moscato d'Amburgo,Roumi noir,,SNP (Vitis18K),SNP,~18000,,Lacombe & Emanuelli et al. 2020,10.3389/fpls.2020.605934,2021,probable,"k0=0, k1=0.98, k2=0.02, kinship=0.25; Mendelian errors=0; Section D; Prev publication: Lacombe et al., 2013"
Schiava grossa,Moscato d'Amburgo,,SNP (Vitis18K),SNP,~18000,,Lacombe & Emanuelli et al. 2020,10.3389/fpls.2020.605934,2021,probable,"k0=0, k1=1, k2=0, kinship=0.25; Mendelian errors=0; Section D; Prev publication: Crespan, 2003"
Moscato giallo,Moscato bianco,,SNP (Vitis18K),SNP,~18000,,Lacombe & Emanuelli et al. 2020,10.3389/fpls.2020.605934,2021,probable,"k0=0, k1=1, k2=0, kinship=0.25; Mendelian errors=1; Section D; Prev publication: Crespan and Milani, 2001"
Moscato bianco,Moscato giallo,,SNP (Vitis18K),SNP,~18000,,Lacombe & Emanuelli et al. 2020,10.3389/fpls.2020.605934,2021,probable,"k0=0, k1=1, k2=0, kinship=0.25; Mendelian errors=1; Section D; Prev publication: Crespan and Milani, 2001"
Moscato bianco,Moscato nero di Acqui,,SNP (Vitis18K),SNP,~18000,,Lacombe & Emanuelli et al. 2020,10.3389/fpls.2020.605934,2021,probable,"k0=0, k1=0.96, k2=0.04, kinship=0.26; Mendelian errors=1; Section D; Prev publication: Ruffa et al., 2016"
Orsolina,Moscato nero di Acqui,,SNP (Vitis18K),SNP,~18000,,Lacombe & Emanuelli et al. 2020,10.3389/fpls.2020.605934,2021,probable,"k0=0, k1=1, k2=0, kinship=0.25; Mendelian errors=1; Section D; Prev publication: Raimondi et al. 2020 (Orsolina=Coccalona nera)"
Moscato bianco,Moscato violetto (Muscat rouge de Madère),,SNP (Vitis18K),SNP,~18000,,Lacombe & Emanuelli et al. 2020,10.3389/fpls.2020.605934,2021,probable,"k0=0.01, k1=0.95, k2=0.05, kinship=0.26; Mendelian errors=2; Section D; Prev publication: Di Vecchi Staraz et al., 2007"
Moscato violetto (Muscat rouge de Madère),Moscato di Terracina,,SNP (Vitis18K),SNP,~18000,,Lacombe & Emanuelli et al. 2020,10.3389/fpls.2020.605934,2021,probable,"k0=0, k1=0.98, k2=0.01, kinship=0.25; Mendelian errors=1; Section D; Prev publication: Lacombe et al., 2013"
Moscato di Terracina,Moscato violetto (Muscat rouge de Madère),,SNP (Vitis18K),SNP,~18000,,Lacombe & Emanuelli et al. 2020,10.3389/fpls.2020.605934,2021,probable,"k0=0, k1=0.98, k2=0.01, kinship=0.25; Mendelian errors=1; Section D; Prev publication: Lacombe et al., 2013"
Termarina (Sciaccarello),Moscato violetto (Muscat rouge de Madère),,SNP (Vitis18K),SNP,~18000,,Lacombe & Emanuelli et al. 2020,10.3389/fpls.2020.605934,2021,probable,"k0=0, k1=1, k2=0, kinship=0.25; Mendelian errors=1; Section D; Prev publication: Di Vecchi Staraz et al., 2007"
Moschato mavro,Moscato bianco,,SNP (Vitis18K),SNP,~18000,,Lacombe & Emanuelli et al. 2020,10.3389/fpls.2020.605934,2021,probable,"k0=0, k1=0.9, k2=0.1, kinship=0.27; Mendelian errors=2; Section D; Prev publication: Crespan e Milani 2001"
Moscato bianco,Moschato mavro,,SNP (Vitis18K),SNP,~18000,,Lacombe & Emanuelli et al. 2020,10.3389/fpls.2020.605934,2021,probable,"k0=0, k1=0.9, k2=0.1, kinship=0.27; Mendelian errors=2; Section D; Prev publication: Crespan e Milani 2001"
Mourvèdre,Mourvedre Gule,,SNP (Vitis18K),SNP,~18000,,Lacombe & Emanuelli et al. 2020,10.3389/fpls.2020.605934,2021,probable,"k0=0, k1=0.93, k2=0.07, kinship=0.27; Mendelian errors=1; Section D; Prev publication: unvalidation of breeder's data by Laucou et al., 2018"
Mourvedre Gule,Mourvèdre,,SNP (Vitis18K),SNP,~18000,,Lacombe & Emanuelli et al. 2020,10.3389/fpls.2020.605934,2021,probable,"k0=0, k1=0.93, k2=0.07, kinship=0.27; Mendelian errors=1; Section D; Prev publication: unvalidation of breeder's data by Laucou et al., 2018"
Müller Thurgau,Ortega,,SNP (Vitis18K),SNP,~18000,,Lacombe & Emanuelli et al. 2020,10.3389/fpls.2020.605934,2021,probable,"k0=0, k1=1, k2=0, kinship=0.25; Mendelian errors=1; Section D; Prev publication: Lacombe et al., 2013"
Müller Thurgau,Paolina,,SNP (Vitis18K),SNP,~18000,,Lacombe & Emanuelli et al. 2020,10.3389/fpls.2020.605934,2021,probable,"k0=0, k1=0.92, k2=0.08, kinship=0.27; Mendelian errors=0; Section D; Prev publication: Maul et al., 2012; Lacombe et al., 2013"
Paolina,Müller Thurgau,,SNP (Vitis18K),SNP,~18000,,Lacombe & Emanuelli et al. 2020,10.3389/fpls.2020.605934,2021,probable,"k0=0, k1=0.92, k2=0.08, kinship=0.27; Mendelian errors=0; Section D; Prev publication: Maul et al., 2012; Lacombe et al., 2013"
Müller Thurgau,Riesling,,SNP (Vitis18K),SNP,~18000,,Lacombe & Emanuelli et al. 2020,10.3389/fpls.2020.605934,2021,probable,"k0=0, k1=0.96, k2=0.04, kinship=0.26; Mendelian errors=1; Section D; Prev publication: Lacombe et al., 2013"
Riesling,Müller Thurgau,,SNP (Vitis18K),SNP,~18000,,Lacombe & Emanuelli et al. 2020,10.3389/fpls.2020.605934,2021,probable,"k0=0, k1=0.96, k2=0.04, kinship=0.26; Mendelian errors=1; Section D; Prev publication: Lacombe et al., 2013"
Muscat de la relique,Riesling,,SNP (Vitis18K),SNP,~18000,,Lacombe & Emanuelli et al. 2020,10.3389/fpls.2020.605934,2021,probable,"k0=0, k1=0.96, k2=0.03, kinship=0.26; Mendelian errors=1; Section D; Prev publication: Lacombe et al., 2013"
Riesling,Muscat de la relique,,SNP (Vitis18K),SNP,~18000,,Lacombe & Emanuelli et al. 2020,10.3389/fpls.2020.605934,2021,probable,"k0=0, k1=0.96, k2=0.03, kinship=0.26; Mendelian errors=1; Section D; Prev publication: Lacombe et al., 2013"
Muscat reine des vignes,Pannonia kincse,,SNP (Vitis18K),SNP,~18000,,Lacombe & Emanuelli et al. 2020,10.3389/fpls.2020.605934,2021,probable,"k0=0, k1=0.95, k2=0.05, kinship=0.26; Mendelian errors=0; Section D; Prev publication: Lacombe et al., 2013"
Pannonia kincse,Muscat reine des vignes,,SNP (Vitis18K),SNP,~18000,,Lacombe & Emanuelli et al. 2020,10.3389/fpls.2020.605934,2021,probable,"k0=0, k1=0.95, k2=0.05, kinship=0.26; Mendelian errors=0; Section D; Prev publication: Lacombe et al., 2013"
Zibibbo (Moscato d'Alessandria),Muskat Uzbekinstanskii,,SNP (Vitis18K),SNP,~18000,,Lacombe & Emanuelli et al. 2020,10.3389/fpls.2020.605934,2021,probable,"k0=0, k1=0.92, k2=0.08, kinship=0.27; Mendelian errors=1; Section D; Prev publication: Lacombe et al., 2013"
Naose,Sultanina,,SNP (Vitis18K),SNP,~18000,,Lacombe & Emanuelli et al. 2020,10.3389/fpls.2020.605934,2021,probable,"k0=0.01, k1=0.85, k2=0.15, kinship=0.28; Mendelian errors=2; Section D; Prev publication: Lacombe et al., 2013"
Sultanina,Naose,,SNP (Vitis18K),SNP,~18000,,Lacombe & Emanuelli et al. 2020,10.3389/fpls.2020.605934,2021,probable,"k0=0.01, k1=0.85, k2=0.15, kinship=0.28; Mendelian errors=2; Section D; Prev publication: Lacombe et al., 2013"
Nebbiolo,Neretto di Bairo,,SNP (Vitis18K),SNP,~18000,,Lacombe & Emanuelli et al. 2020,10.3389/fpls.2020.605934,2021,probable,"k0=0, k1=0.99, k2=0.01, kinship=0.25; Mendelian errors=1; Section D; Prev publication: Schneider et al., 2004"
Neretto di Bairo,Nebbiolo,,SNP (Vitis18K),SNP,~18000,,Lacombe & Emanuelli et al. 2020,10.3389/fpls.2020.605934,2021,probable,"k0=0, k1=0.99, k2=0.01, kinship=0.25; Mendelian errors=1; Section D; Prev publication: Schneider et al., 2004"
Nebbiolo,Vespolina,,SNP (Vitis18K),SNP,~18000,,Lacombe & Emanuelli et al. 2020,10.3389/fpls.2020.605934,2021,probable,"k0=0, k1=1, k2=0, kinship=0.25; Mendelian errors=2; Section D; Prev publication: Schneider et al., 2004"
Negra rayada,Listan prieto,,SNP (Vitis18K),SNP,~18000,,Lacombe & Emanuelli et al. 2020,10.3389/fpls.2020.605934,2021,probable,"k0=0, k1=0.98, k2=0.02, kinship=0.25; Mendelian errors=0; Section D; Prev publication: Lacombe et al., 2013"
Listan prieto,Negra rayada,,SNP (Vitis18K),SNP,~18000,,Lacombe & Emanuelli et al. 2020,10.3389/fpls.2020.605934,2021,probable,"k0=0, k1=0.98, k2=0.02, kinship=0.25; Mendelian errors=0; Section D; Prev publication: Lacombe et al., 2013"
Negra tardia,Ragol,,SNP (Vitis18K),SNP,~18000,,Lacombe & Emanuelli et al. 2020,10.3389/fpls.2020.605934,2021,probable,"k0=0, k1=0.86, k2=0.14, kinship=0.28; Mendelian errors=1; Section D; Prev publication: Laucou et al., 2018"
Ragol,Negra tardia,,SNP (Vitis18K),SNP,~18000,,Lacombe & Emanuelli et al. 2020,10.3389/fpls.2020.605934,2021,probable,"k0=0, k1=0.86, k2=0.14, kinship=0.28; Mendelian errors=1; Section D; Prev publication: Laucou et al., 2018"
Negro amaro,Zagarese,,SNP (Vitis18K),SNP,~18000,,Lacombe & Emanuelli et al. 2020,10.3389/fpls.2020.605934,2021,probable,"k0=0, k1=0.98, k2=0.02, kinship=0.26; Mendelian errors=0; Section D; Prev publication: De Lorenzis et al., 2019"
Zagarese,Negro amaro,,SNP (Vitis18K),SNP,~18000,,Lacombe & Emanuelli et al. 2020,10.3389/fpls.2020.605934,2021,probable,"k0=0, k1=0.98, k2=0.02, kinship=0.26; Mendelian errors=0; Section D; Prev publication: De Lorenzis et al., 2019"
Negrodolce,Sangiovese,,SNP (Vitis18K),SNP,~18000,,Lacombe & Emanuelli et al. 2020,10.3389/fpls.2020.605934,2021,probable,"k0=0, k1=0.99, k2=0.01, kinship=0.25; Mendelian errors=0; Section D; Prev publication: Bergamini et al., 2016"
Sangiovese,Negrodolce,,SNP (Vitis18K),SNP,~18000,,Lacombe & Emanuelli et al. 2020,10.3389/fpls.2020.605934,2021,probable,"k0=0, k1=0.99, k2=0.01, kinship=0.25; Mendelian errors=0; Section D; Prev publication: Bergamini et al., 2016"
Negru virtos,Prokupac,,SNP (Vitis18K),SNP,~18000,,Lacombe & Emanuelli et al. 2020,10.3389/fpls.2020.605934,2021,probable,"k0=0, k1=0.92, k2=0.08, kinship=0.27; Mendelian errors=1; Section D; Prev publication: Laucou et al., 2018"
Prokupac,Negru virtos,,SNP (Vitis18K),SNP,~18000,,Lacombe & Emanuelli et al. 2020,10.3389/fpls.2020.605934,2021,probable,"k0=0, k1=0.92, k2=0.08, kinship=0.27; Mendelian errors=1; Section D; Prev publication: Laucou et al., 2018"
Mantonico bianco,Nerello mascalese,,SNP (Vitis18K),SNP,~18000,,Lacombe & Emanuelli et al. 2020,10.3389/fpls.2020.605934,2021,probable,"k0=0, k1=1, k2=0, kinship=0.25; Mendelian errors=2; Section D; Prev publication: Cipriani et al., 2010"
Sangiovese,Nerello mascalese,,SNP (Vitis18K),SNP,~18000,,Lacombe & Emanuelli et al. 2020,10.3389/fpls.2020.605934,2021,probable,"k0=0, k1=0.91, k2=0.09, kinship=0.27; Mendelian errors=0; Section D; Prev publication: Crespan et al., 2008b"
Neretto di Marengo,Uvalino,,SNP (Vitis18K),SNP,~18000,,Lacombe & Emanuelli et al. 2020,10.3389/fpls.2020.605934,2021,probable,"k0=0, k1=1, k2=0, kinship=0.25; Mendelian errors=0; Section D; Prev publication: Raimondi et al. 2020"
Uvalino,Neretto di Marengo,,SNP (Vitis18K),SNP,~18000,,Lacombe & Emanuelli et al. 2020,10.3389/fpls.2020.605934,2021,probable,"k0=0, k1=1, k2=0, kinship=0.25; Mendelian errors=0; Section D; Prev publication: Raimondi et al. 2020"
Neretto duro (Balau),Teinturier ad acino rotondo,,SNP (Vitis18K),SNP,~18000,,Lacombe & Emanuelli et al. 2020,10.3389/fpls.2020.605934,2021,probable,"k0=0, k1=0.94, k2=0.06, kinship=0.26; Mendelian errors=1; Section D; Prev publication: Raimondi et al. 2020"
Somarello,Notardomenico,,SNP (Vitis18K),SNP,~18000,,Lacombe & Emanuelli et al. 2020,10.3389/fpls.2020.605934,2021,probable,"k0=0, k1=0.92, k2=0.08, kinship=0.27; Mendelian errors=0; Section D; Prev publication: Lacombe et al., 2013"
Olasz Korai,Pinot,,SNP (Vitis18K),SNP,~18000,,Lacombe & Emanuelli et al. 2020,10.3389/fpls.2020.605934,2021,probable,"k0=0, k1=0.91, k2=0.09, kinship=0.27; Mendelian errors=0; Section D; Prev publication: Lacombe et al., 2013"
Pinot,Olasz Korai,,SNP (Vitis18K),SNP,~18000,,Lacombe & Emanuelli et al. 2020,10.3389/fpls.2020.605934,2021,probable,"k0=0, k1=0.91, k2=0.09, kinship=0.27; Mendelian errors=0; Section D; Prev publication: Lacombe et al., 2013"
Olivella di Caggiano,Strinto porcino,,SNP (Vitis18K),SNP,~18000,,Lacombe & Emanuelli et al. 2020,10.3389/fpls.2020.605934,2021,probable,"k0=0, k1=1, k2=0, kinship=0.25; Mendelian errors=1; Section D; Prev publication: De Lorenzis et al., 2019"
Strinto porcino,Olivella di Caggiano,,SNP (Vitis18K),SNP,~18000,,Lacombe & Emanuelli et al. 2020,10.3389/fpls.2020.605934,2021,probable,"k0=0, k1=1, k2=0, kinship=0.25; Mendelian errors=1; Section D; Prev publication: De Lorenzis et al., 2019"
Parmak cerven,Opsimo Edessis,,SNP (Vitis18K),SNP,~18000,,Lacombe & Emanuelli et al. 2020,10.3389/fpls.2020.605934,2021,probable,"k0=0, k1=0.91, k2=0.09, kinship=0.27; Mendelian errors=2; Section D; Prev publication: Lacombe et al., 2013"
Orangetraube,Pinotage,,SNP (Vitis18K),SNP,~18000,,Lacombe & Emanuelli et al. 2020,10.3389/fpls.2020.605934,2021,probable,"k0=0, k1=1, k2=0, kinship=0.25; Mendelian errors=1; Section D; Prev publication: Lacombe et al., 2013"
Pinotage,Orangetraube,,SNP (Vitis18K),SNP,~18000,,Lacombe & Emanuelli et al. 2020,10.3389/fpls.2020.605934,2021,probable,"k0=0, k1=1, k2=0, kinship=0.25; Mendelian errors=1; Section D; Prev publication: Lacombe et al., 2013"
Oreg Kadarka kek,Papaskarasi,,SNP (Vitis18K),SNP,~18000,,Lacombe & Emanuelli et al. 2020,10.3389/fpls.2020.605934,2021,probable,"k0=0, k1=0.84, k2=0.16, kinship=0.29; Mendelian errors=1; Section D; Prev publication: Lacombe et al., 2013"
Papaskarasi,Oreg Kadarka kek,,SNP (Vitis18K),SNP,~18000,,Lacombe & Emanuelli et al. 2020,10.3389/fpls.2020.605934,2021,probable,"k0=0, k1=0.84, k2=0.16, kinship=0.29; Mendelian errors=1; Section D; Prev publication: Lacombe et al., 2013"
Orisi,Sangiovese,,SNP (Vitis18K),SNP,~18000,,Lacombe & Emanuelli et al. 2020,10.3389/fpls.2020.605934,2021,probable,"k0=0, k1=1, k2=0, kinship=0.25; Mendelian errors=0; Section D; Prev publication: De Lorenzis et al., 2014"
Sangiovese,Orisi,,SNP (Vitis18K),SNP,~18000,,Lacombe & Emanuelli et al. 2020,10.3389/fpls.2020.605934,2021,probable,"k0=0, k1=1, k2=0, kinship=0.25; Mendelian errors=0; Section D; Prev publication: De Lorenzis et al., 2014"
Parmak cerven,Orlovi nokti beli,,SNP (Vitis18K),SNP,~18000,,Lacombe & Emanuelli et al. 2020,10.3389/fpls.2020.605934,2021,probable,"k0=0, k1=0.94, k2=0.06, kinship=0.26; Mendelian errors=2; Section D; Prev publication: Lacombe et al., 2013"
Orsolina,Moradella,,SNP (Vitis18K),SNP,~18000,,Lacombe & Emanuelli et al. 2020,10.3389/fpls.2020.605934,2021,probable,"k0=0, k1=0.92, k2=0.07, kinship=0.27; Mendelian errors=1; Section D; Prev publication: Raimondi et al. 2020 (Orsolina=Coccalona nera)"
Moradella,Orsolina,,SNP (Vitis18K),SNP,~18000,,Lacombe & Emanuelli et al. 2020,10.3389/fpls.2020.605934,2021,probable,"k0=0, k1=0.92, k2=0.07, kinship=0.27; Mendelian errors=1; Section D; Prev publication: Raimondi et al. 2020 (Orsolina=Coccalona nera)"
Orsolina,Riesling italico,,SNP (Vitis18K),SNP,~18000,,Lacombe & Emanuelli et al. 2020,10.3389/fpls.2020.605934,2021,probable,"k0=0, k1=1, k2=0, kinship=0.25; Mendelian errors=0; Section D; Prev publication: Raimondi et al. 2020 (Orsolina=Coccalona nera)"
Riesling italico,Orsolina,,SNP (Vitis18K),SNP,~18000,,Lacombe & Emanuelli et al. 2020,10.3389/fpls.2020.605934,2021,probable,"k0=0, k1=1, k2=0, kinship=0.25; Mendelian errors=0; Section D; Prev publication: Raimondi et al. 2020 (Orsolina=Coccalona nera)"
Orsolina,Uva rara,,SNP (Vitis18K),SNP,~18000,,Lacombe & Emanuelli et al. 2020,10.3389/fpls.2020.605934,2021,probable,"k0=0, k1=1, k2=0, kinship=0.25; Mendelian errors=3; Section D; Prev publication: Raimondi et al. 2020 (Orsolina=Coccalona nera)"
Uva rara,Orsolina,,SNP (Vitis18K),SNP,~18000,,Lacombe & Emanuelli et al. 2020,10.3389/fpls.2020.605934,2021,probable,"k0=0, k1=1, k2=0, kinship=0.25; Mendelian errors=3; Section D; Prev publication: Raimondi et al. 2020 (Orsolina=Coccalona nera)"
Orsolina,Vespolina,,SNP (Vitis18K),SNP,~18000,,Lacombe & Emanuelli et al. 2020,10.3389/fpls.2020.605934,2021,probable,"k0=0, k1=1, k2=0, kinship=0.25; Mendelian errors=0; Section D; Prev publication: Raimondi et al. 2020 (Orsolina=Coccalona nera)"
Ortega,Siegerrebe,,SNP (Vitis18K),SNP,~18000,,Lacombe & Emanuelli et al. 2020,10.3389/fpls.2020.605934,2021,probable,"k0=0, k1=0.92, k2=0.08, kinship=0.27; Mendelian errors=1; Section D; Prev publication: Lacombe et al., 2013"
Siegerrebe,Ortega,,SNP (Vitis18K),SNP,~18000,,Lacombe & Emanuelli et al. 2020,10.3389/fpls.2020.605934,2021,probable,"k0=0, k1=0.92, k2=0.08, kinship=0.27; Mendelian errors=1; Section D; Prev publication: Lacombe et al., 2013"
Riesling,Osteiner,,SNP (Vitis18K),SNP,~18000,,Lacombe & Emanuelli et al. 2020,10.3389/fpls.2020.605934,2021,probable,"k0=0, k1=0.86, k2=0.14, kinship=0.29; Mendelian errors=0; Section D; Prev publication: Lacombe et al., 2013"
Sylvaner verde,Osteiner,,SNP (Vitis18K),SNP,~18000,,Lacombe & Emanuelli et al. 2020,10.3389/fpls.2020.605934,2021,probable,"k0=0, k1=0.84, k2=0.16, kinship=0.29; Mendelian errors=0; Section D; Prev publication: Lacombe et al., 2013"
Prokupac,Papaskarasi,,SNP (Vitis18K),SNP,~18000,,Lacombe & Emanuelli et al. 2020,10.3389/fpls.2020.605934,2021,probable,"k0=0.01, k1=0.96, k2=0.04, kinship=0.26; Mendelian errors=3; Section D; Prev publication: Lacombe et al., 2013"
Parduca,Savagnin,,SNP (Vitis18K),SNP,~18000,,Lacombe & Emanuelli et al. 2020,10.3389/fpls.2020.605934,2021,probable,"k0=0, k1=1, k2=0, kinship=0.25; Mendelian errors=0; Section D; Prev publication: Lacombe et al., 2013"
Savagnin,Parduca,,SNP (Vitis18K),SNP,~18000,,Lacombe & Emanuelli et al. 2020,10.3389/fpls.2020.605934,2021,probable,"k0=0, k1=1, k2=0, kinship=0.25; Mendelian errors=0; Section D; Prev publication: Lacombe et al., 2013"
Sultanina,Pasiga,,SNP (Vitis18K),SNP,~18000,,Lacombe & Emanuelli et al. 2020,10.3389/fpls.2020.605934,2021,probable,"k0=0.01, k1=0.99, k2=0, kinship=0.25; Mendelian errors=3; Section D; Prev publication: confirmation of breeder's data by Lacombe et al., 2013"
Pedral,Ramisco,,SNP (Vitis18K),SNP,~18000,,Lacombe & Emanuelli et al. 2020,10.3389/fpls.2020.605934,2021,probable,"k0=0.01, k1=0.9, k2=0.1, kinship=0.27; Mendelian errors=3; Section D; Prev publication: Lacombe et al., 2013"
Ramisco,Pedral,,SNP (Vitis18K),SNP,~18000,,Lacombe & Emanuelli et al. 2020,10.3389/fpls.2020.605934,2021,probable,"k0=0.01, k1=0.9, k2=0.1, kinship=0.27; Mendelian errors=3; Section D; Prev publication: Lacombe et al., 2013"
Perlon,Sultana moscata,,SNP (Vitis18K),SNP,~18000,,Lacombe & Emanuelli et al. 2020,10.3389/fpls.2020.605934,2021,probable,"k0=0, k1=0.83, k2=0.17, kinship=0.29; Mendelian errors=1; Section D; Prev publication: Lacombe et al., 2013"
Sultana moscata,Perlon,,SNP (Vitis18K),SNP,~18000,,Lacombe & Emanuelli et al. 2020,10.3389/fpls.2020.605934,2021,probable,"k0=0, k1=0.83, k2=0.17, kinship=0.29; Mendelian errors=1; Section D; Prev publication: Lacombe et al., 2013"
Perricone,Sangiovese,,SNP (Vitis18K),SNP,~18000,,Lacombe & Emanuelli et al. 2020,10.3389/fpls.2020.605934,2021,probable,"k0=0, k1=1, k2=0, kinship=0.25; Mendelian errors=0; Section D; Prev publication: Mercati et al., 2016"
Sangiovese,Perricone,,SNP (Vitis18K),SNP,~18000,,Lacombe & Emanuelli et al. 2020,10.3389/fpls.2020.605934,2021,probable,"k0=0, k1=1, k2=0, kinship=0.25; Mendelian errors=0; Section D; Prev publication: Mercati et al., 2016"
Persan,Savagnin,,SNP (Vitis18K),SNP,~18000,,Lacombe & Emanuelli et al. 2020,10.3389/fpls.2020.605934,2021,probable,"k0=0, k1=0.97, k2=0.03, kinship=0.26; Mendelian errors=0; Section D; Prev publication: Lacombe et al., 2013"
Savagnin,Persan,,SNP (Vitis18K),SNP,~18000,,Lacombe & Emanuelli et al. 2020,10.3389/fpls.2020.605934,2021,probable,"k0=0, k1=0.97, k2=0.03, kinship=0.26; Mendelian errors=0; Section D; Prev publication: Lacombe et al., 2013"
Teinturier,Petit Bouschet,,SNP (Vitis18K),SNP,~18000,,Lacombe & Emanuelli et al. 2020,10.3389/fpls.2020.605934,2021,probable,"k0=0, k1=1, k2=0, kinship=0.25; Mendelian errors=0; Section D; Prev publication: Lacombe et al., 2013"
Petit Bouschet,Terret Bouschet,,SNP (Vitis18K),SNP,~18000,,Lacombe & Emanuelli et al. 2020,10.3389/fpls.2020.605934,2021,probable,"k0=0, k1=1, k2=0, kinship=0.25; Mendelian errors=0; Section D; Prev publication: Lacombe et al., 2013"
Terret Bouschet,Petit Bouschet,,SNP (Vitis18K),SNP,~18000,,Lacombe & Emanuelli et al. 2020,10.3389/fpls.2020.605934,2021,probable,"k0=0, k1=1, k2=0, kinship=0.25; Mendelian errors=0; Section D; Prev publication: Lacombe et al., 2013"
Petit manseng,Savagnin,,SNP (Vitis18K),SNP,~18000,,Lacombe & Emanuelli et al. 2020,10.3389/fpls.2020.605934,2021,probable,"k0=0, k1=0.95, k2=0.05, kinship=0.26; Mendelian errors=0; Section D; Prev publication: Lacombe et al., 2013"
Savagnin,Petit manseng,,SNP (Vitis18K),SNP,~18000,,Lacombe & Emanuelli et al. 2020,10.3389/fpls.2020.605934,2021,probable,"k0=0, k1=0.95, k2=0.05, kinship=0.26; Mendelian errors=0; Section D; Prev publication: Lacombe et al., 2013"
Petit rouge,Rouge du pays,,SNP (Vitis18K),SNP,~18000,,Lacombe & Emanuelli et al. 2020,10.3389/fpls.2020.605934,2021,probable,"k0=0, k1=1, k2=0, kinship=0.25; Mendelian errors=1; Section D; Prev publication: Vouillamoz et al., 2003"
Rouge du pays,Petit rouge,,SNP (Vitis18K),SNP,~18000,,Lacombe & Emanuelli et al. 2020,10.3389/fpls.2020.605934,2021,probable,"k0=0, k1=1, k2=0, kinship=0.25; Mendelian errors=1; Section D; Prev publication: Vouillamoz et al., 2003"
Petit rouge,Vien de Nus,,SNP (Vitis18K),SNP,~18000,,Lacombe & Emanuelli et al. 2020,10.3389/fpls.2020.605934,2021,probable,"k0=0, k1=0.96, k2=0.04, kinship=0.26; Mendelian errors=0; Section D; Prev publication: Lacombe et al., 2013"
Vien de Nus,Petit rouge,,SNP (Vitis18K),SNP,~18000,,Lacombe & Emanuelli et al. 2020,10.3389/fpls.2020.605934,2021,probable,"k0=0, k1=0.96, k2=0.04, kinship=0.26; Mendelian errors=0; Section D; Prev publication: Lacombe et al., 2013"
Petit verdot,Pie di palombo,,SNP (Vitis18K),SNP,~18000,,Lacombe & Emanuelli et al. 2020,10.3389/fpls.2020.605934,2021,probable,"k0=0, k1=1, k2=0, kinship=0.25; Mendelian errors=2; Section D; Prev publication: De Lorenzis et al., 2019"
Pie di palombo,Petit verdot,,SNP (Vitis18K),SNP,~18000,,Lacombe & Emanuelli et al. 2020,10.3389/fpls.2020.605934,2021,probable,"k0=0, k1=1, k2=0, kinship=0.25; Mendelian errors=2; Section D; Prev publication: De Lorenzis et al., 2019"
Petit verdot,Tressot noir,,SNP (Vitis18K),SNP,~18000,,Lacombe & Emanuelli et al. 2020,10.3389/fpls.2020.605934,2021,probable,"k0=0, k1=0.97, k2=0.03, kinship=0.26; Mendelian errors=0; Section D; Prev publication: Lacombe et al., 2013"
Tressot noir,Petit verdot,,SNP (Vitis18K),SNP,~18000,,Lacombe & Emanuelli et al. 2020,10.3389/fpls.2020.605934,2021,probable,"k0=0, k1=0.97, k2=0.03, kinship=0.26; Mendelian errors=0; Section D; Prev publication: Lacombe et al., 2013"
Pinot,Roi des precoces,,SNP (Vitis18K),SNP,~18000,,Lacombe & Emanuelli et al. 2020,10.3389/fpls.2020.605934,2021,probable,"k0=0, k1=1, k2=0, kinship=0.25; Mendelian errors=1; Section D; Prev publication: Lacombe et al., 2013"
Pinot,Roublot,,SNP (Vitis18K),SNP,~18000,,Lacombe & Emanuelli et al. 2020,10.3389/fpls.2020.605934,2021,probable,"k0=0, k1=1, k2=0, kinship=0.25; Mendelian errors=1; Section D; Prev publication: Lacombe et al., 2013"
Pinot,Saint-Laurent,,SNP (Vitis18K),SNP,~18000,,Lacombe & Emanuelli et al. 2020,10.3389/fpls.2020.605934,2021,probable,"k0=0, k1=0.72, k2=0.28, kinship=0.32; Mendelian errors=1; Section D; Prev publication: Lacombe et al., 2013"
Saint-Laurent,Pinot,,SNP (Vitis18K),SNP,~18000,,Lacombe & Emanuelli et al. 2020,10.3389/fpls.2020.605934,2021,probable,"k0=0, k1=0.72, k2=0.28, kinship=0.32; Mendelian errors=1; Section D; Prev publication: Lacombe et al., 2013"
Pinot,Savagnin,,SNP (Vitis18K),SNP,~18000,,Lacombe & Emanuelli et al. 2020,10.3389/fpls.2020.605934,2021,probable,"k0=0, k1=0.89, k2=0.11, kinship=0.28; Mendelian errors=0; Section D; Prev publication: Lacombe et al., 2013"
Savagnin,Pinot,,SNP (Vitis18K),SNP,~18000,,Lacombe & Emanuelli et al. 2020,10.3389/fpls.2020.605934,2021,probable,"k0=0, k1=0.89, k2=0.11, kinship=0.28; Mendelian errors=0; Section D; Prev publication: Lacombe et al., 2013"
Planta fina,Rassegui,,SNP (Vitis18K),SNP,~18000,,Lacombe & Emanuelli et al. 2020,10.3389/fpls.2020.605934,2021,probable,"k0=0, k1=0.97, k2=0.03, kinship=0.26; Mendelian errors=0; Section D; Prev publication: Lacombe et al., 2013"
Planta fina,Santa Magdalena,,SNP (Vitis18K),SNP,~18000,,Lacombe & Emanuelli et al. 2020,10.3389/fpls.2020.605934,2021,probable,"k0=0, k1=1, k2=0, kinship=0.25; Mendelian errors=1; Section D; Prev publication: Lacombe et al., 2013"
Rojal tinta,Planta nova,,SNP (Vitis18K),SNP,~18000,,Lacombe & Emanuelli et al. 2020,10.3389/fpls.2020.605934,2021,probable,"k0=0, k1=0.96, k2=0.04, kinship=0.26; Mendelian errors=0; Section D; Prev publication: Lacombe et al., 2013"
Primitivo,Plavina,,SNP (Vitis18K),SNP,~18000,,Lacombe & Emanuelli et al. 2020,10.3389/fpls.2020.605934,2021,probable,"k0=0.01, k1=0.78, k2=0.22, kinship=0.3; Mendelian errors=2; Section D; Prev publication: De Lorenzis et al., 2019"
Pollera nera,Termarina (Sciaccarello),,SNP (Vitis18K),SNP,~18000,,Lacombe & Emanuelli et al. 2020,10.3389/fpls.2020.605934,2021,probable,"k0=0, k1=1, k2=0, kinship=0.25; Mendelian errors=1; Section D; Prev publication: Di Vecchi Staraz et al. 2007"
Termarina (Sciaccarello),Pollera nera,,SNP (Vitis18K),SNP,~18000,,Lacombe & Emanuelli et al. 2020,10.3389/fpls.2020.605934,2021,probable,"k0=0, k1=1, k2=0, kinship=0.25; Mendelian errors=1; Section D; Prev publication: Di Vecchi Staraz et al. 2007"
Portugais bleu,Sylvaner verde,,SNP (Vitis18K),SNP,~18000,,Lacombe & Emanuelli et al. 2020,10.3389/fpls.2020.605934,2021,probable,"k0=0, k1=0.85, k2=0.14, kinship=0.28; Mendelian errors=1; Section D; Prev publication: Lacombe et al., 2013"
Sylvaner verde,Portugais bleu,,SNP (Vitis18K),SNP,~18000,,Lacombe & Emanuelli et al. 2020,10.3389/fpls.2020.605934,2021,probable,"k0=0, k1=0.85, k2=0.14, kinship=0.28; Mendelian errors=1; Section D; Prev publication: Lacombe et al., 2013"
Prié blanc,Jaoumet,,SNP (Vitis18K),SNP,~18000,,Lacombe & Emanuelli et al. 2020,10.3389/fpls.2020.605934,2021,probable,"k0=0.01, k1=0.9, k2=0.1, kinship=0.27; Mendelian errors=2; Section D; Prev publication: Lacombe et al., 2013"
Jaoumet,Prié blanc,,SNP (Vitis18K),SNP,~18000,,Lacombe & Emanuelli et al. 2020,10.3389/fpls.2020.605934,2021,probable,"k0=0.01, k1=0.9, k2=0.1, kinship=0.27; Mendelian errors=2; Section D; Prev publication: Lacombe et al., 2013"
Prié blanc,Luglienga bianca (Lignan),,SNP (Vitis18K),SNP,~18000,,Lacombe & Emanuelli et al. 2020,10.3389/fpls.2020.605934,2021,probable,"k0=0, k1=1, k2=0, kinship=0.25; Mendelian errors=3; Section D; Prev publication: Lacombe et al., 2013"
Luglienga bianca (Lignan),Prié blanc,,SNP (Vitis18K),SNP,~18000,,Lacombe & Emanuelli et al. 2020,10.3389/fpls.2020.605934,2021,probable,"k0=0, k1=1, k2=0, kinship=0.25; Mendelian errors=3; Section D; Prev publication: Lacombe et al., 2013"
Prié blanc,Prié rouge,,SNP (Vitis18K),SNP,~18000,,Lacombe & Emanuelli et al. 2020,10.3389/fpls.2020.605934,2021,probable,"k0=0, k1=1, k2=0, kinship=0.25; Mendelian errors=2; Section D; Prev publication: Lacombe et al. 2013 (Prié blanc=Madeleine Salomon=Agostenga blanc and Prié rouge=Premetta)"
Prié rouge,Prié blanc,,SNP (Vitis18K),SNP,~18000,,Lacombe & Emanuelli et al. 2020,10.3389/fpls.2020.605934,2021,probable,"k0=0, k1=1, k2=0, kinship=0.25; Mendelian errors=2; Section D; Prev publication: Lacombe et al. 2013 (Prié blanc=Madeleine Salomon=Agostenga blanc and Prié rouge=Premetta)"
Prié blanc,Santa Magdalena,,SNP (Vitis18K),SNP,~18000,,Lacombe & Emanuelli et al. 2020,10.3389/fpls.2020.605934,2021,probable,"k0=0, k1=1, k2=0, kinship=0.25; Mendelian errors=2; Section D; Prev publication: Lacombe et al., 2013"
Santa Magdalena,Prié blanc,,SNP (Vitis18K),SNP,~18000,,Lacombe & Emanuelli et al. 2020,10.3389/fpls.2020.605934,2021,probable,"k0=0, k1=1, k2=0, kinship=0.25; Mendelian errors=2; Section D; Prev publication: Lacombe et al., 2013"
Prieto picudo tinto,Savagnin,,SNP (Vitis18K),SNP,~18000,,Lacombe & Emanuelli et al. 2020,10.3389/fpls.2020.605934,2021,probable,"k0=0, k1=1, k2=0, kinship=0.25; Mendelian errors=0; Section D; Prev publication: Lacombe et al., 2013"
Savagnin,Prieto picudo tinto,,SNP (Vitis18K),SNP,~18000,,Lacombe & Emanuelli et al. 2020,10.3389/fpls.2020.605934,2021,probable,"k0=0, k1=1, k2=0, kinship=0.25; Mendelian errors=0; Section D; Prev publication: Lacombe et al., 2013"
Quagliano (Bouteillan),Uva di Troia,,SNP (Vitis18K),SNP,~18000,,Lacombe & Emanuelli et al. 2020,10.3389/fpls.2020.605934,2021,probable,"k0=0, k1=0.98, k2=0.02, kinship=0.25; Mendelian errors=1; Section D; Prev publication: Lacombe et al., 2013"
Rabo de ovelha,Vital,,SNP (Vitis18K),SNP,~18000,,Lacombe & Emanuelli et al. 2020,10.3389/fpls.2020.605934,2021,probable,"k0=0, k1=1, k2=0, kinship=0.25; Mendelian errors=0; Section D; Prev publication: Laucou et al., 2018"
Razaki Kirmizi,Trevisana nera,,SNP (Vitis18K),SNP,~18000,,Lacombe & Emanuelli et al. 2020,10.3389/fpls.2020.605934,2021,probable,"k0=0, k1=1, k2=0, kinship=0.25; Mendelian errors=1; Section D; Prev publication: Lacombe et al., 2013"
Trevisana nera,Razaki Kirmizi,,SNP (Vitis18K),SNP,~18000,,Lacombe & Emanuelli et al. 2020,10.3389/fpls.2020.605934,2021,probable,"k0=0, k1=1, k2=0, kinship=0.25; Mendelian errors=1; Section D; Prev publication: Lacombe et al., 2013"
Razdani,Voskeat,,SNP (Vitis18K),SNP,~18000,,Lacombe & Emanuelli et al. 2020,10.3389/fpls.2020.605934,2021,probable,"k0=0.02, k1=0.82, k2=0.16, kinship=0.29; Mendelian errors=6; Section D; Prev publication: Lacombe et al., 2013"
Voskeat,Razdani,,SNP (Vitis18K),SNP,~18000,,Lacombe & Emanuelli et al. 2020,10.3389/fpls.2020.605934,2021,probable,"k0=0.02, k1=0.82, k2=0.16, kinship=0.29; Mendelian errors=6; Section D; Prev publication: Lacombe et al., 2013"
Redondal,Savagnin,,SNP (Vitis18K),SNP,~18000,,Lacombe & Emanuelli et al. 2020,10.3389/fpls.2020.605934,2021,probable,"k0=0, k1=1, k2=0, kinship=0.25; Mendelian errors=0; Section D; Prev publication: Laucou et al., 2018"
Savagnin,Redondal,,SNP (Vitis18K),SNP,~18000,,Lacombe & Emanuelli et al. 2020,10.3389/fpls.2020.605934,2021,probable,"k0=0, k1=1, k2=0, kinship=0.25; Mendelian errors=0; Section D; Prev publication: Laucou et al., 2018"
Refosco nostrano,Tazzelenghe,,SNP (Vitis18K),SNP,~18000,,Lacombe & Emanuelli et al. 2020,10.3389/fpls.2020.605934,2021,probable,"k0=0, k1=0.94, k2=0.06, kinship=0.27; Mendelian errors=0; Section D; Prev publication: Crespan et al., 2020"
Tazzelenghe,Refosco nostrano,,SNP (Vitis18K),SNP,~18000,,Lacombe & Emanuelli et al. 2020,10.3389/fpls.2020.605934,2021,probable,"k0=0, k1=0.94, k2=0.06, kinship=0.27; Mendelian errors=0; Section D; Prev publication: Crespan et al., 2020"
Riesling bleu (Collection Oberlin),Savagnin,,SNP (Vitis18K),SNP,~18000,,Lacombe & Emanuelli et al. 2020,10.3389/fpls.2020.605934,2021,probable,"k0=0, k1=0.87, k2=0.13, kinship=0.28; Mendelian errors=0; Section D; Prev publication: Lacombe et al., 2013"
Savagnin,Riesling bleu (Collection Oberlin),,SNP (Vitis18K),SNP,~18000,,Lacombe & Emanuelli et al. 2020,10.3389/fpls.2020.605934,2021,probable,"k0=0, k1=0.87, k2=0.13, kinship=0.28; Mendelian errors=0; Section D; Prev publication: Lacombe et al., 2013"
Roditis,Savvatiano,,SNP (Vitis18K),SNP,~18000,,Lacombe & Emanuelli et al. 2020,10.3389/fpls.2020.605934,2021,probable,"k0=0.01, k1=0.94, k2=0.05, kinship=0.26; Mendelian errors=3; Section D; Prev publication: Lacombe et al., 2013"
Savvatiano,Roditis,,SNP (Vitis18K),SNP,~18000,,Lacombe & Emanuelli et al. 2020,10.3389/fpls.2020.605934,2021,probable,"k0=0.01, k1=0.94, k2=0.05, kinship=0.26; Mendelian errors=3; Section D; Prev publication: Lacombe et al., 2013"
Roditis,Stavroto faux (Collection Lykovrissi),,SNP (Vitis18K),SNP,~18000,,Lacombe & Emanuelli et al. 2020,10.3389/fpls.2020.605934,2021,probable,"k0=0.01, k1=0.97, k2=0.02, kinship=0.25; Mendelian errors=2; Section D; Prev publication: Lacombe et al., 2013"
Stavroto faux (Collection Lykovrissi),Roditis,,SNP (Vitis18K),SNP,~18000,,Lacombe & Emanuelli et al. 2020,10.3389/fpls.2020.605934,2021,probable,"k0=0.01, k1=0.97, k2=0.02, kinship=0.25; Mendelian errors=2; Section D; Prev publication: Lacombe et al., 2013"
Rollo,Termarina (Sciaccarello),,SNP (Vitis18K),SNP,~18000,,Lacombe & Emanuelli et al. 2020,10.3389/fpls.2020.605934,2021,probable,"k0=0, k1=0.97, k2=0.03, kinship=0.26; Mendelian errors=1; Section D; Prev publication: Di Vecchi Staraz et al., 2007"
Termarina (Sciaccarello),Rollo,,SNP (Vitis18K),SNP,~18000,,Lacombe & Emanuelli et al. 2020,10.3389/fpls.2020.605934,2021,probable,"k0=0, k1=0.97, k2=0.03, kinship=0.26; Mendelian errors=1; Section D; Prev publication: Di Vecchi Staraz et al., 2007"
Saperavi,Rubinovyi Magaracha,,SNP (Vitis18K),SNP,~18000,,Lacombe & Emanuelli et al. 2020,10.3389/fpls.2020.605934,2021,probable,"k0=0, k1=1, k2=0, kinship=0.25; Mendelian errors=4; Section D; Prev publication: Lacombe et al., 2013"
Ruzzese,Vernaccia di Oristano (Spergola),,SNP (Vitis18K),SNP,~18000,,Lacombe & Emanuelli et al. 2020,10.3389/fpls.2020.605934,2021,probable,"k0=0.01, k1=0.95, k2=0.04, kinship=0.26; Mendelian errors=2; Section D; Prev publication: Raimondi et al. 2020"
Vernaccia di Oristano (Spergola),Ruzzese,,SNP (Vitis18K),SNP,~18000,,Lacombe & Emanuelli et al. 2020,10.3389/fpls.2020.605934,2021,probable,"k0=0.01, k1=0.95, k2=0.04, kinship=0.26; Mendelian errors=2; Section D; Prev publication: Raimondi et al. 2020"
Saint-Laurent,Zweigeltrebe blau,,SNP (Vitis18K),SNP,~18000,,Lacombe & Emanuelli et al. 2020,10.3389/fpls.2020.605934,2021,probable,"k0=0, k1=1, k2=0, kinship=0.25; Mendelian errors=1; Section D; Prev publication: Lacombe et al., 2013"
Sangiovese,Strinto porcino,,SNP (Vitis18K),SNP,~18000,,Lacombe & Emanuelli et al. 2020,10.3389/fpls.2020.605934,2021,probable,"k0=0, k1=1, k2=0, kinship=0.25; Mendelian errors=0; Section D; Prev publication: De Lorenzis et al., 2019"
Strinto porcino,Sangiovese,,SNP (Vitis18K),SNP,~18000,,Lacombe & Emanuelli et al. 2020,10.3389/fpls.2020.605934,2021,probable,"k0=0, k1=1, k2=0, kinship=0.25; Mendelian errors=0; Section D; Prev publication: De Lorenzis et al., 2019"
Sangiovese,Susumaniello,,SNP (Vitis18K),SNP,~18000,,Lacombe & Emanuelli et al. 2020,10.3389/fpls.2020.605934,2021,probable,"k0=0, k1=0.88, k2=0.12, kinship=0.28; Mendelian errors=0; Section D; Prev publication: Di Vecchi Staraz et al., 2007, (Greco nero di Cosenza)"
Susumaniello,Sangiovese,,SNP (Vitis18K),SNP,~18000,,Lacombe & Emanuelli et al. 2020,10.3389/fpls.2020.605934,2021,probable,"k0=0, k1=0.88, k2=0.12, kinship=0.28; Mendelian errors=0; Section D; Prev publication: Di Vecchi Staraz et al., 2007, (Greco nero di Cosenza)"
Sangiovese,Tuccanese di Turi,,SNP (Vitis18K),SNP,~18000,,Lacombe & Emanuelli et al. 2020,10.3389/fpls.2020.605934,2021,probable,"k0=0, k1=0.99, k2=0.01, kinship=0.25; Mendelian errors=0; Section D; Prev publication: Crespan et al., 2008b"
Tuccanese di Turi,Sangiovese,,SNP (Vitis18K),SNP,~18000,,Lacombe & Emanuelli et al. 2020,10.3389/fpls.2020.605934,2021,probable,"k0=0, k1=0.99, k2=0.01, kinship=0.25; Mendelian errors=0; Section D; Prev publication: Crespan et al., 2008b"
Sauterne blanc (Nauge),Semillon,,SNP (Vitis18K),SNP,~18000,,Lacombe & Emanuelli et al. 2020,10.3389/fpls.2020.605934,2021,probable,"k0=0, k1=1, k2=0, kinship=0.25; Mendelian errors=0; Section D; Prev publication: Lacombe et al., 2013"
Semillon,Sauterne blanc (Nauge),,SNP (Vitis18K),SNP,~18000,,Lacombe & Emanuelli et al. 2020,10.3389/fpls.2020.605934,2021,probable,"k0=0, k1=1, k2=0, kinship=0.25; Mendelian errors=0; Section D; Prev publication: Lacombe et al., 2013"
Sauvignon blanc,Savagnin,,SNP (Vitis18K),SNP,~18000,,Lacombe & Emanuelli et al. 2020,10.3389/fpls.2020.605934,2021,probable,"k0=0, k1=1, k2=0, kinship=0.25; Mendelian errors=0; Section D; Prev publication: Lacombe et al., 2013"
Savagnin,Sauvignon blanc,,SNP (Vitis18K),SNP,~18000,,Lacombe & Emanuelli et al. 2020,10.3389/fpls.2020.605934,2021,probable,"k0=0, k1=1, k2=0, kinship=0.25; Mendelian errors=0; Section D; Prev publication: Lacombe et al., 2013"
Savagnin,Siegerrebe,,SNP (Vitis18K),SNP,~18000,,Lacombe & Emanuelli et al. 2020,10.3389/fpls.2020.605934,2021,probable,"k0=0, k1=1, k2=0, kinship=0.25; Mendelian errors=0; Section D; Prev publication: Lacombe et al., 2013"
Savagnin,Sylvaner verde,,SNP (Vitis18K),SNP,~18000,,Lacombe & Emanuelli et al. 2020,10.3389/fpls.2020.605934,2021,probable,"k0=0, k1=1, k2=0, kinship=0.25; Mendelian errors=0; Section D; Prev publication: Lacombe et al., 2013"
Sylvaner verde,Savagnin,,SNP (Vitis18K),SNP,~18000,,Lacombe & Emanuelli et al. 2020,10.3389/fpls.2020.605934,2021,probable,"k0=0, k1=1, k2=0, kinship=0.25; Mendelian errors=0; Section D; Prev publication: Lacombe et al., 2013"
Savagnin,Teinturier,,SNP (Vitis18K),SNP,~18000,,Lacombe & Emanuelli et al. 2020,10.3389/fpls.2020.605934,2021,probable,"k0=0, k1=0.97, k2=0.03, kinship=0.26; Mendelian errors=0; Section D; Prev publication: Lacombe et al., 2013"
Teinturier,Savagnin,,SNP (Vitis18K),SNP,~18000,,Lacombe & Emanuelli et al. 2020,10.3389/fpls.2020.605934,2021,probable,"k0=0, k1=0.97, k2=0.03, kinship=0.26; Mendelian errors=0; Section D; Prev publication: Lacombe et al., 2013"
Savagnin,Trousseau noir,,SNP (Vitis18K),SNP,~18000,,Lacombe & Emanuelli et al. 2020,10.3389/fpls.2020.605934,2021,probable,"k0=0, k1=1, k2=0, kinship=0.25; Mendelian errors=0; Section D; Prev publication: Lacombe et al., 2013"
Trousseau noir,Savagnin,,SNP (Vitis18K),SNP,~18000,,Lacombe & Emanuelli et al. 2020,10.3389/fpls.2020.605934,2021,probable,"k0=0, k1=1, k2=0, kinship=0.25; Mendelian errors=0; Section D; Prev publication: Lacombe et al., 2013"
Savagnin,Veltliner,,SNP (Vitis18K),SNP,~18000,,Lacombe & Emanuelli et al. 2020,10.3389/fpls.2020.605934,2021,probable,"k0=0, k1=1, k2=0, kinship=0.25; Mendelian errors=0; Section D; Prev publication: Lacombe et al., 2013"
Veltliner,Savagnin,,SNP (Vitis18K),SNP,~18000,,Lacombe & Emanuelli et al. 2020,10.3389/fpls.2020.605934,2021,probable,"k0=0, k1=1, k2=0, kinship=0.25; Mendelian errors=0; Section D; Prev publication: Lacombe et al., 2013"
Savagnin,Verdejo blanco,,SNP (Vitis18K),SNP,~18000,,Lacombe & Emanuelli et al. 2020,10.3389/fpls.2020.605934,2021,probable,"k0=0, k1=1, k2=0, kinship=0.25; Mendelian errors=0; Section D; Prev publication: Lacombe et al., 2013"
Savagnin,Verues de Huarte,,SNP (Vitis18K),SNP,~18000,,Lacombe & Emanuelli et al. 2020,10.3389/fpls.2020.605934,2021,probable,"k0=0, k1=1, k2=0, kinship=0.25; Mendelian errors=0; Section D; Prev publication: Laucou et al., 2018"
Verues de Huarte,Savagnin,,SNP (Vitis18K),SNP,~18000,,Lacombe & Emanuelli et al. 2020,10.3389/fpls.2020.605934,2021,probable,"k0=0, k1=1, k2=0, kinship=0.25; Mendelian errors=0; Section D; Prev publication: Laucou et al., 2018"
Savagnin,Viosinho,,SNP (Vitis18K),SNP,~18000,,Lacombe & Emanuelli et al. 2020,10.3389/fpls.2020.605934,2021,probable,"k0=0, k1=1, k2=0, kinship=0.25; Mendelian errors=0; Section D; Prev publication: Lacombe et al., 2013"
Viosinho,Savagnin,,SNP (Vitis18K),SNP,~18000,,Lacombe & Emanuelli et al. 2020,10.3389/fpls.2020.605934,2021,probable,"k0=0, k1=1, k2=0, kinship=0.25; Mendelian errors=0; Section D; Prev publication: Lacombe et al., 2013"
Schioppettino,Vulpea,,SNP (Vitis18K),SNP,~18000,,Lacombe & Emanuelli et al. 2020,10.3389/fpls.2020.605934,2021,probable,"k0=0, k1=1, k2=0, kinship=0.25; Mendelian errors=2; Section D; Prev publication: Crespan et al., 2020"
Vulpea,Schioppettino,,SNP (Vitis18K),SNP,~18000,,Lacombe & Emanuelli et al. 2020,10.3389/fpls.2020.605934,2021,probable,"k0=0, k1=1, k2=0, kinship=0.25; Mendelian errors=2; Section D; Prev publication: Crespan et al., 2020"
Sermnali,Sultanina,,SNP (Vitis18K),SNP,~18000,,Lacombe & Emanuelli et al. 2020,10.3389/fpls.2020.605934,2021,probable,"k0=0.01, k1=0.9, k2=0.09, kinship=0.27; Mendelian errors=4; Section D; Prev publication: Laucou et al., 2018"
Sultanina,Sermnali,,SNP (Vitis18K),SNP,~18000,,Lacombe & Emanuelli et al. 2020,10.3389/fpls.2020.605934,2021,probable,"k0=0.01, k1=0.9, k2=0.09, kinship=0.27; Mendelian errors=4; Section D; Prev publication: Laucou et al., 2018"
Servant,Wildbacher de Hongrie (Collection Ravaz),,SNP (Vitis18K),SNP,~18000,,Lacombe & Emanuelli et al. 2020,10.3389/fpls.2020.605934,2021,probable,"k0=0, k1=1, k2=0, kinship=0.25; Mendelian errors=1; Section D; Prev publication: Laucou et al., 2018"
Wildbacher de Hongrie (Collection Ravaz),Servant,,SNP (Vitis18K),SNP,~18000,,Lacombe & Emanuelli et al. 2020,10.3389/fpls.2020.605934,2021,probable,"k0=0, k1=1, k2=0, kinship=0.25; Mendelian errors=1; Section D; Prev publication: Laucou et al., 2018"
Shabash,Tsitsa Kaprei,,SNP (Vitis18K),SNP,~18000,,Lacombe & Emanuelli et al. 2020,10.3389/fpls.2020.605934,2021,probable,"k0=0, k1=0.86, k2=0.14, kinship=0.28; Mendelian errors=1; Section D; Prev publication: Laucou et al., 2018"
Tsitsa Kaprei,Shabash,,SNP (Vitis18K),SNP,~18000,,Lacombe & Emanuelli et al. 2020,10.3389/fpls.2020.605934,2021,probable,"k0=0, k1=0.86, k2=0.14, kinship=0.28; Mendelian errors=1; Section D; Prev publication: Laucou et al., 2018"
Sicilien,Bicane,,SNP (Vitis18K),SNP,~18000,,Lacombe & Emanuelli et al. 2020,10.3389/fpls.2020.605934,2021,probable,"k0=0.01, k1=0.99, k2=0, kinship=0.25; Mendelian errors=2; Section D; Prev publication: Lacombe et al., 2013"
Bicane,Sicilien,,SNP (Vitis18K),SNP,~18000,,Lacombe & Emanuelli et al. 2020,10.3389/fpls.2020.605934,2021,probable,"k0=0.01, k1=0.99, k2=0, kinship=0.25; Mendelian errors=2; Section D; Prev publication: Lacombe et al., 2013"
Signurina,Sultanina,,SNP (Vitis18K),SNP,~18000,,Lacombe & Emanuelli et al. 2020,10.3389/fpls.2020.605934,2021,probable,"k0=0.01, k1=0.86, k2=0.13, kinship=0.28; Mendelian errors=3; Section D; Prev publication: De Lorenzis et al. 2019"
Sultanina,Signurina,,SNP (Vitis18K),SNP,~18000,,Lacombe & Emanuelli et al. 2020,10.3389/fpls.2020.605934,2021,probable,"k0=0.01, k1=0.86, k2=0.13, kinship=0.28; Mendelian errors=3; Section D; Prev publication: De Lorenzis et al. 2019"
Sirio,Verdiso,,SNP (Vitis18K),SNP,~18000,,Lacombe & Emanuelli et al. 2020,10.3389/fpls.2020.605934,2021,probable,"k0=0, k1=0.97, k2=0.03, kinship=0.26; Mendelian errors=0; Section D; Prev publication: confirmation of breeder's data by Raimondi et al., 2017"
Verdiso,Sirio,,SNP (Vitis18K),SNP,~18000,,Lacombe & Emanuelli et al. 2020,10.3389/fpls.2020.605934,2021,probable,"k0=0, k1=0.97, k2=0.03, kinship=0.26; Mendelian errors=0; Section D; Prev publication: confirmation of breeder's data by Raimondi et al., 2017"
Slarina,Neretto di Marengo,,SNP (Vitis18K),SNP,~18000,,Lacombe & Emanuelli et al. 2020,10.3389/fpls.2020.605934,2021,probable,"k0=0, k1=0.94, k2=0.06, kinship=0.26; Mendelian errors=0; Section D; Prev publication: Raimondi et al. 2020"
Neretto di Marengo,Slarina,,SNP (Vitis18K),SNP,~18000,,Lacombe & Emanuelli et al. 2020,10.3389/fpls.2020.605934,2021,probable,"k0=0, k1=0.94, k2=0.06, kinship=0.26; Mendelian errors=0; Section D; Prev publication: Raimondi et al. 2020"
Uva sacra (Uva sogra),Somarello,,SNP (Vitis18K),SNP,~18000,,Lacombe & Emanuelli et al. 2020,10.3389/fpls.2020.605934,2021,probable,"k0=0, k1=0.92, k2=0.08, kinship=0.27; Mendelian errors=0; Section D; Prev publication: Lacombe et al., 2013"
Sultanina,Sultana moscata,,SNP (Vitis18K),SNP,~18000,,Lacombe & Emanuelli et al. 2020,10.3389/fpls.2020.605934,2021,probable,"k0=0.01, k1=0.9, k2=0.09, kinship=0.27; Mendelian errors=3; Section D; Prev publication: Lacombe et al., 2013"
Sultanina,Bayad (non identified),,SNP (Vitis18K),SNP,~18000,,Lacombe & Emanuelli et al. 2020,10.3389/fpls.2020.605934,2021,probable,"k0=0, k1=0.91, k2=0.08, kinship=0.27; Mendelian errors=1; Section D; Prev publication: Laucou et al., 2018"
Bayad (non identified),Sultanina,,SNP (Vitis18K),SNP,~18000,,Lacombe & Emanuelli et al. 2020,10.3389/fpls.2020.605934,2021,probable,"k0=0, k1=0.91, k2=0.08, kinship=0.27; Mendelian errors=1; Section D; Prev publication: Laucou et al., 2018"
Sultanina,Sultanina de Bulgarie,,SNP (Vitis18K),SNP,~18000,,Lacombe & Emanuelli et al. 2020,10.3389/fpls.2020.605934,2021,probable,"k0=0.01, k1=0.92, k2=0.06, kinship=0.26; Mendelian errors=4; Section D; Prev publication: Lacombe et al., 2013"
Sultanina de Bulgarie,Sultanina,,SNP (Vitis18K),SNP,~18000,,Lacombe & Emanuelli et al. 2020,10.3389/fpls.2020.605934,2021,probable,"k0=0.01, k1=0.92, k2=0.06, kinship=0.26; Mendelian errors=4; Section D; Prev publication: Lacombe et al., 2013"
Sultanina,Tarrango,,SNP (Vitis18K),SNP,~18000,,Lacombe & Emanuelli et al. 2020,10.3389/fpls.2020.605934,2021,probable,"k0=0, k1=1, k2=0, kinship=0.25; Mendelian errors=2; Section D; Prev publication: confirmation of breeder's data by Lacombe et al., 2013"
Sytanich,Tressot noir,,SNP (Vitis18K),SNP,~18000,,Lacombe & Emanuelli et al. 2020,10.3389/fpls.2020.605934,2021,probable,"k0=0, k1=0.94, k2=0.06, kinship=0.26; Mendelian errors=0; Section D; Prev publication: Lacombe et al., 2013"
Tressot noir,Sytanich,,SNP (Vitis18K),SNP,~18000,,Lacombe & Emanuelli et al. 2020,10.3389/fpls.2020.605934,2021,probable,"k0=0, k1=0.94, k2=0.06, kinship=0.26; Mendelian errors=0; Section D; Prev publication: Lacombe et al., 2013"
Tagobi,Yakdona kizil,,SNP (Vitis18K),SNP,~18000,,Lacombe & Emanuelli et al. 2020,10.3389/fpls.2020.605934,2021,probable,"k0=0.01, k1=0.84, k2=0.15, kinship=0.29; Mendelian errors=3; Section D; Prev publication: Lacombe et al., 2013"
Tamjanika crna (Moscato rosa),Moscato bianco,,SNP (Vitis18K),SNP,~18000,,Lacombe & Emanuelli et al. 2020,10.3389/fpls.2020.605934,2021,probable,"k0=0, k1=0.98, k2=0.02, kinship=0.26; Mendelian errors=0; Section D; Prev publication: Laucou et al., 2018"
Moscato bianco,Tamjanika crna (Moscato rosa),,SNP (Vitis18K),SNP,~18000,,Lacombe & Emanuelli et al. 2020,10.3389/fpls.2020.605934,2021,probable,"k0=0, k1=0.98, k2=0.02, kinship=0.26; Mendelian errors=0; Section D; Prev publication: Laucou et al., 2018"
Touriga nacional,Tarrango,,SNP (Vitis18K),SNP,~18000,,Lacombe & Emanuelli et al. 2020,10.3389/fpls.2020.605934,2021,probable,"k0=0, k1=1, k2=0, kinship=0.25; Mendelian errors=0; Section D; Prev publication: confirmation of breeder's data by Lacombe et al., 2013"
Teinturier,Teinturier ad acino rotondo,,SNP (Vitis18K),SNP,~18000,,Lacombe & Emanuelli et al. 2020,10.3389/fpls.2020.605934,2021,probable,"k0=0, k1=1, k2=0, kinship=0.25; Mendelian errors=0; Section D; Prev publication: Raimondi et al. 2020 (Teinturier=Teinturier du Cher)"
Albillo mayor,Tempranillo,,SNP (Vitis18K),SNP,~18000,,Lacombe & Emanuelli et al. 2020,10.3389/fpls.2020.605934,2021,probable,"k0=0, k1=0.84, k2=0.16, kinship=0.29; Mendelian errors=0; Section D; Prev publication: Ibáñez et al., 2012; Lacombe et al., 2013"
Benedicto,Tempranillo,,SNP (Vitis18K),SNP,~18000,,Lacombe & Emanuelli et al. 2020,10.3389/fpls.2020.605934,2021,probable,"k0=0, k1=0.82, k2=0.18, kinship=0.29; Mendelian errors=0; Section D; Prev publication: Ibáñez et al., 2012"
Touriga nacional,Tinta Barroca,,SNP (Vitis18K),SNP,~18000,,Lacombe & Emanuelli et al. 2020,10.3389/fpls.2020.605934,2021,probable,"k0=0, k1=1, k2=0, kinship=0.25; Mendelian errors=0; Section D; Prev publication: Lacombe et al., 2013"
Touriga nacional,Touriganca,,SNP (Vitis18K),SNP,~18000,,Lacombe & Emanuelli et al. 2020,10.3389/fpls.2020.605934,2021,probable,"k0=0, k1=1, k2=0, kinship=0.25; Mendelian errors=0; Section D; Prev publication: Lacombe et al., 2013"
Valenci (Beba),Aledo,,SNP (Vitis18K),SNP,~18000,,Lacombe & Emanuelli et al. 2020,10.3389/fpls.2020.605934,2021,probable,"k0=0, k1=0.86, k2=0.14, kinship=0.28; Mendelian errors=1; Section D; Prev publication: Lacombe et al., 2013"
Aledo,Valenci (Beba),,SNP (Vitis18K),SNP,~18000,,Lacombe & Emanuelli et al. 2020,10.3389/fpls.2020.605934,2021,probable,"k0=0, k1=0.86, k2=0.14, kinship=0.28; Mendelian errors=1; Section D; Prev publication: Lacombe et al., 2013"
Valenci (Beba),Heben,,SNP (Vitis18K),SNP,~18000,,Lacombe & Emanuelli et al. 2020,10.3389/fpls.2020.605934,2021,probable,"k0=0, k1=0.89, k2=0.11, kinship=0.28; Mendelian errors=0; Section D; Prev publication: Lacombe et al., 2013"
Heben,Valenci (Beba),,SNP (Vitis18K),SNP,~18000,,Lacombe & Emanuelli et al. 2020,10.3389/fpls.2020.605934,2021,probable,"k0=0, k1=0.89, k2=0.11, kinship=0.28; Mendelian errors=0; Section D; Prev publication: Lacombe et al., 2013"
Valenci (Beba),Muscat d'd’Istambul,,SNP (Vitis18K),SNP,~18000,,Lacombe & Emanuelli et al. 2020,10.3389/fpls.2020.605934,2021,probable,"k0=0, k1=0.92, k2=0.08, kinship=0.27; Mendelian errors=0; Section D; Prev publication: Lacombe et al., 2013"
Valenci (Beba),Nave = Totosi,,SNP (Vitis18K),SNP,~18000,,Lacombe & Emanuelli et al. 2020,10.3389/fpls.2020.605934,2021,probable,"k0=0, k1=0.81, k2=0.19, kinship=0.3; Mendelian errors=0; Section D; Prev publication: Lacombe et al., 2013"
Nave = Totosi,Valenci (Beba),,SNP (Vitis18K),SNP,~18000,,Lacombe & Emanuelli et al. 2020,10.3389/fpls.2020.605934,2021,probable,"k0=0, k1=0.81, k2=0.19, kinship=0.3; Mendelian errors=0; Section D; Prev publication: Lacombe et al., 2013"
Valenci (Beba),Valenci tinto,,SNP (Vitis18K),SNP,~18000,,Lacombe & Emanuelli et al. 2020,10.3389/fpls.2020.605934,2021,probable,"k0=0.01, k1=0.79, k2=0.2, kinship=0.3; Mendelian errors=2; Section D; Prev publication: Lacombe et al., 2013"
Valenci tinto,Valenci (Beba),,SNP (Vitis18K),SNP,~18000,,Lacombe & Emanuelli et al. 2020,10.3389/fpls.2020.605934,2021,probable,"k0=0.01, k1=0.79, k2=0.2, kinship=0.3; Mendelian errors=2; Section D; Prev publication: Lacombe et al., 2013"
Verdeca (Lagorthi),Plavina,,SNP (Vitis18K),SNP,~18000,,Lacombe & Emanuelli et al. 2020,10.3389/fpls.2020.605934,2021,probable,"k0=0.01, k1=0.98, k2=0.01, kinship=0.25; Mendelian errors=2; Section D; Prev publication: Lacombe et al., 2013"
Verdeca (Lagorthi),Romeiko,,SNP (Vitis18K),SNP,~18000,,Lacombe & Emanuelli et al. 2020,10.3389/fpls.2020.605934,2021,probable,"k0=0.01, k1=0.88, k2=0.12, kinship=0.28; Mendelian errors=2; Section D; Prev publication: Lacombe et al., 2013"
Vulpea,Visparola,,SNP (Vitis18K),SNP,~18000,,Lacombe & Emanuelli et al. 2020,10.3389/fpls.2020.605934,2021,probable,"k0=0, k1=0.88, k2=0.12, kinship=0.28; Mendelian errors=0; Section D; Prev publication: Lacombe et al., 2013 (Arvina)"
Visparola,Vulpea,,SNP (Vitis18K),SNP,~18000,,Lacombe & Emanuelli et al. 2020,10.3389/fpls.2020.605934,2021,probable,"k0=0, k1=0.88, k2=0.12, kinship=0.28; Mendelian errors=0; Section D; Prev publication: Lacombe et al., 2013 (Arvina)"
Zibibbo (Moscato d'Alessandria),Criolla grande sanjuanina,,SNP (Vitis18K),SNP,~18000,,Lacombe & Emanuelli et al. 2020,10.3389/fpls.2020.605934,2021,probable,"k0=0, k1=1, k2=0, kinship=0.25; Mendelian errors=0; Section D; Prev publication: Lacombe et al., 2013"
Zibibbo (Moscato d'Alessandria),Deckrot,,SNP (Vitis18K),SNP,~18000,,Lacombe & Emanuelli et al. 2020,10.3389/fpls.2020.605934,2021,probable,"k0=0.01, k1=0.94, k2=0.05, kinship=0.26; Mendelian errors=2; Section D; Prev publication: confirmation of breeder's data Lacombe et al., 2013"
Deckrot,Zibibbo (Moscato d'Alessandria),,SNP (Vitis18K),SNP,~18000,,Lacombe & Emanuelli et al. 2020,10.3389/fpls.2020.605934,2021,probable,"k0=0.01, k1=0.94, k2=0.05, kinship=0.26; Mendelian errors=2; Section D; Prev publication: confirmation of breeder's data Lacombe et al., 2013"
Zibibbo (Moscato d'Alessandria),Dona Maria,,SNP (Vitis18K),SNP,~18000,,Lacombe & Emanuelli et al. 2020,10.3389/fpls.2020.605934,2021,probable,"k0=0, k1=0.94, k2=0.05, kinship=0.26; Mendelian errors=1; Section D; Prev publication: confirmation of breeder's data by Lacombe et al., 2013"
Zibibbo (Moscato d'Alessandria),Grillo,,SNP (Vitis18K),SNP,~18000,,Lacombe & Emanuelli et al. 2020,10.3389/fpls.2020.605934,2021,probable,"k0=0, k1=1, k2=0, kinship=0.25; Mendelian errors=3; Section D; Prev publication: Di Vecchi Staraz et al., 2007"
Zibibbo (Moscato d'Alessandria),Moscatel de Angüés,,SNP (Vitis18K),SNP,~18000,,Lacombe & Emanuelli et al. 2020,10.3389/fpls.2020.605934,2021,probable,"k0=0, k1=0.98, k2=0.01, kinship=0.25; Mendelian errors=1; Section D; Prev publication: Laucou et al., 2018"
Moscatel de Angüés,Zibibbo (Moscato d'Alessandria),,SNP (Vitis18K),SNP,~18000,,Lacombe & Emanuelli et al. 2020,10.3389/fpls.2020.605934,2021,probable,"k0=0, k1=0.98, k2=0.01, kinship=0.25; Mendelian errors=1; Section D; Prev publication: Laucou et al., 2018"
Moscato bianco,Zibibbo (Moscato d'Alessandria),,SNP (Vitis18K),SNP,~18000,,Lacombe & Emanuelli et al. 2020,10.3389/fpls.2020.605934,2021,probable,"k0=0.01, k1=0.92, k2=0.07, kinship=0.27; Mendelian errors=3; Section D; Prev publication: Lacombe et al., 2013"
Zibibbo (Moscato d'Alessandria),Moscato d'Amburgo,,SNP (Vitis18K),SNP,~18000,,Lacombe & Emanuelli et al. 2020,10.3389/fpls.2020.605934,2021,probable,"k0=0.01, k1=0.95, k2=0.05, kinship=0.26; Mendelian errors=3; Section D; Prev publication: Crespan, 2003"
Zibibbo (Moscato d'Alessandria),Muscat d'd’Istambul,,SNP (Vitis18K),SNP,~18000,,Lacombe & Emanuelli et al. 2020,10.3389/fpls.2020.605934,2021,probable,"k0=0.01, k1=0.95, k2=0.04, kinship=0.26; Mendelian errors=4; Section D; Prev publication: Lacombe et al., 2013"
Zibibbo (Moscato d'Alessandria),Sultana moscata,,SNP (Vitis18K),SNP,~18000,,Lacombe & Emanuelli et al. 2020,10.3389/fpls.2020.605934,2021,probable,"k0=0, k1=0.94, k2=0.06, kinship=0.26; Mendelian errors=1; Section D; Prev publication: Lacombe et al., 2013"
Zibibbo (Moscato d'Alessandria),Torrontes riojano,,SNP (Vitis18K),SNP,~18000,,Lacombe & Emanuelli et al. 2020,10.3389/fpls.2020.605934,2021,probable,"k0=0, k1=1, k2=0, kinship=0.25; Mendelian errors=3; Section D; Prev publication: Tapia et al., 2007; Lacombe et al., 2013"
