child_variety,parent_variety,parent_role,evidence_type,marker_type,n_markers,lod_score,study_reference,doi,confirmed_year,confidence_level,notes
Aetonychi mavro,Heptakilo,,SNP (10K genome-wide),SNP,10207,3861,Laucou et al. 2018,10.1371/journal.pone.0192540,2018,confirmed,LOD=3861; Mendelian errors=2/10207; Previously: Lacombe et al. 2013
Aetonychi mavro,Kontegalo,,SNP (10K genome-wide),SNP,10207,3861,Laucou et al. 2018,10.1371/journal.pone.0192540,2018,confirmed,LOD=3861; Mendelian errors=2/10207; Previously: Lacombe et al. 2013
Ag isioum,Koz ouzioum,,SNP (10K genome-wide),SNP,10207,3535,Laucou et al. 2018,10.1371/journal.pone.0192540,2018,probable,LOD=3535; Mendelian errors=5/10207
Ag isioum,Institutis grdzelmtevana,,SNP (10K genome-wide),SNP,10207,3535,Laucou et al. 2018,10.1371/journal.pone.0192540,2018,probable,LOD=3535; Mendelian errors=5/10207
Agua Santa,Castelão = Periquita,,SNP (10K genome-wide),SNP,10195,3787,Laucou et al. 2018,10.1371/journal.pone.0192540,2018,confirmed,LOD=3787; Mendelian errors=0/10195; Previously: Zinelabidine et al. 2012
Agua Santa,Camarate,,SNP (10K genome-wide),SNP,10195,3787,Laucou et al. 2018,10.1371/journal.pone.0192540,2018,confirmed,LOD=3787; Mendelian errors=0/10195; Previously: Zinelabidine et al. 2012
Alarije,Gibi = Hebén,,SNP (10K genome-wide),SNP,10207,3068,Laucou et al. 2018,10.1371/journal.pone.0192540,2018,confirmed,LOD=3068; Mendelian errors=1/10207; Previously: Lacombe et al. 2013
Alarije,Tortozón,,SNP (10K genome-wide),SNP,10207,3068,Laucou et al. 2018,10.1371/journal.pone.0192540,2018,confirmed,LOD=3068; Mendelian errors=1/10207; Previously: Lacombe et al. 2013
Albillo de Granada,Gibi = Hebén,,SNP (10K genome-wide),SNP,10204,3126,Laucou et al. 2018,10.1371/journal.pone.0192540,2018,probable,LOD=3126; Mendelian errors=1/10204
Albillo de Granada,Tortozón,,SNP (10K genome-wide),SNP,10204,3126,Laucou et al. 2018,10.1371/journal.pone.0192540,2018,probable,LOD=3126; Mendelian errors=1/10204
Alicante Henri Bouschet,Garnacha tinta = Grenache,,SNP (10K genome-wide),SNP,10207,3038,Laucou et al. 2018,10.1371/journal.pone.0192540,2018,confirmed,LOD=3038; Mendelian errors=3/10207; Previously: Cabezas et al. 2003; Cipriani et al. 2010; Lacombe et al. 2013
Alicante Henri Bouschet,Petit Bouschet,,SNP (10K genome-wide),SNP,10207,3038,Laucou et al. 2018,10.1371/journal.pone.0192540,2018,confirmed,LOD=3038; Mendelian errors=3/10207; Previously: Cabezas et al. 2003; Cipriani et al. 2010; Lacombe et al. 2013
Allarén,Alfrocheiro preto,,SNP (10K genome-wide),SNP,10203,2752,Laucou et al. 2018,10.1371/journal.pone.0192540,2018,confirmed,LOD=2752; Mendelian errors=1/10203; Previously: Cunha et al. 2015; Zinelabidine et al. 2015
Allarén,Gibi = Hebén,,SNP (10K genome-wide),SNP,10203,2752,Laucou et al. 2018,10.1371/journal.pone.0192540,2018,confirmed,LOD=2752; Mendelian errors=1/10203; Previously: Cunha et al. 2015; Zinelabidine et al. 2015
Almeria nera,Ferral = Achladi,,SNP (10K genome-wide),SNP,10207,4351,Laucou et al. 2018,10.1371/journal.pone.0192540,2018,confirmed,LOD=4351; Mendelian errors=0/10207; Previously: Vargas et al. 2009
Almeria nera,Ohanes,,SNP (10K genome-wide),SNP,10207,4351,Laucou et al. 2018,10.1371/journal.pone.0192540,2018,confirmed,LOD=4351; Mendelian errors=0/10207; Previously: Vargas et al. 2009
Aragatzi,Khoussaïné blanc,,SNP (10K genome-wide),SNP,10200,3626,Laucou et al. 2018,10.1371/journal.pone.0192540,2018,confirmed,LOD=3626; Mendelian errors=3/10200; Previously: Lacombe et al. 2013
Aragatzi,Sultanine,,SNP (10K genome-wide),SNP,10200,3626,Laucou et al. 2018,10.1371/journal.pone.0192540,2018,confirmed,LOD=3626; Mendelian errors=3/10200; Previously: Lacombe et al. 2013
Arinto do Dão,Alfrocheiro preto,,SNP (10K genome-wide),SNP,10207,3020,Laucou et al. 2018,10.1371/journal.pone.0192540,2018,confirmed,LOD=3020; Mendelian errors=1/10207; Previously: Lacombe et al. 2013; Zinelabidine et al. 2015; Cunha et al. 2015
Arinto do Dão,Gibi = Hebén,,SNP (10K genome-wide),SNP,10207,3020,Laucou et al. 2018,10.1371/journal.pone.0192540,2018,confirmed,LOD=3020; Mendelian errors=1/10207; Previously: Lacombe et al. 2013; Zinelabidine et al. 2015; Cunha et al. 2015
Attiki,Alphonse Lavallée,,SNP (10K genome-wide),SNP,10205,3692,Laucou et al. 2018,10.1371/journal.pone.0192540,2018,confirmed,LOD=3692; Mendelian errors=2/10205; Previously: Lacombe et al. 2013
Attiki,Black monukka,,SNP (10K genome-wide),SNP,10205,3692,Laucou et al. 2018,10.1371/journal.pone.0192540,2018,confirmed,LOD=3692; Mendelian errors=2/10205; Previously: Lacombe et al. 2013
Bajor kék,Blank blauer,,SNP (10K genome-wide),SNP,10207,3456,Laucou et al. 2018,10.1371/journal.pone.0192540,2018,confirmed,LOD=3456; Mendelian errors=2/10207; Previously: Lacombe et al. 2013
Bajor kék,Goher,,SNP (10K genome-wide),SNP,10207,3456,Laucou et al. 2018,10.1371/journal.pone.0192540,2018,confirmed,LOD=3456; Mendelian errors=2/10207; Previously: Lacombe et al. 2013
Basilikumtraube,Chasselas,,SNP (10K genome-wide),SNP,10207,4046,Laucou et al. 2018,10.1371/journal.pone.0192540,2018,confirmed,LOD=4046; Mendelian errors=3/10207; Previously: Lacombe et al. 2013
Basilikumtraube,Pinot noir,,SNP (10K genome-wide),SNP,10207,4046,Laucou et al. 2018,10.1371/journal.pone.0192540,2018,confirmed,LOD=4046; Mendelian errors=3/10207; Previously: Lacombe et al. 2013
Bastardo espanhol,Trousseau,,SNP (10K genome-wide),SNP,10207,2845,Laucou et al. 2018,10.1371/journal.pone.0192540,2018,confirmed,LOD=2845; Mendelian errors=3/10207; Previously: Lacombe et al. 2013
Bastardo espanhol,Gibi = Hebén,,SNP (10K genome-wide),SNP,10207,2845,Laucou et al. 2018,10.1371/journal.pone.0192540,2018,confirmed,LOD=2845; Mendelian errors=3/10207; Previously: Lacombe et al. 2013
Bastardo Magaratchskii,Trousseau,,SNP (10K genome-wide),SNP,10207,3456,Laucou et al. 2018,10.1371/journal.pone.0192540,2018,confirmed,LOD=3456; Mendelian errors=3/10207; Previously: Lacombe et al. 2013
Bastardo Magaratchskii,Saperavi,,SNP (10K genome-wide),SNP,10207,3456,Laucou et al. 2018,10.1371/journal.pone.0192540,2018,confirmed,LOD=3456; Mendelian errors=3/10207; Previously: Lacombe et al. 2013
Bezoul el Aouda,Abouhou,,SNP (10K genome-wide),SNP,10207,3554,Laucou et al. 2018,10.1371/journal.pone.0192540,2018,confirmed,LOD=3554; Mendelian errors=5/10207; Previously: Lacombe et al. 2013
Bezoul el Aouda,Dedo de Dama,,SNP (10K genome-wide),SNP,10207,3554,Laucou et al. 2018,10.1371/journal.pone.0192540,2018,confirmed,LOD=3554; Mendelian errors=5/10207; Previously: Lacombe et al. 2013
Black monukka,Sultanine,,SNP (10K genome-wide),SNP,10207,4063,Laucou et al. 2018,10.1371/journal.pone.0192540,2018,confirmed,LOD=4063; Mendelian errors=2/10207; Previously: Lacombe et al. 2013
Black monukka,Ichkimar,,SNP (10K genome-wide),SNP,10207,4063,Laucou et al. 2018,10.1371/journal.pone.0192540,2018,confirmed,LOD=4063; Mendelian errors=2/10207; Previously: Lacombe et al. 2013
Breider 5-6,Siegerrebe,,SNP (10K genome-wide),SNP,10207,5315,Laucou et al. 2018,10.1371/journal.pone.0192540,2018,confirmed,LOD=5315; Mendelian errors=0/10207; Previously: Lacombe et al. 2013
Cainho,Alvarinho,,SNP (10K genome-wide),SNP,10207,4630,Laucou et al. 2018,10.1371/journal.pone.0192540,2018,confirmed,LOD=4630; Mendelian errors=6/10207; Previously: Díaz-Losada et al. 2011; Lacombe et al. 2013
Cainho,Amaral,,SNP (10K genome-wide),SNP,10207,4630,Laucou et al. 2018,10.1371/journal.pone.0192540,2018,confirmed,LOD=4630; Mendelian errors=6/10207; Previously: Díaz-Losada et al. 2011; Lacombe et al. 2013
Calabre,Muscat à petits grains blancs,,SNP (10K genome-wide),SNP,10193,3443,Laucou et al. 2018,10.1371/journal.pone.0192540,2018,confirmed,LOD=3443; Mendelian errors=5/10193; Previously: Lacombe et al. 2013
Calabre,Bicane,,SNP (10K genome-wide),SNP,10193,3443,Laucou et al. 2018,10.1371/journal.pone.0192540,2018,confirmed,LOD=3443; Mendelian errors=5/10193; Previously: Lacombe et al. 2013
Camarate,Alfrocheiro preto,,SNP (10K genome-wide),SNP,10198,3117,Laucou et al. 2018,10.1371/journal.pone.0192540,2018,confirmed,LOD=3117; Mendelian errors=1/10198; Previously: Zinelabidine et al. 2012; Lacombe et al. 2013; Cunha et al. 2015
Camarate,Cayetana blanca = Jaén blanco,,SNP (10K genome-wide),SNP,10198,3117,Laucou et al. 2018,10.1371/journal.pone.0192540,2018,confirmed,LOD=3117; Mendelian errors=1/10198; Previously: Zinelabidine et al. 2012; Lacombe et al. 2013; Cunha et al. 2015
Cardinal,Alphonse Lavallée,,SNP (10K genome-wide),SNP,10189,3206,Laucou et al. 2018,10.1371/journal.pone.0192540,2018,confirmed,LOD=3206; Mendelian errors=4/10189; Previously: IFV 2007; Ibáñez et al. 2009; Cipriani et al. 2010; Lacombe et al. 2013
Cardinal,Reine des Vignes,,SNP (10K genome-wide),SNP,10189,3206,Laucou et al. 2018,10.1371/journal.pone.0192540,2018,confirmed,LOD=3206; Mendelian errors=4/10189; Previously: IFV 2007; Ibáñez et al. 2009; Cipriani et al. 2010; Lacombe et al. 2013
Carina (Australie),Syrah,,SNP (10K genome-wide),SNP,10194,3390,Laucou et al. 2018,10.1371/journal.pone.0192540,2018,confirmed,LOD=3390; Mendelian errors=5/10194; Previously: Lacombe et al. 2013
Carina (Australie),Sultanine,,SNP (10K genome-wide),SNP,10194,3390,Laucou et al. 2018,10.1371/journal.pone.0192540,2018,confirmed,LOD=3390; Mendelian errors=5/10194; Previously: Lacombe et al. 2013
Castelão = Periquita,Alfrocheiro preto,,SNP (10K genome-wide),SNP,10207,2979,Laucou et al. 2018,10.1371/journal.pone.0192540,2018,confirmed,LOD=2979; Mendelian errors=1/10207; Previously: Zinelabidine et al. 2012; Lacombe et al. 2013; Cunha et al. 2015
Castelão = Periquita,Cayetana blanca = Jaén blanco,,SNP (10K genome-wide),SNP,10207,2979,Laucou et al. 2018,10.1371/journal.pone.0192540,2018,confirmed,LOD=2979; Mendelian errors=1/10207; Previously: Zinelabidine et al. 2012; Lacombe et al. 2013; Cunha et al. 2015
Castets = Maturana tinta de Navarrete,Gros Cabernet,,SNP (10K genome-wide),SNP,10207,3902,Laucou et al. 2018,10.1371/journal.pone.0192540,2018,confirmed,LOD=3902; Mendelian errors=5/10207; Previously: Lacombe et al. 2013
Castets = Maturana tinta de Navarrete,Camaraou noir,,SNP (10K genome-wide),SNP,10207,3902,Laucou et al. 2018,10.1371/journal.pone.0192540,2018,confirmed,LOD=3902; Mendelian errors=5/10207; Previously: Lacombe et al. 2013
César,Pinot noir,,SNP (10K genome-wide),SNP,10201,3439,Laucou et al. 2018,10.1371/journal.pone.0192540,2018,confirmed,LOD=3439; Mendelian errors=1/10201; Previously: Lacombe et al. 2013
César,Argant,,SNP (10K genome-wide),SNP,10201,3439,Laucou et al. 2018,10.1371/journal.pone.0192540,2018,confirmed,LOD=3439; Mendelian errors=1/10201; Previously: Lacombe et al. 2013
Chardonnay,Gouais blanc,,SNP (10K genome-wide),SNP,10207,3311,Laucou et al. 2018,10.1371/journal.pone.0192540,2018,confirmed,LOD=3311; Mendelian errors=5/10207; Previously: Bowers et al. 1998 and 1999; Regner et al. 1998 and 2000; Lacombe et al. 2013
Chardonnay,Pinot noir,,SNP (10K genome-wide),SNP,10207,3311,Laucou et al. 2018,10.1371/journal.pone.0192540,2018,confirmed,LOD=3311; Mendelian errors=5/10207; Previously: Bowers et al. 1998 and 1999; Regner et al. 1998 and 2000; Lacombe et al. 2013
Cornichon blanc (non-identified),Chasselas,,SNP (10K genome-wide),SNP,10207,3991,Laucou et al. 2018,10.1371/journal.pone.0192540,2018,probable,LOD=3991; Mendelian errors=5/10207
Cornichon blanc (non-identified),Bicane,,SNP (10K genome-wide),SNP,10207,3991,Laucou et al. 2018,10.1371/journal.pone.0192540,2018,probable,LOD=3991; Mendelian errors=5/10207
Cornifesto,Alfrocheiro preto,,SNP (10K genome-wide),SNP,10201,3097,Laucou et al. 2018,10.1371/journal.pone.0192540,2018,confirmed,LOD=3097; Mendelian errors=4/10201; Previously: Zinelabidine et al. 2012; Lacombe et al. 2013; Cunha et al. 2015
Cornifesto,Cayetana blanca = Jaén blanco,,SNP (10K genome-wide),SNP,10201,3097,Laucou et al. 2018,10.1371/journal.pone.0192540,2018,confirmed,LOD=3097; Mendelian errors=4/10201; Previously: Zinelabidine et al. 2012; Lacombe et al. 2013; Cunha et al. 2015
Criolla grande sanjuanina,Mission = Listán prieto,,SNP (10K genome-wide),SNP,10207,3097,Laucou et al. 2018,10.1371/journal.pone.0192540,2018,confirmed,LOD=3097; Mendelian errors=2/10207; Previously: This et al. 2006; Milla Tapia et al. 2007; Lacombe et al. 2013
Criolla grande sanjuanina,Muscat d'Alexandrie,,SNP (10K genome-wide),SNP,10207,3097,Laucou et al. 2018,10.1371/journal.pone.0192540,2018,confirmed,LOD=3097; Mendelian errors=2/10207; Previously: This et al. 2006; Milla Tapia et al. 2007; Lacombe et al. 2013
Datal,Muscat d'Alexandrie,,SNP (10K genome-wide),SNP,10207,3318,Laucou et al. 2018,10.1371/journal.pone.0192540,2018,confirmed,LOD=3318; Mendelian errors=4/10207; Previously: Lacombe et al. 2013
Datal,Dattier de Beyrouth,,SNP (10K genome-wide),SNP,10207,3318,Laucou et al. 2018,10.1371/journal.pone.0192540,2018,confirmed,LOD=3318; Mendelian errors=4/10207; Previously: Lacombe et al. 2013
Deckrot,Teinturier,,SNP (10K genome-wide),SNP,10182,4467,Laucou et al. 2018,10.1371/journal.pone.0192540,2018,confirmed,LOD=4467; Mendelian errors=2/10182; Previously: Lacombe et al. 2013
Deckrot,Pinot noir,,SNP (10K genome-wide),SNP,10182,4467,Laucou et al. 2018,10.1371/journal.pone.0192540,2018,confirmed,LOD=4467; Mendelian errors=2/10182; Previously: Lacombe et al. 2013
Diagalves,Dedo de Dama,,SNP (10K genome-wide),SNP,10204,2847,Laucou et al. 2018,10.1371/journal.pone.0192540,2018,confirmed,LOD=2847; Mendelian errors=6/10204; Previously: Lacombe et al. 2013; Zinelabidine et al. 2015
Diagalves,Gibi = Hebén,,SNP (10K genome-wide),SNP,10204,2847,Laucou et al. 2018,10.1371/journal.pone.0192540,2018,confirmed,LOD=2847; Mendelian errors=6/10204; Previously: Lacombe et al. 2013; Zinelabidine et al. 2015
Dimiat,Gouais blanc,,SNP (10K genome-wide),SNP,10207,3132,Laucou et al. 2018,10.1371/journal.pone.0192540,2018,confirmed,LOD=3132; Mendelian errors=5/10207; Previously: Boursiquot et al. 2004; Lacombe et al. 2010; Lacombe et al. 2013
Dimiat,Coarna alba,,SNP (10K genome-wide),SNP,10207,3132,Laucou et al. 2018,10.1371/journal.pone.0192540,2018,confirmed,LOD=3132; Mendelian errors=5/10207; Previously: Boursiquot et al. 2004; Lacombe et al. 2010; Lacombe et al. 2013
Doight du neigne,Assoued kere,,SNP (10K genome-wide),SNP,10206,4133,Laucou et al. 2018,10.1371/journal.pone.0192540,2018,confirmed,LOD=4133; Mendelian errors=3/10206; Previously: Lacombe et al. 2013
Doight du neigne,Asswad Abou Khislé,,SNP (10K genome-wide),SNP,10206,4133,Laucou et al. 2018,10.1371/journal.pone.0192540,2018,confirmed,LOD=4133; Mendelian errors=3/10206; Previously: Lacombe et al. 2013
Domina,Pinot noir,,SNP (10K genome-wide),SNP,10207,4043,Laucou et al. 2018,10.1371/journal.pone.0192540,2018,confirmed,LOD=4043; Mendelian errors=5/10207; Previously: Lacombe et al. 2013
Domina,Portugais bleu,,SNP (10K genome-wide),SNP,10207,4043,Laucou et al. 2018,10.1371/journal.pone.0192540,2018,confirmed,LOD=4043; Mendelian errors=5/10207; Previously: Lacombe et al. 2013
Dona Maria,Muscat d'Alexandrie,,SNP (10K genome-wide),SNP,10197,3421,Laucou et al. 2018,10.1371/journal.pone.0192540,2018,confirmed,LOD=3421; Mendelian errors=1/10197; Previously: Vargas et al. 2009; Lacombe et al. 2013
Dona Maria,Dattier de Beyrouth,,SNP (10K genome-wide),SNP,10197,3421,Laucou et al. 2018,10.1371/journal.pone.0192540,2018,confirmed,LOD=3421; Mendelian errors=1/10197; Previously: Vargas et al. 2009; Lacombe et al. 2013
Douradinha,Alfrocheiro preto,,SNP (10K genome-wide),SNP,10203,3661,Laucou et al. 2018,10.1371/journal.pone.0192540,2018,confirmed,LOD=3661; Mendelian errors=3/10203; Previously: Lacombe et al. 2013; Cunha et al. 2015
Douradinha,Amaral,,SNP (10K genome-wide),SNP,10203,3661,Laucou et al. 2018,10.1371/journal.pone.0192540,2018,confirmed,LOD=3661; Mendelian errors=3/10203; Previously: Lacombe et al. 2013; Cunha et al. 2015
Ferral (Spain) = Uvallon,Gibi = Hebén,,SNP (10K genome-wide),SNP,10202,2919,Laucou et al. 2018,10.1371/journal.pone.0192540,2018,probable,LOD=2919; Mendelian errors=0/10202
Ferral (Spain) = Uvallon,Breval negro,,SNP (10K genome-wide),SNP,10202,2919,Laucou et al. 2018,10.1371/journal.pone.0192540,2018,probable,LOD=2919; Mendelian errors=0/10202
Flora,Savagnin blanc,,SNP (10K genome-wide),SNP,10207,3838,Laucou et al. 2018,10.1371/journal.pone.0192540,2018,confirmed,LOD=3838; Mendelian errors=0/10207; Previously: Dangl 2006; Lacombe et al. 2010; Myles et al. 2011; Lacombe et al. 2013
Flora,Semillon,,SNP (10K genome-wide),SNP,10207,3838,Laucou et al. 2018,10.1371/journal.pone.0192540,2018,confirmed,LOD=3838; Mendelian errors=0/10207; Previously: Dangl 2006; Lacombe et al. 2010; Myles et al. 2011; Lacombe et al. 2013
Fogoneu,Murescu = Escursach,,SNP (10K genome-wide),SNP,10207,2996,Laucou et al. 2018,10.1371/journal.pone.0192540,2018,confirmed,LOD=2996; Mendelian errors=5/10207; Previously: García-Muñoz 2011; Lacombe et al. 2013
Fogoneu,Mancens = Giro de Baleares,,SNP (10K genome-wide),SNP,10207,2996,Laucou et al. 2018,10.1371/journal.pone.0192540,2018,confirmed,LOD=2996; Mendelian errors=5/10207; Previously: García-Muñoz 2011; Lacombe et al. 2013
Furmint,Gouais blanc,,SNP (10K genome-wide),SNP,10201,3258,Laucou et al. 2018,10.1371/journal.pone.0192540,2018,confirmed,LOD=3258; Mendelian errors=2/10201; Previously: Lacombe et al. 2013
Furmint,Alba imputotato,,SNP (10K genome-wide),SNP,10201,3258,Laucou et al. 2018,10.1371/journal.pone.0192540,2018,confirmed,LOD=3258; Mendelian errors=2/10201; Previously: Lacombe et al. 2013
Galotta,Gamay,,SNP (10K genome-wide),SNP,10207,4275,Laucou et al. 2018,10.1371/journal.pone.0192540,2018,confirmed,LOD=4275; Mendelian errors=2/10207; Previously: Lacombe et al. 2013
Galotta,Ancellotta,,SNP (10K genome-wide),SNP,10207,4275,Laucou et al. 2018,10.1371/journal.pone.0192540,2018,confirmed,LOD=4275; Mendelian errors=2/10207; Previously: Lacombe et al. 2013
Gamay,Gouais blanc,,SNP (10K genome-wide),SNP,10207,3413,Laucou et al. 2018,10.1371/journal.pone.0192540,2018,confirmed,LOD=3413; Mendelian errors=5/10207; Previously: Bowers et al. 1999; Lacombe et al. 2013
Gamay,Pinot noir,,SNP (10K genome-wide),SNP,10207,3413,Laucou et al. 2018,10.1371/journal.pone.0192540,2018,confirmed,LOD=3413; Mendelian errors=5/10207; Previously: Bowers et al. 1999; Lacombe et al. 2013
Garro,Graciano = Morrastel,,SNP (10K genome-wide),SNP,10207,3189,Laucou et al. 2018,10.1371/journal.pone.0192540,2018,confirmed,LOD=3189; Mendelian errors=1/10207; Previously: García-Muñoz 2011; Lacombe et al. 2013; Zinelabidine et al. 2015
Garro,Gibi = Hebén,,SNP (10K genome-wide),SNP,10207,3189,Laucou et al. 2018,10.1371/journal.pone.0192540,2018,confirmed,LOD=3189; Mendelian errors=1/10207; Previously: García-Muñoz 2011; Lacombe et al. 2013; Zinelabidine et al. 2015
Goher,Lisztes feher,,SNP (10K genome-wide),SNP,10193,3288,Laucou et al. 2018,10.1371/journal.pone.0192540,2018,confirmed,LOD=3288; Mendelian errors=1/10193; Previously: Lacombe et al. 2013
Goher,Alba imputotato,,SNP (10K genome-wide),SNP,10193,3288,Laucou et al. 2018,10.1371/journal.pone.0192540,2018,confirmed,LOD=3288; Mendelian errors=1/10193; Previously: Lacombe et al. 2013
Grand Noir de la Calmette,Graciano = Morrastel,,SNP (10K genome-wide),SNP,10201,3246,Laucou et al. 2018,10.1371/journal.pone.0192540,2018,confirmed,LOD=3246; Mendelian errors=2/10201; Previously: Lacombe et al. 2013
Grand Noir de la Calmette,Petit Bouschet,,SNP (10K genome-wide),SNP,10201,3246,Laucou et al. 2018,10.1371/journal.pone.0192540,2018,confirmed,LOD=3246; Mendelian errors=2/10201; Previously: Lacombe et al. 2013
Grillo,Muscat d'Alexandrie,,SNP (10K genome-wide),SNP,10207,3325,Laucou et al. 2018,10.1371/journal.pone.0192540,2018,confirmed,LOD=3325; Mendelian errors=5/10207; Previously: Di Vecchi Staraz et al. 2007; Cipriani et al. 2010; Lacombe et al. 2013
Grillo,Catarratto bianco,,SNP (10K genome-wide),SNP,10207,3325,Laucou et al. 2018,10.1371/journal.pone.0192540,2018,confirmed,LOD=3325; Mendelian errors=5/10207; Previously: Di Vecchi Staraz et al. 2007; Cipriani et al. 2010; Lacombe et al. 2013
Gros Maroc,Frankenthal,,SNP (10K genome-wide),SNP,10200,3473,Laucou et al. 2018,10.1371/journal.pone.0192540,2018,confirmed,LOD=3473; Mendelian errors=4/10200; Previously: Lacombe et al. 2013
Gros Maroc,Black Morocco,,SNP (10K genome-wide),SNP,10200,3473,Laucou et al. 2018,10.1371/journal.pone.0192540,2018,confirmed,LOD=3473; Mendelian errors=4/10200; Previously: Lacombe et al. 2013
Heroldrebe,Limberger,,SNP (10K genome-wide),SNP,10204,3810,Laucou et al. 2018,10.1371/journal.pone.0192540,2018,confirmed,LOD=3810; Mendelian errors=3/10204; Previously: Lacombe et al. 2013
Heroldrebe,Portugais bleu,,SNP (10K genome-wide),SNP,10204,3810,Laucou et al. 2018,10.1371/journal.pone.0192540,2018,confirmed,LOD=3810; Mendelian errors=3/10204; Previously: Lacombe et al. 2013
Houssein rouge,Khoussaïné blanc,,SNP (10K genome-wide),SNP,10206,3876,Laucou et al. 2018,10.1371/journal.pone.0192540,2018,confirmed,LOD=3876; Mendelian errors=2/10206; Previously: Lacombe et al. 2013
Houssein rouge,Negru mare,,SNP (10K genome-wide),SNP,10206,3876,Laucou et al. 2018,10.1371/journal.pone.0192540,2018,confirmed,LOD=3876; Mendelian errors=2/10206; Previously: Lacombe et al. 2013
Icod de los Vinos,Palomino fino = Listán,,SNP (10K genome-wide),SNP,10207,3327,Laucou et al. 2018,10.1371/journal.pone.0192540,2018,confirmed,LOD=3327; Mendelian errors=2/10207; Previously: Zerolo et al 2006; Lacombe et al. 2013
Icod de los Vinos,Negra mole,,SNP (10K genome-wide),SNP,10207,3327,Laucou et al. 2018,10.1371/journal.pone.0192540,2018,confirmed,LOD=3327; Mendelian errors=2/10207; Previously: Zerolo et al 2006; Lacombe et al. 2013
Irsai Oliver,Pozsonyi feher,,SNP (10K genome-wide),SNP,10207,3544,Laucou et al. 2018,10.1371/journal.pone.0192540,2018,confirmed,LOD=3544; Mendelian errors=1/10207; Previously: Kiss et al. 2005; Galbacs et al. 2009; Lacombe et al. 2013
Irsai Oliver,Perle de Csaba,,SNP (10K genome-wide),SNP,10207,3544,Laucou et al. 2018,10.1371/journal.pone.0192540,2018,confirmed,LOD=3544; Mendelian errors=1/10207; Previously: Kiss et al. 2005; Galbacs et al. 2009; Lacombe et al. 2013
Ithaki,Cinsaut,,SNP (10K genome-wide),SNP,10204,3398,Laucou et al. 2018,10.1371/journal.pone.0192540,2018,confirmed,LOD=3398; Mendelian errors=1/10204; Previously: Lacombe et al. 2013
Ithaki,Reine des Vignes,,SNP (10K genome-wide),SNP,10204,3398,Laucou et al. 2018,10.1371/journal.pone.0192540,2018,confirmed,LOD=3398; Mendelian errors=1/10204; Previously: Lacombe et al. 2013
Javor Weiss,Gouais blanc,,SNP (10K genome-wide),SNP,10201,3237,Laucou et al. 2018,10.1371/journal.pone.0192540,2018,probable,LOD=3237; Mendelian errors=3/10201
Javor Weiss,Alba imputotato,,SNP (10K genome-wide),SNP,10201,3237,Laucou et al. 2018,10.1371/journal.pone.0192540,2018,probable,LOD=3237; Mendelian errors=3/10201
Juan García,Alfrocheiro preto,,SNP (10K genome-wide),SNP,10205,3079,Laucou et al. 2018,10.1371/journal.pone.0192540,2018,confirmed,LOD=3079; Mendelian errors=5/10205; Previously: Zinelabidine et al. 2012; Cunha et al. 2015
Juan García,Cayetana blanca = Jaén blanco,,SNP (10K genome-wide),SNP,10205,3079,Laucou et al. 2018,10.1371/journal.pone.0192540,2018,confirmed,LOD=3079; Mendelian errors=5/10205; Previously: Zinelabidine et al. 2012; Cunha et al. 2015
Kanzler,Sylvaner,,SNP (10K genome-wide),SNP,10207,3916,Laucou et al. 2018,10.1371/journal.pone.0192540,2018,confirmed,LOD=3916; Mendelian errors=1/10207; Previously: Maul et al. 2012; Lacombe et al. 2013
Kanzler,Müller-Thurgau,,SNP (10K genome-wide),SNP,10207,3916,Laucou et al. 2018,10.1371/journal.pone.0192540,2018,confirmed,LOD=3916; Mendelian errors=1/10207; Previously: Maul et al. 2012; Lacombe et al. 2013
Kerner,Frankenthal,,SNP (10K genome-wide),SNP,10200,3611,Laucou et al. 2018,10.1371/journal.pone.0192540,2018,confirmed,LOD=3611; Mendelian errors=0/10200; Previously: Grando & Frisinghelli 1998; Cipriani et al. 2010; Myles et al. 2011; Maul et al. 2012; Lacombe et al. 2013
Kerner,Riesling,,SNP (10K genome-wide),SNP,10200,3611,Laucou et al. 2018,10.1371/journal.pone.0192540,2018,confirmed,LOD=3611; Mendelian errors=0/10200; Previously: Grando & Frisinghelli 1998; Cipriani et al. 2010; Myles et al. 2011; Maul et al. 2012; Lacombe et al. 2013
Kizil Yakdona,Khoussaïné blanc,,SNP (10K genome-wide),SNP,10206,3872,Laucou et al. 2018,10.1371/journal.pone.0192540,2018,confirmed,LOD=3872; Mendelian errors=4/10206; Previously: Lacombe et al. 2013
Kizil Yakdona,Tagobi,,SNP (10K genome-wide),SNP,10206,3872,Laucou et al. 2018,10.1371/journal.pone.0192540,2018,confirmed,LOD=3872; Mendelian errors=4/10206; Previously: Lacombe et al. 2013
Lignan,Madeleine Salomon = Agostenga blanc,,SNP (10K genome-wide),SNP,10202,3351,Laucou et al. 2018,10.1371/journal.pone.0192540,2018,confirmed,LOD=3351; Mendelian errors=5/10202; Previously: Lacombe et al. 2013
Lignan,Bermestia bianca,,SNP (10K genome-wide),SNP,10202,3351,Laucou et al. 2018,10.1371/journal.pone.0192540,2018,confirmed,LOD=3351; Mendelian errors=5/10202; Previously: Lacombe et al. 2013
Madeleine de Clermont,Chasselas,,SNP (10K genome-wide),SNP,10207,3601,Laucou et al. 2018,10.1371/journal.pone.0192540,2018,confirmed,LOD=3601; Mendelian errors=5/10207; Previously: Lacombe et al. 2013
Madeleine de Clermont,Madeleine angevine,,SNP (10K genome-wide),SNP,10207,3601,Laucou et al. 2018,10.1371/journal.pone.0192540,2018,confirmed,LOD=3601; Mendelian errors=5/10207; Previously: Lacombe et al. 2013
Mai_3,Perle de Csaba,,SNP (10K genome-wide),SNP,10207,3677,Laucou et al. 2018,10.1371/journal.pone.0192540,2018,confirmed,LOD=3677; Mendelian errors=4/10207; Previously: Lacombe et al. 2013
Mai_3,Dattier de Beyrouth,,SNP (10K genome-wide),SNP,10207,3677,Laucou et al. 2018,10.1371/journal.pone.0192540,2018,confirmed,LOD=3677; Mendelian errors=4/10207; Previously: Lacombe et al. 2013
Malvar,Gibi = Hebén,,SNP (10K genome-wide),SNP,10207,3215,Laucou et al. 2018,10.1371/journal.pone.0192540,2018,confirmed,LOD=3215; Mendelian errors=1/10207; Previously: Lacombe et al. 2013
Malvar,Tortozón,,SNP (10K genome-wide),SNP,10207,3215,Laucou et al. 2018,10.1371/journal.pone.0192540,2018,confirmed,LOD=3215; Mendelian errors=1/10207; Previously: Lacombe et al. 2013
Malvasia volcánica,Malvasia di Sardegna,,SNP (10K genome-wide),SNP,10188,3479,Laucou et al. 2018,10.1371/journal.pone.0192540,2018,confirmed,LOD=3479; Mendelian errors=1/10188; Previously: Zerolo et al. 2006
Malvasia volcánica,Bermejuela,,SNP (10K genome-wide),SNP,10188,3479,Laucou et al. 2018,10.1371/journal.pone.0192540,2018,confirmed,LOD=3479; Mendelian errors=1/10188; Previously: Zerolo et al. 2006
Matilde,Cardinal,,SNP (10K genome-wide),SNP,10207,3421,Laucou et al. 2018,10.1371/journal.pone.0192540,2018,confirmed,LOD=3421; Mendelian errors=1/10207; Previously: Zulini et al. 2002; Ibáñez et al. 2009; Cipriani et al. 2010; Lacombe et al. 2013
Matilde,Italia,,SNP (10K genome-wide),SNP,10207,3421,Laucou et al. 2018,10.1371/journal.pone.0192540,2018,confirmed,LOD=3421; Mendelian errors=1/10207; Previously: Zulini et al. 2002; Ibáñez et al. 2009; Cipriani et al. 2010; Lacombe et al. 2013
Maturana blanca,Savagnin blanc,,SNP (10K genome-wide),SNP,10207,3332,Laucou et al. 2018,10.1371/journal.pone.0192540,2018,probable,LOD=3332; Mendelian errors=1/10207
Maturana blanca,Castellana blanca,,SNP (10K genome-wide),SNP,10207,3332,Laucou et al. 2018,10.1371/journal.pone.0192540,2018,probable,LOD=3332; Mendelian errors=1/10207
Merbein seedless,Sultanine,,SNP (10K genome-wide),SNP,10204,3302,Laucou et al. 2018,10.1371/journal.pone.0192540,2018,confirmed,LOD=3302; Mendelian errors=5/10204; Previously: breeder's data
Merbein seedless,Mayorquin,,SNP (10K genome-wide),SNP,10204,3302,Laucou et al. 2018,10.1371/journal.pone.0192540,2018,confirmed,LOD=3302; Mendelian errors=5/10204; Previously: breeder's data
Merlot,Cabernet franc,,SNP (10K genome-wide),SNP,10207,3775,Laucou et al. 2018,10.1371/journal.pone.0192540,2018,confirmed,LOD=3775; Mendelian errors=8/10207; Previously: Boursiquot et al. 2009;Lacombe et al. 2013
Merlot,Magdeleine noire des Charentes,,SNP (10K genome-wide),SNP,10207,3775,Laucou et al. 2018,10.1371/journal.pone.0192540,2018,confirmed,LOD=3775; Mendelian errors=8/10207; Previously: Boursiquot et al. 2009;Lacombe et al. 2013
Merseguera,Gibi = Hebén,,SNP (10K genome-wide),SNP,10207,3194,Laucou et al. 2018,10.1371/journal.pone.0192540,2018,confirmed,LOD=3194; Mendelian errors=1/10207; Previously: Lacombe et al. 2013
Merseguera,Tortozón,,SNP (10K genome-wide),SNP,10207,3194,Laucou et al. 2018,10.1371/journal.pone.0192540,2018,confirmed,LOD=3194; Mendelian errors=1/10207; Previously: Lacombe et al. 2013
Meslier Saint-François,Gouais blanc,,SNP (10K genome-wide),SNP,10206,2917,Laucou et al. 2018,10.1371/journal.pone.0192540,2018,confirmed,LOD=2917; Mendelian errors=2/10206; Previously: Bowers et al. 1998; Lacombe et al. 2013
Meslier Saint-François,Chenin,,SNP (10K genome-wide),SNP,10206,2917,Laucou et al. 2018,10.1371/journal.pone.0192540,2018,confirmed,LOD=2917; Mendelian errors=2/10206; Previously: Bowers et al. 1998; Lacombe et al. 2013
Mireille,Italia,,SNP (10K genome-wide),SNP,10207,3753,Laucou et al. 2018,10.1371/journal.pone.0192540,2018,confirmed,LOD=3753; Mendelian errors=4/10207; Previously: Lacombe et al. 2013; Ghaffari et al. 2014
Mireille,Perle de Csaba,,SNP (10K genome-wide),SNP,10207,3753,Laucou et al. 2018,10.1371/journal.pone.0192540,2018,confirmed,LOD=3753; Mendelian errors=4/10207; Previously: Lacombe et al. 2013; Ghaffari et al. 2014
Mondeuse,Mondeuse blanche,,SNP (10K genome-wide),SNP,10207,3899,Laucou et al. 2018,10.1371/journal.pone.0192540,2018,confirmed,LOD=3899; Mendelian errors=1/10207; Previously: Lacombe et al. 2013
Mondeuse,Tressot,,SNP (10K genome-wide),SNP,10207,3899,Laucou et al. 2018,10.1371/journal.pone.0192540,2018,confirmed,LOD=3899; Mendelian errors=1/10207; Previously: Lacombe et al. 2013
Mondragón,Mourisco tinto = Marufo,,SNP (10K genome-wide),SNP,10199,3162,Laucou et al. 2018,10.1371/journal.pone.0192540,2018,probable,LOD=3162; Mendelian errors=7/10199
Mondragón,Monastrell = Mourvèdre,,SNP (10K genome-wide),SNP,10199,3162,Laucou et al. 2018,10.1371/journal.pone.0192540,2018,probable,LOD=3162; Mendelian errors=7/10199
Moscatel de Angüés,Muscat d'Alexandrie,,SNP (10K genome-wide),SNP,10203,2948,Laucou et al. 2018,10.1371/journal.pone.0192540,2018,confirmed,LOD=2948; Mendelian errors=1/10203; Previously: Zinelabidine et al. 2015
Moscatel de Angüés,Gibi = Hebén,,SNP (10K genome-wide),SNP,10203,2948,Laucou et al. 2018,10.1371/journal.pone.0192540,2018,confirmed,LOD=2948; Mendelian errors=1/10203; Previously: Zinelabidine et al. 2015
Mureto,Alfrocheiro preto,,SNP (10K genome-wide),SNP,10192,3184,Laucou et al. 2018,10.1371/journal.pone.0192540,2018,confirmed,LOD=3184; Mendelian errors=1/10192; Previously: Lacombe et al. 2007; Zinelabidine et al. 2012; Lacombe et al. 2013; Cunha et al. 2015
Mureto,Cayetana blanca = Jaén blanco,,SNP (10K genome-wide),SNP,10192,3184,Laucou et al. 2018,10.1371/journal.pone.0192540,2018,confirmed,LOD=3184; Mendelian errors=1/10192; Previously: Lacombe et al. 2007; Zinelabidine et al. 2012; Lacombe et al. 2013; Cunha et al. 2015
Muscat d'Alexandrie,Heptakilo,,SNP (10K genome-wide),SNP,10207,3306,Laucou et al. 2018,10.1371/journal.pone.0192540,2018,confirmed,LOD=3306; Mendelian errors=6/10207; Previously: Cipriani et al. 2010; Lacombe et al. 2010; Lacombe et al. 2013; Ghaffari et al. 2014
Muscat d'Alexandrie,Muscat à petits grains blancs,,SNP (10K genome-wide),SNP,10207,3306,Laucou et al. 2018,10.1371/journal.pone.0192540,2018,confirmed,LOD=3306; Mendelian errors=6/10207; Previously: Cipriani et al. 2010; Lacombe et al. 2010; Lacombe et al. 2013; Ghaffari et al. 2014
Muscat d'Istamboul,Muscat d'Alexandrie,,SNP (10K genome-wide),SNP,10201,3150,Laucou et al. 2018,10.1371/journal.pone.0192540,2018,confirmed,LOD=3150; Mendelian errors=4/10201; Previously: Lacombe et al. 2013
Muscat d'Istamboul,Valencí blanco,,SNP (10K genome-wide),SNP,10201,3150,Laucou et al. 2018,10.1371/journal.pone.0192540,2018,confirmed,LOD=3150; Mendelian errors=4/10201; Previously: Lacombe et al. 2013
Muscat Ottonel,Chasselas,,SNP (10K genome-wide),SNP,10186,3630,Laucou et al. 2018,10.1371/journal.pone.0192540,2018,confirmed,LOD=3630; Mendelian errors=7/10186; Previously: Lacombe et al. 2013
Muscat Ottonel,Muscat d'Eisenstadt,,SNP (10K genome-wide),SNP,10186,3630,Laucou et al. 2018,10.1371/journal.pone.0192540,2018,confirmed,LOD=3630; Mendelian errors=7/10186; Previously: Lacombe et al. 2013
Négret castrais,Graciano = Morrastel,,SNP (10K genome-wide),SNP,10202,3680,Laucou et al. 2018,10.1371/journal.pone.0192540,2018,confirmed,LOD=3680; Mendelian errors=3/10202; Previously: Lacombe et al. 2013
Négret castrais,Mauzac,,SNP (10K genome-wide),SNP,10202,3680,Laucou et al. 2018,10.1371/journal.pone.0192540,2018,confirmed,LOD=3680; Mendelian errors=3/10202; Previously: Lacombe et al. 2013
Opsimo Edessis,Ferral = Achladi,,SNP (10K genome-wide),SNP,10207,3419,Laucou et al. 2018,10.1371/journal.pone.0192540,2018,confirmed,LOD=3419; Mendelian errors=3/10207; Previously: Lacombe et al. 2013
Opsimo Edessis,Rosa menna di vacca,,SNP (10K genome-wide),SNP,10207,3419,Laucou et al. 2018,10.1371/journal.pone.0192540,2018,confirmed,LOD=3419; Mendelian errors=3/10207; Previously: Lacombe et al. 2013
Orangetraube,Chasselas,,SNP (10K genome-wide),SNP,10207,4287,Laucou et al. 2018,10.1371/journal.pone.0192540,2018,confirmed,LOD=4287; Mendelian errors=0/10207; Previously: Lacombe et al. 2013
Orangetraube,Pinot noir,,SNP (10K genome-wide),SNP,10207,4287,Laucou et al. 2018,10.1371/journal.pone.0192540,2018,confirmed,LOD=4287; Mendelian errors=0/10207; Previously: Lacombe et al. 2013
Orlovi nokti,Rosa menna di vacca,,SNP (10K genome-wide),SNP,10207,3518,Laucou et al. 2018,10.1371/journal.pone.0192540,2018,confirmed,LOD=3518; Mendelian errors=3/10207; Previously: Lacombe et al. 2013
Orlovi nokti,Teta de Vaca = De Cuerno,,SNP (10K genome-wide),SNP,10207,3518,Laucou et al. 2018,10.1371/journal.pone.0192540,2018,confirmed,LOD=3518; Mendelian errors=3/10207; Previously: Lacombe et al. 2013
Ortega,Siegerrebe,,SNP (10K genome-wide),SNP,10207,3775,Laucou et al. 2018,10.1371/journal.pone.0192540,2018,confirmed,LOD=3775; Mendelian errors=2/10207; Previously: Lacombe et al. 2013
Ortega,Müller-Thurgau,,SNP (10K genome-wide),SNP,10207,3775,Laucou et al. 2018,10.1371/journal.pone.0192540,2018,confirmed,LOD=3775; Mendelian errors=2/10207; Previously: Lacombe et al. 2013
Osteiner,Sylvaner,,SNP (10K genome-wide),SNP,10205,3979,Laucou et al. 2018,10.1371/journal.pone.0192540,2018,confirmed,LOD=3979; Mendelian errors=1/10205; Previously: Lacombe et al. 2013
Osteiner,Riesling,,SNP (10K genome-wide),SNP,10205,3979,Laucou et al. 2018,10.1371/journal.pone.0192540,2018,confirmed,LOD=3979; Mendelian errors=1/10205; Previously: Lacombe et al. 2013
Palestina Oberlin I,Lignan,,SNP (10K genome-wide),SNP,10203,3587,Laucou et al. 2018,10.1371/journal.pone.0192540,2018,confirmed,LOD=3587; Mendelian errors=4/10203; Previously: Lacombe et al. 2013
Palestina Oberlin I,Bicane,,SNP (10K genome-wide),SNP,10203,3587,Laucou et al. 2018,10.1371/journal.pone.0192540,2018,confirmed,LOD=3587; Mendelian errors=4/10203; Previously: Lacombe et al. 2013
Papazkarasi,Alba imputotato,,SNP (10K genome-wide),SNP,10186,3308,Laucou et al. 2018,10.1371/journal.pone.0192540,2018,confirmed,LOD=3308; Mendelian errors=6/10186; Previously: Lacombe et al. 2013
Papazkarasi,Prokupac,,SNP (10K genome-wide),SNP,10186,3308,Laucou et al. 2018,10.1371/journal.pone.0192540,2018,confirmed,LOD=3308; Mendelian errors=6/10186; Previously: Lacombe et al. 2013
Pasiga,Alphonse Lavallée,,SNP (10K genome-wide),SNP,10207,3476,Laucou et al. 2018,10.1371/journal.pone.0192540,2018,confirmed,LOD=3476; Mendelian errors=4/10207; Previously: Ibáñez et al. 2009; Lacombe et al. 2013
Pasiga,Sultanine,,SNP (10K genome-wide),SNP,10207,3476,Laucou et al. 2018,10.1371/journal.pone.0192540,2018,confirmed,LOD=3476; Mendelian errors=4/10207; Previously: Ibáñez et al. 2009; Lacombe et al. 2013
Pinotage,Pinot noir,,SNP (10K genome-wide),SNP,10207,3613,Laucou et al. 2018,10.1371/journal.pone.0192540,2018,confirmed,LOD=3613; Mendelian errors=2/10207; Previously: Lacombe et al. 2013
Pinotage,Cinsaut,,SNP (10K genome-wide),SNP,10207,3613,Laucou et al. 2018,10.1371/journal.pone.0192540,2018,confirmed,LOD=3613; Mendelian errors=2/10207; Previously: Lacombe et al. 2013
Planta nova,Heptakilo,,SNP (10K genome-wide),SNP,10205,3377,Laucou et al. 2018,10.1371/journal.pone.0192540,2018,confirmed,LOD=3377; Mendelian errors=2/10205; Previously: Lacombe et al. 2013
Planta nova,Royal = Rojal tinta,,SNP (10K genome-wide),SNP,10205,3377,Laucou et al. 2018,10.1371/journal.pone.0192540,2018,confirmed,LOD=3377; Mendelian errors=2/10205; Previously: Lacombe et al. 2013
Plavina crna,Verdeca = Lagorthi,,SNP (10K genome-wide),SNP,10207,3307,Laucou et al. 2018,10.1371/journal.pone.0192540,2018,confirmed,LOD=3307; Mendelian errors=6/10207; Previously: Lacombe et al. 2007; Cipriani et al. 2010; Lacombe et al. 2013
Plavina crna,Primitivo,,SNP (10K genome-wide),SNP,10207,3307,Laucou et al. 2018,10.1371/journal.pone.0192540,2018,confirmed,LOD=3307; Mendelian errors=6/10207; Previously: Lacombe et al. 2007; Cipriani et al. 2010; Lacombe et al. 2013
Quiebratinajas,Castellana blanca,,SNP (10K genome-wide),SNP,10207,3519,Laucou et al. 2018,10.1371/journal.pone.0192540,2018,probable,LOD=3519; Mendelian errors=2/10207
Quiebratinajas,Breval negro,,SNP (10K genome-wide),SNP,10207,3519,Laucou et al. 2018,10.1371/journal.pone.0192540,2018,probable,LOD=3519; Mendelian errors=2/10207
Rannii Vira,Kichmich tcherni,,SNP (10K genome-wide),SNP,10204,3828,Laucou et al. 2018,10.1371/journal.pone.0192540,2018,confirmed,LOD=3828; Mendelian errors=9/10204; Previously: Lacombe et al. 2013
Rannii Vira,Chaouch blanc,,SNP (10K genome-wide),SNP,10204,3828,Laucou et al. 2018,10.1371/journal.pone.0192540,2018,confirmed,LOD=3828; Mendelian errors=9/10204; Previously: Lacombe et al. 2013
Rassegui,Heptakilo,,SNP (10K genome-wide),SNP,10207,3402,Laucou et al. 2018,10.1371/journal.pone.0192540,2018,confirmed,LOD=3402; Mendelian errors=0/10207; Previously: Lacombe et al. 2013
Rassegui,Mayorquin,,SNP (10K genome-wide),SNP,10207,3402,Laucou et al. 2018,10.1371/journal.pone.0192540,2018,confirmed,LOD=3402; Mendelian errors=0/10207; Previously: Lacombe et al. 2013
Reine des Vignes,Perle de Csaba,,SNP (10K genome-wide),SNP,10207,3444,Laucou et al. 2018,10.1371/journal.pone.0192540,2018,confirmed,LOD=3444; Mendelian errors=5/10207; Previously: Ibáñez et al. 2009; Lacombe et al. 2013; Ghaffari et al. 2014
Reine des Vignes,Dattier de Beyrouth,,SNP (10K genome-wide),SNP,10207,3444,Laucou et al. 2018,10.1371/journal.pone.0192540,2018,confirmed,LOD=3444; Mendelian errors=5/10207; Previously: Ibáñez et al. 2009; Lacombe et al. 2013; Ghaffari et al. 2014
Roi des précoces,Pinot noir,,SNP (10K genome-wide),SNP,10207,3581,Laucou et al. 2018,10.1371/journal.pone.0192540,2018,confirmed,LOD=3581; Mendelian errors=2/10207; Previously: Vargas et al. 2009; Lacombe et al. 2013
Roi des précoces,Cinsaut,,SNP (10K genome-wide),SNP,10207,3581,Laucou et al. 2018,10.1371/journal.pone.0192540,2018,confirmed,LOD=3581; Mendelian errors=2/10207; Previously: Vargas et al. 2009; Lacombe et al. 2013
Romeïko,Verdeca = Lagorthi,,SNP (10K genome-wide),SNP,10205,3265,Laucou et al. 2018,10.1371/journal.pone.0192540,2018,confirmed,LOD=3265; Mendelian errors=4/10205; Previously: Lacombe et al. 2013
Romeïko,Ladikino = Psarossyriko,,SNP (10K genome-wide),SNP,10205,3265,Laucou et al. 2018,10.1371/journal.pone.0192540,2018,confirmed,LOD=3265; Mendelian errors=4/10205; Previously: Lacombe et al. 2013
Roublot,Gouais blanc,,SNP (10K genome-wide),SNP,10204,3559,Laucou et al. 2018,10.1371/journal.pone.0192540,2018,confirmed,LOD=3559; Mendelian errors=6/10204; Previously: Lacombe et al. 2013
Roublot,Pinot noir,,SNP (10K genome-wide),SNP,10204,3559,Laucou et al. 2018,10.1371/journal.pone.0192540,2018,confirmed,LOD=3559; Mendelian errors=6/10204; Previously: Lacombe et al. 2013
Señá,Manseng noir,,SNP (10K genome-wide),SNP,10206,3374,Laucou et al. 2018,10.1371/journal.pone.0192540,2018,confirmed,LOD=3374; Mendelian errors=4/10206; Previously: Zinelabidine et al. 2015
Señá,Gibi = Hebén,,SNP (10K genome-wide),SNP,10206,3374,Laucou et al. 2018,10.1371/journal.pone.0192540,2018,confirmed,LOD=3374; Mendelian errors=4/10206; Previously: Zinelabidine et al. 2015
Servant,Ferral = Achladi,,SNP (10K genome-wide),SNP,10202,3456,Laucou et al. 2018,10.1371/journal.pone.0192540,2018,confirmed,LOD=3456; Mendelian errors=1/10202; Previously: Lacombe et al. 2013
Servant,Wildbacher de Hongrie (Collection Ravaz),,SNP (10K genome-wide),SNP,10202,3456,Laucou et al. 2018,10.1371/journal.pone.0192540,2018,confirmed,LOD=3456; Mendelian errors=1/10202; Previously: Lacombe et al. 2013
Siegerrebe,Savagnin blanc,,SNP (10K genome-wide),SNP,10201,3367,Laucou et al. 2018,10.1371/journal.pone.0192540,2018,confirmed,LOD=3367; Mendelian errors=1/10201; Previously: Maul et al. 2012; Lacombe et al. 2013
Siegerrebe,Madeleine angevine,,SNP (10K genome-wide),SNP,10201,3367,Laucou et al. 2018,10.1371/journal.pone.0192540,2018,confirmed,LOD=3367; Mendelian errors=1/10201; Previously: Maul et al. 2012; Lacombe et al. 2013
Unknown grapevine CA 10.1,Zalema,,SNP (10K genome-wide),SNP,10207,5114,Laucou et al. 2018,10.1371/journal.pone.0192540,2018,confirmed,LOD=5114; Mendelian errors=0/10207; Previously: Identified to Zalema in De Andrés et al. 2012
Sultana moscata,Muscat d'Alexandrie,,SNP (10K genome-wide),SNP,10205,3466,Laucou et al. 2018,10.1371/journal.pone.0192540,2018,confirmed,LOD=3466; Mendelian errors=6/10205; Previously: Ibáñez et al. 2009; Lacombe et al. 2013
Sultana moscata,Sultanine,,SNP (10K genome-wide),SNP,10205,3466,Laucou et al. 2018,10.1371/journal.pone.0192540,2018,confirmed,LOD=3466; Mendelian errors=6/10205; Previously: Ibáñez et al. 2009; Lacombe et al. 2013
Syrah,Dureza,,SNP (10K genome-wide),SNP,10207,3711,Laucou et al. 2018,10.1371/journal.pone.0192540,2018,confirmed,LOD=3711; Mendelian errors=3/10207; Previously: Bowers et al. 1998; Lacombe et al. 2013
Syrah,Mondeuse blanche,,SNP (10K genome-wide),SNP,10207,3711,Laucou et al. 2018,10.1371/journal.pone.0192540,2018,confirmed,LOD=3711; Mendelian errors=3/10207; Previously: Bowers et al. 1998; Lacombe et al. 2013
Tarrango,Touriga nacional,,SNP (10K genome-wide),SNP,10207,3413,Laucou et al. 2018,10.1371/journal.pone.0192540,2018,confirmed,LOD=3413; Mendelian errors=2/10207; Previously: Lacombe et al. 2013
Tarrango,Sultanine,,SNP (10K genome-wide),SNP,10207,3413,Laucou et al. 2018,10.1371/journal.pone.0192540,2018,confirmed,LOD=3413; Mendelian errors=2/10207; Previously: Lacombe et al. 2013
Tempranilla blanca = Santa Magdalena,Madeleine Salomon = Agostenga blanc,,SNP (10K genome-wide),SNP,10207,3229,Laucou et al. 2018,10.1371/journal.pone.0192540,2018,confirmed,LOD=3229; Mendelian errors=5/10207; Previously: García-Muñoz 2011; Lacombe et al. 2013; Ghaffari et al. 2014
Tempranilla blanca = Santa Magdalena,Mayorquin,,SNP (10K genome-wide),SNP,10207,3229,Laucou et al. 2018,10.1371/journal.pone.0192540,2018,confirmed,LOD=3229; Mendelian errors=5/10207; Previously: García-Muñoz 2011; Lacombe et al. 2013; Ghaffari et al. 2014
Tempranillo,Albillo Mayor = Picadillo,,SNP (10K genome-wide),SNP,10203,3626,Laucou et al. 2018,10.1371/journal.pone.0192540,2018,confirmed,LOD=3626; Mendelian errors=0/10203; Previously: Ibáñez et al. 2012
Tempranillo,Benedicto,,SNP (10K genome-wide),SNP,10203,3626,Laucou et al. 2018,10.1371/journal.pone.0192540,2018,confirmed,LOD=3626; Mendelian errors=0/10203; Previously: Ibáñez et al. 2012
Tinta Barroca,Touriga nacional,,SNP (10K genome-wide),SNP,10205,3347,Laucou et al. 2018,10.1371/journal.pone.0192540,2018,confirmed,LOD=3347; Mendelian errors=0/10205; Previously: Castro et al. 2011; Lacombe et al. 2013
Tinta Barroca,Mourisco tinto = Marufo,,SNP (10K genome-wide),SNP,10205,3347,Laucou et al. 2018,10.1371/journal.pone.0192540,2018,confirmed,LOD=3347; Mendelian errors=0/10205; Previously: Castro et al. 2011; Lacombe et al. 2013
Torralba,Gibi = Hebén,,SNP (10K genome-wide),SNP,10203,3094,Laucou et al. 2018,10.1371/journal.pone.0192540,2018,probable,LOD=3094; Mendelian errors=0/10203
Torralba,Breval negro,,SNP (10K genome-wide),SNP,10203,3094,Laucou et al. 2018,10.1371/journal.pone.0192540,2018,probable,LOD=3094; Mendelian errors=0/10203
Torrontés riojano,Mission = Listán prieto,,SNP (10K genome-wide),SNP,10207,3114,Laucou et al. 2018,10.1371/journal.pone.0192540,2018,confirmed,LOD=3114; Mendelian errors=3/10207; Previously: Agüero et al. 2003; This et al. 2006; Lacombe et al. 2007; Milla Tapia et al. 2007; Lacombe et al. 2013
Torrontés riojano,Muscat d'Alexandrie,,SNP (10K genome-wide),SNP,10207,3114,Laucou et al. 2018,10.1371/journal.pone.0192540,2018,confirmed,LOD=3114; Mendelian errors=3/10207; Previously: Agüero et al. 2003; This et al. 2006; Lacombe et al. 2007; Milla Tapia et al. 2007; Lacombe et al. 2013
Totika,Bajor kék,,SNP (10K genome-wide),SNP,10207,3791,Laucou et al. 2018,10.1371/journal.pone.0192540,2018,confirmed,LOD=3791; Mendelian errors=2/10207; Previously: Lacombe et al. 2013
Totika,Kadarka,,SNP (10K genome-wide),SNP,10207,3791,Laucou et al. 2018,10.1371/journal.pone.0192540,2018,confirmed,LOD=3791; Mendelian errors=2/10207; Previously: Lacombe et al. 2013
Touriga franca,Touriga nacional,,SNP (10K genome-wide),SNP,10204,3546,Laucou et al. 2018,10.1371/journal.pone.0192540,2018,confirmed,LOD=3546; Mendelian errors=4/10204; Previously: Castro et al. 2011; Lacombe et al. 2013
Touriga franca,Mourisco tinto = Marufo,,SNP (10K genome-wide),SNP,10204,3546,Laucou et al. 2018,10.1371/journal.pone.0192540,2018,confirmed,LOD=3546; Mendelian errors=4/10204; Previously: Castro et al. 2011; Lacombe et al. 2013
Trincadeira das Pratas,Alfrocheiro preto,,SNP (10K genome-wide),SNP,10202,2721,Laucou et al. 2018,10.1371/journal.pone.0192540,2018,confirmed,LOD=2721; Mendelian errors=2/10202; Previously: Cunha et al. 2015; Zinelabidine et al. 2015
Trincadeira das Pratas,Gibi = Hebén,,SNP (10K genome-wide),SNP,10202,2721,Laucou et al. 2018,10.1371/journal.pone.0192540,2018,confirmed,LOD=2721; Mendelian errors=2/10202; Previously: Cunha et al. 2015; Zinelabidine et al. 2015
Urmi dinka,Kadarka,,SNP (10K genome-wide),SNP,10207,3385,Laucou et al. 2018,10.1371/journal.pone.0192540,2018,confirmed,LOD=3385; Mendelian errors=2/10207; Previously: Lacombe et al. 2013
Urmi dinka,Izsaki sarfeher,,SNP (10K genome-wide),SNP,10207,3385,Laucou et al. 2018,10.1371/journal.pone.0192540,2018,confirmed,LOD=3385; Mendelian errors=2/10207; Previously: Lacombe et al. 2013
Verdejo,Savagnin blanc,,SNP (10K genome-wide),SNP,10207,3398,Laucou et al. 2018,10.1371/journal.pone.0192540,2018,confirmed,LOD=3398; Mendelian errors=0/10207; Previously: Lacombe et al. 2013
Verdejo,Castellana blanca,,SNP (10K genome-wide),SNP,10207,3398,Laucou et al. 2018,10.1371/journal.pone.0192540,2018,confirmed,LOD=3398; Mendelian errors=0/10207; Previously: Lacombe et al. 2013
Verdejo de Salamanca,Mission = Listan prieto,,SNP (10K genome-wide),SNP,10207,3401,Laucou et al. 2018,10.1371/journal.pone.0192540,2018,confirmed,LOD=3401; Mendelian errors=1/10207; Previously: Zinelabidine et al. 2015
Verdejo de Salamanca,Gibi = Hebén,,SNP (10K genome-wide),SNP,10207,3401,Laucou et al. 2018,10.1371/journal.pone.0192540,2018,confirmed,LOD=3401; Mendelian errors=1/10207; Previously: Zinelabidine et al. 2015
Victoria,Cardinal,,SNP (10K genome-wide),SNP,10207,3755,Laucou et al. 2018,10.1371/journal.pone.0192540,2018,confirmed,LOD=3755; Mendelian errors=2/10207; Previously: Zulini et al. 2002; Cipriani et al. 2010; Lacombe et al. 2013; Ghaffari et al. 2014
Victoria,Dattier de Beyrouth,,SNP (10K genome-wide),SNP,10207,3755,Laucou et al. 2018,10.1371/journal.pone.0192540,2018,confirmed,LOD=3755; Mendelian errors=2/10207; Previously: Zulini et al. 2002; Cipriani et al. 2010; Lacombe et al. 2013; Ghaffari et al. 2014
Vital,Arinto do Dão,,SNP (10K genome-wide),SNP,10207,3449,Laucou et al. 2018,10.1371/journal.pone.0192540,2018,confirmed,LOD=3449; Mendelian errors=0/10207; Previously: Lacombe et al. 2013
Vital,Rabo d'ovelha,,SNP (10K genome-wide),SNP,10207,3449,Laucou et al. 2018,10.1371/journal.pone.0192540,2018,confirmed,LOD=3449; Mendelian errors=0/10207; Previously: Lacombe et al. 2013
Zweigelt,Saint-Laurent,,SNP (10K genome-wide),SNP,10206,3980,Laucou et al. 2018,10.1371/journal.pone.0192540,2018,confirmed,LOD=3980; Mendelian errors=3/10206; Previously: Sefc et al. 1997; Lacombe et al. 2013
Zweigelt,Limberger,,SNP (10K genome-wide),SNP,10206,3980,Laucou et al. 2018,10.1371/journal.pone.0192540,2018,confirmed,LOD=3980; Mendelian errors=3/10206; Previously: Sefc et al. 1997; Lacombe et al. 2013
Aetonychi mavro,Heptakilo,,SNP (10K genome-wide),SNP,10198,1629,Laucou et al. 2018,10.1371/journal.pone.0192540,2018,probable,FAMOZ LOD=1629; mismatches=0/10198; KING kinship=0.247; IBS0=0; Previously: Lacombe et al. 2013
Heptakilo,Aetonychi mavro,,SNP (10K genome-wide),SNP,10198,1629,Laucou et al. 2018,10.1371/journal.pone.0192540,2018,probable,FAMOZ LOD=1629; mismatches=0/10198; KING kinship=0.247; IBS0=0; Previously: Lacombe et al. 2013
Affenthaler,Gouais blanc,,SNP (10K genome-wide),SNP,10206,1187,Laucou et al. 2018,10.1371/journal.pone.0192540,2018,probable,FAMOZ LOD=1187; mismatches=1/10206; KING kinship=0.2308; IBS0=0; Previously: Lacombe et al. 2013
Gouais blanc,Affenthaler,,SNP (10K genome-wide),SNP,10206,1187,Laucou et al. 2018,10.1371/journal.pone.0192540,2018,probable,FAMOZ LOD=1187; mismatches=1/10206; KING kinship=0.2308; IBS0=0; Previously: Lacombe et al. 2013
Koz ouzioum,Ag isioum,,SNP (10K genome-wide),SNP,10200,1571,Laucou et al. 2018,10.1371/journal.pone.0192540,2018,probable,FAMOZ LOD=1571; mismatches=5/10200; KING kinship=0.2315; IBS0=0; Previously: Lacombe et al. 2013
Institutis grdzelmtevana,Ag isioum,,SNP (10K genome-wide),SNP,10105,1407,Laucou et al. 2018,10.1371/journal.pone.0192540,2018,probable,FAMOZ LOD=1407; mismatches=0/10105; KING kinship=0.2671; IBS0=0
Ahmeur bou Ahmeur,Cojonata,,SNP (10K genome-wide),SNP,10060,1244,Laucou et al. 2018,10.1371/journal.pone.0192540,2018,probable,FAMOZ LOD=1244; mismatches=3/10060; KING kinship=0.262; IBS0=0
Cojonata,Ahmeur bou Ahmeur,,SNP (10K genome-wide),SNP,10060,1244,Laucou et al. 2018,10.1371/journal.pone.0192540,2018,probable,FAMOZ LOD=1244; mismatches=3/10060; KING kinship=0.262; IBS0=0
Aïdani mavro,Assouad karech,,SNP (10K genome-wide),SNP,10207,1474,Laucou et al. 2018,10.1371/journal.pone.0192540,2018,probable,FAMOZ LOD=1474; mismatches=0/10207; KING kinship=0.2562; IBS0=0
Assouad karech,Aïdani mavro,,SNP (10K genome-wide),SNP,10207,1474,Laucou et al. 2018,10.1371/journal.pone.0192540,2018,probable,FAMOZ LOD=1474; mismatches=0/10207; KING kinship=0.2562; IBS0=0
Aïn el Bouma,Olivette blanche,,SNP (10K genome-wide),SNP,10203,1273,Laucou et al. 2018,10.1371/journal.pone.0192540,2018,probable,FAMOZ LOD=1273; mismatches=1/10203; KING kinship=0.2578; IBS0=0; Previously: Lacombe et al. 2013
Olivette blanche,Aïn el Bouma,,SNP (10K genome-wide),SNP,10203,1273,Laucou et al. 2018,10.1371/journal.pone.0192540,2018,probable,FAMOZ LOD=1273; mismatches=1/10203; KING kinship=0.2578; IBS0=0; Previously: Lacombe et al. 2013
Airén,Gibi = Hebén,,SNP (10K genome-wide),SNP,10122,1085,Laucou et al. 2018,10.1371/journal.pone.0192540,2018,probable,FAMOZ LOD=1085; mismatches=0/10122; KING kinship=0.2712; IBS0=0; Previously: Lacombe et al. 2013
Gibi = Hebén,Airén,,SNP (10K genome-wide),SNP,10122,1085,Laucou et al. 2018,10.1371/journal.pone.0192540,2018,probable,FAMOZ LOD=1085; mismatches=0/10122; KING kinship=0.2712; IBS0=0; Previously: Lacombe et al. 2013
Alarije,Gibi = Hebén,,SNP (10K genome-wide),SNP,10207,1151,Laucou et al. 2018,10.1371/journal.pone.0192540,2018,probable,FAMOZ LOD=1151; mismatches=1/10207; KING kinship=0.2734; IBS0=0; Previously: Lacombe et al. 2013
Gibi = Hebén,Alarije,,SNP (10K genome-wide),SNP,10207,1151,Laucou et al. 2018,10.1371/journal.pone.0192540,2018,probable,FAMOZ LOD=1151; mismatches=1/10207; KING kinship=0.2734; IBS0=0; Previously: Lacombe et al. 2013
Albillo Real,Madeleine Salomon = Agostenga blanc,,SNP (10K genome-wide),SNP,10199,1352,Laucou et al. 2018,10.1371/journal.pone.0192540,2018,probable,FAMOZ LOD=1352; mismatches=3/10199; KING kinship=0.2554; IBS0=0; Previously: Lacombe et al. 2013
Madeleine Salomon = Agostenga blanc,Albillo Real,,SNP (10K genome-wide),SNP,10199,1352,Laucou et al. 2018,10.1371/journal.pone.0192540,2018,probable,FAMOZ LOD=1352; mismatches=3/10199; KING kinship=0.2554; IBS0=0; Previously: Lacombe et al. 2013
Moscato d'Adda (Spain),Muscat d'Alexandrie,,SNP (10K genome-wide),SNP,10068,971,Laucou et al. 2018,10.1371/journal.pone.0192540,2018,probable,FAMOZ LOD=971; mismatches=4/10068; KING kinship=0.2446; IBS0=0
Muscat d'Alexandrie,Moscato d'Adda (Spain),,SNP (10K genome-wide),SNP,10068,971,Laucou et al. 2018,10.1371/journal.pone.0192540,2018,probable,FAMOZ LOD=971; mismatches=4/10068; KING kinship=0.2446; IBS0=0
Aledo,Valencí blanco,,SNP (10K genome-wide),SNP,10206,1495,Laucou et al. 2018,10.1371/journal.pone.0192540,2018,probable,FAMOZ LOD=1495; mismatches=1/10206; KING kinship=0.2644; IBS0=0; Previously: Lacombe et al. 2013
Valencí blanco,Aledo,,SNP (10K genome-wide),SNP,10206,1495,Laucou et al. 2018,10.1371/journal.pone.0192540,2018,probable,FAMOZ LOD=1495; mismatches=1/10206; KING kinship=0.2644; IBS0=0; Previously: Lacombe et al. 2013
Aledo,Aledo Real,,SNP (10K genome-wide),SNP,10205,1653,Laucou et al. 2018,10.1371/journal.pone.0192540,2018,probable,FAMOZ LOD=1653; mismatches=0/10205; KING kinship=0.2437; IBS0=0
Aledo Real,Aledo,,SNP (10K genome-wide),SNP,10205,1653,Laucou et al. 2018,10.1371/journal.pone.0192540,2018,probable,FAMOZ LOD=1653; mismatches=0/10205; KING kinship=0.2437; IBS0=0
Alfrocheiro preto,Juan García,,SNP (10K genome-wide),SNP,10182,1073,Laucou et al. 2018,10.1371/journal.pone.0192540,2018,probable,FAMOZ LOD=1073; mismatches=4/10182; KING kinship=0.2397; IBS0=0
Juan García,Alfrocheiro preto,,SNP (10K genome-wide),SNP,10182,1073,Laucou et al. 2018,10.1371/journal.pone.0192540,2018,probable,FAMOZ LOD=1073; mismatches=4/10182; KING kinship=0.2397; IBS0=0
Alfrocheiro preto,Allarén,,SNP (10K genome-wide),SNP,10196,1026,Laucou et al. 2018,10.1371/journal.pone.0192540,2018,probable,FAMOZ LOD=1026; mismatches=1/10196; KING kinship=0.2543; IBS0=0
Allarén,Alfrocheiro preto,,SNP (10K genome-wide),SNP,10196,1026,Laucou et al. 2018,10.1371/journal.pone.0192540,2018,probable,FAMOZ LOD=1026; mismatches=1/10196; KING kinship=0.2543; IBS0=0
Alfrocheiro preto,Trincadeira das Pratas,,SNP (10K genome-wide),SNP,10207,1024,Laucou et al. 2018,10.1371/journal.pone.0192540,2018,probable,FAMOZ LOD=1024; mismatches=0/10207; KING kinship=0.2744; IBS0=0
Trincadeira das Pratas,Alfrocheiro preto,,SNP (10K genome-wide),SNP,10207,1024,Laucou et al. 2018,10.1371/journal.pone.0192540,2018,probable,FAMOZ LOD=1024; mismatches=0/10207; KING kinship=0.2744; IBS0=0
Alphonse Lavallée,Gros Colman,,SNP (10K genome-wide),SNP,10077,1135,Laucou et al. 2018,10.1371/journal.pone.0192540,2018,probable,FAMOZ LOD=1135; mismatches=1/10077; KING kinship=0.2845; IBS0=0; Previously: Lacombe et al. 2013
Gros Colman,Alphonse Lavallée,,SNP (10K genome-wide),SNP,10077,1135,Laucou et al. 2018,10.1371/journal.pone.0192540,2018,probable,FAMOZ LOD=1135; mismatches=1/10077; KING kinship=0.2845; IBS0=0; Previously: Lacombe et al. 2013
Amaral,Borraçal,,SNP (10K genome-wide),SNP,10207,1777,Laucou et al. 2018,10.1371/journal.pone.0192540,2018,probable,FAMOZ LOD=1777; mismatches=4/10207; KING kinship=0.258; IBS0=0; Previously: Lacombe et al. 2013
Borraçal,Amaral,,SNP (10K genome-wide),SNP,10207,1777,Laucou et al. 2018,10.1371/journal.pone.0192540,2018,probable,FAMOZ LOD=1777; mismatches=4/10207; KING kinship=0.258; IBS0=0; Previously: Lacombe et al. 2013
Amaral,Douradinha,,SNP (10K genome-wide),SNP,10204,1632,Laucou et al. 2018,10.1371/journal.pone.0192540,2018,probable,FAMOZ LOD=1632; mismatches=3/10204; KING kinship=0.2546; IBS0=0; Previously: Lacombe et al. 2013
Douradinha,Amaral,,SNP (10K genome-wide),SNP,10204,1632,Laucou et al. 2018,10.1371/journal.pone.0192540,2018,probable,FAMOZ LOD=1632; mismatches=3/10204; KING kinship=0.2546; IBS0=0; Previously: Lacombe et al. 2013
Amaral,Loureiro,,SNP (10K genome-wide),SNP,10207,1793,Laucou et al. 2018,10.1371/journal.pone.0192540,2018,probable,FAMOZ LOD=1793; mismatches=3/10207; KING kinship=0.2538; IBS0=0; Previously: Lacombe et al. 2013
Loureiro,Amaral,,SNP (10K genome-wide),SNP,10207,1793,Laucou et al. 2018,10.1371/journal.pone.0192540,2018,probable,FAMOZ LOD=1793; mismatches=3/10207; KING kinship=0.2538; IBS0=0; Previously: Lacombe et al. 2013
Amaral,Vinhão,,SNP (10K genome-wide),SNP,10206,1810,Laucou et al. 2018,10.1371/journal.pone.0192540,2018,probable,FAMOZ LOD=1810; mismatches=3/10206; KING kinship=0.2298; IBS0=0; Previously: Lacombe et al. 2013
Vinhão,Amaral,,SNP (10K genome-wide),SNP,10206,1810,Laucou et al. 2018,10.1371/journal.pone.0192540,2018,probable,FAMOZ LOD=1810; mismatches=3/10206; KING kinship=0.2298; IBS0=0; Previously: Lacombe et al. 2013
Amaral,Cainho,,SNP (10K genome-wide),SNP,10198,2250,Laucou et al. 2018,10.1371/journal.pone.0192540,2018,probable,FAMOZ LOD=2250; mismatches=2/10198; KING kinship=0.2587; IBS0=0; Previously: Lacombe et al. 2013
Cainho,Amaral,,SNP (10K genome-wide),SNP,10198,2250,Laucou et al. 2018,10.1371/journal.pone.0192540,2018,probable,FAMOZ LOD=2250; mismatches=2/10198; KING kinship=0.2587; IBS0=0; Previously: Lacombe et al. 2013
Amaral,Touriga nacional,,SNP (10K genome-wide),SNP,10207,1704,Laucou et al. 2018,10.1371/journal.pone.0192540,2018,probable,FAMOZ LOD=1704; mismatches=1/10207; KING kinship=0.2413; IBS0=0; Previously: Lacombe et al. 2013
Touriga nacional,Amaral,,SNP (10K genome-wide),SNP,10207,1704,Laucou et al. 2018,10.1371/journal.pone.0192540,2018,probable,FAMOZ LOD=1704; mismatches=1/10207; KING kinship=0.2413; IBS0=0; Previously: Lacombe et al. 2013
Amaral,Tressot,,SNP (10K genome-wide),SNP,10207,1872,Laucou et al. 2018,10.1371/journal.pone.0192540,2018,probable,FAMOZ LOD=1872; mismatches=0/10207; KING kinship=0.2569; IBS0=0; Previously: Lacombe et al. 2013
Tressot,Amaral,,SNP (10K genome-wide),SNP,10207,1872,Laucou et al. 2018,10.1371/journal.pone.0192540,2018,probable,FAMOZ LOD=1872; mismatches=0/10207; KING kinship=0.2569; IBS0=0; Previously: Lacombe et al. 2013
Aouillat,Manseng noir,,SNP (10K genome-wide),SNP,10205,1757,Laucou et al. 2018,10.1371/journal.pone.0192540,2018,probable,FAMOZ LOD=1757; mismatches=2/10205; KING kinship=0.2798; IBS0=0; Previously: Lacombe et al. 2013
Manseng noir,Aouillat,,SNP (10K genome-wide),SNP,10205,1757,Laucou et al. 2018,10.1371/journal.pone.0192540,2018,probable,FAMOZ LOD=1757; mismatches=2/10205; KING kinship=0.2798; IBS0=0; Previously: Lacombe et al. 2013
Argant,Zimmerttraube Grau Rauchfarbig,,SNP (10K genome-wide),SNP,10196,1195,Laucou et al. 2018,10.1371/journal.pone.0192540,2018,probable,FAMOZ LOD=1195; mismatches=1/10196; KING kinship=0.2893; IBS0=0
Zimmerttraube Grau Rauchfarbig,Argant,,SNP (10K genome-wide),SNP,10196,1195,Laucou et al. 2018,10.1371/journal.pone.0192540,2018,probable,FAMOZ LOD=1195; mismatches=1/10196; KING kinship=0.2893; IBS0=0
Arinto do Dão,Gibi = Hebén,,SNP (10K genome-wide),SNP,10106,836,Laucou et al. 2018,10.1371/journal.pone.0192540,2018,probable,FAMOZ LOD=836; mismatches=1/10106; KING kinship=0.2688; IBS0=0; Previously: Lacombe et al. 2013
Gibi = Hebén,Arinto do Dão,,SNP (10K genome-wide),SNP,10106,836,Laucou et al. 2018,10.1371/journal.pone.0192540,2018,probable,FAMOZ LOD=836; mismatches=1/10106; KING kinship=0.2688; IBS0=0; Previously: Lacombe et al. 2013
Arinto do Dão,Borrado das moscas,,SNP (10K genome-wide),SNP,10206,1028,Laucou et al. 2018,10.1371/journal.pone.0192540,2018,probable,FAMOZ LOD=1028; mismatches=0/10206; KING kinship=0.2754; IBS0=0; Previously: Lacombe et al. 2013
Borrado das moscas,Arinto do Dão,,SNP (10K genome-wide),SNP,10206,1028,Laucou et al. 2018,10.1371/journal.pone.0192540,2018,probable,FAMOZ LOD=1028; mismatches=0/10206; KING kinship=0.2754; IBS0=0; Previously: Lacombe et al. 2013
Arinto do Dão,Cercial du Dão,,SNP (10K genome-wide),SNP,10200,1202,Laucou et al. 2018,10.1371/journal.pone.0192540,2018,probable,FAMOZ LOD=1202; mismatches=0/10200; KING kinship=0.3337; IBS0=0; Previously: Lacombe et al. 2013
Cercial du Dão,Arinto do Dão,,SNP (10K genome-wide),SNP,10200,1202,Laucou et al. 2018,10.1371/journal.pone.0192540,2018,probable,FAMOZ LOD=1202; mismatches=0/10200; KING kinship=0.3337; IBS0=0; Previously: Lacombe et al. 2013
Arinto do Dão,Alfrocheiro preto,,SNP (10K genome-wide),SNP,10200,1235,Laucou et al. 2018,10.1371/journal.pone.0192540,2018,probable,FAMOZ LOD=1235; mismatches=0/10200; KING kinship=0.2625; IBS0=0; Previously: Lacombe et al. 2013
Alfrocheiro preto,Arinto do Dão,,SNP (10K genome-wide),SNP,10200,1235,Laucou et al. 2018,10.1371/journal.pone.0192540,2018,probable,FAMOZ LOD=1235; mismatches=0/10200; KING kinship=0.2625; IBS0=0; Previously: Lacombe et al. 2013
Arinto do Dão,Vital,,SNP (10K genome-wide),SNP,10108,1518,Laucou et al. 2018,10.1371/journal.pone.0192540,2018,probable,FAMOZ LOD=1518; mismatches=0/10108; KING kinship=0.2781; IBS0=0; Previously: Lacombe et al. 2013
Vital,Arinto do Dão,,SNP (10K genome-wide),SNP,10108,1518,Laucou et al. 2018,10.1371/journal.pone.0192540,2018,probable,FAMOZ LOD=1518; mismatches=0/10108; KING kinship=0.2781; IBS0=0; Previously: Lacombe et al. 2013
Arinto tinto (Collection Soares Franco),Tortozón,,SNP (10K genome-wide),SNP,10172,1001,Laucou et al. 2018,10.1371/journal.pone.0192540,2018,probable,FAMOZ LOD=1001; mismatches=0/10172; KING kinship=0.24; IBS0=0; Previously: Lacombe et al. 2013
Tortozón,Arinto tinto (Collection Soares Franco),,SNP (10K genome-wide),SNP,10172,1001,Laucou et al. 2018,10.1371/journal.pone.0192540,2018,probable,FAMOZ LOD=1001; mismatches=0/10172; KING kinship=0.24; IBS0=0; Previously: Lacombe et al. 2013
Asma,Kokurdes belyi,,SNP (10K genome-wide),SNP,10199,1455,Laucou et al. 2018,10.1371/journal.pone.0192540,2018,probable,FAMOZ LOD=1455; mismatches=1/10199; KING kinship=0.2691; IBS0=0
Kokurdes belyi,Asma,,SNP (10K genome-wide),SNP,10199,1455,Laucou et al. 2018,10.1371/journal.pone.0192540,2018,probable,FAMOZ LOD=1455; mismatches=1/10199; KING kinship=0.2691; IBS0=0
Attiki,Alphonse Lavallée,,SNP (10K genome-wide),SNP,10176,1264,Laucou et al. 2018,10.1371/journal.pone.0192540,2018,probable,FAMOZ LOD=1264; mismatches=0/10176; KING kinship=0.2598; IBS0=0; Previously: Lacombe et al. 2013
Alphonse Lavallée,Attiki,,SNP (10K genome-wide),SNP,10176,1264,Laucou et al. 2018,10.1371/journal.pone.0192540,2018,probable,FAMOZ LOD=1264; mismatches=0/10176; KING kinship=0.2598; IBS0=0; Previously: Lacombe et al. 2013
Bacchus,Müller-Thurgau,,SNP (10K genome-wide),SNP,10207,2502,Laucou et al. 2018,10.1371/journal.pone.0192540,2018,probable,FAMOZ LOD=2502; mismatches=1/10207; KING kinship=0.2321; IBS0=0; Previously: Lacombe et al. 2013
Müller-Thurgau,Bacchus,,SNP (10K genome-wide),SNP,10207,2502,Laucou et al. 2018,10.1371/journal.pone.0192540,2018,probable,FAMOZ LOD=2502; mismatches=1/10207; KING kinship=0.2321; IBS0=0; Previously: Lacombe et al. 2013
Baga,Arinto do Dão,,SNP (10K genome-wide),SNP,10206,1241,Laucou et al. 2018,10.1371/journal.pone.0192540,2018,probable,FAMOZ LOD=1241; mismatches=0/10206; KING kinship=0.2464; IBS0=0; Previously: Lacombe et al. 2013
Arinto do Dão,Baga,,SNP (10K genome-wide),SNP,10206,1241,Laucou et al. 2018,10.1371/journal.pone.0192540,2018,probable,FAMOZ LOD=1241; mismatches=0/10206; KING kinship=0.2464; IBS0=0; Previously: Lacombe et al. 2013
Bajor kék,Blank blauer,,SNP (10K genome-wide),SNP,10204,1403,Laucou et al. 2018,10.1371/journal.pone.0192540,2018,probable,FAMOZ LOD=1403; mismatches=1/10204; KING kinship=0.2878; IBS0=0; Previously: Lacombe et al. 2013
Blank blauer,Bajor kék,,SNP (10K genome-wide),SNP,10204,1403,Laucou et al. 2018,10.1371/journal.pone.0192540,2018,probable,FAMOZ LOD=1403; mismatches=1/10204; KING kinship=0.2878; IBS0=0; Previously: Lacombe et al. 2013
Bajor kék,Goher,,SNP (10K genome-wide),SNP,10057,1536,Laucou et al. 2018,10.1371/journal.pone.0192540,2018,probable,FAMOZ LOD=1536; mismatches=1/10057; KING kinship=0.2476; IBS0=0; Previously: Lacombe et al. 2013
Goher,Bajor kék,,SNP (10K genome-wide),SNP,10057,1536,Laucou et al. 2018,10.1371/journal.pone.0192540,2018,probable,FAMOZ LOD=1536; mismatches=1/10057; KING kinship=0.2476; IBS0=0; Previously: Lacombe et al. 2013
Balouti (Abbaye de Latroun),Garnacha tinta = Grenache,,SNP (10K genome-wide),SNP,10119,1071,Laucou et al. 2018,10.1371/journal.pone.0192540,2018,probable,FAMOZ LOD=1071; mismatches=1/10119; KING kinship=0.2708; IBS0=0; Previously: Lacombe et al. 2013
Garnacha tinta = Grenache,Balouti (Abbaye de Latroun),,SNP (10K genome-wide),SNP,10119,1071,Laucou et al. 2018,10.1371/journal.pone.0192540,2018,probable,FAMOZ LOD=1071; mismatches=1/10119; KING kinship=0.2708; IBS0=0; Previously: Lacombe et al. 2013
Barlinka faux (Almeria),Alphonse Lavallée,,SNP (10K genome-wide),SNP,10205,1415,Laucou et al. 2018,10.1371/journal.pone.0192540,2018,probable,FAMOZ LOD=1415; mismatches=2/10205; KING kinship=0.2632; IBS0=0; Previously: Lacombe et al. 2013
Alphonse Lavallée,Barlinka faux (Almeria),,SNP (10K genome-wide),SNP,10205,1415,Laucou et al. 2018,10.1371/journal.pone.0192540,2018,probable,FAMOZ LOD=1415; mismatches=2/10205; KING kinship=0.2632; IBS0=0; Previously: Lacombe et al. 2013
Baserri,Gros Manseng,,SNP (10K genome-wide),SNP,10207,2105,Laucou et al. 2018,10.1371/journal.pone.0192540,2018,probable,FAMOZ LOD=2105; mismatches=2/10207; KING kinship=0.271; IBS0=0; Previously: Lacombe et al. 2013
Gros Manseng,Baserri,,SNP (10K genome-wide),SNP,10207,2105,Laucou et al. 2018,10.1371/journal.pone.0192540,2018,probable,FAMOZ LOD=2105; mismatches=2/10207; KING kinship=0.271; IBS0=0; Previously: Lacombe et al. 2013
Basilikumtraube,Chasselas,,SNP (10K genome-wide),SNP,10112,2115,Laucou et al. 2018,10.1371/journal.pone.0192540,2018,probable,FAMOZ LOD=2115; mismatches=3/10112; KING kinship=0.2522; IBS0=0; Previously: Lacombe et al. 2013
Chasselas,Basilikumtraube,,SNP (10K genome-wide),SNP,10112,2115,Laucou et al. 2018,10.1371/journal.pone.0192540,2018,probable,FAMOZ LOD=2115; mismatches=3/10112; KING kinship=0.2522; IBS0=0; Previously: Lacombe et al. 2013
Basilikumtraube,Pinot noir,,SNP (10K genome-wide),SNP,10207,1720,Laucou et al. 2018,10.1371/journal.pone.0192540,2018,probable,FAMOZ LOD=1720; mismatches=0/10207; KING kinship=0.2562; IBS0=0; Previously: Lacombe et al. 2013
Pinot noir,Basilikumtraube,,SNP (10K genome-wide),SNP,10207,1720,Laucou et al. 2018,10.1371/journal.pone.0192540,2018,probable,FAMOZ LOD=1720; mismatches=0/10207; KING kinship=0.2562; IBS0=0; Previously: Lacombe et al. 2013
Bastardo espanhol,Gibi = Hebén,,SNP (10K genome-wide),SNP,10108,837,Laucou et al. 2018,10.1371/journal.pone.0192540,2018,probable,FAMOZ LOD=837; mismatches=2/10108; KING kinship=0.2469; IBS0=0; Previously: Lacombe et al. 2013
Gibi = Hebén,Bastardo espanhol,,SNP (10K genome-wide),SNP,10108,837,Laucou et al. 2018,10.1371/journal.pone.0192540,2018,probable,FAMOZ LOD=837; mismatches=2/10108; KING kinship=0.2469; IBS0=0; Previously: Lacombe et al. 2013
Bastardo espanhol,Trousseau,,SNP (10K genome-wide),SNP,10176,1114,Laucou et al. 2018,10.1371/journal.pone.0192540,2018,probable,FAMOZ LOD=1114; mismatches=1/10176; KING kinship=0.2777; IBS0=0; Previously: Lacombe et al. 2013
Trousseau,Bastardo espanhol,,SNP (10K genome-wide),SNP,10176,1114,Laucou et al. 2018,10.1371/journal.pone.0192540,2018,probable,FAMOZ LOD=1114; mismatches=1/10176; KING kinship=0.2777; IBS0=0; Previously: Lacombe et al. 2013
Bastardo Magaratchskii,Saperavi,,SNP (10K genome-wide),SNP,10166,1217,Laucou et al. 2018,10.1371/journal.pone.0192540,2018,probable,FAMOZ LOD=1217; mismatches=3/10166; KING kinship=0.2746; IBS0=0; Previously: Lacombe et al. 2013
Saperavi,Bastardo Magaratchskii,,SNP (10K genome-wide),SNP,10166,1217,Laucou et al. 2018,10.1371/journal.pone.0192540,2018,probable,FAMOZ LOD=1217; mismatches=3/10166; KING kinship=0.2746; IBS0=0; Previously: Lacombe et al. 2013
Bastardo Magaratchskii,Trousseau,,SNP (10K genome-wide),SNP,10201,1185,Laucou et al. 2018,10.1371/journal.pone.0192540,2018,probable,FAMOZ LOD=1185; mismatches=0/10201; KING kinship=0.2707; IBS0=0; Previously: Lacombe et al. 2013
Trousseau,Bastardo Magaratchskii,,SNP (10K genome-wide),SNP,10201,1185,Laucou et al. 2018,10.1371/journal.pone.0192540,2018,probable,FAMOZ LOD=1185; mismatches=0/10201; KING kinship=0.2707; IBS0=0; Previously: Lacombe et al. 2013
Béclan,Chasselas,,SNP (10K genome-wide),SNP,10178,1955,Laucou et al. 2018,10.1371/journal.pone.0192540,2018,probable,FAMOZ LOD=1955; mismatches=2/10178; KING kinship=0.2645; IBS0=0; Previously: Lacombe et al. 2013
Chasselas,Béclan,,SNP (10K genome-wide),SNP,10178,1955,Laucou et al. 2018,10.1371/journal.pone.0192540,2018,probable,FAMOZ LOD=1955; mismatches=2/10178; KING kinship=0.2645; IBS0=0; Previously: Lacombe et al. 2013
Benedicto falso,Benedicto,,SNP (10K genome-wide),SNP,10189,1409,Laucou et al. 2018,10.1371/journal.pone.0192540,2018,probable,FAMOZ LOD=1409; mismatches=0/10189; KING kinship=0.2443; IBS0=0; Previously: Ibañez et al. 2012
Benedicto,Benedicto falso,,SNP (10K genome-wide),SNP,10189,1409,Laucou et al. 2018,10.1371/journal.pone.0192540,2018,probable,FAMOZ LOD=1409; mismatches=0/10189; KING kinship=0.2443; IBS0=0; Previously: Ibañez et al. 2012
Bermejuela,Malvasia volcánica,,SNP (10K genome-wide),SNP,10181,1462,Laucou et al. 2018,10.1371/journal.pone.0192540,2018,probable,FAMOZ LOD=1462; mismatches=0/10181; KING kinship=0.249; IBS0=0
Malvasia volcánica,Bermejuela,,SNP (10K genome-wide),SNP,10181,1462,Laucou et al. 2018,10.1371/journal.pone.0192540,2018,probable,FAMOZ LOD=1462; mismatches=0/10181; KING kinship=0.249; IBS0=0
Bermestia bianca,Lignan,,SNP (10K genome-wide),SNP,10148,1366,Laucou et al. 2018,10.1371/journal.pone.0192540,2018,probable,FAMOZ LOD=1366; mismatches=2/10148; KING kinship=0.3027; IBS0=0; Previously: Lacombe et al. 2013
Lignan,Bermestia bianca,,SNP (10K genome-wide),SNP,10148,1366,Laucou et al. 2018,10.1371/journal.pone.0192540,2018,probable,FAMOZ LOD=1366; mismatches=2/10148; KING kinship=0.3027; IBS0=0; Previously: Lacombe et al. 2013
Bezoul el Aouda,Abouhou,,SNP (10K genome-wide),SNP,10204,1562,Laucou et al. 2018,10.1371/journal.pone.0192540,2018,probable,FAMOZ LOD=1562; mismatches=3/10204; KING kinship=0.2648; IBS0=0; Previously: Lacombe et al. 2013
Abouhou,Bezoul el Aouda,,SNP (10K genome-wide),SNP,10204,1562,Laucou et al. 2018,10.1371/journal.pone.0192540,2018,probable,FAMOZ LOD=1562; mismatches=3/10204; KING kinship=0.2648; IBS0=0; Previously: Lacombe et al. 2013
Bezoul el Aouda,Dedo de Dama,,SNP (10K genome-wide),SNP,10195,1478,Laucou et al. 2018,10.1371/journal.pone.0192540,2018,probable,FAMOZ LOD=1478; mismatches=2/10195; KING kinship=0.2489; IBS0=0; Previously: Lacombe et al. 2013
Dedo de Dama,Bezoul el Aouda,,SNP (10K genome-wide),SNP,10195,1478,Laucou et al. 2018,10.1371/journal.pone.0192540,2018,probable,FAMOZ LOD=1478; mismatches=2/10195; KING kinship=0.2489; IBS0=0; Previously: Lacombe et al. 2013
Bicane,Calabre,,SNP (10K genome-wide),SNP,10207,1280,Laucou et al. 2018,10.1371/journal.pone.0192540,2018,probable,FAMOZ LOD=1280; mismatches=2/10207; KING kinship=0.2533; IBS0=0; Previously: Lacombe et al. 2013
Calabre,Bicane,,SNP (10K genome-wide),SNP,10207,1280,Laucou et al. 2018,10.1371/journal.pone.0192540,2018,probable,FAMOZ LOD=1280; mismatches=2/10207; KING kinship=0.2533; IBS0=0; Previously: Lacombe et al. 2013
Bicane,Italia,,SNP (10K genome-wide),SNP,10203,1238,Laucou et al. 2018,10.1371/journal.pone.0192540,2018,probable,FAMOZ LOD=1238; mismatches=1/10203; KING kinship=0.2472; IBS0=0; Previously: Lacombe et al. 2013
Italia,Bicane,,SNP (10K genome-wide),SNP,10203,1238,Laucou et al. 2018,10.1371/journal.pone.0192540,2018,probable,FAMOZ LOD=1238; mismatches=1/10203; KING kinship=0.2472; IBS0=0; Previously: Lacombe et al. 2013
Bicane,Palestina Oberlin I,,SNP (10K genome-wide),SNP,10192,1276,Laucou et al. 2018,10.1371/journal.pone.0192540,2018,probable,FAMOZ LOD=1276; mismatches=1/10192; KING kinship=0.2598; IBS0=0; Previously: Lacombe et al. 2013
Palestina Oberlin I,Bicane,,SNP (10K genome-wide),SNP,10192,1276,Laucou et al. 2018,10.1371/journal.pone.0192540,2018,probable,FAMOZ LOD=1276; mismatches=1/10192; KING kinship=0.2598; IBS0=0; Previously: Lacombe et al. 2013
Bicane,Cornichon blanc (non-identified),,SNP (10K genome-wide),SNP,10207,1743,Laucou et al. 2018,10.1371/journal.pone.0192540,2018,probable,FAMOZ LOD=1743; mismatches=1/10207; KING kinship=0.2503; IBS0=0
Big Perlon,Perlon,,SNP (10K genome-wide),SNP,10207,1542,Laucou et al. 2018,10.1371/journal.pone.0192540,2018,probable,FAMOZ LOD=1542; mismatches=1/10207; KING kinship=0.2548; IBS0=0; Previously: Lacombe et al. 2013
Perlon,Big Perlon,,SNP (10K genome-wide),SNP,10207,1542,Laucou et al. 2018,10.1371/journal.pone.0192540,2018,probable,FAMOZ LOD=1542; mismatches=1/10207; KING kinship=0.2548; IBS0=0; Previously: Lacombe et al. 2013
Black monukka,Pardina,,SNP (10K genome-wide),SNP,10126,1443,Laucou et al. 2018,10.1371/journal.pone.0192540,2018,probable,FAMOZ LOD=1443; mismatches=4/10126; KING kinship=0.2437; IBS0=0; Previously: Lacombe et al. 2013
Pardina,Black monukka,,SNP (10K genome-wide),SNP,10126,1443,Laucou et al. 2018,10.1371/journal.pone.0192540,2018,probable,FAMOZ LOD=1443; mismatches=4/10126; KING kinship=0.2437; IBS0=0; Previously: Lacombe et al. 2013
Black monukka,Attiki,,SNP (10K genome-wide),SNP,10207,1624,Laucou et al. 2018,10.1371/journal.pone.0192540,2018,probable,FAMOZ LOD=1624; mismatches=2/10207; KING kinship=0.2109; IBS0=0; Previously: Lacombe et al. 2013
Attiki,Black monukka,,SNP (10K genome-wide),SNP,10207,1624,Laucou et al. 2018,10.1371/journal.pone.0192540,2018,probable,FAMOZ LOD=1624; mismatches=2/10207; KING kinship=0.2109; IBS0=0; Previously: Lacombe et al. 2013
Black Morocco,Teta de vaca (Spain),,SNP (10K genome-wide),SNP,10161,1255,Laucou et al. 2018,10.1371/journal.pone.0192540,2018,probable,FAMOZ LOD=1255; mismatches=4/10161; KING kinship=0.2566; IBS0=0
Teta de vaca (Spain),Black Morocco,,SNP (10K genome-wide),SNP,10161,1255,Laucou et al. 2018,10.1371/journal.pone.0192540,2018,probable,FAMOZ LOD=1255; mismatches=4/10161; KING kinship=0.2566; IBS0=0
Black Morocco,Gros Maroc,,SNP (10K genome-wide),SNP,10143,1014,Laucou et al. 2018,10.1371/journal.pone.0192540,2018,probable,FAMOZ LOD=1014; mismatches=3/10143; KING kinship=0.266; IBS0=0; Previously: Lacombe et al. 2013
Gros Maroc,Black Morocco,,SNP (10K genome-wide),SNP,10143,1014,Laucou et al. 2018,10.1371/journal.pone.0192540,2018,probable,FAMOZ LOD=1014; mismatches=3/10143; KING kinship=0.266; IBS0=0; Previously: Lacombe et al. 2013
Bombino bianco,Cococciola,,SNP (10K genome-wide),SNP,10199,1291,Laucou et al. 2018,10.1371/journal.pone.0192540,2018,probable,FAMOZ LOD=1291; mismatches=2/10199; KING kinship=0.2923; IBS0=0; Previously: Lacombe et al. 2013
Cococciola,Bombino bianco,,SNP (10K genome-wide),SNP,10199,1291,Laucou et al. 2018,10.1371/journal.pone.0192540,2018,probable,FAMOZ LOD=1291; mismatches=2/10199; KING kinship=0.2923; IBS0=0; Previously: Lacombe et al. 2013
Bombino bianco,Ruzevina (Jelaska),,SNP (10K genome-wide),SNP,10192,1335,Laucou et al. 2018,10.1371/journal.pone.0192540,2018,probable,FAMOZ LOD=1335; mismatches=2/10192; KING kinship=0.2249; IBS0=0; Previously: Lacombe et al. 2013
Ruzevina (Jelaska),Bombino bianco,,SNP (10K genome-wide),SNP,10192,1335,Laucou et al. 2018,10.1371/journal.pone.0192540,2018,probable,FAMOZ LOD=1335; mismatches=2/10192; KING kinship=0.2249; IBS0=0; Previously: Lacombe et al. 2013
Bombino bianco,Nincusa,,SNP (10K genome-wide),SNP,10206,1265,Laucou et al. 2018,10.1371/journal.pone.0192540,2018,probable,FAMOZ LOD=1265; mismatches=0/10206; KING kinship=0.2776; IBS0=0; Previously: Lacombe et al. 2013
Nincusa,Bombino bianco,,SNP (10K genome-wide),SNP,10206,1265,Laucou et al. 2018,10.1371/journal.pone.0192540,2018,probable,FAMOZ LOD=1265; mismatches=0/10206; KING kinship=0.2776; IBS0=0; Previously: Lacombe et al. 2013
Brachetto,Muscat à petits grains blancs,,SNP (10K genome-wide),SNP,10205,1030,Laucou et al. 2018,10.1371/journal.pone.0192540,2018,probable,FAMOZ LOD=1030; mismatches=4/10205; KING kinship=0.2596; IBS0=0; Previously: Lacombe et al. 2013
Muscat à petits grains blancs,Brachetto,,SNP (10K genome-wide),SNP,10205,1030,Laucou et al. 2018,10.1371/journal.pone.0192540,2018,probable,FAMOZ LOD=1030; mismatches=4/10205; KING kinship=0.2596; IBS0=0; Previously: Lacombe et al. 2013
Braghina,Dinka zöld,,SNP (10K genome-wide),SNP,10165,1280,Laucou et al. 2018,10.1371/journal.pone.0192540,2018,probable,FAMOZ LOD=1280; mismatches=0/10165; KING kinship=0.2384; IBS0=0; Previously: Lacombe et al. 2013
Dinka zöld,Braghina,,SNP (10K genome-wide),SNP,10165,1280,Laucou et al. 2018,10.1371/journal.pone.0192540,2018,probable,FAMOZ LOD=1280; mismatches=0/10165; KING kinship=0.2384; IBS0=0; Previously: Lacombe et al. 2013
Breval negro,Torralba,,SNP (10K genome-wide),SNP,10207,1206,Laucou et al. 2018,10.1371/journal.pone.0192540,2018,probable,FAMOZ LOD=1206; mismatches=0/10207; KING kinship=0.256; IBS0=0
Breval negro,Ferral (Spain) = Uvallon,,SNP (10K genome-wide),SNP,10193,1280,Laucou et al. 2018,10.1371/journal.pone.0192540,2018,probable,FAMOZ LOD=1280; mismatches=0/10193; KING kinship=0.2725; IBS0=0
Breval negro,Moré,,SNP (10K genome-wide),SNP,10207,1283,Laucou et al. 2018,10.1371/journal.pone.0192540,2018,probable,FAMOZ LOD=1283; mismatches=0/10207; KING kinship=0.2615; IBS0=0
Moré,Breval negro,,SNP (10K genome-wide),SNP,10207,1283,Laucou et al. 2018,10.1371/journal.pone.0192540,2018,probable,FAMOZ LOD=1283; mismatches=0/10207; KING kinship=0.2615; IBS0=0
Cabernet franc,Merlot,,SNP (10K genome-wide),SNP,10199,1568,Laucou et al. 2018,10.1371/journal.pone.0192540,2018,probable,FAMOZ LOD=1568; mismatches=5/10199; KING kinship=0.2767; IBS0=0; Previously: Lacombe et al. 2013
Merlot,Cabernet franc,,SNP (10K genome-wide),SNP,10199,1568,Laucou et al. 2018,10.1371/journal.pone.0192540,2018,probable,FAMOZ LOD=1568; mismatches=5/10199; KING kinship=0.2767; IBS0=0; Previously: Lacombe et al. 2013
Cainho,Alvarinho,,SNP (10K genome-wide),SNP,10207,1901,Laucou et al. 2018,10.1371/journal.pone.0192540,2018,probable,FAMOZ LOD=1901; mismatches=4/10207; KING kinship=0.2145; IBS0=0; Previously: Lacombe et al. 2013
Alvarinho,Cainho,,SNP (10K genome-wide),SNP,10207,1901,Laucou et al. 2018,10.1371/journal.pone.0192540,2018,probable,FAMOZ LOD=1901; mismatches=4/10207; KING kinship=0.2145; IBS0=0; Previously: Lacombe et al. 2013
Camaraou noir,Castets = Maturana tinta de Navarrete,,SNP (10K genome-wide),SNP,10202,1970,Laucou et al. 2018,10.1371/journal.pone.0192540,2018,probable,FAMOZ LOD=1970; mismatches=2/10202; KING kinship=0.2334; IBS0=0; Previously: Lacombe et al. 2013
Castets = Maturana tinta de Navarrete,Camaraou noir,,SNP (10K genome-wide),SNP,10202,1970,Laucou et al. 2018,10.1371/journal.pone.0192540,2018,probable,FAMOZ LOD=1970; mismatches=2/10202; KING kinship=0.2334; IBS0=0; Previously: Lacombe et al. 2013
Camarate,Cayetana blanca = Jaén blanco,,SNP (10K genome-wide),SNP,10082,930,Laucou et al. 2018,10.1371/journal.pone.0192540,2018,probable,"FAMOZ LOD=930; mismatches=1/10082; KING kinship=0.2888; IBS0=0; Previously: Zinelabidine et al., 2012 & Lacombe et al. 2013"
Cayetana blanca = Jaén blanco,Camarate,,SNP (10K genome-wide),SNP,10082,930,Laucou et al. 2018,10.1371/journal.pone.0192540,2018,probable,"FAMOZ LOD=930; mismatches=1/10082; KING kinship=0.2888; IBS0=0; Previously: Zinelabidine et al., 2012 & Lacombe et al. 2013"
Camarate,Alfrocheiro preto,,SNP (10K genome-wide),SNP,10190,1116,Laucou et al. 2018,10.1371/journal.pone.0192540,2018,probable,"FAMOZ LOD=1116; mismatches=0/10190; KING kinship=0.257; IBS0=0; Previously: Zinelabidine et al., 2012 & Lacombe et al. 2013"
Alfrocheiro preto,Camarate,,SNP (10K genome-wide),SNP,10190,1116,Laucou et al. 2018,10.1371/journal.pone.0192540,2018,probable,"FAMOZ LOD=1116; mismatches=0/10190; KING kinship=0.257; IBS0=0; Previously: Zinelabidine et al., 2012 & Lacombe et al. 2013"
Camarate,Agua Santa,,SNP (10K genome-wide),SNP,10178,1811,Laucou et al. 2018,10.1371/journal.pone.0192540,2018,probable,"FAMOZ LOD=1811; mismatches=0/10178; KING kinship=0.2727; IBS0=0; Previously: Zinelabidine et al., 2012"
Agua Santa,Camarate,,SNP (10K genome-wide),SNP,10178,1811,Laucou et al. 2018,10.1371/journal.pone.0192540,2018,probable,"FAMOZ LOD=1811; mismatches=0/10178; KING kinship=0.2727; IBS0=0; Previously: Zinelabidine et al., 2012"
Cañocazo,Gibi = Hebén,,SNP (10K genome-wide),SNP,10200,1090,Laucou et al. 2018,10.1371/journal.pone.0192540,2018,probable,FAMOZ LOD=1090; mismatches=1/10200; KING kinship=0.2672; IBS0=0; Previously: Lacombe et al. 2013
Gibi = Hebén,Cañocazo,,SNP (10K genome-wide),SNP,10200,1090,Laucou et al. 2018,10.1371/journal.pone.0192540,2018,probable,FAMOZ LOD=1090; mismatches=1/10200; KING kinship=0.2672; IBS0=0; Previously: Lacombe et al. 2013
Cañorroyo,Castellana blanca,,SNP (10K genome-wide),SNP,10087,1324,Laucou et al. 2018,10.1371/journal.pone.0192540,2018,probable,FAMOZ LOD=1324; mismatches=1/10087; KING kinship=0.2475; IBS0=0; Previously: Lacombe et al. 2013
Castellana blanca,Cañorroyo,,SNP (10K genome-wide),SNP,10087,1324,Laucou et al. 2018,10.1371/journal.pone.0192540,2018,probable,FAMOZ LOD=1324; mismatches=1/10087; KING kinship=0.2475; IBS0=0; Previously: Lacombe et al. 2013
Cardinal,Alphonse Lavallée,,SNP (10K genome-wide),SNP,10012,1231,Laucou et al. 2018,10.1371/journal.pone.0192540,2018,probable,FAMOZ LOD=1231; mismatches=3/10012; KING kinship=0.229; IBS0=0; Previously: Lacombe et al. 2013
Alphonse Lavallée,Cardinal,,SNP (10K genome-wide),SNP,10012,1231,Laucou et al. 2018,10.1371/journal.pone.0192540,2018,probable,FAMOZ LOD=1231; mismatches=3/10012; KING kinship=0.229; IBS0=0; Previously: Lacombe et al. 2013
Cardinal,Prima,,SNP (10K genome-wide),SNP,10172,1343,Laucou et al. 2018,10.1371/journal.pone.0192540,2018,probable,FAMOZ LOD=1343; mismatches=1/10172; KING kinship=0.2656; IBS0=0; Previously: Lacombe et al. 2013
Prima,Cardinal,,SNP (10K genome-wide),SNP,10172,1343,Laucou et al. 2018,10.1371/journal.pone.0192540,2018,probable,FAMOZ LOD=1343; mismatches=1/10172; KING kinship=0.2656; IBS0=0; Previously: Lacombe et al. 2013
Cardinal,Ora,,SNP (10K genome-wide),SNP,10040,1381,Laucou et al. 2018,10.1371/journal.pone.0192540,2018,probable,FAMOZ LOD=1381; mismatches=1/10040; KING kinship=0.2565; IBS0=0; Previously: Lacombe et al. 2013
Ora,Cardinal,,SNP (10K genome-wide),SNP,10040,1381,Laucou et al. 2018,10.1371/journal.pone.0192540,2018,probable,FAMOZ LOD=1381; mismatches=1/10040; KING kinship=0.2565; IBS0=0; Previously: Lacombe et al. 2013
Cardinal,Matilde,,SNP (10K genome-wide),SNP,10207,1551,Laucou et al. 2018,10.1371/journal.pone.0192540,2018,probable,FAMOZ LOD=1551; mismatches=0/10207; KING kinship=0.246; IBS0=0; Previously: Lacombe et al. 2013
Matilde,Cardinal,,SNP (10K genome-wide),SNP,10207,1551,Laucou et al. 2018,10.1371/journal.pone.0192540,2018,probable,FAMOZ LOD=1551; mismatches=0/10207; KING kinship=0.246; IBS0=0; Previously: Lacombe et al. 2013
Cardinal,Misket Rusenski,,SNP (10K genome-wide),SNP,10207,1591,Laucou et al. 2018,10.1371/journal.pone.0192540,2018,probable,FAMOZ LOD=1591; mismatches=0/10207; KING kinship=0.2765; IBS0=0; Previously: Lacombe et al. 2013
Misket Rusenski,Cardinal,,SNP (10K genome-wide),SNP,10207,1591,Laucou et al. 2018,10.1371/journal.pone.0192540,2018,probable,FAMOZ LOD=1591; mismatches=0/10207; KING kinship=0.2765; IBS0=0; Previously: Lacombe et al. 2013
Carignan,Ruby Cabernet,,SNP (10K genome-wide),SNP,10143,1064,Laucou et al. 2018,10.1371/journal.pone.0192540,2018,probable,FAMOZ LOD=1064; mismatches=1/10143; KING kinship=0.2376; IBS0=0; Previously: Lacombe et al. 2013
Ruby Cabernet,Carignan,,SNP (10K genome-wide),SNP,10143,1064,Laucou et al. 2018,10.1371/journal.pone.0192540,2018,probable,FAMOZ LOD=1064; mismatches=1/10143; KING kinship=0.2376; IBS0=0; Previously: Lacombe et al. 2013
Carignan,Castellana blanca,,SNP (10K genome-wide),SNP,10103,1303,Laucou et al. 2018,10.1371/journal.pone.0192540,2018,probable,FAMOZ LOD=1303; mismatches=1/10103; KING kinship=0.2526; IBS0=0; Previously: Lacombe et al. 2013
Castellana blanca,Carignan,,SNP (10K genome-wide),SNP,10103,1303,Laucou et al. 2018,10.1371/journal.pone.0192540,2018,probable,FAMOZ LOD=1303; mismatches=1/10103; KING kinship=0.2526; IBS0=0; Previously: Lacombe et al. 2013
Carina (Australie),Syrah,,SNP (10K genome-wide),SNP,10185,1308,Laucou et al. 2018,10.1371/journal.pone.0192540,2018,probable,FAMOZ LOD=1308; mismatches=3/10185; KING kinship=0.2432; IBS0=0; Previously: Lacombe et al. 2013
Syrah,Carina (Australie),,SNP (10K genome-wide),SNP,10185,1308,Laucou et al. 2018,10.1371/journal.pone.0192540,2018,probable,FAMOZ LOD=1308; mismatches=3/10185; KING kinship=0.2432; IBS0=0; Previously: Lacombe et al. 2013
Carina (Australie),Sultanine,,SNP (10K genome-wide),SNP,10151,1056,Laucou et al. 2018,10.1371/journal.pone.0192540,2018,probable,FAMOZ LOD=1056; mismatches=2/10151; KING kinship=0.2634; IBS0=0; Previously: Lacombe et al. 2013
Sultanine,Carina (Australie),,SNP (10K genome-wide),SNP,10151,1056,Laucou et al. 2018,10.1371/journal.pone.0192540,2018,probable,FAMOZ LOD=1056; mismatches=2/10151; KING kinship=0.2634; IBS0=0; Previously: Lacombe et al. 2013
Carrasquín,Savagnin blanc,,SNP (10K genome-wide),SNP,10204,1295,Laucou et al. 2018,10.1371/journal.pone.0192540,2018,probable,FAMOZ LOD=1295; mismatches=0/10204; KING kinship=0.2716; IBS0=0; Previously: Lacombe et al. 2013
Savagnin blanc,Carrasquín,,SNP (10K genome-wide),SNP,10204,1295,Laucou et al. 2018,10.1371/journal.pone.0192540,2018,probable,FAMOZ LOD=1295; mismatches=0/10204; KING kinship=0.2716; IBS0=0; Previously: Lacombe et al. 2013
Castañal,Amaral,,SNP (10K genome-wide),SNP,10207,2063,Laucou et al. 2018,10.1371/journal.pone.0192540,2018,probable,FAMOZ LOD=2063; mismatches=2/10207; KING kinship=0.2567; IBS0=0
Amaral,Castañal,,SNP (10K genome-wide),SNP,10207,2063,Laucou et al. 2018,10.1371/journal.pone.0192540,2018,probable,FAMOZ LOD=2063; mismatches=2/10207; KING kinship=0.2567; IBS0=0
Castelão = Periquita,Cayetana blanca = Jaén blanco,,SNP (10K genome-wide),SNP,10088,964,Laucou et al. 2018,10.1371/journal.pone.0192540,2018,probable,"FAMOZ LOD=964; mismatches=1/10088; KING kinship=0.2673; IBS0=0; Previously: Zinelabidine et al., 2012 & Lacombe et al. 2013"
Cayetana blanca = Jaén blanco,Castelão = Periquita,,SNP (10K genome-wide),SNP,10088,964,Laucou et al. 2018,10.1371/journal.pone.0192540,2018,probable,"FAMOZ LOD=964; mismatches=1/10088; KING kinship=0.2673; IBS0=0; Previously: Zinelabidine et al., 2012 & Lacombe et al. 2013"
Castelão = Periquita,Alfrocheiro preto,,SNP (10K genome-wide),SNP,9938,1013,Laucou et al. 2018,10.1371/journal.pone.0192540,2018,probable,"FAMOZ LOD=1013; mismatches=0/9938; KING kinship=0.2931; IBS0=0; Previously: Zinelabidine et al., 2012 & Lacombe et al. 2013"
Alfrocheiro preto,Castelão = Periquita,,SNP (10K genome-wide),SNP,9938,1013,Laucou et al. 2018,10.1371/journal.pone.0192540,2018,probable,"FAMOZ LOD=1013; mismatches=0/9938; KING kinship=0.2931; IBS0=0; Previously: Zinelabidine et al., 2012 & Lacombe et al. 2013"
Castelão = Periquita,Agua Santa,,SNP (10K genome-wide),SNP,10205,1850,Laucou et al. 2018,10.1371/journal.pone.0192540,2018,probable,"FAMOZ LOD=1850; mismatches=0/10205; KING kinship=0.2529; IBS0=0; Previously: Zinelabidine et al., 2012"
Agua Santa,Castelão = Periquita,,SNP (10K genome-wide),SNP,10205,1850,Laucou et al. 2018,10.1371/journal.pone.0192540,2018,probable,"FAMOZ LOD=1850; mismatches=0/10205; KING kinship=0.2529; IBS0=0; Previously: Zinelabidine et al., 2012"
Castellana blanca,Morate,,SNP (10K genome-wide),SNP,10054,1432,Laucou et al. 2018,10.1371/journal.pone.0192540,2018,probable,FAMOZ LOD=1432; mismatches=0/10054; KING kinship=0.2705; IBS0=0
Morate,Castellana blanca,,SNP (10K genome-wide),SNP,10054,1432,Laucou et al. 2018,10.1371/journal.pone.0192540,2018,probable,FAMOZ LOD=1432; mismatches=0/10054; KING kinship=0.2705; IBS0=0
Catarratto bianco,Grillo,,SNP (10K genome-wide),SNP,10206,1278,Laucou et al. 2018,10.1371/journal.pone.0192540,2018,probable,FAMOZ LOD=1278; mismatches=2/10206; KING kinship=0.256; IBS0=0; Previously: Lacombe et al. 2013
Grillo,Catarratto bianco,,SNP (10K genome-wide),SNP,10206,1278,Laucou et al. 2018,10.1371/journal.pone.0192540,2018,probable,FAMOZ LOD=1278; mismatches=2/10206; KING kinship=0.256; IBS0=0; Previously: Lacombe et al. 2013
Argamusa,Moll,,SNP (10K genome-wide),SNP,10172,1433,Laucou et al. 2018,10.1371/journal.pone.0192540,2018,probable,FAMOZ LOD=1433; mismatches=0/10172; KING kinship=0.236; IBS0=0; Previously: Lacombe et al. 2013
Moll,Argamusa,,SNP (10K genome-wide),SNP,10172,1433,Laucou et al. 2018,10.1371/journal.pone.0192540,2018,probable,FAMOZ LOD=1433; mismatches=0/10172; KING kinship=0.236; IBS0=0; Previously: Lacombe et al. 2013
Cayetana blanca = Jaén blanco,Antão Vaz,,SNP (10K genome-wide),SNP,10021,1124,Laucou et al. 2018,10.1371/journal.pone.0192540,2018,probable,"FAMOZ LOD=1124; mismatches=2/10021; KING kinship=0.2451; IBS0=0; Previously: Zinelabidine et al., 2012 & Lacombe et al. 2013"
Antão Vaz,Cayetana blanca = Jaén blanco,,SNP (10K genome-wide),SNP,10021,1124,Laucou et al. 2018,10.1371/journal.pone.0192540,2018,probable,"FAMOZ LOD=1124; mismatches=2/10021; KING kinship=0.2451; IBS0=0; Previously: Zinelabidine et al., 2012 & Lacombe et al. 2013"
Cayetana blanca = Jaén blanco,Juan Garcia,,SNP (10K genome-wide),SNP,10136,929,Laucou et al. 2018,10.1371/journal.pone.0192540,2018,probable,FAMOZ LOD=929; mismatches=1/10136; KING kinship=0.2704; IBS0=0
Juan Garcia,Cayetana blanca = Jaén blanco,,SNP (10K genome-wide),SNP,10136,929,Laucou et al. 2018,10.1371/journal.pone.0192540,2018,probable,FAMOZ LOD=929; mismatches=1/10136; KING kinship=0.2704; IBS0=0
Cayetana blanca = Jaén blanco,Gibi = Hebén,,SNP (10K genome-wide),SNP,10196,1077,Laucou et al. 2018,10.1371/journal.pone.0192540,2018,probable,FAMOZ LOD=1077; mismatches=1/10196; KING kinship=0.2734; IBS0=0; Previously: Lacombe et al. 2013
Gibi = Hebén,Cayetana blanca = Jaén blanco,,SNP (10K genome-wide),SNP,10196,1077,Laucou et al. 2018,10.1371/journal.pone.0192540,2018,probable,FAMOZ LOD=1077; mismatches=1/10196; KING kinship=0.2734; IBS0=0; Previously: Lacombe et al. 2013
Cayetana blanca = Jaén blanco,Garrido macho,,SNP (10K genome-wide),SNP,10128,1344,Laucou et al. 2018,10.1371/journal.pone.0192540,2018,probable,"FAMOZ LOD=1344; mismatches=1/10128; KING kinship=0.2956; IBS0=0; Previously: Zinelabidine et al., 2012 & Lacombe et al. 2013"
Garrido macho,Cayetana blanca = Jaén blanco,,SNP (10K genome-wide),SNP,10128,1344,Laucou et al. 2018,10.1371/journal.pone.0192540,2018,probable,"FAMOZ LOD=1344; mismatches=1/10128; KING kinship=0.2956; IBS0=0; Previously: Zinelabidine et al., 2012 & Lacombe et al. 2013"
Cayetana blanca = Jaén blanco,Gabriela,,SNP (10K genome-wide),SNP,10193,1390,Laucou et al. 2018,10.1371/journal.pone.0192540,2018,probable,FAMOZ LOD=1390; mismatches=1/10193; KING kinship=0.2794; IBS0=0
Gabriela,Cayetana blanca = Jaén blanco,,SNP (10K genome-wide),SNP,10193,1390,Laucou et al. 2018,10.1371/journal.pone.0192540,2018,probable,FAMOZ LOD=1390; mismatches=1/10193; KING kinship=0.2794; IBS0=0
Cayetana blanca = Jaén blanco,Rocia,,SNP (10K genome-wide),SNP,10158,1649,Laucou et al. 2018,10.1371/journal.pone.0192540,2018,probable,"FAMOZ LOD=1649; mismatches=1/10158; KING kinship=0.2384; IBS0=0; Previously: Zinelabidine et al., 2012"
Rocia,Cayetana blanca = Jaén blanco,,SNP (10K genome-wide),SNP,10158,1649,Laucou et al. 2018,10.1371/journal.pone.0192540,2018,probable,"FAMOZ LOD=1649; mismatches=1/10158; KING kinship=0.2384; IBS0=0; Previously: Zinelabidine et al., 2012"
Cayetana blanca = Jaén blanco,Blanc de Rhafsaï,,SNP (10K genome-wide),SNP,10197,1372,Laucou et al. 2018,10.1371/journal.pone.0192540,2018,probable,FAMOZ LOD=1372; mismatches=0/10197; KING kinship=0.2866; IBS0=0; Previously: Lacombe et al. 2013
Blanc de Rhafsaï,Cayetana blanca = Jaén blanco,,SNP (10K genome-wide),SNP,10197,1372,Laucou et al. 2018,10.1371/journal.pone.0192540,2018,probable,FAMOZ LOD=1372; mismatches=0/10197; KING kinship=0.2866; IBS0=0; Previously: Lacombe et al. 2013
César,Argant,,SNP (10K genome-wide),SNP,10074,1166,Laucou et al. 2018,10.1371/journal.pone.0192540,2018,probable,FAMOZ LOD=1166; mismatches=1/10074; KING kinship=0.2452; IBS0=0; Previously: Lacombe et al. 2013
Argant,César,,SNP (10K genome-wide),SNP,10074,1166,Laucou et al. 2018,10.1371/journal.pone.0192540,2018,probable,FAMOZ LOD=1166; mismatches=1/10074; KING kinship=0.2452; IBS0=0; Previously: Lacombe et al. 2013
Chaouch blanc,Rannii Vira,,SNP (10K genome-wide),SNP,10012,1553,Laucou et al. 2018,10.1371/journal.pone.0192540,2018,probable,FAMOZ LOD=1553; mismatches=5/10012; KING kinship=0.268; IBS0=0; Previously: Lacombe et al. 2013
Rannii Vira,Chaouch blanc,,SNP (10K genome-wide),SNP,10012,1553,Laucou et al. 2018,10.1371/journal.pone.0192540,2018,probable,FAMOZ LOD=1553; mismatches=5/10012; KING kinship=0.268; IBS0=0; Previously: Lacombe et al. 2013
Chaouch blanc,Chaouch rose,,SNP (10K genome-wide),SNP,10207,1485,Laucou et al. 2018,10.1371/journal.pone.0192540,2018,probable,FAMOZ LOD=1485; mismatches=1/10207; KING kinship=0.255; IBS0=0; Previously: Lacombe et al. 2013
Chaouch rose,Chaouch blanc,,SNP (10K genome-wide),SNP,10207,1485,Laucou et al. 2018,10.1371/journal.pone.0192540,2018,probable,FAMOZ LOD=1485; mismatches=1/10207; KING kinship=0.255; IBS0=0; Previously: Lacombe et al. 2013
Chaptal,Bayad (non-identified),,SNP (10K genome-wide),SNP,10200,1571,Laucou et al. 2018,10.1371/journal.pone.0192540,2018,probable,FAMOZ LOD=1571; mismatches=0/10200; KING kinship=0.2752; IBS0=0
Bayad (non-identified),Chaptal,,SNP (10K genome-wide),SNP,10200,1571,Laucou et al. 2018,10.1371/journal.pone.0192540,2018,probable,FAMOZ LOD=1571; mismatches=0/10200; KING kinship=0.2752; IBS0=0
Chardonnay,Gouais blanc,,SNP (10K genome-wide),SNP,10188,841,Laucou et al. 2018,10.1371/journal.pone.0192540,2018,probable,FAMOZ LOD=841; mismatches=4/10188; KING kinship=0.2656; IBS0=0; Previously: Lacombe et al. 2013
Gouais blanc,Chardonnay,,SNP (10K genome-wide),SNP,10188,841,Laucou et al. 2018,10.1371/journal.pone.0192540,2018,probable,FAMOZ LOD=841; mismatches=4/10188; KING kinship=0.2656; IBS0=0; Previously: Lacombe et al. 2013
Chasselas,Cornichon blanc (non-identified),,SNP (10K genome-wide),SNP,10201,1668,Laucou et al. 2018,10.1371/journal.pone.0192540,2018,probable,FAMOZ LOD=1668; mismatches=4/10201; KING kinship=0.2826; IBS0=0
Chenin,Meslier Saint-François,,SNP (10K genome-wide),SNP,10207,890,Laucou et al. 2018,10.1371/journal.pone.0192540,2018,probable,FAMOZ LOD=890; mismatches=2/10207; KING kinship=0.2384; IBS0=0; Previously: Lacombe et al. 2013
Meslier Saint-François,Chenin,,SNP (10K genome-wide),SNP,10207,890,Laucou et al. 2018,10.1371/journal.pone.0192540,2018,probable,FAMOZ LOD=890; mismatches=2/10207; KING kinship=0.2384; IBS0=0; Previously: Lacombe et al. 2013
Cinsaut,Roi des précoces,,SNP (10K genome-wide),SNP,10164,1535,Laucou et al. 2018,10.1371/journal.pone.0192540,2018,probable,FAMOZ LOD=1535; mismatches=1/10164; KING kinship=0.2427; IBS0=0; Previously: Lacombe et al. 2013
Roi des précoces,Cinsaut,,SNP (10K genome-wide),SNP,10164,1535,Laucou et al. 2018,10.1371/journal.pone.0192540,2018,probable,FAMOZ LOD=1535; mismatches=1/10164; KING kinship=0.2427; IBS0=0; Previously: Lacombe et al. 2013
Corason de Kabritte blanc,Elbling,,SNP (10K genome-wide),SNP,10204,1406,Laucou et al. 2018,10.1371/journal.pone.0192540,2018,probable,FAMOZ LOD=1406; mismatches=1/10204; KING kinship=0.2407; IBS0=0; Previously: Lacombe et al. 2013
Elbling,Corason de Kabritte blanc,,SNP (10K genome-wide),SNP,10204,1406,Laucou et al. 2018,10.1371/journal.pone.0192540,2018,probable,FAMOZ LOD=1406; mismatches=1/10204; KING kinship=0.2407; IBS0=0; Previously: Lacombe et al. 2013
Corinthe noir = Korinthiaki,Dimrit,,SNP (10K genome-wide),SNP,10181,1358,Laucou et al. 2018,10.1371/journal.pone.0192540,2018,probable,FAMOZ LOD=1358; mismatches=3/10181; KING kinship=0.2679; IBS0=0; Previously: Lacombe et al. 2013
Dimrit,Corinthe noir = Korinthiaki,,SNP (10K genome-wide),SNP,10181,1358,Laucou et al. 2018,10.1371/journal.pone.0192540,2018,probable,FAMOZ LOD=1358; mismatches=3/10181; KING kinship=0.2679; IBS0=0; Previously: Lacombe et al. 2013
Corinthe noir = Korinthiaki,Staphidampelo,,SNP (10K genome-wide),SNP,10194,1384,Laucou et al. 2018,10.1371/journal.pone.0192540,2018,probable,FAMOZ LOD=1384; mismatches=3/10194; KING kinship=0.2628; IBS0=0; Previously: Lacombe et al. 2013
Staphidampelo,Corinthe noir = Korinthiaki,,SNP (10K genome-wide),SNP,10194,1384,Laucou et al. 2018,10.1371/journal.pone.0192540,2018,probable,FAMOZ LOD=1384; mismatches=3/10194; KING kinship=0.2628; IBS0=0; Previously: Lacombe et al. 2013
Cornifesto,Alfrocheiro preto,,SNP (10K genome-wide),SNP,10207,1010,Laucou et al. 2018,10.1371/journal.pone.0192540,2018,probable,FAMOZ LOD=1010; mismatches=3/10207; KING kinship=0.2761; IBS0=0; Previously: Zinelabidine et al 2012 & Lacombe et al. 2013
Alfrocheiro preto,Cornifesto,,SNP (10K genome-wide),SNP,10207,1010,Laucou et al. 2018,10.1371/journal.pone.0192540,2018,probable,FAMOZ LOD=1010; mismatches=3/10207; KING kinship=0.2761; IBS0=0; Previously: Zinelabidine et al 2012 & Lacombe et al. 2013
Cornifesto,Cayetana blanca = Jaén blanco,,SNP (10K genome-wide),SNP,9995,997,Laucou et al. 2018,10.1371/journal.pone.0192540,2018,probable,FAMOZ LOD=997; mismatches=1/9995; KING kinship=0.2912; IBS0=0; Previously: Zinelabidine et al 2012 & Lacombe et al. 2013
Cayetana blanca = Jaén blanco,Cornifesto,,SNP (10K genome-wide),SNP,9995,997,Laucou et al. 2018,10.1371/journal.pone.0192540,2018,probable,FAMOZ LOD=997; mismatches=1/9995; KING kinship=0.2912; IBS0=0; Previously: Zinelabidine et al 2012 & Lacombe et al. 2013
Criolla grande sanjuanina,Muscat d'Alexandrie,,SNP (10K genome-wide),SNP,10207,1058,Laucou et al. 2018,10.1371/journal.pone.0192540,2018,probable,FAMOZ LOD=1058; mismatches=0/10207; KING kinship=0.2654; IBS0=0; Previously: Lacombe et al. 2013
Muscat d'Alexandrie,Criolla grande sanjuanina,,SNP (10K genome-wide),SNP,10207,1058,Laucou et al. 2018,10.1371/journal.pone.0192540,2018,probable,FAMOZ LOD=1058; mismatches=0/10207; KING kinship=0.2654; IBS0=0; Previously: Lacombe et al. 2013
Danugue,Breval negro,,SNP (10K genome-wide),SNP,10195,1199,Laucou et al. 2018,10.1371/journal.pone.0192540,2018,probable,FAMOZ LOD=1199; mismatches=0/10195; KING kinship=0.2864; IBS0=0
Breval negro,Danugue,,SNP (10K genome-wide),SNP,10195,1199,Laucou et al. 2018,10.1371/journal.pone.0192540,2018,probable,FAMOZ LOD=1199; mismatches=0/10195; KING kinship=0.2864; IBS0=0
Datal,Muscat d'Alexandrie,,SNP (10K genome-wide),SNP,10195,1225,Laucou et al. 2018,10.1371/journal.pone.0192540,2018,probable,FAMOZ LOD=1225; mismatches=2/10195; KING kinship=0.2377; IBS0=0; Previously: Lacombe et al. 2013
Muscat d'Alexandrie,Datal,,SNP (10K genome-wide),SNP,10195,1225,Laucou et al. 2018,10.1371/journal.pone.0192540,2018,probable,FAMOZ LOD=1225; mismatches=2/10195; KING kinship=0.2377; IBS0=0; Previously: Lacombe et al. 2013
Datal,Dattier de Beyrouth,,SNP (10K genome-wide),SNP,10202,1317,Laucou et al. 2018,10.1371/journal.pone.0192540,2018,probable,FAMOZ LOD=1317; mismatches=2/10202; KING kinship=0.232; IBS0=0; Previously: Lacombe et al. 2013
Dattier de Beyrouth,Datal,,SNP (10K genome-wide),SNP,10202,1317,Laucou et al. 2018,10.1371/journal.pone.0192540,2018,probable,FAMOZ LOD=1317; mismatches=2/10202; KING kinship=0.232; IBS0=0; Previously: Lacombe et al. 2013
Dattier de Beyrouth,Red Ohanes,,SNP (10K genome-wide),SNP,10207,1453,Laucou et al. 2018,10.1371/journal.pone.0192540,2018,probable,FAMOZ LOD=1453; mismatches=1/10207; KING kinship=0.2507; IBS0=0
Red Ohanes,Dattier de Beyrouth,,SNP (10K genome-wide),SNP,10207,1453,Laucou et al. 2018,10.1371/journal.pone.0192540,2018,probable,FAMOZ LOD=1453; mismatches=1/10207; KING kinship=0.2507; IBS0=0
Deckrot,Teinturier,,SNP (10K genome-wide),SNP,10180,2056,Laucou et al. 2018,10.1371/journal.pone.0192540,2018,probable,FAMOZ LOD=2056; mismatches=1/10180; KING kinship=0.2669; IBS0=0; Previously: Lacombe et al. 2013
Teinturier,Deckrot,,SNP (10K genome-wide),SNP,10180,2056,Laucou et al. 2018,10.1371/journal.pone.0192540,2018,probable,FAMOZ LOD=2056; mismatches=1/10180; KING kinship=0.2669; IBS0=0; Previously: Lacombe et al. 2013
Deckrot,Pinot noir,,SNP (10K genome-wide),SNP,10180,2519,Laucou et al. 2018,10.1371/journal.pone.0192540,2018,probable,FAMOZ LOD=2519; mismatches=1/10180; KING kinship=0.2513; IBS0=0; Previously: Lacombe et al. 2013
Pinot noir,Deckrot,,SNP (10K genome-wide),SNP,10180,2519,Laucou et al. 2018,10.1371/journal.pone.0192540,2018,probable,FAMOZ LOD=2519; mismatches=1/10180; KING kinship=0.2513; IBS0=0; Previously: Lacombe et al. 2013
Dedo de Dama,Negra dorada,,SNP (10K genome-wide),SNP,10194,1301,Laucou et al. 2018,10.1371/journal.pone.0192540,2018,probable,FAMOZ LOD=1301; mismatches=4/10194; KING kinship=0.2149; IBS0=0
Negra dorada,Dedo de Dama,,SNP (10K genome-wide),SNP,10194,1301,Laucou et al. 2018,10.1371/journal.pone.0192540,2018,probable,FAMOZ LOD=1301; mismatches=4/10194; KING kinship=0.2149; IBS0=0
Derechero,Gibi = Hebén,,SNP (10K genome-wide),SNP,10207,934,Laucou et al. 2018,10.1371/journal.pone.0192540,2018,probable,FAMOZ LOD=934; mismatches=0/10207; KING kinship=0.2572; IBS0=0; Previously: Lacombe et al. 2013
Gibi = Hebén,Derechero,,SNP (10K genome-wide),SNP,10207,934,Laucou et al. 2018,10.1371/journal.pone.0192540,2018,probable,FAMOZ LOD=934; mismatches=0/10207; KING kinship=0.2572; IBS0=0; Previously: Lacombe et al. 2013
Diagalves,Dedo de Dama,,SNP (10K genome-wide),SNP,10193,1210,Laucou et al. 2018,10.1371/journal.pone.0192540,2018,probable,FAMOZ LOD=1210; mismatches=5/10193; KING kinship=0.2649; IBS0=0; Previously: Lacombe et al. 2013
Dedo de Dama,Diagalves,,SNP (10K genome-wide),SNP,10193,1210,Laucou et al. 2018,10.1371/journal.pone.0192540,2018,probable,FAMOZ LOD=1210; mismatches=5/10193; KING kinship=0.2649; IBS0=0; Previously: Lacombe et al. 2013
Diagalves,Gibi = Hebén,,SNP (10K genome-wide),SNP,10065,928,Laucou et al. 2018,10.1371/journal.pone.0192540,2018,probable,FAMOZ LOD=928; mismatches=1/10065; KING kinship=0.2234; IBS0=0; Previously: Lacombe et al. 2013
Gibi = Hebén,Diagalves,,SNP (10K genome-wide),SNP,10065,928,Laucou et al. 2018,10.1371/journal.pone.0192540,2018,probable,FAMOZ LOD=928; mismatches=1/10065; KING kinship=0.2234; IBS0=0; Previously: Lacombe et al. 2013
Dimiat,Coarna alba,,SNP (10K genome-wide),SNP,10194,1121,Laucou et al. 2018,10.1371/journal.pone.0192540,2018,probable,FAMOZ LOD=1121; mismatches=4/10194; KING kinship=0.2801; IBS0=0; Previously: Lacombe et al. 2013
Coarna alba,Dimiat,,SNP (10K genome-wide),SNP,10194,1121,Laucou et al. 2018,10.1371/journal.pone.0192540,2018,probable,FAMOZ LOD=1121; mismatches=4/10194; KING kinship=0.2801; IBS0=0; Previously: Lacombe et al. 2013
Dimiat,Gouais blanc,,SNP (10K genome-wide),SNP,10202,1212,Laucou et al. 2018,10.1371/journal.pone.0192540,2018,probable,FAMOZ LOD=1212; mismatches=1/10202; KING kinship=0.2439; IBS0=0; Previously: Lacombe et al. 2013
Gouais blanc,Dimiat,,SNP (10K genome-wide),SNP,10202,1212,Laucou et al. 2018,10.1371/journal.pone.0192540,2018,probable,FAMOZ LOD=1212; mismatches=1/10202; KING kinship=0.2439; IBS0=0; Previously: Lacombe et al. 2013
Doight du neigne,Assoued kere,,SNP (10K genome-wide),SNP,10202,1829,Laucou et al. 2018,10.1371/journal.pone.0192540,2018,probable,FAMOZ LOD=1829; mismatches=2/10202; KING kinship=0.2649; IBS0=0; Previously: Lacombe et al. 2013
Assoued kere,Doight du neigne,,SNP (10K genome-wide),SNP,10202,1829,Laucou et al. 2018,10.1371/journal.pone.0192540,2018,probable,FAMOZ LOD=1829; mismatches=2/10202; KING kinship=0.2649; IBS0=0; Previously: Lacombe et al. 2013
Doight du neigne,Asswad Abou Khislé,,SNP (10K genome-wide),SNP,10184,1792,Laucou et al. 2018,10.1371/journal.pone.0192540,2018,probable,FAMOZ LOD=1792; mismatches=1/10184; KING kinship=0.2589; IBS0=0; Previously: Lacombe et al. 2013
Asswad Abou Khislé,Doight du neigne,,SNP (10K genome-wide),SNP,10184,1792,Laucou et al. 2018,10.1371/journal.pone.0192540,2018,probable,FAMOZ LOD=1792; mismatches=1/10184; KING kinship=0.2589; IBS0=0; Previously: Lacombe et al. 2013
Domina,Portugais bleu,,SNP (10K genome-wide),SNP,10207,1598,Laucou et al. 2018,10.1371/journal.pone.0192540,2018,probable,FAMOZ LOD=1598; mismatches=4/10207; KING kinship=0.2438; IBS0=0; Previously: Lacombe et al. 2013
Portugais bleu,Domina,,SNP (10K genome-wide),SNP,10207,1598,Laucou et al. 2018,10.1371/journal.pone.0192540,2018,probable,FAMOZ LOD=1598; mismatches=4/10207; KING kinship=0.2438; IBS0=0; Previously: Lacombe et al. 2013
Domina,Pinot noir,,SNP (10K genome-wide),SNP,10207,2048,Laucou et al. 2018,10.1371/journal.pone.0192540,2018,probable,FAMOZ LOD=2048; mismatches=1/10207; KING kinship=0.2728; IBS0=0; Previously: Lacombe et al. 2013
Pinot noir,Domina,,SNP (10K genome-wide),SNP,10207,2048,Laucou et al. 2018,10.1371/journal.pone.0192540,2018,probable,FAMOZ LOD=2048; mismatches=1/10207; KING kinship=0.2728; IBS0=0; Previously: Lacombe et al. 2013
Dominga,Heptakilo,,SNP (10K genome-wide),SNP,10195,1413,Laucou et al. 2018,10.1371/journal.pone.0192540,2018,probable,FAMOZ LOD=1413; mismatches=1/10195; KING kinship=0.2487; IBS0=0; Previously: Lacombe et al. 2013
Heptakilo,Dominga,,SNP (10K genome-wide),SNP,10195,1413,Laucou et al. 2018,10.1371/journal.pone.0192540,2018,probable,FAMOZ LOD=1413; mismatches=1/10195; KING kinship=0.2487; IBS0=0; Previously: Lacombe et al. 2013
Dona Maria,Muscat d'Alexandrie,,SNP (10K genome-wide),SNP,10198,1228,Laucou et al. 2018,10.1371/journal.pone.0192540,2018,probable,FAMOZ LOD=1228; mismatches=1/10198; KING kinship=0.2506; IBS0=0; Previously: Lacombe et al. 2013
Muscat d'Alexandrie,Dona Maria,,SNP (10K genome-wide),SNP,10198,1228,Laucou et al. 2018,10.1371/journal.pone.0192540,2018,probable,FAMOZ LOD=1228; mismatches=1/10198; KING kinship=0.2506; IBS0=0; Previously: Lacombe et al. 2013
Dona Maria,Dattier de Beyrouth,,SNP (10K genome-wide),SNP,10198,1363,Laucou et al. 2018,10.1371/journal.pone.0192540,2018,probable,FAMOZ LOD=1363; mismatches=0/10198; KING kinship=0.2746; IBS0=0; Previously: Lacombe et al. 2013
Dattier de Beyrouth,Dona Maria,,SNP (10K genome-wide),SNP,10198,1363,Laucou et al. 2018,10.1371/journal.pone.0192540,2018,probable,FAMOZ LOD=1363; mismatches=0/10198; KING kinship=0.2746; IBS0=0; Previously: Lacombe et al. 2013
Doradilla,Cayetana blanca = Jaén blanco,,SNP (10K genome-wide),SNP,10207,1334,Laucou et al. 2018,10.1371/journal.pone.0192540,2018,probable,FAMOZ LOD=1334; mismatches=0/10207; KING kinship=0.229; IBS0=0
Cayetana blanca = Jaén blanco,Doradilla,,SNP (10K genome-wide),SNP,10207,1334,Laucou et al. 2018,10.1371/journal.pone.0192540,2018,probable,FAMOZ LOD=1334; mismatches=0/10207; KING kinship=0.229; IBS0=0
Douradinha,Alfrocheiro preto,,SNP (10K genome-wide),SNP,10203,1339,Laucou et al. 2018,10.1371/journal.pone.0192540,2018,probable,FAMOZ LOD=1339; mismatches=0/10203; KING kinship=0.2607; IBS0=0; Previously: Lacombe et al. 2013
Alfrocheiro preto,Douradinha,,SNP (10K genome-wide),SNP,10203,1339,Laucou et al. 2018,10.1371/journal.pone.0192540,2018,probable,FAMOZ LOD=1339; mismatches=0/10203; KING kinship=0.2607; IBS0=0; Previously: Lacombe et al. 2013
Dureza,Syrah,,SNP (10K genome-wide),SNP,10207,1386,Laucou et al. 2018,10.1371/journal.pone.0192540,2018,probable,FAMOZ LOD=1386; mismatches=1/10207; KING kinship=0.283; IBS0=0; Previously: Lacombe et al. 2013
Syrah,Dureza,,SNP (10K genome-wide),SNP,10207,1386,Laucou et al. 2018,10.1371/journal.pone.0192540,2018,probable,FAMOZ LOD=1386; mismatches=1/10207; KING kinship=0.283; IBS0=0; Previously: Lacombe et al. 2013
Emerald seedless,Sultana moscata,,SNP (10K genome-wide),SNP,10198,1307,Laucou et al. 2018,10.1371/journal.pone.0192540,2018,probable,FAMOZ LOD=1307; mismatches=2/10198; KING kinship=0.2844; IBS0=0; Previously: Lacombe et al. 2013
Sultana moscata,Emerald seedless,,SNP (10K genome-wide),SNP,10198,1307,Laucou et al. 2018,10.1371/journal.pone.0192540,2018,probable,FAMOZ LOD=1307; mismatches=2/10198; KING kinship=0.2844; IBS0=0; Previously: Lacombe et al. 2013
Ferlongo,Alphonse Lavallée,,SNP (10K genome-wide),SNP,10207,1331,Laucou et al. 2018,10.1371/journal.pone.0192540,2018,probable,FAMOZ LOD=1331; mismatches=1/10207; KING kinship=0.2651; IBS0=0; Previously: Lacombe et al. 2013
Alphonse Lavallée,Ferlongo,,SNP (10K genome-wide),SNP,10207,1331,Laucou et al. 2018,10.1371/journal.pone.0192540,2018,probable,FAMOZ LOD=1331; mismatches=1/10207; KING kinship=0.2651; IBS0=0; Previously: Lacombe et al. 2013
Fernão Pires,Arinto do Dão,,SNP (10K genome-wide),SNP,10206,1310,Laucou et al. 2018,10.1371/journal.pone.0192540,2018,probable,FAMOZ LOD=1310; mismatches=0/10206; KING kinship=0.2276; IBS0=0; Previously: Lacombe et al. 2013
Arinto do Dão,Fernão Pires,,SNP (10K genome-wide),SNP,10206,1310,Laucou et al. 2018,10.1371/journal.pone.0192540,2018,probable,FAMOZ LOD=1310; mismatches=0/10206; KING kinship=0.2276; IBS0=0; Previously: Lacombe et al. 2013
Ferral = Achladi,Servant,,SNP (10K genome-wide),SNP,10097,1018,Laucou et al. 2018,10.1371/journal.pone.0192540,2018,probable,FAMOZ LOD=1018; mismatches=0/10097; KING kinship=0.2324; IBS0=0
Servant,Ferral = Achladi,,SNP (10K genome-wide),SNP,10097,1018,Laucou et al. 2018,10.1371/journal.pone.0192540,2018,probable,FAMOZ LOD=1018; mismatches=0/10097; KING kinship=0.2324; IBS0=0
Ferral = Achladi,Ohanes,,SNP (10K genome-wide),SNP,10207,1343,Laucou et al. 2018,10.1371/journal.pone.0192540,2018,probable,FAMOZ LOD=1343; mismatches=0/10207; KING kinship=0.2466; IBS0=0; Previously: Lacombe et al. 2013
Ohanes,Ferral = Achladi,,SNP (10K genome-wide),SNP,10207,1343,Laucou et al. 2018,10.1371/journal.pone.0192540,2018,probable,FAMOZ LOD=1343; mismatches=0/10207; KING kinship=0.2466; IBS0=0; Previously: Lacombe et al. 2013
Ferral = Achladi,Olivette blanche,,SNP (10K genome-wide),SNP,10201,1344,Laucou et al. 2018,10.1371/journal.pone.0192540,2018,probable,FAMOZ LOD=1344; mismatches=0/10201; KING kinship=0.2611; IBS0=0; Previously: Lacombe et al. 2013
Olivette blanche,Ferral = Achladi,,SNP (10K genome-wide),SNP,10201,1344,Laucou et al. 2018,10.1371/journal.pone.0192540,2018,probable,FAMOZ LOD=1344; mismatches=0/10201; KING kinship=0.2611; IBS0=0; Previously: Lacombe et al. 2013
Ferral = Achladi,Breval negro,,SNP (10K genome-wide),SNP,10201,1378,Laucou et al. 2018,10.1371/journal.pone.0192540,2018,probable,FAMOZ LOD=1378; mismatches=0/10201; KING kinship=0.2561; IBS0=0
Breval negro,Ferral = Achladi,,SNP (10K genome-wide),SNP,10201,1378,Laucou et al. 2018,10.1371/journal.pone.0192540,2018,probable,FAMOZ LOD=1378; mismatches=0/10201; KING kinship=0.2561; IBS0=0
Ferral = Achladi,Opsimo Edessis,,SNP (10K genome-wide),SNP,10207,1389,Laucou et al. 2018,10.1371/journal.pone.0192540,2018,probable,FAMOZ LOD=1389; mismatches=0/10207; KING kinship=0.288; IBS0=0; Previously: Lacombe et al. 2013
Opsimo Edessis,Ferral = Achladi,,SNP (10K genome-wide),SNP,10207,1389,Laucou et al. 2018,10.1371/journal.pone.0192540,2018,probable,FAMOZ LOD=1389; mismatches=0/10207; KING kinship=0.288; IBS0=0; Previously: Lacombe et al. 2013
Ferral = Achladi,Napoleon = Don Mariano,,SNP (10K genome-wide),SNP,10163,1589,Laucou et al. 2018,10.1371/journal.pone.0192540,2018,probable,FAMOZ LOD=1589; mismatches=0/10163; KING kinship=0.2387; IBS0=0; Previously: Lacombe et al. 2013
Napoleon = Don Mariano,Ferral = Achladi,,SNP (10K genome-wide),SNP,10163,1589,Laucou et al. 2018,10.1371/journal.pone.0192540,2018,probable,FAMOZ LOD=1589; mismatches=0/10163; KING kinship=0.2387; IBS0=0; Previously: Lacombe et al. 2013
Ferral = Achladi,Almeria nera,,SNP (10K genome-wide),SNP,10207,2292,Laucou et al. 2018,10.1371/journal.pone.0192540,2018,probable,FAMOZ LOD=2292; mismatches=0/10207; KING kinship=0.248; IBS0=0
Almeria nera,Ferral = Achladi,,SNP (10K genome-wide),SNP,10207,2292,Laucou et al. 2018,10.1371/journal.pone.0192540,2018,probable,FAMOZ LOD=2292; mismatches=0/10207; KING kinship=0.248; IBS0=0
Feteasca alba,Feteasca regala,,SNP (10K genome-wide),SNP,10123,1528,Laucou et al. 2018,10.1371/journal.pone.0192540,2018,probable,FAMOZ LOD=1528; mismatches=5/10123; KING kinship=0.2485; IBS0=0; Previously: Lacombe et al. 2013
Feteasca regala,Feteasca alba,,SNP (10K genome-wide),SNP,10123,1528,Laucou et al. 2018,10.1371/journal.pone.0192540,2018,probable,FAMOZ LOD=1528; mismatches=5/10123; KING kinship=0.2485; IBS0=0; Previously: Lacombe et al. 2013
Feteasca alba,Argant,,SNP (10K genome-wide),SNP,10113,1231,Laucou et al. 2018,10.1371/journal.pone.0192540,2018,probable,FAMOZ LOD=1231; mismatches=4/10113; KING kinship=0.2922; IBS0=0; Previously: Lacombe et al. 2013
Argant,Feteasca alba,,SNP (10K genome-wide),SNP,10113,1231,Laucou et al. 2018,10.1371/journal.pone.0192540,2018,probable,FAMOZ LOD=1231; mismatches=4/10113; KING kinship=0.2922; IBS0=0; Previously: Lacombe et al. 2013
Fogoneu,Mancens = Giro de Baleares,,SNP (10K genome-wide),SNP,10159,1145,Laucou et al. 2018,10.1371/journal.pone.0192540,2018,probable,FAMOZ LOD=1145; mismatches=3/10159; KING kinship=0.2647; IBS0=0; Previously: Lacombe et al. 2013
Mancens = Giro de Baleares,Fogoneu,,SNP (10K genome-wide),SNP,10159,1145,Laucou et al. 2018,10.1371/journal.pone.0192540,2018,probable,FAMOZ LOD=1145; mismatches=3/10159; KING kinship=0.2647; IBS0=0; Previously: Lacombe et al. 2013
Fogoneu,Murescu = Escursach,,SNP (10K genome-wide),SNP,10091,1114,Laucou et al. 2018,10.1371/journal.pone.0192540,2018,probable,FAMOZ LOD=1114; mismatches=2/10091; KING kinship=0.2391; IBS0=0; Previously: Lacombe et al. 2013
Murescu = Escursach,Fogoneu,,SNP (10K genome-wide),SNP,10091,1114,Laucou et al. 2018,10.1371/journal.pone.0192540,2018,probable,FAMOZ LOD=1114; mismatches=2/10091; KING kinship=0.2391; IBS0=0; Previously: Lacombe et al. 2013
Fogoneu,Callet,,SNP (10K genome-wide),SNP,10203,1420,Laucou et al. 2018,10.1371/journal.pone.0192540,2018,probable,FAMOZ LOD=1420; mismatches=2/10203; KING kinship=0.2264; IBS0=0; Previously: Lacombe et al. 2013
Callet,Fogoneu,,SNP (10K genome-wide),SNP,10203,1420,Laucou et al. 2018,10.1371/journal.pone.0192540,2018,probable,FAMOZ LOD=1420; mismatches=2/10203; KING kinship=0.2264; IBS0=0; Previously: Lacombe et al. 2013
Fokiano,Dattier de Beyrouth,,SNP (10K genome-wide),SNP,10109,1385,Laucou et al. 2018,10.1371/journal.pone.0192540,2018,probable,FAMOZ LOD=1385; mismatches=2/10109; KING kinship=0.2441; IBS0=0; Previously: Lacombe et al. 2013
Dattier de Beyrouth,Fokiano,,SNP (10K genome-wide),SNP,10109,1385,Laucou et al. 2018,10.1371/journal.pone.0192540,2018,probable,FAMOZ LOD=1385; mismatches=2/10109; KING kinship=0.2441; IBS0=0; Previously: Lacombe et al. 2013
Folgasão,Savagnin blanc,,SNP (10K genome-wide),SNP,10202,1094,Laucou et al. 2018,10.1371/journal.pone.0192540,2018,probable,FAMOZ LOD=1094; mismatches=0/10202; KING kinship=0.2893; IBS0=0; Previously: Lacombe et al. 2013
Savagnin blanc,Folgasão,,SNP (10K genome-wide),SNP,10202,1094,Laucou et al. 2018,10.1371/journal.pone.0192540,2018,probable,FAMOZ LOD=1094; mismatches=0/10202; KING kinship=0.2893; IBS0=0; Previously: Lacombe et al. 2013
Fondo de Orza,Muscat à petits grains blancs,,SNP (10K genome-wide),SNP,10183,999,Laucou et al. 2018,10.1371/journal.pone.0192540,2018,probable,FAMOZ LOD=999; mismatches=4/10183; KING kinship=0.2822; IBS0=0; Previously: Lacombe et al. 2013
Muscat à petits grains blancs,Fondo de Orza,,SNP (10K genome-wide),SNP,10183,999,Laucou et al. 2018,10.1371/journal.pone.0192540,2018,probable,FAMOZ LOD=999; mismatches=4/10183; KING kinship=0.2822; IBS0=0; Previously: Lacombe et al. 2013
Forastera (Spain),Palomino fino = Listán,,SNP (10K genome-wide),SNP,10197,1119,Laucou et al. 2018,10.1371/journal.pone.0192540,2018,probable,FAMOZ LOD=1119; mismatches=0/10197; KING kinship=0.2688; IBS0=0
Palomino fino = Listán,Forastera (Spain),,SNP (10K genome-wide),SNP,10197,1119,Laucou et al. 2018,10.1371/journal.pone.0192540,2018,probable,FAMOZ LOD=1119; mismatches=0/10197; KING kinship=0.2688; IBS0=0
Forcallat tinta,Gibi = Hebén,,SNP (10K genome-wide),SNP,10207,1109,Laucou et al. 2018,10.1371/journal.pone.0192540,2018,probable,FAMOZ LOD=1109; mismatches=0/10207; KING kinship=0.2451; IBS0=0; Previously: Lacombe et al. 2013
Gibi = Hebén,Forcallat tinta,,SNP (10K genome-wide),SNP,10207,1109,Laucou et al. 2018,10.1371/journal.pone.0192540,2018,probable,FAMOZ LOD=1109; mismatches=0/10207; KING kinship=0.2451; IBS0=0; Previously: Lacombe et al. 2013
Fortunato,Cayetana blanca = Jaén blanco,,SNP (10K genome-wide),SNP,10207,1369,Laucou et al. 2018,10.1371/journal.pone.0192540,2018,probable,FAMOZ LOD=1369; mismatches=1/10207; KING kinship=0.2591; IBS0=0; Previously: Lacombe et al. 2013
Cayetana blanca = Jaén blanco,Fortunato,,SNP (10K genome-wide),SNP,10207,1369,Laucou et al. 2018,10.1371/journal.pone.0192540,2018,probable,FAMOZ LOD=1369; mismatches=1/10207; KING kinship=0.2591; IBS0=0; Previously: Lacombe et al. 2013
Frankenthal,Gros Maroc,,SNP (10K genome-wide),SNP,10098,1670,Laucou et al. 2018,10.1371/journal.pone.0192540,2018,probable,FAMOZ LOD=1670; mismatches=1/10098; KING kinship=0.2569; IBS0=0; Previously: Lacombe et al. 2013
Gros Maroc,Frankenthal,,SNP (10K genome-wide),SNP,10098,1670,Laucou et al. 2018,10.1371/journal.pone.0192540,2018,probable,FAMOZ LOD=1670; mismatches=1/10098; KING kinship=0.2569; IBS0=0; Previously: Lacombe et al. 2013
Frankenthal,Kerner,,SNP (10K genome-wide),SNP,10199,1417,Laucou et al. 2018,10.1371/journal.pone.0192540,2018,probable,FAMOZ LOD=1417; mismatches=0/10199; KING kinship=0.2599; IBS0=0; Previously: Lacombe et al. 2013
Kerner,Frankenthal,,SNP (10K genome-wide),SNP,10199,1417,Laucou et al. 2018,10.1371/journal.pone.0192540,2018,probable,FAMOZ LOD=1417; mismatches=0/10199; KING kinship=0.2599; IBS0=0; Previously: Lacombe et al. 2013
Furmint,Alba imputotato,,SNP (10K genome-wide),SNP,10063,1211,Laucou et al. 2018,10.1371/journal.pone.0192540,2018,probable,FAMOZ LOD=1211; mismatches=2/10063; KING kinship=0.2504; IBS0=0; Previously: Lacombe et al. 2013
Alba imputotato,Furmint,,SNP (10K genome-wide),SNP,10063,1211,Laucou et al. 2018,10.1371/journal.pone.0192540,2018,probable,FAMOZ LOD=1211; mismatches=2/10063; KING kinship=0.2504; IBS0=0; Previously: Lacombe et al. 2013
Furmint,Gros Bourgogne,,SNP (10K genome-wide),SNP,10196,1183,Laucou et al. 2018,10.1371/journal.pone.0192540,2018,probable,FAMOZ LOD=1183; mismatches=0/10196; KING kinship=0.2747; IBS0=0; Previously: Lacombe et al. 2013
Gros Bourgogne,Furmint,,SNP (10K genome-wide),SNP,10196,1183,Laucou et al. 2018,10.1371/journal.pone.0192540,2018,probable,FAMOZ LOD=1183; mismatches=0/10196; KING kinship=0.2747; IBS0=0; Previously: Lacombe et al. 2013
Galotta,Gamay,,SNP (10K genome-wide),SNP,10207,1609,Laucou et al. 2018,10.1371/journal.pone.0192540,2018,probable,FAMOZ LOD=1609; mismatches=1/10207; KING kinship=0.2537; IBS0=0; Previously: Lacombe et al. 2013
Gamay,Galotta,,SNP (10K genome-wide),SNP,10207,1609,Laucou et al. 2018,10.1371/journal.pone.0192540,2018,probable,FAMOZ LOD=1609; mismatches=1/10207; KING kinship=0.2537; IBS0=0; Previously: Lacombe et al. 2013
Galotta,Ancellotta,,SNP (10K genome-wide),SNP,10194,1961,Laucou et al. 2018,10.1371/journal.pone.0192540,2018,probable,FAMOZ LOD=1961; mismatches=1/10194; KING kinship=0.2505; IBS0=0; Previously: Lacombe et al. 2013
Ancellotta,Galotta,,SNP (10K genome-wide),SNP,10194,1961,Laucou et al. 2018,10.1371/journal.pone.0192540,2018,probable,FAMOZ LOD=1961; mismatches=1/10194; KING kinship=0.2505; IBS0=0; Previously: Lacombe et al. 2013
Gamay,Schirastraube,,SNP (10K genome-wide),SNP,10183,1468,Laucou et al. 2018,10.1371/journal.pone.0192540,2018,probable,FAMOZ LOD=1468; mismatches=0/10183; KING kinship=0.2808; IBS0=0
Schirastraube,Gamay,,SNP (10K genome-wide),SNP,10183,1468,Laucou et al. 2018,10.1371/journal.pone.0192540,2018,probable,FAMOZ LOD=1468; mismatches=0/10183; KING kinship=0.2808; IBS0=0
Gamay,Gamaret,,SNP (10K genome-wide),SNP,10199,1773,Laucou et al. 2018,10.1371/journal.pone.0192540,2018,probable,FAMOZ LOD=1773; mismatches=0/10199; KING kinship=0.2595; IBS0=0; Previously: Lacombe et al. 2013
Gamaret,Gamay,,SNP (10K genome-wide),SNP,10199,1773,Laucou et al. 2018,10.1371/journal.pone.0192540,2018,probable,FAMOZ LOD=1773; mismatches=0/10199; KING kinship=0.2595; IBS0=0; Previously: Lacombe et al. 2013
Garganega,Catarratto bianco,,SNP (10K genome-wide),SNP,10191,1240,Laucou et al. 2018,10.1371/journal.pone.0192540,2018,probable,FAMOZ LOD=1240; mismatches=1/10191; KING kinship=0.2907; IBS0=0; Previously: Lacombe et al. 2013
Catarratto bianco,Garganega,,SNP (10K genome-wide),SNP,10191,1240,Laucou et al. 2018,10.1371/journal.pone.0192540,2018,probable,FAMOZ LOD=1240; mismatches=1/10191; KING kinship=0.2907; IBS0=0; Previously: Lacombe et al. 2013
Garrido macho,Monstruosa,,SNP (10K genome-wide),SNP,10129,1603,Laucou et al. 2018,10.1371/journal.pone.0192540,2018,probable,FAMOZ LOD=1603; mismatches=1/10129; KING kinship=0.2709; IBS0=0
Monstruosa,Garrido macho,,SNP (10K genome-wide),SNP,10129,1603,Laucou et al. 2018,10.1371/journal.pone.0192540,2018,probable,FAMOZ LOD=1603; mismatches=1/10129; KING kinship=0.2709; IBS0=0
Garro,Graciano = Morrastel,,SNP (10K genome-wide),SNP,10203,1286,Laucou et al. 2018,10.1371/journal.pone.0192540,2018,probable,FAMOZ LOD=1286; mismatches=1/10203; KING kinship=0.2664; IBS0=0; Previously: Lacombe et al. 2013
Graciano = Morrastel,Garro,,SNP (10K genome-wide),SNP,10203,1286,Laucou et al. 2018,10.1371/journal.pone.0192540,2018,probable,FAMOZ LOD=1286; mismatches=1/10203; KING kinship=0.2664; IBS0=0; Previously: Lacombe et al. 2013
Garro,Gibi = Hebén,,SNP (10K genome-wide),SNP,10207,969,Laucou et al. 2018,10.1371/journal.pone.0192540,2018,probable,FAMOZ LOD=969; mismatches=0/10207; KING kinship=0.2481; IBS0=0; Previously: Lacombe et al. 2013
Gibi = Hebén,Garro,,SNP (10K genome-wide),SNP,10207,969,Laucou et al. 2018,10.1371/journal.pone.0192540,2018,probable,FAMOZ LOD=969; mismatches=0/10207; KING kinship=0.2481; IBS0=0; Previously: Lacombe et al. 2013
Gelbhölzer blau,Gouais blanc,,SNP (10K genome-wide),SNP,10184,1222,Laucou et al. 2018,10.1371/journal.pone.0192540,2018,probable,FAMOZ LOD=1222; mismatches=0/10184; KING kinship=0.2315; IBS0=0; Previously: Lacombe et al. 2013
Gouais blanc,Gelbhölzer blau,,SNP (10K genome-wide),SNP,10184,1222,Laucou et al. 2018,10.1371/journal.pone.0192540,2018,probable,FAMOZ LOD=1222; mismatches=0/10184; KING kinship=0.2315; IBS0=0; Previously: Lacombe et al. 2013
Gibi = Hebén,Trincadeira das Pratas,,SNP (10K genome-wide),SNP,9981,749,Laucou et al. 2018,10.1371/journal.pone.0192540,2018,probable,FAMOZ LOD=749; mismatches=2/9981; KING kinship=0.2702; IBS0=0
Trincadeira das Pratas,Gibi = Hebén,,SNP (10K genome-wide),SNP,9981,749,Laucou et al. 2018,10.1371/journal.pone.0192540,2018,probable,FAMOZ LOD=749; mismatches=2/9981; KING kinship=0.2702; IBS0=0
Gibi = Hebén,Señá,,SNP (10K genome-wide),SNP,9871,543,Laucou et al. 2018,10.1371/journal.pone.0192540,2018,probable,FAMOZ LOD=543; mismatches=1/9871; KING kinship=0.2788; IBS0=0
Señá,Gibi = Hebén,,SNP (10K genome-wide),SNP,9871,543,Laucou et al. 2018,10.1371/journal.pone.0192540,2018,probable,FAMOZ LOD=543; mismatches=1/9871; KING kinship=0.2788; IBS0=0
Gibi = Hebén,Verdil,,SNP (10K genome-wide),SNP,10147,968,Laucou et al. 2018,10.1371/journal.pone.0192540,2018,probable,FAMOZ LOD=968; mismatches=1/10147; KING kinship=0.2701; IBS0=0
Verdil,Gibi = Hebén,,SNP (10K genome-wide),SNP,10147,968,Laucou et al. 2018,10.1371/journal.pone.0192540,2018,probable,FAMOZ LOD=968; mismatches=1/10147; KING kinship=0.2701; IBS0=0
Gibi = Hebén,Corazón de cabrito,,SNP (10K genome-wide),SNP,10207,993,Laucou et al. 2018,10.1371/journal.pone.0192540,2018,probable,FAMOZ LOD=993; mismatches=1/10207; KING kinship=0.2529; IBS0=0
Corazón de cabrito,Gibi = Hebén,,SNP (10K genome-wide),SNP,10207,993,Laucou et al. 2018,10.1371/journal.pone.0192540,2018,probable,FAMOZ LOD=993; mismatches=1/10207; KING kinship=0.2529; IBS0=0
Gibi = Hebén,Molinera gorda,,SNP (10K genome-wide),SNP,9907,1056,Laucou et al. 2018,10.1371/journal.pone.0192540,2018,probable,FAMOZ LOD=1056; mismatches=1/9907; KING kinship=0.2432; IBS0=0; Previously: Lacombe et al. 2013
Molinera gorda,Gibi = Hebén,,SNP (10K genome-wide),SNP,9907,1056,Laucou et al. 2018,10.1371/journal.pone.0192540,2018,probable,FAMOZ LOD=1056; mismatches=1/9907; KING kinship=0.2432; IBS0=0; Previously: Lacombe et al. 2013
Gibi = Hebén,Castillón de Arcos,,SNP (10K genome-wide),SNP,10207,1117,Laucou et al. 2018,10.1371/journal.pone.0192540,2018,probable,FAMOZ LOD=1117; mismatches=1/10207; KING kinship=0.2531; IBS0=0
Castillón de Arcos,Gibi = Hebén,,SNP (10K genome-wide),SNP,10207,1117,Laucou et al. 2018,10.1371/journal.pone.0192540,2018,probable,FAMOZ LOD=1117; mismatches=1/10207; KING kinship=0.2531; IBS0=0
Gibi = Hebén,Verdejo de Salamanca,,SNP (10K genome-wide),SNP,10141,1484,Laucou et al. 2018,10.1371/journal.pone.0192540,2018,probable,FAMOZ LOD=1484; mismatches=1/10141; KING kinship=0.2538; IBS0=0
Verdejo de Salamanca,Gibi = Hebén,,SNP (10K genome-wide),SNP,10141,1484,Laucou et al. 2018,10.1371/journal.pone.0192540,2018,probable,FAMOZ LOD=1484; mismatches=1/10141; KING kinship=0.2538; IBS0=0
Gibi = Hebén,Allarén,,SNP (10K genome-wide),SNP,9747,765,Laucou et al. 2018,10.1371/journal.pone.0192540,2018,probable,FAMOZ LOD=765; mismatches=0/9747; KING kinship=0.2716; IBS0=0
Allarén,Gibi = Hebén,,SNP (10K genome-wide),SNP,9747,765,Laucou et al. 2018,10.1371/journal.pone.0192540,2018,probable,FAMOZ LOD=765; mismatches=0/9747; KING kinship=0.2716; IBS0=0
Gibi = Hebén,Epero de Gall,,SNP (10K genome-wide),SNP,10196,789,Laucou et al. 2018,10.1371/journal.pone.0192540,2018,probable,FAMOZ LOD=789; mismatches=0/10196; KING kinship=0.2491; IBS0=0; Previously: Lacombe et al. 2013
Epero de Gall,Gibi = Hebén,,SNP (10K genome-wide),SNP,10196,789,Laucou et al. 2018,10.1371/journal.pone.0192540,2018,probable,FAMOZ LOD=789; mismatches=0/10196; KING kinship=0.2491; IBS0=0; Previously: Lacombe et al. 2013
Gibi = Hebén,Miguel de Arco (Spain),,SNP (10K genome-wide),SNP,10207,875,Laucou et al. 2018,10.1371/journal.pone.0192540,2018,probable,FAMOZ LOD=875; mismatches=0/10207; KING kinship=0.2586; IBS0=0
Miguel de Arco (Spain),Gibi = Hebén,,SNP (10K genome-wide),SNP,10207,875,Laucou et al. 2018,10.1371/journal.pone.0192540,2018,probable,FAMOZ LOD=875; mismatches=0/10207; KING kinship=0.2586; IBS0=0
Gibi = Hebén,Trepat,,SNP (10K genome-wide),SNP,10172,908,Laucou et al. 2018,10.1371/journal.pone.0192540,2018,probable,FAMOZ LOD=908; mismatches=0/10172; KING kinship=0.2545; IBS0=0; Previously: Lacombe et al. 2013
Trepat,Gibi = Hebén,,SNP (10K genome-wide),SNP,10172,908,Laucou et al. 2018,10.1371/journal.pone.0192540,2018,probable,FAMOZ LOD=908; mismatches=0/10172; KING kinship=0.2545; IBS0=0; Previously: Lacombe et al. 2013
Gibi = Hebén,Ferral (Spain) = Uvallon,,SNP (10K genome-wide),SNP,10160,916,Laucou et al. 2018,10.1371/journal.pone.0192540,2018,probable,FAMOZ LOD=916; mismatches=0/10160; KING kinship=0.243; IBS0=0
Gibi = Hebén,Moscatel de Angüés,,SNP (10K genome-wide),SNP,10175,985,Laucou et al. 2018,10.1371/journal.pone.0192540,2018,probable,FAMOZ LOD=985; mismatches=0/10175; KING kinship=0.2448; IBS0=0
Moscatel de Angüés,Gibi = Hebén,,SNP (10K genome-wide),SNP,10175,985,Laucou et al. 2018,10.1371/journal.pone.0192540,2018,probable,FAMOZ LOD=985; mismatches=0/10175; KING kinship=0.2448; IBS0=0
Gibi = Hebén,Alcañon,,SNP (10K genome-wide),SNP,10185,1075,Laucou et al. 2018,10.1371/journal.pone.0192540,2018,probable,FAMOZ LOD=1075; mismatches=0/10185; KING kinship=0.2778; IBS0=0
Alcañon,Gibi = Hebén,,SNP (10K genome-wide),SNP,10185,1075,Laucou et al. 2018,10.1371/journal.pone.0192540,2018,probable,FAMOZ LOD=1075; mismatches=0/10185; KING kinship=0.2778; IBS0=0
Gibi = Hebén,Albillo de Granada,,SNP (10K genome-wide),SNP,10202,1101,Laucou et al. 2018,10.1371/journal.pone.0192540,2018,probable,FAMOZ LOD=1101; mismatches=0/10202; KING kinship=0.2391; IBS0=0
Gibi = Hebén,Macabeu,,SNP (10K genome-wide),SNP,10185,1132,Laucou et al. 2018,10.1371/journal.pone.0192540,2018,probable,FAMOZ LOD=1132; mismatches=0/10185; KING kinship=0.2507; IBS0=0; Previously: Lacombe et al. 2013
Macabeu,Gibi = Hebén,,SNP (10K genome-wide),SNP,10185,1132,Laucou et al. 2018,10.1371/journal.pone.0192540,2018,probable,FAMOZ LOD=1132; mismatches=0/10185; KING kinship=0.2507; IBS0=0; Previously: Lacombe et al. 2013
Gibi = Hebén,Torralba,,SNP (10K genome-wide),SNP,10196,1138,Laucou et al. 2018,10.1371/journal.pone.0192540,2018,probable,FAMOZ LOD=1138; mismatches=0/10196; KING kinship=0.2804; IBS0=0
Gibi = Hebén,Valencí blanco,,SNP (10K genome-wide),SNP,10109,1152,Laucou et al. 2018,10.1371/journal.pone.0192540,2018,probable,FAMOZ LOD=1152; mismatches=0/10109; KING kinship=0.2707; IBS0=0; Previously: Lacombe et al. 2013
Valencí blanco,Gibi = Hebén,,SNP (10K genome-wide),SNP,10109,1152,Laucou et al. 2018,10.1371/journal.pone.0192540,2018,probable,FAMOZ LOD=1152; mismatches=0/10109; KING kinship=0.2707; IBS0=0; Previously: Lacombe et al. 2013
Gibi = Hebén,Moll,,SNP (10K genome-wide),SNP,10199,1182,Laucou et al. 2018,10.1371/journal.pone.0192540,2018,probable,FAMOZ LOD=1182; mismatches=0/10199; KING kinship=0.2484; IBS0=0; Previously: Lacombe et al. 2013
Moll,Gibi = Hebén,,SNP (10K genome-wide),SNP,10199,1182,Laucou et al. 2018,10.1371/journal.pone.0192540,2018,probable,FAMOZ LOD=1182; mismatches=0/10199; KING kinship=0.2484; IBS0=0; Previously: Lacombe et al. 2013
Goher,Alba imputotato,,SNP (10K genome-wide),SNP,10189,1241,Laucou et al. 2018,10.1371/journal.pone.0192540,2018,probable,FAMOZ LOD=1241; mismatches=0/10189; KING kinship=0.2675; IBS0=1; Previously: Lacombe et al. 2013
Alba imputotato,Goher,,SNP (10K genome-wide),SNP,10189,1241,Laucou et al. 2018,10.1371/journal.pone.0192540,2018,probable,FAMOZ LOD=1241; mismatches=0/10189; KING kinship=0.2675; IBS0=1; Previously: Lacombe et al. 2013
Goher,Kolontar,,SNP (10K genome-wide),SNP,10178,1268,Laucou et al. 2018,10.1371/journal.pone.0192540,2018,probable,FAMOZ LOD=1268; mismatches=0/10178; KING kinship=0.2599; IBS0=1; Previously: Lacombe et al. 2013
Kolontar,Goher,,SNP (10K genome-wide),SNP,10178,1268,Laucou et al. 2018,10.1371/journal.pone.0192540,2018,probable,FAMOZ LOD=1268; mismatches=0/10178; KING kinship=0.2599; IBS0=1; Previously: Lacombe et al. 2013
Gorgollasa,Gibi = Hebén,,SNP (10K genome-wide),SNP,10176,782,Laucou et al. 2018,10.1371/journal.pone.0192540,2018,probable,FAMOZ LOD=782; mismatches=1/10176; KING kinship=0.2582; IBS0=1; Previously: Lacombe et al. 2013
Gibi = Hebén,Gorgollasa,,SNP (10K genome-wide),SNP,10176,782,Laucou et al. 2018,10.1371/journal.pone.0192540,2018,probable,FAMOZ LOD=782; mismatches=1/10176; KING kinship=0.2582; IBS0=1; Previously: Lacombe et al. 2013
Gouais blanc,Gamay,,SNP (10K genome-wide),SNP,10200,1070,Laucou et al. 2018,10.1371/journal.pone.0192540,2018,probable,FAMOZ LOD=1070; mismatches=5/10200; KING kinship=0.2556; IBS0=1; Previously: Lacombe et al. 2013
Gamay,Gouais blanc,,SNP (10K genome-wide),SNP,10200,1070,Laucou et al. 2018,10.1371/journal.pone.0192540,2018,probable,FAMOZ LOD=1070; mismatches=5/10200; KING kinship=0.2556; IBS0=1; Previously: Lacombe et al. 2013
Gouais blanc,Roublot,,SNP (10K genome-wide),SNP,10079,1198,Laucou et al. 2018,10.1371/journal.pone.0192540,2018,probable,FAMOZ LOD=1198; mismatches=5/10079; KING kinship=0.2581; IBS0=1; Previously: Lacombe et al. 2013
Roublot,Gouais blanc,,SNP (10K genome-wide),SNP,10079,1198,Laucou et al. 2018,10.1371/journal.pone.0192540,2018,probable,FAMOZ LOD=1198; mismatches=5/10079; KING kinship=0.2581; IBS0=1; Previously: Lacombe et al. 2013
Gouais blanc,Kotsiphali faux (Collection Athènes),,SNP (10K genome-wide),SNP,10138,1282,Laucou et al. 2018,10.1371/journal.pone.0192540,2018,probable,FAMOZ LOD=1282; mismatches=3/10138; KING kinship=0.2292; IBS0=1
Kotsiphali faux (Collection Athènes),Gouais blanc,,SNP (10K genome-wide),SNP,10138,1282,Laucou et al. 2018,10.1371/journal.pone.0192540,2018,probable,FAMOZ LOD=1282; mismatches=3/10138; KING kinship=0.2292; IBS0=1
Gouais blanc,Epinou,,SNP (10K genome-wide),SNP,10094,1099,Laucou et al. 2018,10.1371/journal.pone.0192540,2018,probable,FAMOZ LOD=1099; mismatches=2/10094; KING kinship=0.2811; IBS0=1; Previously: Lacombe et al. 2013
Epinou,Gouais blanc,,SNP (10K genome-wide),SNP,10094,1099,Laucou et al. 2018,10.1371/journal.pone.0192540,2018,probable,FAMOZ LOD=1099; mismatches=2/10094; KING kinship=0.2811; IBS0=1; Previously: Lacombe et al. 2013
Gouais blanc,Limberger,,SNP (10K genome-wide),SNP,10158,1683,Laucou et al. 2018,10.1371/journal.pone.0192540,2018,probable,FAMOZ LOD=1683; mismatches=2/10158; KING kinship=0.2496; IBS0=1; Previously: Lacombe et al. 2013
Limberger,Gouais blanc,,SNP (10K genome-wide),SNP,10158,1683,Laucou et al. 2018,10.1371/journal.pone.0192540,2018,probable,FAMOZ LOD=1683; mismatches=2/10158; KING kinship=0.2496; IBS0=1; Previously: Lacombe et al. 2013
Gouais blanc,Riesling,,SNP (10K genome-wide),SNP,10207,1052,Laucou et al. 2018,10.1371/journal.pone.0192540,2018,probable,FAMOZ LOD=1052; mismatches=1/10207; KING kinship=0.2339; IBS0=1; Previously: Lacombe et al. 2013
Riesling,Gouais blanc,,SNP (10K genome-wide),SNP,10207,1052,Laucou et al. 2018,10.1371/journal.pone.0192540,2018,probable,FAMOZ LOD=1052; mismatches=1/10207; KING kinship=0.2339; IBS0=1; Previously: Lacombe et al. 2013
Gouais blanc,Heunisch Rotgestreift = mutation Gouais,,SNP (10K genome-wide),SNP,10200,1316,Laucou et al. 2018,10.1371/journal.pone.0192540,2018,probable,FAMOZ LOD=1316; mismatches=1/10200; KING kinship=0.2767; IBS0=1
Heunisch Rotgestreift = mutation Gouais,Gouais blanc,,SNP (10K genome-wide),SNP,10200,1316,Laucou et al. 2018,10.1371/journal.pone.0192540,2018,probable,FAMOZ LOD=1316; mismatches=1/10200; KING kinship=0.2767; IBS0=1
Gouais blanc,Elbling,,SNP (10K genome-wide),SNP,10207,1065,Laucou et al. 2018,10.1371/journal.pone.0192540,2018,probable,FAMOZ LOD=1065; mismatches=0/10207; KING kinship=0.2325; IBS0=1; Previously: Lacombe et al. 2013
Elbling,Gouais blanc,,SNP (10K genome-wide),SNP,10207,1065,Laucou et al. 2018,10.1371/journal.pone.0192540,2018,probable,FAMOZ LOD=1065; mismatches=0/10207; KING kinship=0.2325; IBS0=1; Previously: Lacombe et al. 2013
Gouais blanc,Meslier Saint-François,,SNP (10K genome-wide),SNP,10206,1134,Laucou et al. 2018,10.1371/journal.pone.0192540,2018,probable,FAMOZ LOD=1134; mismatches=0/10206; KING kinship=0.2656; IBS0=1; Previously: Lacombe et al. 2013
Meslier Saint-François,Gouais blanc,,SNP (10K genome-wide),SNP,10206,1134,Laucou et al. 2018,10.1371/journal.pone.0192540,2018,probable,FAMOZ LOD=1134; mismatches=0/10206; KING kinship=0.2656; IBS0=1; Previously: Lacombe et al. 2013
Gouais blanc,Hängling spänischer = Tauberschwarz,,SNP (10K genome-wide),SNP,10206,1146,Laucou et al. 2018,10.1371/journal.pone.0192540,2018,probable,FAMOZ LOD=1146; mismatches=0/10206; KING kinship=0.2607; IBS0=1
Hängling spänischer = Tauberschwarz,Gouais blanc,,SNP (10K genome-wide),SNP,10206,1146,Laucou et al. 2018,10.1371/journal.pone.0192540,2018,probable,FAMOZ LOD=1146; mismatches=0/10206; KING kinship=0.2607; IBS0=1
Gouais blanc,Furmint,,SNP (10K genome-wide),SNP,10207,1231,Laucou et al. 2018,10.1371/journal.pone.0192540,2018,probable,FAMOZ LOD=1231; mismatches=0/10207; KING kinship=0.26; IBS0=1; Previously: Lacombe et al. 2013
Furmint,Gouais blanc,,SNP (10K genome-wide),SNP,10207,1231,Laucou et al. 2018,10.1371/journal.pone.0192540,2018,probable,FAMOZ LOD=1231; mismatches=0/10207; KING kinship=0.26; IBS0=1; Previously: Lacombe et al. 2013
Grain,Pougayen,,SNP (10K genome-wide),SNP,10158,1290,Laucou et al. 2018,10.1371/journal.pone.0192540,2018,probable,FAMOZ LOD=1290; mismatches=1/10158; KING kinship=0.2548; IBS0=1; Previously: Lacombe et al. 2013
Pougayen,Grain,,SNP (10K genome-wide),SNP,10158,1290,Laucou et al. 2018,10.1371/journal.pone.0192540,2018,probable,FAMOZ LOD=1290; mismatches=1/10158; KING kinship=0.2548; IBS0=1; Previously: Lacombe et al. 2013
Grain,Tressot,,SNP (10K genome-wide),SNP,10127,1353,Laucou et al. 2018,10.1371/journal.pone.0192540,2018,probable,FAMOZ LOD=1353; mismatches=0/10127; KING kinship=0.2495; IBS0=1; Previously: Lacombe et al. 2013
Tressot,Grain,,SNP (10K genome-wide),SNP,10127,1353,Laucou et al. 2018,10.1371/journal.pone.0192540,2018,probable,FAMOZ LOD=1353; mismatches=0/10127; KING kinship=0.2495; IBS0=1; Previously: Lacombe et al. 2013
Grand Noir de la Calmette,Graciano = Morrastel,,SNP (10K genome-wide),SNP,10111,1044,Laucou et al. 2018,10.1371/journal.pone.0192540,2018,probable,FAMOZ LOD=1044; mismatches=1/10111; KING kinship=0.2451; IBS0=1; Previously: Lacombe et al. 2013
Graciano = Morrastel,Grand Noir de la Calmette,,SNP (10K genome-wide),SNP,10111,1044,Laucou et al. 2018,10.1371/journal.pone.0192540,2018,probable,FAMOZ LOD=1044; mismatches=1/10111; KING kinship=0.2451; IBS0=1; Previously: Lacombe et al. 2013
Grappenoux,Savagnin blanc,,SNP (10K genome-wide),SNP,10206,1480,Laucou et al. 2018,10.1371/journal.pone.0192540,2018,probable,FAMOZ LOD=1480; mismatches=1/10206; KING kinship=0.234; IBS0=1; Previously: Lacombe et al. 2013
Savagnin blanc,Grappenoux,,SNP (10K genome-wide),SNP,10206,1480,Laucou et al. 2018,10.1371/journal.pone.0192540,2018,probable,FAMOZ LOD=1480; mismatches=1/10206; KING kinship=0.234; IBS0=1; Previously: Lacombe et al. 2013
Greg,Morate,,SNP (10K genome-wide),SNP,10207,1216,Laucou et al. 2018,10.1371/journal.pone.0192540,2018,probable,FAMOZ LOD=1216; mismatches=1/10207; KING kinship=0.2629; IBS0=1
Morate,Greg,,SNP (10K genome-wide),SNP,10207,1216,Laucou et al. 2018,10.1371/journal.pone.0192540,2018,probable,FAMOZ LOD=1216; mismatches=1/10207; KING kinship=0.2629; IBS0=1
Garnacha tinta = Grenache,Alicante Henri Bouschet,,SNP (10K genome-wide),SNP,10205,1196,Laucou et al. 2018,10.1371/journal.pone.0192540,2018,probable,FAMOZ LOD=1196; mismatches=2/10205; KING kinship=0.2873; IBS0=1; Previously: Lacombe et al. 2013
Alicante Henri Bouschet,Garnacha tinta = Grenache,,SNP (10K genome-wide),SNP,10205,1196,Laucou et al. 2018,10.1371/journal.pone.0192540,2018,probable,FAMOZ LOD=1196; mismatches=2/10205; KING kinship=0.2873; IBS0=1; Previously: Lacombe et al. 2013
Grillo,Muscat d'Alexandrie,,SNP (10K genome-wide),SNP,10149,1096,Laucou et al. 2018,10.1371/journal.pone.0192540,2018,probable,FAMOZ LOD=1096; mismatches=3/10149; KING kinship=0.2465; IBS0=1; Previously: Lacombe et al. 2013
Muscat d'Alexandrie,Grillo,,SNP (10K genome-wide),SNP,10149,1096,Laucou et al. 2018,10.1371/journal.pone.0192540,2018,probable,FAMOZ LOD=1096; mismatches=3/10149; KING kinship=0.2465; IBS0=1; Previously: Lacombe et al. 2013
Gros Cabernet,Castets = Maturana tinta de Navarrete,,SNP (10K genome-wide),SNP,10195,1801,Laucou et al. 2018,10.1371/journal.pone.0192540,2018,probable,FAMOZ LOD=1801; mismatches=3/10195; KING kinship=0.2289; IBS0=1; Previously: Lacombe et al. 2013
Castets = Maturana tinta de Navarrete,Gros Cabernet,,SNP (10K genome-wide),SNP,10195,1801,Laucou et al. 2018,10.1371/journal.pone.0192540,2018,probable,FAMOZ LOD=1801; mismatches=3/10195; KING kinship=0.2289; IBS0=1; Previously: Lacombe et al. 2013
Gros Colman,Kadarka,,SNP (10K genome-wide),SNP,10182,1332,Laucou et al. 2018,10.1371/journal.pone.0192540,2018,probable,FAMOZ LOD=1332; mismatches=1/10182; KING kinship=0.2311; IBS0=1; Previously: Lacombe et al. 2013
Kadarka,Gros Colman,,SNP (10K genome-wide),SNP,10182,1332,Laucou et al. 2018,10.1371/journal.pone.0192540,2018,probable,FAMOZ LOD=1332; mismatches=1/10182; KING kinship=0.2311; IBS0=1; Previously: Lacombe et al. 2013
Hadari,Dedo de Dama,,SNP (10K genome-wide),SNP,10177,1259,Laucou et al. 2018,10.1371/journal.pone.0192540,2018,probable,FAMOZ LOD=1259; mismatches=1/10177; KING kinship=0.2326; IBS0=1; Previously: Lacombe et al. 2013
Dedo de Dama,Hadari,,SNP (10K genome-wide),SNP,10177,1259,Laucou et al. 2018,10.1371/journal.pone.0192540,2018,probable,FAMOZ LOD=1259; mismatches=1/10177; KING kinship=0.2326; IBS0=1; Previously: Lacombe et al. 2013
Harslevelu,Furmint,,SNP (10K genome-wide),SNP,10206,1387,Laucou et al. 2018,10.1371/journal.pone.0192540,2018,probable,FAMOZ LOD=1387; mismatches=1/10206; KING kinship=0.2434; IBS0=1; Previously: Lacombe et al. 2013
Furmint,Harslevelu,,SNP (10K genome-wide),SNP,10206,1387,Laucou et al. 2018,10.1371/journal.pone.0192540,2018,probable,FAMOZ LOD=1387; mismatches=1/10206; KING kinship=0.2434; IBS0=1; Previously: Lacombe et al. 2013
Henab turki,Hunisa,,SNP (10K genome-wide),SNP,10202,1763,Laucou et al. 2018,10.1371/journal.pone.0192540,2018,probable,FAMOZ LOD=1763; mismatches=0/10202; KING kinship=0.2641; IBS0=1; Previously: Lacombe et al. 2013
Hunisa,Henab turki,,SNP (10K genome-wide),SNP,10202,1763,Laucou et al. 2018,10.1371/journal.pone.0192540,2018,probable,FAMOZ LOD=1763; mismatches=0/10202; KING kinship=0.2641; IBS0=1; Previously: Lacombe et al. 2013
Heroldrebe,Portugais bleu,,SNP (10K genome-wide),SNP,10202,1343,Laucou et al. 2018,10.1371/journal.pone.0192540,2018,probable,FAMOZ LOD=1343; mismatches=3/10202; KING kinship=0.2565; IBS0=1; Previously: Lacombe et al. 2013
Portugais bleu,Heroldrebe,,SNP (10K genome-wide),SNP,10202,1343,Laucou et al. 2018,10.1371/journal.pone.0192540,2018,probable,FAMOZ LOD=1343; mismatches=3/10202; KING kinship=0.2565; IBS0=1; Previously: Lacombe et al. 2013
Houssein rouge,Khoussaïné blanc,,SNP (10K genome-wide),SNP,10206,1616,Laucou et al. 2018,10.1371/journal.pone.0192540,2018,probable,FAMOZ LOD=1616; mismatches=2/10206; KING kinship=0.2635; IBS0=1; Previously: Lacombe et al. 2013
Khoussaïné blanc,Houssein rouge,,SNP (10K genome-wide),SNP,10206,1616,Laucou et al. 2018,10.1371/journal.pone.0192540,2018,probable,FAMOZ LOD=1616; mismatches=2/10206; KING kinship=0.2635; IBS0=1; Previously: Lacombe et al. 2013
Houssein rouge,Negru mare,,SNP (10K genome-wide),SNP,10206,1697,Laucou et al. 2018,10.1371/journal.pone.0192540,2018,probable,FAMOZ LOD=1697; mismatches=0/10206; KING kinship=0.2525; IBS0=1; Previously: Lacombe et al. 2013
Negru mare,Houssein rouge,,SNP (10K genome-wide),SNP,10206,1697,Laucou et al. 2018,10.1371/journal.pone.0192540,2018,probable,FAMOZ LOD=1697; mismatches=0/10206; KING kinship=0.2525; IBS0=1; Previously: Lacombe et al. 2013
Ichkimar,Fahri Kalamak,,SNP (10K genome-wide),SNP,10204,1776,Laucou et al. 2018,10.1371/journal.pone.0192540,2018,probable,FAMOZ LOD=1776; mismatches=0/10204; KING kinship=0.2474; IBS0=1
Fahri Kalamak,Ichkimar,,SNP (10K genome-wide),SNP,10204,1776,Laucou et al. 2018,10.1371/journal.pone.0192540,2018,probable,FAMOZ LOD=1776; mismatches=0/10204; KING kinship=0.2474; IBS0=1
Ichkimar,Black monukka,,SNP (10K genome-wide),SNP,10202,1816,Laucou et al. 2018,10.1371/journal.pone.0192540,2018,probable,FAMOZ LOD=1816; mismatches=0/10202; KING kinship=0.3328; IBS0=1; Previously: Lacombe et al. 2013
Black monukka,Ichkimar,,SNP (10K genome-wide),SNP,10202,1816,Laucou et al. 2018,10.1371/journal.pone.0192540,2018,probable,FAMOZ LOD=1816; mismatches=0/10202; KING kinship=0.3328; IBS0=1; Previously: Lacombe et al. 2013
Institutis grdzelmtevana,Adreuli Skelkana,,SNP (10K genome-wide),SNP,10126,1181,Laucou et al. 2018,10.1371/journal.pone.0192540,2018,probable,FAMOZ LOD=1181; mismatches=1/10126; KING kinship=0.2225; IBS0=1
Adreuli Skelkana,Institutis grdzelmtevana,,SNP (10K genome-wide),SNP,10126,1181,Laucou et al. 2018,10.1371/journal.pone.0192540,2018,probable,FAMOZ LOD=1181; mismatches=1/10126; KING kinship=0.2225; IBS0=1
Irsai Oliver,Pozsonyi feher,,SNP (10K genome-wide),SNP,10207,1121,Laucou et al. 2018,10.1371/journal.pone.0192540,2018,probable,FAMOZ LOD=1121; mismatches=0/10207; KING kinship=0.2482; IBS0=1; Previously: Lacombe et al. 2013
Pozsonyi feher,Irsai Oliver,,SNP (10K genome-wide),SNP,10207,1121,Laucou et al. 2018,10.1371/journal.pone.0192540,2018,probable,FAMOZ LOD=1121; mismatches=0/10207; KING kinship=0.2482; IBS0=1; Previously: Lacombe et al. 2013
Ithaki,Cinsaut,,SNP (10K genome-wide),SNP,10182,1234,Laucou et al. 2018,10.1371/journal.pone.0192540,2018,probable,FAMOZ LOD=1234; mismatches=0/10182; KING kinship=0.2366; IBS0=1; Previously: Lacombe et al. 2013
Cinsaut,Ithaki,,SNP (10K genome-wide),SNP,10182,1234,Laucou et al. 2018,10.1371/journal.pone.0192540,2018,probable,FAMOZ LOD=1234; mismatches=0/10182; KING kinship=0.2366; IBS0=1; Previously: Lacombe et al. 2013
Gouais blanc,Javor Weiss,,SNP (10K genome-wide),SNP,10207,1197,Laucou et al. 2018,10.1371/journal.pone.0192540,2018,probable,FAMOZ LOD=1197; mismatches=2/10207; KING kinship=0.2383; IBS0=1; Previously: Lacombe et al. 2013
Alba imputotato,Javor Weiss,,SNP (10K genome-wide),SNP,10045,1209,Laucou et al. 2018,10.1371/journal.pone.0192540,2018,probable,FAMOZ LOD=1209; mismatches=1/10045; KING kinship=0.2717; IBS0=1
Jeronimo,Gibi = Hebén,,SNP (10K genome-wide),SNP,10106,1045,Laucou et al. 2018,10.1371/journal.pone.0192540,2018,probable,FAMOZ LOD=1045; mismatches=0/10106; KING kinship=0.2491; IBS0=1; Previously: Lacombe et al. 2013
Gibi = Hebén,Jeronimo,,SNP (10K genome-wide),SNP,10106,1045,Laucou et al. 2018,10.1371/journal.pone.0192540,2018,probable,FAMOZ LOD=1045; mismatches=0/10106; KING kinship=0.2491; IBS0=1; Previously: Lacombe et al. 2013
Joubertin,Persan,,SNP (10K genome-wide),SNP,10207,2335,Laucou et al. 2018,10.1371/journal.pone.0192540,2018,probable,FAMOZ LOD=2335; mismatches=1/10207; KING kinship=0.2668; IBS0=1; Previously: Lacombe et al. 2013
Persan,Joubertin,,SNP (10K genome-wide),SNP,10207,2335,Laucou et al. 2018,10.1371/journal.pone.0192540,2018,probable,FAMOZ LOD=2335; mismatches=1/10207; KING kinship=0.2668; IBS0=1; Previously: Lacombe et al. 2013
Kanzler,Sylvaner,,SNP (10K genome-wide),SNP,10198,1538,Laucou et al. 2018,10.1371/journal.pone.0192540,2018,probable,FAMOZ LOD=1538; mismatches=1/10198; KING kinship=0.2455; IBS0=1; Previously: Lacombe et al. 2013
Sylvaner,Kanzler,,SNP (10K genome-wide),SNP,10198,1538,Laucou et al. 2018,10.1371/journal.pone.0192540,2018,probable,FAMOZ LOD=1538; mismatches=1/10198; KING kinship=0.2455; IBS0=1; Previously: Lacombe et al. 2013
Kanzler,Müller-Thurgau,,SNP (10K genome-wide),SNP,10207,1799,Laucou et al. 2018,10.1371/journal.pone.0192540,2018,probable,FAMOZ LOD=1799; mismatches=0/10207; KING kinship=0.2405; IBS0=1; Previously: Lacombe et al. 2013
Müller-Thurgau,Kanzler,,SNP (10K genome-wide),SNP,10207,1799,Laucou et al. 2018,10.1371/journal.pone.0192540,2018,probable,FAMOZ LOD=1799; mismatches=0/10207; KING kinship=0.2405; IBS0=1; Previously: Lacombe et al. 2013
Katta-kourgan,Fahri Kalamak,,SNP (10K genome-wide),SNP,10207,1622,Laucou et al. 2018,10.1371/journal.pone.0192540,2018,probable,FAMOZ LOD=1622; mismatches=2/10207; KING kinship=0.2662; IBS0=1
Fahri Kalamak,Katta-kourgan,,SNP (10K genome-wide),SNP,10207,1622,Laucou et al. 2018,10.1371/journal.pone.0192540,2018,probable,FAMOZ LOD=1622; mismatches=2/10207; KING kinship=0.2662; IBS0=1
Kéknyelü,Blank blauer,,SNP (10K genome-wide),SNP,10168,1036,Laucou et al. 2018,10.1371/journal.pone.0192540,2018,probable,FAMOZ LOD=1036; mismatches=0/10168; KING kinship=0.26; IBS0=1; Previously: Lacombe et al. 2013
Blank blauer,Kéknyelü,,SNP (10K genome-wide),SNP,10168,1036,Laucou et al. 2018,10.1371/journal.pone.0192540,2018,probable,FAMOZ LOD=1036; mismatches=0/10168; KING kinship=0.26; IBS0=1; Previously: Lacombe et al. 2013
Khalili belyi,Shtur Angur,,SNP (10K genome-wide),SNP,10207,1630,Laucou et al. 2018,10.1371/journal.pone.0192540,2018,probable,FAMOZ LOD=1630; mismatches=3/10207; KING kinship=0.2963; IBS0=1
Shtur Angur,Khalili belyi,,SNP (10K genome-wide),SNP,10207,1630,Laucou et al. 2018,10.1371/journal.pone.0192540,2018,probable,FAMOZ LOD=1630; mismatches=3/10207; KING kinship=0.2963; IBS0=1
Khalt,Assouad karech,,SNP (10K genome-wide),SNP,10204,1303,Laucou et al. 2018,10.1371/journal.pone.0192540,2018,probable,FAMOZ LOD=1303; mismatches=5/10204; KING kinship=0.2604; IBS0=1; Previously: Lacombe et al. 2013
Assouad karech,Khalt,,SNP (10K genome-wide),SNP,10204,1303,Laucou et al. 2018,10.1371/journal.pone.0192540,2018,probable,FAMOZ LOD=1303; mismatches=5/10204; KING kinship=0.2604; IBS0=1; Previously: Lacombe et al. 2013
Khoussaïné blanc,Aragatzi,,SNP (10K genome-wide),SNP,10199,1599,Laucou et al. 2018,10.1371/journal.pone.0192540,2018,probable,FAMOZ LOD=1599; mismatches=1/10199; KING kinship=0.2372; IBS0=1; Previously: Lacombe et al. 2013
Aragatzi,Khoussaïné blanc,,SNP (10K genome-wide),SNP,10199,1599,Laucou et al. 2018,10.1371/journal.pone.0192540,2018,probable,FAMOZ LOD=1599; mismatches=1/10199; KING kinship=0.2372; IBS0=1; Previously: Lacombe et al. 2013
Khoussaïné blanc,Djandjal kara,,SNP (10K genome-wide),SNP,10190,1665,Laucou et al. 2018,10.1371/journal.pone.0192540,2018,probable,FAMOZ LOD=1665; mismatches=0/10190; KING kinship=0.2467; IBS0=1; Previously: Lacombe et al. 2013
Djandjal kara,Khoussaïné blanc,,SNP (10K genome-wide),SNP,10190,1665,Laucou et al. 2018,10.1371/journal.pone.0192540,2018,probable,FAMOZ LOD=1665; mismatches=0/10190; KING kinship=0.2467; IBS0=1; Previously: Lacombe et al. 2013
Kichmich tcherni,Rannii Vira,,SNP (10K genome-wide),SNP,10183,1521,Laucou et al. 2018,10.1371/journal.pone.0192540,2018,probable,FAMOZ LOD=1521; mismatches=4/10183; KING kinship=0.2575; IBS0=1; Previously: Lacombe et al. 2013
Rannii Vira,Kichmich tcherni,,SNP (10K genome-wide),SNP,10183,1521,Laucou et al. 2018,10.1371/journal.pone.0192540,2018,probable,FAMOZ LOD=1521; mismatches=4/10183; KING kinship=0.2575; IBS0=1; Previously: Lacombe et al. 2013
Kichmich tcherni,Sultanine,,SNP (10K genome-wide),SNP,10158,1580,Laucou et al. 2018,10.1371/journal.pone.0192540,2018,probable,FAMOZ LOD=1580; mismatches=3/10158; KING kinship=0.2628; IBS0=1; Previously: Lacombe et al. 2013
Sultanine,Kichmich tcherni,,SNP (10K genome-wide),SNP,10158,1580,Laucou et al. 2018,10.1371/journal.pone.0192540,2018,probable,FAMOZ LOD=1580; mismatches=3/10158; KING kinship=0.2628; IBS0=1; Previously: Lacombe et al. 2013
Kizil Yakdona,Tagobi,,SNP (10K genome-wide),SNP,10207,1724,Laucou et al. 2018,10.1371/journal.pone.0192540,2018,probable,FAMOZ LOD=1724; mismatches=3/10207; KING kinship=0.272; IBS0=1; Previously: Lacombe et al. 2013
Tagobi,Kizil Yakdona,,SNP (10K genome-wide),SNP,10207,1724,Laucou et al. 2018,10.1371/journal.pone.0192540,2018,probable,FAMOZ LOD=1724; mismatches=3/10207; KING kinship=0.272; IBS0=1; Previously: Lacombe et al. 2013
Kizil Yakdona,Khoussaïné blanc,,SNP (10K genome-wide),SNP,10204,1466,Laucou et al. 2018,10.1371/journal.pone.0192540,2018,probable,FAMOZ LOD=1466; mismatches=1/10204; KING kinship=0.2423; IBS0=1; Previously: Lacombe et al. 2013
Khoussaïné blanc,Kizil Yakdona,,SNP (10K genome-wide),SNP,10204,1466,Laucou et al. 2018,10.1371/journal.pone.0192540,2018,probable,FAMOZ LOD=1466; mismatches=1/10204; KING kinship=0.2423; IBS0=1; Previously: Lacombe et al. 2013
Kontegalo,Aetonychi mavro,,SNP (10K genome-wide),SNP,10207,1676,Laucou et al. 2018,10.1371/journal.pone.0192540,2018,probable,FAMOZ LOD=1676; mismatches=2/10207; KING kinship=0.2587; IBS0=1; Previously: Lacombe et al. 2013
Aetonychi mavro,Kontegalo,,SNP (10K genome-wide),SNP,10207,1676,Laucou et al. 2018,10.1371/journal.pone.0192540,2018,probable,FAMOZ LOD=1676; mismatches=2/10207; KING kinship=0.2587; IBS0=1; Previously: Lacombe et al. 2013
Korza erevani,Sultanine,,SNP (10K genome-wide),SNP,10166,1424,Laucou et al. 2018,10.1371/journal.pone.0192540,2018,probable,FAMOZ LOD=1424; mismatches=4/10166; KING kinship=0.2398; IBS0=1
Sultanine,Korza erevani,,SNP (10K genome-wide),SNP,10166,1424,Laucou et al. 2018,10.1371/journal.pone.0192540,2018,probable,FAMOZ LOD=1424; mismatches=4/10166; KING kinship=0.2398; IBS0=1
Kövidinka,Braghina,,SNP (10K genome-wide),SNP,10207,1357,Laucou et al. 2018,10.1371/journal.pone.0192540,2018,probable,FAMOZ LOD=1357; mismatches=1/10207; KING kinship=0.2843; IBS0=1; Previously: Lacombe et al. 2013
Braghina,Kövidinka,,SNP (10K genome-wide),SNP,10207,1357,Laucou et al. 2018,10.1371/journal.pone.0192540,2018,probable,FAMOZ LOD=1357; mismatches=1/10207; KING kinship=0.2843; IBS0=1; Previously: Lacombe et al. 2013
Ladikino = Psarossyriko,Assouad karech,,SNP (10K genome-wide),SNP,10205,1414,Laucou et al. 2018,10.1371/journal.pone.0192540,2018,probable,FAMOZ LOD=1414; mismatches=1/10205; KING kinship=0.2085; IBS0=1; Previously: Lacombe et al. 2013
Assouad karech,Ladikino = Psarossyriko,,SNP (10K genome-wide),SNP,10205,1414,Laucou et al. 2018,10.1371/journal.pone.0192540,2018,probable,FAMOZ LOD=1414; mismatches=1/10205; KING kinship=0.2085; IBS0=1; Previously: Lacombe et al. 2013
Lignan,Madeleine Salomon = Agostenga blanc,,SNP (10K genome-wide),SNP,10195,1235,Laucou et al. 2018,10.1371/journal.pone.0192540,2018,probable,FAMOZ LOD=1235; mismatches=3/10195; KING kinship=0.2672; IBS0=1; Previously: Lacombe et al. 2013
Madeleine Salomon = Agostenga blanc,Lignan,,SNP (10K genome-wide),SNP,10195,1235,Laucou et al. 2018,10.1371/journal.pone.0192540,2018,probable,FAMOZ LOD=1235; mismatches=3/10195; KING kinship=0.2672; IBS0=1; Previously: Lacombe et al. 2013
Lignan,Palestina Oberlin I,,SNP (10K genome-wide),SNP,10190,1456,Laucou et al. 2018,10.1371/journal.pone.0192540,2018,probable,FAMOZ LOD=1456; mismatches=3/10190; KING kinship=0.2305; IBS0=1; Previously: Lacombe et al. 2013
Palestina Oberlin I,Lignan,,SNP (10K genome-wide),SNP,10190,1456,Laucou et al. 2018,10.1371/journal.pone.0192540,2018,probable,FAMOZ LOD=1456; mismatches=3/10190; KING kinship=0.2305; IBS0=1; Previously: Lacombe et al. 2013
Limberger,Zweigelt,,SNP (10K genome-wide),SNP,10191,1353,Laucou et al. 2018,10.1371/journal.pone.0192540,2018,probable,FAMOZ LOD=1353; mismatches=2/10191; KING kinship=0.2498; IBS0=1; Previously: Lacombe et al. 2013
Zweigelt,Limberger,,SNP (10K genome-wide),SNP,10191,1353,Laucou et al. 2018,10.1371/journal.pone.0192540,2018,probable,FAMOZ LOD=1353; mismatches=2/10191; KING kinship=0.2498; IBS0=1; Previously: Lacombe et al. 2013
Limberger,Heroldrebe,,SNP (10K genome-wide),SNP,10173,1934,Laucou et al. 2018,10.1371/journal.pone.0192540,2018,probable,FAMOZ LOD=1934; mismatches=0/10173; KING kinship=0.2538; IBS0=1; Previously: Lacombe et al. 2013
Heroldrebe,Limberger,,SNP (10K genome-wide),SNP,10173,1934,Laucou et al. 2018,10.1371/journal.pone.0192540,2018,probable,FAMOZ LOD=1934; mismatches=0/10173; KING kinship=0.2538; IBS0=1; Previously: Lacombe et al. 2013
Lisztes feher,Goher,,SNP (10K genome-wide),SNP,10076,1390,Laucou et al. 2018,10.1371/journal.pone.0192540,2018,probable,FAMOZ LOD=1390; mismatches=1/10076; KING kinship=0.2936; IBS0=1; Previously: Lacombe et al. 2013
Goher,Lisztes feher,,SNP (10K genome-wide),SNP,10076,1390,Laucou et al. 2018,10.1371/journal.pone.0192540,2018,probable,FAMOZ LOD=1390; mismatches=1/10076; KING kinship=0.2936; IBS0=1; Previously: Lacombe et al. 2013
Madeleine angevine Oberlin,Madeleine angevine,,SNP (10K genome-wide),SNP,10180,1645,Laucou et al. 2018,10.1371/journal.pone.0192540,2018,probable,FAMOZ LOD=1645; mismatches=1/10180; KING kinship=0.2365; IBS0=1; Previously: Lacombe et al. 2013
Madeleine angevine,Madeleine angevine Oberlin,,SNP (10K genome-wide),SNP,10180,1645,Laucou et al. 2018,10.1371/journal.pone.0192540,2018,probable,FAMOZ LOD=1645; mismatches=1/10180; KING kinship=0.2365; IBS0=1; Previously: Lacombe et al. 2013
Madeleine de Clermont,Chasselas,,SNP (10K genome-wide),SNP,10062,1593,Laucou et al. 2018,10.1371/journal.pone.0192540,2018,probable,FAMOZ LOD=1593; mismatches=3/10062; KING kinship=0.2449; IBS0=1; Previously: Lacombe et al. 2013
Chasselas,Madeleine de Clermont,,SNP (10K genome-wide),SNP,10062,1593,Laucou et al. 2018,10.1371/journal.pone.0192540,2018,probable,FAMOZ LOD=1593; mismatches=3/10062; KING kinship=0.2449; IBS0=1; Previously: Lacombe et al. 2013
Madeleine de Clermont,Madeleine angevine,,SNP (10K genome-wide),SNP,10207,1553,Laucou et al. 2018,10.1371/journal.pone.0192540,2018,probable,FAMOZ LOD=1553; mismatches=2/10207; KING kinship=0.2554; IBS0=1; Previously: Lacombe et al. 2013
Madeleine angevine,Madeleine de Clermont,,SNP (10K genome-wide),SNP,10207,1553,Laucou et al. 2018,10.1371/journal.pone.0192540,2018,probable,FAMOZ LOD=1553; mismatches=2/10207; KING kinship=0.2554; IBS0=1; Previously: Lacombe et al. 2013
Madeleine Salomon = Agostenga blanc,Jaoumet,,SNP (10K genome-wide),SNP,10203,1444,Laucou et al. 2018,10.1371/journal.pone.0192540,2018,probable,FAMOZ LOD=1444; mismatches=2/10203; KING kinship=0.2498; IBS0=1; Previously: Lacombe et al. 2013
Jaoumet,Madeleine Salomon = Agostenga blanc,,SNP (10K genome-wide),SNP,10203,1444,Laucou et al. 2018,10.1371/journal.pone.0192540,2018,probable,FAMOZ LOD=1444; mismatches=2/10203; KING kinship=0.2498; IBS0=1; Previously: Lacombe et al. 2013
Magdeleine noire des Charentes,Merlot,,SNP (10K genome-wide),SNP,10190,1483,Laucou et al. 2018,10.1371/journal.pone.0192540,2018,probable,FAMOZ LOD=1483; mismatches=3/10190; KING kinship=0.2487; IBS0=1; Previously: Lacombe et al. 2013
Merlot,Magdeleine noire des Charentes,,SNP (10K genome-wide),SNP,10190,1483,Laucou et al. 2018,10.1371/journal.pone.0192540,2018,probable,FAMOZ LOD=1483; mismatches=3/10190; KING kinship=0.2487; IBS0=1; Previously: Lacombe et al. 2013
Mai_3,Dattier de Beyrouth,,SNP (10K genome-wide),SNP,10207,1072,Laucou et al. 2018,10.1371/journal.pone.0192540,2018,probable,FAMOZ LOD=1072; mismatches=2/10207; KING kinship=0.3062; IBS0=1; Previously: Lacombe et al. 2013
Dattier de Beyrouth,Mai_3,,SNP (10K genome-wide),SNP,10207,1072,Laucou et al. 2018,10.1371/journal.pone.0192540,2018,probable,FAMOZ LOD=1072; mismatches=2/10207; KING kinship=0.3062; IBS0=1; Previously: Lacombe et al. 2013
Mai_3,Perle de Csaba,,SNP (10K genome-wide),SNP,10197,1503,Laucou et al. 2018,10.1371/journal.pone.0192540,2018,probable,FAMOZ LOD=1503; mismatches=2/10197; KING kinship=0.2684; IBS0=1; Previously: Lacombe et al. 2013
Perle de Csaba,Mai_3,,SNP (10K genome-wide),SNP,10197,1503,Laucou et al. 2018,10.1371/journal.pone.0192540,2018,probable,FAMOZ LOD=1503; mismatches=2/10197; KING kinship=0.2684; IBS0=1; Previously: Lacombe et al. 2013
Malvar,Gibi = Hebén,,SNP (10K genome-wide),SNP,10185,1225,Laucou et al. 2018,10.1371/journal.pone.0192540,2018,probable,FAMOZ LOD=1225; mismatches=1/10185; KING kinship=0.2066; IBS0=1; Previously: Lacombe et al. 2013
Gibi = Hebén,Malvar,,SNP (10K genome-wide),SNP,10185,1225,Laucou et al. 2018,10.1371/journal.pone.0192540,2018,probable,FAMOZ LOD=1225; mismatches=1/10185; KING kinship=0.2066; IBS0=1; Previously: Lacombe et al. 2013
Malvasia di Sardegna,Mlavasia volcánica,,SNP (10K genome-wide),SNP,10073,1322,Laucou et al. 2018,10.1371/journal.pone.0192540,2018,probable,FAMOZ LOD=1322; mismatches=1/10073; KING kinship=0.2836; IBS0=1
Mlavasia volcánica,Malvasia di Sardegna,,SNP (10K genome-wide),SNP,10073,1322,Laucou et al. 2018,10.1371/journal.pone.0192540,2018,probable,FAMOZ LOD=1322; mismatches=1/10073; KING kinship=0.2836; IBS0=1
Mancens = Giró de Baleares,Manses de Tibbus,,SNP (10K genome-wide),SNP,10207,1273,Laucou et al. 2018,10.1371/journal.pone.0192540,2018,probable,FAMOZ LOD=1273; mismatches=1/10207; KING kinship=0.288; IBS0=1
Manses de Tibbus,Mancens = Giró de Baleares,,SNP (10K genome-wide),SNP,10207,1273,Laucou et al. 2018,10.1371/journal.pone.0192540,2018,probable,FAMOZ LOD=1273; mismatches=1/10207; KING kinship=0.288; IBS0=1
Manseng noir,Señá,,SNP (10K genome-wide),SNP,10207,1479,Laucou et al. 2018,10.1371/journal.pone.0192540,2018,probable,FAMOZ LOD=1479; mismatches=3/10207; KING kinship=0.3068; IBS0=1
Señá,Manseng noir,,SNP (10K genome-wide),SNP,10207,1479,Laucou et al. 2018,10.1371/journal.pone.0192540,2018,probable,FAMOZ LOD=1479; mismatches=3/10207; KING kinship=0.3068; IBS0=1
Mantúo de Pilas,Alicantí,,SNP (10K genome-wide),SNP,10207,1402,Laucou et al. 2018,10.1371/journal.pone.0192540,2018,probable,FAMOZ LOD=1402; mismatches=1/10207; KING kinship=0.2682; IBS0=1
Alicantí,Mantúo de Pilas,,SNP (10K genome-wide),SNP,10207,1402,Laucou et al. 2018,10.1371/journal.pone.0192540,2018,probable,FAMOZ LOD=1402; mismatches=1/10207; KING kinship=0.2682; IBS0=1
Marselan,Garnacha tinta = Grenache,,SNP (10K genome-wide),SNP,10207,903,Laucou et al. 2018,10.1371/journal.pone.0192540,2018,probable,FAMOZ LOD=903; mismatches=2/10207; KING kinship=0.2522; IBS0=1; Previously: Lacombe et al. 2013
Garnacha tinta = Grenache,Marselan,,SNP (10K genome-wide),SNP,10207,903,Laucou et al. 2018,10.1371/journal.pone.0192540,2018,probable,FAMOZ LOD=903; mismatches=2/10207; KING kinship=0.2522; IBS0=1; Previously: Lacombe et al. 2013
Matilde,Italia,,SNP (10K genome-wide),SNP,10207,1437,Laucou et al. 2018,10.1371/journal.pone.0192540,2018,probable,FAMOZ LOD=1437; mismatches=1/10207; KING kinship=0.2443; IBS0=1; Previously: Lacombe et al. 2013
Italia,Matilde,,SNP (10K genome-wide),SNP,10207,1437,Laucou et al. 2018,10.1371/journal.pone.0192540,2018,probable,FAMOZ LOD=1437; mismatches=1/10207; KING kinship=0.2443; IBS0=1; Previously: Lacombe et al. 2013
Matrassa,Institutis grdzelmtevana,,SNP (10K genome-wide),SNP,10206,1387,Laucou et al. 2018,10.1371/journal.pone.0192540,2018,probable,FAMOZ LOD=1387; mismatches=1/10206; KING kinship=0.2551; IBS0=1
Institutis grdzelmtevana,Matrassa,,SNP (10K genome-wide),SNP,10206,1387,Laucou et al. 2018,10.1371/journal.pone.0192540,2018,probable,FAMOZ LOD=1387; mismatches=1/10206; KING kinship=0.2551; IBS0=1
Savagnin blanc,Maturana blanca,,SNP (10K genome-wide),SNP,10207,1290,Laucou et al. 2018,10.1371/journal.pone.0192540,2018,probable,FAMOZ LOD=1290; mismatches=1/10207; KING kinship=0.2342; IBS0=1; Previously: Lacombe et al. 2013
Castellana blanca,Maturana blanca,,SNP (10K genome-wide),SNP,10160,1046,Laucou et al. 2018,10.1371/journal.pone.0192540,2018,probable,FAMOZ LOD=1046; mismatches=0/10160; KING kinship=0.2637; IBS0=1
Mayorquin,Tempranilla blanca = Santa Magdalena,,SNP (10K genome-wide),SNP,10153,1010,Laucou et al. 2018,10.1371/journal.pone.0192540,2018,probable,FAMOZ LOD=1010; mismatches=3/10153; KING kinship=0.2404; IBS0=1; Previously: Lacombe et al. 2013
Tempranilla blanca = Santa Magdalena,Mayorquin,,SNP (10K genome-wide),SNP,10153,1010,Laucou et al. 2018,10.1371/journal.pone.0192540,2018,probable,FAMOZ LOD=1010; mismatches=3/10153; KING kinship=0.2404; IBS0=1; Previously: Lacombe et al. 2013
Mayorquin,Rassegui,,SNP (10K genome-wide),SNP,10207,1246,Laucou et al. 2018,10.1371/journal.pone.0192540,2018,probable,FAMOZ LOD=1246; mismatches=0/10207; KING kinship=0.2455; IBS0=1; Previously: Lacombe et al. 2013
Rassegui,Mayorquin,,SNP (10K genome-wide),SNP,10207,1246,Laucou et al. 2018,10.1371/journal.pone.0192540,2018,probable,FAMOZ LOD=1246; mismatches=0/10207; KING kinship=0.2455; IBS0=1; Previously: Lacombe et al. 2013
Mayorquin,Gibi = Hebén,,SNP (10K genome-wide),SNP,10207,1342,Laucou et al. 2018,10.1371/journal.pone.0192540,2018,probable,FAMOZ LOD=1342; mismatches=0/10207; KING kinship=0.2623; IBS0=1; Previously: Lacombe et al. 2013
Gibi = Hebén,Mayorquin,,SNP (10K genome-wide),SNP,10207,1342,Laucou et al. 2018,10.1371/journal.pone.0192540,2018,probable,FAMOZ LOD=1342; mismatches=0/10207; KING kinship=0.2623; IBS0=1; Previously: Lacombe et al. 2013
Mencía,Alfrocheiro preto,,SNP (10K genome-wide),SNP,10196,1247,Laucou et al. 2018,10.1371/journal.pone.0192540,2018,probable,FAMOZ LOD=1247; mismatches=1/10196; KING kinship=0.2512; IBS0=1
Alfrocheiro preto,Mencía,,SNP (10K genome-wide),SNP,10196,1247,Laucou et al. 2018,10.1371/journal.pone.0192540,2018,probable,FAMOZ LOD=1247; mismatches=1/10196; KING kinship=0.2512; IBS0=1
Merbein seedless,Mayorquin,,SNP (10K genome-wide),SNP,10169,1088,Laucou et al. 2018,10.1371/journal.pone.0192540,2018,probable,FAMOZ LOD=1088; mismatches=4/10169; KING kinship=0.2441; IBS0=1; Previously: Lacombe et al. 2013 & breeder's data
Mayorquin,Merbein seedless,,SNP (10K genome-wide),SNP,10169,1088,Laucou et al. 2018,10.1371/journal.pone.0192540,2018,probable,FAMOZ LOD=1088; mismatches=4/10169; KING kinship=0.2441; IBS0=1; Previously: Lacombe et al. 2013 & breeder's data
Merbein seedless,Sultanine,,SNP (10K genome-wide),SNP,10203,1327,Laucou et al. 2018,10.1371/journal.pone.0192540,2018,probable,FAMOZ LOD=1327; mismatches=1/10203; KING kinship=0.2674; IBS0=1; Previously: breeder's data
Sultanine,Merbein seedless,,SNP (10K genome-wide),SNP,10203,1327,Laucou et al. 2018,10.1371/journal.pone.0192540,2018,probable,FAMOZ LOD=1327; mismatches=1/10203; KING kinship=0.2674; IBS0=1; Previously: breeder's data
Merseguera,Tortozón,,SNP (10K genome-wide),SNP,10201,1274,Laucou et al. 2018,10.1371/journal.pone.0192540,2018,probable,FAMOZ LOD=1274; mismatches=1/10201; KING kinship=0.2488; IBS0=1; Previously: Lacombe et al. 2013
Tortozón,Merseguera,,SNP (10K genome-wide),SNP,10201,1274,Laucou et al. 2018,10.1371/journal.pone.0192540,2018,probable,FAMOZ LOD=1274; mismatches=1/10201; KING kinship=0.2488; IBS0=1; Previously: Lacombe et al. 2013
Merseguera,Gibi = Hebén,,SNP (10K genome-wide),SNP,10185,1286,Laucou et al. 2018,10.1371/journal.pone.0192540,2018,probable,FAMOZ LOD=1286; mismatches=0/10185; KING kinship=0.2476; IBS0=1; Previously: Lacombe et al. 2013
Gibi = Hebén,Merseguera,,SNP (10K genome-wide),SNP,10185,1286,Laucou et al. 2018,10.1371/journal.pone.0192540,2018,probable,FAMOZ LOD=1286; mismatches=0/10185; KING kinship=0.2476; IBS0=1; Previously: Lacombe et al. 2013
Miguel de Arco,Gibi = Hebén,,SNP (10K genome-wide),SNP,10161,929,Laucou et al. 2018,10.1371/journal.pone.0192540,2018,probable,FAMOZ LOD=929; mismatches=0/10161; KING kinship=0.2272; IBS0=1; Previously: Lacombe et al. 2013
Gibi = Hebén,Miguel de Arco,,SNP (10K genome-wide),SNP,10161,929,Laucou et al. 2018,10.1371/journal.pone.0192540,2018,probable,FAMOZ LOD=929; mismatches=0/10161; KING kinship=0.2272; IBS0=1; Previously: Lacombe et al. 2013
Mireille,Italia,,SNP (10K genome-wide),SNP,10207,1412,Laucou et al. 2018,10.1371/journal.pone.0192540,2018,probable,FAMOZ LOD=1412; mismatches=1/10207; KING kinship=0.2744; IBS0=1; Previously: Lacombe et al. 2013
Italia,Mireille,,SNP (10K genome-wide),SNP,10207,1412,Laucou et al. 2018,10.1371/journal.pone.0192540,2018,probable,FAMOZ LOD=1412; mismatches=1/10207; KING kinship=0.2744; IBS0=1; Previously: Lacombe et al. 2013
Mission = Listán prieto,Criolla grande sanjuanina,,SNP (10K genome-wide),SNP,10190,1113,Laucou et al. 2018,10.1371/journal.pone.0192540,2018,probable,FAMOZ LOD=1113; mismatches=2/10190; KING kinship=0.2403; IBS0=1; Previously: Milla Tapia et al. 2007&Lacombe et al. 2013
Criolla grande sanjuanina,Mission = Listán prieto,,SNP (10K genome-wide),SNP,10190,1113,Laucou et al. 2018,10.1371/journal.pone.0192540,2018,probable,FAMOZ LOD=1113; mismatches=2/10190; KING kinship=0.2403; IBS0=1; Previously: Milla Tapia et al. 2007&Lacombe et al. 2013
Mission = Listán prieto,Torrontés riojano,,SNP (10K genome-wide),SNP,10207,1214,Laucou et al. 2018,10.1371/journal.pone.0192540,2018,probable,FAMOZ LOD=1214; mismatches=0/10207; KING kinship=0.254; IBS0=1; Previously: Milla Tapia et al. 2007&Lacombe et al. 2013
Torrontés riojano,Mission = Listán prieto,,SNP (10K genome-wide),SNP,10207,1214,Laucou et al. 2018,10.1371/journal.pone.0192540,2018,probable,FAMOZ LOD=1214; mismatches=0/10207; KING kinship=0.254; IBS0=1; Previously: Milla Tapia et al. 2007&Lacombe et al. 2013
Mission = Listán prieto,Negra rayada,,SNP (10K genome-wide),SNP,10205,1305,Laucou et al. 2018,10.1371/journal.pone.0192540,2018,probable,FAMOZ LOD=1305; mismatches=0/10205; KING kinship=0.257; IBS0=1; Previously: Lacombe et al. 2013
Negra rayada,Mission = Listán prieto,,SNP (10K genome-wide),SNP,10205,1305,Laucou et al. 2018,10.1371/journal.pone.0192540,2018,probable,FAMOZ LOD=1305; mismatches=0/10205; KING kinship=0.257; IBS0=1; Previously: Lacombe et al. 2013
Mission = Listán prieto,Verdejo de Salamanca,,SNP (10K genome-wide),SNP,10205,1683,Laucou et al. 2018,10.1371/journal.pone.0192540,2018,probable,FAMOZ LOD=1683; mismatches=0/10205; KING kinship=0.2543; IBS0=1
Verdejo de Salamanca,Mission = Listán prieto,,SNP (10K genome-wide),SNP,10205,1683,Laucou et al. 2018,10.1371/journal.pone.0192540,2018,probable,FAMOZ LOD=1683; mismatches=0/10205; KING kinship=0.2543; IBS0=1
Mondeuse,Mondeuse blanche,,SNP (10K genome-wide),SNP,10194,1318,Laucou et al. 2018,10.1371/journal.pone.0192540,2018,probable,FAMOZ LOD=1318; mismatches=1/10194; KING kinship=0.2589; IBS0=1; Previously: Lacombe et al. 2013
Mondeuse blanche,Mondeuse,,SNP (10K genome-wide),SNP,10194,1318,Laucou et al. 2018,10.1371/journal.pone.0192540,2018,probable,FAMOZ LOD=1318; mismatches=1/10194; KING kinship=0.2589; IBS0=1; Previously: Lacombe et al. 2013
Mondeuse,Tressot,,SNP (10K genome-wide),SNP,10206,1639,Laucou et al. 2018,10.1371/journal.pone.0192540,2018,probable,FAMOZ LOD=1639; mismatches=0/10206; KING kinship=0.2681; IBS0=1; Previously: Lacombe et al. 2013
Tressot,Mondeuse,,SNP (10K genome-wide),SNP,10206,1639,Laucou et al. 2018,10.1371/journal.pone.0192540,2018,probable,FAMOZ LOD=1639; mismatches=0/10206; KING kinship=0.2681; IBS0=1; Previously: Lacombe et al. 2013
Mondeuse blanche,Chouchillon,,SNP (10K genome-wide),SNP,10207,1371,Laucou et al. 2018,10.1371/journal.pone.0192540,2018,probable,FAMOZ LOD=1371; mismatches=2/10207; KING kinship=0.2785; IBS0=1; Previously: Lacombe et al. 2013
Chouchillon,Mondeuse blanche,,SNP (10K genome-wide),SNP,10207,1371,Laucou et al. 2018,10.1371/journal.pone.0192540,2018,probable,FAMOZ LOD=1371; mismatches=2/10207; KING kinship=0.2785; IBS0=1; Previously: Lacombe et al. 2013
Mondeuse blanche,Dongine,,SNP (10K genome-wide),SNP,10204,1372,Laucou et al. 2018,10.1371/journal.pone.0192540,2018,probable,FAMOZ LOD=1372; mismatches=2/10204; KING kinship=0.2579; IBS0=1
Dongine,Mondeuse blanche,,SNP (10K genome-wide),SNP,10204,1372,Laucou et al. 2018,10.1371/journal.pone.0192540,2018,probable,FAMOZ LOD=1372; mismatches=2/10204; KING kinship=0.2579; IBS0=1
Montepulciano,Bombino bianco,,SNP (10K genome-wide),SNP,10112,1392,Laucou et al. 2018,10.1371/journal.pone.0192540,2018,probable,FAMOZ LOD=1392; mismatches=0/10112; KING kinship=0.2329; IBS0=1; Previously: Lacombe et al. 2013
Bombino bianco,Montepulciano,,SNP (10K genome-wide),SNP,10112,1392,Laucou et al. 2018,10.1371/journal.pone.0192540,2018,probable,FAMOZ LOD=1392; mismatches=0/10112; KING kinship=0.2329; IBS0=1; Previously: Lacombe et al. 2013
Morenillo,Castellana blanca,,SNP (10K genome-wide),SNP,10132,1282,Laucou et al. 2018,10.1371/journal.pone.0192540,2018,probable,FAMOZ LOD=1282; mismatches=2/10132; KING kinship=0.2469; IBS0=1; Previously: Lacombe et al. 2013
Castellana blanca,Morenillo,,SNP (10K genome-wide),SNP,10132,1282,Laucou et al. 2018,10.1371/journal.pone.0192540,2018,probable,FAMOZ LOD=1282; mismatches=2/10132; KING kinship=0.2469; IBS0=1; Previously: Lacombe et al. 2013
Moristel,Morate,,SNP (10K genome-wide),SNP,10207,1401,Laucou et al. 2018,10.1371/journal.pone.0192540,2018,probable,FAMOZ LOD=1401; mismatches=3/10207; KING kinship=0.2756; IBS0=1
Morate,Moristel,,SNP (10K genome-wide),SNP,10207,1401,Laucou et al. 2018,10.1371/journal.pone.0192540,2018,probable,FAMOZ LOD=1401; mismatches=3/10207; KING kinship=0.2756; IBS0=1
Graciano = Morrastel,Pampolat de Sagunto,,SNP (10K genome-wide),SNP,10207,1381,Laucou et al. 2018,10.1371/journal.pone.0192540,2018,probable,FAMOZ LOD=1381; mismatches=2/10207; KING kinship=0.2586; IBS0=1
Pampolat de Sagunto,Graciano = Morrastel,,SNP (10K genome-wide),SNP,10207,1381,Laucou et al. 2018,10.1371/journal.pone.0192540,2018,probable,FAMOZ LOD=1381; mismatches=2/10207; KING kinship=0.2586; IBS0=1
Mourisco tinto = Marufo,Mondragón,,SNP (10K genome-wide),SNP,10194,1069,Laucou et al. 2018,10.1371/journal.pone.0192540,2018,probable,FAMOZ LOD=1069; mismatches=5/10194; KING kinship=0.228; IBS0=1
Mourisco tinto = Marufo,Touriga franca,,SNP (10K genome-wide),SNP,10186,1039,Laucou et al. 2018,10.1371/journal.pone.0192540,2018,probable,FAMOZ LOD=1039; mismatches=3/10186; KING kinship=0.2611; IBS0=1
Touriga franca,Mourisco tinto = Marufo,,SNP (10K genome-wide),SNP,10186,1039,Laucou et al. 2018,10.1371/journal.pone.0192540,2018,probable,FAMOZ LOD=1039; mismatches=3/10186; KING kinship=0.2611; IBS0=1
Mourisco tinto = Marufo,Tinta Barroca,,SNP (10K genome-wide),SNP,10136,1120,Laucou et al. 2018,10.1371/journal.pone.0192540,2018,probable,FAMOZ LOD=1120; mismatches=0/10136; KING kinship=0.2645; IBS0=1; Previously: Lacombe et al. 2013
Tinta Barroca,Mourisco tinto = Marufo,,SNP (10K genome-wide),SNP,10136,1120,Laucou et al. 2018,10.1371/journal.pone.0192540,2018,probable,FAMOZ LOD=1120; mismatches=0/10136; KING kinship=0.2645; IBS0=1; Previously: Lacombe et al. 2013
Monastrell = Mourvèdre,Mondragón,,SNP (10K genome-wide),SNP,10196,1215,Laucou et al. 2018,10.1371/journal.pone.0192540,2018,probable,FAMOZ LOD=1215; mismatches=2/10196; KING kinship=0.2728; IBS0=1
Mourvèdre Goulé,Monastrell = Mourvèdre,,SNP (10K genome-wide),SNP,10201,1359,Laucou et al. 2018,10.1371/journal.pone.0192540,2018,probable,FAMOZ LOD=1359; mismatches=1/10201; KING kinship=0.2312; IBS0=1; Previously: Lacombe et al. 2013
Monastrell = Mourvèdre,Mourvèdre Goulé,,SNP (10K genome-wide),SNP,10201,1359,Laucou et al. 2018,10.1371/journal.pone.0192540,2018,probable,FAMOZ LOD=1359; mismatches=1/10201; KING kinship=0.2312; IBS0=1; Previously: Lacombe et al. 2013
Mureto,Cayetana blanca = Jaén blanco,,SNP (10K genome-wide),SNP,10044,922,Laucou et al. 2018,10.1371/journal.pone.0192540,2018,probable,"FAMOZ LOD=922; mismatches=1/10044; KING kinship=0.2108; IBS0=1; Previously: Zinelabidine et al., 2012 & Lacombe et al. 2013"
Cayetana blanca = Jaén blanco,Mureto,,SNP (10K genome-wide),SNP,10044,922,Laucou et al. 2018,10.1371/journal.pone.0192540,2018,probable,"FAMOZ LOD=922; mismatches=1/10044; KING kinship=0.2108; IBS0=1; Previously: Zinelabidine et al., 2012 & Lacombe et al. 2013"
Mureto,Alfrocheiro preto,,SNP (10K genome-wide),SNP,10193,1179,Laucou et al. 2018,10.1371/journal.pone.0192540,2018,probable,"FAMOZ LOD=1179; mismatches=0/10193; KING kinship=0.2388; IBS0=1; Previously: Zinelabidine et al., 2012 & Lacombe et al. 2013"
Alfrocheiro preto,Mureto,,SNP (10K genome-wide),SNP,10193,1179,Laucou et al. 2018,10.1371/journal.pone.0192540,2018,probable,"FAMOZ LOD=1179; mismatches=0/10193; KING kinship=0.2388; IBS0=1; Previously: Zinelabidine et al., 2012 & Lacombe et al. 2013"
Muscat à petits grains blancs,Muscat d'Eisenstadt,,SNP (10K genome-wide),SNP,10154,953,Laucou et al. 2018,10.1371/journal.pone.0192540,2018,probable,FAMOZ LOD=953; mismatches=7/10154; KING kinship=0.2778; IBS0=1; Previously: Lacombe et al. 2013
Muscat d'Eisenstadt,Muscat à petits grains blancs,,SNP (10K genome-wide),SNP,10154,953,Laucou et al. 2018,10.1371/journal.pone.0192540,2018,probable,FAMOZ LOD=953; mismatches=7/10154; KING kinship=0.2778; IBS0=1; Previously: Lacombe et al. 2013
Muscat à petits grains blancs,Calabre,,SNP (10K genome-wide),SNP,9865,1155,Laucou et al. 2018,10.1371/journal.pone.0192540,2018,probable,FAMOZ LOD=1155; mismatches=3/9865; KING kinship=0.2116; IBS0=1; Previously: Lacombe et al. 2013
Calabre,Muscat à petits grains blancs,,SNP (10K genome-wide),SNP,9865,1155,Laucou et al. 2018,10.1371/journal.pone.0192540,2018,probable,FAMOZ LOD=1155; mismatches=3/9865; KING kinship=0.2116; IBS0=1; Previously: Lacombe et al. 2013
Muscat à petits grains blancs,Moscato giallo,,SNP (10K genome-wide),SNP,10146,1096,Laucou et al. 2018,10.1371/journal.pone.0192540,2018,probable,FAMOZ LOD=1096; mismatches=2/10146; KING kinship=0.2776; IBS0=1; Previously: Lacombe et al. 2013
Moscato giallo,Muscat à petits grains blancs,,SNP (10K genome-wide),SNP,10146,1096,Laucou et al. 2018,10.1371/journal.pone.0192540,2018,probable,FAMOZ LOD=1096; mismatches=2/10146; KING kinship=0.2776; IBS0=1; Previously: Lacombe et al. 2013
Muscat à petits grains blancs,Moscita rosa = Tamjanika crna,,SNP (10K genome-wide),SNP,9996,1210,Laucou et al. 2018,10.1371/journal.pone.0192540,2018,probable,FAMOZ LOD=1210; mismatches=2/9996; KING kinship=0.2643; IBS0=1
Moscita rosa = Tamjanika crna,Muscat à petits grains blancs,,SNP (10K genome-wide),SNP,9996,1210,Laucou et al. 2018,10.1371/journal.pone.0192540,2018,probable,FAMOZ LOD=1210; mismatches=2/9996; KING kinship=0.2643; IBS0=1
Muscat d'Alexandrie,Muscat d'Istamboul,,SNP (10K genome-wide),SNP,10198,1146,Laucou et al. 2018,10.1371/journal.pone.0192540,2018,probable,FAMOZ LOD=1146; mismatches=4/10198; KING kinship=0.2651; IBS0=1; Previously: Lacombe et al. 2013
Muscat d'Istamboul,Muscat d'Alexandrie,,SNP (10K genome-wide),SNP,10198,1146,Laucou et al. 2018,10.1371/journal.pone.0192540,2018,probable,FAMOZ LOD=1146; mismatches=4/10198; KING kinship=0.2651; IBS0=1; Previously: Lacombe et al. 2013
Muscat d'Alexandrie,Muscat à petits grains blancs,,SNP (10K genome-wide),SNP,10186,1249,Laucou et al. 2018,10.1371/journal.pone.0192540,2018,probable,FAMOZ LOD=1249; mismatches=3/10186; KING kinship=0.2313; IBS0=1; Previously: Lacombe et al. 2013
Muscat à petits grains blancs,Muscat d'Alexandrie,,SNP (10K genome-wide),SNP,10186,1249,Laucou et al. 2018,10.1371/journal.pone.0192540,2018,probable,FAMOZ LOD=1249; mismatches=3/10186; KING kinship=0.2313; IBS0=1; Previously: Lacombe et al. 2013
Muscat d'Alexandrie,Heptakilo,,SNP (10K genome-wide),SNP,10207,1303,Laucou et al. 2018,10.1371/journal.pone.0192540,2018,probable,FAMOZ LOD=1303; mismatches=3/10207; KING kinship=0.2454; IBS0=1; Previously: Lacombe et al. 2013
Heptakilo,Muscat d'Alexandrie,,SNP (10K genome-wide),SNP,10207,1303,Laucou et al. 2018,10.1371/journal.pone.0192540,2018,probable,FAMOZ LOD=1303; mismatches=3/10207; KING kinship=0.2454; IBS0=1; Previously: Lacombe et al. 2013
Muscat d'Alexandrie,Sultana moscata,,SNP (10K genome-wide),SNP,10177,1271,Laucou et al. 2018,10.1371/journal.pone.0192540,2018,probable,FAMOZ LOD=1271; mismatches=2/10177; KING kinship=0.2791; IBS0=1; Previously: Lacombe et al. 2013
Sultana moscata,Muscat d'Alexandrie,,SNP (10K genome-wide),SNP,10177,1271,Laucou et al. 2018,10.1371/journal.pone.0192540,2018,probable,FAMOZ LOD=1271; mismatches=2/10177; KING kinship=0.2791; IBS0=1; Previously: Lacombe et al. 2013
Muscat d'Alexandrie,Moscatel de Angüés,,SNP (10K genome-wide),SNP,10207,1044,Laucou et al. 2018,10.1371/journal.pone.0192540,2018,probable,FAMOZ LOD=1044; mismatches=1/10207; KING kinship=0.2833; IBS0=1
Moscatel de Angüés,Muscat d'Alexandrie,,SNP (10K genome-wide),SNP,10207,1044,Laucou et al. 2018,10.1371/journal.pone.0192540,2018,probable,FAMOZ LOD=1044; mismatches=1/10207; KING kinship=0.2833; IBS0=1
Muscat d'Istamboul,Valencí blanco,,SNP (10K genome-wide),SNP,10198,1204,Laucou et al. 2018,10.1371/journal.pone.0192540,2018,probable,FAMOZ LOD=1204; mismatches=0/10198; KING kinship=0.3316; IBS0=1; Previously: Lacombe et al. 2013
Valencí blanco,Muscat d'Istamboul,,SNP (10K genome-wide),SNP,10198,1204,Laucou et al. 2018,10.1371/journal.pone.0192540,2018,probable,FAMOZ LOD=1204; mismatches=0/10198; KING kinship=0.3316; IBS0=1; Previously: Lacombe et al. 2013
Muscat Ottonel,Muscat d'Eisenstadt,,SNP (10K genome-wide),SNP,9771,1014,Laucou et al. 2018,10.1371/journal.pone.0192540,2018,probable,FAMOZ LOD=1014; mismatches=6/9771; KING kinship=0.2691; IBS0=1; Previously: Lacombe et al. 2013
Muscat d'Eisenstadt,Muscat Ottonel,,SNP (10K genome-wide),SNP,9771,1014,Laucou et al. 2018,10.1371/journal.pone.0192540,2018,probable,FAMOZ LOD=1014; mismatches=6/9771; KING kinship=0.2691; IBS0=1; Previously: Lacombe et al. 2013
Muscat Ottonel,Chasselas,,SNP (10K genome-wide),SNP,10207,1794,Laucou et al. 2018,10.1371/journal.pone.0192540,2018,probable,FAMOZ LOD=1794; mismatches=1/10207; KING kinship=0.2771; IBS0=1; Previously: Lacombe et al. 2013
Chasselas,Muscat Ottonel,,SNP (10K genome-wide),SNP,10207,1794,Laucou et al. 2018,10.1371/journal.pone.0192540,2018,probable,FAMOZ LOD=1794; mismatches=1/10207; KING kinship=0.2771; IBS0=1; Previously: Lacombe et al. 2013
Nave = Totosi,Valencí blanco,,SNP (10K genome-wide),SNP,10206,1405,Laucou et al. 2018,10.1371/journal.pone.0192540,2018,probable,FAMOZ LOD=1405; mismatches=1/10206; KING kinship=0.2609; IBS0=1; Previously: Lacombe et al. 2013
Valencí blanco,Nave = Totosi,,SNP (10K genome-wide),SNP,10206,1405,Laucou et al. 2018,10.1371/journal.pone.0192540,2018,probable,FAMOZ LOD=1405; mismatches=1/10206; KING kinship=0.2609; IBS0=1; Previously: Lacombe et al. 2013
Negra mole,Gibi = Hebén,,SNP (10K genome-wide),SNP,10149,856,Laucou et al. 2018,10.1371/journal.pone.0192540,2018,probable,FAMOZ LOD=856; mismatches=0/10149; KING kinship=0.2783; IBS0=1
Gibi = Hebén,Negra mole,,SNP (10K genome-wide),SNP,10149,856,Laucou et al. 2018,10.1371/journal.pone.0192540,2018,probable,FAMOZ LOD=856; mismatches=0/10149; KING kinship=0.2783; IBS0=1
Negra mole,Icod de los Vinos,,SNP (10K genome-wide),SNP,10207,1452,Laucou et al. 2018,10.1371/journal.pone.0192540,2018,probable,FAMOZ LOD=1452; mismatches=0/10207; KING kinship=0.2376; IBS0=1
Icod de los Vinos,Negra mole,,SNP (10K genome-wide),SNP,10207,1452,Laucou et al. 2018,10.1371/journal.pone.0192540,2018,probable,FAMOZ LOD=1452; mismatches=0/10207; KING kinship=0.2376; IBS0=1
Negra mole,Manteudo,,SNP (10K genome-wide),SNP,10206,1507,Laucou et al. 2018,10.1371/journal.pone.0192540,2018,probable,FAMOZ LOD=1507; mismatches=0/10206; KING kinship=0.2646; IBS0=1; Previously: Lacombe et al. 2013
Manteudo,Negra mole,,SNP (10K genome-wide),SNP,10206,1507,Laucou et al. 2018,10.1371/journal.pone.0192540,2018,probable,FAMOZ LOD=1507; mismatches=0/10206; KING kinship=0.2646; IBS0=1; Previously: Lacombe et al. 2013
Negra tardía,Ragol,,SNP (10K genome-wide),SNP,10139,1681,Laucou et al. 2018,10.1371/journal.pone.0192540,2018,probable,FAMOZ LOD=1681; mismatches=1/10139; KING kinship=0.2547; IBS0=1
Ragol,Negra tardía,,SNP (10K genome-wide),SNP,10139,1681,Laucou et al. 2018,10.1371/journal.pone.0192540,2018,probable,FAMOZ LOD=1681; mismatches=1/10139; KING kinship=0.2547; IBS0=1
Négret castrais,Mauzac,,SNP (10K genome-wide),SNP,10202,1479,Laucou et al. 2018,10.1371/journal.pone.0192540,2018,probable,FAMOZ LOD=1479; mismatches=3/10202; KING kinship=0.2392; IBS0=1; Previously: Lacombe et al. 2013
Mauzac,Négret castrais,,SNP (10K genome-wide),SNP,10202,1479,Laucou et al. 2018,10.1371/journal.pone.0192540,2018,probable,FAMOZ LOD=1479; mismatches=3/10202; KING kinship=0.2392; IBS0=1; Previously: Lacombe et al. 2013
Négret castrais,Graciano = Morrastel,,SNP (10K genome-wide),SNP,10118,1291,Laucou et al. 2018,10.1371/journal.pone.0192540,2018,probable,FAMOZ LOD=1291; mismatches=0/10118; KING kinship=0.2734; IBS0=1; Previously: Lacombe et al. 2013
Graciano = Morrastel,Négret castrais,,SNP (10K genome-wide),SNP,10118,1291,Laucou et al. 2018,10.1371/journal.pone.0192540,2018,probable,FAMOZ LOD=1291; mismatches=0/10118; KING kinship=0.2734; IBS0=1; Previously: Lacombe et al. 2013
Negru de Causani,Argant,,SNP (10K genome-wide),SNP,10203,1102,Laucou et al. 2018,10.1371/journal.pone.0192540,2018,probable,FAMOZ LOD=1102; mismatches=3/10203; KING kinship=0.2675; IBS0=1; Previously: Lacombe et al. 2013
Argant,Negru de Causani,,SNP (10K genome-wide),SNP,10203,1102,Laucou et al. 2018,10.1371/journal.pone.0192540,2018,probable,FAMOZ LOD=1102; mismatches=3/10203; KING kinship=0.2675; IBS0=1; Previously: Lacombe et al. 2013
Nero grosso,Ferral = Achladi,,SNP (10K genome-wide),SNP,10066,1234,Laucou et al. 2018,10.1371/journal.pone.0192540,2018,probable,FAMOZ LOD=1234; mismatches=1/10066; KING kinship=0.2337; IBS0=1
Ferral = Achladi,Nero grosso,,SNP (10K genome-wide),SNP,10066,1234,Laucou et al. 2018,10.1371/journal.pone.0192540,2018,probable,FAMOZ LOD=1234; mismatches=1/10066; KING kinship=0.2337; IBS0=1
Nevoeira,Tortozón,,SNP (10K genome-wide),SNP,9949,1053,Laucou et al. 2018,10.1371/journal.pone.0192540,2018,probable,FAMOZ LOD=1053; mismatches=1/9949; KING kinship=0.2631; IBS0=1; Previously: Lacombe et al. 2013
Tortozón,Nevoeira,,SNP (10K genome-wide),SNP,9949,1053,Laucou et al. 2018,10.1371/journal.pone.0192540,2018,probable,FAMOZ LOD=1053; mismatches=1/9949; KING kinship=0.2631; IBS0=1; Previously: Lacombe et al. 2013
Odem,Dabouki,,SNP (10K genome-wide),SNP,10200,1674,Laucou et al. 2018,10.1371/journal.pone.0192540,2018,probable,FAMOZ LOD=1674; mismatches=3/10200; KING kinship=0.2999; IBS0=1
Dabouki,Odem,,SNP (10K genome-wide),SNP,10200,1674,Laucou et al. 2018,10.1371/journal.pone.0192540,2018,probable,FAMOZ LOD=1674; mismatches=3/10200; KING kinship=0.2999; IBS0=1
Ohanes,Luisa blanca,,SNP (10K genome-wide),SNP,10205,1381,Laucou et al. 2018,10.1371/journal.pone.0192540,2018,probable,FAMOZ LOD=1381; mismatches=1/10205; KING kinship=0.2596; IBS0=1
Luisa blanca,Ohanes,,SNP (10K genome-wide),SNP,10205,1381,Laucou et al. 2018,10.1371/journal.pone.0192540,2018,probable,FAMOZ LOD=1381; mismatches=1/10205; KING kinship=0.2596; IBS0=1
Ohanes,Almeria nera,,SNP (10K genome-wide),SNP,10207,2121,Laucou et al. 2018,10.1371/journal.pone.0192540,2018,probable,FAMOZ LOD=2121; mismatches=0/10207; KING kinship=0.2253; IBS0=1
Almeria nera,Ohanes,,SNP (10K genome-wide),SNP,10207,2121,Laucou et al. 2018,10.1371/journal.pone.0192540,2018,probable,FAMOZ LOD=2121; mismatches=0/10207; KING kinship=0.2253; IBS0=1
Olber weiss,Humagne blanc,,SNP (10K genome-wide),SNP,10206,1278,Laucou et al. 2018,10.1371/journal.pone.0192540,2018,probable,FAMOZ LOD=1278; mismatches=1/10206; KING kinship=0.2543; IBS0=1; Previously: Lacombe et al. 2013
Humagne blanc,Olber weiss,,SNP (10K genome-wide),SNP,10206,1278,Laucou et al. 2018,10.1371/journal.pone.0192540,2018,probable,FAMOZ LOD=1278; mismatches=1/10206; KING kinship=0.2543; IBS0=1; Previously: Lacombe et al. 2013
Orangetraube,Pinot noir,,SNP (10K genome-wide),SNP,10172,1983,Laucou et al. 2018,10.1371/journal.pone.0192540,2018,probable,FAMOZ LOD=1983; mismatches=0/10172; KING kinship=0.2445; IBS0=1; Previously: Lacombe et al. 2013
Pinot noir,Orangetraube,,SNP (10K genome-wide),SNP,10172,1983,Laucou et al. 2018,10.1371/journal.pone.0192540,2018,probable,FAMOZ LOD=1983; mismatches=0/10172; KING kinship=0.2445; IBS0=1; Previously: Lacombe et al. 2013
Orangetraube,Chasselas,,SNP (10K genome-wide),SNP,10185,1996,Laucou et al. 2018,10.1371/journal.pone.0192540,2018,probable,FAMOZ LOD=1996; mismatches=0/10185; KING kinship=0.2291; IBS0=1; Previously: Lacombe et al. 2013
Chasselas,Orangetraube,,SNP (10K genome-wide),SNP,10185,1996,Laucou et al. 2018,10.1371/journal.pone.0192540,2018,probable,FAMOZ LOD=1996; mismatches=0/10185; KING kinship=0.2291; IBS0=1; Previously: Lacombe et al. 2013
Öreg Kadarka,Papazkarasi,,SNP (10K genome-wide),SNP,10162,1533,Laucou et al. 2018,10.1371/journal.pone.0192540,2018,probable,FAMOZ LOD=1533; mismatches=2/10162; KING kinship=0.2169; IBS0=1; Previously: Lacombe et al. 2013
Papazkarasi,Öreg Kadarka,,SNP (10K genome-wide),SNP,10162,1533,Laucou et al. 2018,10.1371/journal.pone.0192540,2018,probable,FAMOZ LOD=1533; mismatches=2/10162; KING kinship=0.2169; IBS0=1; Previously: Lacombe et al. 2013
Ortega,Müller-Thurgau,,SNP (10K genome-wide),SNP,10207,1674,Laucou et al. 2018,10.1371/journal.pone.0192540,2018,probable,FAMOZ LOD=1674; mismatches=1/10207; KING kinship=0.2448; IBS0=1; Previously: Lacombe et al. 2013
Müller-Thurgau,Ortega,,SNP (10K genome-wide),SNP,10207,1674,Laucou et al. 2018,10.1371/journal.pone.0192540,2018,probable,FAMOZ LOD=1674; mismatches=1/10207; KING kinship=0.2448; IBS0=1; Previously: Lacombe et al. 2013
Osteiner,Riesling,,SNP (10K genome-wide),SNP,10205,1838,Laucou et al. 2018,10.1371/journal.pone.0192540,2018,probable,FAMOZ LOD=1838; mismatches=1/10205; KING kinship=0.271; IBS0=1; Previously: Lacombe et al. 2013
Riesling,Osteiner,,SNP (10K genome-wide),SNP,10205,1838,Laucou et al. 2018,10.1371/journal.pone.0192540,2018,probable,FAMOZ LOD=1838; mismatches=1/10205; KING kinship=0.271; IBS0=1; Previously: Lacombe et al. 2013
Osteiner,Sylvaner,,SNP (10K genome-wide),SNP,10203,1748,Laucou et al. 2018,10.1371/journal.pone.0192540,2018,probable,FAMOZ LOD=1748; mismatches=0/10203; KING kinship=0.2519; IBS0=1; Previously: Lacombe et al. 2013
Sylvaner,Osteiner,,SNP (10K genome-wide),SNP,10203,1748,Laucou et al. 2018,10.1371/journal.pone.0192540,2018,probable,FAMOZ LOD=1748; mismatches=0/10203; KING kinship=0.2519; IBS0=1; Previously: Lacombe et al. 2013
Palomino fino = Listán,Icod de los Vinos,,SNP (10K genome-wide),SNP,10085,1319,Laucou et al. 2018,10.1371/journal.pone.0192540,2018,probable,FAMOZ LOD=1319; mismatches=2/10085; KING kinship=0.2616; IBS0=1
Icod de los Vinos,Palomino fino = Listán,,SNP (10K genome-wide),SNP,10085,1319,Laucou et al. 2018,10.1371/journal.pone.0192540,2018,probable,FAMOZ LOD=1319; mismatches=2/10085; KING kinship=0.2616; IBS0=1
Panse précoce,Bicane,,SNP (10K genome-wide),SNP,10207,1220,Laucou et al. 2018,10.1371/journal.pone.0192540,2018,probable,FAMOZ LOD=1220; mismatches=2/10207; KING kinship=0.2385; IBS0=1; Previously: Lacombe et al. 2013
Bicane,Panse précoce,,SNP (10K genome-wide),SNP,10207,1220,Laucou et al. 2018,10.1371/journal.pone.0192540,2018,probable,FAMOZ LOD=1220; mismatches=2/10207; KING kinship=0.2385; IBS0=1; Previously: Lacombe et al. 2013
Pansera,Gibi = Hebén,,SNP (10K genome-wide),SNP,10176,1077,Laucou et al. 2018,10.1371/journal.pone.0192540,2018,probable,FAMOZ LOD=1077; mismatches=0/10176; KING kinship=0.2405; IBS0=1; Previously: Lacombe et al. 2013
Gibi = Hebén,Pansera,,SNP (10K genome-wide),SNP,10176,1077,Laucou et al. 2018,10.1371/journal.pone.0192540,2018,probable,FAMOZ LOD=1077; mismatches=0/10176; KING kinship=0.2405; IBS0=1; Previously: Lacombe et al. 2013
Papazkarasi,Alba imputotato,,SNP (10K genome-wide),SNP,10182,1241,Laucou et al. 2018,10.1371/journal.pone.0192540,2018,probable,FAMOZ LOD=1241; mismatches=2/10182; KING kinship=0.2287; IBS0=1; Previously: Lacombe et al. 2013
Alba imputotato,Papazkarasi,,SNP (10K genome-wide),SNP,10182,1241,Laucou et al. 2018,10.1371/journal.pone.0192540,2018,probable,FAMOZ LOD=1241; mismatches=2/10182; KING kinship=0.2287; IBS0=1; Previously: Lacombe et al. 2013
Papazkarasi,Kadarka,,SNP (10K genome-wide),SNP,10204,1438,Laucou et al. 2018,10.1371/journal.pone.0192540,2018,probable,FAMOZ LOD=1438; mismatches=2/10204; KING kinship=0.252; IBS0=1; Previously: Lacombe et al. 2013
Kadarka,Papazkarasi,,SNP (10K genome-wide),SNP,10204,1438,Laucou et al. 2018,10.1371/journal.pone.0192540,2018,probable,FAMOZ LOD=1438; mismatches=2/10204; KING kinship=0.252; IBS0=1; Previously: Lacombe et al. 2013
Parduca,Savagnin blanc,,SNP (10K genome-wide),SNP,10206,1013,Laucou et al. 2018,10.1371/journal.pone.0192540,2018,probable,FAMOZ LOD=1013; mismatches=0/10206; KING kinship=0.2521; IBS0=1; Previously: Lacombe et al. 2013
Savagnin blanc,Parduca,,SNP (10K genome-wide),SNP,10206,1013,Laucou et al. 2018,10.1371/journal.pone.0192540,2018,probable,FAMOZ LOD=1013; mismatches=0/10206; KING kinship=0.2521; IBS0=1; Previously: Lacombe et al. 2013
Parellada,Gibi = Hebén,,SNP (10K genome-wide),SNP,10194,764,Laucou et al. 2018,10.1371/journal.pone.0192540,2018,probable,FAMOZ LOD=764; mismatches=1/10194; KING kinship=0.2612; IBS0=1; Previously: Lacombe et al. 2013
Gibi = Hebén,Parellada,,SNP (10K genome-wide),SNP,10194,764,Laucou et al. 2018,10.1371/journal.pone.0192540,2018,probable,FAMOZ LOD=764; mismatches=1/10194; KING kinship=0.2612; IBS0=1; Previously: Lacombe et al. 2013
Pasiga,Sultanine,,SNP (10K genome-wide),SNP,10169,1326,Laucou et al. 2018,10.1371/journal.pone.0192540,2018,probable,FAMOZ LOD=1326; mismatches=3/10169; KING kinship=0.271; IBS0=1; Previously: Lacombe et al. 2013
Sultanine,Pasiga,,SNP (10K genome-wide),SNP,10169,1326,Laucou et al. 2018,10.1371/journal.pone.0192540,2018,probable,FAMOZ LOD=1326; mismatches=3/10169; KING kinship=0.271; IBS0=1; Previously: Lacombe et al. 2013
Pasiga,Alphonse Lavallée,,SNP (10K genome-wide),SNP,10205,1313,Laucou et al. 2018,10.1371/journal.pone.0192540,2018,probable,FAMOZ LOD=1313; mismatches=1/10205; KING kinship=0.2503; IBS0=1; Previously: Lacombe et al. 2013
Alphonse Lavallée,Pasiga,,SNP (10K genome-wide),SNP,10205,1313,Laucou et al. 2018,10.1371/journal.pone.0192540,2018,probable,FAMOZ LOD=1313; mismatches=1/10205; KING kinship=0.2503; IBS0=1; Previously: Lacombe et al. 2013
Pedro Ximénez,Gibi = Hebén,,SNP (10K genome-wide),SNP,10188,1062,Laucou et al. 2018,10.1371/journal.pone.0192540,2018,probable,FAMOZ LOD=1062; mismatches=0/10188; KING kinship=0.2578; IBS0=1; Previously: Lacombe et al. 2013
Gibi = Hebén,Pedro Ximénez,,SNP (10K genome-wide),SNP,10188,1062,Laucou et al. 2018,10.1371/journal.pone.0192540,2018,probable,FAMOZ LOD=1062; mismatches=0/10188; KING kinship=0.2578; IBS0=1; Previously: Lacombe et al. 2013
Perle de Csaba,Reine des Vignes,,SNP (10K genome-wide),SNP,10197,1248,Laucou et al. 2018,10.1371/journal.pone.0192540,2018,probable,FAMOZ LOD=1248; mismatches=3/10197; KING kinship=0.2435; IBS0=1; Previously: Lacombe et al. 2013
Reine des Vignes,Perle de Csaba,,SNP (10K genome-wide),SNP,10197,1248,Laucou et al. 2018,10.1371/journal.pone.0192540,2018,probable,FAMOZ LOD=1248; mismatches=3/10197; KING kinship=0.2435; IBS0=1; Previously: Lacombe et al. 2013
Perle de Csaba,Mireille,,SNP (10K genome-wide),SNP,10177,1671,Laucou et al. 2018,10.1371/journal.pone.0192540,2018,probable,FAMOZ LOD=1671; mismatches=3/10177; KING kinship=0.2704; IBS0=1; Previously: Lacombe et al. 2013
Mireille,Perle de Csaba,,SNP (10K genome-wide),SNP,10177,1671,Laucou et al. 2018,10.1371/journal.pone.0192540,2018,probable,FAMOZ LOD=1671; mismatches=3/10177; KING kinship=0.2704; IBS0=1; Previously: Lacombe et al. 2013
Perle de Csaba,Madeleine angevine,,SNP (10K genome-wide),SNP,10076,1398,Laucou et al. 2018,10.1371/journal.pone.0192540,2018,probable,FAMOZ LOD=1398; mismatches=1/10076; KING kinship=0.2538; IBS0=1; Previously: Lacombe et al. 2013
Madeleine angevine,Perle de Csaba,,SNP (10K genome-wide),SNP,10076,1398,Laucou et al. 2018,10.1371/journal.pone.0192540,2018,probable,FAMOZ LOD=1398; mismatches=1/10076; KING kinship=0.2538; IBS0=1; Previously: Lacombe et al. 2013
Perle de Csaba,Irsai Oliver,,SNP (10K genome-wide),SNP,10152,1571,Laucou et al. 2018,10.1371/journal.pone.0192540,2018,probable,FAMOZ LOD=1571; mismatches=1/10152; KING kinship=0.2342; IBS0=1; Previously: Lacombe et al. 2013
Irsai Oliver,Perle de Csaba,,SNP (10K genome-wide),SNP,10152,1571,Laucou et al. 2018,10.1371/journal.pone.0192540,2018,probable,FAMOZ LOD=1571; mismatches=1/10152; KING kinship=0.2342; IBS0=1; Previously: Lacombe et al. 2013
Pero Godal,Tortozón,,SNP (10K genome-wide),SNP,10201,1236,Laucou et al. 2018,10.1371/journal.pone.0192540,2018,probable,FAMOZ LOD=1236; mismatches=1/10201; KING kinship=0.2463; IBS0=1; Previously: Lacombe et al. 2013
Tortozón,Pero Godal,,SNP (10K genome-wide),SNP,10201,1236,Laucou et al. 2018,10.1371/journal.pone.0192540,2018,probable,FAMOZ LOD=1236; mismatches=1/10201; KING kinship=0.2463; IBS0=1; Previously: Lacombe et al. 2013
Perruno,Mission = Listán prieto,,SNP (10K genome-wide),SNP,10206,1311,Laucou et al. 2018,10.1371/journal.pone.0192540,2018,probable,FAMOZ LOD=1311; mismatches=1/10206; KING kinship=0.2734; IBS0=1; Previously: Lacombe et al. 2013
Mission = Listán prieto,Perruno,,SNP (10K genome-wide),SNP,10206,1311,Laucou et al. 2018,10.1371/journal.pone.0192540,2018,probable,FAMOZ LOD=1311; mismatches=1/10206; KING kinship=0.2734; IBS0=1; Previously: Lacombe et al. 2013
Persan,Savagnin blanc,,SNP (10K genome-wide),SNP,10207,1721,Laucou et al. 2018,10.1371/journal.pone.0192540,2018,probable,FAMOZ LOD=1721; mismatches=0/10207; KING kinship=0.284; IBS0=1; Previously: Lacombe et al. 2013
Savagnin blanc,Persan,,SNP (10K genome-wide),SNP,10207,1721,Laucou et al. 2018,10.1371/journal.pone.0192540,2018,probable,FAMOZ LOD=1721; mismatches=0/10207; KING kinship=0.284; IBS0=1; Previously: Lacombe et al. 2013
Petit Bouschet,Alicante Henri Bouschet,,SNP (10K genome-wide),SNP,10154,946,Laucou et al. 2018,10.1371/journal.pone.0192540,2018,probable,FAMOZ LOD=946; mismatches=1/10154; KING kinship=0.2574; IBS0=1; Previously: Lacombe et al. 2013
Alicante Henri Bouschet,Petit Bouschet,,SNP (10K genome-wide),SNP,10154,946,Laucou et al. 2018,10.1371/journal.pone.0192540,2018,probable,FAMOZ LOD=946; mismatches=1/10154; KING kinship=0.2574; IBS0=1; Previously: Lacombe et al. 2013
Petit Bouschet,Grand Noir de la Calmette,,SNP (10K genome-wide),SNP,10181,1271,Laucou et al. 2018,10.1371/journal.pone.0192540,2018,probable,FAMOZ LOD=1271; mismatches=1/10181; KING kinship=0.2891; IBS0=2; Previously: Lacombe et al. 2013
Grand Noir de la Calmette,Petit Bouschet,,SNP (10K genome-wide),SNP,10181,1271,Laucou et al. 2018,10.1371/journal.pone.0192540,2018,probable,FAMOZ LOD=1271; mismatches=1/10181; KING kinship=0.2891; IBS0=2; Previously: Lacombe et al. 2013
Petit Bouschet,Terret Bouschet,,SNP (10K genome-wide),SNP,10200,1439,Laucou et al. 2018,10.1371/journal.pone.0192540,2018,probable,FAMOZ LOD=1439; mismatches=0/10200; KING kinship=0.275; IBS0=2; Previously: Lacombe et al. 2013
Terret Bouschet,Petit Bouschet,,SNP (10K genome-wide),SNP,10200,1439,Laucou et al. 2018,10.1371/journal.pone.0192540,2018,probable,FAMOZ LOD=1439; mismatches=0/10200; KING kinship=0.275; IBS0=2; Previously: Lacombe et al. 2013
Petit Manseng,Gros Manseng,,SNP (10K genome-wide),SNP,10207,2846,Laucou et al. 2018,10.1371/journal.pone.0192540,2018,probable,FAMOZ LOD=2846; mismatches=0/10207; KING kinship=0.2581; IBS0=2; Previously: Lacombe et al. 2013
Gros Manseng,Petit Manseng,,SNP (10K genome-wide),SNP,10207,2846,Laucou et al. 2018,10.1371/journal.pone.0192540,2018,probable,FAMOZ LOD=2846; mismatches=0/10207; KING kinship=0.2581; IBS0=2; Previously: Lacombe et al. 2013
Albillo Mayor = Picadillo,Castellana blanca,,SNP (10K genome-wide),SNP,10108,1326,Laucou et al. 2018,10.1371/journal.pone.0192540,2018,probable,FAMOZ LOD=1326; mismatches=1/10108; KING kinship=0.241; IBS0=2; Previously: Ibañez et al. 2012
Castellana blanca,Albillo Mayor = Picadillo,,SNP (10K genome-wide),SNP,10108,1326,Laucou et al. 2018,10.1371/journal.pone.0192540,2018,probable,FAMOZ LOD=1326; mismatches=1/10108; KING kinship=0.241; IBS0=2; Previously: Ibañez et al. 2012
Pinot noir,Roi des précoces,,SNP (10K genome-wide),SNP,10200,1219,Laucou et al. 2018,10.1371/journal.pone.0192540,2018,probable,FAMOZ LOD=1219; mismatches=1/10200; KING kinship=0.2393; IBS0=2; Previously: Lacombe et al. 2013
Roi des précoces,Pinot noir,,SNP (10K genome-wide),SNP,10200,1219,Laucou et al. 2018,10.1371/journal.pone.0192540,2018,probable,FAMOZ LOD=1219; mismatches=1/10200; KING kinship=0.2393; IBS0=2; Previously: Lacombe et al. 2013
Pinot noir,Roublot,,SNP (10K genome-wide),SNP,10205,1457,Laucou et al. 2018,10.1371/journal.pone.0192540,2018,probable,FAMOZ LOD=1457; mismatches=1/10205; KING kinship=0.2761; IBS0=2; Previously: Lacombe et al. 2013
Roublot,Pinot noir,,SNP (10K genome-wide),SNP,10205,1457,Laucou et al. 2018,10.1371/journal.pone.0192540,2018,probable,FAMOZ LOD=1457; mismatches=1/10205; KING kinship=0.2761; IBS0=2; Previously: Lacombe et al. 2013
Pinot noir,Pinotage,,SNP (10K genome-wide),SNP,10172,1553,Laucou et al. 2018,10.1371/journal.pone.0192540,2018,probable,FAMOZ LOD=1553; mismatches=1/10172; KING kinship=0.2439; IBS0=2; Previously: Lacombe et al. 2013
Pinotage,Pinot noir,,SNP (10K genome-wide),SNP,10172,1553,Laucou et al. 2018,10.1371/journal.pone.0192540,2018,probable,FAMOZ LOD=1553; mismatches=1/10172; KING kinship=0.2439; IBS0=2; Previously: Lacombe et al. 2013
Pinot noir,Chardonnay,,SNP (10K genome-wide),SNP,10201,1630,Laucou et al. 2018,10.1371/journal.pone.0192540,2018,probable,FAMOZ LOD=1630; mismatches=1/10201; KING kinship=0.2566; IBS0=2; Previously: Lacombe et al. 2013
Chardonnay,Pinot noir,,SNP (10K genome-wide),SNP,10201,1630,Laucou et al. 2018,10.1371/journal.pone.0192540,2018,probable,FAMOZ LOD=1630; mismatches=1/10201; KING kinship=0.2566; IBS0=2; Previously: Lacombe et al. 2013
Pinot noir,Saint-Laurent,,SNP (10K genome-wide),SNP,10172,2258,Laucou et al. 2018,10.1371/journal.pone.0192540,2018,probable,FAMOZ LOD=2258; mismatches=1/10172; KING kinship=0.2667; IBS0=2; Previously: Lacombe et al. 2013
Saint-Laurent,Pinot noir,,SNP (10K genome-wide),SNP,10172,2258,Laucou et al. 2018,10.1371/journal.pone.0192540,2018,probable,FAMOZ LOD=2258; mismatches=1/10172; KING kinship=0.2667; IBS0=2; Previously: Lacombe et al. 2013
Pinot noir,Olasz Korai,,SNP (10K genome-wide),SNP,10167,1246,Laucou et al. 2018,10.1371/journal.pone.0192540,2018,probable,FAMOZ LOD=1246; mismatches=0/10167; KING kinship=0.2438; IBS0=2; Previously: Lacombe et al. 2013
Olasz Korai,Pinot noir,,SNP (10K genome-wide),SNP,10167,1246,Laucou et al. 2018,10.1371/journal.pone.0192540,2018,probable,FAMOZ LOD=1246; mismatches=0/10167; KING kinship=0.2438; IBS0=2; Previously: Lacombe et al. 2013
Pinot noir,César,,SNP (10K genome-wide),SNP,10199,1339,Laucou et al. 2018,10.1371/journal.pone.0192540,2018,probable,FAMOZ LOD=1339; mismatches=0/10199; KING kinship=0.2739; IBS0=2; Previously: Lacombe et al. 2013
César,Pinot noir,,SNP (10K genome-wide),SNP,10199,1339,Laucou et al. 2018,10.1371/journal.pone.0192540,2018,probable,FAMOZ LOD=1339; mismatches=0/10199; KING kinship=0.2739; IBS0=2; Previously: Lacombe et al. 2013
Pinot noir,Gamay,,SNP (10K genome-wide),SNP,10203,1473,Laucou et al. 2018,10.1371/journal.pone.0192540,2018,probable,FAMOZ LOD=1473; mismatches=0/10203; KING kinship=0.2701; IBS0=2; Previously: Lacombe et al. 2013
Gamay,Pinot noir,,SNP (10K genome-wide),SNP,10203,1473,Laucou et al. 2018,10.1371/journal.pone.0192540,2018,probable,FAMOZ LOD=1473; mismatches=0/10203; KING kinship=0.2701; IBS0=2; Previously: Lacombe et al. 2013
Pinot noir,Savagnin blanc,,SNP (10K genome-wide),SNP,10207,1671,Laucou et al. 2018,10.1371/journal.pone.0192540,2018,probable,FAMOZ LOD=1671; mismatches=0/10207; KING kinship=0.197; IBS0=2; Previously: Lacombe et al. 2013
Savagnin blanc,Pinot noir,,SNP (10K genome-wide),SNP,10207,1671,Laucou et al. 2018,10.1371/journal.pone.0192540,2018,probable,FAMOZ LOD=1671; mismatches=0/10207; KING kinship=0.197; IBS0=2; Previously: Lacombe et al. 2013
Pinotage,Cinsaut,,SNP (10K genome-wide),SNP,10197,1205,Laucou et al. 2018,10.1371/journal.pone.0192540,2018,probable,FAMOZ LOD=1205; mismatches=1/10197; KING kinship=0.2829; IBS0=2; Previously: Lacombe et al. 2013
Cinsaut,Pinotage,,SNP (10K genome-wide),SNP,10197,1205,Laucou et al. 2018,10.1371/journal.pone.0192540,2018,probable,FAMOZ LOD=1205; mismatches=1/10197; KING kinship=0.2829; IBS0=2; Previously: Lacombe et al. 2013
Plant de Ponteilla (Jaubert),Gibi = Hebén,,SNP (10K genome-wide),SNP,10207,775,Laucou et al. 2018,10.1371/journal.pone.0192540,2018,probable,FAMOZ LOD=775; mismatches=0/10207; KING kinship=0.2502; IBS0=2; Previously: Lacombe et al. 2013
Gibi = Hebén,Plant de Ponteilla (Jaubert),,SNP (10K genome-wide),SNP,10207,775,Laucou et al. 2018,10.1371/journal.pone.0192540,2018,probable,FAMOZ LOD=775; mismatches=0/10207; KING kinship=0.2502; IBS0=2; Previously: Lacombe et al. 2013
Planta nova,Heptakilo,,SNP (10K genome-wide),SNP,10199,1422,Laucou et al. 2018,10.1371/journal.pone.0192540,2018,probable,FAMOZ LOD=1422; mismatches=2/10199; KING kinship=0.2942; IBS0=2; Previously: Lacombe et al. 2013
Heptakilo,Planta nova,,SNP (10K genome-wide),SNP,10199,1422,Laucou et al. 2018,10.1371/journal.pone.0192540,2018,probable,FAMOZ LOD=1422; mismatches=2/10199; KING kinship=0.2942; IBS0=2; Previously: Lacombe et al. 2013
Planta nova,Royal = Rojal tinta,,SNP (10K genome-wide),SNP,10205,1250,Laucou et al. 2018,10.1371/journal.pone.0192540,2018,probable,FAMOZ LOD=1250; mismatches=0/10205; KING kinship=0.2543; IBS0=2; Previously: Lacombe et al. 2013
Royal = Rojal tinta,Planta nova,,SNP (10K genome-wide),SNP,10205,1250,Laucou et al. 2018,10.1371/journal.pone.0192540,2018,probable,FAMOZ LOD=1250; mismatches=0/10205; KING kinship=0.2543; IBS0=2; Previously: Lacombe et al. 2013
Plavina crna,Verdeca = Lagorthi,,SNP (10K genome-wide),SNP,10206,1070,Laucou et al. 2018,10.1371/journal.pone.0192540,2018,probable,FAMOZ LOD=1070; mismatches=4/10206; KING kinship=0.2337; IBS0=2; Previously: Lacombe et al. 2013
Verdeca = Lagorthi,Plavina crna,,SNP (10K genome-wide),SNP,10206,1070,Laucou et al. 2018,10.1371/journal.pone.0192540,2018,probable,FAMOZ LOD=1070; mismatches=4/10206; KING kinship=0.2337; IBS0=2; Previously: Lacombe et al. 2013
Pougayen,Brun Fourca,,SNP (10K genome-wide),SNP,10190,1350,Laucou et al. 2018,10.1371/journal.pone.0192540,2018,probable,FAMOZ LOD=1350; mismatches=1/10190; KING kinship=0.2567; IBS0=2; Previously: Lacombe et al. 2013
Brun Fourca,Pougayen,,SNP (10K genome-wide),SNP,10190,1350,Laucou et al. 2018,10.1371/journal.pone.0192540,2018,probable,FAMOZ LOD=1350; mismatches=1/10190; KING kinship=0.2567; IBS0=2; Previously: Lacombe et al. 2013
Prieto picudo,Savagnin blanc,,SNP (10K genome-wide),SNP,10204,1119,Laucou et al. 2018,10.1371/journal.pone.0192540,2018,probable,FAMOZ LOD=1119; mismatches=0/10204; KING kinship=0.2521; IBS0=2; Previously: Lacombe et al. 2013
Savagnin blanc,Prieto picudo,,SNP (10K genome-wide),SNP,10204,1119,Laucou et al. 2018,10.1371/journal.pone.0192540,2018,probable,FAMOZ LOD=1119; mismatches=0/10204; KING kinship=0.2521; IBS0=2; Previously: Lacombe et al. 2013
Primitivo,Plavina crna,,SNP (10K genome-wide),SNP,10202,1573,Laucou et al. 2018,10.1371/journal.pone.0192540,2018,probable,FAMOZ LOD=1573; mismatches=2/10202; KING kinship=0.2689; IBS0=2; Previously: Lacombe et al. 2013
Plavina crna,Primitivo,,SNP (10K genome-wide),SNP,10202,1573,Laucou et al. 2018,10.1371/journal.pone.0192540,2018,probable,FAMOZ LOD=1573; mismatches=2/10202; KING kinship=0.2689; IBS0=2; Previously: Lacombe et al. 2013
Prokupac,Papazkarasi,,SNP (10K genome-wide),SNP,10043,1320,Laucou et al. 2018,10.1371/journal.pone.0192540,2018,probable,FAMOZ LOD=1320; mismatches=5/10043; KING kinship=0.2668; IBS0=2; Previously: Lacombe et al. 2013
Papazkarasi,Prokupac,,SNP (10K genome-wide),SNP,10043,1320,Laucou et al. 2018,10.1371/journal.pone.0192540,2018,probable,FAMOZ LOD=1320; mismatches=5/10043; KING kinship=0.2668; IBS0=2; Previously: Lacombe et al. 2013
Prokupac,Negru virtos,,SNP (10K genome-wide),SNP,10206,1402,Laucou et al. 2018,10.1371/journal.pone.0192540,2018,probable,FAMOZ LOD=1402; mismatches=1/10206; KING kinship=0.246; IBS0=2
Negru virtos,Prokupac,,SNP (10K genome-wide),SNP,10206,1402,Laucou et al. 2018,10.1371/journal.pone.0192540,2018,probable,FAMOZ LOD=1402; mismatches=1/10206; KING kinship=0.246; IBS0=2
Prokupac,Battraube,,SNP (10K genome-wide),SNP,10207,1522,Laucou et al. 2018,10.1371/journal.pone.0192540,2018,probable,FAMOZ LOD=1522; mismatches=1/10207; KING kinship=0.2297; IBS0=2; Previously: Lacombe et al. 2013
Battraube,Prokupac,,SNP (10K genome-wide),SNP,10207,1522,Laucou et al. 2018,10.1371/journal.pone.0192540,2018,probable,FAMOZ LOD=1522; mismatches=1/10207; KING kinship=0.2297; IBS0=2; Previously: Lacombe et al. 2013
Breval negro,Quiebratinajas,,SNP (10K genome-wide),SNP,10127,1231,Laucou et al. 2018,10.1371/journal.pone.0192540,2018,probable,FAMOZ LOD=1231; mismatches=1/10127; KING kinship=0.2752; IBS0=2
Castellana blanca,Quiebratinajas,,SNP (10K genome-wide),SNP,10095,1409,Laucou et al. 2018,10.1371/journal.pone.0192540,2018,probable,FAMOZ LOD=1409; mismatches=1/10095; KING kinship=0.2681; IBS0=2; Previously: Lacombe et al. 2013
Quigat,Gibi = Hebén,,SNP (10K genome-wide),SNP,10207,922,Laucou et al. 2018,10.1371/journal.pone.0192540,2018,probable,FAMOZ LOD=922; mismatches=0/10207; KING kinship=0.2669; IBS0=2; Previously: Lacombe et al. 2013
Gibi = Hebén,Quigat,,SNP (10K genome-wide),SNP,10207,922,Laucou et al. 2018,10.1371/journal.pone.0192540,2018,probable,FAMOZ LOD=922; mismatches=0/10207; KING kinship=0.2669; IBS0=2; Previously: Lacombe et al. 2013
Rabo d'ovelha,Cayetana blanca = Jaén blanco,,SNP (10K genome-wide),SNP,10204,1075,Laucou et al. 2018,10.1371/journal.pone.0192540,2018,probable,"FAMOZ LOD=1075; mismatches=0/10204; KING kinship=0.2892; IBS0=2; Previously: Zinelabidine et al., 2012"
Cayetana blanca = Jaén blanco,Rabo d'ovelha,,SNP (10K genome-wide),SNP,10204,1075,Laucou et al. 2018,10.1371/journal.pone.0192540,2018,probable,"FAMOZ LOD=1075; mismatches=0/10204; KING kinship=0.2892; IBS0=2; Previously: Zinelabidine et al., 2012"
Rabo d'ovelha,Vital,,SNP (10K genome-wide),SNP,10174,1274,Laucou et al. 2018,10.1371/journal.pone.0192540,2018,probable,FAMOZ LOD=1274; mismatches=0/10174; KING kinship=0.2287; IBS0=2
Vital,Rabo d'ovelha,,SNP (10K genome-wide),SNP,10174,1274,Laucou et al. 2018,10.1371/journal.pone.0192540,2018,probable,FAMOZ LOD=1274; mismatches=0/10174; KING kinship=0.2287; IBS0=2
Raisaine,Grec rouge,,SNP (10K genome-wide),SNP,10205,1184,Laucou et al. 2018,10.1371/journal.pone.0192540,2018,probable,FAMOZ LOD=1184; mismatches=0/10205; KING kinship=0.2198; IBS0=2; Previously: Lacombe et al. 2013
Grec rouge,Raisaine,,SNP (10K genome-wide),SNP,10205,1184,Laucou et al. 2018,10.1371/journal.pone.0192540,2018,probable,FAMOZ LOD=1184; mismatches=0/10205; KING kinship=0.2198; IBS0=2; Previously: Lacombe et al. 2013
Ramisco,Pedral,,SNP (10K genome-wide),SNP,10207,1668,Laucou et al. 2018,10.1371/journal.pone.0192540,2018,probable,FAMOZ LOD=1668; mismatches=3/10207; KING kinship=0.2799; IBS0=2; Previously: Lacombe et al. 2013
Pedral,Ramisco,,SNP (10K genome-wide),SNP,10207,1668,Laucou et al. 2018,10.1371/journal.pone.0192540,2018,probable,FAMOZ LOD=1668; mismatches=3/10207; KING kinship=0.2799; IBS0=2; Previously: Lacombe et al. 2013
Rassegui,Heptakilo,,SNP (10K genome-wide),SNP,10187,1197,Laucou et al. 2018,10.1371/journal.pone.0192540,2018,probable,FAMOZ LOD=1197; mismatches=0/10187; KING kinship=0.2645; IBS0=2; Previously: Lacombe et al. 2013
Heptakilo,Rassegui,,SNP (10K genome-wide),SNP,10187,1197,Laucou et al. 2018,10.1371/journal.pone.0192540,2018,probable,FAMOZ LOD=1197; mismatches=0/10187; KING kinship=0.2645; IBS0=2; Previously: Lacombe et al. 2013
Razdani,Voskeat,,SNP (10K genome-wide),SNP,10207,1454,Laucou et al. 2018,10.1371/journal.pone.0192540,2018,probable,FAMOZ LOD=1454; mismatches=9/10207; KING kinship=0.2782; IBS0=2; Previously: Lacombe et al. 2013
Voskeat,Razdani,,SNP (10K genome-wide),SNP,10207,1454,Laucou et al. 2018,10.1371/journal.pone.0192540,2018,probable,FAMOZ LOD=1454; mismatches=9/10207; KING kinship=0.2782; IBS0=2; Previously: Lacombe et al. 2013
Reine des Vignes,Dattier de Beyrouth,,SNP (10K genome-wide),SNP,10207,1134,Laucou et al. 2018,10.1371/journal.pone.0192540,2018,probable,FAMOZ LOD=1134; mismatches=2/10207; KING kinship=0.2225; IBS0=2; Previously: Lacombe et al. 2013
Dattier de Beyrouth,Reine des Vignes,,SNP (10K genome-wide),SNP,10207,1134,Laucou et al. 2018,10.1371/journal.pone.0192540,2018,probable,FAMOZ LOD=1134; mismatches=2/10207; KING kinship=0.2225; IBS0=2; Previously: Lacombe et al. 2013
Reine des Vignes,Pannonia kincse,,SNP (10K genome-wide),SNP,10207,1377,Laucou et al. 2018,10.1371/journal.pone.0192540,2018,probable,FAMOZ LOD=1377; mismatches=2/10207; KING kinship=0.2883; IBS0=2; Previously: Lacombe et al. 2013
Pannonia kincse,Reine des Vignes,,SNP (10K genome-wide),SNP,10207,1377,Laucou et al. 2018,10.1371/journal.pone.0192540,2018,probable,FAMOZ LOD=1377; mismatches=2/10207; KING kinship=0.2883; IBS0=2; Previously: Lacombe et al. 2013
Reine des Vignes,Cardinal,,SNP (10K genome-wide),SNP,10206,1295,Laucou et al. 2018,10.1371/journal.pone.0192540,2018,probable,FAMOZ LOD=1295; mismatches=1/10206; KING kinship=0.2809; IBS0=2; Previously: Lacombe et al. 2013
Cardinal,Reine des Vignes,,SNP (10K genome-wide),SNP,10206,1295,Laucou et al. 2018,10.1371/journal.pone.0192540,2018,probable,FAMOZ LOD=1295; mismatches=1/10206; KING kinship=0.2809; IBS0=2; Previously: Lacombe et al. 2013
Reine des Vignes,Ithaki,,SNP (10K genome-wide),SNP,10191,1314,Laucou et al. 2018,10.1371/journal.pone.0192540,2018,probable,FAMOZ LOD=1314; mismatches=1/10191; KING kinship=0.2587; IBS0=2; Previously: Lacombe et al. 2013
Ithaki,Reine des Vignes,,SNP (10K genome-wide),SNP,10191,1314,Laucou et al. 2018,10.1371/journal.pone.0192540,2018,probable,FAMOZ LOD=1314; mismatches=1/10191; KING kinship=0.2587; IBS0=2; Previously: Lacombe et al. 2013
Riesling,Kaisermuskat,,SNP (10K genome-wide),SNP,10203,1476,Laucou et al. 2018,10.1371/journal.pone.0192540,2018,probable,FAMOZ LOD=1476; mismatches=2/10203; KING kinship=0.2744; IBS0=2; Previously: Lacombe et al. 2013
Kaisermuskat,Riesling,,SNP (10K genome-wide),SNP,10203,1476,Laucou et al. 2018,10.1371/journal.pone.0192540,2018,probable,FAMOZ LOD=1476; mismatches=2/10203; KING kinship=0.2744; IBS0=2; Previously: Lacombe et al. 2013
Riesling,Müller-Thurgau,,SNP (10K genome-wide),SNP,10193,1649,Laucou et al. 2018,10.1371/journal.pone.0192540,2018,probable,FAMOZ LOD=1649; mismatches=2/10193; KING kinship=0.2198; IBS0=2; Previously: Lacombe et al. 2013
Müller-Thurgau,Riesling,,SNP (10K genome-wide),SNP,10193,1649,Laucou et al. 2018,10.1371/journal.pone.0192540,2018,probable,FAMOZ LOD=1649; mismatches=2/10193; KING kinship=0.2198; IBS0=2; Previously: Lacombe et al. 2013
Riesling,Goldriesling,,SNP (10K genome-wide),SNP,10191,1662,Laucou et al. 2018,10.1371/journal.pone.0192540,2018,probable,FAMOZ LOD=1662; mismatches=1/10191; KING kinship=0.2609; IBS0=2; Previously: Lacombe et al. 2013
Goldriesling,Riesling,,SNP (10K genome-wide),SNP,10191,1662,Laucou et al. 2018,10.1371/journal.pone.0192540,2018,probable,FAMOZ LOD=1662; mismatches=1/10191; KING kinship=0.2609; IBS0=2; Previously: Lacombe et al. 2013
Riesling,Kerner,,SNP (10K genome-wide),SNP,10180,1405,Laucou et al. 2018,10.1371/journal.pone.0192540,2018,probable,FAMOZ LOD=1405; mismatches=0/10180; KING kinship=0.282; IBS0=2; Previously: Lacombe et al. 2013
Kerner,Riesling,,SNP (10K genome-wide),SNP,10180,1405,Laucou et al. 2018,10.1371/journal.pone.0192540,2018,probable,FAMOZ LOD=1405; mismatches=0/10180; KING kinship=0.282; IBS0=2; Previously: Lacombe et al. 2013
Riesling,Aromriesling,,SNP (10K genome-wide),SNP,10207,1637,Laucou et al. 2018,10.1371/journal.pone.0192540,2018,probable,FAMOZ LOD=1637; mismatches=0/10207; KING kinship=0.2429; IBS0=2; Previously: Lacombe et al. 2013
Aromriesling,Riesling,,SNP (10K genome-wide),SNP,10207,1637,Laucou et al. 2018,10.1371/journal.pone.0192540,2018,probable,FAMOZ LOD=1637; mismatches=0/10207; KING kinship=0.2429; IBS0=2; Previously: Lacombe et al. 2013
Riesling bleu (Collection Oberlin),Savagnin blanc,,SNP (10K genome-wide),SNP,10201,1724,Laucou et al. 2018,10.1371/journal.pone.0192540,2018,probable,FAMOZ LOD=1724; mismatches=0/10201; KING kinship=0.2738; IBS0=2; Previously: Lacombe et al. 2013
Savagnin blanc,Riesling bleu (Collection Oberlin),,SNP (10K genome-wide),SNP,10201,1724,Laucou et al. 2018,10.1371/journal.pone.0192540,2018,probable,FAMOZ LOD=1724; mismatches=0/10201; KING kinship=0.2738; IBS0=2; Previously: Lacombe et al. 2013
Riminèse,Garganega,,SNP (10K genome-wide),SNP,10207,1176,Laucou et al. 2018,10.1371/journal.pone.0192540,2018,probable,FAMOZ LOD=1176; mismatches=1/10207; KING kinship=0.2412; IBS0=2; Previously: Lacombe et al. 2013
Garganega,Riminèse,,SNP (10K genome-wide),SNP,10207,1176,Laucou et al. 2018,10.1371/journal.pone.0192540,2018,probable,FAMOZ LOD=1176; mismatches=1/10207; KING kinship=0.2412; IBS0=2; Previously: Lacombe et al. 2013
Rivairenc = Aspiran noir,Oeillade noire,,SNP (10K genome-wide),SNP,10180,1365,Laucou et al. 2018,10.1371/journal.pone.0192540,2018,probable,FAMOZ LOD=1365; mismatches=2/10180; KING kinship=0.251; IBS0=2; Previously: Lacombe et al. 2013
Oeillade noire,Rivairenc = Aspiran noir,,SNP (10K genome-wide),SNP,10180,1365,Laucou et al. 2018,10.1371/journal.pone.0192540,2018,probable,FAMOZ LOD=1365; mismatches=2/10180; KING kinship=0.251; IBS0=2; Previously: Lacombe et al. 2013
Rivairenc = Aspiran noir,Cinsaut,,SNP (10K genome-wide),SNP,10136,1553,Laucou et al. 2018,10.1371/journal.pone.0192540,2018,probable,FAMOZ LOD=1553; mismatches=1/10136; KING kinship=0.2714; IBS0=2; Previously: Lacombe et al. 2013
Cinsaut,Rivairenc = Aspiran noir,,SNP (10K genome-wide),SNP,10136,1553,Laucou et al. 2018,10.1371/journal.pone.0192540,2018,probable,FAMOZ LOD=1553; mismatches=1/10136; KING kinship=0.2714; IBS0=2; Previously: Lacombe et al. 2013
Romeïko,Verdeca = Lagorthi,,SNP (10K genome-wide),SNP,10206,1268,Laucou et al. 2018,10.1371/journal.pone.0192540,2018,probable,FAMOZ LOD=1268; mismatches=4/10206; KING kinship=0.2227; IBS0=2; Previously: Lacombe et al. 2013
Verdeca = Lagorthi,Romeïko,,SNP (10K genome-wide),SNP,10206,1268,Laucou et al. 2018,10.1371/journal.pone.0192540,2018,probable,FAMOZ LOD=1268; mismatches=4/10206; KING kinship=0.2227; IBS0=2; Previously: Lacombe et al. 2013
Romeïko,Ladikino = Psarossyriko,,SNP (10K genome-wide),SNP,9943,1362,Laucou et al. 2018,10.1371/journal.pone.0192540,2018,probable,FAMOZ LOD=1362; mismatches=0/9943; KING kinship=0.2362; IBS0=2; Previously: Lacombe et al. 2013
Ladikino = Psarossyriko,Romeïko,,SNP (10K genome-wide),SNP,9943,1362,Laucou et al. 2018,10.1371/journal.pone.0192540,2018,probable,FAMOZ LOD=1362; mismatches=0/9943; KING kinship=0.2362; IBS0=2; Previously: Lacombe et al. 2013
Rosa menna di vacca,Opsimo Edessis,,SNP (10K genome-wide),SNP,10190,1368,Laucou et al. 2018,10.1371/journal.pone.0192540,2018,probable,FAMOZ LOD=1368; mismatches=3/10190; KING kinship=0.2706; IBS0=2; Previously: Lacombe et al. 2013
Opsimo Edessis,Rosa menna di vacca,,SNP (10K genome-wide),SNP,10190,1368,Laucou et al. 2018,10.1371/journal.pone.0192540,2018,probable,FAMOZ LOD=1368; mismatches=3/10190; KING kinship=0.2706; IBS0=2; Previously: Lacombe et al. 2013
Rosa menna di vacca,Gallura zenni de Damasco (Spain),,SNP (10K genome-wide),SNP,10207,1177,Laucou et al. 2018,10.1371/journal.pone.0192540,2018,probable,FAMOZ LOD=1177; mismatches=2/10207; KING kinship=0.2649; IBS0=2
Gallura zenni de Damasco (Spain),Rosa menna di vacca,,SNP (10K genome-wide),SNP,10207,1177,Laucou et al. 2018,10.1371/journal.pone.0192540,2018,probable,FAMOZ LOD=1177; mismatches=2/10207; KING kinship=0.2649; IBS0=2
Rosa menna di vacca,Coarna alba,,SNP (10K genome-wide),SNP,10207,1289,Laucou et al. 2018,10.1371/journal.pone.0192540,2018,probable,FAMOZ LOD=1289; mismatches=2/10207; KING kinship=0.25; IBS0=2; Previously: Lacombe et al. 2013
Coarna alba,Rosa menna di vacca,,SNP (10K genome-wide),SNP,10207,1289,Laucou et al. 2018,10.1371/journal.pone.0192540,2018,probable,FAMOZ LOD=1289; mismatches=2/10207; KING kinship=0.25; IBS0=2; Previously: Lacombe et al. 2013
Rosa menna di vacca,Orlovi nokti,,SNP (10K genome-wide),SNP,10204,1379,Laucou et al. 2018,10.1371/journal.pone.0192540,2018,probable,FAMOZ LOD=1379; mismatches=2/10204; KING kinship=0.237; IBS0=2; Previously: Lacombe et al. 2013
Orlovi nokti,Rosa menna di vacca,,SNP (10K genome-wide),SNP,10204,1379,Laucou et al. 2018,10.1371/journal.pone.0192540,2018,probable,FAMOZ LOD=1379; mismatches=2/10204; KING kinship=0.237; IBS0=2; Previously: Lacombe et al. 2013
Rossara,Gouais blanc,,SNP (10K genome-wide),SNP,10196,1142,Laucou et al. 2018,10.1371/journal.pone.0192540,2018,probable,FAMOZ LOD=1142; mismatches=3/10196; KING kinship=0.2683; IBS0=2; Previously: Lacombe et al. 2013
Gouais blanc,Rossara,,SNP (10K genome-wide),SNP,10196,1142,Laucou et al. 2018,10.1371/journal.pone.0192540,2018,probable,FAMOZ LOD=1142; mismatches=3/10196; KING kinship=0.2683; IBS0=2; Previously: Lacombe et al. 2013
Roumi noir,Darkaia noir = Coarna neagra,,SNP (10K genome-wide),SNP,10178,1290,Laucou et al. 2018,10.1371/journal.pone.0192540,2018,probable,FAMOZ LOD=1290; mismatches=3/10178; KING kinship=0.2527; IBS0=2; Previously: Lacombe et al. 2013
Darkaia noir = Coarna neagra,Roumi noir,,SNP (10K genome-wide),SNP,10178,1290,Laucou et al. 2018,10.1371/journal.pone.0192540,2018,probable,FAMOZ LOD=1290; mismatches=3/10178; KING kinship=0.2527; IBS0=2; Previously: Lacombe et al. 2013
Royal = Rojal tinta,Breval negro,,SNP (10K genome-wide),SNP,10203,1212,Laucou et al. 2018,10.1371/journal.pone.0192540,2018,probable,FAMOZ LOD=1212; mismatches=0/10203; KING kinship=0.2378; IBS0=2
Breval negro,Royal = Rojal tinta,,SNP (10K genome-wide),SNP,10203,1212,Laucou et al. 2018,10.1371/journal.pone.0192540,2018,probable,FAMOZ LOD=1212; mismatches=0/10203; KING kinship=0.2378; IBS0=2
Sabro,Gibi = Hebén,,SNP (10K genome-wide),SNP,10059,1003,Laucou et al. 2018,10.1371/journal.pone.0192540,2018,probable,FAMOZ LOD=1003; mismatches=0/10059; KING kinship=0.2569; IBS0=2; Previously: Lacombe et al. 2013
Gibi = Hebén,Sabro,,SNP (10K genome-wide),SNP,10059,1003,Laucou et al. 2018,10.1371/journal.pone.0192540,2018,probable,FAMOZ LOD=1003; mismatches=0/10059; KING kinship=0.2569; IBS0=2; Previously: Lacombe et al. 2013
Saint-Laurent,Zweigelt,,SNP (10K genome-wide),SNP,10207,1635,Laucou et al. 2018,10.1371/journal.pone.0192540,2018,probable,FAMOZ LOD=1635; mismatches=1/10207; KING kinship=0.2555; IBS0=2; Previously: Lacombe et al. 2013
Zweigelt,Saint-Laurent,,SNP (10K genome-wide),SNP,10207,1635,Laucou et al. 2018,10.1371/journal.pone.0192540,2018,probable,FAMOZ LOD=1635; mismatches=1/10207; KING kinship=0.2555; IBS0=2; Previously: Lacombe et al. 2013
Sao Mamede,Manseng noir,,SNP (10K genome-wide),SNP,10207,1939,Laucou et al. 2018,10.1371/journal.pone.0192540,2018,probable,FAMOZ LOD=1939; mismatches=0/10207; KING kinship=0.2626; IBS0=2; Previously: Lacombe et al. 2013
Manseng noir,Sao Mamede,,SNP (10K genome-wide),SNP,10207,1939,Laucou et al. 2018,10.1371/journal.pone.0192540,2018,probable,FAMOZ LOD=1939; mismatches=0/10207; KING kinship=0.2626; IBS0=2; Previously: Lacombe et al. 2013
Saperavi,Rubinovyi Magaracha,,SNP (10K genome-wide),SNP,10196,1285,Laucou et al. 2018,10.1371/journal.pone.0192540,2018,probable,FAMOZ LOD=1285; mismatches=6/10196; KING kinship=0.2277; IBS0=2; Previously: Lacombe et al. 2013
Rubinovyi Magaracha,Saperavi,,SNP (10K genome-wide),SNP,10196,1285,Laucou et al. 2018,10.1371/journal.pone.0192540,2018,probable,FAMOZ LOD=1285; mismatches=6/10196; KING kinship=0.2277; IBS0=2; Previously: Lacombe et al. 2013
Savagnin blanc,Chenin,,SNP (10K genome-wide),SNP,10206,1089,Laucou et al. 2018,10.1371/journal.pone.0192540,2018,probable,FAMOZ LOD=1089; mismatches=0/10206; KING kinship=0.266; IBS0=2; Previously: Lacombe et al. 2013
Chenin,Savagnin blanc,,SNP (10K genome-wide),SNP,10206,1089,Laucou et al. 2018,10.1371/journal.pone.0192540,2018,probable,FAMOZ LOD=1089; mismatches=0/10206; KING kinship=0.266; IBS0=2; Previously: Lacombe et al. 2013
Savagnin blanc,Trousseau,,SNP (10K genome-wide),SNP,10206,1128,Laucou et al. 2018,10.1371/journal.pone.0192540,2018,probable,FAMOZ LOD=1128; mismatches=0/10206; KING kinship=0.2334; IBS0=2; Previously: Lacombe et al. 2013
Trousseau,Savagnin blanc,,SNP (10K genome-wide),SNP,10206,1128,Laucou et al. 2018,10.1371/journal.pone.0192540,2018,probable,FAMOZ LOD=1128; mismatches=0/10206; KING kinship=0.2334; IBS0=2; Previously: Lacombe et al. 2013
Savagnin blanc,Lado,,SNP (10K genome-wide),SNP,10204,1205,Laucou et al. 2018,10.1371/journal.pone.0192540,2018,probable,FAMOZ LOD=1205; mismatches=0/10204; KING kinship=0.271; IBS0=2
Lado,Savagnin blanc,,SNP (10K genome-wide),SNP,10204,1205,Laucou et al. 2018,10.1371/journal.pone.0192540,2018,probable,FAMOZ LOD=1205; mismatches=0/10204; KING kinship=0.271; IBS0=2
Savagnin blanc,Redondal,,SNP (10K genome-wide),SNP,10203,1240,Laucou et al. 2018,10.1371/journal.pone.0192540,2018,probable,FAMOZ LOD=1240; mismatches=0/10203; KING kinship=0.2362; IBS0=2
Redondal,Savagnin blanc,,SNP (10K genome-wide),SNP,10203,1240,Laucou et al. 2018,10.1371/journal.pone.0192540,2018,probable,FAMOZ LOD=1240; mismatches=0/10203; KING kinship=0.2362; IBS0=2
Savagnin blanc,Viosinho,,SNP (10K genome-wide),SNP,10199,1257,Laucou et al. 2018,10.1371/journal.pone.0192540,2018,probable,FAMOZ LOD=1257; mismatches=0/10199; KING kinship=0.2979; IBS0=2; Previously: Lacombe et al. 2013
Viosinho,Savagnin blanc,,SNP (10K genome-wide),SNP,10199,1257,Laucou et al. 2018,10.1371/journal.pone.0192540,2018,probable,FAMOZ LOD=1257; mismatches=0/10199; KING kinship=0.2979; IBS0=2; Previously: Lacombe et al. 2013
Savagnin blanc,Grüner Veltliner,,SNP (10K genome-wide),SNP,10201,1259,Laucou et al. 2018,10.1371/journal.pone.0192540,2018,probable,FAMOZ LOD=1259; mismatches=0/10201; KING kinship=0.2524; IBS0=2; Previously: Lacombe et al. 2013
Grüner Veltliner,Savagnin blanc,,SNP (10K genome-wide),SNP,10201,1259,Laucou et al. 2018,10.1371/journal.pone.0192540,2018,probable,FAMOZ LOD=1259; mismatches=0/10201; KING kinship=0.2524; IBS0=2; Previously: Lacombe et al. 2013
Savagnin blanc,Alfrocheiro preto,,SNP (10K genome-wide),SNP,10201,1272,Laucou et al. 2018,10.1371/journal.pone.0192540,2018,probable,FAMOZ LOD=1272; mismatches=0/10201; KING kinship=0.245; IBS0=2
Alfrocheiro preto,Savagnin blanc,,SNP (10K genome-wide),SNP,10201,1272,Laucou et al. 2018,10.1371/journal.pone.0192540,2018,probable,FAMOZ LOD=1272; mismatches=0/10201; KING kinship=0.245; IBS0=2
Savagnin blanc,Sylvaner,,SNP (10K genome-wide),SNP,10205,1279,Laucou et al. 2018,10.1371/journal.pone.0192540,2018,probable,FAMOZ LOD=1279; mismatches=0/10205; KING kinship=0.2551; IBS0=2; Previously: Lacombe et al. 2013
Sylvaner,Savagnin blanc,,SNP (10K genome-wide),SNP,10205,1279,Laucou et al. 2018,10.1371/journal.pone.0192540,2018,probable,FAMOZ LOD=1279; mismatches=0/10205; KING kinship=0.2551; IBS0=2; Previously: Lacombe et al. 2013
Savagnin blanc,Verués de Huarte,,SNP (10K genome-wide),SNP,10203,1300,Laucou et al. 2018,10.1371/journal.pone.0192540,2018,probable,FAMOZ LOD=1300; mismatches=0/10203; KING kinship=0.2329; IBS0=2
Verués de Huarte,Savagnin blanc,,SNP (10K genome-wide),SNP,10203,1300,Laucou et al. 2018,10.1371/journal.pone.0192540,2018,probable,FAMOZ LOD=1300; mismatches=0/10203; KING kinship=0.2329; IBS0=2
Savagnin blanc,Blanquiliña,,SNP (10K genome-wide),SNP,10204,1300,Laucou et al. 2018,10.1371/journal.pone.0192540,2018,probable,FAMOZ LOD=1300; mismatches=0/10204; KING kinship=0.2376; IBS0=2
Blanquiliña,Savagnin blanc,,SNP (10K genome-wide),SNP,10204,1300,Laucou et al. 2018,10.1371/journal.pone.0192540,2018,probable,FAMOZ LOD=1300; mismatches=0/10204; KING kinship=0.2376; IBS0=2
Savagnin blanc,Bastardo blanco,,SNP (10K genome-wide),SNP,10199,1307,Laucou et al. 2018,10.1371/journal.pone.0192540,2018,probable,FAMOZ LOD=1307; mismatches=0/10199; KING kinship=0.2645; IBS0=2
Bastardo blanco,Savagnin blanc,,SNP (10K genome-wide),SNP,10199,1307,Laucou et al. 2018,10.1371/journal.pone.0192540,2018,probable,FAMOZ LOD=1307; mismatches=0/10199; KING kinship=0.2645; IBS0=2
Savagnin blanc,Teinturier,,SNP (10K genome-wide),SNP,10207,1586,Laucou et al. 2018,10.1371/journal.pone.0192540,2018,probable,FAMOZ LOD=1586; mismatches=0/10207; KING kinship=0.243; IBS0=2; Previously: Lacombe et al. 2013
Teinturier,Savagnin blanc,,SNP (10K genome-wide),SNP,10207,1586,Laucou et al. 2018,10.1371/journal.pone.0192540,2018,probable,FAMOZ LOD=1586; mismatches=0/10207; KING kinship=0.243; IBS0=2; Previously: Lacombe et al. 2013
Savagnin blanc,Petit Manseng,,SNP (10K genome-wide),SNP,10207,1853,Laucou et al. 2018,10.1371/journal.pone.0192540,2018,probable,FAMOZ LOD=1853; mismatches=0/10207; KING kinship=0.2598; IBS0=2; Previously: Lacombe et al. 2013
Petit Manseng,Savagnin blanc,,SNP (10K genome-wide),SNP,10207,1853,Laucou et al. 2018,10.1371/journal.pone.0192540,2018,probable,FAMOZ LOD=1853; mismatches=0/10207; KING kinship=0.2598; IBS0=2; Previously: Lacombe et al. 2013
Savagnin blanc,Flora,,SNP (10K genome-wide),SNP,10206,1895,Laucou et al. 2018,10.1371/journal.pone.0192540,2018,probable,FAMOZ LOD=1895; mismatches=0/10206; KING kinship=0.2335; IBS0=2; Previously: Lacombe et al. 2013
Flora,Savagnin blanc,,SNP (10K genome-wide),SNP,10206,1895,Laucou et al. 2018,10.1371/journal.pone.0192540,2018,probable,FAMOZ LOD=1895; mismatches=0/10206; KING kinship=0.2335; IBS0=2; Previously: Lacombe et al. 2013
Semillon,Sauterne blanc (Naugé),,SNP (10K genome-wide),SNP,10153,1606,Laucou et al. 2018,10.1371/journal.pone.0192540,2018,probable,FAMOZ LOD=1606; mismatches=0/10153; KING kinship=0.2651; IBS0=2; Previously: Lacombe et al. 2013
Sauterne blanc (Naugé),Semillon,,SNP (10K genome-wide),SNP,10153,1606,Laucou et al. 2018,10.1371/journal.pone.0192540,2018,probable,FAMOZ LOD=1606; mismatches=0/10153; KING kinship=0.2651; IBS0=2; Previously: Lacombe et al. 2013
Semillon,Flora,,SNP (10K genome-wide),SNP,10206,1691,Laucou et al. 2018,10.1371/journal.pone.0192540,2018,probable,FAMOZ LOD=1691; mismatches=0/10206; KING kinship=0.2778; IBS0=2; Previously: Lacombe et al. 2013
Flora,Semillon,,SNP (10K genome-wide),SNP,10206,1691,Laucou et al. 2018,10.1371/journal.pone.0192540,2018,probable,FAMOZ LOD=1691; mismatches=0/10206; KING kinship=0.2778; IBS0=2; Previously: Lacombe et al. 2013
Sibirkovy,Coarna alba,,SNP (10K genome-wide),SNP,10207,1366,Laucou et al. 2018,10.1371/journal.pone.0192540,2018,probable,FAMOZ LOD=1366; mismatches=1/10207; KING kinship=0.2938; IBS0=3
Coarna alba,Sibirkovy,,SNP (10K genome-wide),SNP,10207,1366,Laucou et al. 2018,10.1371/journal.pone.0192540,2018,probable,FAMOZ LOD=1366; mismatches=1/10207; KING kinship=0.2938; IBS0=3
Siegerrebe,Madeleine angevine,,SNP (10K genome-wide),SNP,9512,1230,Laucou et al. 2018,10.1371/journal.pone.0192540,2018,probable,FAMOZ LOD=1230; mismatches=1/9512; KING kinship=0.2075; IBS0=3; Previously: Lacombe et al. 2013
Madeleine angevine,Siegerrebe,,SNP (10K genome-wide),SNP,9512,1230,Laucou et al. 2018,10.1371/journal.pone.0192540,2018,probable,FAMOZ LOD=1230; mismatches=1/9512; KING kinship=0.2075; IBS0=3; Previously: Lacombe et al. 2013
Siegerrebe,Ortega,,SNP (10K genome-wide),SNP,10194,1563,Laucou et al. 2018,10.1371/journal.pone.0192540,2018,probable,FAMOZ LOD=1563; mismatches=1/10194; KING kinship=0.2808; IBS0=3; Previously: Lacombe et al. 2013
Ortega,Siegerrebe,,SNP (10K genome-wide),SNP,10194,1563,Laucou et al. 2018,10.1371/journal.pone.0192540,2018,probable,FAMOZ LOD=1563; mismatches=1/10194; KING kinship=0.2808; IBS0=3; Previously: Lacombe et al. 2013
Siegerrebe,Savagnin blanc,,SNP (10K genome-wide),SNP,10206,1386,Laucou et al. 2018,10.1371/journal.pone.0192540,2018,probable,FAMOZ LOD=1386; mismatches=0/10206; KING kinship=0.2833; IBS0=3; Previously: Lacombe et al. 2013
Savagnin blanc,Siegerrebe,,SNP (10K genome-wide),SNP,10206,1386,Laucou et al. 2018,10.1371/journal.pone.0192540,2018,probable,FAMOZ LOD=1386; mismatches=0/10206; KING kinship=0.2833; IBS0=3; Previously: Lacombe et al. 2013
Siegerrebe,Breider 5-6,,SNP (10K genome-wide),SNP,10207,2975,Laucou et al. 2018,10.1371/journal.pone.0192540,2018,probable,FAMOZ LOD=2975; mismatches=0/10207; KING kinship=0.2587; IBS0=3; Previously: Lacombe et al. 2013
Breider 5-6,Siegerrebe,,SNP (10K genome-wide),SNP,10207,2975,Laucou et al. 2018,10.1371/journal.pone.0192540,2018,probable,FAMOZ LOD=2975; mismatches=0/10207; KING kinship=0.2587; IBS0=3; Previously: Lacombe et al. 2013
Sorok Let Oktiabria,Alicante Henri Bouschet,,SNP (10K genome-wide),SNP,10175,1350,Laucou et al. 2018,10.1371/journal.pone.0192540,2018,probable,FAMOZ LOD=1350; mismatches=1/10175; KING kinship=0.2639; IBS0=3; Previously: Lacombe et al. 2013
Alicante Henri Bouschet,Sorok Let Oktiabria,,SNP (10K genome-wide),SNP,10175,1350,Laucou et al. 2018,10.1371/journal.pone.0192540,2018,probable,FAMOZ LOD=1350; mismatches=1/10175; KING kinship=0.2639; IBS0=3; Previously: Lacombe et al. 2013
Sousão,Amaral,,SNP (10K genome-wide),SNP,10111,2129,Laucou et al. 2018,10.1371/journal.pone.0192540,2018,probable,FAMOZ LOD=2129; mismatches=2/10111; KING kinship=0.2796; IBS0=3; Previously: Lacombe et al. 2013
Amaral,Sousão,,SNP (10K genome-wide),SNP,10111,2129,Laucou et al. 2018,10.1371/journal.pone.0192540,2018,probable,FAMOZ LOD=2129; mismatches=2/10111; KING kinship=0.2796; IBS0=3; Previously: Lacombe et al. 2013
Sublima seedless,Perlon,,SNP (10K genome-wide),SNP,10181,1605,Laucou et al. 2018,10.1371/journal.pone.0192540,2018,probable,FAMOZ LOD=1605; mismatches=1/10181; KING kinship=0.2202; IBS0=3; Previously: Lacombe et al. 2013
Perlon,Sublima seedless,,SNP (10K genome-wide),SNP,10181,1605,Laucou et al. 2018,10.1371/journal.pone.0192540,2018,probable,FAMOZ LOD=1605; mismatches=1/10181; KING kinship=0.2202; IBS0=3; Previously: Lacombe et al. 2013
Sultanine,Ahmeh Sal apyrène,,SNP (10K genome-wide),SNP,10177,1340,Laucou et al. 2018,10.1371/journal.pone.0192540,2018,probable,FAMOZ LOD=1340; mismatches=4/10177; KING kinship=0.2449; IBS0=3
Ahmeh Sal apyrène,Sultanine,,SNP (10K genome-wide),SNP,10177,1340,Laucou et al. 2018,10.1371/journal.pone.0192540,2018,probable,FAMOZ LOD=1340; mismatches=4/10177; KING kinship=0.2449; IBS0=3
Sultanine,Sultana moscata,,SNP (10K genome-wide),SNP,10207,1421,Laucou et al. 2018,10.1371/journal.pone.0192540,2018,probable,FAMOZ LOD=1421; mismatches=4/10207; KING kinship=0.2839; IBS0=3; Previously: Lacombe et al. 2013
Sultana moscata,Sultanine,,SNP (10K genome-wide),SNP,10207,1421,Laucou et al. 2018,10.1371/journal.pone.0192540,2018,probable,FAMOZ LOD=1421; mismatches=4/10207; KING kinship=0.2839; IBS0=3; Previously: Lacombe et al. 2013
Sultanine,Sultanina de Bulgarie,,SNP (10K genome-wide),SNP,10198,1429,Laucou et al. 2018,10.1371/journal.pone.0192540,2018,probable,FAMOZ LOD=1429; mismatches=4/10198; KING kinship=0.2362; IBS0=3; Previously: Lacombe et al. 2013
Sultanina de Bulgarie,Sultanine,,SNP (10K genome-wide),SNP,10198,1429,Laucou et al. 2018,10.1371/journal.pone.0192540,2018,probable,FAMOZ LOD=1429; mismatches=4/10198; KING kinship=0.2362; IBS0=3; Previously: Lacombe et al. 2013
Sultanine,Tarrango,,SNP (10K genome-wide),SNP,10064,935,Laucou et al. 2018,10.1371/journal.pone.0192540,2018,probable,FAMOZ LOD=935; mismatches=2/10064; KING kinship=0.2334; IBS0=3; Previously: Lacombe et al. 2013
Tarrango,Sultanine,,SNP (10K genome-wide),SNP,10064,935,Laucou et al. 2018,10.1371/journal.pone.0192540,2018,probable,FAMOZ LOD=935; mismatches=2/10064; KING kinship=0.2334; IBS0=3; Previously: Lacombe et al. 2013
Sultanine,Askéri,,SNP (10K genome-wide),SNP,10198,1511,Laucou et al. 2018,10.1371/journal.pone.0192540,2018,probable,FAMOZ LOD=1511; mismatches=2/10198; KING kinship=0.2363; IBS0=3; Previously: Lacombe et al. 2013
Askéri,Sultanine,,SNP (10K genome-wide),SNP,10198,1511,Laucou et al. 2018,10.1371/journal.pone.0192540,2018,probable,FAMOZ LOD=1511; mismatches=2/10198; KING kinship=0.2363; IBS0=3; Previously: Lacombe et al. 2013
Sultanine,Naosé,,SNP (10K genome-wide),SNP,10198,1572,Laucou et al. 2018,10.1371/journal.pone.0192540,2018,probable,FAMOZ LOD=1572; mismatches=2/10198; KING kinship=0.2564; IBS0=3; Previously: Lacombe et al. 2013
Naosé,Sultanine,,SNP (10K genome-wide),SNP,10198,1572,Laucou et al. 2018,10.1371/journal.pone.0192540,2018,probable,FAMOZ LOD=1572; mismatches=2/10198; KING kinship=0.2564; IBS0=3; Previously: Lacombe et al. 2013
Sultanine,Aragatzi,,SNP (10K genome-wide),SNP,10184,1621,Laucou et al. 2018,10.1371/journal.pone.0192540,2018,probable,FAMOZ LOD=1621; mismatches=2/10184; KING kinship=0.2345; IBS0=3; Previously: Lacombe et al. 2013
Aragatzi,Sultanine,,SNP (10K genome-wide),SNP,10184,1621,Laucou et al. 2018,10.1371/journal.pone.0192540,2018,probable,FAMOZ LOD=1621; mismatches=2/10184; KING kinship=0.2345; IBS0=3; Previously: Lacombe et al. 2013
Sultanine,Black monukka,,SNP (10K genome-wide),SNP,10204,1915,Laucou et al. 2018,10.1371/journal.pone.0192540,2018,probable,FAMOZ LOD=1915; mismatches=2/10204; KING kinship=0.2614; IBS0=3; Previously: Lacombe et al. 2013
Black monukka,Sultanine,,SNP (10K genome-wide),SNP,10204,1915,Laucou et al. 2018,10.1371/journal.pone.0192540,2018,probable,FAMOZ LOD=1915; mismatches=2/10204; KING kinship=0.2614; IBS0=3; Previously: Lacombe et al. 2013
Sultanine,Bayad (non-identified),,SNP (10K genome-wide),SNP,10143,1326,Laucou et al. 2018,10.1371/journal.pone.0192540,2018,probable,FAMOZ LOD=1326; mismatches=1/10143; KING kinship=0.2325; IBS0=3
Bayad (non-identified),Sultanine,,SNP (10K genome-wide),SNP,10143,1326,Laucou et al. 2018,10.1371/journal.pone.0192540,2018,probable,FAMOZ LOD=1326; mismatches=1/10143; KING kinship=0.2325; IBS0=3
Sumoll tinto,Gibi = Hebén,,SNP (10K genome-wide),SNP,10207,1079,Laucou et al. 2018,10.1371/journal.pone.0192540,2018,probable,FAMOZ LOD=1079; mismatches=0/10207; KING kinship=0.2623; IBS0=3; Previously: Lacombe et al. 2013
Gibi = Hebén,Sumoll tinto,,SNP (10K genome-wide),SNP,10207,1079,Laucou et al. 2018,10.1371/journal.pone.0192540,2018,probable,FAMOZ LOD=1079; mismatches=0/10207; KING kinship=0.2623; IBS0=3; Previously: Lacombe et al. 2013
Sylvaner,Portugais bleu,,SNP (10K genome-wide),SNP,10207,1526,Laucou et al. 2018,10.1371/journal.pone.0192540,2018,probable,FAMOZ LOD=1526; mismatches=1/10207; KING kinship=0.2549; IBS0=3; Previously: Lacombe et al. 2013
Portugais bleu,Sylvaner,,SNP (10K genome-wide),SNP,10207,1526,Laucou et al. 2018,10.1371/journal.pone.0192540,2018,probable,FAMOZ LOD=1526; mismatches=1/10207; KING kinship=0.2549; IBS0=3; Previously: Lacombe et al. 2013
Syrah,Mondeuse blanche,,SNP (10K genome-wide),SNP,10204,1439,Laucou et al. 2018,10.1371/journal.pone.0192540,2018,probable,FAMOZ LOD=1439; mismatches=2/10204; KING kinship=0.2467; IBS0=3; Previously: Lacombe et al. 2013
Mondeuse blanche,Syrah,,SNP (10K genome-wide),SNP,10204,1439,Laucou et al. 2018,10.1371/journal.pone.0192540,2018,probable,FAMOZ LOD=1439; mismatches=2/10204; KING kinship=0.2467; IBS0=3; Previously: Lacombe et al. 2013
Sytanich,Tressot,,SNP (10K genome-wide),SNP,10156,1935,Laucou et al. 2018,10.1371/journal.pone.0192540,2018,probable,FAMOZ LOD=1935; mismatches=0/10156; KING kinship=0.2729; IBS0=3; Previously: Lacombe et al. 2013
Tressot,Sytanich,,SNP (10K genome-wide),SNP,10156,1935,Laucou et al. 2018,10.1371/journal.pone.0192540,2018,probable,FAMOZ LOD=1935; mismatches=0/10156; KING kinship=0.2729; IBS0=3; Previously: Lacombe et al. 2013
Tarragoní,Gibi = Hebén,,SNP (10K genome-wide),SNP,10207,1039,Laucou et al. 2018,10.1371/journal.pone.0192540,2018,probable,FAMOZ LOD=1039; mismatches=0/10207; KING kinship=0.2257; IBS0=3; Previously: Lacombe et al. 2013
Gibi = Hebén,Tarragoní,,SNP (10K genome-wide),SNP,10207,1039,Laucou et al. 2018,10.1371/journal.pone.0192540,2018,probable,FAMOZ LOD=1039; mismatches=0/10207; KING kinship=0.2257; IBS0=3; Previously: Lacombe et al. 2013
Teinturier,Petit Bouschet,,SNP (10K genome-wide),SNP,10207,1441,Laucou et al. 2018,10.1371/journal.pone.0192540,2018,probable,FAMOZ LOD=1441; mismatches=0/10207; KING kinship=0.2502; IBS0=3; Previously: Lacombe et al. 2013
Petit Bouschet,Teinturier,,SNP (10K genome-wide),SNP,10207,1441,Laucou et al. 2018,10.1371/journal.pone.0192540,2018,probable,FAMOZ LOD=1441; mismatches=0/10207; KING kinship=0.2502; IBS0=3; Previously: Lacombe et al. 2013
Tempranilla blanca = Santa Magdalena,Madeleine Salomon = Agostenga blanc,,SNP (10K genome-wide),SNP,10203,1217,Laucou et al. 2018,10.1371/journal.pone.0192540,2018,probable,FAMOZ LOD=1217; mismatches=2/10203; KING kinship=0.2409; IBS0=3; Previously: Lacombe et al. 2013
Madeleine Salomon = Agostenga blanc,Tempranilla blanca = Santa Magdalena,,SNP (10K genome-wide),SNP,10203,1217,Laucou et al. 2018,10.1371/journal.pone.0192540,2018,probable,FAMOZ LOD=1217; mismatches=2/10203; KING kinship=0.2409; IBS0=3; Previously: Lacombe et al. 2013
Tempranillo,Albillo Mayor = Picadillo,,SNP (10K genome-wide),SNP,10172,1570,Laucou et al. 2018,10.1371/journal.pone.0192540,2018,probable,FAMOZ LOD=1570; mismatches=0/10172; KING kinship=0.2329; IBS0=3; Previously: Ibanez et al. 2012 & Lacombe et al. 2013
Albillo Mayor = Picadillo,Tempranillo,,SNP (10K genome-wide),SNP,10172,1570,Laucou et al. 2018,10.1371/journal.pone.0192540,2018,probable,FAMOZ LOD=1570; mismatches=0/10172; KING kinship=0.2329; IBS0=3; Previously: Ibanez et al. 2012 & Lacombe et al. 2013
Tempranillo,Benedicto,,SNP (10K genome-wide),SNP,10202,1572,Laucou et al. 2018,10.1371/journal.pone.0192540,2018,probable,FAMOZ LOD=1572; mismatches=0/10202; KING kinship=0.2834; IBS0=3; Previously: Ibanez et al. 2012
Benedicto,Tempranillo,,SNP (10K genome-wide),SNP,10202,1572,Laucou et al. 2018,10.1371/journal.pone.0192540,2018,probable,FAMOZ LOD=1572; mismatches=0/10202; KING kinship=0.2834; IBS0=3; Previously: Ibanez et al. 2012
Teta de Vaca = De Cuerno,Orlovi nokti,,SNP (10K genome-wide),SNP,10207,1495,Laucou et al. 2018,10.1371/journal.pone.0192540,2018,probable,FAMOZ LOD=1495; mismatches=1/10207; KING kinship=0.1964; IBS0=3; Previously: Lacombe et al. 2013
Orlovi nokti,Teta de Vaca = De Cuerno,,SNP (10K genome-wide),SNP,10207,1495,Laucou et al. 2018,10.1371/journal.pone.0192540,2018,probable,FAMOZ LOD=1495; mismatches=1/10207; KING kinship=0.1964; IBS0=3; Previously: Lacombe et al. 2013
Tinta Madeira,Rufete,,SNP (10K genome-wide),SNP,10206,1141,Laucou et al. 2018,10.1371/journal.pone.0192540,2018,probable,FAMOZ LOD=1141; mismatches=3/10206; KING kinship=0.2501; IBS0=3; Previously: Lacombe et al. 2013
Rufete,Tinta Madeira,,SNP (10K genome-wide),SNP,10206,1141,Laucou et al. 2018,10.1371/journal.pone.0192540,2018,probable,FAMOZ LOD=1141; mismatches=3/10206; KING kinship=0.2501; IBS0=3; Previously: Lacombe et al. 2013
Tinta Madeira,Savagnin blanc,,SNP (10K genome-wide),SNP,10206,1170,Laucou et al. 2018,10.1371/journal.pone.0192540,2018,probable,FAMOZ LOD=1170; mismatches=0/10206; KING kinship=0.1957; IBS0=3; Previously: Lacombe et al. 2013
Savagnin blanc,Tinta Madeira,,SNP (10K genome-wide),SNP,10206,1170,Laucou et al. 2018,10.1371/journal.pone.0192540,2018,probable,FAMOZ LOD=1170; mismatches=0/10206; KING kinship=0.1957; IBS0=3; Previously: Lacombe et al. 2013
Torrontés riojano,Muscat d'Alexandrie,,SNP (10K genome-wide),SNP,10190,954,Laucou et al. 2018,10.1371/journal.pone.0192540,2018,probable,FAMOZ LOD=954; mismatches=3/10190; KING kinship=0.2534; IBS0=3; Previously: Milla Tapia et al. 2007&Lacombe et al. 2013
Muscat d'Alexandrie,Torrontés riojano,,SNP (10K genome-wide),SNP,10190,954,Laucou et al. 2018,10.1371/journal.pone.0192540,2018,probable,FAMOZ LOD=954; mismatches=3/10190; KING kinship=0.2534; IBS0=3; Previously: Milla Tapia et al. 2007&Lacombe et al. 2013
Tortozón,Albillo de Granada,,SNP (10K genome-wide),SNP,10206,1399,Laucou et al. 2018,10.1371/journal.pone.0192540,2018,probable,FAMOZ LOD=1399; mismatches=1/10206; KING kinship=0.2404; IBS0=3
Tortozón,Albillo de Albacete,,SNP (10K genome-wide),SNP,10207,1464,Laucou et al. 2018,10.1371/journal.pone.0192540,2018,probable,FAMOZ LOD=1464; mismatches=1/10207; KING kinship=0.2659; IBS0=3
Albillo de Albacete,Tortozón,,SNP (10K genome-wide),SNP,10207,1464,Laucou et al. 2018,10.1371/journal.pone.0192540,2018,probable,FAMOZ LOD=1464; mismatches=1/10207; KING kinship=0.2659; IBS0=3
Tortozón,Pardilla,,SNP (10K genome-wide),SNP,10133,1338,Laucou et al. 2018,10.1371/journal.pone.0192540,2018,probable,FAMOZ LOD=1338; mismatches=0/10133; KING kinship=0.2524; IBS0=3; Previously: Lacombe et al. 2013
Pardilla,Tortozón,,SNP (10K genome-wide),SNP,10133,1338,Laucou et al. 2018,10.1371/journal.pone.0192540,2018,probable,FAMOZ LOD=1338; mismatches=0/10133; KING kinship=0.2524; IBS0=3; Previously: Lacombe et al. 2013
Tortozón,Alarije,,SNP (10K genome-wide),SNP,10197,1372,Laucou et al. 2018,10.1371/journal.pone.0192540,2018,probable,FAMOZ LOD=1372; mismatches=0/10197; KING kinship=0.2607; IBS0=3; Previously: Lacombe et al. 2013
Alarije,Tortozón,,SNP (10K genome-wide),SNP,10197,1372,Laucou et al. 2018,10.1371/journal.pone.0192540,2018,probable,FAMOZ LOD=1372; mismatches=0/10197; KING kinship=0.2607; IBS0=3; Previously: Lacombe et al. 2013
Tortozón,Malvar,,SNP (10K genome-wide),SNP,10201,1478,Laucou et al. 2018,10.1371/journal.pone.0192540,2018,probable,FAMOZ LOD=1478; mismatches=0/10201; KING kinship=0.251; IBS0=3; Previously: Lacombe et al. 2013
Malvar,Tortozón,,SNP (10K genome-wide),SNP,10201,1478,Laucou et al. 2018,10.1371/journal.pone.0192540,2018,probable,FAMOZ LOD=1478; mismatches=0/10201; KING kinship=0.251; IBS0=3; Previously: Lacombe et al. 2013
Tortozón,Rojal negro,,SNP (10K genome-wide),SNP,10207,1625,Laucou et al. 2018,10.1371/journal.pone.0192540,2018,probable,FAMOZ LOD=1625; mismatches=0/10207; KING kinship=0.2686; IBS0=3
Rojal negro,Tortozón,,SNP (10K genome-wide),SNP,10207,1625,Laucou et al. 2018,10.1371/journal.pone.0192540,2018,probable,FAMOZ LOD=1625; mismatches=0/10207; KING kinship=0.2686; IBS0=3
Totika,Bajor kék,,SNP (10K genome-wide),SNP,10145,1596,Laucou et al. 2018,10.1371/journal.pone.0192540,2018,probable,FAMOZ LOD=1596; mismatches=2/10145; KING kinship=0.2227; IBS0=3; Previously: Lacombe et al. 2013
Bajor kék,Totika,,SNP (10K genome-wide),SNP,10145,1596,Laucou et al. 2018,10.1371/journal.pone.0192540,2018,probable,FAMOZ LOD=1596; mismatches=2/10145; KING kinship=0.2227; IBS0=3; Previously: Lacombe et al. 2013
Totika,Kadarka,,SNP (10K genome-wide),SNP,10200,1754,Laucou et al. 2018,10.1371/journal.pone.0192540,2018,probable,FAMOZ LOD=1754; mismatches=0/10200; KING kinship=0.2447; IBS0=3; Previously: Lacombe et al. 2013
Kadarka,Totika,,SNP (10K genome-wide),SNP,10200,1754,Laucou et al. 2018,10.1371/journal.pone.0192540,2018,probable,FAMOZ LOD=1754; mismatches=0/10200; KING kinship=0.2447; IBS0=3; Previously: Lacombe et al. 2013
Touriga franca,Touriga nacional,,SNP (10K genome-wide),SNP,10200,1452,Laucou et al. 2018,10.1371/journal.pone.0192540,2018,probable,FAMOZ LOD=1452; mismatches=1/10200; KING kinship=0.2302; IBS0=3; Previously: Lacombe et al. 2013
Touriga nacional,Touriga franca,,SNP (10K genome-wide),SNP,10200,1452,Laucou et al. 2018,10.1371/journal.pone.0192540,2018,probable,FAMOZ LOD=1452; mismatches=1/10200; KING kinship=0.2302; IBS0=3; Previously: Lacombe et al. 2013
Touriga nacional,Tinta Barroca,,SNP (10K genome-wide),SNP,10158,1227,Laucou et al. 2018,10.1371/journal.pone.0192540,2018,probable,FAMOZ LOD=1227; mismatches=0/10158; KING kinship=0.2469; IBS0=3; Previously: Lacombe et al. 2013
Tinta Barroca,Touriga nacional,,SNP (10K genome-wide),SNP,10158,1227,Laucou et al. 2018,10.1371/journal.pone.0192540,2018,probable,FAMOZ LOD=1227; mismatches=0/10158; KING kinship=0.2469; IBS0=3; Previously: Lacombe et al. 2013
Touriga nacional,Tarrango,,SNP (10K genome-wide),SNP,10202,1374,Laucou et al. 2018,10.1371/journal.pone.0192540,2018,probable,FAMOZ LOD=1374; mismatches=0/10202; KING kinship=0.2555; IBS0=3; Previously: Lacombe et al. 2013
Tarrango,Touriga nacional,,SNP (10K genome-wide),SNP,10202,1374,Laucou et al. 2018,10.1371/journal.pone.0192540,2018,probable,FAMOZ LOD=1374; mismatches=0/10202; KING kinship=0.2555; IBS0=3; Previously: Lacombe et al. 2013
Tressot,Gascon,,SNP (10K genome-wide),SNP,10165,1555,Laucou et al. 2018,10.1371/journal.pone.0192540,2018,probable,FAMOZ LOD=1555; mismatches=1/10165; KING kinship=0.2384; IBS0=3; Previously: Lacombe et al. 2013
Gascon,Tressot,,SNP (10K genome-wide),SNP,10165,1555,Laucou et al. 2018,10.1371/journal.pone.0192540,2018,probable,FAMOZ LOD=1555; mismatches=1/10165; KING kinship=0.2384; IBS0=3; Previously: Lacombe et al. 2013
Tressot,Petit Verdot,,SNP (10K genome-wide),SNP,10202,1855,Laucou et al. 2018,10.1371/journal.pone.0192540,2018,probable,FAMOZ LOD=1855; mismatches=1/10202; KING kinship=0.255; IBS0=3; Previously: Lacombe et al. 2013
Petit Verdot,Tressot,,SNP (10K genome-wide),SNP,10202,1855,Laucou et al. 2018,10.1371/journal.pone.0192540,2018,probable,FAMOZ LOD=1855; mismatches=1/10202; KING kinship=0.255; IBS0=3; Previously: Lacombe et al. 2013
Tsitsa Kaprei,Shabash,,SNP (10K genome-wide),SNP,10205,1516,Laucou et al. 2018,10.1371/journal.pone.0192540,2018,probable,FAMOZ LOD=1516; mismatches=1/10205; KING kinship=0.2361; IBS0=3
Shabash,Tsitsa Kaprei,,SNP (10K genome-wide),SNP,10205,1516,Laucou et al. 2018,10.1371/journal.pone.0192540,2018,probable,FAMOZ LOD=1516; mismatches=1/10205; KING kinship=0.2361; IBS0=3
Turki,Heptakilo,,SNP (10K genome-wide),SNP,10200,1401,Laucou et al. 2018,10.1371/journal.pone.0192540,2018,probable,FAMOZ LOD=1401; mismatches=2/10200; KING kinship=0.2593; IBS0=4; Previously: Lacombe et al. 2013
Heptakilo,Turki,,SNP (10K genome-wide),SNP,10200,1401,Laucou et al. 2018,10.1371/journal.pone.0192540,2018,probable,FAMOZ LOD=1401; mismatches=2/10200; KING kinship=0.2593; IBS0=4; Previously: Lacombe et al. 2013
Txakoli = Hondarrabi beltza,Gros Cabernet,,SNP (10K genome-wide),SNP,10195,2057,Laucou et al. 2018,10.1371/journal.pone.0192540,2018,probable,FAMOZ LOD=2057; mismatches=3/10195; KING kinship=0.2464; IBS0=4; Previously: Lacombe et al. 2013
Gros Cabernet,Txakoli = Hondarrabi beltza,,SNP (10K genome-wide),SNP,10195,2057,Laucou et al. 2018,10.1371/journal.pone.0192540,2018,probable,FAMOZ LOD=2057; mismatches=3/10195; KING kinship=0.2464; IBS0=4; Previously: Lacombe et al. 2013
Txakoli = Hondarrabi beltza,Cabernet franc,,SNP (10K genome-wide),SNP,10195,1764,Laucou et al. 2018,10.1371/journal.pone.0192540,2018,probable,FAMOZ LOD=1764; mismatches=2/10195; KING kinship=0.2334; IBS0=4; Previously: Lacombe et al. 2013
Cabernet franc,Txakoli = Hondarrabi beltza,,SNP (10K genome-wide),SNP,10195,1764,Laucou et al. 2018,10.1371/journal.pone.0192540,2018,probable,FAMOZ LOD=1764; mismatches=2/10195; KING kinship=0.2334; IBS0=4; Previously: Lacombe et al. 2013
Urbanitraube noir (Collection Oberlin),Battraube,,SNP (10K genome-wide),SNP,10094,1361,Laucou et al. 2018,10.1371/journal.pone.0192540,2018,probable,FAMOZ LOD=1361; mismatches=1/10094; KING kinship=0.221; IBS0=4; Previously: Lacombe et al. 2013
Battraube,Urbanitraube noir (Collection Oberlin),,SNP (10K genome-wide),SNP,10094,1361,Laucou et al. 2018,10.1371/journal.pone.0192540,2018,probable,FAMOZ LOD=1361; mismatches=1/10094; KING kinship=0.221; IBS0=4; Previously: Lacombe et al. 2013
Urmi dinka,Kadarka,,SNP (10K genome-wide),SNP,10082,1281,Laucou et al. 2018,10.1371/journal.pone.0192540,2018,probable,FAMOZ LOD=1281; mismatches=2/10082; KING kinship=0.2507; IBS0=4; Previously: Lacombe et al. 2013
Kadarka,Urmi dinka,,SNP (10K genome-wide),SNP,10082,1281,Laucou et al. 2018,10.1371/journal.pone.0192540,2018,probable,FAMOZ LOD=1281; mismatches=2/10082; KING kinship=0.2507; IBS0=4; Previously: Lacombe et al. 2013
Urmi dinka,Izsaki sarfeher,,SNP (10K genome-wide),SNP,10207,1394,Laucou et al. 2018,10.1371/journal.pone.0192540,2018,probable,FAMOZ LOD=1394; mismatches=0/10207; KING kinship=0.2278; IBS0=4; Previously: Lacombe et al. 2013
Izsaki sarfeher,Urmi dinka,,SNP (10K genome-wide),SNP,10207,1394,Laucou et al. 2018,10.1371/journal.pone.0192540,2018,probable,FAMOZ LOD=1394; mismatches=0/10207; KING kinship=0.2278; IBS0=4; Previously: Lacombe et al. 2013
Uva de Rey,Airén,,SNP (10K genome-wide),SNP,10145,1281,Laucou et al. 2018,10.1371/journal.pone.0192540,2018,probable,FAMOZ LOD=1281; mismatches=0/10145; KING kinship=0.2451; IBS0=4; Previously: Lacombe et al. 2013
Airén,Uva de Rey,,SNP (10K genome-wide),SNP,10145,1281,Laucou et al. 2018,10.1371/journal.pone.0192540,2018,probable,FAMOZ LOD=1281; mismatches=0/10145; KING kinship=0.2451; IBS0=4; Previously: Lacombe et al. 2013
Uva di Troia,Bombino bianco,,SNP (10K genome-wide),SNP,10141,1287,Laucou et al. 2018,10.1371/journal.pone.0192540,2018,probable,FAMOZ LOD=1287; mismatches=2/10141; KING kinship=0.2387; IBS0=4; Previously: Lacombe et al. 2013
Bombino bianco,Uva di Troia,,SNP (10K genome-wide),SNP,10141,1287,Laucou et al. 2018,10.1371/journal.pone.0192540,2018,probable,FAMOZ LOD=1287; mismatches=2/10141; KING kinship=0.2387; IBS0=4; Previously: Lacombe et al. 2013
Valensi noir,Valencí blanco,,SNP (10K genome-wide),SNP,10101,1356,Laucou et al. 2018,10.1371/journal.pone.0192540,2018,probable,FAMOZ LOD=1356; mismatches=3/10101; KING kinship=0.2361; IBS0=4; Previously: Lacombe et al. 2013
Valencí blanco,Valensi noir,,SNP (10K genome-wide),SNP,10101,1356,Laucou et al. 2018,10.1371/journal.pone.0192540,2018,probable,FAMOZ LOD=1356; mismatches=3/10101; KING kinship=0.2361; IBS0=4; Previously: Lacombe et al. 2013
Variété d'oasis Bou Chemma 46,Turki,,SNP (10K genome-wide),SNP,10202,1509,Laucou et al. 2018,10.1371/journal.pone.0192540,2018,probable,FAMOZ LOD=1509; mismatches=0/10202; KING kinship=0.2501; IBS0=4; Previously: Lacombe et al. 2013
Turki,Variété d'oasis Bou Chemma 46,,SNP (10K genome-wide),SNP,10202,1509,Laucou et al. 2018,10.1371/journal.pone.0192540,2018,probable,FAMOZ LOD=1509; mismatches=0/10202; KING kinship=0.2501; IBS0=4; Previously: Lacombe et al. 2013
Verdejo,Castellana blanca,,SNP (10K genome-wide),SNP,10207,1078,Laucou et al. 2018,10.1371/journal.pone.0192540,2018,probable,FAMOZ LOD=1078; mismatches=0/10207; KING kinship=0.2233; IBS0=4; Previously: Lacombe et al. 2013
Castellana blanca,Verdejo,,SNP (10K genome-wide),SNP,10207,1078,Laucou et al. 2018,10.1371/journal.pone.0192540,2018,probable,FAMOZ LOD=1078; mismatches=0/10207; KING kinship=0.2233; IBS0=4; Previously: Lacombe et al. 2013
Verdejo,Savagnin blanc,,SNP (10K genome-wide),SNP,10207,1255,Laucou et al. 2018,10.1371/journal.pone.0192540,2018,probable,FAMOZ LOD=1255; mismatches=0/10207; KING kinship=0.2424; IBS0=4; Previously: Lacombe et al. 2013
Savagnin blanc,Verdejo,,SNP (10K genome-wide),SNP,10207,1255,Laucou et al. 2018,10.1371/journal.pone.0192540,2018,probable,FAMOZ LOD=1255; mismatches=0/10207; KING kinship=0.2424; IBS0=4; Previously: Lacombe et al. 2013
Verjus,Alicantí,,SNP (10K genome-wide),SNP,10200,1419,Laucou et al. 2018,10.1371/journal.pone.0192540,2018,probable,FAMOZ LOD=1419; mismatches=2/10200; KING kinship=0.2161; IBS0=4
Alicantí,Verjus,,SNP (10K genome-wide),SNP,10200,1419,Laucou et al. 2018,10.1371/journal.pone.0192540,2018,probable,FAMOZ LOD=1419; mismatches=2/10200; KING kinship=0.2161; IBS0=4
Victoria,Dattier de Beyrouth,,SNP (10K genome-wide),SNP,10207,1823,Laucou et al. 2018,10.1371/journal.pone.0192540,2018,probable,FAMOZ LOD=1823; mismatches=2/10207; KING kinship=0.2295; IBS0=4; Previously: Lacombe et al. 2013
Dattier de Beyrouth,Victoria,,SNP (10K genome-wide),SNP,10207,1823,Laucou et al. 2018,10.1371/journal.pone.0192540,2018,probable,FAMOZ LOD=1823; mismatches=2/10207; KING kinship=0.2295; IBS0=4; Previously: Lacombe et al. 2013
Victoria,Cardinal,,SNP (10K genome-wide),SNP,10206,1533,Laucou et al. 2018,10.1371/journal.pone.0192540,2018,probable,FAMOZ LOD=1533; mismatches=0/10206; KING kinship=0.2431; IBS0=5; Previously: Lacombe et al. 2013
Cardinal,Victoria,,SNP (10K genome-wide),SNP,10206,1533,Laucou et al. 2018,10.1371/journal.pone.0192540,2018,probable,FAMOZ LOD=1533; mismatches=0/10206; KING kinship=0.2431; IBS0=5; Previously: Lacombe et al. 2013
Vijiriega,Gibi = Hebén,,SNP (10K genome-wide),SNP,10207,1070,Laucou et al. 2018,10.1371/journal.pone.0192540,2018,probable,FAMOZ LOD=1070; mismatches=0/10207; KING kinship=0.2432; IBS0=5; Previously: Lacombe et al. 2013
Gibi = Hebén,Vijiriega,,SNP (10K genome-wide),SNP,10207,1070,Laucou et al. 2018,10.1371/journal.pone.0192540,2018,probable,FAMOZ LOD=1070; mismatches=0/10207; KING kinship=0.2432; IBS0=5; Previously: Lacombe et al. 2013
Wildbacher blau,Gouais blanc,,SNP (10K genome-wide),SNP,10188,1149,Laucou et al. 2018,10.1371/journal.pone.0192540,2018,probable,FAMOZ LOD=1149; mismatches=0/10188; KING kinship=0.2408; IBS0=5; Previously: Lacombe et al. 2013
Gouais blanc,Wildbacher blau,,SNP (10K genome-wide),SNP,10188,1149,Laucou et al. 2018,10.1371/journal.pone.0192540,2018,probable,FAMOZ LOD=1149; mismatches=0/10188; KING kinship=0.2408; IBS0=5; Previously: Lacombe et al. 2013
Wildbacher de Hongrie (Collection Ravaz),Humagne blanc,,SNP (10K genome-wide),SNP,10207,1288,Laucou et al. 2018,10.1371/journal.pone.0192540,2018,probable,FAMOZ LOD=1288; mismatches=1/10207; KING kinship=0.2491; IBS0=5; Previously: Lacombe et al. 2013
Humagne blanc,Wildbacher de Hongrie (Collection Ravaz),,SNP (10K genome-wide),SNP,10207,1288,Laucou et al. 2018,10.1371/journal.pone.0192540,2018,probable,FAMOZ LOD=1288; mismatches=1/10207; KING kinship=0.2491; IBS0=5; Previously: Lacombe et al. 2013
Wildbacher de Hongrie (Collection Ravaz),Servant,,SNP (10K genome-wide),SNP,10149,1331,Laucou et al. 2018,10.1371/journal.pone.0192540,2018,probable,FAMOZ LOD=1331; mismatches=1/10149; KING kinship=0.2674; IBS0=5
Servant,Wildbacher de Hongrie (Collection Ravaz),,SNP (10K genome-wide),SNP,10149,1331,Laucou et al. 2018,10.1371/journal.pone.0192540,2018,probable,FAMOZ LOD=1331; mismatches=1/10149; KING kinship=0.2674; IBS0=5
Xarello,Gibi = Hebén,,SNP (10K genome-wide),SNP,10148,1096,Laucou et al. 2018,10.1371/journal.pone.0192540,2018,probable,FAMOZ LOD=1096; mismatches=0/10148; KING kinship=0.2899; IBS0=5; Previously: Lacombe et al. 2013
Gibi = Hebén,Xarello,,SNP (10K genome-wide),SNP,10148,1096,Laucou et al. 2018,10.1371/journal.pone.0192540,2018,probable,FAMOZ LOD=1096; mismatches=0/10148; KING kinship=0.2899; IBS0=5; Previously: Lacombe et al. 2013
Zalema,Gibi = Hebén,,SNP (10K genome-wide),SNP,10207,1166,Laucou et al. 2018,10.1371/journal.pone.0192540,2018,probable,FAMOZ LOD=1166; mismatches=0/10207; KING kinship=0.2649; IBS0=5; Previously: Lacombe et al. 2013
Gibi = Hebén,Zalema,,SNP (10K genome-wide),SNP,10207,1166,Laucou et al. 2018,10.1371/journal.pone.0192540,2018,probable,FAMOZ LOD=1166; mismatches=0/10207; KING kinship=0.2649; IBS0=5; Previously: Lacombe et al. 2013
Zalema,Unknown grapevine CA 10.1,,SNP (10K genome-wide),SNP,10207,2893,Laucou et al. 2018,10.1371/journal.pone.0192540,2018,probable,FAMOZ LOD=2893; mismatches=0/10207; KING kinship=0.1945; IBS0=6; Previously: De Andres et al. 2012
Unknown grapevine CA 10.1,Zalema,,SNP (10K genome-wide),SNP,10207,2893,Laucou et al. 2018,10.1371/journal.pone.0192540,2018,probable,FAMOZ LOD=2893; mismatches=0/10207; KING kinship=0.1945; IBS0=6; Previously: De Andres et al. 2012
Zemoasa,Crimposie,,SNP (10K genome-wide),SNP,10201,1428,Laucou et al. 2018,10.1371/journal.pone.0192540,2018,probable,FAMOZ LOD=1428; mismatches=1/10201; KING kinship=0.2255; IBS0=6; Previously: Lacombe et al. 2013
Crimposie,Zemoasa,,SNP (10K genome-wide),SNP,10201,1428,Laucou et al. 2018,10.1371/journal.pone.0192540,2018,probable,FAMOZ LOD=1428; mismatches=1/10201; KING kinship=0.2255; IBS0=6; Previously: Lacombe et al. 2013
Zemoasa,Gouais blanc,,SNP (10K genome-wide),SNP,10206,1424,Laucou et al. 2018,10.1371/journal.pone.0192540,2018,probable,FAMOZ LOD=1424; mismatches=0/10206; KING kinship=0.2265; IBS0=7; Previously: Lacombe et al. 2013
Gouais blanc,Zemoasa,,SNP (10K genome-wide),SNP,10206,1424,Laucou et al. 2018,10.1371/journal.pone.0192540,2018,probable,FAMOZ LOD=1424; mismatches=0/10206; KING kinship=0.2265; IBS0=7; Previously: Lacombe et al. 2013
Zilavka,Alba imputotato,,SNP (10K genome-wide),SNP,10047,1122,Laucou et al. 2018,10.1371/journal.pone.0192540,2018,probable,FAMOZ LOD=1122; mismatches=2/10047; KING kinship=0.2633; IBS0=9; Previously: Lacombe et al. 2013
Alba imputotato,Zilavka,,SNP (10K genome-wide),SNP,10047,1122,Laucou et al. 2018,10.1371/journal.pone.0192540,2018,probable,FAMOZ LOD=1122; mismatches=2/10047; KING kinship=0.2633; IBS0=9; Previously: Lacombe et al. 2013
