variety_name,vivc_no,ssr_VMC1b11_a1,ssr_VMC1b11_a2,ssr_VMC4f3_a1,ssr_VMC4f3_a2,ssr_VVIb01_a1,ssr_VVIb01_a2,ssr_VVIh54_a1,ssr_VVIh54_a2,ssr_VVIn16_a1,ssr_VVIn16_a2,ssr_VVIn73_a1,ssr_VVIn73_a2,ssr_VVIp31_a1,ssr_VVIp31_a2,ssr_VVIp60_a1,ssr_VVIp60_a2,ssr_VVIq52_a1,ssr_VVIq52_a2,ssr_VVIv37_a1,ssr_VVIv37_a2,ssr_VVIv67_a1,ssr_VVIv67_a2,ssr_VVMD21_a1,ssr_VVMD21_a2,ssr_VVMD24_a1,ssr_VVMD24_a2,ssr_VVMD25_a1,ssr_VVMD25_a2,ssr_VVMD27_a1,ssr_VVMD27_a2,ssr_VVMD28_a1,ssr_VVMD28_a2,ssr_VVMD32_a1,ssr_VVMD32_a2,ssr_VVMD5_a1,ssr_VVMD5_a2,ssr_VVMD7_a1,ssr_VVMD7_a2,ssr_VVS2_a1,ssr_VVS2_a2
Abondant,1553,165,184,171,181,294,294,165,177,149,157,263,265,178,182,315,319,79,83,159,159,368,371,247,247,210,210,248,254,178,184,216,247,251,271,225,238,247,249,141,149
Abouhou = Asserghin,1992,165,169,184,202,290,290,165,165,151,155,263,263,182,190,315,317,79,83,157,177,355,386,241,253,204,210,248,254,176,182,243,247,249,261,234,238,249,249,149,149
Abouriou,354,171,184,164,171,288,290,163,165,149,151,263,263,182,192,319,319,79,83,159,167,368,371,241,247,210,210,240,248,178,182,233,243,239,271,234,234,247,247,131,149
Adissi,2114,165,182,164,187,290,308,151,167,151,151,256,263,186,188,309,315,77,83,157,173,360,368,241,241,208,214,240,240,176,182,243,276,265,265,229,234,247,249,131,141
Admirable de Courtiller,814,171,184,177,184,290,290,163,167,149,157,263,263,180,180,315,319,79,83,149,159,358,360,247,247,206,206,240,254,182,191,233,267,239,239,223,234,239,243,131,135
Aetonychi mavro,1764,165,171,179,181,290,290,165,167,149,151,263,263,188,190,315,317,79,83,147,147,353,353,253,263,204,215,244,248,184,191,243,243,271,271,223,234,239,247,131,147
Agapanthe,2428,173,182,171,207,290,290,159,163,149,157,256,263,188,192,315,326,79,79,159,171,353,360,241,263,206,206,240,254,176,186,216,235,239,271,225,238,247,247,131,133
Ahmar Derani,2628,165,184,173,181,290,290,165,165,149,149,263,263,176,188,315,315,77,81,147,157,353,361,247,253,206,210,244,248,191,191,257,257,251,271,223,234,239,249,141,149
Ahmeur bou Ahmeur,710,184,184,187,187,290,294,165,167,149,151,263,263,182,190,319,319,77,83,155,157,353,361,247,253,206,206,254,266,180,191,247,253,251,255,229,236,239,249,133,145
Aïda = Pirovano 233,1010,165,171,171,205,294,306,165,165,149,149,263,263,190,192,319,319,77,81,155,171,360,368,246,247,206,210,248,254,178,191,235,243,251,271,229,236,247,249,131,133
Aïn el Bouma,1901,184,184,181,185,290,294,165,167,149,149,263,263,182,188,315,330,77,79,149,159,353,360,241,247,206,208,254,254,180,191,243,247,249,271,229,236,243,249,135,141
Aït Hamama,3700,184,188,173,181,294,306,157,165,151,151,263,263,174,188,317,319,79,83,159,159,371,371,253,253,206,206,240,254,176,186,235,257,249,261,223,223,249,249,131,135
Ak chekerek,2898,165,165,173,187,290,306,165,165,149,151,256,256,184,190,315,315,79,83,159,159,353,353,246,246,206,206,238,240,176,182,243,257,249,273,234,238,239,253,133,139
Alarije = Subirat Parent,1449,184,188,164,185,290,290,165,167,151,151,261,263,174,188,319,319,79,83,157,173,360,361,241,247,208,215,240,254,182,191,233,257,255,271,232,234,239,239,141,143
Alba imputotato,44,182,184,164,171,290,290,165,177,149,149,256,263,176,194,315,315,77,77,155,159,353,361,241,255,206,215,238,240,191,191,247,276,263,271,223,236,239,247,131,151
Alfrocheiro preto,50,165,171,179,205,288,294,163,167,151,157,261,263,178,188,303,315,83,83,159,159,368,371,247,253,206,210,248,254,176,186,235,247,251,271,223,236,253,257,141,149
Alicante blanc faux,3257,171,171,171,181,294,294,165,165,149,155,263,263,178,178,315,315,79,81,155,167,368,368,247,247,206,210,240,254,178,178,235,235,271,271,234,234,247,247,133,153
Alicante branco type 2,3195,184,188,181,202,290,306,163,165,149,157,263,263,174,188,319,319,79,83,159,173,355,361,247,247,208,210,254,262,178,178,227,247,239,255,219,234,239,249,135,149
Alicante Henri Bouschet,514,182,188,171,205,290,294,163,167,149,157,256,263,174,182,319,319,77,83,157,167,353,360,241,247,206,208,240,240,178,191,243,259,249,271,223,236,239,243,131,143
Aligoté,202,165,184,171,177,288,298,149,167,149,149,263,265,182,182,315,322,83,83,149,167,361,368,246,247,206,214,238,238,176,186,227,235,239,271,225,238,239,239,131,135
Alnwick seedling,755,171,173,171,171,288,294,165,165,155,157,263,263,178,190,303,315,77,81,167,167,355,368,247,253,206,210,254,262,182,182,235,263,249,271,225,234,247,249,133,149
Alphonse Lavallée,627,165,173,164,205,294,294,163,165,149,149,256,263,186,186,319,324,77,79,155,159,353,368,247,247,206,210,238,254,182,182,243,243,251,271,223,236,249,255,131,133
Altesse,167,167,184,177,205,290,294,163,165,151,157,261,261,178,186,315,315,77,77,149,161,357,360,247,263,210,210,240,266,186,188,243,257,255,271,223,234,247,253,131,149
Alval,3033,165,165,202,205,290,294,163,165,149,149,256,263,178,186,319,324,77,81,155,157,353,368,247,253,206,220,238,244,176,182,243,257,249,251,232,236,247,255,131,149
Alvarinho,55,167,171,171,205,288,290,163,167,151,157,261,263,178,194,303,319,77,77,159,159,360,360,247,247,210,210,238,254,186,186,233,235,239,271,219,229,239,239,133,149
Alvina,2957,165,173,187,205,290,294,165,165,149,155,261,263,182,186,315,319,79,83,159,177,353,368,247,253,206,206,238,238,182,191,243,243,249,251,232,236,249,253,131,143
Amaral = Caiño longo,1459,167,171,171,177,288,294,163,167,149,151,263,263,178,182,315,317,77,79,159,161,360,363,246,247,204,206,254,258,178,186,235,267,239,239,223,229,239,262,133,141
Amokrane,2030,171,184,181,185,290,306,157,165,147,151,263,263,174,186,319,319,83,83,159,167,353,371,247,253,206,206,244,254,176,191,243,257,255,261,223,238,239,249,135,153
Ancellota,2049,165,165,171,177,290,294,163,165,149,155,263,263,174,182,303,315,77,77,149,159,360,363,241,247,206,215,240,254,182,186,233,243,239,271,229,229,239,262,131,153
Ancorat,592,171,184,171,177,288,294,149,163,149,157,263,263,178,182,315,319,83,83,159,167,360,361,247,247,206,206,248,254,176,182,216,245,239,271,225,232,239,257,141,149
Angelo Longo = Pirovano 101,961,184,188,181,202,290,294,159,165,149,151,263,263,180,190,319,319,79,87,157,157,353,353,247,247,206,206,240,254,178,191,235,243,261,271,225,234,239,249,131,133
Angelo Pirovano = Pirovano 2,870,171,173,171,171,290,294,163,165,149,157,263,263,178,180,319,319,81,83,159,159,358,358,247,263,206,210,254,254,182,182,216,243,239,271,229,234,247,247,133,141
Aranel,2889,184,188,171,205,288,290,163,167,149,157,263,263,182,188,319,322,77,83,157,159,353,360,247,247,214,215,240,254,176,191,233,243,239,255,223,225,239,239,141,143
Ardona,2970,171,184,164,184,290,294,163,165,149,155,256,263,178,178,315,319,83,83,159,173,368,371,247,263,206,206,248,254,176,182,247,267,271,271,234,236,249,249,133,133
Ardonnet,431,167,171,171,171,290,294,165,167,149,157,263,265,180,182,313,319,79,79,159,167,353,360,247,247,204,212,238,248,182,186,263,267,239,239,223,225,249,249,137,149
Arekak,3702,188,188,165,173,290,294,165,165,151,151,263,263,188,194,317,319,79,83,157,159,358,371,247,253,206,206,240,240,178,186,235,257,249,271,223,234,239,249,131,131
Argant,261,167,184,181,202,290,294,167,167,149,149,261,265,172,194,322,330,77,77,149,159,357,361,247,247,206,206,254,254,176,191,247,259,251,263,223,225,253,255,131,141
Arinarnoa,2747,171,184,171,181,288,290,173,179,151,157,263,267,180,188,303,324,77,83,159,159,357,368,247,247,206,215,248,254,172,182,233,233,239,239,229,238,239,249,137,153
Arinto do Dão,1527,165,188,164,205,288,290,163,165,151,151,263,263,188,188,303,324,79,83,157,159,368,371,241,253,206,208,240,254,176,191,233,235,251,255,223,238,239,257,141,143
Armas,62,182,184,164,171,294,294,165,177,149,149,256,263,182,194,315,326,77,79,155,159,360,361,241,255,206,206,238,240,178,191,233,247,263,271,238,244,239,247,131,151
Aromatica = Pirovano 393,1051,171,184,184,205,290,294,163,165,149,149,263,263,180,186,319,319,77,83,157,159,357,357,247,253,206,210,248,254,176,176,233,235,271,271,236,236,243,247,135,147
Aromriesling,601,184,188,164,171,288,294,149,165,147,149,263,265,174,182,303,315,83,83,157,161,360,371,247,247,206,212,240,248,182,186,216,233,251,271,223,234,243,257,131,149
Arpad = Evêque Prohaszka,1080,165,184,171,179,290,294,165,167,147,151,263,263,180,186,315,315,77,77,155,171,358,371,241,253,210,210,248,254,176,182,233,267,251,263,225,234,249,249,131,133
Arriloba,2746,171,171,177,205,288,298,163,167,149,157,263,263,174,188,317,319,83,83,159,167,360,361,247,253,206,215,240,240,178,186,235,245,239,239,223,229,239,249,131,131
Askéri,2280,165,184,181,187,290,298,165,177,147,155,263,263,182,182,315,317,77,83,167,177,353,353,247,253,210,215,238,240,176,191,216,257,249,271,232,236,239,253,139,143
Aspiran Bouschet,536,165,171,171,187,290,294,163,163,151,157,263,263,182,186,315,319,83,83,159,159,358,360,247,247,206,210,238,240,178,186,227,227,261,271,223,236,243,247,131,135
Assario blanc femelle,575,165,188,164,205,290,290,165,167,149,151,263,263,174,190,319,319,77,83,159,171,368,371,241,263,206,210,240,248,191,191,233,267,263,271,229,232,239,251,143,147
Assouad anouni,2695,165,188,185,200,290,290,165,175,149,149,263,263,182,184,315,319,79,83,157,157,371,386,241,247,206,206,244,254,178,182,257,257,255,271,236,238,243,251,149,151
Assouad karech,564,169,188,181,187,290,294,165,175,149,151,263,263,190,190,315,317,77,79,155,155,353,353,241,253,206,206,238,244,176,176,243,257,249,271,232,244,233,249,131,141
Assoued kere,1695,165,188,181,187,290,294,165,175,149,149,263,263,188,190,324,324,77,79,147,147,353,371,241,253,204,220,244,248,176,178,257,257,255,259,232,234,249,249,141,147
Asswad Abou Khislé,2995,184,188,179,185,290,290,165,175,149,149,263,263,182,188,315,319,79,83,155,171,356,386,241,247,206,206,240,244,182,191,245,257,249,271,236,244,243,249,147,151
Assyl kara,2505,165,184,177,185,290,298,165,167,147,151,256,263,172,180,315,317,79,83,157,177,371,373,247,247,210,214,240,254,189,191,243,274,251,255,225,229,239,245,133,143
Atomic,3004,173,184,164,205,290,294,165,167,149,149,256,263,186,188,315,324,79,83,159,159,353,360,241,247,206,210,248,254,176,191,233,243,257,271,223,225,247,249,133,147
Attiki,3005,165,184,181,205,290,294,163,165,149,155,256,263,184,186,317,324,79,79,159,177,368,375,247,247,210,215,248,254,182,191,243,243,255,271,236,238,253,255,133,149
Attila,751,173,184,171,205,290,294,167,177,147,157,263,263,178,180,319,324,79,83,159,167,357,357,253,263,206,210,240,240,176,178,257,267,251,263,229,229,239,249,131,137
Aubin,291,169,184,171,177,288,298,149,163,149,157,263,263,174,178,303,319,77,77,159,159,360,361,247,247,206,210,248,254,176,186,227,233,271,271,232,236,249,257,141,149
Aubin vert,313,171,184,171,177,288,298,163,167,149,157,263,263,174,182,317,322,83,83,159,167,360,361,247,247,206,214,248,254,176,186,227,235,239,271,225,232,239,243,141,149
Aubun,49,167,184,164,185,290,294,163,163,149,151,263,263,182,188,315,319,79,83,159,161,357,368,241,247,206,210,240,248,176,191,243,257,239,261,229,234,253,257,131,131
Augusta (Neagu‐Georgescu),3208,184,184,164,171,290,290,165,165,149,157,263,263,172,186,315,319,83,83,147,173,368,368,247,263,206,206,238,240,182,191,243,267,271,271,234,236,243,249,131,131
Aurora blanc = CG 91‐560,3607,184,188,164,164,290,294,163,165,147,155,263,263,172,192,315,315,79,83,147,159,368,368,241,263,206,206,240,254,176,182,233,267,271,271,234,234,249,249,133,153
Autumn black,2943,165,184,187,189,290,298,163,165,149,151,263,263,178,186,315,319,79,81,157,177,353,361,247,253,206,206,248,254,180,191,243,243,249,271,232,238,233,249,131,149
Auxerrois,279,165,184,171,171,288,294,163,167,149,149,263,265,182,182,315,319,83,83,159,167,360,368,246,247,206,214,238,248,178,186,227,235,249,271,232,236,239,243,131,149
Azougah,557,169,184,185,202,290,290,165,167,151,155,263,263,178,182,315,317,79,83,157,157,371,371,241,247,206,210,254,270,182,182,247,259,249,251,223,238,249,253,137,149
Babeasca neagra,1226,169,184,164,177,290,290,177,187,149,149,263,263,174,190,315,319,77,77,155,155,360,361,253,255,206,206,248,254,178,191,227,233,255,271,234,236,249,253,141,141
Bacchus Bidault,801,169,188,171,171,290,298,167,179,149,149,263,263,174,188,319,322,77,83,159,159,361,368,247,255,206,206,238,254,178,178,227,245,249,257,223,238,249,262,131,145
Bachet,220,169,171,171,177,288,298,167,167,149,149,263,265,174,182,317,319,77,83,159,167,361,368,247,247,206,212,248,254,176,186,227,235,271,271,232,236,243,249,141,149
gster blau,1580,169,184,164,171,294,294,165,167,147,149,256,263,188,194,315,324,77,83,159,159,353,360,247,253,206,215,238,240,178,191,235,247,263,271,225,236,239,239,131,151
Bakarka,3008,182,184,164,207,294,294,167,177,149,149,261,265,186,194,315,315,77,83,159,159,360,371,241,247,206,206,238,240,182,184,247,259,251,271,223,232,247,249,131,131
Bakator Tüdöszinü faux,3244,182,184,171,207,290,294,163,165,157,157,256,263,174,192,315,319,83,83,157,159,358,360,247,263,206,210,238,254,182,191,216,243,239,271,225,225,233,239,131,133
Balaton kincse,2807,165,182,171,205,294,294,165,167,149,149,256,263,180,194,315,319,77,83,155,159,358,360,247,263,206,210,240,240,176,186,243,247,239,271,223,229,249,249,131,151
Balint,2811,184,184,171,171,294,298,165,165,149,151,256,263,174,194,315,328,77,79,155,159,353,361,241,253,206,210,240,254,178,191,233,259,247,255,223,229,249,255,133,143
Balouti,1690,165,169,181,202,290,294,165,165,149,151,263,263,178,188,324,324,71,79,149,177,347,353,241,253,210,214,240,244,176,176,243,257,261,261,236,238,233,247,141,147
Balouti (Abbaye de Latroun),3237,184,188,185,205,288,294,167,167,149,151,256,263,182,188,319,324,83,83,159,167,353,371,241,247,206,208,240,254,180,191,243,243,239,249,223,238,239,249,131,135
Balouzme = Mouhamadi,2996,182,184,162,202,290,290,159,177,149,149,263,263,186,188,315,319,77,79,151,177,353,361,241,263,206,206,248,254,191,191,233,243,249,273,229,232,243,253,128,147
Balzac blanc,321,184,184,164,171,290,298,149,165,149,149,263,263,182,182,303,322,83,83,159,159,360,361,247,247,206,210,240,254,172,176,245,247,255,271,225,232,239,257,131,131
Baral,3105,165,169,171,177,288,290,163,179,151,151,261,263,178,188,311,319,77,83,159,173,353,360,247,247,206,210,238,248,176,186,227,247,239,251,223,225,239,239,131,149
Barcello,1511,169,171,171,171,288,290,165,167,149,157,263,263,178,186,315,319,77,83,161,163,360,363,246,247,206,206,258,262,178,186,233,267,239,239,223,229,239,262,133,149
Baresana = Korithi aspro,1766,165,169,162,202,290,294,159,165,151,151,263,263,174,184,315,328,77,83,149,155,355,368,253,263,206,206,248,254,176,191,243,243,271,271,232,234,247,253,133,149
Barlinka,2225,165,184,181,184,290,290,165,165,147,155,263,263,190,194,315,324,79,83,159,159,353,371,247,247,206,206,248,248,182,191,247,257,251,259,232,238,249,253,149,149
Baroque,380,165,171,171,205,288,294,163,167,149,151,263,263,174,192,319,322,77,83,159,159,360,360,247,247,206,206,238,254,176,186,245,267,239,239,223,232,239,249,131,153
Baserri,2890,171,184,171,171,288,294,163,165,151,151,263,263,180,182,303,319,79,83,159,167,361,363,247,247,214,215,238,238,176,186,233,245,239,271,223,236,239,239,137,137
Basilikumtraube,1600,171,173,177,177,288,290,163,167,157,157,263,263,163,182,315,317,83,83,149,159,358,368,247,247,206,214,240,248,182,182,216,267,239,271,225,234,239,247,131,149
Beala debela,2237,184,184,167,171,290,294,165,167,149,149,256,265,176,176,315,324,77,81,155,155,360,361,241,247,206,206,238,240,182,191,247,259,263,271,223,225,247,249,131,143
Beaunoir,228,165,169,171,171,288,298,149,167,149,149,263,265,174,182,315,319,83,83,149,159,360,361,246,247,206,214,248,254,176,186,216,227,239,249,232,236,239,243,141,149
Beausoleil = Vidal 83 T,2198,169,184,185,187,294,294,167,167,149,149,263,263,174,188,315,324,77,83,159,167,360,368,247,247,206,210,238,254,176,178,245,247,271,271,223,229,239,249,141,149
Beauty seedless,1834,169,188,164,189,290,290,163,165,149,155,256,263,178,182,315,315,79,83,155,159,368,368,253,253,210,218,240,248,176,178,216,233,249,271,232,234,247,253,131,149
Bekalny,3150,165,184,185,202,294,298,151,165,147,151,263,263,180,184,315,319,79,83,157,177,353,373,246,247,210,214,238,254,182,191,257,274,255,271,225,234,245,249,133,135
Belair,3039,173,184,164,184,290,294,165,165,149,155,263,263,186,190,315,319,77,79,159,177,353,368,247,247,206,210,248,254,182,182,243,247,259,271,223,232,249,255,133,149
Belle de Cegled,1073,173,184,171,177,290,290,163,167,157,157,263,263,180,192,315,315,79,83,149,149,358,371,247,263,206,206,238,254,186,191,247,267,239,239,223,225,239,243,131,141
Belle Denise,3499,165,171,171,205,294,294,167,167,149,149,263,263,182,182,303,317,77,87,149,159,360,360,247,247,206,210,240,248,186,186,235,247,249,251,229,238,249,257,131,149
Bellevue,3040,184,184,164,202,290,294,165,165,149,151,263,263,172,188,315,319,79,79,147,157,353,357,253,253,206,206,248,254,182,182,233,243,261,271,229,236,239,243,131,135
Bellino,732,171,184,171,181,294,294,165,165,149,157,263,263,178,194,303,319,77,81,155,167,357,368,247,247,206,210,240,254,176,182,243,263,251,271,225,236,239,247,149,153
Benicarlo,30,165,188,164,187,290,294,163,165,149,151,263,263,188,192,319,324,83,83,157,173,360,368,247,247,206,206,240,240,176,178,233,257,239,255,223,232,243,247,131,143
Beogradska rana,3018,171,184,164,187,290,290,163,165,147,149,263,263,178,182,315,326,77,77,159,159,357,368,253,263,206,206,240,248,176,182,233,267,257,271,223,234,239,249,131,153
Béquignol,352,169,171,164,171,290,294,163,179,149,151,263,263,178,192,303,319,83,83,159,159,360,368,247,247,214,215,238,248,172,186,235,243,239,273,234,236,239,257,137,149
Berbecel = Aprofeher,1660,182,184,185,207,294,294,165,165,149,151,263,265,188,194,315,330,77,83,159,159,357,371,247,247,206,206,248,254,184,186,247,259,251,257,236,244,239,249,141,141
Beregi rozsas,1629,173,184,164,167,294,294,163,167,149,151,263,265,176,188,319,330,81,83,159,159,353,360,241,247,206,210,238,240,178,180,235,267,255,271,229,238,249,253,131,133
Bermestia bianca,1252,169,173,162,187,290,290,167,179,149,151,263,263,194,194,317,319,79,83,167,167,353,368,241,253,206,206,238,240,176,182,233,245,251,261,229,234,243,247,131,143
Best's M,3132,169,171,184,205,290,294,163,165,149,157,263,263,180,186,315,319,77,83,149,167,360,360,253,253,206,210,238,248,176,191,235,247,251,271,236,236,243,247,131,147
Best's R2 V73,3135,184,188,181,205,290,294,163,165,147,157,263,263,178,178,319,319,83,83,157,159,353,357,241,247,206,210,240,254,176,191,235,235,239,251,223,236,239,249,131,141
Beylerce,2095,165,184,181,207,290,294,165,177,149,149,263,263,176,182,315,326,77,83,157,159,353,357,241,253,210,215,238,248,172,182,243,257,249,261,223,238,249,249,131,141
Bezoul el Aouda,1904,165,169,184,202,290,290,165,165,151,151,263,263,178,190,315,317,79,79,157,157,371,371,247,253,206,210,254,254,176,182,247,259,249,251,223,238,249,249,149,149
Bianera,3180,165,182,171,177,294,298,163,165,149,149,263,263,174,182,319,322,77,83,157,167,355,361,247,253,206,210,238,240,176,182,235,245,261,271,236,244,247,249,137,153
Bicane,696,169,184,171,184,290,290,163,163,149,157,263,263,178,180,315,319,83,83,149,173,360,371,247,253,206,206,238,254,176,191,233,247,239,251,223,236,243,249,131,135
Biczo balint emleke,2533,173,196,181,205,294,294,165,165,149,157,263,263,174,180,315,319,77,77,159,165,353,358,241,263,206,210,240,240,176,186,227,267,239,263,229,229,239,239,131,143
Biczö egon,2534,173,196,171,181,294,294,167,177,149,149,263,263,176,180,319,319,77,83,155,159,358,360,255,263,206,210,240,248,176,176,227,243,239,271,229,229,239,249,131,143
Bidh Hamen de Rafraf,3593,171,184,164,179,290,290,165,165,149,151,263,263,174,190,315,319,77,83,147,157,368,368,247,253,210,215,240,244,176,191,243,257,271,271,229,238,239,239,143,151
Bien donné,3041,184,184,164,184,290,294,165,165,149,151,263,263,172,178,315,315,79,79,157,159,353,368,253,263,206,206,240,254,176,180,233,247,261,271,223,232,233,249,131,135
Black Alicante,754,171,173,171,205,288,306,165,165,149,151,263,263,178,186,303,324,77,79,157,167,353,357,241,247,206,210,238,254,178,182,253,259,249,251,234,236,247,249,131,149
Black Monukka,1830,165,184,181,187,290,290,163,165,155,155,261,263,178,184,317,319,79,79,177,177,353,375,247,247,215,215,248,254,178,191,216,243,249,255,232,238,253,253,139,149
Black Morocco,757,173,184,171,171,288,294,165,165,149,157,263,263,178,194,303,315,77,83,167,167,355,357,247,253,206,206,254,262,176,182,259,263,249,271,225,236,239,249,149,149
Black Prince (Merbein),3619,165,173,171,205,294,294,165,165,149,149,263,263,178,186,303,319,77,77,167,171,357,386,247,253,206,210,248,254,176,191,243,259,263,271,225,236,239,251,147,149
Black Rose = H 3‐47,1094,165,165,164,187,290,294,163,163,149,149,256,263,186,188,315,319,79,81,155,157,353,361,247,247,206,215,248,254,182,191,243,243,255,271,236,238,249,253,133,149
Blanc d'Ambre,838,173,182,177,207,290,294,163,165,151,157,263,263,188,192,315,326,79,83,159,159,353,358,241,263,210,215,240,254,186,191,216,235,239,255,225,238,239,247,131,133
Blanc de Rhafsaï,2002,165,188,171,202,290,306,165,167,151,151,263,263,174,184,319,328,83,83,159,159,353,371,253,253,206,206,238,240,178,191,233,259,255,271,234,236,243,249,133,143
Blanc d'Iran (Charif),2086,165,173,181,181,290,298,165,177,147,151,263,263,182,184,315,319,77,79,159,167,343,353,247,247,210,214,240,248,176,178,235,257,271,271,236,244,239,247,139,149
Blank Blauer = Vulpea,1631,165,184,164,171,294,294,163,167,147,149,263,263,176,188,315,324,79,83,159,159,353,360,247,247,210,215,238,254,178,191,235,247,255,263,225,244,239,239,131,133
Blauburger,2859,173,184,171,171,298,298,165,177,149,151,256,263,172,174,303,322,77,83,149,159,361,368,247,253,206,206,248,248,176,178,227,245,271,271,229,238,243,249,141,149
Boal cachudo,3022,188,188,164,202,290,306,163,165,151,151,263,263,178,188,303,319,83,83,157,159,361,371,241,247,206,208,240,254,176,178,233,233,251,255,223,234,239,249,135,143
Boal de Calhariz,3583,184,188,164,185,290,294,163,165,151,151,263,263,174,188,303,317,79,79,149,159,371,371,241,247,206,208,254,270,176,182,235,259,251,251,236,238,253,257,137,141
Borraçal,1497,171,171,171,171,290,294,163,167,149,151,263,263,182,188,313,315,77,83,161,161,355,363,241,247,204,206,238,258,178,182,235,257,239,251,229,236,239,239,131,133
Bouaki nor,2507,165,184,171,202,290,294,177,177,151,155,256,267,184,188,315,319,79,83,149,155,353,360,241,247,206,210,244,256,182,191,234,257,249,259,232,234,243,243,139,153
Bouchalès,358,171,171,171,205,288,294,165,167,149,157,261,263,180,188,313,315,77,83,159,159,360,371,247,253,206,210,238,240,176,186,233,247,239,251,223,238,249,253,131,131
Bouchereau,2847,169,184,184,185,290,294,163,175,147,157,256,263,178,188,315,319,77,83,173,173,353,360,241,253,206,215,238,248,182,191,233,233,239,271,223,238,249,249,131,135
Bouillet,343,169,171,171,177,290,294,163,179,149,149,263,263,178,182,315,317,83,83,159,167,357,360,241,247,206,210,238,248,178,186,233,257,251,271,223,236,239,239,131,149
Bouquet Riesling,607,165,173,171,187,288,294,149,163,147,149,263,263,174,180,303,319,83,83,159,173,358,360,247,263,206,210,254,254,178,186,227,245,251,263,223,225,239,249,141,141
Bouquet Sylvaner,618,165,184,171,181,294,294,163,165,149,157,256,261,174,182,319,319,79,83,159,159,360,368,247,263,206,210,254,254,178,186,216,227,263,271,223,225,243,243,133,141
Bouquettraube,281,171,184,169,181,288,294,163,165,149,149,256,263,174,178,315,319,79,83,159,167,360,368,247,247,206,206,248,254,178,191,227,235,271,271,223,236,243,247,133,149
Bourdier 2‐04‐58,2936,165,171,171,177,288,288,165,167,149,149,263,263,178,182,317,319,77,83,159,161,360,360,247,247,206,210,238,248,186,186,227,233,239,271,229,232,239,257,135,149
Bourrisquou,136,171,188,164,177,290,290,165,167,151,151,263,263,178,188,319,319,79,83,159,167,360,368,241,247,206,206,240,254,186,191,257,257,255,271,223,238,239,249,131,141
Bouteillan noir = Quagliano,97,171,188,177,187,294,294,165,167,149,151,263,263,180,188,303,319,79,79,159,167,357,360,247,247,206,206,238,266,176,186,247,257,239,249,223,223,239,243,131,141
Bouvier,468,165,184,177,205,290,294,165,167,147,149,261,265,178,186,315,315,77,83,159,159,368,371,247,247,210,214,248,248,182,191,216,267,271,271,225,225,233,243,131,149
Bouysselet,3778,169,171,171,171,288,294,163,165,157,157,263,263,176,192,303,324,77,83,159,159,357,368,241,247,206,210,248,254,186,186,233,233,251,271,229,236,257,262,141,149
Bouzouga,1993,165,184,184,202,290,290,165,167,147,151,263,263,178,190,315,315,83,83,157,157,353,353,241,247,204,206,254,254,176,182,243,259,251,261,236,238,249,253,149,149
Braghina = Dinka vörös,1670,182,184,164,207,294,294,165,167,149,151,256,265,178,182,319,330,77,83,165,165,353,360,241,247,210,210,238,240,176,178,233,235,255,271,223,238,239,239,131,133
Bratkovina crna,1856,165,184,171,206,290,294,163,165,149,151,263,263,188,194,324,330,83,83,159,167,350,361,247,247,206,215,238,254,178,191,235,235,263,271,239,244,239,239,131,133
Breider 5‐6,2327,171,173,177,177,290,290,163,163,155,155,263,263,188,192,317,326,79,83,159,159,368,368,247,247,215,215,248,248,186,191,216,216,239,239,229,234,243,247,149,149
Bronnerstraube,2852,165,173,171,177,288,290,163,167,149,157,263,263,163,188,315,315,79,83,159,159,358,361,247,247,206,206,254,254,182,186,216,233,239,271,234,238,247,257,141,141
Brun Fourca,60,165,184,187,205,294,294,165,167,149,157,263,263,178,194,303,319,83,83,149,159,353,360,241,247,210,212,238,240,176,191,235,257,239,239,223,236,243,249,131,131
Bruxelloise blanche,3124,171,184,171,207,288,290,163,177,149,155,256,263,174,178,319,326,79,83,159,159,368,368,247,255,210,214,240,254,186,191,227,243,239,271,223,234,247,247,133,151
Buckland sweet water,758,171,171,171,171,294,294,165,165,149,155,263,263,178,178,315,319,79,79,155,167,368,368,247,247,206,206,254,254,182,182,243,243,251,271,234,234,247,247,133,133
Cabernet franc,324,184,188,171,177,290,290,165,179,149,151,263,267,188,188,311,322,77,77,149,159,368,368,246,255,206,206,238,254,178,186,227,235,239,257,223,238,239,262,137,145
Cabernet Goudable,3076,171,184,177,177,290,290,163,179,149,151,263,263,178,188,319,322,77,83,149,159,360,368,246,247,206,210,248,254,178,186,227,257,239,239,223,229,239,239,145,149
Cabernet‐Malbec n°1,1557,165,184,171,203,288,290,165,165,151,151,263,263,182,188,311,315,77,83,159,159,357,360,241,255,206,215,238,238,186,186,233,233,239,239,225,229,239,239,131,137
Cabernet‐Malbec n°2,1558,171,184,177,203,290,294,165,179,151,151,263,263,182,188,311,315,77,83,159,159,360,368,247,255,206,215,238,248,186,186,235,267,239,239,225,229,239,239,137,149
Cabernet‐Malbec n°4,1559,171,184,171,203,288,290,165,179,151,151,263,267,180,188,311,319,79,83,159,159,357,360,247,247,206,215,238,248,186,188,233,267,239,251,225,229,239,262,137,149
Cabernet‐Sauvignon,322,184,184,171,177,290,290,165,179,151,151,263,267,188,188,303,311,77,83,159,159,360,368,247,255,206,215,238,248,172,186,233,235,239,239,229,238,239,239,137,149
Cabestrel,3736,184,188,171,177,290,290,165,179,151,151,263,267,188,190,303,319,83,83,159,161,353,360,247,255,206,206,238,262,172,186,233,243,239,239,223,238,239,249,137,149
Caccio di Fermo nero,3187,182,188,164,187,290,298,163,165,149,151,263,263,182,188,319,324,79,83,157,157,357,363,247,247,206,215,254,262,182,182,233,257,251,271,232,234,243,249,133,149
Cahours,3093,165,167,171,177,290,294,165,179,151,157,261,263,188,190,311,319,77,83,149,173,353,368,247,247,206,206,238,238,176,178,227,263,251,255,223,225,239,249,131,131
Cainho branco,1499,167,171,171,177,290,294,167,167,151,157,263,263,178,182,303,315,77,77,159,159,360,363,247,247,204,210,254,254,178,186,233,235,239,239,219,223,239,262,141,149
Calabre,702,184,188,164,184,290,290,163,165,147,149,261,263,178,182,315,319,77,83,149,161,360,360,247,247,206,215,248,254,191,191,245,247,239,263,223,225,249,249,131,135
Caladoc,2826,165,194,177,185,288,294,163,165,151,151,256,263,174,182,319,319,77,83,159,167,353,368,241,241,206,208,240,248,188,191,233,243,239,251,223,236,239,239,143,149
Callet,1461,165,188,173,184,290,290,165,166,149,157,256,263,188,190,315,319,79,83,157,159,368,371,253,253,210,215,240,254,178,186,235,257,239,239,234,238,239,249,131,141
Camaraou blanc,463,169,171,171,177,288,294,163,165,149,155,263,263,178,192,315,319,77,79,159,159,355,368,247,247,210,210,248,262,178,188,233,233,239,271,223,236,247,249,149,149
Camaraou noir,411,169,171,164,177,288,290,163,163,155,157,263,263,188,192,317,319,77,83,159,167,355,371,247,247,214,215,238,248,172,186,233,243,239,239,234,236,239,243,137,149
Camarate = Preto Martinho,2170,165,167,185,205,288,290,165,167,151,157,261,263,174,188,303,319,83,83,159,159,371,371,247,247,206,206,240,248,178,186,233,235,251,271,234,236,243,253,143,149
Canner seedless,1833,165,188,162,189,290,298,139,165,149,155,261,263,182,188,315,317,77,83,157,177,353,353,247,247,215,215,246,248,191,191,216,243,249,273,229,232,239,239,141,149
Cannon Hall faux,2803,171,184,181,205,290,294,165,165,147,155,263,263,178,190,315,319,77,81,155,159,368,371,247,253,210,210,248,254,178,191,243,243,251,271,225,236,247,249,133,147
Caralicante,548,182,184,185,205,294,294,165,167,149,151,256,263,174,182,319,324,77,83,167,167,353,371,241,251,206,212,240,240,178,182,243,247,251,271,225,236,239,239,131,143
Cardinal = G 10‐30,1095,173,184,164,164,290,294,165,165,149,155,256,263,178,186,315,319,79,83,155,159,353,368,247,263,206,206,254,254,176,182,243,267,251,271,223,234,249,249,133,133
Carignan,18,173,184,177,185,290,294,165,165,149,151,263,263,174,176,315,324,77,79,159,167,357,371,247,251,206,212,240,254,178,182,247,257,249,251,223,225,239,239,141,143
Carina (Australie),3280,165,184,171,189,290,294,163,165,151,155,261,263,178,180,315,315,79,83,159,177,377,377,246,247,212,215,240,248,178,188,227,243,239,249,223,232,239,239,131,149
Carla,2959,173,184,164,164,294,294,163,165,149,155,263,263,178,186,319,324,77,83,155,159,353,368,247,247,206,210,254,254,176,182,243,267,271,271,234,236,249,255,133,133
Carmenère,323,171,184,171,171,290,290,163,179,149,151,263,263,188,192,311,319,77,79,149,159,360,368,247,255,206,210,238,254,172,186,235,247,239,239,223,236,239,262,137,145
Carrasquin,3297,169,171,177,205,288,290,163,165,149,151,263,263,178,188,303,319,77,83,159,159,360,371,247,253,206,210,248,254,176,186,235,247,239,255,223,236,239,257,141,149
Castelão = Periquita,1521,171,188,185,205,288,290,165,167,151,151,263,263,174,178,315,319,79,83,159,173,361,371,247,247,206,206,240,254,176,178,235,247,251,251,234,236,243,257,141,143
Castellana blanca,3797,165,173,182,185,290,290,163,165,149,151,261,263,174,188,315,319,79,83,155,167,357,363,247,251,212,215,248,254,180,182,257,257,251,255,223,234,239,239,141,155
Castets,451,169,188,177,205,288,290,163,179,151,155,263,267,192,192,317,319,83,83,149,159,360,371,247,247,210,214,248,248,172,186,227,233,239,239,234,236,239,243,131,149
Catalan (Magaratch),3268,184,184,171,177,294,294,165,165,147,151,263,263,178,184,315,319,83,83,149,177,368,371,246,246,206,210,238,254,182,191,239,243,251,271,229,234,245,249,133,133
Catarratto bianco,1304,169,184,171,185,290,298,163,167,147,151,263,265,174,188,319,324,77,77,157,167,355,371,241,247,206,206,254,254,176,176,227,235,249,251,223,223,239,249,141,149
Catarratto bianco faux,3177,165,184,177,185,288,298,163,173,149,151,263,265,174,190,319,324,77,77,167,173,353,371,241,247,206,212,240,254,176,182,227,233,251,255,223,223,239,262,131,141
Ceaus roz faux,3207,182,184,185,207,294,294,165,167,149,151,263,263,188,194,322,326,79,83,155,167,360,360,247,253,206,206,248,254,176,182,233,259,251,263,232,236,239,249,141,141
Cereza,2121,165,184,164,179,290,294,165,167,149,149,263,263,190,190,315,319,77,79,163,171,357,371,247,263,206,210,238,248,176,186,243,243,257,271,225,229,249,251,133,147
César,225,167,171,171,181,288,294,167,167,149,157,263,265,172,182,317,330,77,83,149,159,357,370,247,247,206,212,248,254,182,191,216,259,263,271,225,225,243,253,141,149
CG 87‐746,3775,169,184,165,205,290,294,165,165,149,155,263,263,182,186,315,315,81,83,155,171,368,371,241,253,210,210,240,248,176,176,216,257,249,271,225,234,239,253,131,147
Chakar angour tachkentsky,2677,165,173,171,202,290,298,177,177,149,155,267,267,182,188,315,317,79,83,149,149,360,360,241,247,206,210,240,244,176,191,234,257,249,259,232,238,233,243,122,153
Chanronge,3631,171,188,187,205,290,294,163,167,151,157,263,263,188,188,315,315,79,83,155,161,353,360,247,253,206,210,238,238,180,186,257,257,255,271,238,238,239,239,131,137
Chaouch blanc,1673,165,182,181,187,290,294,159,165,149,151,256,263,182,186,319,319,79,83,149,171,353,353,253,253,204,215,248,254,176,180,257,257,251,271,225,236,247,249,133,149
Chaouch rose,1674,165,184,164,187,294,294,165,165,149,151,256,263,186,194,315,319,79,83,149,165,353,371,253,255,210,215,248,254,176,176,233,257,263,271,236,244,239,249,133,141
Chaptal,791,165,165,162,187,290,290,163,165,151,155,261,263,190,194,317,319,77,79,159,177,353,371,241,253,206,210,248,248,176,186,243,243,271,271,225,238,239,243,149,149
Chardonnay,199,165,184,171,177,288,294,163,167,149,149,263,265,178,182,315,319,77,83,149,159,360,368,247,247,206,214,238,254,178,186,216,227,239,271,232,236,239,243,135,141
Charmont,2948,173,184,171,177,288,294,163,167,149,157,263,263,180,182,315,315,83,83,149,159,358,360,247,263,206,214,238,240,182,186,227,267,239,239,225,236,243,247,131,135
Chasan,2801,165,188,171,173,290,294,163,165,149,157,263,263,182,188,315,319,79,83,159,159,360,360,246,247,206,212,240,248,182,182,216,247,239,255,225,236,239,239,143,149
Chasselas,585,171,173,171,177,290,294,163,167,157,157,263,263,180,192,315,319,79,83,149,159,358,360,247,263,206,210,240,254,182,186,216,267,239,239,225,234,239,247,131,141
Chasselas Impérial Oberlin,624,173,182,177,207,288,294,165,165,149,151,263,263,182,188,319,326,77,79,159,159,358,360,241,247,210,210,248,254,186,186,235,257,239,271,223,225,247,257,133,149
Chirvan chakhi,2678,165,165,164,171,294,294,163,165,149,151,263,263,178,194,315,315,77,79,149,159,353,353,241,253,204,208,240,254,189,191,243,247,249,271,229,232,245,249,141,143
Ciclopica = Pirovano 60,921,184,184,182,184,290,290,163,165,149,149,263,263,174,180,315,319,79,83,149,157,357,360,247,253,206,206,238,254,176,182,233,247,239,271,234,236,233,243,135,141
Ciliegiolo,1339,165,184,164,177,288,294,165,165,149,149,263,263,186,190,315,319,77,77,159,173,353,371,241,263,212,215,240,240,176,180,233,245,251,251,223,234,247,262,131,131
Cinsaut,5,165,169,171,187,290,294,163,167,149,149,263,263,180,186,315,319,83,83,157,167,360,360,247,253,206,210,238,248,176,178,227,233,255,261,223,223,243,247,131,131
Cinsaut Bouschet,541,165,171,171,171,294,294,163,163,149,151,263,263,174,180,315,317,83,83,167,167,360,360,247,253,206,206,240,248,176,186,227,259,249,255,223,236,243,247,131,131
Circé,836,173,184,177,205,290,294,163,167,147,157,261,263,180,182,315,319,79,83,149,159,360,368,263,263,210,210,238,240,176,182,257,267,239,263,225,234,239,243,131,131
Citronelle,840,169,184,171,187,288,290,165,167,149,149,263,263,186,194,319,319,77,83,157,167,353,371,247,247,206,210,238,240,178,180,235,257,261,261,225,232,239,239,131,141
Citronelle x Aramon,437,165,169,171,184,294,294,163,167,149,149,263,263,178,180,319,319,83,83,167,167,353,360,247,253,206,210,238,254,176,191,227,227,249,263,223,232,243,247,131,141
Clairette,26,182,184,171,187,288,294,165,165,149,157,263,263,178,182,315,319,83,83,159,173,357,360,247,247,206,210,240,262,176,188,227,257,255,261,223,229,239,249,135,149
Clairette Mazel,806,173,184,171,207,290,294,165,167,149,157,263,263,192,194,319,326,83,83,159,167,353,360,253,263,206,210,240,248,178,182,216,235,239,263,234,244,239,247,131,141
Clarin,2802,165,173,171,177,290,294,163,165,149,149,263,263,176,186,315,324,79,83,157,159,357,360,247,247,206,206,240,248,176,182,227,247,251,261,223,223,239,243,131,143
Claverie coulard,1217,167,184,171,177,290,290,165,165,149,157,265,267,182,182,315,319,79,83,159,167,360,360,241,247,210,212,240,248,182,186,257,263,239,239,223,229,239,249,131,149
Coarna alba,749,182,184,164,207,294,294,165,165,149,149,263,263,182,194,315,326,79,83,155,167,353,360,253,255,206,206,238,248,176,178,233,235,263,271,236,244,239,239,131,141
Coarna rosie,1188,167,188,164,173,290,294,165,165,149,149,263,263,178,178,324,324,79,83,167,173,357,361,241,253,206,208,240,240,182,182,257,257,257,271,229,234,239,239,137,141
Codana,3210,184,184,177,177,290,290,165,187,149,151,263,263,174,186,303,319,77,83,155,159,361,368,255,255,206,206,248,254,178,186,233,233,239,255,229,236,239,253,141,149
Colman blanc,792,171,184,164,205,288,294,165,165,149,149,256,263,178,186,303,315,79,79,157,159,353,353,241,247,206,210,238,254,176,182,227,259,251,251,234,236,247,255,131,133
Colombaud = Bouteillan blanc,96,165,171,171,187,290,290,163,165,149,157,263,263,178,188,303,317,79,83,159,167,360,368,247,253,204,206,254,266,176,182,257,257,239,261,223,223,243,243,131,131
Colonel Isioum,3162,165,188,167,173,290,294,165,177,149,149,263,267,158,172,315,319,77,77,157,159,374,377,246,253,206,206,244,254,180,180,235,257,251,261,225,244,239,253,143,147
Conca d'oro = Paulsen 152,1168,165,173,177,187,290,290,163,175,149,157,263,263,180,194,319,319,79,83,149,157,329,358,247,253,206,210,240,244,176,182,216,257,239,271,223,234,247,251,131,151
Corason de Kabritte blanc,3148,171,184,171,171,294,294,165,167,151,157,263,263,178,188,315,315,77,83,159,161,361,371,247,247,212,214,238,248,176,182,227,267,271,271,236,238,243,249,135,149
Corinthe noir,1802,169,178,185,207,294,294,165,175,147,149,256,256,188,188,319,326,77,79,173,173,353,353,241,253,206,215,238,248,176,182,233,257,271,271,234,238,243,249,135,141
Corneille,837,171,171,171,181,294,294,163,165,155,157,263,263,178,192,315,315,79,81,155,159,360,368,247,263,206,210,240,254,182,186,216,235,239,271,225,236,247,247,141,153
Cornet = Baude,144,171,184,171,187,294,298,165,167,149,157,263,263,180,190,303,315,77,79,157,167,360,368,247,253,206,206,238,248,176,182,243,267,255,261,223,225,239,243,131,149
Cornifesto,1487,165,167,185,205,288,290,167,167,151,157,261,263,178,178,315,319,83,83,159,159,368,371,247,253,206,206,240,248,178,186,233,235,251,255,232,236,249,253,141,143
Corteza nera,3192,171,171,171,187,290,294,165,175,149,151,261,263,174,186,315,319,83,83,155,167,353,371,241,247,206,206,238,254,176,176,243,247,251,261,229,234,249,253,131,131
Cot = Malbec,327,165,171,177,203,288,294,165,179,149,151,263,263,180,182,315,319,79,83,159,167,357,368,241,247,206,206,238,248,186,188,233,267,239,251,225,236,239,262,131,149
Cot de Chéragas,472,171,184,177,185,290,290,165,167,151,151,263,263,178,188,319,324,83,83,157,167,353,368,241,247,206,208,240,254,178,186,243,257,239,255,223,238,239,249,131,141
Courbu,413,165,188,171,177,288,290,163,163,149,155,263,267,190,192,313,319,79,83,159,159,355,358,241,247,206,214,248,248,182,188,233,235,239,271,223,236,243,247,131,149
Courtoisie,407,171,182,177,187,288,290,163,165,149,157,263,263,178,182,317,319,83,83,167,173,360,368,247,247,206,210,248,262,182,182,257,257,255,255,223,229,239,243,149,149
Couston,2924,184,194,185,185,288,294,163,167,149,157,256,263,182,188,315,319,77,83,161,167,360,368,247,247,210,214,240,240,176,191,243,257,239,261,229,238,239,257,131,143
Crassostaphyllo,1189,165,184,177,179,288,290,165,167,149,149,263,263,182,190,315,315,79,83,159,167,368,386,241,247,206,206,240,248,186,188,233,243,251,271,225,225,239,249,131,131
Crimposie,2243,184,184,167,171,290,294,165,167,149,149,256,263,176,182,324,328,81,83,149,155,357,360,241,247,206,210,238,238,182,182,259,259,249,263,223,238,239,249,131,131
Criolla 5,3129,165,184,171,179,290,290,165,167,149,149,263,263,190,190,319,319,77,79,163,171,360,371,247,253,206,210,240,248,186,191,243,267,255,263,225,225,249,249,131,147
Csomorika,1586,182,184,171,207,290,294,139,165,149,151,256,263,182,182,315,328,79,83,155,155,360,360,253,253,206,206,238,238,176,178,233,233,247,263,236,238,239,249,131,131
Cvaï gold,3171,171,173,171,171,290,298,167,177,149,149,261,265,172,192,319,322,83,83,159,165,357,368,247,255,204,206,248,248,178,186,227,235,251,271,229,238,243,247,149,149
Cyperntraube,241,184,188,164,187,290,290,165,177,149,149,263,263,178,178,315,326,79,79,157,167,353,360,241,253,206,206,238,240,178,182,243,257,251,255,223,244,239,249,131,137
Dabouki,735,165,188,202,202,290,290,165,175,149,151,263,263,178,182,324,324,79,81,157,157,353,353,241,253,206,220,240,244,176,180,257,257,249,271,232,234,247,249,133,149
Damas blanc précoce,3261,173,184,171,187,288,290,173,179,149,157,256,263,192,194,317,319,79,79,167,173,360,368,241,253,206,206,238,240,182,186,243,245,251,251,234,236,243,247,131,143
Dameret,213,169,171,171,187,290,298,163,167,149,151,263,263,182,182,315,319,77,77,159,167,361,368,247,253,206,206,238,254,176,182,243,245,255,271,223,232,249,253,131,153
Dameron,216,165,184,171,177,288,294,149,167,149,157,263,265,174,178,315,319,83,83,159,167,360,360,247,247,206,214,248,254,178,186,216,245,239,271,236,238,239,243,131,149
Danam,2794,165,165,171,202,290,294,165,175,149,149,263,263,178,182,319,324,81,81,167,167,353,368,241,253,210,220,244,254,180,182,235,257,271,271,229,232,249,249,147,149
Dan‐ben‐Hannah = SC 26,3382,165,173,164,171,294,294,165,165,149,149,263,263,178,186,319,324,71,79,155,177,368,368,247,247,206,210,238,248,182,182,243,257,271,271,223,229,247,249,131,147
Danlas,2791,165,173,171,202,290,294,167,175,149,157,263,263,182,192,315,324,81,83,149,157,353,360,241,263,206,220,240,244,176,182,216,257,239,271,225,232,239,249,131,149
Daphni,263,188,188,181,187,290,290,165,165,151,151,263,263,184,190,315,319,77,79,155,157,353,353,241,247,206,208,244,254,176,180,243,257,271,271,232,244,243,249,133,141
Daranyi Ignac,2439,173,184,177,179,294,294,163,165,149,157,263,263,190,192,315,315,77,83,159,159,360,386,247,263,206,210,240,248,176,182,243,267,239,263,229,234,247,249,141,147
Darkaia noir,728,171,184,185,187,290,294,175,175,149,151,263,263,178,188,317,319,79,83,155,173,353,368,241,241,206,206,240,248,176,182,233,243,255,273,234,234,247,249,135,141
Datal,2795,184,184,179,187,290,290,165,165,149,149,263,263,182,190,315,319,77,79,159,171,357,371,253,263,206,210,248,248,182,191,233,267,271,271,223,229,239,249,133,147
Dauphine,3042,184,184,184,187,290,294,165,165,149,151,263,263,178,182,315,324,77,83,147,149,357,357,253,253,206,206,254,254,180,182,243,257,261,271,223,232,233,239,131,133
David = Pirovano 109,967,165,184,179,184,290,290,163,165,149,157,263,263,180,190,319,319,77,83,159,173,360,386,253,263,210,210,238,248,176,176,243,247,251,263,223,225,243,251,131,131
Dawn seedless,2875,165,165,164,171,290,290,163,165,149,155,261,263,178,186,317,319,79,83,177,177,368,368,247,253,206,206,238,254,176,178,235,243,249,271,232,232,247,249,133,143
Deckrot = Fb 119‐39,3463,165,171,171,177,288,294,163,167,151,157,263,265,178,182,315,315,83,83,149,159,360,368,247,247,210,214,248,248,186,186,216,235,239,271,225,236,239,243,135,149
Dedo de Dama,2630,169,184,185,202,290,294,165,167,147,151,263,263,174,178,315,317,79,83,149,157,353,371,247,247,206,210,254,270,182,191,233,259,251,251,223,236,249,253,137,149
Delhro,2827,173,188,164,207,294,294,165,165,149,155,256,263,178,186,319,326,77,83,159,159,353,368,241,247,206,210,238,240,178,182,243,267,271,271,234,236,247,255,131,153
Delight,1097,165,184,164,187,290,294,165,165,155,155,261,263,178,182,315,317,79,83,155,159,357,357,253,253,206,206,238,254,176,178,233,243,249,271,232,234,239,249,133,143
Delizia gialla = Pirovano 266,1018,165,184,182,205,290,294,163,165,149,149,263,263,174,178,315,319,77,79,157,167,357,357,247,253,206,210,238,254,176,176,233,235,271,271,236,236,243,247,133,135
Diagalves,1536,184,188,185,185,290,290,165,165,151,151,263,263,174,178,317,324,83,83,157,157,353,368,247,247,206,206,254,254,178,182,233,259,251,271,232,236,243,253,141,149
Diagalves faux,3252,171,188,164,205,290,294,163,167,151,151,263,263,174,188,315,319,83,83,159,159,368,368,247,247,206,210,240,254,176,178,247,257,251,271,232,236,239,253,141,143
Diamant blanc de Crimée,3431,184,184,181,205,290,294,165,165,149,151,263,263,182,188,315,315,77,79,147,149,360,361,253,255,206,210,238,248,176,191,235,257,251,271,225,234,239,239,131,149
Diamanttraube,761,184,196,205,207,294,294,165,165,149,151,263,263,182,182,315,315,79,83,149,167,353,360,247,255,206,206,238,248,176,178,227,235,255,271,225,236,239,239,131,141
Dika II,3194,184,188,181,185,290,290,163,165,151,155,263,263,174,178,317,324,79,83,157,157,353,375,247,247,206,215,254,254,182,191,233,243,251,255,232,236,243,253,139,149
Dimiat,1666,169,184,164,171,294,294,165,167,149,149,263,263,182,182,315,322,77,79,155,159,360,360,247,253,206,206,248,254,176,178,233,245,249,263,238,244,239,249,141,141
Dimrit (Collection Pleven),3253,165,173,164,164,294,294,151,165,149,149,256,267,184,188,315,324,77,77,155,157,351,353,247,263,204,206,240,248,176,176,257,257,251,271,229,234,239,243,141,143
Djoura ousum,2782,165,184,171,205,290,294,165,165,149,151,263,263,184,190,315,319,77,79,155,171,353,371,247,263,206,210,248,248,182,191,234,243,271,271,225,225,247,249,147,149
Doral,2976,165,173,171,177,294,294,163,163,149,157,263,265,180,182,315,319,83,83,149,159,358,368,247,247,206,214,238,240,178,186,216,267,239,239,225,236,243,247,131,141
Dornfelder = We S 341,3125,171,173,171,202,288,298,165,177,149,149,263,265,172,182,315,322,83,83,149,149,353,368,247,253,206,206,248,254,176,178,235,245,271,271,223,236,239,243,133,141
Dorona di Venezia,1336,173,184,187,202,290,294,167,167,147,151,263,265,188,194,319,324,77,79,149,167,357,368,247,253,206,206,240,240,182,191,233,235,249,261,229,229,243,249,131,143
Douradinha,409,165,167,177,205,288,288,163,167,149,151,261,263,178,178,303,315,79,83,159,161,363,371,247,253,206,210,248,254,176,178,235,247,239,251,229,236,257,262,141,149
Duc d'Anjou,737,171,184,171,171,294,294,165,165,149,149,263,263,178,190,315,315,81,83,167,167,357,368,247,247,206,206,254,262,178,182,243,263,249,271,225,234,239,247,133,149
Duc de Magenta,819,173,178,171,187,294,294,165,167,151,157,256,263,188,192,315,319,79,83,159,171,353,358,241,263,210,215,240,254,182,191,257,267,239,273,234,236,239,243,131,133
Duchess of Buccleugh,692,165,173,171,205,290,294,165,165,149,157,263,263,186,192,315,319,77,79,149,159,360,386,263,263,210,210,240,248,176,182,243,267,271,271,225,229,247,251,131,131
Duran,3111,165,188,177,187,290,290,165,165,151,151,263,263,190,194,315,319,83,83,159,161,353,360,247,253,206,215,240,254,182,186,243,257,255,261,223,225,247,249,131,141
Duras,449,165,171,177,177,288,294,163,179,149,151,263,263,178,192,315,317,79,83,159,159,360,368,247,247,204,214,238,248,176,186,233,267,239,271,223,236,243,249,137,149
Dureza,139,165,171,167,171,294,294,163,179,151,157,263,263,180,192,315,319,83,83,159,159,357,368,246,247,210,212,238,240,176,186,227,243,239,271,223,225,239,249,131,135
Durif,159,165,171,171,205,290,290,165,167,151,151,263,263,180,182,303,315,83,87,159,159,360,377,247,263,206,210,240,248,176,188,227,235,239,251,229,229,239,251,131,149
Early Muscat,1970,171,188,164,171,290,294,165,165,149,149,263,263,178,186,315,315,79,81,147,167,368,386,253,253,210,210,240,254,176,182,243,267,271,271,234,236,247,249,131,133
Ederena,2867,171,184,164,203,290,290,163,165,149,151,263,263,182,188,319,328,77,83,167,169,368,371,241,246,206,210,238,240,182,184,227,243,239,239,223,234,239,247,131,137
Efremovsky,3155,184,184,164,171,290,294,165,167,149,149,263,263,182,182,319,326,77,79,155,159,360,360,247,253,206,206,238,248,176,176,233,259,251,263,236,244,239,247,131,141
Egiodola,2748,171,184,164,205,290,294,163,167,149,149,263,263,178,182,317,319,79,83,155,159,360,371,241,247,206,210,240,248,178,186,243,247,239,271,234,236,239,247,131,149
Ehrenfelser = Gm 9‐93,2703,165,184,171,177,288,298,163,167,149,151,263,263,174,182,303,319,83,83,159,167,353,368,247,247,212,214,248,254,186,186,227,227,249,251,223,225,239,257,141,149
Ekigaïna,3030,171,184,171,177,288,290,165,179,151,157,263,263,180,188,303,324,77,83,159,159,360,368,241,255,206,206,238,254,172,182,233,233,239,255,236,238,239,249,149,153
Elbling,276,165,184,171,171,288,294,163,167,149,151,263,263,174,188,315,319,77,83,159,159,358,361,247,247,206,214,248,254,176,186,227,233,239,271,236,238,249,257,141,149
Elbling blauer (Dekker),278,165,171,171,187,288,294,149,165,151,155,263,263,178,182,315,322,79,83,159,167,353,368,247,247,206,214,248,254,178,182,233,243,271,271,232,236,247,249,133,149
Elizabeth Krasnay,1093,182,184,164,171,288,290,163,165,149,157,263,263,178,186,315,319,77,83,149,157,360,371,247,253,206,214,238,240,176,191,247,257,239,251,225,236,243,243,131,131
Elul,3383,165,184,184,202,290,294,165,175,147,149,263,263,178,178,315,324,79,81,149,149,353,357,247,253,206,220,240,254,176,180,243,257,249,249,232,232,233,249,131,133
Emerald Riesling,346,188,188,162,205,288,298,163,177,147,151,256,263,174,178,315,315,77,77,157,161,353,371,247,247,214,215,240,254,182,191,243,257,239,249,223,234,243,247,133,143
Emerald seedless,2708,165,184,179,184,290,294,165,167,149,155,256,261,184,186,315,315,77,83,155,167,368,368,241,253,206,210,238,248,191,191,216,257,249,251,225,234,239,249,133,149
Emilia = Dalmasso VI‐3,1228,184,184,164,171,290,290,163,177,149,149,263,263,172,178,315,315,77,83,147,149,353,360,247,253,206,206,254,254,182,191,247,257,239,271,223,223,239,243,133,135
Emperatriz = CG 28‐467,2974,184,184,184,187,290,294,163,165,151,151,256,263,182,184,315,315,83,83,159,177,353,368,241,253,206,215,238,254,191,191,243,247,249,251,232,234,243,253,133,143
Emperor,1829,165,184,184,184,290,294,165,167,149,151,256,263,184,188,315,317,77,83,159,167,361,368,241,247,206,206,238,254,178,191,247,257,251,271,234,234,243,249,131,133
En Kövidinkam,771,165,184,171,205,294,294,165,177,149,157,263,265,190,194,319,330,77,83,159,159,358,371,247,263,206,210,240,248,178,186,247,267,239,251,229,238,239,249,131,131
Eugenia (Allemagne),3122,173,184,169,171,294,294,163,167,149,157,263,263,178,180,315,315,83,83,159,159,360,368,247,263,206,210,240,254,178,186,216,235,239,271,223,225,239,247,131,133
Exalta,2961,165,188,164,205,290,294,165,165,155,155,261,263,172,186,315,315,79,81,167,177,368,368,247,253,206,210,240,254,176,182,233,243,249,271,229,232,249,253,131,133
Exotic,2862,173,184,187,205,290,294,165,167,149,149,256,263,182,186,319,319,77,79,155,155,353,368,247,253,206,210,254,254,182,191,243,253,255,271,236,236,239,249,133,133
Ezerjo,1612,184,196,185,205,294,294,165,167,149,151,263,263,176,182,315,315,83,83,149,165,353,355,241,247,204,206,240,248,176,182,227,276,255,271,223,229,239,239,131,141
F. Lantini = Pirovano 263,1016,171,184,171,184,290,294,165,165,149,149,263,263,180,186,319,319,79,81,157,159,357,357,247,253,206,210,238,248,176,176,243,247,239,271,236,236,233,247,135,147
Feinriesling,606,165,165,171,171,294,298,149,163,151,157,261,263,180,182,319,322,83,83,159,159,360,368,247,263,206,210,254,254,176,178,233,245,239,251,223,232,239,249,141,141
Fer,353,169,171,171,177,288,290,163,163,151,157,263,263,178,188,311,319,83,83,159,167,360,360,247,247,210,214,238,248,182,186,227,247,239,271,223,236,239,249,137,149
Ferlé 50 = H 34‐49‐50,3197,165,188,164,189,294,294,165,165,149,151,263,263,182,186,315,319,79,83,157,159,353,371,247,253,206,210,238,238,182,191,243,257,261,271,236,236,251,255,131,133
Ferlé de Mocammedes,3199,173,188,164,171,294,294,163,165,147,149,263,263,182,186,319,324,79,83,157,159,353,353,247,253,206,206,238,254,182,182,243,257,251,261,223,232,239,249,131,133
Ferlongo = H 34‐49‐69,3200,165,184,189,205,290,294,165,165,147,149,256,263,186,188,319,319,79,79,157,159,368,371,247,253,206,208,238,254,182,191,243,257,261,271,236,236,251,255,131,133
Fernand rose,623,171,184,177,187,288,290,163,165,149,151,263,263,178,194,315,319,79,83,173,173,353,360,247,253,206,214,240,254,182,186,233,257,251,261,234,236,243,247,131,135
Ferradou,3628,171,171,171,177,288,290,163,165,149,151,263,267,178,188,311,319,79,83,159,159,361,368,241,247,210,210,238,238,186,188,227,233,239,239,223,234,239,239,137,137
Ferral tamara,2029,184,188,171,187,290,294,165,165,147,151,263,263,182,188,315,319,79,83,157,157,353,371,247,253,206,208,238,254,182,191,247,257,261,271,232,236,239,251,131,133
yka,1661,171,184,171,202,290,294,139,167,149,149,256,265,174,194,328,330,77,83,155,159,353,357,247,247,206,206,248,254,182,191,247,259,247,251,223,234,247,253,131,131
Feteasca regala,2247,169,184,171,171,290,294,149,167,149,149,256,256,174,194,315,328,77,83,155,159,353,360,241,247,206,206,238,248,191,191,227,259,251,263,234,238,247,249,131,131
Feunate,143,169,184,171,187,294,298,167,167,149,149,263,263,174,180,319,322,77,83,149,159,357,361,247,247,206,212,238,254,176,178,245,247,249,271,236,238,239,243,131,141
Firnriesling,600,165,184,171,171,294,298,149,163,147,149,261,263,182,182,303,315,83,83,157,173,353,368,247,263,206,210,248,248,178,186,233,245,239,271,223,232,243,249,131,149
Fitzrebe,1592,171,173,177,181,288,294,163,167,155,157,263,265,178,188,315,326,79,83,159,167,368,371,241,247,214,215,238,254,176,191,216,235,271,271,234,236,239,247,133,135
Flora,351,169,171,171,171,290,294,163,163,149,157,263,263,178,192,303,315,83,83,159,167,360,368,247,247,214,214,248,248,182,186,233,243,239,239,229,234,239,243,131,149
Fogarina,2048,184,184,164,177,288,294,163,167,151,151,263,263,174,194,315,319,77,83,159,159,355,357,247,247,206,215,240,254,182,186,227,233,249,255,225,238,233,239,131,133
Foglia tonda,2370,165,182,171,177,288,290,165,173,149,149,263,263,186,190,319,319,77,77,155,157,353,368,247,253,204,212,240,254,182,182,235,243,255,271,225,234,239,262,131,141
Fogoneu,1460,188,188,173,205,290,294,166,167,149,157,263,263,188,188,303,319,83,83,157,159,358,371,241,253,215,215,240,240,176,178,235,243,239,271,234,238,239,247,131,143
Folignan,2977,171,184,171,171,290,294,163,167,149,149,263,263,174,188,322,324,77,77,159,167,360,360,241,247,206,210,240,248,178,180,245,247,271,271,223,232,239,253,131,149
Folle blanche,317,169,171,171,171,290,294,163,167,149,151,263,263,174,178,317,322,77,83,159,159,360,360,247,247,206,210,238,248,178,186,245,257,239,271,223,232,239,239,131,149
Fondo de Orza,2521,184,184,164,184,290,294,165,167,147,149,263,263,174,182,315,315,77,83,157,159,357,371,253,263,206,210,248,254,176,191,247,267,257,263,229,234,239,249,131,133
Fontanara = Wü B 51‐4‐10,3126,165,165,171,187,288,298,163,167,151,157,263,263,174,182,303,322,77,79,159,159,353,360,247,247,206,210,248,248,178,191,227,233,251,271,223,225,243,257,149,149
Formosa = Pirovano 245,1015,165,171,171,205,294,306,165,165,149,149,261,263,178,190,315,319,77,79,159,167,360,368,246,247,206,210,248,254,182,191,235,243,251,271,223,236,247,251,131,133
Foster's white seedling,765,171,184,171,171,288,294,165,165,149,155,263,263,178,190,303,319,81,83,167,167,355,368,247,253,206,210,240,254,182,182,243,259,251,271,225,234,247,249,149,153
Franc noir de la Haute‐Saône,264,171,184,171,171,288,298,163,167,149,157,263,263,174,182,315,319,83,83,149,159,360,360,247,247,206,214,238,254,176,186,216,227,239,271,225,232,243,249,135,141
François Ier,695,171,184,171,205,294,306,165,167,149,157,263,263,174,180,315,319,77,79,167,173,353,360,253,263,206,206,238,238,176,182,235,243,255,255,225,225,243,253,131,131
Freisamer,2133,165,171,171,171,288,288,167,177,149,149,263,265,174,182,303,317,83,83,159,159,368,368,247,255,206,214,238,240,182,186,235,235,271,271,223,225,239,247,135,151
Froelich X 4‐2,3123,165,173,205,207,288,290,167,167,151,151,263,263,182,188,315,317,79,83,159,159,368,368,241,247,212,215,238,240,178,186,216,233,239,271,225,234,239,247,135,153
Frühgipfler I,598,171,184,164,181,288,294,163,165,151,155,256,263,178,192,319,319,83,83,159,165,353,368,241,247,204,210,240,240,178,186,235,243,251,263,229,234,247,257,131,153
Frühmuskat Oberlin,621,171,184,164,181,294,294,165,165,149,157,263,265,174,182,315,319,77,79,149,167,360,371,247,247,206,210,240,254,178,182,235,267,271,271,223,236,233,243,131,133
Fruttuosa = Pirovano 27,893,184,184,171,202,288,290,159,165,147,149,263,263,186,194,315,319,83,83,167,169,353,371,247,247,206,206,238,248,178,178,235,257,261,261,225,234,239,249,141,147
Fulgens = Pirovano 347,1039,173,184,171,184,290,294,163,165,149,149,263,263,178,180,319,319,79,81,149,159,360,360,253,263,206,206,238,254,176,182,243,247,271,271,234,236,233,247,133,135
Furjmony feher,2134,173,184,164,187,290,294,165,165,149,149,256,256,184,188,315,324,77,87,155,173,351,353,247,253,206,206,248,254,176,182,243,257,251,251,229,234,243,247,133,141
Furmint,25,169,182,171,171,290,294,167,177,149,149,256,263,174,194,315,319,77,77,155,159,353,360,247,255,206,206,238,240,176,191,227,247,263,271,223,238,239,249,131,151
Fürstentraube,2965,171,184,181,184,290,294,163,165,149,155,263,263,178,180,315,319,79,83,155,173,360,368,247,253,206,206,238,254,176,178,233,235,239,271,223,236,247,249,131,133
G. Molon = Pirovano 102,962,173,184,171,187,290,298,165,167,147,149,263,263,190,194,319,322,77,77,149,149,368,368,247,263,206,215,240,240,182,182,233,267,249,261,223,229,243,251,131,143
Gaglioppo,2372,165,169,171,187,288,294,165,166,147,149,263,263,188,194,315,319,83,83,157,173,353,360,241,247,206,206,240,240,176,182,227,233,251,255,223,223,239,262,131,149
Galego de Montemor,1541,169,184,164,177,288,290,165,167,151,151,263,263,178,188,303,319,83,83,159,159,368,371,241,247,206,214,240,254,186,191,247,257,239,271,236,238,239,243,141,143
Galotta,3484,165,165,171,171,288,294,149,165,149,155,263,263,174,174,303,322,77,83,149,159,360,363,241,247,214,215,238,254,186,186,233,245,239,239,229,236,239,262,131,153
Gamay,230,165,184,171,171,288,298,149,167,149,157,263,263,174,178,317,322,83,83,149,159,360,360,247,247,206,214,238,238,178,186,216,245,239,271,232,236,239,249,131,135
Gamay blanc Gloriod,239,165,184,171,177,288,294,167,167,149,149,263,265,174,178,317,322,83,83,149,167,361,368,247,247,206,214,238,254,176,186,227,235,249,271,225,238,243,249,135,141
Ganson,2797,171,188,177,185,288,290,167,179,149,151,263,263,174,174,315,315,77,79,157,159,360,368,241,247,208,210,248,254,188,191,243,245,239,239,223,236,239,243,135,149
Garganega = Grecanico,1264,169,184,185,202,290,294,167,167,147,149,256,265,174,188,324,330,77,77,149,167,357,371,247,247,206,206,240,254,176,191,235,247,249,257,223,229,249,253,131,141
Gargollasa,1464,184,188,164,177,290,290,165,165,151,157,263,263,174,178,315,324,83,83,159,167,353,361,247,247,206,208,254,262,176,191,233,257,239,271,219,238,239,249,141,149
Garro = Mando,3301,171,188,164,205,290,290,165,167,151,157,263,263,174,190,315,324,83,83,159,161,360,368,247,247,206,208,254,262,180,191,243,257,239,271,223,238,239,239,141,149
Genouillet,312,169,171,171,177,294,294,167,167,149,157,263,263,174,180,319,322,77,79,159,167,360,360,247,247,204,206,238,238,178,186,216,245,239,271,223,232,249,249,131,137
Gibert,372,165,171,171,177,288,290,163,179,149,157,263,263,180,188,303,315,79,79,159,167,357,360,247,247,204,206,238,266,182,188,233,257,239,239,223,225,243,262,131,131
Gibi = Hebén,45,184,188,164,185,290,290,165,167,151,151,263,263,174,188,319,324,79,83,157,159,361,368,241,247,206,208,240,254,178,191,233,257,255,271,232,238,239,243,141,143
Gildé,793,165,173,164,205,294,294,163,165,147,149,256,263,188,190,319,324,77,77,155,159,353,353,247,253,206,210,238,248,176,176,227,267,251,263,223,229,251,255,131,147
Giro sardo,2052,165,188,205,205,290,290,165,165,149,149,256,263,174,186,315,319,77,83,167,173,353,361,241,247,206,210,240,254,176,178,243,257,239,271,232,238,239,239,141,143
Glacière,700,173,184,162,187,290,290,165,167,149,149,263,263,188,194,319,319,79,83,157,169,353,357,241,253,206,208,240,254,176,182,245,257,249,251,229,238,243,243,133,143
Gloria Hungariae,2138,165,173,171,187,290,306,163,165,149,157,263,263,190,192,315,315,77,83,159,159,353,371,247,263,206,210,240,248,180,191,267,267,255,271,229,236,247,249,131,147
Goher,2244,169,182,164,171,290,294,165,165,149,149,256,256,174,194,315,315,77,79,155,159,353,361,241,253,206,206,238,240,178,191,233,247,247,271,236,238,239,249,131,151
Gold,2613,165,184,171,205,290,290,163,165,149,155,263,263,178,186,315,319,81,83,159,177,368,368,247,253,206,215,254,254,176,176,235,243,249,271,232,236,239,249,133,133
Golden Ambro,2442,173,182,171,207,290,294,159,167,149,157,263,263,180,188,319,319,83,83,149,171,353,360,241,247,206,206,254,254,176,186,216,235,239,271,225,236,243,247,133,141
Golden Hambourg,3128,169,171,171,181,290,294,163,165,155,157,263,263,180,190,315,315,81,83,149,155,360,368,247,247,206,210,254,254,176,178,233,243,239,271,223,234,247,249,133,135
Goldriesling,597,165,171,171,177,288,290,149,163,149,149,263,263,174,178,303,315,77,83,159,159,360,368,247,247,206,214,248,254,178,186,227,235,251,271,223,225,239,249,135,149
Gora Chirine faux,3258,184,184,187,187,298,298,163,165,151,155,263,263,178,182,315,317,79,83,155,177,353,353,247,247,206,215,238,248,178,191,216,243,249,249,232,232,239,239,143,149
Gordin = Alimchak,2249,173,184,164,207,294,294,165,165,149,149,263,263,176,194,319,326,79,83,165,167,353,360,253,255,206,206,238,254,176,178,227,235,263,271,223,244,239,239,131,133
Grain,3112,165,171,177,187,290,294,167,167,149,151,263,263,180,188,303,315,79,83,159,167,360,360,247,253,206,212,238,254,176,182,257,267,239,255,223,236,239,249,131,141
Gramon,2799,182,194,171,185,288,294,163,167,151,157,263,263,174,178,315,319,77,77,157,167,360,360,247,247,206,208,240,240,191,191,227,243,239,249,232,238,243,243,131,143
Grand Noir de la Calmette,481,171,182,171,177,290,294,163,165,149,151,263,263,174,178,315,319,83,83,159,173,353,360,247,247,206,210,248,270,178,180,235,243,239,249,223,232,239,243,137,149
Granoir,2967,165,184,171,187,288,294,149,167,155,157,263,263,178,182,315,317,79,83,159,159,360,368,247,247,206,214,238,248,178,186,216,247,263,271,225,236,249,257,135,149
Greaca,3211,184,184,184,187,290,294,163,165,149,149,263,263,178,182,315,315,79,83,159,173,357,371,253,253,206,206,238,248,182,191,233,257,239,271,223,223,239,249,131,131
Grec blanc de semis,95,171,184,187,205,294,306,163,165,149,151,263,263,174,180,319,319,79,83,155,173,353,360,253,263,206,206,238,240,176,182,235,257,255,261,225,232,247,253,131,131
Grec rouge,669,165,184,171,187,290,294,165,165,151,151,263,263,180,194,319,319,79,83,159,173,353,360,247,253,206,215,240,254,182,182,235,257,255,261,225,234,247,253,131,141
Greco nero,1274,165,188,181,185,290,294,167,167,149,157,263,263,182,192,313,315,83,83,149,167,360,368,241,253,214,215,254,254,186,191,216,243,249,249,223,223,239,247,133,135
Grenache = Garnacha,34,188,194,185,205,288,290,163,167,151,157,256,263,174,182,315,319,77,83,157,167,353,360,241,247,208,214,240,254,191,191,243,243,239,249,223,238,239,243,135,143
Grillo,1306,165,184,171,179,290,298,165,167,149,151,263,263,174,190,319,319,77,77,157,159,371,371,247,263,206,210,248,254,176,191,235,243,251,271,223,225,249,249,141,147
Gringet,1551,171,188,177,177,290,294,163,165,149,151,263,263,180,188,315,328,77,77,155,167,358,360,247,253,206,215,240,248,176,186,233,263,251,271,225,234,247,257,131,149
Grocanka,3637,184,188,164,164,290,294,165,165,147,149,263,263,172,192,315,326,77,83,159,159,353,368,241,253,206,210,240,248,178,182,257,267,257,271,229,234,247,249,131,153
Gros Bec,292,165,184,171,171,294,294,149,163,149,157,263,263,174,178,315,319,83,83,149,159,360,360,247,247,206,212,238,238,178,182,216,227,249,271,232,236,239,249,131,135
Gros Cabernet,1232,171,188,171,205,288,290,163,179,149,151,263,267,188,192,319,319,83,83,149,159,359,360,247,247,210,210,238,248,182,186,227,247,239,239,234,236,239,262,131,137
Gros Colman,774,173,184,164,164,294,294,163,165,149,149,256,256,186,188,315,324,77,79,155,159,353,353,247,247,206,206,238,254,176,182,227,243,251,271,223,234,247,255,131,133
Gros Courbu de semis,3078,184,188,171,177,288,290,163,163,149,157,263,267,180,190,313,315,83,83,159,159,355,375,247,247,210,214,240,248,186,188,233,233,239,271,223,238,239,247,131,131
Gros Manseng,421,167,171,171,177,288,288,163,163,149,151,263,263,180,194,303,319,77,79,159,161,360,363,246,247,210,214,238,248,186,186,227,233,239,239,229,236,239,257,137,149
Gros Manseng de Lucq,419,171,188,171,177,288,290,163,165,151,151,263,263,188,194,303,311,77,77,149,159,360,368,246,255,206,210,238,248,178,186,227,227,239,257,223,229,257,262,137,149
Gros Mansois,1220,167,171,171,177,290,290,163,179,151,157,261,263,178,188,311,319,83,83,159,173,353,360,247,247,206,214,238,248,178,186,227,263,239,251,223,225,239,249,131,149
Gros Maroc,775,171,173,171,181,294,294,165,165,155,157,263,263,178,190,315,319,81,83,155,167,355,368,247,247,206,210,254,254,178,182,243,259,249,251,236,236,247,249,133,149
Gros Péjac,366,171,171,171,177,294,294,165,167,149,157,261,263,180,180,303,313,83,83,159,173,360,368,241,253,206,210,238,254,186,186,247,257,239,239,223,238,239,249,131,141
Gros vert,625,169,184,171,184,294,294,165,167,149,149,263,263,180,188,319,319,79,83,149,167,353,368,247,253,206,210,238,254,176,191,233,247,239,271,223,236,243,249,131,135
Grosse Jacquère,165,169,171,171,187,294,294,167,167,149,149,263,263,174,188,303,322,77,83,159,167,360,360,247,247,206,206,238,254,176,178,245,257,239,271,223,232,249,249,131,141
Grosse Roussette,172,169,184,171,177,290,298,165,167,149,157,261,263,174,186,315,319,77,77,159,161,360,360,247,263,206,210,254,254,176,188,243,245,255,271,232,234,247,249,141,149
Gueuche noir,209,171,184,171,171,290,294,149,167,149,157,263,263,182,188,317,319,77,81,149,167,360,360,247,247,206,210,248,254,178,186,235,245,249,271,225,238,249,262,141,149
Guignard de Saintours,391,169,171,171,203,288,298,149,165,149,149,263,263,178,182,319,328,83,83,159,169,361,368,247,247,206,206,238,248,176,188,227,233,249,271,232,234,239,249,131,149
Guillemot,396,171,184,171,181,288,290,167,179,151,157,263,263,180,186,319,324,77,83,157,159,353,360,247,247,210,210,238,254,176,186,233,253,239,255,234,234,247,249,131,153
Guinrinsky,3437,184,184,185,207,294,294,165,165,149,149,256,265,182,188,319,330,77,83,159,159,357,360,241,247,206,210,238,254,178,186,233,247,251,255,223,236,239,249,133,141
Guirah,3510,167,184,171,185,294,298,165,165,149,151,256,265,188,194,319,328,83,83,167,173,368,371,247,253,206,208,240,240,178,178,239,243,243,255,232,238,239,259,143,143
Guzal Kara,3276,184,194,164,171,294,298,163,177,149,155,256,263,178,186,319,324,79,79,153,155,353,375,247,249,206,210,248,254,182,191,227,233,251,271,223,238,243,247,133,149
Gyöngy feher,2819,165,167,164,171,294,298,139,167,147,149,256,263,174,176,315,317,79,79,149,159,353,353,247,247,206,210,238,238,186,191,235,247,255,271,225,232,239,239,131,131
Gyöngy szölö,2820,165,184,181,205,294,294,165,167,149,149,263,263,182,190,319,330,77,79,149,159,360,386,247,263,208,210,248,254,186,191,243,243,239,271,225,229,239,249,131,141
Halholyag,1966,173,184,167,187,290,294,165,165,149,149,256,263,182,184,324,326,77,81,155,173,351,353,246,253,206,206,248,248,176,182,243,257,261,261,229,229,239,247,141,141
Hamvas,2140,169,184,164,171,290,290,165,167,147,149,256,256,172,176,315,322,77,79,159,159,353,361,247,255,206,206,238,238,176,191,247,276,251,263,225,236,247,247,131,141
Harslevelu,1609,182,196,171,181,294,294,165,177,149,149,263,263,174,176,315,319,77,77,155,165,353,360,241,255,206,206,238,240,176,176,227,247,263,271,223,229,239,247,131,143
Hegedüs Sandor,2562,165,196,171,171,294,294,165,165,149,157,263,263,176,180,319,319,77,77,159,165,358,360,255,263,206,210,238,240,176,186,243,247,263,263,229,229,247,249,131,131
Hegoa,3819,165,169,171,177,288,290,163,179,149,157,258,263,178,188,303,303,77,83,159,159,360,360,247,247,210,210,248,248,186,188,216,233,271,271,229,234,239,243,149,149
Houssein rouge,3260,165,173,181,202,290,290,165,177,149,155,256,263,182,184,315,319,77,79,149,173,353,353,246,247,206,210,244,254,182,191,243,243,249,257,225,232,243,249,133,153
Huevo de gato negro,3294,184,184,164,184,290,294,165,167,149,149,263,263,174,182,315,319,83,83,157,159,353,357,241,253,206,206,238,254,186,191,243,247,255,257,229,238,239,249,133,133
Humagne blanc,361,171,173,177,187,290,298,163,163,151,157,261,263,178,182,315,317,77,83,159,167,368,368,247,253,204,206,248,254,182,186,243,257,255,261,223,234,243,253,131,149
Hunisa,2903,184,188,162,202,290,290,139,159,149,151,263,263,172,188,315,315,77,83,151,157,353,355,247,263,206,215,244,248,178,191,243,243,249,273,225,229,239,253,141,147
Ichkimar,1221,165,165,181,181,290,290,139,165,151,155,263,263,184,186,319,319,79,79,145,177,360,375,241,247,214,215,248,254,182,191,234,243,249,255,232,238,243,253,139,149
Icod de los Vinos,2905,184,188,164,173,290,290,165,167,149,149,256,263,174,188,315,319,79,79,159,163,361,361,241,247,204,206,240,254,178,182,243,247,251,257,219,225,239,249,131,141
Ida,1418,173,182,181,205,294,294,165,165,149,157,263,263,176,180,315,319,77,77,155,159,353,358,241,263,206,210,238,248,176,186,247,267,263,263,225,229,239,239,131,131
Ignea = Pirovano 185,996,173,184,171,205,290,294,163,165,149,157,263,263,180,192,319,319,79,83,159,159,358,358,253,263,206,210,248,254,182,191,233,243,239,263,229,234,247,251,131,141
Impero = Pirovano 264,1017,165,184,184,205,290,294,163,163,149,155,263,263,180,186,319,319,79,81,149,167,360,368,253,253,206,210,238,248,176,176,233,243,271,271,229,236,243,249,135,147
Irsay Oliver,1448,184,188,171,207,290,290,163,165,149,155,263,263,174,192,315,319,77,83,159,165,368,371,241,241,210,210,240,254,176,178,216,267,249,271,223,234,247,249,133,153
Isa,2978,165,173,164,187,294,306,163,165,155,157,256,263,186,192,315,319,79,83,159,159,353,353,247,263,206,206,240,254,176,180,267,267,255,271,229,234,249,249,131,133
Italia = Pirovano 65,926,171,184,171,205,290,294,163,165,155,157,263,263,178,186,319,319,81,83,167,173,368,371,247,253,206,210,238,248,176,191,233,243,251,271,229,236,243,247,131,147
Ithaki,2906,169,188,164,171,290,290,165,167,149,155,263,263,178,180,315,319,79,83,157,159,357,360,253,263,206,206,238,240,176,176,233,233,261,271,223,234,243,247,131,131
Ivan,2419,173,184,164,171,290,294,167,177,149,157,263,263,178,180,319,326,79,83,159,159,358,360,241,263,206,210,240,240,182,186,257,267,239,273,229,244,247,249,131,137
Izsaki sarfeher,1613,184,184,171,207,294,294,165,167,149,149,256,263,182,182,315,319,81,83,145,167,355,357,241,247,204,210,240,254,176,186,235,257,255,271,223,229,239,249,141,143
Jaen negro,1386,184,188,171,185,290,290,165,167,149,151,263,263,178,190,315,319,79,83,163,173,357,361,247,247,206,206,240,240,178,186,243,247,255,257,232,238,239,243,131,143
Javor gross,2143,182,184,164,171,290,298,165,167,149,149,256,263,174,176,315,319,77,77,155,159,361,361,241,247,206,215,238,240,178,191,227,247,271,271,223,232,239,249,131,151
Jean Bernath,1091,165,182,164,205,294,294,165,167,149,157,261,263,176,180,315,319,77,83,159,159,358,360,247,263,206,210,240,254,182,186,243,259,263,271,223,225,239,255,131,133
Jeludovii,2253,178,184,171,177,290,290,139,165,149,151,263,263,186,188,315,315,77,79,149,159,353,358,253,263,206,220,240,244,186,191,233,257,271,275,225,225,233,249,143,149
Jo Rizling,2563,169,173,171,171,290,294,163,167,149,157,263,263,172,180,315,315,83,83,149,159,358,360,247,263,210,210,240,268,186,186,245,267,239,239,225,236,247,247,131,149
João Domingos,2492,171,178,185,205,290,294,165,179,149,151,261,263,174,190,315,328,77,79,155,163,353,359,241,253,206,210,240,256,180,182,235,253,239,255,232,234,239,262,131,149
Joubertin,154,165,165,171,205,288,290,163,167,149,151,263,263,182,194,303,315,81,83,149,159,360,360,247,247,206,206,240,262,182,186,233,235,249,251,229,236,257,257,149,149
Julius Caesar,1705,171,171,177,207,294,294,163,167,147,157,263,263,163,178,319,326,77,83,159,159,360,360,247,263,210,210,240,240,178,186,216,267,239,271,234,234,239,247,131,153
Jurançon blanc,379,169,171,171,187,290,294,163,167,149,149,263,263,174,182,315,322,83,83,159,167,360,368,247,253,206,210,238,248,176,178,245,267,239,271,223,232,239,239,131,149
Jurançon noir,370,165,171,171,177,288,294,167,179,149,149,263,263,174,180,315,317,77,79,159,159,360,368,241,247,206,210,238,248,186,188,233,245,239,251,232,236,239,262,149,149
Kadarka,1610,182,184,164,164,294,294,163,167,149,149,256,261,176,186,315,315,77,79,159,159,353,360,247,247,206,206,238,254,182,191,227,259,271,271,223,223,247,255,131,133
Kaisermuskat,613,173,184,171,187,294,298,149,163,151,157,261,263,182,182,319,322,77,83,157,159,353,368,247,263,206,210,248,248,176,178,227,245,251,263,223,223,243,257,131,149
Kalecik siyahi,2097,165,184,173,177,294,294,167,175,147,147,261,263,176,182,315,319,77,77,147,147,356,371,241,246,206,215,254,270,176,176,233,235,251,255,234,238,233,249,141,147
Kanzler = Alzey 3983,2707,171,184,169,187,288,294,149,163,149,157,263,263,182,192,315,319,77,83,159,159,360,368,247,247,206,214,248,254,178,191,235,243,251,271,225,229,243,257,141,149
Kara Uzyum Nukhurskii,3154,173,194,181,187,290,294,139,147,149,151,256,256,186,188,319,328,79,83,149,159,337,353,247,253,210,214,248,262,176,184,257,270,251,271,232,234,233,253,133,151
Karasakis faux,3288,171,184,171,205,290,294,163,165,149,157,263,263,186,186,319,319,77,83,171,173,371,371,253,263,206,210,238,248,191,191,233,267,263,271,229,229,243,249,131,131
Karmir Kakhani,2278,165,188,162,187,290,290,165,165,151,155,263,263,182,190,315,319,77,79,149,177,353,353,241,253,206,206,248,266,176,191,237,243,249,271,238,238,243,253,133,149
Karmraiute,3648,182,182,164,171,290,294,151,167,151,151,256,263,186,192,309,317,77,77,167,173,360,360,241,247,206,208,240,240,176,178,243,259,249,249,234,236,243,249,131,131
Karystino,364,173,184,171,182,290,294,165,177,149,149,263,263,176,180,319,319,77,79,159,167,347,357,246,249,206,206,240,248,176,182,233,257,255,257,223,229,239,245,139,149
Kecskemet kincse,1090,171,184,171,171,290,294,167,177,151,157,263,263,180,188,315,319,77,83,155,157,353,358,241,263,206,210,254,254,178,182,216,233,251,271,234,236,247,249,133,141
Kecskemeti izes,2536,182,184,164,171,290,290,163,165,149,151,263,265,176,182,319,330,77,83,155,165,360,371,241,253,206,210,240,254,176,191,235,267,247,271,223,238,247,255,133,143
Kecskemeti rizling,1758,182,184,164,171,290,294,165,167,149,151,256,256,174,182,319,330,77,83,149,155,353,360,241,241,206,210,238,240,176,191,235,267,271,271,223,238,247,255,133,151
Kék Kadarka,3446,184,184,164,164,294,294,163,165,149,149,256,261,176,188,315,324,77,79,155,159,351,360,247,253,206,206,248,254,182,191,243,259,251,271,223,229,247,247,133,141
Kekhlibar,2772,184,188,177,202,290,294,139,159,149,151,263,263,178,188,315,324,77,83,149,157,353,356,247,263,210,220,244,248,176,191,243,257,255,273,225,234,233,239,149,151
Kékmedoc,2878,165,173,171,205,294,294,163,167,149,157,261,263,180,182,315,319,83,83,159,173,360,368,263,263,206,210,238,240,176,182,216,245,239,263,225,234,243,247,131,131
Kerner = We S 25‐30,2743,171,184,171,187,288,294,163,165,149,155,263,263,174,190,303,319,81,83,155,159,353,368,247,247,206,210,240,248,182,186,227,235,271,271,223,234,247,257,149,153
Khalili belyi,657,165,194,171,181,290,294,147,165,149,151,256,267,186,186,315,317,79,83,159,159,353,361,247,253,206,210,238,240,176,182,243,257,249,261,232,238,235,249,122,133
Khoussaïné blanc,1227,165,173,181,202,290,290,139,177,155,155,263,267,182,184,315,319,79,79,149,149,353,360,247,247,210,214,244,254,191,191,243,257,249,271,221,232,243,243,145,153
Kibraïski,2781,165,169,181,189,294,298,159,165,147,151,256,263,182,182,315,319,83,83,155,171,353,353,247,253,215,218,248,254,178,180,245,257,249,271,232,236,249,253,133,153
Kichmich chichraou,2773,169,184,187,202,290,298,163,165,147,151,256,256,182,184,315,319,79,83,155,155,353,353,247,253,206,206,248,248,178,191,216,243,249,249,225,232,243,249,149,149
Kichmich rond,1678,165,165,177,187,290,290,163,165,151,155,261,263,178,194,317,319,79,79,159,177,371,373,241,253,206,210,240,248,178,186,243,247,249,271,225,232,239,249,143,149
Kichmich tcherni,3264,169,184,189,202,290,298,163,165,147,155,256,261,178,182,315,319,79,83,155,167,356,356,247,253,206,218,244,248,178,191,216,245,249,249,232,232,249,253,149,153
Kincsem,1944,165,182,205,207,294,294,165,177,149,157,263,263,180,194,315,319,77,77,159,159,371,371,247,263,206,210,240,254,184,186,247,267,263,271,229,232,239,239,131,141
Kizil sapak faux,746,165,173,181,187,294,306,147,165,149,149,256,256,184,186,315,319,83,83,149,159,337,353,246,247,206,214,240,248,176,184,257,270,271,271,234,238,233,253,133,151
Kizil Yakdona,3432,173,173,171,181,290,290,177,177,151,155,256,263,182,182,319,328,79,83,149,155,353,357,241,247,214,214,240,244,182,191,243,243,257,271,232,232,243,253,122,153
Kleinrauschling,3656,171,184,171,177,288,294,149,163,149,149,263,263,174,192,317,319,83,83,159,167,360,361,247,247,206,214,248,254,178,186,227,233,249,271,229,232,249,257,141,149
Knipperlé,283,165,184,171,177,288,294,167,167,149,149,263,265,182,182,315,319,83,83,159,167,360,368,247,247,206,212,248,254,176,186,227,235,239,249,225,232,239,239,141,149
Knipperlé précoce faux,3512,165,165,171,177,288,294,167,167,149,149,263,263,182,182,315,319,83,83,159,167,360,368,247,247,206,206,248,254,176,176,235,235,249,249,232,232,239,239,141,149
Knipperlé tardif faux,3513,165,184,171,177,288,294,167,167,149,149,263,265,182,182,315,319,83,83,159,167,368,368,247,247,206,212,254,254,176,186,235,235,249,249,232,232,239,239,141,141
Kocsis Irma,1969,165,184,171,187,290,306,163,165,149,151,263,263,186,192,315,315,79,83,157,173,353,371,247,247,206,210,238,254,180,191,247,267,239,271,236,236,247,249,131,133
Kocsis Pal szilvanija,2821,169,171,171,171,290,294,165,177,149,155,256,263,174,180,315,319,77,79,155,159,353,358,255,263,206,210,240,254,182,191,227,243,263,271,223,225,239,247,133,151
Kocsis Sandor,2535,173,182,171,205,294,294,165,177,149,149,263,263,174,180,315,319,77,83,159,165,360,360,241,263,206,210,238,240,176,186,227,267,239,263,223,225,239,249,131,131
Kok khabakh,3163,171,184,181,185,294,298,163,165,151,151,263,267,178,178,315,317,79,83,159,177,353,360,241,247,210,215,238,240,178,182,243,243,239,271,232,234,243,247,143,153
Kokour bely,1733,171,188,181,207,294,306,165,173,149,151,263,263,176,182,315,326,79,83,155,167,353,361,247,253,206,206,238,254,184,184,257,257,249,261,225,236,239,249,143,143
Königstraube faux,3664,165,169,171,177,288,298,167,167,149,149,263,265,178,182,315,319,77,83,159,167,361,368,247,247,206,212,248,254,176,182,216,227,239,271,232,236,243,249,141,149
Kontegalo,3396,171,184,171,181,290,290,165,165,147,151,263,263,180,188,315,317,83,83,147,157,353,355,253,263,208,215,238,244,182,184,243,243,261,271,234,236,247,249,131,143
Koptchak,3429,169,184,165,205,290,294,167,177,149,149,263,263,174,182,315,328,77,79,155,159,353,360,247,253,206,206,238,248,178,191,227,247,251,271,236,244,239,249,131,141
Kosorotovskii,2636,184,184,164,171,294,298,165,167,149,149,263,263,182,182,324,326,77,83,155,155,360,360,241,253,206,206,238,238,176,182,233,259,251,271,244,244,239,247,131,131
Kosovska rana,3641,165,184,177,205,294,294,165,167,147,155,261,263,178,186,315,315,77,81,159,167,368,368,247,247,210,214,248,254,182,182,216,235,271,271,225,229,243,247,133,149
Kourtseite aganin isioum,3434,173,182,187,207,294,294,165,171,149,149,263,263,182,184,319,319,81,83,157,177,353,361,246,253,206,206,238,248,182,186,257,257,261,271,225,234,249,253,141,143
Koutsoumbeli aspro,3170,169,184,167,171,294,294,167,167,149,151,263,265,172,188,315,330,77,83,159,159,360,371,247,253,206,208,238,254,180,186,245,257,271,271,223,238,239,249,133,141
Kovacs Kreger,3447,169,184,171,207,294,294,165,177,149,149,263,263,182,194,315,319,77,83,155,167,353,360,247,253,206,206,238,238,176,176,235,247,263,271,223,236,239,239,131,131
Köver Szölö faux,3174,182,184,164,171,290,298,149,177,149,149,256,263,182,194,315,319,77,83,155,167,360,361,241,247,206,215,238,240,176,191,245,276,263,271,223,232,247,249,131,151
Kövidinka,1578,182,184,171,207,294,294,167,177,149,151,263,265,182,194,315,330,77,83,159,159,360,371,241,247,206,210,240,254,178,184,233,247,251,271,232,238,239,249,131,141
Koz ouzioum,2635,171,184,177,202,294,294,151,165,151,151,263,263,178,184,315,319,83,83,155,157,353,360,246,249,206,210,238,240,182,191,233,257,271,271,232,234,249,249,133,135
Krasnostop zolotovskii,2637,171,194,171,171,290,290,163,165,149,151,256,263,176,190,317,319,79,83,159,165,351,363,241,241,210,215,238,248,186,186,235,243,247,251,219,244,239,264,131,143
Kurtelaska,1640,184,184,164,164,288,294,165,173,151,151,263,263,174,180,319,324,77,83,159,167,353,357,241,247,206,206,240,240,178,186,243,257,261,271,225,244,243,253,131,143
Lagauzère C,2019,184,188,171,171,290,294,163,167,149,149,263,263,182,192,315,324,77,83,159,167,360,371,247,247,206,215,240,254,172,180,243,247,239,271,223,234,239,249,131,141
Lagrein,1287,171,184,171,171,290,294,165,167,149,151,261,263,188,194,315,319,79,79,157,161,353,363,241,247,206,212,238,240,182,182,227,253,239,251,225,236,239,247,135,153
Lasina,1642,165,184,164,171,290,294,163,167,149,151,263,263,182,188,322,324,77,79,159,167,357,360,247,255,204,210,238,238,176,178,235,245,239,255,225,244,233,239,131,131
Laska,287,182,184,171,202,290,298,167,167,149,149,261,263,182,186,319,322,77,83,159,159,361,361,247,247,206,206,238,254,178,191,227,227,271,271,223,232,239,239,131,131
Latina = Pirovano 711,2269,171,184,171,181,290,294,165,165,149,155,263,263,186,190,319,319,83,87,157,167,353,371,247,253,206,210,248,254,178,191,233,235,261,271,225,229,239,247,133,147
L'Enfant trouvé,2300,171,173,171,171,294,294,163,165,155,157,263,263,178,180,315,319,79,81,149,155,358,368,247,247,206,210,254,254,178,182,216,243,239,271,234,236,239,247,131,133
Lesz meg hazam,2565,165,182,171,171,294,294,165,167,149,149,263,265,180,194,315,319,83,83,159,159,360,360,247,263,210,210,240,254,176,178,233,267,239,271,225,238,239,249,131,141
Lignan,646,169,184,162,171,288,290,167,173,151,151,256,263,192,194,317,319,79,83,167,173,360,368,247,253,206,206,240,248,182,182,233,245,251,261,225,234,247,247,143,153
Liliorila,2749,165,171,171,205,288,294,163,163,149,149,263,265,174,178,319,319,77,83,159,159,360,368,247,247,206,214,238,254,178,186,216,267,239,239,232,236,239,249,135,153
Limberger = Blaufränkisch,251,167,184,171,202,298,298,165,167,149,149,263,265,172,174,319,322,77,83,149,159,353,361,247,253,206,206,248,254,176,191,245,245,249,271,223,238,239,249,141,141
Linné,694,171,173,171,171,294,294,165,165,155,157,263,263,190,194,315,315,79,83,155,167,357,368,247,253,206,210,240,254,176,182,243,263,249,251,225,234,239,247,149,153
Listan = Palomino fino,28,184,188,173,205,290,306,165,165,149,149,256,263,186,188,315,319,79,79,159,163,360,361,241,247,206,206,240,240,182,191,235,247,255,257,225,238,239,249,131,143
Lisztes feher,2808,169,184,171,171,290,294,139,165,149,151,256,256,174,182,315,328,79,83,155,159,360,361,247,253,206,206,238,240,176,178,233,247,247,257,229,238,247,249,131,143
Littorio = Pirovano 90,950,182,184,164,187,290,294,165,167,149,151,263,263,182,188,319,330,77,77,149,157,357,368,247,253,206,206,238,240,176,182,235,259,261,271,229,232,243,247,131,143
Lival,2790,173,184,171,205,288,294,165,173,149,151,256,256,186,192,319,324,79,83,155,167,353,360,247,247,206,210,238,248,182,182,233,243,261,271,223,234,247,255,131,153
Lombardia = Pirovano 353,1042,173,184,171,171,294,294,163,165,155,157,263,263,178,180,319,319,81,81,159,173,358,368,247,247,206,210,248,254,182,191,233,243,251,271,229,236,247,247,133,147
Louali,2165,184,184,181,202,290,294,167,167,147,147,263,263,182,188,315,319,83,83,149,167,360,371,247,247,206,206,240,254,180,182,257,259,251,251,234,238,233,253,131,135
Louisette,3514,165,171,171,177,290,298,163,167,149,149,263,263,178,182,315,322,83,83,159,173,353,371,247,253,206,214,248,254,176,186,227,233,251,271,225,232,243,249,135,149
Loureiro,1538,169,171,177,203,290,294,143,167,151,151,263,263,178,188,315,317,79,83,159,161,355,363,241,247,204,210,248,254,178,182,257,267,239,251,229,229,251,262,141,149
Lucien Baltet,724,165,165,171,179,288,294,149,165,149,157,263,263,174,190,315,322,77,83,159,171,360,360,247,263,210,214,238,248,176,178,216,267,263,271,229,236,239,249,131,135
Macabeu,46,184,184,177,185,290,294,165,165,151,151,263,263,174,194,315,324,79,83,155,157,368,371,241,251,206,208,238,240,186,191,235,257,249,255,232,234,239,239,131,143
Madeleine angevine,652,171,173,181,207,290,294,163,167,151,155,263,263,178,188,315,326,79,83,159,167,353,368,241,247,210,215,240,254,178,191,216,243,239,271,234,238,247,247,133,153
Madeleine angevine Oberlin,622,171,171,169,207,294,294,163,167,149,155,263,263,178,178,319,326,79,83,159,159,360,368,241,247,206,215,254,254,178,178,227,243,271,271,234,236,243,247,133,133
Madeleine Céline,3515,169,171,177,181,288,294,163,167,149,155,263,265,178,178,315,315,79,83,159,167,368,371,247,253,210,214,254,254,176,178,216,233,239,271,225,238,239,247,133,135
Madeleine de Clermont,2233,171,173,177,207,290,294,163,167,155,157,263,263,178,192,315,326,79,79,149,159,360,368,241,263,206,215,240,240,182,191,243,267,239,271,234,238,247,247,141,153
Madeleine royale,653,165,171,171,181,294,294,165,167,155,157,263,263,178,182,315,319,79,83,159,167,368,368,247,247,210,212,240,248,178,186,216,243,251,271,225,234,243,247,149,153
Madeleine Sämling 18,655,165,173,187,207,290,298,149,163,151,151,263,263,174,178,303,326,83,83,157,167,353,360,247,247,206,215,240,254,186,191,216,233,239,271,223,238,247,257,141,153
Madina,2956,165,173,164,187,290,290,163,165,155,155,263,263,178,182,315,315,83,83,155,177,368,368,247,253,206,215,248,254,176,191,243,243,249,251,223,232,239,249,133,149
Magliocco,1289,182,188,177,185,288,290,163,165,147,149,263,263,186,194,319,330,77,77,157,173,353,357,241,247,206,206,240,254,176,180,243,243,249,251,223,223,239,251,131,141
Mai,3407,171,182,169,187,290,294,163,165,151,155,263,263,178,186,319,319,79,83,159,171,353,360,241,253,204,206,254,254,178,180,227,257,251,271,225,234,243,247,133,133
Mai 10 = Plovdiv II‐6‐30,3408,184,188,164,207,294,294,163,177,149,155,263,263,178,182,315,326,77,79,159,159,353,360,253,263,206,206,240,254,176,182,216,257,257,271,229,234,247,249,131,133
Mai 3 = Plovdiv II‐6‐16,3409,184,188,187,207,290,294,165,177,147,149,263,263,172,178,315,315,79,83,159,159,353,360,241,253,206,210,240,248,178,182,257,267,257,271,223,234,247,249,131,133
Malaga II (Dumas),2570,184,184,179,205,290,294,165,165,147,149,263,263,186,186,315,319,77,77,159,159,386,386,263,263,210,210,248,248,176,191,243,267,263,271,229,229,249,251,147,147
Malpé,453,165,171,171,171,290,294,163,179,151,151,261,263,188,188,319,319,77,83,149,159,360,368,247,247,206,210,238,248,176,182,227,227,239,255,223,225,239,239,131,137
Malvar,1371,184,188,185,185,290,290,163,167,149,151,261,263,174,188,319,324,77,79,155,157,360,361,241,251,206,212,240,254,176,191,257,257,255,271,234,238,239,243,141,143
Malvasia de Colares,3585,167,188,171,185,290,294,163,165,151,151,263,263,174,178,315,319,77,83,157,159,360,361,246,247,204,206,240,258,178,191,233,235,239,271,229,232,239,239,141,143
Malvasia del Chianti,1352,171,196,164,205,294,298,165,165,149,151,256,263,172,176,315,317,77,87,159,167,353,371,247,247,206,206,238,240,176,176,247,253,251,255,223,238,239,253,143,143
Malvasia del Lazio,2383,165,171,171,205,290,294,165,165,147,155,263,263,178,186,315,319,77,79,159,167,368,371,247,253,206,210,248,254,176,182,243,267,251,263,225,234,247,251,133,147
Malvasia nera di Brindisi,2384,165,171,164,164,290,298,165,165,151,155,256,256,172,188,317,324,77,79,159,159,345,353,247,247,206,210,240,240,176,178,233,247,251,251,223,234,239,249,143,143
Malvina,3054,165,169,171,187,290,294,163,167,149,155,263,263,178,178,317,319,79,83,149,177,353,361,247,253,206,206,248,254,178,191,227,243,249,249,232,232,239,243,141,149
Mamelon,738,165,171,171,187,290,290,163,167,151,157,263,263,192,194,317,319,79,83,149,159,358,371,241,247,206,210,240,248,186,186,216,243,239,271,234,238,239,239,131,149
Mandrègue,464,171,184,171,187,288,290,165,175,149,149,261,263,178,186,303,315,77,83,155,167,353,371,241,247,206,206,254,254,176,182,247,263,249,251,225,229,249,253,131,149
Manharttraube blanc faux,3662,171,171,171,181,290,294,163,165,149,157,263,263,163,178,319,319,79,79,159,167,360,368,247,247,206,210,240,254,182,182,216,243,239,271,225,234,239,247,131,133
Manseng noir,420,167,171,171,171,288,294,165,167,151,157,263,263,178,180,313,319,77,77,149,159,360,360,247,247,206,210,240,254,186,186,233,267,239,239,234,238,239,249,131,153
Mansonnet,102,184,188,171,187,290,294,163,163,149,149,263,263,180,188,319,322,83,83,161,173,360,360,247,263,206,210,240,240,178,182,245,257,261,261,223,225,239,253,131,131
Manto negro,3299,165,188,202,205,290,294,165,165,151,151,256,263,174,174,315,319,79,79,159,173,361,361,241,253,208,215,240,240,178,191,243,257,255,271,232,234,239,243,131,143
Manzoni 2‐15,677,165,182,171,207,294,294,167,167,149,157,263,265,190,194,319,330,77,83,159,159,358,360,241,263,206,210,248,254,184,186,233,243,239,271,229,238,249,249,131,141
Manzoni 3‐26,678,169,184,164,164,288,290,165,167,149,151,256,263,182,194,315,317,79,83,159,167,357,360,247,253,206,206,248,248,182,182,233,245,257,261,223,225,247,249,131,153
Maréchal Bosquet,821,171,182,177,187,290,294,159,163,149,157,263,263,180,182,319,319,79,83,149,171,353,358,241,263,206,210,254,254,186,191,216,257,239,255,225,238,247,247,133,141
Maren,3182,165,171,164,164,290,294,165,167,149,149,261,263,188,190,319,324,79,83,155,159,353,368,247,247,206,210,238,254,182,191,235,267,255,261,223,244,239,249,131,133
Marocain noir,69,169,188,171,181,294,294,163,167,147,149,263,263,178,180,315,319,83,83,157,167,353,360,241,253,206,206,238,240,176,176,233,235,239,255,223,236,249,249,131,131
Marsanne de Pays,149,184,184,171,187,294,294,165,167,149,149,263,263,174,194,319,319,83,83,149,167,357,361,247,247,206,212,238,266,176,186,247,257,239,239,232,236,239,249,131,141
Marselan,2960,184,194,177,205,290,290,163,165,151,157,263,267,174,188,311,315,83,83,157,159,353,360,247,255,208,215,238,240,186,191,233,243,239,239,223,229,239,243,137,143
Mauzac,443,171,182,171,177,290,290,163,167,149,157,263,263,182,192,315,319,77,83,159,173,360,360,241,247,210,214,248,248,182,188,227,233,239,239,227,229,239,249,131,149
Mavrodaphni,1800,173,188,171,187,294,306,163,167,151,151,256,263,174,188,319,319,77,83,159,159,353,368,241,263,206,210,254,254,180,186,235,243,251,257,223,229,239,239,141,141
Mayorquin = Farana,1900,184,184,164,164,290,290,165,167,151,151,263,263,174,188,315,319,83,83,157,173,353,368,247,251,208,215,240,254,176,191,247,257,249,271,225,238,239,243,141,143
Melbento,1172,165,184,177,205,290,294,165,167,147,147,261,263,186,188,319,324,77,79,159,171,361,371,247,263,210,210,248,254,176,191,235,267,263,271,225,236,251,257,131,141
Melon,315,171,184,171,177,288,298,163,167,149,157,263,265,178,182,317,322,83,83,159,167,360,368,247,247,206,214,238,254,178,182,227,235,239,249,236,238,239,249,135,141
Menna di vacca bianca,3189,171,184,171,171,288,294,163,165,149,151,263,265,178,178,315,319,83,83,159,167,368,371,247,247,206,214,240,254,182,186,235,243,251,271,234,234,239,247,135,153
Merlinot,3518,171,184,164,171,290,294,165,167,149,151,263,265,182,192,319,322,83,83,159,167,361,368,247,263,206,206,238,238,172,176,245,247,271,271,232,236,239,257,131,137
Merlot,326,171,184,171,203,290,294,165,165,149,149,263,267,182,188,311,328,77,79,159,169,368,368,241,246,206,210,238,248,186,188,227,233,239,239,223,234,239,247,137,149
Merlot blanc,339,169,171,171,203,294,294,165,167,149,151,263,263,178,182,322,328,77,77,159,169,360,368,246,247,206,210,248,248,186,188,227,245,239,271,223,234,239,247,149,149
Merseguera,1360,184,188,185,185,290,290,163,167,151,151,261,263,188,188,319,319,77,79,157,173,353,368,247,247,208,212,240,254,182,191,233,257,255,271,238,238,239,243,141,143
Meslier noir,417,165,184,171,171,288,298,149,163,149,149,263,263,174,178,319,322,77,83,149,167,360,360,247,247,206,210,238,248,176,178,216,235,271,271,232,232,249,257,135,149
Meslier Saint‐François,397,169,171,171,171,288,294,165,167,149,149,263,263,174,178,317,319,83,83,159,167,360,361,247,247,206,210,238,240,172,176,227,233,271,271,229,232,239,239,131,131
Métis Clerc,2328,171,171,177,181,288,288,165,167,157,157,263,263,178,192,315,315,77,83,149,149,360,368,247,253,214,215,238,238,176,186,216,243,239,271,225,236,239,247,135,149
Mezi,268,165,169,171,171,288,294,163,167,149,149,263,263,174,182,317,319,83,83,159,167,360,368,246,247,206,214,238,248,176,186,227,235,239,249,225,238,239,249,131,149
Michele Palieri = Palieri 5,2770,165,186,164,164,290,294,165,167,149,151,263,263,186,188,319,319,77,83,159,159,368,371,247,247,206,208,254,254,182,191,233,243,251,271,236,236,243,255,133,135
Mikveh 17,510,165,165,171,181,290,294,165,165,149,149,263,263,178,186,319,324,71,81,167,177,347,368,241,247,210,210,240,248,176,182,243,257,261,271,229,236,247,247,147,147
Milgranet,436,171,184,164,171,294,298,163,167,149,157,263,263,174,188,317,319,77,77,159,167,360,360,247,247,206,210,238,238,176,182,227,243,239,249,232,236,249,249,131,137
Milton,817,173,182,171,207,290,290,165,167,149,157,263,263,188,192,319,326,83,83,159,159,353,360,241,247,206,215,254,254,176,186,216,235,239,255,234,236,239,243,133,141
Mireille,2713,171,171,205,207,290,294,163,165,155,155,263,263,178,192,315,319,83,83,159,173,368,368,253,263,206,210,238,240,176,178,233,267,271,271,229,234,243,247,131,131
Mirni,2786,165,165,181,205,290,298,165,177,149,155,263,263,178,186,319,319,77,79,153,159,353,361,247,247,206,218,244,248,182,191,233,235,271,271,234,238,247,253,133,153
Misguli kara,2917,169,188,173,185,290,294,165,167,149,151,263,263,172,174,315,315,77,79,157,159,371,374,253,253,206,210,240,244,178,180,235,257,251,271,234,246,249,253,143,147
Mishung = Kakourdess biely,734,171,184,181,187,294,306,165,165,151,151,263,263,176,178,315,315,79,83,155,157,353,353,241,253,206,215,238,240,182,184,257,257,249,255,234,236,243,249,135,143
Misket Trakijshi,3140,169,171,171,207,290,294,165,165,149,155,263,263,182,192,315,322,77,77,155,159,360,368,247,263,206,206,240,248,176,178,216,245,263,271,234,238,239,247,131,141
Mission = Pais,1827,184,184,164,171,290,290,165,167,149,149,256,263,174,190,315,319,79,83,159,163,357,360,241,247,206,206,238,240,182,186,233,243,255,257,225,238,239,249,131,133
Moldovanka,2779,167,184,164,185,294,294,165,175,149,149,263,263,178,178,317,324,81,83,173,173,353,361,241,253,206,208,248,248,176,182,243,257,271,273,234,234,239,247,141,141
Molette,168,169,188,171,177,290,298,149,165,149,151,263,263,174,180,315,319,77,83,155,159,360,360,247,247,206,215,248,254,176,178,233,245,249,251,232,234,247,249,131,141
Molinera gorda,672,186,188,164,184,290,290,165,167,149,151,263,263,184,188,315,319,79,83,157,159,368,371,247,247,208,208,240,254,178,191,233,257,251,271,232,236,243,249,135,143
Monbadon,76,169,184,171,185,294,294,163,167,149,149,263,263,178,182,317,324,77,77,159,167,360,371,241,247,206,206,240,248,176,178,243,245,271,271,223,229,239,249,141,149
Mondeuse,161,171,188,177,203,290,294,163,167,151,151,263,263,180,182,315,315,79,83,159,167,360,368,246,263,210,212,238,240,186,186,216,216,239,239,225,229,239,260,131,137
Mondeuse blanche,176,188,188,205,205,290,290,163,165,149,151,261,263,182,188,315,319,83,83,161,167,368,377,247,263,206,210,240,262,186,188,216,257,239,261,225,229,239,260,131,149
Monerac,2800,169,188,184,205,288,294,163,165,151,157,256,263,174,182,315,319,77,83,167,167,353,353,241,247,206,214,240,254,178,191,227,243,239,249,223,232,239,239,135,141
Monte d'oro = Pirovano 240,1012,171,184,171,171,294,306,165,165,149,155,261,263,178,192,315,319,79,81,155,159,368,368,247,253,206,210,238,240,182,191,243,243,271,271,229,234,247,249,131,153
Montuonico,1330,184,184,177,202,288,294,167,167,149,151,263,265,174,194,319,322,77,83,159,159,355,357,247,247,206,215,254,254,182,191,227,247,255,263,223,238,233,253,131,133
Moravia dulce,3580,188,188,181,184,290,294,163,165,149,151,263,263,174,190,315,315,77,83,155,157,353,368,241,253,206,206,240,254,180,186,243,243,251,255,229,238,243,249,141,143
Moreto,1552,167,171,202,205,294,306,163,165,151,157,263,263,174,178,315,319,79,83,159,173,371,371,247,253,206,206,240,248,178,186,235,247,251,255,223,234,243,257,143,149
Moscatel de San Ildefonso,1174,184,184,179,184,290,290,163,165,149,151,263,263,186,188,315,315,77,79,159,159,361,361,247,263,210,210,248,254,176,186,235,243,263,271,225,236,249,257,141,147
Moscatel Dr Soares Franco,1175,184,184,177,205,290,294,165,167,149,151,263,263,188,190,319,324,77,79,159,171,361,361,247,263,208,210,248,254,176,191,243,257,271,271,225,238,249,257,141,147
Moscatel Natividade,3587,165,184,179,185,290,294,165,165,147,151,263,263,178,190,315,324,77,83,157,171,368,371,247,263,206,210,248,254,176,182,233,243,263,271,225,236,243,251,147,149
Moscatello selvatico,3644,165,173,164,205,294,294,165,173,149,151,263,263,180,186,315,324,77,83,159,167,371,371,247,263,206,210,248,262,176,191,243,247,263,271,229,229,249,253,147,149
Moscato d'Adda,868,184,184,171,205,294,298,165,165,149,151,263,263,180,190,322,322,77,83,149,171,368,371,253,263,210,215,240,248,176,182,267,267,261,263,223,225,247,251,131,131
Mouchketny,2739,184,184,171,185,290,294,165,167,149,151,256,263,176,180,319,319,77,79,159,177,353,360,241,246,206,210,238,254,176,191,247,274,251,271,225,244,247,249,131,133
Moural,3522,171,184,165,171,288,290,163,179,151,157,263,263,188,192,315,319,79,83,159,167,361,370,247,247,210,215,238,240,172,182,243,247,239,255,234,236,239,247,131,137
Mourisco de Semente,1502,171,184,171,173,290,294,165,167,149,151,256,263,174,188,315,319,83,83,155,161,361,363,241,247,206,206,254,258,178,191,235,253,239,251,229,236,239,239,133,141
Mourisco tinto = Marufo,1489,184,188,173,181,290,290,165,167,149,151,256,263,174,190,315,319,79,83,155,159,353,361,241,247,206,208,240,254,180,191,243,253,239,251,225,229,239,243,141,143
Mourtaou,2968,171,184,171,205,290,294,163,163,151,151,263,263,178,188,319,319,79,83,161,167,360,371,247,247,206,215,238,240,182,182,243,247,239,251,225,234,239,247,131,137
Mourtès,400,171,188,171,203,290,294,165,179,149,157,263,263,178,182,315,319,79,79,159,167,357,368,247,247,206,214,248,262,178,186,227,233,239,239,223,225,239,239,149,149
Mourvaison,72,165,184,185,187,294,294,163,167,149,151,263,263,180,188,315,319,79,83,149,159,360,368,241,247,206,215,248,266,176,191,243,247,239,261,223,229,239,257,131,141
Mourvèdre = Monastrell,64,171,188,177,177,290,290,165,165,151,157,263,263,178,190,315,319,83,83,161,167,353,360,241,247,206,215,240,262,176,186,243,257,239,255,223,238,249,249,131,149
Mskhali,2644,165,184,177,181,290,306,175,177,147,151,263,263,178,182,315,319,79,83,159,173,353,371,241,247,206,210,248,254,176,191,235,247,255,271,236,244,247,249,133,149
Müller‐Thurgau,290,165,184,171,187,294,298,149,167,151,157,263,263,174,182,315,322,77,79,157,159,353,368,247,247,210,214,248,254,178,178,233,243,251,251,223,225,247,257,141,149
Munkatsy Jozsef Muskotaly,2256,184,184,179,205,294,294,165,165,149,149,263,263,182,190,315,319,77,83,159,167,360,360,247,253,206,210,248,248,176,178,235,267,263,271,225,225,239,251,141,147
Mureto,1539,165,188,185,205,288,290,163,167,151,151,263,263,174,178,303,319,83,83,159,173,361,368,253,253,206,208,248,254,178,186,247,247,251,255,223,234,249,253,135,149
Muscadelle,333,184,184,171,177,290,294,165,167,149,151,263,263,174,182,319,319,77,83,149,167,361,368,247,247,206,215,238,254,176,182,245,247,261,271,223,232,239,239,137,141
Muscat à petits grains,555,184,188,164,205,290,294,165,165,147,147,261,263,182,186,315,315,77,77,159,161,360,371,247,263,210,215,240,248,176,191,245,267,263,271,225,234,233,249,131,131
Muscat bifère,561,169,188,164,171,290,294,163,165,147,149,261,263,180,182,315,319,77,83,149,161,360,371,247,263,206,215,240,254,176,191,247,267,251,263,234,236,249,249,131,135
Muscat Bouschet,539,171,188,164,177,294,294,165,167,149,157,261,263,174,192,319,319,77,83,159,167,358,360,247,263,206,210,248,248,176,186,245,259,239,249,234,236,239,247,131,149
Muscat cendré,2975,165,171,171,177,294,294,167,167,147,157,263,263,182,192,315,315,83,83,149,159,358,368,246,263,210,212,238,254,176,182,216,267,239,271,225,225,239,243,135,141
Muscat d'Alexandrie,308,165,184,179,205,290,294,165,165,147,149,263,263,186,190,315,319,77,77,159,171,371,386,253,263,210,210,248,248,176,191,243,267,263,271,225,229,249,251,131,147
Muscat de Hambourg,584,165,171,171,205,294,294,165,165,149,155,263,263,178,186,315,319,77,81,159,167,368,386,247,253,210,210,248,254,176,182,235,243,271,271,229,236,247,249,133,147
Muscat d'Ouzbekistan,2647,184,194,171,205,294,298,165,175,149,149,263,263,178,186,319,319,77,79,171,177,375,375,247,263,210,210,244,248,176,176,233,243,255,263,229,238,251,253,131,153
Muscat fleur d'oranger,570,173,188,164,171,294,294,163,165,147,157,261,263,182,192,315,319,77,79,149,159,358,360,247,263,206,210,240,248,176,182,245,267,239,271,225,234,247,249,131,131
Muscat gris de la Calmette,540,165,171,177,205,294,294,163,167,147,157,261,263,180,180,315,315,77,83,149,159,368,371,263,263,210,210,238,240,176,186,216,257,239,263,223,225,239,243,131,131
Muscat Laserelle,685,171,171,171,177,290,294,163,165,155,157,263,263,163,190,315,319,79,81,149,155,358,368,247,263,210,210,254,254,178,186,235,267,239,271,225,236,247,247,133,141
Muscat Lierval,679,165,171,177,205,294,294,163,167,149,157,261,263,180,182,315,319,83,83,159,159,358,371,263,263,206,210,238,240,176,186,216,257,239,263,223,225,243,247,131,131
Muscat Madresfield Court,690,165,173,171,179,290,294,165,165,147,149,263,263,178,186,303,315,77,83,159,167,357,371,253,263,206,210,248,254,176,182,259,267,271,271,225,225,239,249,147,149
Muscat Mikveh,1171,165,173,171,187,290,294,159,165,147,147,261,263,184,192,319,319,77,77,149,149,357,360,247,263,206,206,238,248,176,191,257,267,239,255,234,238,239,247,131,143
Muscat Oberlin,620,184,188,169,171,294,294,163,163,147,149,256,265,174,178,315,319,83,83,161,167,368,371,247,247,206,212,240,248,178,191,216,227,271,271,236,236,233,247,131,149
Muscat Ottonel,280,171,184,171,205,294,294,163,167,147,157,261,263,182,192,315,319,83,83,159,159,358,368,263,263,210,210,248,254,176,186,257,267,239,263,223,225,239,243,131,141
Muscat Pince's black,689,184,184,171,179,294,294,165,165,147,157,263,263,178,186,315,319,77,77,167,171,357,371,253,253,206,210,248,254,176,182,243,259,249,271,225,229,249,249,131,149
Muscat Saint‐Laurent,680,165,173,171,205,294,294,163,167,147,157,261,263,180,182,315,319,83,83,159,173,358,368,263,263,210,210,248,254,176,186,216,245,239,263,223,225,239,243,131,141
Muscat seedless,3603,165,165,164,179,290,294,165,165,149,155,263,263,178,186,317,319,77,83,171,177,368,368,253,253,206,210,240,248,176,176,243,267,249,271,225,234,251,253,131,147
Muscat Susanna,3653,173,184,164,207,294,294,165,167,147,155,263,263,178,182,315,326,77,83,159,161,353,360,241,247,210,215,248,254,176,178,216,267,263,271,234,234,233,247,131,133
Muscat Vira,2646,171,184,164,205,294,294,165,165,147,149,263,263,182,186,315,315,77,77,159,161,371,371,247,263,210,215,240,248,176,182,235,245,263,271,225,229,233,249,131,147
Muscate (Collection Ravaz),3420,182,182,164,171,294,294,165,165,149,151,256,265,176,182,324,330,77,77,159,173,353,360,247,253,206,210,238,254,191,191,233,235,251,257,229,244,239,239,133,141
Muskat blume,615,165,165,187,205,294,298,149,167,151,157,263,263,180,182,315,322,83,83,157,159,358,360,247,263,206,210,248,248,176,178,227,245,251,263,223,232,243,249,131,149
Muskat bouquet,610,173,184,171,171,294,298,163,163,151,157,263,263,180,182,303,315,77,83,157,159,358,360,247,263,210,214,254,254,178,186,233,245,251,263,223,225,239,257,141,141
Naosé,1741,173,184,185,187,290,298,165,165,151,155,261,267,178,194,315,317,79,83,155,177,353,360,247,253,206,215,238,262,178,182,216,243,249,271,232,238,243,253,141,143
Narince,2108,165,184,164,177,294,294,165,175,147,149,263,267,182,188,315,324,77,77,147,157,351,356,246,247,206,206,240,254,176,176,233,257,251,271,234,238,243,249,141,143
Nava = Spiegel‐Roy 3/70‐28,3594,165,173,164,202,290,294,165,175,149,149,256,263,182,186,324,324,79,79,159,159,353,368,247,253,206,206,244,254,180,182,243,257,249,271,223,234,249,249,133,149
Nedelcsev magvatlana,2569,165,171,171,202,290,306,163,163,155,157,263,263,172,186,319,319,83,83,155,167,353,368,246,253,206,210,238,238,176,178,243,243,249,271,232,236,247,249,131,143
Negra mole = Mollar,1471,184,188,164,164,290,290,166,167,149,151,263,263,174,190,319,319,79,83,159,159,347,361,241,263,204,208,240,254,178,178,243,257,251,271,219,238,239,239,141,143
Négral,360,165,171,171,177,288,294,163,173,151,151,263,263,178,180,315,319,83,83,159,159,360,360,246,247,206,214,248,254,182,182,243,247,251,271,223,236,239,239,141,149
Negrara trentina,1290,171,182,164,181,290,294,165,179,149,155,261,263,178,190,319,319,81,83,155,167,368,368,247,247,206,210,238,254,182,182,253,267,239,261,223,223,247,249,133,137
Négret castrais,1222,171,182,171,205,290,290,165,167,149,157,263,263,178,192,315,315,77,83,159,173,353,360,247,247,206,210,248,270,180,188,227,243,239,239,229,236,239,249,137,149
Négret de Banhars,3068,169,171,171,171,288,294,163,167,151,151,263,263,178,180,311,319,77,83,159,159,360,360,247,247,206,214,240,248,182,186,227,233,239,271,223,238,239,249,131,149
Négret du Tarn,3525,165,171,164,205,290,294,163,163,157,157,263,263,178,188,315,317,77,83,159,159,359,360,247,247,206,210,238,248,182,186,227,243,239,271,236,236,239,249,137,149
Negru mare,2460,165,184,171,181,290,290,165,165,149,151,256,256,184,190,315,319,77,83,173,177,353,360,246,253,206,206,240,254,176,182,243,243,257,257,223,225,245,249,122,133
Nincusa,1648,173,173,164,171,294,294,165,166,149,151,263,263,180,194,324,324,77,79,167,173,360,371,247,255,206,206,238,240,176,191,247,257,255,271,223,225,249,249,141,143
Nobling = 128‐40 Fribourg,2919,171,184,169,171,290,294,163,177,149,157,263,263,174,180,303,315,83,83,159,159,358,368,247,247,206,206,240,254,186,191,216,227,239,271,223,225,239,247,141,149
Noir de Crimée faux,3262,173,184,177,187,290,294,165,175,149,151,263,263,176,178,315,319,77,83,157,177,353,353,241,253,215,215,240,240,182,182,257,257,251,255,223,234,243,249,133,135
Noir Glady,805,165,184,171,181,288,294,163,165,149,157,263,265,178,186,315,319,77,83,149,159,368,371,247,253,212,215,238,248,176,182,216,257,251,271,225,225,239,247,131,135
Noir hâtif de Marseille,684,171,182,171,181,288,290,165,167,149,157,263,263,182,182,315,315,77,83,157,159,360,368,247,253,212,215,238,240,176,186,216,257,251,271,225,225,243,249,131,135
Noria,3777,169,184,177,185,288,294,163,165,149,157,263,263,182,192,315,317,83,83,149,159,353,360,241,247,204,214,240,248,176,186,227,233,239,271,223,236,239,257,131,149
Nouveau Gibraltar,3527,165,171,181,187,290,294,165,165,151,155,263,263,180,190,315,319,81,83,155,159,353,368,247,247,206,210,240,240,178,182,235,257,261,271,234,236,247,247,131,153
Nuno gomes,2257,165,188,164,179,290,294,165,167,149,151,263,263,174,190,315,324,77,83,159,159,361,386,241,263,208,210,240,248,176,191,257,267,263,271,229,232,239,249,131,143
Odesskii chernyi,2689,182,184,171,171,290,294,163,165,151,157,256,267,182,188,311,319,83,83,159,167,360,368,241,255,208,215,240,248,186,191,235,243,239,271,223,229,239,243,131,149
Odjou batak,2775,182,184,171,181,290,294,165,165,149,149,256,263,176,176,324,326,77,77,157,159,357,360,241,253,206,210,248,254,182,191,233,257,249,251,223,244,239,249,141,141
Odola,2750,165,171,205,205,288,294,165,167,151,151,263,263,182,192,315,319,77,83,159,159,357,360,241,247,206,206,238,248,176,186,267,267,239,239,232,236,239,239,131,149
Ohanes,1365,184,188,184,187,290,294,165,165,147,151,263,263,178,188,315,324,79,83,149,157,353,357,253,253,206,206,254,254,180,191,243,247,261,271,232,234,233,251,131,135
Okatac,1650,171,173,171,181,294,306,165,166,149,151,263,263,174,188,315,324,77,83,173,173,353,361,247,247,206,210,238,240,176,178,227,247,255,271,225,238,239,249,131,143
Oktiabrsky,2854,165,184,171,187,290,290,165,167,149,151,256,263,184,188,319,319,77,83,157,177,353,357,241,247,206,208,248,254,182,191,234,245,249,251,229,232,243,243,133,149
Olasz kadarka,2920,169,184,164,164,290,294,165,167,149,149,256,261,176,194,315,315,77,79,155,159,353,361,247,253,206,206,238,240,178,182,227,247,247,271,223,236,249,255,131,151
Olasz Korai,2910,165,184,177,207,288,294,163,165,149,157,263,263,178,182,315,317,83,83,149,149,353,360,247,247,206,214,238,248,176,186,216,235,255,271,225,236,239,243,135,141
Olho de cocco,2489,165,194,171,185,288,290,163,167,149,151,256,263,182,192,319,319,77,83,167,173,360,371,241,247,206,208,240,262,182,191,243,257,239,239,223,223,233,243,143,149
Olivette Barthelet,697,184,188,181,184,290,294,165,165,149,151,263,263,188,190,319,319,79,79,157,157,353,361,247,247,206,206,254,254,186,191,243,243,255,271,234,236,249,249,133,135
Olivette blanche,667,184,184,181,202,290,294,165,165,149,151,263,263,178,188,315,319,79,83,149,157,353,371,247,253,206,208,254,254,182,191,243,259,261,271,232,236,243,249,133,135
Olivette rose,43,165,184,171,184,294,306,165,165,149,149,263,263,186,188,315,319,79,83,149,155,353,361,241,253,206,206,238,254,176,180,257,259,249,271,223,232,239,243,133,135
Onchette,173,184,188,171,177,294,298,167,173,149,157,263,263,174,178,315,319,83,83,159,161,360,361,247,247,206,212,238,254,176,178,235,245,249,271,223,232,239,249,135,141
Ondenc,447,171,182,171,177,288,290,165,165,149,157,263,263,182,192,317,319,77,83,159,159,360,360,247,247,210,214,248,248,186,188,233,257,239,271,223,236,239,257,131,149
Opsimo Edessis,1769,188,188,164,187,290,294,165,177,149,151,263,263,182,188,324,324,77,77,157,167,357,357,253,253,208,210,248,254,178,182,257,257,249,251,232,244,243,247,133,141
Orangetraube,1569,165,171,171,177,294,294,163,167,149,157,263,265,163,178,315,317,83,83,149,159,358,368,246,247,206,212,238,240,186,186,235,267,239,239,234,236,239,247,135,141
Öreg Kadarka,3448,184,184,164,164,290,290,167,179,149,149,256,261,176,186,315,315,77,77,159,159,360,361,247,253,206,206,238,254,182,191,227,247,263,271,223,244,247,255,131,133
Orlovi nokti,2461,165,184,171,202,290,294,159,165,147,151,263,263,180,182,315,326,79,87,159,169,343,357,241,263,206,210,248,248,178,178,243,257,261,271,234,244,239,247,141,147
Ornove,2331,184,184,171,185,294,294,163,163,149,149,263,263,182,188,324,330,77,83,167,167,371,371,241,241,206,206,254,254,176,176,243,247,249,271,223,223,249,253,141,141
Örökké piros,2567,173,184,181,205,294,294,165,165,149,157,263,263,180,182,315,319,77,79,159,159,353,358,247,263,206,210,240,254,180,186,247,267,239,249,229,236,239,249,131,141
Osteiner,3471,171,184,169,187,288,288,163,177,149,151,256,263,174,182,303,322,83,83,157,159,353,368,247,247,206,214,248,248,186,186,233,235,271,271,223,229,243,257,149,149
Ötfürtü,2537,165,196,171,181,294,294,165,177,149,149,263,263,176,190,319,319,77,83,155,159,353,353,241,263,206,210,238,240,176,186,247,267,239,271,229,229,239,239,131,131
Oul b'Ouzgueur,1896,184,184,181,184,290,294,165,167,147,151,263,263,174,182,315,319,83,83,149,159,371,371,247,253,206,206,240,254,180,191,257,259,251,261,236,238,249,253,135,141
Ouliven,81,182,184,184,187,290,294,165,167,151,151,263,263,178,188,303,319,79,83,149,167,353,360,247,247,206,206,240,254,182,191,257,259,249,255,225,232,239,243,131,133
Ozaan Daii,2075,171,184,167,187,290,298,165,165,147,155,261,263,182,184,315,319,77,79,155,159,353,363,247,253,206,220,238,254,178,182,235,243,249,271,232,244,239,249,133,143
Ozana,3652,171,184,164,164,290,294,165,165,147,149,263,263,172,192,315,326,77,83,159,159,357,360,241,253,206,210,240,254,178,182,216,257,257,271,223,234,247,249,133,153
Padeiro de Basto,2922,167,188,177,185,290,294,167,167,151,151,263,263,174,188,315,324,77,79,157,161,353,361,247,247,204,206,240,258,186,191,235,257,239,271,223,232,239,239,133,143
Palava,3635,169,184,177,187,288,294,149,163,157,157,263,263,174,178,303,315,79,83,157,159,368,368,247,247,210,210,248,254,178,186,233,243,239,251,223,229,257,257,141,149
Pascal,91,165,171,171,177,290,306,165,165,149,149,261,263,188,192,317,319,79,83,159,167,353,353,241,246,210,210,238,266,182,186,245,267,249,261,223,223,247,249,131,141
Pascale di Cagliari,2051,171,188,164,177,290,290,165,167,151,157,263,263,174,178,319,319,83,83,157,167,360,368,247,247,206,206,240,262,176,178,257,257,255,271,223,232,243,249,143,149
Pasiga = CG 26‐858,3057,173,184,164,187,290,294,163,163,149,155,256,261,182,186,315,319,79,83,155,177,368,368,247,247,206,206,238,254,182,191,216,243,249,251,232,236,253,255,133,143
Patagonia = EX 15,3058,165,188,184,187,294,298,163,165,151,151,256,263,182,190,315,319,79,79,157,177,361,361,247,247,206,206,238,254,186,191,216,243,249,271,232,238,243,253,133,143
Pécsi Szagos,1588,184,188,205,207,294,294,165,165,147,149,263,263,182,194,315,326,77,79,159,167,360,371,253,263,206,210,238,240,176,176,233,267,263,271,234,234,239,249,131,131
Pedro Gimenez faux,3059,165,184,164,205,290,290,165,167,149,149,256,263,174,190,319,319,77,83,159,171,357,371,241,253,206,210,240,248,182,191,233,267,257,263,225,225,239,249,131,131
Pehlivan kara = Papigi kara,1682,182,184,164,207,294,294,165,165,149,149,263,263,174,194,315,326,79,83,155,165,360,371,255,255,206,210,238,248,176,191,233,233,255,263,238,244,239,239,131,141
Peloursin,174,165,171,171,205,290,294,163,167,149,151,261,263,182,188,303,319,81,87,159,159,355,360,247,247,206,210,240,248,176,186,235,247,249,251,223,229,251,257,131,149
Penouille,349,171,188,171,187,290,294,163,179,157,157,263,263,182,182,315,317,77,79,159,167,357,360,246,247,206,214,254,262,176,186,227,257,239,271,223,234,239,243,141,149
Perdea,2751,184,184,177,205,288,288,167,167,149,149,263,263,182,188,315,315,77,83,149,159,361,368,247,253,206,206,240,254,186,186,227,233,239,271,232,238,243,249,131,141
Perepinhao Portalegre,3362,167,171,187,202,290,306,165,165,151,157,258,263,174,190,317,319,77,79,159,173,355,371,241,253,206,206,238,254,178,182,247,257,255,255,223,234,239,249,135,155
Pergrandis = Pirovano 388,1050,165,171,171,179,290,290,165,167,149,157,263,263,190,192,315,319,77,79,149,171,358,358,247,253,210,210,248,254,186,191,216,243,239,263,225,225,239,249,141,147
Péridac,3528,169,188,177,187,288,290,163,165,149,157,263,263,178,178,303,317,77,83,149,159,353,368,247,247,210,212,248,262,186,188,235,247,239,271,225,236,243,253,149,149
Perlaut,2793,165,188,164,187,290,294,163,165,147,149,263,263,180,192,315,326,77,83,159,167,360,368,241,247,206,210,238,240,178,178,216,233,261,271,223,234,247,249,131,131
Perle = Scheu 3951,1195,171,184,171,177,294,298,149,163,149,151,263,263,182,192,317,322,79,83,157,159,368,368,247,247,210,214,248,248,178,186,233,243,251,271,225,229,257,257,149,149
Perle de Csaba,1069,171,188,164,207,290,294,163,165,147,155,263,263,178,192,315,326,77,83,159,159,360,368,241,263,206,210,240,240,176,178,216,267,271,271,234,234,247,249,131,153
Perlette,1098,165,188,164,187,290,290,165,165,149,155,261,263,172,178,315,317,79,83,147,177,368,368,247,253,206,206,238,240,176,178,233,243,249,271,232,234,247,253,131,143
Perlon = CG 89‐878,3060,184,188,164,184,290,294,165,167,151,155,263,263,172,184,317,317,83,83,159,177,368,368,241,253,206,206,240,254,178,178,243,257,249,271,234,234,243,247,131,133
Perlona = Pirovano 54,915,171,184,171,171,290,294,163,165,149,157,263,263,178,178,315,319,77,83,149,159,360,368,253,253,206,210,254,254,176,176,233,243,251,271,236,236,243,247,131,133
Persan,164,165,171,171,171,288,290,163,167,149,151,263,263,192,194,303,315,77,83,149,159,353,360,246,247,206,214,248,262,182,186,233,233,239,251,225,236,239,257,149,149
Pervenetz praskoveïsky,2651,167,194,171,181,290,294,165,165,151,151,256,267,186,188,317,328,83,83,167,167,353,368,247,253,208,210,240,240,176,178,239,257,243,261,232,238,249,259,122,143
Petit Bouschet,479,171,182,171,177,294,294,163,167,149,151,263,263,174,192,317,319,77,83,159,167,353,360,247,247,206,210,240,248,178,186,235,259,249,271,232,236,239,243,131,149
Petit Bouschet x Aramon n°4,487,171,184,177,177,290,294,166,167,149,151,263,263,174,178,307,317,77,83,161,167,353,360,247,247,206,206,248,270,176,186,235,243,239,271,223,236,239,243,137,149
Petit Courbu,394,165,182,177,205,288,290,165,179,149,157,258,263,182,188,303,317,83,83,159,159,359,360,247,247,210,212,248,266,186,188,216,257,239,271,223,234,239,262,149,149
Petit Meslier,399,169,184,171,177,288,294,163,167,149,149,263,263,174,192,317,319,77,83,159,167,360,360,247,247,206,210,238,248,176,186,235,245,271,271,232,236,249,257,131,149
Petit Verdot,328,167,171,177,177,290,294,163,179,151,155,263,263,178,192,303,319,79,79,159,159,359,360,247,247,212,212,248,254,176,186,216,235,239,239,223,229,239,262,141,153
Petit Verdot faux,3529,167,171,171,177,288,290,163,163,151,157,263,263,178,192,303,319,77,79,159,167,359,368,247,247,210,212,248,248,178,186,227,235,239,239,223,229,249,262,149,153
Peurion,266,169,171,171,177,294,298,163,167,149,157,263,263,174,182,317,319,77,83,149,167,360,361,247,247,206,214,238,238,178,186,227,235,271,271,232,236,239,243,131,135
Piccola nera,2387,165,184,171,171,294,294,163,167,147,149,263,263,174,176,319,324,83,83,159,159,360,361,247,247,206,210,238,238,178,178,227,235,255,271,225,232,239,249,131,131
Picolin,2527,184,184,185,185,294,294,163,167,149,149,263,263,182,188,324,330,77,83,159,167,360,360,241,247,206,206,254,254,176,180,243,247,249,271,229,229,253,253,141,141
Pigeonnet,2923,165,165,171,205,290,294,165,167,147,151,261,263,180,180,319,319,79,83,159,173,360,371,247,263,206,210,238,254,176,182,257,257,261,263,225,234,243,247,131,141
Pinella bianca,1268,184,184,171,177,294,294,167,179,149,157,263,263,174,188,319,319,77,83,159,159,357,361,241,247,206,215,238,248,176,178,227,257,255,271,229,232,247,249,131,131
Pinot,193,165,171,171,177,288,294,163,167,149,157,263,265,178,182,315,317,83,83,149,159,360,368,246,247,212,214,238,248,182,186,216,235,239,271,225,236,239,243,135,149
Pinot Salomon de semis,3486,165,165,171,177,294,294,167,167,149,149,263,263,174,182,315,315,77,83,149,159,360,361,246,247,206,214,238,248,182,186,227,235,239,239,225,236,239,249,135,149
Pinotage,2574,165,165,171,187,288,294,163,167,149,149,263,263,178,186,317,319,83,83,157,159,360,368,246,253,210,214,248,248,176,182,216,227,239,261,223,236,239,247,131,149
Plant de Bandol (Terrin),3108,165,171,171,177,290,294,163,165,149,157,263,263,190,192,315,319,83,83,149,167,353,371,241,247,206,206,240,248,176,182,243,257,239,251,223,223,249,249,131,149
Plant de Brunel,3046,171,188,177,205,288,290,163,179,149,151,256,263,180,182,315,319,77,79,157,159,360,360,247,247,206,214,240,248,188,191,243,245,249,251,236,238,243,262,143,149
Plant de Buffard,3533,171,171,177,177,288,288,163,167,149,157,263,265,178,178,315,316,83,83,159,159,371,371,247,247,206,214,238,254,176,186,235,235,271,271,225,225,239,243,135,135
Plant de Cauzette,3098,169,184,171,181,294,294,165,173,147,157,263,263,174,176,319,324,83,83,159,173,357,363,241,263,204,206,238,254,182,186,233,243,251,255,229,236,249,262,131,141
Plant de Dekker,3127,171,184,171,177,288,288,163,163,149,149,263,263,174,178,315,322,77,83,159,159,353,371,247,253,214,214,254,254,176,186,233,233,251,271,223,225,243,257,135,141
Plant de Dubosc 2,3534,167,171,171,171,288,290,163,165,149,157,263,263,178,192,303,319,77,79,159,167,360,368,246,247,206,210,240,248,178,186,227,233,239,271,223,234,247,249,131,149
Plant de Flassans,89,184,188,177,184,290,294,165,167,149,157,263,263,188,190,319,319,79,83,149,161,353,360,241,253,206,215,240,254,186,191,233,257,255,271,223,238,243,249,131,135
Plant de Mavault (Guirault),3081,184,184,171,177,288,294,149,165,149,151,263,263,174,188,315,319,83,83,167,167,361,371,247,247,206,215,238,248,172,176,227,247,239,249,232,236,249,257,131,149
Plant de Pedebernade 4,3101,171,184,171,205,294,306,163,163,151,151,263,263,178,182,319,319,83,83,159,161,360,368,247,247,206,210,238,240,182,182,243,267,251,271,225,234,247,251,131,137
Plant de Séchex,3537,171,184,171,171,290,298,167,167,149,157,263,263,174,192,315,319,83,83,149,159,360,361,247,263,206,206,238,254,176,182,216,245,239,271,234,238,247,249,131,141
Plant de Vincelles,3538,171,184,171,171,294,298,149,167,149,157,263,263,174,192,315,319,77,83,159,167,358,362,247,263,206,206,238,254,176,186,216,227,239,271,225,232,239,239,131,141
Plant d'Impers,3540,182,194,171,185,288,294,163,163,149,151,256,263,174,182,315,317,77,83,159,167,360,360,241,247,208,210,240,254,186,191,243,259,249,249,223,232,239,243,131,135
Plant droit,66,165,188,171,184,290,294,163,165,149,149,263,263,178,192,315,319,83,83,149,173,368,371,247,247,206,210,248,262,182,191,247,257,239,251,223,234,233,249,149,149
Plant panaché d'Alzey,862,169,171,164,207,290,294,163,163,149,151,263,263,178,178,303,326,79,83,159,167,360,368,247,247,210,214,240,248,186,191,243,243,239,239,234,234,239,247,149,153
Plant teinturier du Plantou,3541,171,171,177,177,290,294,165,167,151,157,263,263,174,178,315,319,83,83,161,167,353,360,247,247,206,206,248,270,176,178,257,259,239,271,223,236,239,239,137,149
Planta nova,1476,165,188,173,179,290,290,165,165,149,149,263,263,182,190,315,319,79,79,147,167,353,386,247,253,204,208,248,254,176,191,235,243,249,271,223,225,239,239,135,147
Plavac Mali,3144,173,178,171,181,294,298,166,177,149,151,263,263,174,194,315,324,79,83,155,173,353,360,247,255,206,210,238,240,176,176,247,257,251,255,223,225,247,249,141,143
Plavaï,1665,182,184,167,171,290,298,167,167,149,149,256,263,176,182,319,324,77,81,155,159,360,360,241,247,206,206,238,238,176,182,247,259,251,271,225,244,247,249,131,131
Portugais bleu,450,171,173,171,171,294,298,167,177,149,151,256,265,172,192,303,322,77,83,149,159,357,368,247,255,206,214,248,248,178,191,227,259,251,271,223,229,243,255,141,149
Pougayen,146,165,184,187,187,290,294,165,167,149,149,263,263,180,194,303,319,83,83,149,167,357,360,247,247,212,215,238,266,176,186,247,257,239,249,223,236,239,243,131,141
Poulsard,252,171,184,167,181,288,290,163,165,157,157,263,263,180,192,315,322,77,79,149,159,355,360,247,253,210,215,238,240,176,186,216,243,239,261,225,236,233,247,131,135
Pozsonyi feher,2174,182,184,164,171,290,290,163,165,149,151,256,263,174,176,319,322,83,83,149,165,353,371,241,255,210,210,240,254,178,191,267,276,249,271,223,232,249,255,133,151
Précoce de Malingre,656,169,171,171,177,288,290,163,167,149,157,263,265,178,178,315,315,83,83,159,173,360,371,247,253,206,214,238,254,176,186,233,235,251,271,225,236,239,243,135,135
Président Carnot,21,173,184,187,207,288,294,149,167,151,151,263,263,174,188,303,326,77,79,157,167,353,368,247,247,206,215,240,254,178,191,227,243,239,271,232,238,247,257,141,153
Preto Martinho do Douro,3589,184,188,164,181,288,290,163,167,149,151,256,263,174,174,315,319,83,83,159,159,361,368,247,247,206,206,240,254,176,180,253,257,239,271,229,236,239,253,141,143
Prieto picudo,3309,165,169,171,177,288,294,163,167,151,157,263,263,178,188,303,319,77,83,155,159,360,371,247,253,206,210,248,254,176,186,233,247,239,255,223,236,239,257,141,149
Prima,2973,173,184,164,205,288,294,165,165,151,155,256,256,186,192,315,319,79,83,159,167,360,368,247,263,206,206,238,254,182,182,243,267,261,271,234,234,247,249,131,133
Primiera = Pirovano 309,1026,173,184,171,181,294,306,165,167,149,155,261,263,178,190,319,326,79,79,167,171,353,353,247,253,206,210,240,248,191,191,216,243,239,271,223,238,247,249,131,153
Primitivo = Zinfandel,1277,173,182,171,177,290,298,167,177,149,151,256,263,174,186,315,319,83,83,155,157,353,360,241,247,206,206,238,238,176,178,247,257,255,263,223,234,247,249,131,141
Princeps = Pirovano 357,1043,171,184,164,205,294,294,163,165,149,149,256,263,186,186,315,315,79,81,155,167,353,353,247,247,206,210,248,254,182,182,243,243,251,271,223,236,249,255,133,147
Prodigiosa = Pirovano 59,920,171,184,184,187,290,290,163,167,149,157,263,263,180,190,315,319,77,83,147,173,360,360,253,253,206,210,238,244,176,191,243,247,251,271,223,223,243,251,131,151
Prokupac,1630,184,184,164,167,294,294,167,167,149,149,263,265,176,188,324,330,77,81,155,159,360,360,247,247,206,210,240,254,178,182,245,259,271,271,223,225,249,249,141,143
Prueras,320,165,169,171,187,294,294,163,167,149,149,263,263,182,182,315,319,83,83,159,167,360,368,241,253,206,214,238,248,176,186,233,267,239,239,223,223,239,243,131,149
Prune de Cazouls,1550,169,188,171,187,290,290,165,167,151,151,263,263,184,194,319,319,79,83,157,167,353,353,241,247,206,206,238,240,182,191,235,245,251,261,229,229,239,243,131,143
Prunelard,441,165,169,171,177,294,294,173,179,151,157,263,263,174,180,315,319,79,83,159,159,357,360,241,246,206,212,238,254,182,186,243,267,239,251,236,236,239,262,131,141
Purcsin,2176,167,184,171,202,290,294,167,177,149,149,263,265,172,186,328,330,83,83,159,159,353,361,247,247,206,206,248,248,176,186,235,257,249,271,223,223,239,239,131,131
Queen,1836,165,171,171,189,290,294,163,165,151,155,263,263,178,178,315,319,77,83,167,177,353,368,247,247,210,215,248,254,176,178,235,243,249,271,229,232,239,249,133,149
Rabigato,2496,184,188,181,185,290,306,163,167,149,157,263,263,174,186,307,319,83,83,163,173,355,361,247,247,208,210,254,262,178,178,233,247,239,255,219,234,239,243,135,149
Raffiat de Moncade,405,171,184,171,205,288,298,149,167,149,149,263,263,174,188,315,319,77,83,159,167,360,361,247,253,206,210,238,240,178,186,233,245,239,271,223,238,239,249,131,131
Raisaine,140,184,188,187,205,290,294,165,167,149,151,263,263,180,188,319,322,79,83,159,167,353,360,247,253,206,215,240,240,178,182,245,257,261,271,223,234,247,249,131,131
Raisin de Gênes,3545,169,184,177,202,290,290,163,165,149,149,263,263,178,192,315,319,83,83,149,173,360,371,247,253,206,206,238,254,176,182,257,259,239,261,223,236,247,249,131,135
Raisin de Kossuth,1070,171,184,171,181,290,294,163,167,149,155,263,263,182,188,315,315,77,83,159,167,360,368,241,253,206,215,254,254,178,178,243,245,249,271,234,244,247,249,133,141
Rami = Vidal 119,2201,184,184,167,171,290,294,163,165,149,149,256,263,182,182,319,330,83,83,159,167,361,371,247,247,206,206,254,254,176,178,247,247,249,255,223,229,239,253,141,141
Ranfol beli,2168,165,184,164,171,294,294,163,167,149,149,263,263,174,188,319,324,77,83,159,167,360,360,247,247,206,215,238,238,176,178,245,247,263,271,232,244,239,249,131,131
Rannii Vira,2654,165,184,181,202,290,298,159,163,147,151,261,263,178,182,319,319,79,79,167,171,353,356,253,253,204,218,248,254,178,180,216,257,249,271,232,236,249,249,149,149
Rassegui,1956,165,184,164,187,290,290,165,167,149,151,263,263,174,190,315,319,77,83,171,173,360,368,251,253,210,215,248,254,176,191,243,247,249,271,223,238,239,239,141,147
Razachie rosie,1887,171,184,171,187,288,290,165,177,149,149,263,263,176,194,315,319,77,83,149,167,361,371,247,247,206,206,238,238,180,191,235,276,261,263,225,225,239,247,137,141
Razakiia mirisliva,2741,184,184,167,187,288,294,165,167,149,149,263,263,176,176,319,324,77,77,159,167,360,371,247,247,206,206,238,254,182,191,235,245,263,271,225,225,247,249,141,141
Razdani,2112,186,188,187,202,290,290,165,177,149,155,263,263,176,190,319,328,79,83,159,177,353,353,241,247,206,206,240,266,176,176,243,276,249,265,234,238,243,247,133,141
Rhoditis,1779,173,178,171,187,294,306,139,165,151,151,263,263,174,178,319,319,77,83,157,159,361,368,241,247,206,206,238,240,182,191,235,247,251,271,223,225,247,249,131,143
Ribier noir,133,184,188,171,205,290,298,163,167,149,157,263,263,182,188,319,322,77,83,161,167,360,361,247,247,206,210,238,240,178,178,235,245,261,271,223,232,239,249,131,131
Ribol,2792,173,184,164,181,294,294,165,165,149,151,256,263,178,186,315,319,79,83,149,159,368,371,247,247,206,208,238,254,182,191,243,259,261,271,223,234,249,255,131,135
Riesling,274,165,184,171,187,288,298,149,163,149,151,263,263,174,182,303,322,77,83,157,159,353,360,247,247,206,214,248,254,178,186,227,233,251,271,223,232,249,257,141,149
Riesling italico,1243,169,182,171,171,290,298,163,167,149,151,263,263,172,174,315,319,77,83,149,159,357,360,247,247,210,215,254,268,182,186,245,257,239,271,223,236,247,257,133,149
Rivairenc = Aspiran,1,165,184,177,187,290,294,163,167,149,151,263,263,178,186,315,319,83,83,157,159,358,360,247,253,206,210,240,248,176,178,227,257,239,261,223,223,247,249,131,131
Rizens,2311,184,188,164,185,294,294,163,163,149,151,256,263,182,190,315,330,77,79,159,167,360,371,247,247,206,215,248,254,172,176,243,243,239,249,223,234,249,257,131,141
Robin noir = Salagnin,155,171,188,177,205,290,294,165,179,151,157,261,263,180,182,319,319,79,83,159,167,360,368,246,263,210,212,238,240,176,186,216,257,239,261,223,229,249,260,131,137
Rodi = Pirovano 166,989,184,184,189,205,290,298,163,165,147,155,261,263,182,186,317,319,77,83,171,177,371,371,253,263,210,215,248,248,178,191,243,243,249,263,229,232,239,249,147,149
Romaine,3549,165,169,171,177,288,298,167,167,149,157,263,265,178,182,315,319,83,83,149,159,360,368,247,247,206,214,238,254,178,186,216,227,239,271,225,238,239,239,135,141
Romeïco,1812,169,182,164,185,290,294,165,167,149,151,256,263,188,188,315,324,77,77,155,165,353,361,247,247,206,206,238,244,176,184,257,257,249,271,238,244,239,247,141,143
Romorantin,304,165,184,171,177,288,298,163,167,149,157,263,265,174,178,317,319,83,83,149,159,360,368,247,247,206,212,238,248,176,186,227,235,249,271,232,236,243,249,126,131
Ropogos sarga,3451,182,184,164,164,294,294,165,167,149,149,263,265,176,194,326,330,77,79,155,159,360,360,247,255,206,206,248,254,176,182,233,259,271,271,225,244,239,249,141,141
Rosa del Peru = Black Prince,2949,165,184,171,179,290,294,165,167,149,149,263,263,174,186,315,315,77,79,159,171,360,360,241,253,206,210,240,248,186,191,243,243,257,271,225,229,249,249,131,131
Rosa menna di vacca,1662,184,188,164,171,290,294,165,177,147,149,263,263,178,182,324,326,79,79,159,167,357,360,241,253,206,210,240,248,178,182,235,257,251,271,229,244,239,247,137,141
Rosé du Var,670,182,184,171,187,290,294,149,165,149,151,263,263,174,178,303,319,79,83,149,159,353,361,247,247,206,206,254,254,178,182,245,257,249,249,225,238,239,249,133,141
Rosenmuskat,3550,165,184,177,205,290,294,167,179,151,157,263,263,182,186,317,319,79,83,157,159,353,360,241,246,210,214,238,248,176,186,216,253,251,271,225,234,239,247,131,149
Rotberger = Gm 3‐37,2729,171,184,171,181,288,294,163,165,151,155,263,263,178,182,303,319,79,83,155,159,360,368,247,247,206,210,248,254,178,186,227,243,271,271,232,236,247,257,133,149
Rotgipfler,289,169,184,164,169,288,294,151,163,149,151,256,263,192,194,303,319,77,83,159,165,353,360,241,247,204,210,240,248,180,186,235,267,263,271,229,244,239,257,131,149
Roublot,227,165,169,171,171,288,298,149,167,149,149,263,263,182,182,315,322,77,83,149,159,361,368,247,247,206,214,238,238,178,182,216,245,249,271,225,238,239,239,131,135
Rouchaki,2783,165,184,177,187,290,298,163,177,147,155,261,263,182,182,315,315,79,83,173,177,353,353,241,247,206,210,248,248,176,178,216,235,249,271,232,236,239,247,149,149
Roumi noir,1841,165,184,171,185,294,294,165,175,151,155,263,263,178,178,315,317,79,81,167,173,353,368,241,253,206,210,248,254,182,182,233,243,255,271,234,236,247,247,133,141
Roussaou,141,171,184,171,205,290,294,163,167,149,151,263,263,182,188,315,322,77,79,155,167,360,361,247,247,206,206,238,254,176,186,245,257,255,271,232,238,239,239,137,141
Roxo dos pintos,2260,184,188,164,187,290,290,165,167,151,151,263,263,182,188,319,324,77,83,155,159,353,361,247,247,206,206,240,254,191,191,233,247,251,271,236,238,243,249,133,143
Royal,628,184,188,173,181,290,290,165,165,149,149,256,263,182,190,315,315,79,79,157,167,353,361,247,253,206,208,240,254,182,191,235,243,249,271,225,232,239,243,135,143
Royal Molenberg,630,171,173,164,181,294,294,165,165,149,155,256,263,188,190,315,315,77,81,155,155,353,368,247,247,206,206,238,254,176,182,227,243,271,271,223,234,247,255,131,133
Rubi,247,165,184,171,177,288,298,149,163,149,157,263,263,182,182,317,319,83,83,149,167,360,360,246,247,206,214,238,248,176,182,227,235,239,271,225,238,239,249,131,149
Ruby Cabernet,2313,184,184,171,185,290,290,165,165,151,151,263,267,176,188,303,315,77,79,159,159,368,371,251,255,206,215,248,254,172,178,233,257,239,251,223,229,239,239,141,149
Sabra femelle,2314,184,188,164,185,290,290,165,167,149,151,263,263,174,174,319,324,79,79,157,159,361,361,247,247,206,208,240,254,178,178,233,233,251,255,234,238,239,249,135,143
Sacy,223,169,171,171,171,288,294,149,167,149,149,263,265,174,182,315,319,77,83,149,159,360,368,247,247,206,212,238,238,176,186,216,227,239,271,225,238,239,249,131,135
Saint‐Côme,3552,184,184,171,171,288,294,163,167,149,151,263,263,182,188,319,319,83,83,159,167,360,361,247,247,206,210,238,238,172,176,227,243,239,249,236,238,247,249,131,137
Sainte‐Marie de Biviers,3553,169,171,171,177,294,294,163,167,149,157,263,263,180,182,315,319,83,83,159,159,358,361,247,263,206,206,254,254,178,182,216,227,239,271,232,234,247,249,141,141
Saint‐Fiacre,3555,173,184,164,189,290,294,163,165,149,151,256,261,178,188,315,315,79,83,155,155,353,353,247,247,206,206,238,248,178,182,216,243,249,251,223,232,239,255,131,149
Saint‐Laurent,203,165,165,171,205,288,288,163,167,149,151,263,263,182,188,315,317,83,83,159,159,368,368,247,247,212,214,238,248,182,186,233,235,261,271,225,225,239,257,135,149
Saint‐Louis faux,2629,171,184,171,181,288,294,165,165,149,149,263,263,190,194,303,315,81,83,167,167,355,368,247,247,206,210,240,262,178,182,243,263,271,271,236,236,239,247,149,153
Sainton = Vidal 9,2193,171,184,171,177,290,294,165,167,149,157,263,263,182,182,317,330,77,77,159,159,360,371,241,247,206,214,240,248,180,186,233,247,249,271,223,229,249,257,131,131
Saintonge = Vidal 31,2194,171,184,171,171,290,294,163,163,149,149,256,263,174,188,322,330,77,83,159,167,360,371,247,247,206,206,248,254,176,186,245,247,239,271,223,232,239,249,141,149
Saint‐Pierre doré,309,184,184,171,171,290,298,163,167,149,149,263,263,174,188,317,322,77,83,159,167,358,360,247,247,206,215,240,254,176,182,233,245,255,271,225,232,239,239,131,141
Samoriau,205,165,171,171,177,288,294,163,167,157,157,263,263,178,180,315,317,77,83,149,159,357,360,246,247,206,214,248,254,182,186,216,233,239,239,225,236,239,257,135,149
Santa Paula,701,184,184,185,187,290,294,165,177,149,151,263,263,178,188,315,324,79,83,149,157,353,353,253,253,206,215,238,254,178,191,243,257,255,259,223,234,249,253,131,141
Saperavi,1734,165,165,164,177,290,294,165,165,149,151,256,263,180,194,315,319,77,79,149,149,361,361,241,241,210,215,238,240,186,189,234,243,243,249,221,238,239,239,131,143
Sarba,3423,169,171,171,171,294,298,163,165,151,155,263,263,174,186,315,315,81,83,149,159,360,368,247,253,210,215,248,268,176,186,243,257,239,239,223,236,247,249,147,149
Sary pandass,2656,165,182,164,207,294,294,151,165,149,149,263,263,158,194,315,319,79,83,155,159,353,377,255,255,206,206,238,254,176,178,233,257,261,263,225,236,239,239,131,141
Sauterne blanc,335,169,171,164,171,290,290,163,163,149,151,263,263,182,192,315,322,79,83,159,167,360,360,247,253,206,215,238,240,172,176,233,267,239,239,223,236,239,257,131,131
Sauvignon,300,171,184,177,205,288,290,163,165,151,157,263,263,188,192,303,317,77,83,159,167,360,368,241,247,214,215,240,248,172,186,233,235,239,255,225,229,239,257,131,149
Sauvignon piccolo faux,3629,169,173,171,177,294,294,163,165,149,157,263,263,182,192,317,319,77,79,149,167,358,360,247,263,206,206,238,240,176,186,245,245,239,271,225,236,247,249,131,131
Sauvignonasse,334,171,184,171,171,290,294,163,179,149,151,263,263,188,192,315,317,83,83,159,161,358,360,247,253,214,215,240,248,182,191,233,247,239,255,225,236,239,257,131,149
Savagnin = Traminer,257,169,171,171,177,288,294,163,163,149,157,263,263,178,192,303,317,77,83,159,159,360,368,247,247,210,214,248,248,186,186,233,235,239,271,229,236,243,257,149,149
Savvatiano,1781,173,178,182,187,294,306,165,177,149,151,263,263,176,178,319,319,79,83,157,167,357,361,247,249,206,206,240,248,182,191,235,257,251,257,223,225,245,249,139,143
Schabasche,1185,167,182,164,187,290,294,151,171,149,151,263,263,178,184,319,324,79,81,157,159,353,361,241,253,206,208,248,254,176,182,257,276,251,271,234,236,239,253,128,141
Scheu 10514,1197,171,184,171,171,288,288,149,163,151,157,263,263,174,192,317,322,77,83,157,159,353,360,247,247,206,214,248,254,186,186,227,233,239,251,223,229,249,257,141,149
Scheurebe = Alzey S 88,673,171,184,169,187,288,294,163,165,149,149,263,263,178,182,303,319,77,83,159,159,353,360,247,247,206,214,248,254,186,191,233,235,271,271,223,236,247,249,141,149
Schiras Dr. Houdbine,2178,178,182,187,207,290,294,159,165,149,151,256,263,182,188,319,326,79,83,159,171,353,353,241,253,206,215,248,254,176,191,235,257,255,271,236,238,243,247,133,135
Schiras sämling,3474,165,173,187,205,288,294,163,167,151,157,261,263,174,180,315,322,77,83,157,173,360,368,247,263,210,214,248,254,186,186,233,245,239,251,223,225,243,257,141,149
Sciaccarello = Mammolo,125,182,184,169,181,288,294,163,165,149,149,263,263,178,186,319,319,77,79,155,157,360,368,247,253,206,206,238,240,180,186,235,257,251,271,223,225,239,247,131,131
Segalin,2822,165,171,171,177,288,294,177,179,149,149,256,263,180,192,303,315,77,77,149,159,357,368,241,255,210,214,238,248,178,188,233,259,239,251,229,232,255,262,141,149
Select = Vidal 100 T,2200,169,184,185,187,294,294,163,163,149,149,256,263,174,188,315,330,83,83,159,167,360,371,241,247,206,210,240,248,176,178,247,267,271,271,223,229,239,249,131,149
Semebat,2752,165,165,177,205,288,294,165,167,149,151,263,263,182,192,315,319,83,83,159,159,360,368,241,247,206,206,238,254,176,188,245,267,239,239,223,225,239,262,131,153
Semillon,332,171,188,164,171,290,294,163,163,149,151,263,263,190,192,315,315,79,83,167,167,360,371,247,247,214,215,240,248,172,182,233,243,239,271,234,236,239,257,131,131
Sérénèze,152,165,184,171,177,294,294,163,167,149,151,263,267,174,178,315,319,83,83,159,161,361,368,241,247,206,212,238,240,178,191,235,245,271,271,223,232,249,249,131,131
Servant,633,184,188,177,187,290,294,163,165,151,157,263,263,182,188,317,319,83,83,157,167,353,368,247,253,206,215,238,254,180,182,243,257,239,249,223,232,243,249,131,131
Silvania,3425,169,184,171,184,290,298,163,167,149,157,263,265,174,180,315,322,83,83,149,173,360,361,247,253,206,206,238,248,191,191,233,245,239,249,223,223,243,249,131,141
Sinkavake zlute,3650,165,184,171,171,294,294,149,163,147,149,263,263,176,182,315,322,79,83,159,159,360,360,247,247,206,210,238,254,178,191,227,235,263,271,232,244,239,239,131,141
Siria = Codega,2833,169,188,171,202,290,306,163,165,151,157,263,263,174,188,307,319,79,83,159,173,360,361,247,253,206,208,254,262,178,178,227,247,239,251,219,232,239,249,135,149
Slankamenka blanc,1587,184,184,171,171,288,294,165,165,149,149,256,263,176,194,315,319,77,83,149,159,353,371,241,247,206,210,238,254,180,191,259,276,255,263,225,229,239,255,133,137
Solferino = Pirovano 316,1031,173,184,164,171,290,294,163,165,149,157,263,263,172,178,315,319,77,83,159,159,357,357,253,263,206,206,254,254,182,182,243,257,271,271,223,229,239,247,133,141
Sorok Let Oktiabria,2683,169,182,171,205,290,294,163,177,149,149,256,263,174,174,319,328,79,83,159,167,360,360,241,253,206,208,238,240,178,178,227,243,251,271,236,244,239,239,131,143
Soukholimansky bely,2686,165,184,171,171,290,294,167,167,149,149,263,265,182,182,315,319,77,81,155,159,360,368,241,247,206,214,238,254,178,182,216,247,239,251,232,244,239,249,131,141
Souvenir du Congrès,804,171,184,164,177,294,294,165,167,149,157,263,263,163,194,315,326,79,83,159,167,353,358,253,263,206,206,238,240,176,182,216,233,239,271,234,236,239,239,131,131
Sovrana = Pirovano 244,1014,171,184,171,171,294,306,165,165,149,155,261,263,178,190,315,319,77,81,167,171,368,368,246,247,206,210,238,254,178,191,233,235,251,271,229,234,247,249,131,133
Starinky,3346,165,196,167,181,290,294,151,165,149,149,263,263,188,190,315,319,77,79,159,165,351,377,241,255,206,210,238,254,176,186,235,257,249,251,225,238,239,247,141,143
Sulivan blanc,826,173,178,171,207,290,294,165,167,149,157,263,263,188,192,315,326,79,83,159,159,353,360,241,247,210,215,240,248,176,182,235,267,239,255,234,236,239,243,131,135
Sultanina de Bulgarie,2774,165,186,187,202,298,306,159,163,151,155,263,263,172,182,315,319,83,83,155,173,353,353,246,247,206,210,238,240,178,191,216,243,249,257,225,232,239,249,131,143
Sultanine,1566,165,184,187,189,290,298,163,165,151,155,261,263,178,182,315,317,79,83,155,177,353,353,247,253,206,215,238,248,178,191,216,243,249,249,232,232,239,253,143,149
Susumaniello,2056,169,188,181,185,290,294,165,167,147,151,256,263,188,194,319,330,77,83,149,157,357,371,247,253,206,206,240,254,176,180,243,247,249,249,223,238,251,253,131,141
Svegest,3416,171,184,171,187,290,294,165,165,149,155,263,263,182,192,315,315,77,79,147,155,353,360,253,263,206,206,240,254,178,182,216,257,257,271,223,234,239,239,131,133
Sykiotis,2124,184,188,173,181,290,290,165,165,149,151,256,263,174,188,315,319,77,83,157,157,353,361,247,253,208,210,238,238,178,182,233,243,257,261,236,238,243,249,131,143
Sylvaner,270,171,184,169,171,288,294,163,177,149,149,256,263,174,192,303,319,83,83,159,159,360,368,247,255,206,214,240,248,186,191,227,235,271,271,223,229,243,247,149,151
Syrah,150,165,188,171,205,290,294,163,165,149,151,261,263,180,188,315,315,83,83,159,161,357,377,246,263,206,212,240,240,186,188,216,227,239,271,223,229,239,239,131,131
Szagos Bajnar,2789,169,184,171,187,290,294,165,165,149,151,256,263,174,182,315,326,77,79,159,173,353,361,246,247,206,206,238,248,178,182,233,257,247,261,229,229,247,249,131,141
Szauter Gusztav,1074,165,184,164,179,290,294,163,165,149,149,263,263,182,186,319,319,77,83,149,159,360,360,247,263,210,215,248,254,191,191,243,247,239,263,223,229,249,249,131,147
Szegeny ember szölöje,2538,173,184,164,205,294,294,165,165,147,149,263,263,178,190,319,324,79,83,159,159,357,358,253,263,206,210,240,240,178,186,235,243,251,263,225,229,247,249,131,137
Szent Laszlö,741,184,184,171,184,290,294,175,177,147,157,256,263,178,188,315,326,77,79,167,173,360,360,253,253,206,210,240,248,178,182,233,235,239,251,223,229,239,249,135,137
Taferielt,1905,165,184,171,173,290,306,165,167,151,151,263,263,184,188,319,328,79,83,149,159,353,361,241,253,206,206,238,240,191,191,233,259,251,271,236,238,249,249,131,133
Tagobi,2659,165,173,171,202,290,290,165,177,151,151,256,263,172,182,319,328,77,83,155,155,353,357,241,253,206,214,240,254,176,182,243,243,257,257,225,232,245,253,122,141
Tamarez,1546,171,184,177,185,288,290,163,167,151,151,261,263,188,188,315,324,79,83,159,159,361,371,247,247,208,210,254,254,186,191,235,257,271,271,236,238,239,257,141,141
Tamarez Moscatel 31‐3‐3,1177,184,184,185,205,290,290,163,165,147,151,263,263,188,190,315,319,77,79,159,159,361,361,247,263,208,210,248,254,186,191,235,267,263,271,229,238,249,257,141,147
Tandanya,3137,171,184,179,184,290,290,163,167,149,149,263,263,178,190,315,319,79,83,147,149,360,371,253,253,204,206,248,254,176,176,243,247,249,251,223,236,239,243,135,147
Tannat,401,169,171,171,181,288,294,165,173,157,157,263,263,176,180,313,324,77,83,149,159,357,360,241,247,206,206,254,254,182,186,233,243,239,255,236,238,249,249,141,153
Tarnaou,2841,165,165,187,187,290,290,163,165,151,155,256,263,184,194,319,319,79,79,155,159,353,371,247,253,210,215,248,254,182,186,243,243,249,271,225,225,247,249,141,149
Tarrango,2839,165,169,177,187,290,294,163,165,149,155,263,263,182,182,317,317,79,79,155,161,353,360,246,253,206,206,248,254,178,186,243,267,239,249,223,232,239,239,141,149
Tarrant rot,3120,182,188,181,187,288,294,151,163,149,151,261,263,178,194,317,330,77,83,159,165,357,368,241,247,204,210,238,248,188,191,235,267,255,271,236,244,239,243,128,149
Taschly,1182,173,182,167,207,294,294,165,177,149,151,263,267,178,182,319,326,83,83,155,177,353,361,246,247,206,206,238,248,176,186,235,257,249,261,225,244,239,249,141,143
Tavkveri cartalinsky,3350,165,196,171,207,294,306,165,165,149,151,263,263,182,186,315,319,79,83,149,149,353,361,241,247,206,206,238,248,176,176,235,259,249,255,225,232,239,239,133,141
Téoulier,94,184,184,177,187,290,290,163,167,149,157,263,263,178,194,315,319,83,83,159,167,357,371,247,247,206,212,254,266,176,182,247,257,249,261,234,236,243,249,135,141
Téoulier blanc femelle,3560,165,182,171,177,288,290,165,165,149,149,263,263,182,188,315,317,79,83,159,173,353,360,246,247,206,210,240,266,182,188,227,245,249,261,223,223,239,247,131,135
Teresita = Dalmasso XVIII‐24,1230,165,184,184,205,290,294,165,165,149,155,263,263,174,178,315,319,81,83,147,167,357,368,247,247,206,210,248,254,176,182,233,235,271,271,236,236,233,249,133,141
Terlaner,1962,165,184,171,181,294,298,165,167,149,149,261,263,182,188,319,319,81,83,167,167,361,368,247,247,206,206,238,254,176,182,243,245,261,271,232,236,249,262,137,141
Terramon rond,551,169,169,171,187,290,294,163,165,149,151,263,263,178,192,319,319,83,83,157,167,360,361,247,247,206,206,238,254,176,178,227,257,239,249,223,232,243,247,131,141
Terrano,1293,165,165,162,181,288,294,165,167,149,157,256,263,182,192,313,319,77,83,149,149,360,368,247,253,210,215,240,254,186,186,216,233,249,271,223,225,247,249,133,153
Terret,14,165,169,177,187,290,294,163,167,149,149,263,263,178,192,319,319,83,83,157,173,360,370,247,253,206,206,238,240,176,182,257,257,239,239,223,223,243,247,131,131
Terret Bouschet,537,169,171,177,187,290,294,167,167,149,151,263,263,174,192,317,319,77,83,157,159,360,360,247,253,206,206,240,240,178,182,235,257,239,249,223,232,243,243,131,131
Thermi,2607,169,184,164,171,290,294,163,165,149,149,263,263,178,180,315,319,79,83,147,167,360,368,247,263,210,210,240,248,176,176,227,267,255,271,223,234,247,247,131,133
Tinos noir,2934,165,184,171,187,294,294,165,165,149,149,263,263,178,182,315,319,77,77,159,159,357,386,253,253,206,210,248,254,182,182,233,235,257,271,223,236,239,247,133,147
Tinta Barroca,2823,169,188,173,177,290,294,165,167,149,149,263,263,174,182,317,319,79,83,155,159,353,363,247,251,208,210,248,254,178,180,233,243,251,251,225,234,239,243,141,149
Tinta da Barca,3365,169,188,181,205,290,294,165,167,149,149,256,263,174,182,317,319,79,83,159,161,360,361,246,247,208,210,248,254,180,186,253,267,251,271,223,229,239,239,141,149
Tinta grossa d'Alentejo,3359,165,184,164,205,288,290,163,165,151,151,263,263,174,178,315,319,79,83,157,159,361,368,247,247,206,206,248,254,176,191,247,257,251,271,232,236,239,253,141,149
Tinta Madeira,1529,165,171,177,205,288,294,163,167,149,151,263,263,178,188,317,319,83,83,155,159,360,371,247,253,206,210,238,248,178,186,233,247,255,271,223,236,239,257,131,149
Tökös piros,3454,173,182,164,171,294,294,163,167,149,151,263,265,188,194,319,330,77,83,155,159,360,360,241,247,206,210,238,240,180,191,227,267,263,271,223,229,249,249,131,131
Tolstokorii,1985,171,184,171,202,294,294,165,165,151,151,263,263,178,184,315,319,83,83,149,157,353,368,246,247,206,210,238,240,178,182,239,257,243,271,225,234,249,249,133,133
Tompa Mihaly,1071,171,184,171,205,290,294,165,165,147,155,263,263,180,190,315,319,77,79,155,159,358,386,263,263,210,210,248,254,182,191,235,243,239,263,225,236,247,251,133,147
Topas,3458,184,184,164,187,290,294,165,165,149,155,261,263,182,194,315,319,79,83,155,165,353,353,253,255,206,210,248,254,176,176,233,257,249,271,234,236,239,249,133,141
Torrontès mendocino,2421,171,184,164,179,290,290,165,167,149,149,256,263,190,190,315,315,77,83,159,173,368,368,247,263,206,210,240,248,186,191,233,243,239,271,225,229,249,249,131,131
Torrontès riojano,2425,184,184,164,205,290,294,165,167,149,149,256,263,174,186,315,319,77,83,159,171,360,371,247,263,206,210,238,248,176,182,243,243,257,263,225,229,249,249,131,133
Torrontès sanjuanino,2420,184,184,164,179,290,290,165,167,149,149,263,263,190,190,319,319,77,83,159,171,360,371,241,253,206,210,240,248,176,182,233,267,255,271,225,238,239,249,131,147
Tortozon,1362,184,188,181,185,290,290,163,165,149,151,261,263,174,188,319,319,77,83,155,173,353,360,247,251,212,215,248,254,176,182,235,257,251,255,234,238,239,239,141,155
Totika,3455,169,182,164,171,294,294,163,165,147,149,261,263,186,194,315,324,79,83,159,159,353,360,247,253,206,206,240,254,182,191,227,235,263,271,223,236,239,255,133,151
Touriga Fêmea,3363,167,188,205,205,290,294,165,165,149,151,263,263,182,188,317,324,79,83,157,159,360,368,246,253,208,210,254,254,176,186,233,267,239,255,234,238,239,257,141,141
Touriga franca,1491,169,184,173,205,290,294,165,167,149,149,256,263,174,182,315,317,79,83,155,159,353,363,246,246,208,210,248,254,178,180,233,253,239,271,223,225,239,243,141,149
Touriga nacional,1493,167,169,177,205,294,294,165,167,149,149,263,263,182,182,317,317,79,83,159,161,360,363,246,251,206,210,248,254,178,186,233,267,239,271,223,234,239,271,141,149
Trakya Ilkerem,3810,165,173,165,206,290,294,165,165,149,149,256,261,178,186,315,324,77,83,159,177,368,368,247,247,206,210,238,240,178,182,243,243,251,271,234,236,249,253,131,131
Tressot,224,165,171,171,177,294,294,167,179,151,157,263,265,178,180,315,319,79,79,159,159,360,360,246,247,204,212,238,254,176,186,216,267,239,239,223,236,239,249,137,141
Tricana = H 6‐52‐226,3377,184,184,185,187,290,298,163,165,151,155,261,263,178,182,315,317,83,83,157,177,353,353,247,247,206,206,238,254,178,191,216,233,249,251,232,236,239,243,143,149
Tripoli = Pirovano 352,1041,171,184,171,171,290,290,163,165,157,157,263,263,178,180,319,319,81,83,159,167,358,368,247,253,206,210,248,254,182,191,243,243,239,251,229,236,247,247,141,147
Tsaoussi,3765,165,173,171,203,294,306,159,163,151,151,256,263,174,184,319,328,77,83,155,159,355,368,241,253,206,210,254,254,176,186,243,243,251,271,229,234,239,253,133,141
Tsitsa Kaprei,2471,167,173,164,173,290,294,165,171,149,149,263,263,178,184,324,324,81,83,157,173,353,361,253,253,208,215,240,248,176,182,243,257,257,271,234,236,239,249,135,141
Tsulukidzis Tetra,3738,165,184,171,171,294,294,163,167,149,149,263,263,174,188,322,324,83,83,159,159,360,361,247,247,206,210,238,238,178,178,235,245,255,271,232,244,239,249,131,131
Tulillah,2838,165,184,177,187,290,298,163,165,151,151,263,263,182,194,315,317,79,83,155,177,353,371,247,251,208,215,240,248,178,191,216,235,249,249,232,232,239,239,143,149
Turki,1957,165,184,179,182,290,290,165,165,149,149,263,263,180,190,317,319,77,79,167,171,347,360,249,253,204,206,240,244,182,191,243,257,257,271,223,229,239,245,149,151
Txakoli,1223,171,188,177,205,290,294,163,179,149,157,263,267,188,192,311,319,77,83,149,159,359,368,246,246,206,210,238,248,186,186,227,267,239,251,223,234,249,262,131,137
Tzimlansky chernyi,2666,188,196,171,207,290,294,165,165,149,151,256,263,182,190,315,330,77,83,159,167,351,353,241,247,206,206,248,254,184,191,235,257,251,261,225,244,239,249,143,143
Tzimliansky belyi,2665,196,196,171,181,294,294,165,175,149,151,256,263,176,184,315,315,77,77,165,173,353,368,241,241,206,206,238,248,186,191,247,269,257,271,229,238,239,247,143,151
Urban blau = Schiava gentile,1585,171,184,171,171,290,294,165,165,149,149,261,263,188,190,303,319,77,79,155,161,353,368,247,247,206,214,238,240,178,182,235,253,251,271,234,236,247,249,137,153
Urmi dinka,3456,184,184,164,207,294,294,165,167,149,149,256,261,176,182,315,315,79,83,159,167,353,357,247,247,206,210,238,254,176,182,257,259,255,271,223,229,239,255,131,141
Urreti,2539,184,196,171,205,290,294,165,165,149,151,263,263,176,188,315,317,77,77,155,167,353,368,241,255,206,214,238,240,176,186,227,233,255,271,229,229,239,257,131,131
Uva anis,3614,165,184,164,205,290,294,165,165,147,149,256,263,174,190,315,315,77,79,159,171,360,360,241,253,206,210,238,248,176,182,243,267,257,263,225,238,239,251,131,133
Uva di Troia,1299,184,188,164,187,290,294,165,165,149,151,263,263,176,188,319,330,79,83,159,167,360,371,241,247,206,206,262,266,186,191,243,247,249,271,223,229,243,253,141,149
Uva Sogra,3638,184,188,164,181,290,290,165,165,149,151,263,263,184,194,315,319,79,83,157,167,357,357,241,253,206,208,238,254,178,180,243,247,249,249,238,238,239,251,131,141
Valderbara,3324,182,194,167,177,288,294,163,187,149,149,263,263,174,194,317,319,77,83,155,157,355,360,247,253,210,214,240,240,182,182,235,243,249,261,223,244,247,249,131,153
Valdiguié pissaïré,369,171,182,171,177,294,294,165,167,149,157,263,263,180,194,303,319,83,83,159,173,360,368,241,247,206,210,248,254,176,186,235,257,239,255,223,229,239,239,141,149
Valenci blanco = Beba,660,184,188,184,185,290,294,163,165,149,151,256,263,188,190,315,319,77,79,157,159,361,368,247,253,206,208,254,254,178,186,243,257,255,271,234,238,243,249,133,141
Variété d'oasis Degache 28,3232,171,182,205,205,294,294,165,165,149,151,263,263,178,180,315,319,79,79,155,155,368,368,241,253,206,210,238,240,176,182,259,270,251,255,223,236,249,249,131,131
Variété d'oasis Tozeur 1,3226,169,171,205,205,294,294,165,165,149,149,261,263,180,190,315,315,79,87,155,167,360,371,241,253,206,210,240,244,188,191,243,259,251,271,229,234,233,249,131,141
Variété d'oasis Tozeur 7,3282,171,184,187,205,290,294,165,167,149,149,261,263,174,190,315,319,79,83,155,171,360,368,241,253,210,210,240,254,191,191,243,243,249,271,234,238,233,239,141,141
Variété d'oasis Tozeur 9,3227,171,184,187,205,290,294,165,167,149,151,263,263,178,190,315,315,77,79,155,173,360,368,241,253,206,215,238,254,176,182,243,270,249,255,223,238,239,249,131,141
Vassarga tchernaia,2510,165,169,162,189,290,294,139,165,151,151,256,263,182,182,315,319,77,77,155,177,353,360,247,247,206,214,238,240,176,191,233,243,249,271,232,238,249,249,122,135
Vékonyhéju,2620,169,184,171,171,294,298,149,167,149,149,263,263,182,188,315,319,77,83,159,159,353,361,247,247,206,215,238,238,178,178,227,247,263,271,232,244,239,249,131,131
Velteliner rouge,284,182,184,164,181,290,294,151,163,149,151,256,261,178,194,319,330,83,83,165,165,353,357,241,247,204,210,238,240,180,191,245,267,255,263,238,244,239,253,128,131
Velteliner rouge précoce,1213,171,182,171,181,288,290,163,177,149,151,256,261,192,194,319,330,83,83,159,165,357,368,241,247,204,206,240,248,186,191,235,267,263,271,229,238,247,253,131,149
Verdea,1258,182,182,164,164,288,294,163,165,149,151,263,263,182,188,319,330,77,77,155,157,357,357,247,253,206,206,238,254,176,186,235,259,249,271,232,238,247,247,131,131
Verdeca = Lagorthi,390,169,196,164,185,294,294,165,165,149,149,256,263,176,188,317,324,77,77,165,167,353,361,247,247,206,210,238,238,176,186,247,257,249,251,229,238,239,239,131,143
Verdejo blanco,1407,165,169,171,185,288,290,163,163,149,149,261,263,174,178,303,319,77,83,159,167,357,368,247,251,210,215,248,248,180,186,233,257,239,251,223,236,239,259,149,155
Verdesse,158,169,184,177,179,288,290,163,177,149,151,263,263,178,182,317,319,83,83,159,169,360,368,247,247,210,214,240,248,176,186,233,247,239,249,225,229,239,257,131,149
Verico,1753,165,182,162,187,290,290,159,177,147,149,263,263,184,188,315,319,77,79,149,171,357,366,247,247,206,206,238,248,191,191,247,257,249,255,229,238,239,251,143,149
Verjus,2868,171,184,181,205,290,306,165,179,151,151,263,263,186,188,319,324,79,83,157,173,353,353,241,247,206,210,238,238,176,178,245,253,251,255,232,234,243,247,131,131
Verona = Pirovano 52,913,171,184,184,205,290,294,163,165,149,149,263,263,178,186,315,319,77,83,159,173,371,371,247,247,206,210,248,254,176,176,235,247,239,271,236,236,243,249,133,135
Vidal 98 T,2333,169,184,171,171,294,294,163,167,149,149,256,263,174,188,315,324,77,83,159,159,360,360,247,253,206,206,248,254,176,176,247,267,239,271,223,229,239,249,141,149
Vidal 99 T,2199,169,184,171,187,290,294,163,163,149,149,263,263,182,182,315,324,83,83,159,167,360,360,247,253,206,210,238,254,176,178,247,267,249,271,223,223,239,249,131,141
Vigne de Wood,2804,184,184,177,202,290,294,165,165,147,151,263,263,180,184,315,319,83,83,157,177,353,371,246,247,206,210,238,254,191,191,243,257,251,271,229,234,245,249,133,135
Vinhão = Souzao,1483,167,171,171,177,290,294,167,167,149,151,263,263,178,188,313,315,77,79,161,163,353,363,246,247,204,206,240,258,186,186,235,257,239,239,219,223,239,262,131,133
Viognier,189,182,188,177,203,290,294,163,165,151,157,261,263,182,192,315,319,83,83,149,161,360,368,247,247,206,210,238,240,182,188,216,243,261,271,223,229,239,249,131,137
Vital,2103,165,188,181,205,288,290,163,167,149,151,263,263,186,188,303,319,79,83,157,163,361,371,247,253,208,210,240,254,178,191,233,247,251,255,219,238,239,239,143,149
Voskeat,2511,182,186,164,202,290,294,167,177,149,151,256,263,176,188,309,328,83,83,159,173,353,368,241,247,206,214,240,240,176,176,259,276,265,273,234,244,247,249,141,143
Vradyano,3393,169,188,173,187,290,294,165,175,149,149,256,263,174,188,319,326,77,83,157,177,357,361,247,247,206,210,238,254,178,182,233,243,249,257,232,238,243,249,131,141
Vugava,1652,171,184,171,187,290,306,149,165,149,151,263,263,188,188,315,317,77,83,159,173,361,368,247,247,204,206,238,262,176,178,227,253,255,271,238,238,239,249,131,149
West Freisia,797,173,184,164,171,290,294,163,163,149,149,256,263,180,186,319,324,79,83,155,173,353,371,247,253,206,206,238,254,176,182,233,243,251,251,223,234,247,249,131,133
White Wortley Hall,3277,171,184,179,187,290,298,163,165,149,151,263,263,178,190,315,319,77,83,147,177,353,360,253,253,206,210,248,248,178,191,216,243,249,249,223,232,239,251,147,149
Würzer = Az 10487,3478,169,184,171,177,294,298,149,163,151,157,263,263,174,192,303,322,77,79,159,159,368,368,247,247,210,214,248,248,178,186,233,243,251,271,223,229,243,257,149,149
Xarello,1454,184,184,164,177,290,294,165,167,149,151,263,263,188,194,319,324,79,83,157,159,355,368,247,251,206,206,238,254,178,186,235,257,249,255,234,238,239,243,131,141
Yapincak,2768,167,171,167,200,290,294,165,165,149,149,263,267,176,176,315,319,77,77,157,163,353,360,247,247,206,215,238,248,172,191,235,255,255,271,223,223,239,251,133,141
Zakynthino,3000,169,173,171,187,294,294,167,167,149,151,256,265,172,174,319,330,77,77,159,159,353,360,247,263,206,210,254,254,180,180,243,245,257,271,223,223,239,239,141,141
Zampara,2776,173,178,171,187,290,294,165,165,149,149,256,263,176,188,315,328,77,79,159,173,351,353,247,247,206,206,248,248,176,182,235,257,251,271,229,234,243,243,135,141
Zanter Gilbert,3565,184,188,164,171,290,294,167,167,149,151,263,263,178,188,315,324,83,83,157,159,357,361,247,247,206,215,240,248,176,191,233,233,255,261,223,238,243,243,131,143
Zemoasa = Timpurie,1668,182,184,171,171,294,298,165,167,149,149,263,263,182,182,319,328,77,83,149,159,357,360,241,247,206,210,238,240,176,182,227,259,249,251,238,244,239,249,131,131
Zilavka,1637,182,184,171,187,290,290,165,177,149,149,256,263,186,194,315,319,77,79,159,167,353,353,241,247,206,206,238,240,176,191,247,253,251,263,223,236,239,239,131,151
Zizine,2232,184,188,181,187,290,294,165,167,149,151,263,263,178,178,303,319,83,83,149,157,353,360,247,253,206,206,238,240,176,182,233,257,239,255,225,236,243,249,131,131
Zöldfürtü,2540,165,196,181,205,294,294,165,177,149,149,263,263,174,190,315,319,77,83,159,165,358,360,255,263,206,210,238,248,176,176,227,267,239,263,223,225,239,247,131,131
Zrinyi Ilona,1084,173,184,171,205,290,290,165,167,149,157,263,263,180,190,315,315,77,79,159,171,358,371,263,263,210,210,240,248,186,191,216,267,239,263,225,234,247,251,131,147
Zrinyi Ilona faux,3457,165,184,179,207,294,294,165,165,149,151,263,263,182,190,315,315,77,83,149,171,360,371,253,255,206,210,238,248,176,178,235,243,255,263,225,236,239,249,131,131
Zsitvai dinka,2541,173,184,171,205,294,294,167,177,149,151,263,265,182,190,315,319,77,77,159,159,360,360,247,263,210,210,240,248,184,186,233,243,263,271,225,238,239,239,131,131
Zweigelt blau,2860,165,184,171,171,288,298,163,167,149,149,263,265,174,182,315,319,83,83,159,159,361,368,247,247,206,212,238,248,176,182,233,245,249,261,223,225,239,239,135,141
