vivc_prime_name,vivc_no_source,rancho_variety_name,match_method,ssr_source,ssr_VVS2_raw,ssr_VVMD5_raw,ssr_VVMD7_raw,ssr_VVMD25_raw,ssr_VVMD27_raw,ssr_VVMD28_raw,ssr_VVMD32_raw,ssr_VrZAG62_raw,ssr_VrZAG79_raw,ssr_EVA2_raw,ssr_ISV2_raw,ssr_ISV4_raw,ssr_ISV3_raw,ssr_VVS2,ssr_VVMD5,ssr_VVMD7,ssr_VVMD25,ssr_VVMD27,ssr_VVMD28,ssr_VVMD32,ssr_VrZAG62,ssr_VrZAG79
ABOURIOU,34,Abouriou,vivc_no,Alvarez-Arbesú et al. 2022,132/150,234/234,246/246,241/249,179/183,234/244,239/271,192/202,248/256,166/172,151/151,170/170,139/145,133/151,238/238,247/247,241/249,182/186,234/244,240/272,194/204,251/259
ABRUSCO,32,Abrusco,vivc_no,Alvarez-Arbesú et al. 2022,134/150,224/226,232/262,255/255,183/187,234/258,239/251,192/202,242/248,150/162,157/159,178/178,133/139,135/151,228/230,233/263,255/255,186/190,234/258,240/252,194/204,245/251
AFUS ALI,122,Afus Ali,vivc_no,Alvarez-Arbesú et al. 2022,132/134,224/230,238/248,249/255,183/183,234/258,257/271,184/186,240/248,150/158,143/169,178/192,139/139,133/135,228/234,239/249,249/255,186/186,234/258,258/272,186/188,243/251
AGOSTENGA,107,Agostenga,vivc_no,Alvarez-Arbesú et al. 2022,132/154,226/236,232/246,239/249,183/187,234/244,251/271,192/194,236/248,150/158,141/151,170/170,133/133,133/155,230/240,233/247,239/249,186/190,234/244,252/272,194/196,239/251
AGUA SANTA,123,Agua Santa,vivc_no,Alvarez-Arbesú et al. 2022,144/144,236/236,242/252,241/241,177/187,234/248,251/251,186/198,248/248,164/164,141/169,178/178,145/145,145/145,240/240,243/253,241/241,180/190,234/248,252/252,188/200,251/251
AHMEUR BOU AHMEUR,140,Ahmeur bou Ahmeur,vivc_no,Alvarez-Arbesú et al. 2022,134/146,230/236,238/248,255/267,181/192,248/254,251/255,190/202,244/254,150/150,165/169,180/194,133/139,135/147,234/240,239/249,255/267,184/195,248/254,252/256,192/204,247/257
AIREN,157,Airén,vivc_no,Alvarez-Arbesú et al. 2022,142/144,224/232,242/252,255/255,179/192,234/244,251/271,186/198,244/256,158/176,161/169,170/178,133/139,143/145,228/236,243/253,255/255,182/195,234/244,252/272,188/200,247/259
ALARIJE,213,Alarije,vivc_no,Alvarez-Arbesú et al. 2022,142/144,234/234,238/238,241/255,183/192,234/258,255/271,184/186,248/254,164/178,141/169,178/188,133/139,143/145,238/238,239/239,241/255,186/195,234/258,256/272,186/188,251/257
ALBALONGA,226,Albalonga,vivc_no,Alvarez-Arbesú et al. 2022,142/150,224/224,242/246,249/255,179/179,228/234,251/271,186/192,240/240,158/168,143/161,170/198,133/139,143/151,228/228,243/247,249/255,182/182,228/234,252/272,188/194,243/243
ALBANA BIANCA,224,Albana Bianca,vivc_no,Alvarez-Arbesú et al. 2022,132/142,224/230,246/248,241/255,177/187,234/236,249/271,192/198,248/248,158/176,165/169,170/188,133/139,133/143,228/234,247/249,241/255,180/190,234/236,250/272,194/200,251/251
ALBILLO DE GRANADA,248,Albillo de Granada,vivc_no,Alvarez-Arbesú et al. 2022,142/156,234/234,238/242,249/255,177/179,258/258,251/271,184/186,244/248,164/172,151/165,178/192,133/141,143/157,238/238,239/243,249/255,180/182,258/258,252/272,186/188,247/251
FORASTERA,24859,Albillo Forastero,synonym,Alvarez-Arbesú et al. 2022,132/144,220/226,238/256,241/241,187/192,234/248,257/271,186/192,248/254,164/176,137/161,178/188,133/139,133/145,224/230,239/257,241/241,190/195,234/248,258/272,188/194,251/257
ALBILLO MAYOR,12581,Albillo Mayor,vivc_no,Alvarez-Arbesú et al. 2022,142/144,230/234,238/252,241/255,181/192,234/258,251/271,184/198,248/254,158/172,143/169,170/178,133/139,143/145,234/238,239/253,241/255,184/195,234/258,252/272,186/200,251/257
ALBILLO MONTE LENTISCAL,24777,Albillo Monte Lentiscal,name_fallback,Alvarez-Arbesú et al. 2022,144/150,234/238,238/246,241/249,179/181,236/258,271/271,184/186,244/244,164/164,137/141,178/178,133/139,145/151,238/242,239/247,241/249,182/184,236/258,272/272,186/188,247/247
ALBILLO REAL,247,Albillo Real,vivc_no,Alvarez-Arbesú et al. 2022,134/154,226/226,232/238,239/239,183/187,234/244,251/271,194/194,236/248,150/164,141/169,170/188,133/145,135/155,230/230,233/239,239/239,186/190,234/244,252/272,196/196,239/251
ALCANON,255,Alcañón,vivc_no,Alvarez-Arbesú et al. 2022,132/144,232/236,238/238,241/255,179/192,234/244,239/271,184/186,248/254,164/164,165/169,178/188,139/145,133/145,236/240,239/239,241/255,182/195,234/244,240/272,186/188,251/257
ALEDO,262,Aledo,vivc_no,Alvarez-Arbesú et al. 2022,132/142,230/238,238/242,239/255,179/187,244/248,271/271,186/190,240/248,150/150,165/165,188/192,133/139,133/143,234/242,239/243,239/255,182/190,244/248,272/272,188/192,243/251
ALFROCHEIRO,277,Alfrocheiro,vivc_no,Alvarez-Arbesú et al. 2022,142/150,224/236,252/256,249/255,177/187,236/248,251/271,186/198,248/248,158/176,141/161,170/198,133/145,143/151,228/240,253/257,249/255,180/190,236/248,252/272,188/200,251/251
ALICANTE HENRI BOUSCHET,304,Alicante Henri Bouschet,vivc_no,Alvarez-Arbesú et al. 2022,132/144,224/236,238/242,241/241,179/192,244/260,249/271,186/186,240/254,164/170,151/165,188/188,135/139,133/145,228/240,239/243,241/241,182/195,244/260,250/272,188/188,243/257
ALIONZA,318,Alionza,vivc_no,Alvarez-Arbesú et al. 2022,132/142,230/230,238/252,241/255,177/181,248/258,249/251,192/198,242/248,162/176,141/161,170/188,133/133,133/143,234/234,239/253,241/255,180/184,248/258,250/252,194/200,245/251
ALVARELHAO,1650,Alvarelhão,vivc_no,Alvarez-Arbesú et al. 2022,132/150,220/224,238/238,239/249,183/187,234/258,239/255,186/192,248/256,172/178,151/165,178/188,133/145,133/151,224/228,239/239,239/249,186/190,234/258,240/256,188/194,251/259
ALVARINHO,15689,Alvarinho,name_fallback,Alvarez-Arbesú et al. 2022,134/150,220/230,238/238,239/255,187/187,234/236,239/271,184/202,244/248,158/164,151/165,178/178,133/145,135/151,224/234,239/239,239/255,190/190,234/236,240/272,186/204,247/251
ALVINA,16384,Alvina,vivc_no,Alvarez-Arbesú et al. 2022,132/144,232/236,248/252,239/239,183/192,244/244,249/251,184/186,248/256,138/158,141/143,194/194,133/139,133/145,236/240,249/253,239/239,186/195,244/244,250/252,186/188,251/259
AMARAL,818,Amaral,vivc_no,Alvarez-Arbesú et al. 2022,134/142,224/230,238/262,255/259,179/187,236/268,239/239,192/194,242/244,162/184,141/141,178/196,131/133,135/143,228/234,239/263,255/259,182/190,236/268,240/240,194/196,245/247
AMOSTRINHA,7451,Amostrinha,vivc_no,Alvarez-Arbesú et al. 2022,142/144,232/236,242/256,241/255,179/187,248/248,255/271,186/186,244/248,164/164,141/169,178/198,139/145,143/145,236/240,243/257,241/255,182/190,248/248,256/272,188/188,247/251
ANCELLOTTA,447,Ancellotta,vivc_no,Alvarez-Arbesú et al. 2022,132/154,230/230,238/262,241/255,183/187,234/244,239/271,192/192,242/244,158/162,151/165,170/178,133/141,133/155,234/234,239/263,241/255,186/190,234/244,240/272,194/194,245/247
ANGELO PIROVANO,476,Angelo Pirovano,vivc_no,Alvarez-Arbesú et al. 2022,134/142,230/234,246/246,255/255,183/183,218/244,239/271,190/202,236/248,158/162,141/165,178/188,139/139,135/143,234/238,247/247,255/255,186/186,218/244,240/272,192/204,239/251
ANSONICA,492,Ansonica,vivc_no,Alvarez-Arbesú et al. 2022,134/142,224/238,238/246,241/255,177/181,228/258,251/257,186/200,244/248,150/172,161/169,170/192,145/145,135/143,228/242,239/247,241/255,180/184,228/258,252/258,188/202,247/251
ARAMON NOIR,544,Aramon Noir,vivc_no,Alvarez-Arbesú et al. 2022,132/142,232/232,238/242,241/255,179/192,228/260,249/249,186/194,240/254,158/170,143/165,188/198,135/139,133/143,236/236,239/243,241/255,182/195,228/260,250/250,188/196,243/257
ARBANE,554,Arbane,vivc_no,Alvarez-Arbesú et al. 2022,132/142,224/236,238/256,241/255,183/183,236/254,251/255,186/192,236/256,164/168,151/165,170/188,133/139,133/143,228/240,239/257,241/255,186/186,236/254,252/256,188/194,239/259
ARGAMUSA,585,Argamusa,vivc_no,Alvarez-Arbesú et al. 2022,132/136,224/232,238/238,241/241,179/192,258/258,251/271,186/194,244/254,164/176,165/169,192/192,133/139,133/137,228/236,239/239,241/241,182/195,258/258,252/272,188/196,247/257
ARINTO,602,Arinto,vivc_no,Alvarez-Arbesú et al. 2022,142/150,224/236,242/250,249/255,179/183,236/258,239/251,184/186,244/248,168/172,137/151,170/178,133/139,143/151,228/240,243/251,249/255,182/186,236/258,240/252,186/188,247/251
ARINTO DOS ACORES,25519,Arinto dos Acores,name_fallback,Alvarez-Arbesú et al. 2022,144/150,220/224,238/256,241/249,177/187,234/246,239/255,186/192,248/248,164/172,141/161,188/188,133/139,145/151,224/228,239/257,241/249,180/190,234/246,240/256,188/194,251/251
ARVINE PETITE,664,Arvine Petite,vivc_no,Alvarez-Arbesú et al. 2022,132/150,236/236,256/262,241/249,183/187,236/244,239/249,192/192,236/248,158/166,151/161,178/198,133/139,133/151,240/240,257/263,241/249,186/190,236/244,240/250,194/194,239/251
ASPIRAN NOIR,697,Aspiran Noir,vivc_no,Alvarez-Arbesú et al. 2022,132/132,224/224,246/248,241/249,177/179,228/258,239/261,202/202,248/256,158/158,151/151,178/188,133/139,133/133,228/228,247/249,241/249,180/182,228/258,240/262,204/204,251/259
AUBUN,761,Aubun,vivc_no,Alvarez-Arbesú et al. 2022,132/132,230/234,252/256,241/249,177/192,244/258,239/261,192/198,248/248,158/158,141/143,170/184,133/139,133/133,234/238,253/257,241/249,180/195,244/258,240/262,194/200,251/251
AUGUSTA LUISE,774,Augusta Luise,vivc_no,Alvarez-Arbesú et al. 2022,134/136,226/234,242/246,239/255,177/192,234/244,239/271,186/192,246/252,178/178,151/165,192/198,141/145,135/137,230/238,243/247,239/255,180/195,234/244,240/272,188/194,249/255
AUTUMN BLACK,14166,Autumn Black,vivc_no,Alvarez-Arbesú et al. 2022,132/150,232/238,232/248,249/255,181/192,244/244,249/271,184/202,248/254,150/158,143/151,188/188,139/139,133/151,236/242,233/249,249/255,184/195,244/244,250/272,186/204,251/257
AUXERROIS,792,Auxerrois,vivc_no,Alvarez-Arbesú et al. 2022,132/150,232/236,238/242,239/249,179/187,228/236,249/271,186/194,240/242,158/162,151/165,170/198,139/145,133/151,236/240,239/243,239/249,182/190,228/236,250/272,188/196,243/245
AZAL BRANCO,815,Azal Branco,vivc_no,Alvarez-Arbesú et al. 2022,150/156,224/230,238/246,239/263,179/183,228/258,239/251,192/202,244/248,170/172,151/151,178/192,133/139,151/157,228/234,239/247,239/263,182/186,228/258,240/252,194/204,247/251
BACCHUS WEISS,851,Bacchus Weiß,vivc_no,Alvarez-Arbesú et al. 2022,150/150,224/226,242/246,249/255,179/187,228/244,251/271,186/192,242/242,138/158,151/161,170/198,133/133,151/151,228/230,243/247,249/255,182/190,228/244,252/272,188/194,245/245
BACO NOIR,870,Baco Noir,vivc_no,Alvarez-Arbesú et al. 2022,132/144,232/264,238/264,239/239,179/205,244/258,271/271,194/198,240/252,152/158,133/143,198/198,139/139,133/145,236/268,239/265,239/239,182/208,244/258,272/272,196/200,243/255
BAGA,885,Baga,vivc_no,Alvarez-Arbesú et al. 2022,142/154,230/238,238/238,255/255,177/187,236/236,251/259,186/202,244/248,176/176,141/169,198/198,145/145,143/155,234/242,239/239,255/255,180/190,236/236,252/260,188/204,247/251
BARBERA NERA,974,Barbera Nera,vivc_no,Alvarez-Arbesú et al. 2022,132/134,224/224,248/252,239/255,183/187,234/260,251/271,190/198,240/258,158/172,143/151,170/178,133/133,133/135,228/228,249/253,239/255,186/190,234/260,252/272,192/200,243/261
BARCA,17359,Barca,vivc_no,Alvarez-Arbesú et al. 2022,142/150,224/230,238/238,249/255,181/187,254/268,251/271,186/186,242/254,162/164,151/151,170/192,133/133,143/151,228/234,239/239,249/255,184/190,254/268,252/272,188/188,245/257
BATOCA,1037,Batoca,vivc_no,Alvarez-Arbesú et al. 2022,142/150,224/224,246/250,255/263,181/183,248/258,251/271,184/202,244/248,172/176,151/165,170/192,139/145,143/151,228/228,247/251,255/263,184/186,248/258,252/272,186/204,247/251
BEAUTY SEEDLESS,1065,Beauty Seedless,vivc_no,Alvarez-Arbesú et al. 2022,132/150,232/234,246/252,239/255,179/179,218/234,249/271,186/202,244/252,158/158,143/161,170/192,139/145,133/151,236/238,247/253,239/255,182/182,218/234,250/272,188/204,247/255
BEBA,22710,Beba,vivc_no,Alvarez-Arbesú et al. 2022,134/142,234/238,242/248,255/255,179/187,244/258,255/271,186/202,240/244,150/164,165/169,178/192,133/139,135/143,238/242,243/249,255/255,182/190,244/258,256/272,188/204,243/247
BELLONE,1114,Bellone,vivc_no,Alvarez-Arbesú et al. 2022,134/144,226/230,238/246,239/241,177/177,234/260,251/257,186/202,248/256,168/176,143/169,188/188,139/145,135/145,230/234,239/247,239/241,180/180,234/260,252/258,188/204,251/259
BENEDICTO FALSO DE ARAGÓN,23871,Benedicto Falso de Aragón,name_fallback,Alvarez-Arbesú et al. 2022,136/144,224/234,238/238,241/255,181/183,236/258,249/255,194/194,244/248,176/176,143/165,188/192,133/139,137/145,228/238,239/239,241/255,184/186,236/258,250/256,196/196,247/251
BEQUIGNOL NOIR,1147,Béquignol Noir,vivc_no,Alvarez-Arbesú et al. 2022,138/150,234/236,238/256,239/249,173/187,236/244,239/271,186/192,242/244,166/168,141/151,170/170,133/139,139/151,238/240,239/257,239/249,176/190,236/244,240/272,188/194,245/247
BERBECEL,1148,Berbecel,vivc_no,Alvarez-Arbesú et al. 2022,142/142,236/244,238/248,249/255,185/187,248/260,251/257,186/192,240/248,150/158,143/165,188/194,133/139,143/143,240/248,239/249,249/255,188/190,248/260,252/258,188/194,243/251
BERMEJUELA,24424,Bermejuela,name_fallback,Alvarez-Arbesú et al. 2022,132/144,230/234,238/242,239/241,177/183,236/264,251/271,186/186,244/244,164/172,161/169,170/178,139/145,133/145,234/238,239/243,239/241,180/186,236/264,252/272,188/188,247/247
BERUES DE HUARTE,1281,Berués de Huarte,vivc_no,Alvarez-Arbesú et al. 2022,132/150,224/230,242/252,239/249,177/187,234/248,255/271,186/198,248/248,158/176,161/165,170/178,133/145,133/151,228/234,243/253,239/249,180/190,234/248,256/272,188/200,251/251
BIANCO D'ALESSANO,1330,Bianco d'Alessano,vivc_no,Alvarez-Arbesú et al. 2022,142/144,230/230,238/252,241/255,179/183,236/246,257/271,186/198,240/256,150/176,143/165,170/184,133/133,143/145,234/234,239/253,241/255,182/186,236/246,258/272,188/200,243/259
BICAL,1568,Bical,vivc_no,Alvarez-Arbesú et al. 2022,132/144,224/238,238/262,239/241,179/183,234/258,251/271,186/192,248/248,164/176,141/161,178/198,139/145,133/145,228/242,239/263,239/241,182/186,234/258,252/272,188/194,251/251
BICANE,1341,Bicane,vivc_no,Alvarez-Arbesú et al. 2022,132/136,224/236,242/248,239/255,177/192,234/248,239/251,186/202,252/254,150/164,165/165,188/192,133/133,133/137,228/240,243/249,239/255,180/195,234/248,240/252,188/204,255/257
BLACK MONUKKA,17452,Black Monukka,vivc_no,Alvarez-Arbesú et al. 2022,140/150,232/238,252/252,249/255,179/192,218/244,249/255,186/186,244/256,138/150,141/143,178/192,133/139,141/151,236/242,253/253,249/255,182/195,218/244,250/256,188/188,247/259
BLACK ROSE,1407,Black Rose,vivc_no,Alvarez-Arbesú et al. 2022,134/150,236/238,248/252,249/255,183/192,244/244,255/271,184/186,254/254,150/158,143/165,188/192,133/139,135/151,240/242,249/253,249/255,186/195,244/244,256/272,186/188,257/257
BLANC D'AMBRE,1421,Blanc d'Ambre,vivc_no,Alvarez-Arbesú et al. 2022,132/132,226/238,238/246,241/255,187/192,218/236,239/255,192/202,246/246,150/162,141/165,178/196,133/133,133/133,230/242,239/247,241/255,190/195,218/236,240/256,194/204,249/249
BLANC DAME,1420,Blanc Dame,vivc_no,Alvarez-Arbesú et al. 2022,132/150,230/238,242/248,239/249,177/187,246/258,239/271,186/202,240/248,138/158,159/165,170/198,133/139,133/151,234/242,243/249,239/249,180/190,246/258,240/272,188/204,243/251
BLANCA GORDAL,,Blanca Gordal*,fuzzy_96,Alvarez-Arbesú et al. 2022,132/144,232/236,238/238,241/241,179/183,234/258,261/271,186/194,234/244,164/170,143/169,178/194,139/145,133/145,236/240,239/239,241/241,182/186,234/258,262/272,188/196,237/247
BLANQUILINA,1452,Blanquiliña,vivc_no,Alvarez-Arbesú et al. 2022,132/150,230/230,238/242,241/249,179/187,236/254,255/271,186/202,242/256,164/168,137/151,170/188,131/145,133/151,234/234,239/243,241/249,182/190,236/254,256/272,188/204,245/259
BLATINA,1454,Blatina,vivc_no,Alvarez-Arbesú et al. 2022,142/150,224/224,238/246,239/263,179/187,244/258,261/263,186/202,242/256,164/164,141/165,178/198,133/139,143/151,228/228,239/247,239/263,182/190,244/258,262/264,188/204,245/259
BLAUFRAENKISCH,1459,Blaufränkisch,vivc_no,Alvarez-Arbesú et al. 2022,142/142,224/238,238/248,249/255,177/192,246/246,249/271,192/202,234/248,138/158,165/169,178/198,135/139,143/143,228/242,239/249,249/255,180/195,246/246,250/272,194/204,237/251
BOBAL,1493,Bobal,vivc_no,Alvarez-Arbesú et al. 2022,144/146,226/232,238/242,241/267,179/187,234/260,249/271,186/186,240/244,150/172,143/165,178/188,139/145,145/147,230/236,239/243,241/267,182/190,234/260,250/272,188/188,243/247
BOMBINO BIANCO,1533,Bombino Bianco,vivc_no,Alvarez-Arbesú et al. 2022,144/150,226/230,248/252,241/263,179/192,244/248,257/271,188/198,248/256,150/176,165/169,188/192,139/145,145/151,230/234,249/253,241/263,182/195,244/248,258/272,190/200,251/259
BORRACAL,1564,Borraçal,vivc_no,Alvarez-Arbesú et al. 2022,132/134,230/236,238/238,239/259,179/183,236/258,239/251,192/192,244/244,164/184,141/159,178/196,131/133,133/135,234/240,239/239,239/259,182/186,236/258,240/252,194/194,247/247
BOUCHALES,1596,Bouchalès,vivc_no,Alvarez-Arbesú et al. 2022,132/132,224/238,248/252,239/241,177/187,234/248,239/251,186/198,248/248,168/176,141/141,178/192,133/145,133/133,228/242,249/253,239/241,180/190,234/248,240/252,188/200,251/251
BOURBOULENC,1612,Bourboulenc,vivc_no,Alvarez-Arbesú et al. 2022,132/132,224/224,238/238,241/249,183/187,234/258,255/255,184/194,242/248,158/164,137/165,178/188,133/145,133/133,228/228,239/239,241/249,186/190,234/258,256/256,186/196,245/251
BOUVIER,1625,Bouvier,vivc_no,Alvarez-Arbesú et al. 2022,132/150,226/226,232/242,249/249,183/192,218/268,271/271,192/194,236/248,158/158,143/151,170/188,133/139,133/151,230/230,233/243,249/249,186/195,218/268,272/272,194/196,239/251
BRANCO ESCOLA,9290,Branco Escola,vivc_no,Alvarez-Arbesú et al. 2022,142/150,224/230,242/250,249/255,177/183,234/258,239/251,184/186,248/248,158/172,137/165,170/170,133/139,143/151,228/234,243/251,249/255,180/186,234/258,240/252,186/188,251/251
BRUN ARGENTE,1706,Brun Argenté,vivc_no,Alvarez-Arbesú et al. 2022,132/142,224/224,242/248,239/267,177/179,248/268,239/249,186/198,244/252,164/164,165/169,188/188,133/139,133/143,228/228,243/249,239/267,180/182,248/268,240/250,188/200,247/255
BRUN FOURCA,1707,Brun Fourca,vivc_no,Alvarez-Arbesú et al. 2022,132/132,224/236,242/248,239/241,177/192,236/258,239/239,186/202,252/254,158/162,151/155,188/192,133/139,133/133,228/240,243/249,239/241,180/195,236/258,240/240,188/204,255/257
BUDAI ZOELD,881,Budai Zöld,vivc_no,Alvarez-Arbesú et al. 2022,142/152,224/224,248/248,241/255,187/192,234/248,271/271,198/202,246/246,158/176,151/165,178/198,139/145,143/153,228/228,249/249,241/255,190/195,234/248,272/272,200/204,249/249
BUKETTREBE,1611,Bukettrebe,vivc_no,Alvarez-Arbesú et al. 2022,134/150,224/236,242/246,249/255,179/192,228/236,271/271,186/190,246/256,158/178,165/165,178/194,133/139,135/151,228/240,243/247,249/255,182/195,228/236,272/272,188/192,249/259
CABERNET FRANC,1927,Cabernet Franc,vivc_no,Alvarez-Arbesú et al. 2022,138/146,224/238,238/262,239/255,179/187,228/236,239/257,192/202,244/256,162/176,151/165,188/192,139/139,139/147,228/242,239/263,239/255,182/190,228/236,240/258,194/204,247/259
CABERNET SAUVIGNON,1929,Cabernet Sauvignon,vivc_no,Alvarez-Arbesú et al. 2022,138/150,230/238,238/238,239/249,173/187,234/236,239/239,186/192,244/244,168/176,141/165,170/192,133/139,139/151,234/242,239/239,239/249,176/190,234/236,240/240,188/194,247/247
CADRETE,1961,Cadrete,vivc_no,Alvarez-Arbesú et al. 2022,142/150,220/232,238/248,255/263,177/192,258/258,261/271,186/202,248/254,164/172,169/169,178/192,133/139,143/151,224/236,239/249,255/263,180/195,258/258,262/272,188/204,251/257
CAINO BLANCO,371,Caiño Blanco,vivc_no,Alvarez-Arbesú et al. 2022,142/150,220/224,238/262,255/255,179/187,234/236,239/239,194/202,244/248,162/164,141/151,170/178,133/133,143/151,224/228,239/263,255/255,182/190,234/236,240/240,196/204,247/251
CALABRESE,1986,Calabrese,vivc_no,Alvarez-Arbesú et al. 2022,142/150,224/238,238/248,241/255,177/179,236/244,251/251,184/200,248/248,164/164,137/169,198/198,133/145,143/151,228/242,239/249,241/255,180/182,236/244,252/252,186/202,251/251
CALITOR NOIR,2000,Calitor Noir,vivc_no,Alvarez-Arbesú et al. 2022,132/132,224/236,238/248,239/241,177/183,236/236,239/255,184/202,248/248,164/168,151/165,178/192,133/139,133/133,228/240,239/249,239/241,180/186,236/236,240/256,186/204,251/251
CALLET,2001,Callet,vivc_no,Alvarez-Arbesú et al. 2022,132/142,234/238,238/248,241/255,179/187,236/258,239/239,186/194,240/244,138/150,143/165,178/178,139/145,133/143,238/242,239/249,241/255,182/190,236/258,240/240,188/196,243/247
CAMARAOU NOIR,2017,Camaraou Noir,vivc_no,Alvarez-Arbesú et al. 2022,138/150,234/236,238/242,239/249,173/187,234/244,239/239,186/186,242/244,158/166,141/151,170/170,139/141,139/151,238/240,239/243,239/249,176/190,234/244,240/240,188/188,245/247
CAMARATE TINTO,2018,Camarate Tinto,vivc_no,Alvarez-Arbesú et al. 2022,144/150,234/236,242/252,241/249,179/187,236/236,251/271,186/198,244/248,158/164,141/143,170/178,145/145,145/151,238/240,243/253,241/249,182/190,236/236,252/272,188/200,247/251
CANAIOLO NERO,2037,Canaiolo Nero,vivc_no,Alvarez-Arbesú et al. 2022,132/134,226/238,232/238,241/255,183/187,258/260,251/271,186/202,248/256,150/158,157/169,170/178,139/145,133/135,230/242,233/239,241/255,186/190,258/260,252/272,188/204,251/259
CANARI NOIR,2043,Canari Noir,vivc_no,Alvarez-Arbesú et al. 2022,142/150,230/236,238/252,249/255,177/187,248/258,251/271,186/198,242/248,158/176,161/165,170/198,133/145,143/151,234/240,239/253,249/255,180/190,248/258,252/272,188/200,245/251
CANORROYO,2061,Cañarroyo,vivc_no,Alvarez-Arbesú et al. 2022,144/156,234/238,238/238,241/249,181/192,234/258,251/271,184/186,248/254,138/172,141/141,170/178,139/145,145/157,238/242,239/239,241/249,184/195,234/258,252/272,186/188,251/257
CANOCAZO,,Cañocazo*,fuzzy_94,Alvarez-Arbesú et al. 2022,142/144,226/238,242/248,241/255,183/192,248/258,255/271,186/192,248/254,164/176,163/169,178/178,139/145,143/145,230/242,243/249,241/255,186/195,248/258,256/272,188/194,251/257
CARDINAL,2091,Cardinal,vivc_no,Alvarez-Arbesú et al. 2022,134/134,224/234,248/248,255/255,177/183,244/268,251/271,184/184,252/252,158/176,143/165,178/194,139/139,135/135,228/238,249/249,255/255,180/186,244/268,252/272,186/186,255/255
CARIGNAN NOIR,2098,Carignan Noir,vivc_no,Alvarez-Arbesú et al. 2022,142/144,224/226,238/238,241/255,179/183,248/256,249/251,184/186,248/256,172/176,165/169,170/178,133/139,143/145,228/230,239/239,241/255,182/186,248/256,250/252,186/188,251/259
CARRASQUIN,2123,Carrasquín,vivc_no,Alvarez-Arbesú et al. 2022,142/150,224/236,238/256,249/255,177/187,236/248,239/255,186/192,248/248,168/176,161/165,170/198,145/145,143/151,228/240,239/257,249/255,180/190,236/248,240/256,188/194,251/251
CASTELAO,2324,Castelão,vivc_no,Alvarez-Arbesú et al. 2022,142/144,234/236,242/256,241/255,177/179,236/248,251/251,186/186,244/248,158/164,161/169,178/198,145/145,143/145,238/240,243/257,241/255,180/182,236/248,252/252,188/188,247/251
CASTELLANA BLANCA,26280,Castellana Blanca,vivc_no,Alvarez-Arbesú et al. 2022,142/156,224/234,238/238,249/255,181/183,258/258,251/255,184/184,248/248,172/178,141/169,170/170,133/145,143/157,228/238,239/239,249/255,184/186,258/258,252/256,186/186,251/251
CATARRATTO BIANCO COMUNE,2341,Cataratto Bianco Comune,vivc_no,Alvarez-Arbesú et al. 2022,142/150,224/224,238/248,255/255,177/177,228/236,249/251,198/200,248/248,150/176,165/169,178/192,139/145,143/151,228/228,239/249,255/255,180/180,228/236,250/252,200/202,251/251
CATAWBA,2346,Catawba,vivc_no,Alvarez-Arbesú et al. 2022,124/132,230/234,240/256,241/241,183/183,230/244,271/271,192/200,244/244,148/158,133/141,178/178,123/139,125/133,234/238,241/257,241/241,186/186,230/244,272/272,194/202,247/247
CAYETANA BLANCA,5648,Cayetana Blanca,vivc_no,Alvarez-Arbesú et al. 2022,136/144,232/234,242/248,241/255,179/179,234/248,251/255,186/202,244/244,164/166,143/169,178/192,139/145,137/145,236/238,243/249,241/255,182/182,234/248,252/256,188/204,247/247
CENTENNIAL SEEDLESS,2380,Centennial Seedless,vivc_no,Alvarez-Arbesú et al. 2022,134/134,234/236,238/238,239/255,177/192,218/236,263/271,186/186,244/252,138/158,143/169,188/194,139/139,135/135,238/240,239/239,239/255,180/195,218/236,264/272,188/188,247/255
CERCEAL BRANCO,2389,Cerceal Branco,vivc_no,Alvarez-Arbesú et al. 2022,142/156,224/234,248/256,239/241,177/179,236/248,251/271,186/202,244/248,164/176,143/169,178/198,139/145,143/157,228/238,249/257,239/241,180/182,236/248,252/272,188/204,247/251
CEREZA,2390,Cereza,vivc_no,Alvarez-Arbesú et al. 2022,134/148,226/230,248/250,239/249,177/187,244/244,257/271,192/202,240/252,158/166,143/165,192/196,139/145,135/149,230/234,249/251,239/249,180/190,244/244,258/272,194/204,243/255
CESANESE COMUNE,2398,Cesanese Comune,vivc_no,Alvarez-Arbesú et al. 2022,132/150,230/234,238/246,241/263,183/192,228/248,257/271,192/192,240/256,150/150,143/165,178/188,133/139,133/151,234/238,239/247,241/263,186/195,228/248,258/272,194/194,243/259
CESANESE D'AFFILE,2399,Cesanese d'Affile,vivc_no,Alvarez-Arbesú et al. 2022,132/150,224/234,248/256,241/263,181/187,234/244,239/261,194/198,242/248,158/176,143/161,188/192,139/151,133/151,228/238,249/257,241/263,184/190,234/244,240/262,196/200,245/251
CHAMBOURCIN,2436,Chambourcin,vivc_no,Alvarez-Arbesú et al. 2022,132/144,236/242,238/250,241/255,183/187,252/258,239/249,186/192,256/258,158/192,133/143,188/198,139/139,133/145,240/246,239/251,241/255,186/190,252/258,240/250,188/194,259/261
CHARDONNAY BLANC,2455,Chardonnay Blanc,vivc_no,Alvarez-Arbesú et al. 2022,136/142,232/236,238/242,239/255,179/187,218/228,239/271,186/194,240/242,158/158,143/151,178/198,139/145,137/143,236/240,239/243,239/255,182/190,218/228,240/272,188/196,243/245
CHASAN,2470,Chasan,vivc_no,Alvarez-Arbesú et al. 2022,144/150,226/236,238/238,241/249,183/183,218/248,239/255,192/192,236/248,162/164,137/151,170/178,139/145,145/151,230/240,239/239,241/249,186/186,218/248,240/256,194/194,239/251
CHASSELAS BLANC,2473,Chasselas Blanc,vivc_no,Alvarez-Arbesú et al. 2022,132/142,226/234,238/246,241/255,183/187,218/268,239/239,192/202,248/256,158/162,141/165,170/178,133/139,133/143,230/238,239/247,241/255,186/190,218/268,240/240,194/204,251/259
CHATYRBAK,2505,Chatyrbak,vivc_no,Alvarez-Arbesú et al. 2022,136/144,234/236,248/248,241/255,183/185,258/258,249/255,192/198,240/248,138/150,143/165,178/194,133/139,137/145,238/240,249/249,241/255,186/188,258/258,250/256,194/200,243/251
CHENIN BLANC,2527,Chenin Blanc,vivc_no,Alvarez-Arbesú et al. 2022,132/150,226/230,238/256,241/249,173/187,234/248,255/271,186/192,244/248,158/166,141/161,170/178,133/145,133/151,230/234,239/257,241/249,176/190,234/248,256/272,188/194,247/251
CHURRIN DE JANEO,2638,Churrín de Janeo,vivc_no,Alvarez-Arbesú et al. 2022,132/132,234/248,250/250,239/241,183/183,244/252,255/271,192/192,258/258,150/168,133/133,186/188,139/139,133/133,238/252,251/251,239/241,186/186,244/252,256/272,194/194,261/261
CILIEGIOLO,2660,Ciliegiolo,vivc_no,Alvarez-Arbesú et al. 2022,132/132,224/234,246/262,241/241,177/181,234/246,251/251,192/202,242/256,158/158,141/143,178/178,133/139,133/133,228/238,247/263,241/241,180/184,234/246,252/252,194/204,245/259
CINSAUT,2672,Cinsaut,vivc_no,Alvarez-Arbesú et al. 2022,132/132,224/224,242/246,239/249,177/179,228/234,255/261,186/202,252/256,158/158,151/165,178/188,133/139,133/133,228/228,243/247,239/249,180/182,228/234,256/262,188/204,255/259
CLAIRETTE BLANCHE,2695,Clairette Blanche,vivc_no,Alvarez-Arbesú et al. 2022,136/150,224/230,238/248,241/263,177/189,228/258,255/261,184/202,248/248,158/158,141/165,178/192,133/139,137/151,228/234,239/249,241/263,180/192,228/258,256/262,186/204,251/251
CLAIRETTE MAZEL,2698,Clairette Mazel,vivc_no,Alvarez-Arbesú et al. 2022,132/142,234/244,238/246,241/249,179/183,218/236,239/263,186/202,248/256,150/162,141/141,178/178,133/139,133/143,238/248,239/247,241/249,182/186,218/236,240/264,188/204,251/259
COARNA ALBA,2724,Coarna Alba,vivc_no,Alvarez-Arbesú et al. 2022,132/142,236/244,238/238,239/249,177/179,234/236,263/271,186/186,248/256,150/172,141/165,178/194,133/133,133/143,240/248,239/239,239/249,180/182,234/236,264/272,188/188,251/259
COARNA NEAGRA,2726,Coarna Neagra,vivc_no,Alvarez-Arbesú et al. 2022,136/142,234/234,246/248,241/249,177/183,244/244,255/273,186/198,244/248,152/176,141/167,170/194,133/133,137/143,238/238,247/249,241/249,180/186,244/244,256/274,188/200,247/251
COCOCCIOLA,2735,Cococciola,vivc_no,Alvarez-Arbesú et al. 2022,132/144,226/238,242/248,239/241,183/192,244/248,271/271,186/188,248/248,150/168,157/165,188/192,133/139,133/145,230/242,243/249,239/241,186/195,244/248,272/272,188/190,251/251
CODA DI VOLPE BIANCA,24632,Coda di Volpe Bianca,name_fallback,Alvarez-Arbesú et al. 2022,132/144,224/234,246/246,241/241,179/192,248/258,257/271,192/202,248/256,150/176,141/165,178/188,135/139,133/145,228/238,247/247,241/241,182/195,248/258,258/272,194/204,251/259
COJONATA,2751,Cojonata,vivc_no,Alvarez-Arbesú et al. 2022,144/146,230/234,238/242,241/267,179/192,248/248,251/271,186/190,244/254,150/164,143/169,178/180,139/145,145/147,234/238,239/243,241/267,182/195,248/248,252/272,188/192,247/257
COLOMBARD,2771,Colombard,vivc_no,Alvarez-Arbesú et al. 2022,142/150,230/238,238/238,249/255,173/179,246/248,255/263,186/194,240/244,138/166,161/165,170/198,133/139,143/151,234/242,239/239,249/255,176/182,246/248,256/264,188/196,243/247
CORAÇÃO DE GALO,16954,Coração de Galo,name_fallback,Alvarez-Arbesú et al. 2022,132/142,224/230,238/238,239/255,179/187,258/268,239/255,186/192,242/244,162/170,141/159,178/178,131/133,133/143,228/234,239/239,239/255,182/190,258/268,240/256,188/194,245/247
COARNA ALBA,16448,Cornichon Blanc,synonym,Alvarez-Arbesú et al. 2022,144/148,234/244,246/248,239/249,177/179,254/258,257/261,194/202,248/248,150/166,141/167,194/196,139/145,145/149,238/248,247/249,239/249,180/182,254/258,258/262,196/204,251/251
CORNIFESTO,2846,Cornifesto,vivc_no,Alvarez-Arbesú et al. 2022,142/144,232/236,248/252,241/249,179/187,236/236,251/255,198/202,244/248,158/166,141/143,178/198,139/145,143/145,236/240,249/253,241/249,182/190,236/236,252/256,200/204,247/251
CORVINA VERONESE,2863,Corvina Veronese,vivc_no,Alvarez-Arbesú et al. 2022,150/154,230/238,238/238,241/263,177/187,258/258,239/271,186/192,248/248,164/178,151/165,170/188,133/139,151/155,234/242,239/239,241/263,180/190,258/258,240/272,188/194,251/251
CORVINONE VERONESE,2864,Corvinone Veronese,vivc_no,Alvarez-Arbesú et al. 2022,134/150,230/238,232/238,255/263,177/183,234/258,239/249,186/202,248/248,158/178,151/165,170/188,139/141,135/151,234/242,233/239,255/263,180/186,234/258,240/250,188/204,251/251
COT,2889,Côt,vivc_no,Alvarez-Arbesú et al. 2022,132/150,226/236,238/262,239/249,187/189,234/268,239/251,186/200,242/256,162/172,141/161,170/178,139/145,133/151,230/240,239/263,239/249,190/192,234/268,240/252,188/202,245/259
COUNOISE,3210,Counoise,vivc_no,Alvarez-Arbesú et al. 2022,132/132,224/234,246/256,239/241,187/192,258/258,239/261,192/202,244/244,150/158,141/165,178/188,133/139,133/133,228/238,247/257,239/241,190/195,258/258,240/262,194/204,247/247
CRIOLLA   5,24193,Criolla 5,vivc_no,Alvarez-Arbesú et al. 2022,132/148,226/226,248/248,241/249,187/192,244/268,255/263,184/192,244/248,158/166,143/165,188/196,133/145,133/149,230/230,249/249,241/249,190/195,244/268,256/264,186/194,247/251
CRIOLLA BLANCA,25787,Criolla Blanca,vivc_no,Alvarez-Arbesú et al. 2022,134/148,230/238,248/248,239/249,187/192,244/244,257/271,184/192,240/244,138/158,143/165,192/196,139/145,135/149,234/242,249/249,239/249,190/195,244/244,258/272,186/194,243/247
CRIOLLA GRANDE SANJUANINA,3241,Criolla Grande Sanjuanina,vivc_no,Alvarez-Arbesú et al. 2022,132/148,226/238,248/248,241/249,183/192,234/244,257/263,184/192,244/248,138/158,141/165,188/196,133/145,133/149,230/242,249/249,241/249,186/195,234/244,258/264,186/194,247/251
PARRALETA,22846,Cuatendrá,synonym,Alvarez-Arbesú et al. 2022,132/138,224/234,238/248,241/271,179/181,228/244,239/255,184/202,248/256,164/172,137/143,188/192,131/139,133/139,228/238,239/249,241/271,182/184,228/244,240/256,186/204,251/259
CUELGA,3286,Cuelga,vivc_no,Alvarez-Arbesú et al. 2022,142/156,224/226,238/238,249/255,179/183,246/258,255/261,184/186,248/258,176/176,141/165,170/192,133/133,143/157,228/230,239/239,249/255,182/186,246/258,256/262,186/188,251/261
DABOUKI,3309,Dabouki,vivc_no,Alvarez-Arbesú et al. 2022,134/150,232/234,246/248,241/245,177/181,258/258,249/271,186/202,244/244,158/160,169/175,178/188,133/139,135/151,236/238,247/249,241/245,180/184,258/258,250/272,188/204,247/247
DE JOSE BLANCO,3474,De José Blanco,vivc_no,Alvarez-Arbesú et al. 2022,124/132,226/226,246/254,241/241,183/183,218/244,239/239,180/202,246/248,148/158,133/165,170/186,137/139,125/133,230/230,247/255,241/241,186/186,218/244,240/240,182/204,249/251
DE REY,3494,De Rey,vivc_no,Alvarez-Arbesú et al. 2022,132/142,224/232,246/248,239/255,177/179,244/246,271/271,186/192,240/246,164/172,137/169,178/188,139/145,133/143,228/236,247/249,239/255,180/182,244/246,272/272,188/194,243/249
DELIGHT,3509,Delight,vivc_no,Alvarez-Arbesú et al. 2022,134/144,232/234,238/248,239/255,177/179,244/244,249/271,184/186,244/252,138/158,143/161,178/192,139/139,135/145,236/238,239/249,239/255,180/182,244/244,250/272,186/188,247/255
DERECHERO,3525,Derechero de Muniesa,vivc_no,Alvarez-Arbesú et al. 2022,142/150,224/232,238/248,255/263,177/192,228/258,239/255,186/202,254/258,164/172,143/169,178/192,133/139,143/151,228/236,239/249,255/263,180/195,228/258,240/256,188/204,257/261
DIMYAT,5716,Dimyat,vivc_no,Alvarez-Arbesú et al. 2022,142/142,238/244,238/248,249/255,177/179,234/246,249/263,186/202,234/256,150/158,143/165,194/198,133/139,143/143,242/248,239/249,249/255,180/182,234/246,250/264,188/204,237/259
DOBRICIC,3608,Dobričić,vivc_no,Alvarez-Arbesú et al. 2022,144/150,226/226,246/248,239/241,177/177,248/258,251/263,188/202,234/256,138/164,141/143,188/198,131/139,145/151,230/230,247/249,239/241,180/180,248/258,252/264,190/204,237/259
DOLCETTO,3626,Dolcetto,vivc_no,Alvarez-Arbesú et al. 2022,138/142,232/244,246/254,239/255,177/192,228/234,261/271,202/202,246/248,162/166,141/143,178/188,133/145,139/143,236/248,247/255,239/255,180/195,228/234,262/272,204/204,249/251
DOMINA,3632,Domina,vivc_no,Alvarez-Arbesú et al. 2022,136/150,230/236,238/254,239/249,177/187,228/236,239/249,192/202,242/256,158/158,141/165,170/178,133/135,137/151,234/240,239/255,239/249,180/190,228/236,240/250,194/204,245/259
DONZELINHO BRANCO,3651,Donzelinho Branco,vivc_no,Alvarez-Arbesú et al. 2022,138/150,230/236,242/262,249/271,187/187,228/258,251/271,186/192,248/248,168/172,151/161,170/192,133/145,139/151,234/240,243/263,249/271,190/190,228/258,252/272,188/194,251/251
DONZELINHO TINTO,3653,Donzelinho Tinto,vivc_no,Alvarez-Arbesú et al. 2022,150/150,224/230,242/262,249/249,179/187,236/258,251/271,186/192,244/248,158/168,151/169,170/170,131/145,151/151,228/234,243/263,249/249,182/190,236/258,252/272,188/194,247/251
DORADILLA,3654,Doradilla,vivc_no,Alvarez-Arbesú et al. 2022,142/144,234/236,238/242,241/255,179/183,234/248,251/251,186/186,234/244,166/166,143/143,178/188,135/139,143/145,238/240,239/243,241/255,182/186,234/248,252/252,188/188,237/247
DUGOVRST,3712,Dugovrst,vivc_no,Alvarez-Arbesú et al. 2022,132/142,226/232,238/248,239/241,177/179,254/258,249/255,186/198,240/246,150/164,151/167,178/188,133/139,133/143,230/236,239/249,239/241,180/182,254/258,250/256,188/200,243/249
DURELLA,3737,Durella,vivc_no,Alvarez-Arbesú et al. 2022,132/134,224/234,246/246,249/255,179/183,244/246,239/251,194/202,240/256,150/158,151/161,170/188,133/139,133/135,228/238,247/247,249/255,182/186,244/246,240/252,196/204,243/259
DURIF,3738,Durif,vivc_no,Alvarez-Arbesú et al. 2022,132/150,230/230,238/250,241/249,177/189,228/238,239/251,192/198,248/248,162/166,161/165,170/170,139/145,133/151,234/234,239/251,241/249,180/192,228/238,240/252,194/200,251/251
EGIODOLA,3842,Egiodola,vivc_no,Alvarez-Arbesú et al. 2022,132/150,234/236,238/246,241/249,179/187,244/248,239/271,186/202,242/256,158/172,141/151,170/170,133/139,133/151,238/240,239/247,241/249,182/190,244/248,240/272,188/204,245/259
EMERALD RIESLING,3894,Emerald Riesling,vivc_no,Alvarez-Arbesú et al. 2022,134/144,224/234,242/246,241/255,183/192,244/258,239/249,186/194,240/254,164/178,137/141,170/188,135/145,135/145,228/238,243/247,241/255,186/195,244/258,240/250,188/196,243/257
ERBALUCE BIANCA,3925,Erbaluce Bianca,vivc_no,Alvarez-Arbesú et al. 2022,144/150,224/226,246/252,241/267,177/183,244/268,239/251,192/198,240/252,150/164,151/169,178/178,133/133,145/151,228/230,247/253,241/267,180/186,244/268,240/252,194/200,243/255
ESCURSAC,4019,Escursac,vivc_no,Alvarez-Arbesú et al. 2022,142/144,224/238,238/238,241/241,177/179,244/258,255/271,186/194,244/248,138/164,137/161,178/198,133/145,143/145,228/242,239/239,241/241,180/182,244/258,256/272,188/196,247/251
ESGANOSO,17680,Esganoso,name_fallback,Alvarez-Arbesú et al. 2022,132/150,224/234,238/238,249/249,179/179,234/244,239/251,186/192,234/244,166/182,165/165,170/178,133/139,133/151,228/238,239/239,249/249,182/182,234/244,240/252,188/194,237/247
MANSENG NOIR,24552,Espadeiro Tinto,synonym,Alvarez-Arbesú et al. 2022,132/150,220/224,246/262,241/263,181/187,234/258,239/251,194/202,248/248,168/172,151/159,188/192,133/139,133/151,224/228,247/263,241/263,184/190,234/258,240/252,196/204,251/251
EPERO DE GALL,3919,Esperó de Gall,vivc_no,Alvarez-Arbesú et al. 2022,132/144,224/232,242/248,241/241,177/179,258/258,239/271,186/202,244/258,158/164,143/169,178/192,139/145,133/145,228/236,243/249,241/241,180/182,258/258,240/272,188/204,247/261
EXOTIC,4022,Exotic,vivc_no,Alvarez-Arbesú et al. 2022,134/134,236/236,238/248,255/255,183/192,244/254,255/271,184/190,248/254,150/176,165/165,180/194,139/139,135/135,240/240,239/249,255/255,186/195,244/254,256/272,186/192,251/257
EZEREVES MAGYARORSZAG EMLEKE,4025,Ezeréves Magyarország Emléke,vivc_no,Alvarez-Arbesú et al. 2022,132/134,226/236,238/246,241/255,181/183,248/268,239/255,190/202,244/244,150/158,165/169,170/194,133/139,133/135,230/240,239/247,241/255,184/186,248/268,240/256,192/204,247/247
FALANGHINA BENEVENTANA,24584,Falanghina Beneventana,name_fallback,Alvarez-Arbesú et al. 2022,134/154,224/226,246/248,249/255,177/179,234/258,251/271,186/192,256/256,168/172,143/159,170/178,133/139,135/155,228/230,247/249,249/255,180/182,234/258,252/272,188/194,259/259
FERNANDELLA,4099,Fernandella,vivc_no,Alvarez-Arbesú et al. 2022,132/144,226/226,232/248,239/241,177/179,244/258,249/261,202/202,244/246,138/178,151/151,178/188,135/139,133/145,230/230,233/249,239/241,180/182,244/258,250/262,204/204,247/249
FERNAO PIRES,4100,Fernão Pires,vivc_no,Alvarez-Arbesú et al. 2022,144/150,224/238,238/238,241/263,181/192,228/236,239/255,186/192,244/244,176/178,165/169,192/198,133/145,145/151,228/242,239/239,241/263,184/195,228/236,240/256,188/194,247/247
FERRAL,4105,Ferral,vivc_no,Alvarez-Arbesú et al. 2022,134/144,232/236,232/242,241/255,179/192,258/260,261/271,186/202,244/254,164/166,143/169,178/192,133/139,135/145,236/240,233/243,241/255,182/195,258/260,262/272,188/204,247/257
FLOT ROUGE,4164,Flot Rouge,vivc_no,Alvarez-Arbesú et al. 2022,132/150,230/250,238/250,237/249,189/199,236/248,251/251,192/192,248/248,160/166,131/161,170/170,139/139,133/151,234/254,239/251,237/249,192/202,236/248,252/252,194/194,251/251
FOGONEU,4169,Fogoneu,vivc_no,Alvarez-Arbesú et al. 2022,132/144,234/238,238/246,241/241,177/179,236/244,239/271,194/202,244/248,138/158,137/143,178/178,133/139,133/145,238/242,239/247,241/241,180/182,236/244,240/272,196/204,247/251
FOLGASAO,4178,Folgasão,vivc_no,Alvarez-Arbesú et al. 2022,132/150,230/238,242/246,241/249,183/187,236/258,239/271,192/202,242/248,164/168,161/169,170/188,145/145,133/151,234/242,243/247,241/249,186/190,236/258,240/272,194/204,245/251
FOLHA DE FIGUEIRA,14142,Folha de Figueira,name_fallback,Alvarez-Arbesú et al. 2022,142/156,234/238,238/238,249/255,177/183,236/258,251/255,184/184,248/248,172/178,141/151,188/192,139/145,143/157,238/242,239/239,249/255,180/186,236/258,252/256,186/186,251/251
FOLLE BLANCHE,4183,Folle Blanche,vivc_no,Alvarez-Arbesú et al. 2022,132/150,224/232,238/238,239/249,179/187,246/258,239/271,194/194,240/248,158/158,143/161,170/198,133/139,133/151,228/236,239/239,239/249,182/190,246/258,240/272,196/196,243/251
FONTE CAL,14141,Fonte Cal,name_fallback,Alvarez-Arbesú et al. 2022,132/150,224/232,238/238,241/263,181/183,234/258,239/251,184/184,244/248,172/178,151/169,188/192,133/139,133/151,228/236,239/239,241/263,184/186,234/258,240/252,186/186,247/251
LUISA BLANCA,6988,Forcallat Blanca,vivc_no,Alvarez-Arbesú et al. 2022,136/142,232/232,232/238,255/255,181/192,244/248,261/271,186/202,254/254,158/172,141/151,188/192,133/139,137/143,236/236,233/239,255/255,184/195,244/248,262/272,188/204,257/257
FORCALLAT TINTA,4192,Forcallat Tinta,vivc_no,Alvarez-Arbesú et al. 2022,132/144,220/232,238/242,241/255,177/179,228/258,239/255,186/186,244/258,158/176,143/169,178/192,133/139,133/145,224/236,239/243,241/255,180/182,228/258,240/256,188/188,247/261
FORTANA NERA,4201,Fortana Nera,vivc_no,Alvarez-Arbesú et al. 2022,134/150,224/230,246/252,239/255,179/189,234/234,249/271,190/202,242/256,158/158,165/169,170/178,133/145,135/151,228/234,247/253,239/255,182/192,234/234,250/272,192/204,245/259
FREISA,4256,Freisa,vivc_no,Alvarez-Arbesú et al. 2022,132/154,224/230,246/248,239/241,183/187,244/268,239/271,192/198,248/248,150/178,151/161,188/198,135/139,133/155,228/234,247/249,239/241,186/190,244/268,240/272,194/200,251/251
FRIULANO,12543,Friulano,name_fallback,Alvarez-Arbesú et al. 2022,132/150,226/236,238/256,241/249,183/192,234/248,239/255,186/192,248/248,164/166,141/151,170/178,133/139,133/151,230/240,239/257,241/249,186/195,234/248,240/256,188/194,251/251
VELTLINER FRUEHROT,16157,Frühroter Veltliner,vivc_no,Alvarez-Arbesú et al. 2022,132/150,230/238,246/252,241/249,187/192,236/268,263/271,190/202,248/248,150/158,151/165,170/188,133/139,133/151,234/242,247/253,241/249,190/195,236/268,264/272,192/204,251/251
FUMAT,4289,Fumât,vivc_no,Alvarez-Arbesú et al. 2022,132/144,224/232,242/248,241/241,177/192,258/258,255/261,186/186,254/258,158/164,143/169,178/192,139/145,133/145,228/236,243/249,241/241,180/195,258/258,256/262,188/188,257/261
GABRIELA,26654,Gabriela,vivc_no,Alvarez-Arbesú et al. 2022,142/144,234/238,248/248,241/255,179/183,244/244,255/271,192/202,234/244,164/166,137/143,178/188,133/139,143/145,238/242,249/249,241/255,182/186,244/244,256/272,194/204,237/247
GALLURAZENI DI DAMASCO,13404,Gallurazeni di Damasco,exact_normalized,Alvarez-Arbesú et al. 2022,132/134,236/236,246/250,239/241,192/192,258/258,271/271,186/202,248/254,138/158,143/143,170/178,133/139,133/135,240/240,247/251,239/241,195/195,258/258,272/272,188/204,251/257
GAMAY NOIR,4377,Gamay Noir,vivc_no,Alvarez-Arbesú et al. 2022,132/136,232/236,238/248,239/239,179/187,218/246,239/271,192/202,240/242,158/158,151/165,170/198,139/145,133/137,236/240,239/249,239/239,182/190,218/246,240/272,194/204,243/245
GANSON,4392,Ganson,vivc_no,Alvarez-Arbesú et al. 2022,136/150,224/236,238/242,249/255,189/192,244/246,239/239,186/194,254/256,138/158,137/143,170/192,135/145,137/151,228/240,239/243,249/255,192/195,244/246,240/240,188/196,257/259
GARGANEGA,4419,Garganega,vivc_no,Alvarez-Arbesú et al. 2022,132/142,224/230,248/252,241/255,177/192,236/248,249/257,198/198,248/248,176/178,141/165,178/188,133/139,133/143,228/234,249/253,241/255,180/195,236/248,250/258,200/200,251/251
GARNACHA TINTA,4461,Garnacha Tinta,vivc_no,Alvarez-Arbesú et al. 2022,136/144,224/238,238/242,241/255,192/192,244/244,239/249,186/186,254/254,138/164,137/151,188/192,135/145,137/145,228/242,239/243,241/255,195/195,244/244,240/250,188/188,257/257
GARONNET,4467,Garonnet,vivc_no,Alvarez-Arbesú et al. 2022,132/144,224/232,242/250,241/241,185/187,228/258,255/271,186/192,246/258,182/192,133/165,178/198,139/139,133/145,228/236,243/251,241/241,188/190,228/258,256/272,188/194,249/261
GARRIDO FINO,4470,Garrido Fino,vivc_no,Alvarez-Arbesú et al. 2022,132/132,226/234,238/248,241/241,179/192,244/258,261/271,192/194,254/256,158/164,169/169,192/194,139/145,133/133,230/238,239/249,241/241,182/195,244/258,262/272,194/196,257/259
GARRIDO MACHO,4471,Garrido Macho,vivc_no,Alvarez-Arbesú et al. 2022,132/144,234/234,248/248,241/241,179/192,234/244,255/271,192/202,244/256,158/166,161/169,178/192,139/145,133/145,238/238,249/249,241/241,182/195,234/244,256/272,194/204,247/259
GARRO,7326,Garro,vivc_no,Alvarez-Arbesú et al. 2022,142/150,224/230,238/238,255/263,181/192,244/258,239/271,184/186,254/256,158/164,169/169,178/192,139/145,143/151,228/234,239/239,255/263,184/195,244/258,240/272,186/188,257/259
GEILWEILERHOF GA- 48- 12,4551,Geilweilerhof GA-48-12,vivc_no,Alvarez-Arbesú et al. 2022,142/150,226/230,nd/nd,249/255,179/187,228/236,239/271,192/192,242/258,138/150,133/161,198/198,133/139,143/151,230/234,nd/nd,249/255,182/190,228/236,240/272,194/194,245/261
GEILWEILERHOF GA- 52- 42,4561,Geilweilerhof GA-52 42,vivc_no,Alvarez-Arbesú et al. 2022,142/150,226/234,236/246,249/255,179/179,228/236,239/271,178/192,242/252,150/158,133/161,188/198,139/139,143/151,230/238,237/247,249/255,182/182,228/236,240/272,180/194,245/255
GIRO NERO,4811,Girò Nero,vivc_no,Alvarez-Arbesú et al. 2022,132/132,224/234,246/248,241/249,177/179,236/258,239/261,202/202,240/244,158/164,143/151,178/188,133/139,133/133,228/238,247/249,241/249,180/182,236/258,240/262,204/204,243/247
GLERA,9741,Glera,vivc_no,Alvarez-Arbesú et al. 2022,132/142,224/244,238/246,239/243,177/192,236/244,261/263,186/202,246/256,166/176,141/151,170/198,133/139,133/143,228/248,239/247,239/243,180/195,236/244,262/264,188/204,249/259
GOLDRIESLING,4884,Goldriesling,vivc_no,Alvarez-Arbesú et al. 2022,136/150,224/226,238/248,249/255,179/187,228/236,251/271,192/202,242/242,158/168,143/165,178/198,133/145,137/151,228/230,239/249,249/255,182/190,228/236,252/272,194/204,245/245
GORGOLLASA,4904,Gorgollasa,vivc_no,Alvarez-Arbesú et al. 2022,142/150,220/238,238/248,255/263,177/192,234/258,239/271,186/202,254/258,158/164,169/169,178/192,139/145,143/151,224/242,239/249,255/263,180/195,234/258,240/272,188/204,257/261
GOUVEIO,12953,Gouveio,vivc_no,Alvarez-Arbesú et al. 2022,150/156,224/236,238/242,249/249,183/187,234/258,251/271,184/186,248/248,168/172,161/169,170/170,133/145,151/157,228/240,239/243,249/249,186/190,234/258,252/272,186/188,251/251
GRACIANO,4935,Graciano,vivc_no,Alvarez-Arbesú et al. 2022,138/150,224/236,238/238,263/271,177/181,244/258,239/255,184/186,248/256,158/172,137/169,192/194,133/139,139/151,228/240,239/239,263/271,180/184,244/258,240/256,186/188,251/259
GRAMON,4939,Gramon,vivc_no,Alvarez-Arbesú et al. 2022,132/144,232/238,242/242,241/241,192/192,228/244,239/249,186/186,254/254,158/164,143/151,188/198,139/145,133/145,236/242,243/243,241/241,195/195,228/244,240/250,188/188,257/257
GRASA DE COTNARI,4948,Grasă de Cotnari,vivc_no,Alvarez-Arbesú et al. 2022,132/144,224/238,238/254,239/241,177/192,246/258,251/271,194/202,234/248,158/176,165/169,178/198,133/139,133/145,228/242,239/255,239/241,180/195,246/258,252/272,196/204,237/251
GRECHETTO BIANCO,4966,Grechetto Bianco,vivc_no,Alvarez-Arbesú et al. 2022,134/144,224/234,238/248,239/241,183/189,236/258,251/257,192/198,240/244,150/168,143/151,188/188,133/139,135/145,228/238,239/249,239/241,186/192,236/258,252/258,194/200,243/247
GRIGNOLINO,5019,Grignolino,vivc_no,Alvarez-Arbesú et al. 2022,132/134,224/244,246/254,239/255,179/187,258/258,239/263,192/202,248/256,150/150,141/151,170/178,131/139,133/135,228/248,247/255,239/255,182/190,258/258,240/264,194/204,251/259
GRILLO,5021,Grillo,vivc_no,Alvarez-Arbesú et al. 2022,142/148,224/226,248/248,249/255,177/192,236/244,251/271,184/200,244/248,150/158,143/169,192/196,133/145,143/149,228/230,249/249,249/255,180/195,236/244,252/272,186/202,247/251
GROLLEAU NOIR,5073,Grolleau Noir,vivc_no,Alvarez-Arbesú et al. 2022,132/142,236/238,246/248,241/255,173/179,244/246,239/271,202/202,240/248,158/158,143/151,178/198,133/139,133/143,240/242,247/249,241/255,176/182,244/246,240/272,204/204,243/251
GROPPELLO DI MOCASINA,5076,Groppello di Mocasina,vivc_no,Alvarez-Arbesú et al. 2022,132/154,224/224,246/252,243/249,183/192,236/248,239/263,192/192,236/248,158/178,151/151,178/194,133/145,133/155,228/228,247/253,243/249,186/195,236/248,240/264,194/194,239/251
GROS VERT BLANC,5082,Gros Vert Blanc,vivc_no,Alvarez-Arbesú et al. 2022,132/136,224/236,242/248,239/255,177/192,234/248,239/271,186/198,252/254,158/166,159/165,188/192,135/139,133/137,228/240,243/249,239/255,180/195,234/248,240/272,188/200,255/257
GUALARIDO,5095,Gualarido,vivc_no,Alvarez-Arbesú et al. 2022,132/150,224/238,248/252,241/255,183/192,234/254,251/255,186/198,248/254,164/172,143/165,178/188,131/139,133/151,228/242,249/253,241/255,186/195,234/254,252/256,188/200,251/257
GUARDAVALLE,5096,Guardavalle,vivc_no,Alvarez-Arbesú et al. 2022,144/150,224/230,238/252,241/255,177/187,228/244,251/271,194/200,244/248,150/164,167/169,188/192,133/145,145/151,228/234,239/253,241/255,180/190,228/244,252/272,196/202,247/251
GUARNACCIA,5097,Guarnaccia,vivc_no,Alvarez-Arbesú et al. 2022,142/150,224/238,246/246,255/255,177/177,228/248,251/255,192/202,248/256,162/162,143/169,178/184,133/145,143/151,228/242,247/247,255/255,180/180,228/248,252/256,194/204,251/259
GUILLEMOT,5121,Guillemot,vivc_no,Alvarez-Arbesú et al. 2022,132/154,234/234,246/248,239/255,177/187,234/254,239/255,198/202,246/248,158/158,137/141,178/196,133/145,133/155,238/238,247/249,239/255,180/190,234/254,240/256,200/204,249/251
HARSLEVELUE,5314,Hárslevelü,vivc_no,Alvarez-Arbesú et al. 2022,132/144,224/230,238/246,239/241,177/177,228/248,263/271,186/202,234/248,138/152,161/165,178/198,139/141,133/145,228/234,239/247,239/241,180/180,228/248,264/272,188/204,237/251
HEBEN,5335,Hebén,vivc_no,Alvarez-Arbesú et al. 2022,142/144,232/238,238/242,241/255,179/192,234/258,255/271,186/186,244/254,164/176,165/169,178/178,133/145,143/145,236/242,239/243,241/255,182/195,234/258,256/272,188/188,247/257
HEPTAKILO,5207,Heptakilo,vivc_no,Alvarez-Arbesú et al. 2022,148/152,224/230,238/250,245/249,177/192,244/244,249/271,186/202,244/254,158/160,141/155,170/196,133/139,149/153,228/234,239/251,245/249,180/195,244/244,250/272,188/204,247/257
HEUNISCH WEISS,5374,Heunisch Weiß,vivc_no,Alvarez-Arbesú et al. 2022,132/142,232/238,238/248,239/255,177/179,228/246,249/271,194/202,234/240,138/158,143/165,198/198,139/139,133/143,236/242,239/249,239/255,180/182,228/246,250/272,196/204,237/243
HUEVO DE GATO,5445,Huevo de Gato,vivc_no,Alvarez-Arbesú et al. 2022,134/134,230/238,238/248,239/255,187/192,244/248,255/257,192/200,240/254,150/166,165/165,192/194,133/145,135/135,234/242,239/249,239/255,190/195,244/248,256/258,194/202,243/257
IAC 766,15358,IAC 766,name_fallback,Alvarez-Arbesú et al. 2022,132/136,238/238,234/264,237/251,197/205,216/252,nd/nd,198/202,240/252,152/158,135/161,170/170,159/159,133/137,242/242,235/265,237/251,200/208,216/252,nd/nd,200/204,243/255
IMPERO,5521,Impero,vivc_no,Alvarez-Arbesú et al. 2022,136/148,230/236,242/248,241/249,177/177,234/244,271/271,184/186,236/252,150/158,141/165,178/188,133/139,137/149,234/240,243/249,241/249,180/180,234/244,272/272,186/188,239/255
INVERNENGA,5536,Invernenga,vivc_no,Alvarez-Arbesú et al. 2022,134/146,224/232,238/242,255/255,181/187,234/258,257/271,186/192,240/244,162/172,145/165,178/188,139/139,135/147,228/236,239/243,255/255,184/190,234/258,258/272,188/194,243/247
ISABELLA,5560,Isabella1,vivc_no,Alvarez-Arbesú et al. 2022,122/150,236/236,234/248,241/249,177/181,226/236,247/271,200/202,234/244,158/162,129/143,178/198,139/147,123/151,240/240,235/249,241/249,180/184,226/236,248/272,202/204,237/247
ITALIA,5582,Italia,vivc_no,Alvarez-Arbesú et al. 2022,132/148,230/236,242/246,239/249,177/192,234/244,251/271,190/202,252/254,150/158,141/165,188/188,133/139,133/149,234/240,243/247,239/249,180/195,234/244,252/272,192/204,255/257
JACQUEZ,5627,Jacquez,vivc_no,Alvarez-Arbesú et al. 2022,138/142,226/242,236/238,255/257,177/187,230/236,251/251,184/196,246/246,154/172,141/141,176/188,139/143,139/143,230/246,237/239,255/257,180/190,230/236,252/252,186/198,249/249
JAEN TINTO,5652,Jaén Tinto,vivc_no,Alvarez-Arbesú et al. 2022,132/144,232/238,238/242,241/241,179/187,244/248,255/257,186/194,240/244,166/166,143/165,178/188,139/145,133/145,236/242,239/243,241/241,182/190,244/248,256/258,188/196,243/247
JAMPAL,5662,Jampal,vivc_no,Alvarez-Arbesú et al. 2022,136/142,224/234,242/256,255/255,179/187,234/248,255/271,186/186,244/244,164/176,141/169,170/192,145/145,137/143,228/238,243/257,255/255,182/190,234/248,256/272,188/188,247/247
JANTAR,5669,Jantar,vivc_no,Alvarez-Arbesú et al. 2022,132/134,230/234,248/248,241/255,177/183,258/268,257/271,184/184,248/252,158/158,143/161,170/178,139/139,133/135,234/238,249/249,241/255,180/186,258/268,258/272,186/186,251/255
JERONIMO,5692,Jerónimo,vivc_no,Alvarez-Arbesú et al. 2022,134/142,232/236,242/242,255/255,192/192,248/258,249/271,186/186,254/254,158/164,143/169,178/188,133/139,135/143,236/240,243/243,255/255,195/195,248/258,250/272,188/188,257/257
KADARKA KEK,5898,Kadarka Kék,vivc_no,Alvarez-Arbesú et al. 2022,132/134,224/224,246/254,239/255,183/192,228/260,271/271,186/202,246/246,176/176,141/165,188/194,133/139,133/135,228/228,247/255,239/255,186/195,228/260,272/272,188/204,249/249
KERNER,6123,Kerner,vivc_no,Alvarez-Arbesú et al. 2022,150/154,224/234,246/256,241/249,183/187,228/236,271/271,192/192,236/242,168/178,143/161,170/178,139/145,151/155,228/238,247/257,241/249,186/190,228/236,272/272,194/194,239/245
KHUSAINE BELYI,6203,Khusaine Belyi,vivc_no,Alvarez-Arbesú et al. 2022,146/154,222/232,242/242,245/255,192/192,244/258,249/271,186/194,246/246,150/160,143/169,188/198,133/139,147/155,226/236,243/243,245/255,195/195,244/258,250/272,188/196,249/249
KNIPPERLE,6312,Knipperlé,vivc_no,Alvarez-Arbesú et al. 2022,142/150,226/232,238/238,249/255,177/187,228/236,239/249,192/194,234/242,138/158,143/165,170/198,139/145,143/151,230/236,239/239,249/255,180/190,228/236,240/250,194/196,237/245
KODRYANKA,7569,Kodryanka,vivc_no,Alvarez-Arbesú et al. 2022,134/134,234/238,248/250,255/255,183/192,236/244,251/255,184/192,252/254,150/178,133/143,194/198,133/139,135/135,238/242,249/251,255/255,186/195,236/244,252/256,186/194,255/257
KORITHI ASPRO,6414,Korithi Aspro,vivc_no,Alvarez-Arbesú et al. 2022,134/150,232/234,246/252,249/255,177/192,244/244,271/271,194/202,248/254,138/166,143/165,178/188,133/139,135/151,236/238,247/253,249/255,180/195,244/244,272/272,196/204,251/257
LACRIMA DI MARIA,6621,Lacrima di Maria,vivc_no,Alvarez-Arbesú et al. 2022,136/148,224/238,232/238,249/255,183/183,244/248,249/251,186/202,248/254,160/176,141/169,192/196,139/139,137/149,228/242,233/239,249/255,186/186,244/248,250/252,188/204,251/257
LAMBRUSCO A FOGLIA FRASTAGLIATA,6689,Lambrusco a Foglia Frastagliata,vivc_no,Alvarez-Arbesú et al. 2022,134/150,224/226,246/262,255/255,183/189,228/254,255/261,190/192,240/248,168/178,151/159,170/188,139/147,135/151,228/230,247/263,255/255,186/192,228/254,256/262,192/194,243/251
LAMBRUSCO MARANI,6695,Lambrusco Marani,vivc_no,Alvarez-Arbesú et al. 2022,134/150,236/238,232/238,249/255,183/187,228/234,255/271,194/202,244/248,158/178,159/165,170/170,133/133,135/151,240/242,233/239,249/255,186/190,228/234,256/272,196/204,247/251
LAMBRUSCO MONTERICCO,6697,Lambrusco Montericco,vivc_no,Alvarez-Arbesú et al. 2022,142/154,226/230,246/252,241/255,187/187,234/258,239/271,198/202,244/246,158/166,151/165,170/178,133/133,143/155,230/234,247/253,241/255,190/190,234/258,240/272,200/204,247/249
LANDAL,6708,Landal,vivc_no,Alvarez-Arbesú et al. 2022,124/132,224/224,238/250,241/249,179/183,252/260,249/249,186/192,240/256,172/186,151/151,186/186,139/139,125/133,228/228,239/251,241/249,182/186,252/260,250/250,188/194,243/259
LATINA,6768,Latina,vivc_no,Alvarez-Arbesú et al. 2022,134/148,226/230,238/246,249/255,179/192,234/236,261/271,186/190,248/254,158/158,141/141,188/192,133/139,135/149,230/234,239/247,249/255,182/195,234/236,262/272,188/192,251/257
LEON MILLOT,6806,Léon Millot,vivc_no,Alvarez-Arbesú et al. 2022,124/150,224/264,238/254,239/255,179/184,216/228,271/271,180/192,242/252,158/162,143/151,198/198,145/145,125/151,228/268,239/255,239/255,182/187,216/228,272/272,182/194,245/255
LERCAT,6810,Lercat,vivc_no,Alvarez-Arbesú et al. 2022,132/138,224/234,246/262,239/249,179/183,234/268,239/255,202/202,248/256,162/164,151/151,170/192,133/139,133/139,228/238,247/263,239/249,182/186,234/268,240/256,204/204,251/259
LISTAN NEGRO,14943,Listán Negro,vivc_no,Alvarez-Arbesú et al. 2022,132/142,220/226,238/248,241/255,179/183,244/248,251/257,186/192,248/256,164/176,137/151,188/192,133/139,133/143,224/230,239/249,241/255,182/186,244/248,252/258,188/194,251/259
LISTAN PRIETO,6860,Listán Prieto,vivc_no,Alvarez-Arbesú et al. 2022,132/134,226/238,238/248,239/241,183/187,234/244,255/257,192/194,240/248,138/166,165/165,188/192,139/145,133/135,230/242,239/249,239/241,186/190,234/244,256/258,194/196,243/251
LN 33,6885,LN33,vivc_no,Alvarez-Arbesú et al. 2022,128/144,232/236,250/250,239/249,175/192,244/248,249/249,186/188,256/264,158/158,131/143,170/192,133/137,129/145,236/240,251/251,239/249,178/195,244/248,250/250,188/190,259/267
LOUREIRO BLANCO,6912,Loureiro Blanco,vivc_no,Alvarez-Arbesú et al. 2022,142/150,230/230,250/262,249/255,179/183,258/268,239/251,184/194,244/248,158/172,141/165,170/178,133/133,143/151,234/234,251/263,249/255,182/186,258/268,240/252,186/196,247/251
MADELEINE ROYALE,7068,Madeleine Royale,vivc_no,Alvarez-Arbesú et al. 2022,150/154,226/234,242/246,241/249,179/187,218/244,251/271,186/192,242/256,158/178,151/161,170/188,133/139,151/155,230/238,243/247,241/249,182/190,218/244,252/272,188/194,245/259
MALINGRE PRECOCE,7249,Malingre Précoce,vivc_no,Alvarez-Arbesú et al. 2022,136/136,226/236,238/242,239/255,177/187,234/236,251/271,186/192,242/252,158/164,165/165,178/192,133/145,137/137,230/240,239/243,239/255,180/190,234/236,252/272,188/194,245/255
MALVASIA BIANCA LUNGA,7262,Malvasia Bianca Lunga,vivc_no,Alvarez-Arbesú et al. 2022,144/144,224/238,238/252,239/241,177/177,248/254,255/255,194/198,240/248,150/176,143/165,178/178,133/139,145/145,228/242,239/253,239/241,180/180,248/254,256/256,196/200,243/251
MALVASIA COMUN,24226,Malvasía Común,vivc_no,Alvarez-Arbesú et al. 2022,132/144,224/232,242/248,239/241,177/192,236/258,239/271,186/202,244/254,166/166,165/169,178/188,133/139,133/145,228/236,243/249,239/241,180/195,236/258,240/272,188/204,247/257
MALVASIA DI CANDIA AROMATICA,15676,Malvasia di Candia Aromatica,vivc_no,Alvarez-Arbesú et al. 2022,134/142,226/226,232/232,255/255,177/183,234/246,239/263,194/202,248/252,158/158,141/141,170/170,133/133,135/143,230/230,233/233,255/255,180/186,234/246,240/264,196/204,251/255
MALVASIA DI CASORZO,7264,Malvasia di Casorzo,vivc_no,Alvarez-Arbesú et al. 2022,132/150,226/238,232/252,249/255,177/177,228/246,263/271,194/198,240/248,172/178,151/157,170/178,133/139,133/151,230/242,233/253,249/255,180/180,228/246,264/272,196/200,243/251
MALVASIA DI LIPARI*,,Malvasia di Lipari*,name_fallback,Alvarez-Arbesú et al. 2022,142/144,224/238,242/248,241/255,177/179,234/258,251/255,186/200,240/244,164/168,143/165,178/188,139/145,143/145,228/242,243/249,241/255,180/182,234/258,252/256,188/202,243/247
MALVASIA DUBROVACKA,7266,Malvasia Dubrovačka,vivc_no,Alvarez-Arbesú et al. 2022,142/144,224/224,242/248,241/255,177/181,236/258,251/271,186/200,240/244,168/172,143/161,188/188,133/139,143/145,228/228,243/249,241/255,180/184,236/258,252/272,188/202,243/247
MALVASIA FINA,715,Malvasia Fina,vivc_no,Alvarez-Arbesú et al. 2022,142/144,224/238,238/256,241/255,177/192,234/236,251/255,186/186,244/248,176/176,141/169,178/198,145/145,143/145,228/242,239/257,241/255,180/195,234/236,252/256,188/188,247/251
MALVASIA ISTRIANA,7269,Malvasia Istriana,vivc_no,Alvarez-Arbesú et al. 2022,142/142,220/238,238/238,255/255,177/177,254/278,255/271,186/186,234/252,138/168,161/165,192/198,133/139,143/143,224/242,239/239,255/255,180/180,254/278,256/272,188/188,237/255
MALVASIA NERA DI BRINDISI,7273,Malvasia Nera di Brindisi,vivc_no,Alvarez-Arbesú et al. 2022,144/144,224/234,238/248,241/241,177/179,234/248,251/251,194/200,248/256,150/158,143/143,178/188,133/139,145/145,228/238,239/249,241/241,180/182,234/248,252/252,196/202,251/259
MALVASIA PRETA,15647,Malvasia Preta,vivc_no,Alvarez-Arbesú et al. 2022,136/150,224/234,248/252,249/255,179/187,248/248,251/255,198/202,244/248,158/166,141/169,170/178,145/145,137/151,228/238,249/253,249/255,182/190,248/248,252/256,200/204,247/251
MALVASIA VOLCANICA,22730,Malvasía Volcánica,vivc_no,Alvarez-Arbesú et al. 2022,144/144,224/234,242/242,241/241,177/181,236/264,271/271,186/186,240/248,164/172,161/161,178/188,139/145,145/145,228/238,243/243,241/241,180/184,236/264,272/272,188/188,243/251
VELTLINER FRUEHROT,23556,Malvoisie de Lasseraz,synonym,Alvarez-Arbesú et al. 2022,132/142,224/236,238/246,249/255,183/183,236/258,239/239,184/194,240/248,158/158,159/165,170/178,133/133,133/143,228/240,239/247,249/255,186/186,236/258,240/240,186/196,243/251
MANCIN,7298,Mancin,vivc_no,Alvarez-Arbesú et al. 2022,138/156,230/236,238/238,239/255,173/187,248/268,239/255,186/192,244/248,166/166,151/159,170/170,131/139,139/157,234/240,239/239,239/255,176/190,248/268,240/256,188/194,247/251
MANDILARIA,7300,Mandilaria,vivc_no,Alvarez-Arbesú et al. 2022,144/144,224/238,238/248,241/255,177/177,248/258,261/261,194/200,248/248,138/150,157/165,178/192,133/145,145/145,228/242,239/249,241/255,180/180,248/258,262/262,196/202,251/251
MANSENG NOIR,7340,Manseng Noir,vivc_no,Alvarez-Arbesú et al. 2022,132/154,234/238,238/248,241/255,187/187,234/268,239/239,192/198,248/248,158/168,141/141,192/196,133/145,133/155,238/242,239/249,241/255,190/190,234/268,240/240,194/200,251/251
MANSENG VERT,7341,Manseng Vert,vivc_no,Alvarez-Arbesú et al. 2022,132/138,230/236,238/238,239/241,173/187,234/244,239/239,186/192,244/248,158/166,151/151,170/188,141/145,133/139,234/240,239/239,239/241,176/190,234/244,240/240,188/194,247/251
MANSES DE TIBBUS,15602,Manses de Tibbus,name_fallback,Alvarez-Arbesú et al. 2022,132/150,220/224,242/248,241/263,179/179,258/258,261/271,186/202,244/244,164/172,143/151,178/192,133/139,133/151,224/228,243/249,241/263,182/182,258/258,262/272,188/204,247/247
MANTEUDO,7346,Manteudo,vivc_no,Alvarez-Arbesú et al. 2022,142/142,220/224,238/248,255/255,179/179,244/244,271/271,186/192,234/256,158/176,169/169,188/192,133/139,143/143,224/228,239/249,255/255,182/182,244/244,272/272,188/194,237/259
MANTO NEGRO,7348,Manto Negro,vivc_no,Alvarez-Arbesú et al. 2022,132/144,234/234,238/242,241/241,179/192,244/258,255/271,184/186,244/254,150/158,141/169,178/188,139/145,133/145,238/238,239/243,241/241,182/195,244/258,256/272,186/188,247/257
MANZONI BIANCO,7360,Manzoni Bianco,vivc_no,Alvarez-Arbesú et al. 2022,150/150,224/226,242/248,249/249,179/183,228/236,271/271,186/202,236/240,138/158,143/151,170/170,133/145,151/151,228/230,243/249,249/249,182/186,228/236,272/272,188/204,239/243
MARFAL,7392,Marfal,vivc_no,Alvarez-Arbesú et al. 2022,136/144,226/232,238/238,241/255,183/192,234/258,251/271,186/194,234/254,170/176,143/169,178/192,133/139,137/145,230/236,239/239,241/255,186/195,234/258,252/272,188/196,237/257
MARIA,7399,Maria,vivc_no,Alvarez-Arbesú et al. 2022,132/148,224/232,248/252,241/249,177/179,218/226,249/251,184/186,252/256,158/158,141/169,170/188,137/139,133/149,228/236,249/253,241/249,180/182,218/226,250/252,186/188,255/259
MARIA PIROVANO,7402,Maria Pirovano,vivc_no,Alvarez-Arbesú et al. 2022,144/148,226/232,238/248,239/249,192/192,244/244,249/263,184/186,244/256,158/158,143/143,194/196,133/139,145/149,230/236,239/249,239/249,195/195,244/244,250/264,186/188,247/259
MARIENSTEINER,7409,Mariensteiner,vivc_no,Alvarez-Arbesú et al. 2022,142/150,224/230,242/256,249/255,179/192,236/244,251/271,186/192,240/246,138/138,161/165,170/170,139/139,143/151,228/234,243/257,249/255,182/195,236/244,252/272,188/194,243/249
MARSANNE,7434,Marsanne,vivc_no,Alvarez-Arbesú et al. 2022,132/132,224/230,238/252,241/249,187/189,234/258,239/251,194/198,242/248,158/172,137/141,170/178,139/147,133/133,228/234,239/253,241/249,190/192,234/258,240/252,196/200,245/251
MARSELAN,16383,Marselan,vivc_no,Alvarez-Arbesú et al. 2022,138/144,224/230,238/242,239/241,187/192,234/244,239/239,186/192,244/254,164/176,141/151,188/192,135/139,139/145,228/234,239/243,239/241,190/195,234/244,240/240,188/194,247/257
MARUFO,8086,Marufo,vivc_no,Alvarez-Arbesú et al. 2022,142/144,226/230,238/242,241/255,181/192,244/254,239/251,186/190,244/254,150/164,137/151,170/178,133/145,143/145,230/234,239/243,241/255,184/195,244/254,240/252,188/192,247/257
MARZEMINO,7463,Marzemino,vivc_no,Alvarez-Arbesú et al. 2022,132/132,224/230,238/262,241/255,183/187,234/236,239/261,192/192,242/242,158/168,151/165,170/178,135/139,133/133,228/234,239/263,241/255,186/190,234/236,240/262,194/194,245/245
MATURANA BLANCA,7518,Maturana Blanca,vivc_no,Alvarez-Arbesú et al. 2022,142/150,230/234,238/242,249/255,183/187,236/258,239/251,184/186,242/248,158/178,151/169,170/170,145/145,143/151,234/238,239/243,249/255,186/190,236/258,240/252,186/188,245/251
MAVRODAPHNI,7528,Mavrodaphne,vivc_no,Alvarez-Arbesú et al. 2022,142/142,224/230,238/238,255/255,181/187,236/244,251/257,184/186,240/242,164/164,165/167,178/188,139/139,143/143,228/234,239/239,255/255,184/190,236/244,252/258,186/188,243/245
MAXIA,17806,Maxia,name_fallback,Alvarez-Arbesú et al. 2022,132/134,224/236,238/242,239/255,177/192,234/248,271/271,186/202,252/254,138/150,165/169,188/192,139/139,133/135,228/240,239/243,239/255,180/195,234/248,272/272,188/204,255/257
MELHORIO,17255,Melhorio,name_fallback,Alvarez-Arbesú et al. 2022,142/156,220/230,238/262,239/255,187/187,258/268,239/239,186/194,242/248,164/184,141/165,178/178,131/133,143/157,224/234,239/263,239/255,190/190,258/268,240/240,188/196,245/251
MELON,7615,Melon,vivc_no,Alvarez-Arbesú et al. 2022,136/142,236/238,238/248,239/255,179/183,228/236,239/249,192/202,236/240,158/158,151/165,178/198,139/145,137/143,240/242,239/249,239/255,182/186,228/236,240/250,194/204,239/243
MENCIA,7623,Mencía,vivc_no,Alvarez-Arbesú et al. 2022,144/150,224/234,248/256,241/249,179/187,236/236,251/255,186/192,244/244,158/176,141/141,170/178,133/139,145/151,228/238,249/257,241/249,182/190,236/236,252/256,188/194,247/247
MERILLE,7650,Mérille,vivc_no,Alvarez-Arbesú et al. 2022,142/150,232/236,238/246,249/255,183/189,236/244,239/251,192/192,236/256,158/162,161/165,178/198,139/139,143/151,236/240,239/247,249/255,186/192,236/244,240/252,194/194,239/259
MERLOT BLANC,7655,Merlot Blanc,vivc_no,Alvarez-Arbesú et al. 2022,150/150,224/234,238/246,249/249,187/189,228/246,239/271,192/194,248/256,158/162,143/151,170/170,133/139,151/151,228/238,239/247,249/249,190/192,228/246,240/272,194/196,251/259
MERLOT NOIR,7657,Merlot Noir,vivc_no,Alvarez-Arbesú et al. 2022,138/150,224/234,238/246,239/249,187/189,228/234,239/239,192/192,256/256,162/172,151/151,170/192,133/139,139/151,228/238,239/247,239/249,190/192,228/234,240/240,194/194,259/259
MERSEGUERA,7660,Merseguera,vivc_no,Alvarez-Arbesú et al. 2022,142/144,238/238,238/242,241/255,183/192,234/258,255/271,184/186,244/248,164/178,151/169,178/188,133/139,143/145,242/242,239/243,241/255,186/195,234/258,256/272,186/188,247/251
MESLIER SAINT FRANCOIS,7677,Meslier Saint-François,vivc_no,Alvarez-Arbesú et al. 2022,132/132,230/232,238/238,239/241,173/177,228/234,271/271,186/194,234/244,158/158,143/161,178/198,139/145,133/133,234/236,239/239,239/241,176/180,228/234,272/272,188/196,237/247
MILLARDET ET GRASSET   41 B,7736,Millardet et Grasset 41B,vivc_no,Alvarez-Arbesú et al. 2022,134/142,224/226,230/238,255/255,187/189,242/268,239/255,192/218,252/256,162/164,129/141,178/180,133/133,135/143,228/230,231/239,255/255,190/192,242/268,240/256,194/220,255/259
MISKET RUSENSKI,8288,Misket Rusenski,vivc_no,Alvarez-Arbesú et al. 2022,134/134,234/236,248/248,255/255,177/183,244/244,251/271,184/184,236/252,158/158,141/143,170/178,139/139,135/135,238/240,249/249,255/255,180/186,244/244,252/272,186/186,239/255
MOLAR,15678,Molar,vivc_no,Alvarez-Arbesú et al. 2022,132/150,224/236,238/256,239/249,179/187,234/248,255/271,186/192,242/258,158/176,141/161,170/178,133/145,133/151,228/240,239/257,239/249,182/190,234/248,256/272,188/194,245/261
MOLINARA,7899,Molinara,vivc_no,Alvarez-Arbesú et al. 2022,134/154,226/244,238/252,239/257,177/179,236/258,251/263,186/198,246/256,158/158,141/169,170/188,133/139,135/155,230/248,239/253,239/257,180/182,236/258,252/264,188/200,249/259
MOLINERA,7900,Molinera,vivc_no,Alvarez-Arbesú et al. 2022,136/144,232/236,242/248,241/255,179/192,234/258,251/271,186/202,244/254,164/170,165/169,178/192,139/145,137/145,236/240,243/249,241/255,182/195,234/258,252/272,188/204,247/257
MOLLAR CANO,7901,Mollar Cano,vivc_no,Alvarez-Arbesú et al. 2022,142/144,220/238,238/238,241/255,179/179,244/258,251/271,186/194,244/256,158/176,151/169,178/192,139/145,143/145,224/242,239/239,241/255,182/182,244/258,252/272,188/196,247/259
MONASTRELL,7915,Monastrell,vivc_no,Alvarez-Arbesú et al. 2022,132/150,224/238,248/248,241/263,177/187,244/258,239/255,186/202,248/258,166/172,143/165,178/192,131/139,133/151,228/242,249/249,241/263,180/190,244/258,240/256,188/204,251/261
MONDEUSE NOIRE,7921,Mondeuse Noir,vivc_no,Alvarez-Arbesú et al. 2022,132/138,224/230,238/260,239/241,187/187,218/218,239/239,192/192,242/256,158/166,161/165,170/178,133/139,133/139,228/234,239/261,239/241,190/190,218/218,240/240,194/194,245/259
MONDRAGON,7924,Mondragón,vivc_no,Alvarez-Arbesú et al. 2022,132/144,224/230,238/248,241/255,181/187,244/244,239/251,186/186,244/248,164/166,137/165,178/178,139/145,133/145,228/234,239/249,241/255,184/190,244/244,240/252,188/188,247/251
MONTEPULCIANO,7949,Montepulciano,vivc_no,Alvarez-Arbesú et al. 2022,132/144,224/226,248/248,239/241,187/192,234/244,257/271,188/198,248/248,168/176,141/169,188/192,139/145,133/145,228/230,249/249,239/241,190/195,234/244,258/272,190/200,251/251
MONTONICO BIANCO,7960,Montonico Bianco,vivc_no,Alvarez-Arbesú et al. 2022,142/144,230/230,238/248,241/255,177/183,246/248,249/251,186/198,248/248,158/176,141/169,170/178,139/145,143/145,234/234,239/249,241/255,180/186,246/248,250/252,188/200,251/251
MONTUA,2520,Montúa,vivc_no,Alvarez-Arbesú et al. 2022,142/150,232/236,242/252,255/255,179/183,234/260,251/271,186/186,244/254,164/172,161/165,178/192,133/139,143/151,236/240,243/253,255/255,182/186,234/260,252/272,188/188,247/257
MORATE,7981,Morate,vivc_no,Alvarez-Arbesú et al. 2022,142/144,234/234,238/238,241/249,181/187,258/258,249/255,184/186,240/248,172/176,141/141,170/178,139/145,143/145,238/238,239/239,241/249,184/190,258/258,250/256,186/188,243/251
MORAVIA AGRIA,7376,Moravia Agria,vivc_no,Alvarez-Arbesú et al. 2022,144/150,226/234,238/252,255/255,177/177,258/260,249/251,186/192,248/248,138/174,141/165,188/192,133/139,145/151,230/238,239/253,255/255,180/180,258/260,250/252,188/194,251/251
MONTEPULCIANO,22910,Morellone,synonym,Alvarez-Arbesú et al. 2022,132/132,226/234,238/262,241/241,179/183,244/258,255/271,186/192,240/240,158/168,143/169,178/198,133/139,133/133,230/238,239/263,241/241,182/186,244/258,256/272,188/194,243/243
MORIO MUSKAT,7996,Morio Muskat,vivc_no,Alvarez-Arbesú et al. 2022,132/150,224/226,246/248,241/249,177/192,228/246,271/271,184/202,246/252,158/158,143/165,170/188,133/139,133/151,228/230,247/249,241/249,180/195,228/246,272/272,186/204,249/255
CAYETANA BLANCA,22715,Morisca,synonym,Alvarez-Arbesú et al. 2022,132/156,224/234,238/238,239/249,183/187,234/258,251/255,184/186,242/248,158/178,141/161,170/178,133/145,133/157,228/238,239/239,239/249,186/190,234/258,252/256,186/188,245/251
MORISTEL,12353,Moristel,vivc_no,Alvarez-Arbesú et al. 2022,142/144,234/234,238/246,241/249,179/187,258/260,255/271,186/202,240/244,164/176,141/165,170/178,139/145,143/145,238/238,239/247,241/249,182/190,258/260,256/272,188/204,243/247
MOSCATELLO SELVATICO,8043,Moscatello Selvatico,vivc_no,Alvarez-Arbesú et al. 2022,148/150,230/230,248/252,249/263,177/192,244/248,263/271,184/198,248/252,150/158,143/165,192/196,139/139,149/151,234/234,249/253,249/263,180/195,244/248,264/272,186/200,251/255
MOSCATO D'ADDA,8050,Moscato d'Adda,vivc_no,Alvarez-Arbesú et al. 2022,132/132,224/226,246/250,241/249,177/183,268/268,261/263,190/202,248/252,150/158,141/143,170/178,133/139,133/133,228/230,247/251,241/249,180/186,268/268,262/264,192/204,251/255
MOSCATO DI SCANZO,8052,Moscato di Scanzo,vivc_no,Alvarez-Arbesú et al. 2022,132/134,234/238,238/248,241/255,177/192,234/246,239/271,184/192,248/252,158/164,141/159,170/188,133/139,133/135,238/242,239/249,241/255,180/195,234/246,240/272,186/194,251/255
MOSCATO GIALLO,8056,Moscato Giallo,vivc_no,Alvarez-Arbesú et al. 2022,132/142,226/238,238/248,241/255,177/177,236/246,257/271,184/186,246/252,158/166,141/167,170/192,133/139,133/143,230/242,239/249,241/255,180/180,236/246,258/272,186/188,249/255
MOSTOSA,8075,Mostosa,vivc_no,Alvarez-Arbesú et al. 2022,132/144,224/244,242/246,241/241,187/187,234/258,261/271,186/194,248/254,158/166,141/169,178/188,133/139,133/145,228/248,243/247,241/241,190/190,234/258,262/272,188/196,251/257
MOURATON,8082,Mouratón,vivc_no,Alvarez-Arbesú et al. 2022,136/150,232/236,248/256,249/255,179/187,248/248,251/271,186/202,244/248,158/166,141/169,170/192,133/139,137/151,236/240,249/257,249/255,182/190,248/248,252/272,188/204,247/251
MUELLER THURGAU WEISS,8141,Müller-Thurgau Weiß,vivc_no,Alvarez-Arbesú et al. 2022,142/150,224/226,246/256,249/255,179/179,234/244,251/251,192/192,240/242,138/158,151/161,170/198,133/139,143/151,228/230,247/257,249/255,182/182,234/244,252/252,194/194,243/245
MUSCAT A PETITS GRAINS BLANCS,8193,Muscat a Petits Grains Blancs,vivc_no,Alvarez-Arbesú et al. 2022,132/132,226/234,232/248,241/249,177/192,246/268,263/271,184/194,248/252,158/166,141/143,170/188,133/139,133/133,230/238,233/249,241/249,180/195,246/268,264/272,186/196,251/255
MUSCAT OF ALEXANDRIA,8241,Muscat of Alexandria,vivc_no,Alvarez-Arbesú et al. 2022,132/148,226/230,248/250,249/249,177/192,244/268,263/271,184/202,244/252,158/158,141/143,170/196,133/139,133/149,230/234,249/251,249/249,180/195,244/268,264/272,186/204,247/255
NAPARO,8345,Naparo,vivc_no,Alvarez-Arbesú et al. 2022,136/144,232/238,238/248,241/255,179/181,234/258,249/271,186/202,244/244,158/176,143/169,178/192,133/133,137/145,236/242,239/249,241/255,182/184,234/258,250/272,188/204,247/247
NEBBIOLO,8417,Nebbiolo,vivc_no,Alvarez-Arbesú et al. 2022,154/154,230/234,246/248,239/241,183/187,236/268,239/261,192/198,240/248,168/178,161/165,178/198,135/139,155/155,234/238,247/249,239/241,186/190,236/268,240/262,194/200,243/251
NEGRA RAYADA,1494,Negra Rayada,vivc_no,Alvarez-Arbesú et al. 2022,132/134,226/230,248/248,241/255,187/192,244/244,255/255,192/202,240/254,138/150,165/165,192/194,133/139,133/135,230/234,249/249,241/255,190/195,244/244,256/256,194/204,243/257
NEGRARA TRENTINA,8448,Negrara Trentina,vivc_no,Alvarez-Arbesú et al. 2022,134/138,224/224,246/248,239/255,183/183,254/268,239/261,190/198,236/240,158/178,159/165,170/188,133/139,135/139,228/228,247/249,239/255,186/186,254/268,240/262,192/200,239/243
NEGRO AMARO,8456,Negroamaro,vivc_no,Alvarez-Arbesú et al. 2022,144/150,224/234,248/248,241/263,177/179,234/236,251/271,188/200,256/256,158/168,141/143,170/188,139/145,145/151,228/238,249/249,241/263,180/182,234/236,252/272,190/202,259/259
NERELLO MASCALESE,8480,Nerello Mascalese,vivc_no,Alvarez-Arbesú et al. 2022,132/142,224/234,238/248,241/241,177/177,228/244,251/255,194/200,248/256,150/168,141/143,170/178,133/139,133/143,228/238,239/249,241/241,180/180,228/244,252/256,196/202,251/259
NERETTO DI BAIRO,22751,Neretto Gentile,synonym,Alvarez-Arbesú et al. 2022,132/152,234/244,246/248,239/255,187/187,244/258,239/271,194/198,236/242,150/150,159/165,170/178,133/145,133/153,238/248,247/249,239/255,190/190,244/258,240/272,196/200,239/245
NIAGARA,8537,Niagara,vivc_no,Alvarez-Arbesú et al. 2022,122/132,234/234,234/240,241/241,177/183,230/236,247/271,200/202,234/256,148/158,129/141,178/178,137/139,123/133,238/238,235/241,241/241,180/186,230/236,248/272,202/204,237/259
NOAH,8573,Noah,vivc_no,Alvarez-Arbesú et al. 2022,124/128,248/248,234/254,249/249,183/185,244/244,nd/nd,180/204,246/256,182/186,131/151,178/186,137/139,125/129,252/252,235/255,249/249,186/188,244/244,nd/nd,182/206,249/259
NOIR GLADY,8584,Noir Glady,vivc_no,Alvarez-Arbesú et al. 2022,132/136,226/226,238/246,239/249,177/183,218/258,251/271,192/202,236/252,158/158,141/165,178/178,133/145,133/137,230/230,239/247,239/249,180/186,218/258,252/272,194/204,239/255
OKATAC,8728,Okatac,vivc_no,Alvarez-Arbesú et al. 2022,132/144,226/238,238/248,239/241,177/179,228/248,255/271,186/202,256/256,158/164,143/151,188/198,139/139,133/145,230/242,239/249,239/241,180/182,228/248,256/272,188/204,259/259
OLIVETTE BLANCHE,8758,Olivette Blanche,vivc_no,Alvarez-Arbesú et al. 2022,134/136,232/236,242/248,255/255,183/192,244/260,261/271,186/202,248/254,158/170,143/151,192/192,133/133,135/137,236/240,243/249,255/255,186/195,244/260,262/272,188/204,251/257
OLIVETTE NOIRE,8759,Olivette Noire,vivc_no,Alvarez-Arbesú et al. 2022,132/136,230/232,232/238,239/255,183/192,246/248,251/271,186/202,248/254,166/176,141/141,192/192,133/139,133/137,234/236,233/239,239/255,186/195,246/248,252/272,188/204,251/257
OLIVETTE ROSE,8760,Olivette Rose,vivc_no,Alvarez-Arbesú et al. 2022,134/136,224/232,238/242,239/255,177/181,258/260,249/271,186/186,254/254,138/158,143/165,192/192,139/145,135/137,228/236,239/243,239/255,180/184,258/260,250/272,188/188,257/257
ONDARRABI BELTZA,8768,Ondarrabi Beltza,vivc_no,Alvarez-Arbesú et al. 2022,132/138,224/234,248/262,239/249,187/187,228/268,239/251,198/202,242/244,162/168,141/151,170/192,133/139,133/139,228/238,249/263,239/249,190/190,228/268,240/252,200/204,245/247
OPTIMA,8791,Optima,vivc_no,Alvarez-Arbesú et al. 2022,150/150,224/224,246/248,249/249,179/187,228/244,251/271,192/202,242/242,138/138,143/161,170/198,139/139,151/151,228/228,247/249,249/249,182/190,228/244,252/272,194/204,245/245
ORION,8802,Orion,vivc_no,Alvarez-Arbesú et al. 2022,142/150,224/230,246/250,249/255,179/187,236/244,251/255,192/192,242/252,172/192,143/161,198/198,139/139,143/151,228/234,247/251,249/255,182/190,236/244,252/256,194/194,245/255
ORTEGA,8811,Ortega,vivc_no,Alvarez-Arbesú et al. 2022,134/142,224/234,246/246,255/255,179/192,234/234,239/251,192/202,242/246,138/158,151/161,198/198,133/139,135/143,228/238,247/247,255/255,182/195,234/234,240/252,194/204,245/249
ORTRUGO,8813,Ortrugo,vivc_no,Alvarez-Arbesú et al. 2022,132/154,224/236,246/252,241/257,179/183,218/248,239/261,192/198,248/256,162/172,151/165,170/178,133/139,133/155,228/240,247/253,241/257,182/186,218/248,240/262,194/200,251/259
PALOMINO FINO,8888,Palomino Fino,vivc_no,Alvarez-Arbesú et al. 2022,132/144,226/238,238/248,241/241,183/192,236/248,255/257,186/192,248/254,164/176,137/165,178/188,133/139,133/145,230/242,239/249,241/241,186/195,236/248,256/258,188/194,251/257
PAMID,8899,Pamid,vivc_no,Alvarez-Arbesú et al. 2022,134/142,224/244,238/238,249/255,181/187,248/258,251/255,186/186,240/248,150/172,143/165,188/198,133/139,135/143,228/248,239/239,249/255,184/190,248/258,252/256,188/188,243/251
PAMPOLAT DE SAGUNTO,14370,Pampolat de Sagunto,name_fallback,Alvarez-Arbesú et al. 2022,142/150,224/232,238/238,255/263,179/181,244/258,239/255,184/186,244/256,158/164,135/169,178/192,133/139,143/151,228/236,239/239,255/263,182/184,244/258,240/256,186/188,247/259
PAMPOLAT GIRAT,8904,Pampolat Girat,vivc_no,Alvarez-Arbesú et al. 2022,132/142,224/238,242/248,255/255,179/181,244/244,251/255,186/202,244/256,164/172,161/161,192/194,131/139,133/143,228/242,243/249,255/255,182/184,244/244,252/256,188/204,247/259
PANSA ROSA,22720,Pansa Rosa,name_fallback,Alvarez-Arbesú et al. 2022,136/138,224/236,248/262,255/271,181/181,244/244,251/255,194/202,244/256,166/176,161/165,192/194,131/139,137/139,228/240,249/263,255/271,184/184,244/244,252/256,196/204,247/259
PARDILLO,8934,Pardillo,vivc_no,Alvarez-Arbesú et al. 2022,144/156,234/238,238/248,241/249,183/192,258/258,251/271,184/192,248/254,138/178,153/165,178/192,133/139,145/157,238/242,239/249,241/249,186/195,258/258,252/272,186/194,251/257
PARDUCA,8937,Parduca,vivc_no,Alvarez-Arbesú et al. 2022,132/150,224/230,238/242,241/249,177/187,234/258,261/271,186/186,242/248,150/158,143/161,170/178,133/139,133/151,228/234,239/243,241/249,180/190,234/258,262/272,188/188,245/251
PARELLADA,8938,Parellada,vivc_no,Alvarez-Arbesú et al. 2022,132/142,226/232,242/248,239/241,177/179,258/258,239/271,186/202,244/244,158/164,165/169,178/188,133/139,133/143,230/236,243/249,239/241,180/182,258/258,240/272,188/204,247/247
PARRALETA,8951,Parraleta,vivc_no,Alvarez-Arbesú et al. 2022,132/132,220/236,238/238,241/255,177/187,244/258,239/251,184/186,248/258,172/172,137/143,192/194,133/139,133/133,224/240,239/239,241/255,180/190,244/258,240/252,186/188,251/261
PATE NOIR,8973,Pâte Noir,vivc_no,Alvarez-Arbesú et al. 2022,132/132,224/248,246/250,237/241,179/199,244/246,271/271,192/192,240/240,138/156,131/141,178/178,139/139,133/133,228/252,247/251,237/241,182/202,244/246,272/272,194/194,243/243
PATRICIA INTA,4440,Patricia INTA,vivc_no,Alvarez-Arbesú et al. 2022,144/150,226/232,248/252,241/249,177/192,258/268,255/271,186/202,252/254,158/164,143/169,192/194,133/139,145/151,230/236,249/253,241/249,180/195,258/268,256/272,188/204,255/257
PAULA,17749,Paula,name_fallback,Alvarez-Arbesú et al. 2022,132/150,230/234,242/252,239/249,183/192,244/244,271/271,186/202,248/254,158/158,141/143,178/188,133/139,133/151,234/238,243/253,239/249,186/195,244/244,272/272,188/204,251/257
PECSI SZAGOS,9075,Pecsi Szagos,vivc_no,Alvarez-Arbesú et al. 2022,132/132,234/244,238/248,241/241,177/177,268/268,263/271,184/186,248/252,150/166,141/143,178/188,133/139,133/133,238/248,239/249,241/241,180/180,268/268,264/272,186/188,251/255
PEDRAL,9078,Pedral,vivc_no,Alvarez-Arbesú et al. 2022,150/156,224/224,238/262,239/263,179/183,228/254,239/251,184/194,244/248,170/178,151/165,170/188,133/139,151/157,228/228,239/263,239/263,182/186,228/254,240/252,186/196,247/251
PEDRO GIMENEZ,24977,Pedro Giménez,vivc_no,Alvarez-Arbesú et al. 2022,132/132,226/226,238/248,241/249,183/192,268/268,257/263,184/194,244/248,138/158,141/141,170/188,133/139,133/133,230/230,239/249,241/249,186/195,268/268,258/264,186/196,247/251
PEDRO XIMENEZ,9080,Pedro Ximénez,vivc_no,Alvarez-Arbesú et al. 2022,132/144,234/238,238/238,241/249,179/183,258/264,249/271,186/186,240/244,164/176,145/165,178/188,133/139,133/145,238/242,239/239,241/249,182/186,258/264,250/272,188/188,243/247
PERLAUT,9158,Perlaut,vivc_no,Alvarez-Arbesú et al. 2022,132/132,224/234,246/248,239/241,179/179,218/234,261/271,184/202,256/256,150/158,161/165,188/198,133/139,133/133,228/238,247/249,239/241,182/182,218/234,262/272,186/204,259/259
PERLE,9159,Perle,vivc_no,Alvarez-Arbesú et al. 2022,150/150,226/230,256/256,249/249,179/187,234/244,251/271,192/192,240/242,158/158,151/161,170/198,133/139,151/151,230/234,257/257,249/249,182/190,234/244,252/272,194/194,243/245
PERRICONE,9182,Perricone,vivc_no,Alvarez-Arbesú et al. 2022,132/134,226/234,238/238,241/255,181/183,234/258,251/257,186/194,240/244,158/172,161/165,178/198,139/145,133/135,230/238,239/239,241/255,184/186,234/258,252/258,188/196,243/247
PERRUM BRANCO,9183,Perrum Branco,vivc_no,Alvarez-Arbesú et al. 2022,132/144,234/238,238/242,241/249,179/183,264/264,251/271,186/186,240/244,172/176,165/169,178/188,139/145,133/145,238/242,239/243,241/249,182/186,264/264,252/272,188/188,243/247
PERRUNO,9185,Perruno,vivc_no,Alvarez-Arbesú et al. 2022,132/132,226/238,232/248,241/241,183/187,234/244,255/271,192/202,234/240,138/150,137/165,188/194,131/139,133/133,230/242,233/249,241/241,186/190,234/244,256/272,194/204,237/243
MESLIER PETIT,7675,Petit Meslier,vivc_no,Alvarez-Arbesú et al. 2022,132/150,232/236,248/256,239/249,177/187,236/246,271/271,192/202,234/248,158/168,143/161,170/198,139/145,133/151,236/240,249/257,239/249,180/190,236/246,272/272,194/204,237/251
PETIT VERDOT,12974,Petit Verdot,name_fallback,Alvarez-Arbesú et al. 2022,142/154,224/230,238/262,249/255,177/187,218/236,239/239,192/202,248/252,162/166,159/161,170/178,133/139,143/155,228/234,239/263,249/255,180/190,218/236,240/240,194/204,251/255
PHOENIX,9224,Phoenix,vivc_no,Alvarez-Arbesú et al. 2022,142/150,226/234,246/250,249/255,179/187,234/244,239/271,192/192,242/258,138/150,143/151,198/198,139/139,143/151,230/238,247/251,249/255,182/190,234/244,240/272,194/194,245/261
PICOLIT NERO,9238,Picolit Nero,vivc_no,Alvarez-Arbesú et al. 2022,134/150,230/244,238/262,255/255,177/192,236/264,239/263,192/194,246/248,158/162,141/145,170/188,133/141,135/151,234/248,239/263,255/255,180/195,236/264,240/264,194/196,249/251
PIEDIROSSO,9239,Piedirosso,vivc_no,Alvarez-Arbesú et al. 2022,142/150,230/234,248/262,239/263,187/187,236/258,239/255,192/200,256/256,162/176,157/167,188/192,133/145,143/151,234/238,249/263,239/263,190/190,236/258,240/256,194/202,259/259
PIGNOLETTO,9254,Pignoletto,vivc_no,Alvarez-Arbesú et al. 2022,132/144,224/244,248/262,241/241,183/187,236/258,251/257,198/200,240/248,150/168,151/165,188/188,133/139,133/145,228/248,249/263,241/241,186/190,236/258,252/258,200/202,243/251
PINOT NOIR,9279,Pinot Noir,vivc_no,Alvarez-Arbesú et al. 2022,136/150,226/236,238/242,239/249,183/187,218/236,239/271,186/192,236/242,158/162,151/165,170/178,133/145,137/151,230/240,239/243,239/249,186/190,218/236,240/272,188/194,239/245
PINOTAGE,9286,Pinotage,vivc_no,Alvarez-Arbesú et al. 2022,132/150,224/236,238/246,249/249,177/183,218/228,239/261,192/202,236/252,158/162,151/151,178/178,139/145,133/151,228/240,239/247,249/249,180/186,218/228,240/262,194/204,239/255
PIQUEPOUL NOIR,9298,Piquepoul Noir,vivc_no,Alvarez-Arbesú et al. 2022,132/132,224/230,238/242,241/249,177/187,234/236,239/261,186/186,248/248,158/158,143/161,178/192,133/139,133/133,228/234,239/243,241/249,180/190,234/236,240/262,188/188,251/251
PIROVANO   93,9403,Pirovano 93,vivc_no,Alvarez-Arbesú et al. 2022,132/142,232/234,246/246,239/255,183/187,244/260,271/271,190/202,242/248,158/158,141/141,178/188,133/139,133/143,236/238,247/247,239/255,186/190,244/260,272/272,192/204,245/251
CHASSELAS BLANC,9536,Plant Droit,synonym,Alvarez-Arbesú et al. 2022,150/150,224/234,232/248,249/263,183/192,248/258,239/251,198/202,248/254,158/166,143/159,170/192,133/139,151/151,228/238,233/249,249/263,186/195,248/258,240/252,200/204,251/257
PLANTA FINA,9542,Planta Fina,vivc_no,Alvarez-Arbesú et al. 2022,142/144,226/238,238/242,241/255,177/192,248/258,249/271,184/186,248/254,172/176,141/169,178/188,133/139,143/145,230/242,239/243,241/255,180/195,248/258,250/272,186/188,251/257
DANUGUE,22978,Planta Mula,synonym,Alvarez-Arbesú et al. 2022,132/132,234/238,238/248,241/241,179/181,244/254,255/271,186/202,244/244,138/172,137/137,188/194,139/145,133/133,238/242,239/249,241/241,182/184,244/254,256/272,188/204,247/247
PLANTA NOVA,9543,Planta Nova,vivc_no,Alvarez-Arbesú et al. 2022,136/148,224/226,238/238,249/255,177/192,236/244,249/271,186/186,244/254,158/164,143/155,192/196,133/139,137/149,228/230,239/239,249/255,180/195,236/244,250/272,188/188,247/257
PLAVINA CRNA,9557,Plavina Crna,vivc_no,Alvarez-Arbesú et al. 2022,132/142,230/234,238/248,239/239,177/187,248/258,251/263,186/198,234/240,150/152,143/165,178/178,139/139,133/143,234/238,239/249,239/239,180/190,248/258,252/264,188/200,237/243
PORTAN,9612,Portan,vivc_no,Alvarez-Arbesú et al. 2022,142/144,224/238,238/242,241/249,192/192,228/244,249/271,186/186,246/254,138/138,137/151,178/188,135/145,143/145,228/242,239/243,241/249,195/195,228/244,250/272,188/188,249/257
PORTUGIESER BLAU,9620,Portugieser Blau,vivc_no,Alvarez-Arbesú et al. 2022,142/150,224/230,242/254,249/249,179/192,228/260,251/271,186/202,246/256,138/158,141/151,170/178,135/139,143/151,228/234,243/255,249/249,182/195,228/260,252/272,188/204,249/259
PRIMITIVO,9703,Primitivo,vivc_no,Alvarez-Arbesú et al. 2022,132/142,224/234,246/248,239/239,177/179,248/258,255/263,198/202,234/256,150/164,141/165,178/188,139/139,133/143,228/238,247/249,239/239,180/182,248/258,256/264,200/204,237/259
PROSPERI 37,9755,Prosperi 37,name_fallback,Alvarez-Arbesú et al. 2022,134/136,224/236,242/248,255/255,183/192,236/248,239/271,184/186,236/254,150/158,141/165,170/188,133/139,135/137,228/240,243/249,255/255,186/195,236/248,240/272,186/188,239/257
PUERTO ALTO,9619,Puerto Alto,vivc_no,Alvarez-Arbesú et al. 2022,136/136,232/236,238/242,255/255,179/192,244/248,255/255,186/200,244/254,150/166,165/169,178/192,133/139,137/137,236/240,239/243,255/255,182/195,244/248,256/256,188/202,247/257
QUIEBRATINAJAS BLANCO,9848,Quiebratinajas Blanco,name_fallback,Alvarez-Arbesú et al. 2022,136/156,224/232,238/242,249/255,181/183,244/258,255/261,184/186,244/248,158/178,143/169,170/192,133/139,137/157,228/236,239/243,249/255,184/186,244/258,256/262,186/188,247/251
QUIGAT,9854,Quigat,vivc_no,Alvarez-Arbesú et al. 2022,144/150,230/232,242/248,241/255,179/179,234/258,239/255,184/186,244/258,164/164,165/169,178/178,139/145,145/151,234/236,243/249,241/255,182/182,234/258,240/256,186/188,247/261
RABIGATO,9857,Rabigato,vivc_no,Alvarez-Arbesú et al. 2022,132/132,220/230,238/238,241/241,183/187,252/254,251/255,184/194,240/248,158/172,137/161,188/194,133/139,133/133,224/234,239/239,241/241,186/190,252/254,252/256,186/196,243/251
RABO DE OVELHA,16956,Rabo de Ovelha,vivc_no,Alvarez-Arbesú et al. 2022,136/150,220/234,238/242,255/263,179/179,234/248,239/255,186/192,244/244,164/178,165/169,178/192,133/139,137/151,224/238,239/243,255/263,182/182,234/248,240/256,188/194,247/247
RABOSO PIAVE,9864,Raboso Piave,name_fallback,Alvarez-Arbesú et al. 2022,134/142,226/230,246/256,255/255,183/187,234/234,271/271,194/194,240/248,158/158,151/151,170/198,133/145,135/143,230/234,247/257,255/255,186/190,234/234,272/272,196/196,243/251
RAYADA MELONERA,7617,Rayada Melonera,vivc_no,Alvarez-Arbesú et al. 2022,132/132,226/236,238/252,241/241,183/192,236/260,261/271,184/186,244/254,172/172,169/169,178/188,133/139,133/133,230/240,239/253,241/241,186/195,236/260,262/272,186/188,247/257
PRUERAS,15095,Redondal Blanc,synonym,Alvarez-Arbesú et al. 2022,132/150,230/230,238/242,249/255,183/187,234/254,255/271,186/202,240/242,158/164,151/165,170/194,131/145,133/151,234/234,239/243,249/255,186/190,234/254,256/272,188/204,243/245
REFOSCO DAL PEDUNCOLO ROSSO,9987,Refosco dal Peduncolo Rosso,name_fallback,Alvarez-Arbesú et al. 2022,132/132,224/230,238/246,241/255,179/187,234/236,249/261,192/192,248/256,158/168,141/165,170/178,133/139,133/133,228/234,239/247,241/255,182/190,234/236,250/262,194/194,251/259
REGENT,4572,Regent,vivc_no,Alvarez-Arbesú et al. 2022,132/152,224/236,246/250,241/241,183/187,234/258,239/271,192/202,248/256,158/192,133/151,170/198,139/139,133/153,228/240,247/251,241/241,186/190,234/258,240/272,194/204,251/259
REY,24858,Rey,name_fallback,Alvarez-Arbesú et al. 2022,142/150,224/238,238/242,249/255,183/192,244/262,251/271,186/194,234/244,158/164,143/161,178/188,139/149,143/151,228/242,239/243,249/255,186/195,244/262,252/272,188/196,237/247
RIBOL,10053,Ribol,vivc_no,Alvarez-Arbesú et al. 2022,132/136,224/234,248/254,239/255,183/192,244/260,261/271,202/202,248/254,158/170,141/151,192/194,133/139,133/137,228/238,249/255,239/255,186/195,244/260,262/272,204/204,251/257
RIBOLLA GIALLA,10054,Ribolla Gialla,vivc_no,Alvarez-Arbesú et al. 2022,142/150,230/232,238/248,255/263,177/183,228/234,249/251,194/198,234/248,158/172,165/169,192/198,133/139,143/151,234/236,239/249,255/263,180/186,228/234,250/252,196/200,237/251
RIESLANER,10073,Rieslaner,vivc_no,Alvarez-Arbesú et al. 2022,150/150,224/224,242/248,249/249,179/192,228/236,271/271,186/202,240/246,158/168,143/165,170/170,133/145,151/151,228/228,243/249,249/249,182/195,228/236,272/272,188/204,243/249
RIESLING WEISS,10077,Riesling Weiß,vivc_no,Alvarez-Arbesú et al. 2022,142/150,224/232,248/256,249/255,179/187,228/234,251/271,192/202,240/242,138/168,143/151,170/198,139/145,143/151,228/236,249/257,249/255,182/190,228/234,252/272,194/204,243/245
RIFOSKO MERKOURI,25285,Rifosko Merkouri,name_fallback,Alvarez-Arbesú et al. 2022,142/144,224/226,238/248,241/255,177/192,248/254,255/271,186/188,248/252,138/176,165/169,178/188,133/139,143/145,228/230,239/249,241/255,180/195,248/254,256/272,188/190,251/255
ROAL,10298,Roal,vivc_no,Alvarez-Arbesú et al. 2022,136/142,234/236,248/252,241/255,179/181,234/244,251/255,186/202,244/244,164/166,143/169,188/192,139/145,137/143,238/240,249/253,241/255,182/184,234/244,252/256,188/204,247/247
RODITIS,10141,Roditis,name_fallback,Alvarez-Arbesú et al. 2022,132/144,224/226,246/248,239/241,183/192,236/248,251/271,192/200,236/248,164/176,141/165,184/192,133/139,133/145,228/230,247/249,239/241,186/195,236/248,252/272,194/202,239/251
TEINTURIER,10181,Rome,synonym,Alvarez-Arbesú et al. 2022,136/144,236/238,238/238,241/255,179/192,236/258,255/271,186/194,244/254,138/164,143/165,178/192,133/139,137/145,240/242,239/239,241/255,182/195,236/258,256/272,188/196,247/257
RONDINELLA,10189,Rondinella,name_fallback,Alvarez-Arbesú et al. 2022,142/150,224/230,238/238,241/255,177/187,246/258,271/271,186/192,244/248,172/178,151/165,170/188,135/139,143/151,228/234,239/239,241/255,180/190,246/258,272/272,188/194,247/251
ROSSIGNOLA,10219,Rossignola,name_fallback,Alvarez-Arbesú et al. 2022,150/154,232/234,238/246,257/263,183/187,246/258,255/271,192/202,248/248,138/178,159/169,188/198,139/145,151/155,236/238,239/247,257/263,186/190,246/258,256/272,194/204,251/251
ROUGE DU PAYS,10240,Rouge du Pays,vivc_no,Alvarez-Arbesú et al. 2022,132/138,224/226,246/262,239/241,183/187,244/268,249/261,192/192,236/244,150/158,151/161,178/188,133/139,133/139,228/230,247/263,239/241,186/190,244/268,250/262,194/194,239/247
ROUSSANNE DU VAR,10258,Roussanne,synonym,Alvarez-Arbesú et al. 2022,132/132,224/230,238/252,241/249,183/187,258/258,251/255,194/198,236/248,158/158,141/159,178/192,139/147,133/133,228/234,239/253,241/249,186/190,258/258,252/256,196/200,239/251
ROYALTY,10288,Royalty,name_fallback,Alvarez-Arbesú et al. 2022,144/150,232/236,248/256,241/249,173/192,228/248,249/255,182/192,244/254,158/160,119/153,170/188,133/139,145/151,236/240,249/257,241/249,176/195,228/248,250/256,184/194,247/257
RUBINIA,17748,Rubinia,name_fallback,Alvarez-Arbesú et al. 2022,132/134,234/236,238/242,239/255,183/192,244/258,263/263,186/202,236/256,158/162,143/151,178/188,139/139,133/135,238/240,239/243,239/255,186/195,244/258,264/264,188/204,239/259
RUBIRED,10308,Rubired,vivc_no,Alvarez-Arbesú et al. 2022,132/144,232/232,248/262,241/241,179/179,254/260,271/271,184/196,240/244,164/172,131/137,188/188,139/139,133/145,236/236,249/263,241/241,182/182,254/260,272/272,186/198,243/247
RUBY CABERNET,10313,Ruby Cabernet,vivc_no,Alvarez-Arbesú et al. 2022,142/150,224/230,238/238,249/255,173/179,234/258,239/251,186/192,244/256,172/176,141/165,170/170,133/139,143/151,228/234,239/239,249/255,176/182,234/258,240/252,188/194,247/259
RUFETE,10331,Rufete,vivc_no,Alvarez-Arbesú et al. 2022,132/156,224/234,238/256,239/239,179/187,248/258,255/271,186/192,242/244,158/166,141/143,170/178,139/145,133/157,228/238,239/257,239/239,182/190,248/258,256/272,188/194,245/247
RUPESTRIS DU LOT,10389,Rupestris du Lot,name_fallback,Alvarez-Arbesú et al. 2022,136/136,234/266,256/260,237/237,203/205,220/242,nd/nd,194/194,256/260,168/172,133/135,178/178,133/139,137/137,238/270,257/261,237/237,206/208,220/242,nd/nd,196/196,259/263
RUZEVINA,10423,Ruzevina,vivc_no,Alvarez-Arbesú et al. 2022,132/144,226/226,238/248,239/241,177/192,236/248,239/271,188/194,234/248,138/176,143/169,170/192,139/145,133/145,230/230,239/249,239/241,180/195,236/248,240/272,190/196,237/251
SÁBATE,10433,Sábate,name_fallback,Alvarez-Arbesú et al. 2022,132/132,226/232,238/242,241/241,183/192,244/258,251/271,186/194,234/254,138/158,137/141,178/188,139/145,133/133,230/236,239/243,241/241,186/195,244/258,252/272,188/196,237/257
SABRO,25056,Sabro,vivc_no,Alvarez-Arbesú et al. 2022,142/156,224/238,232/238,255/257,179/179,244/258,239/255,186/194,244/256,164/178,165/169,178/198,139/145,143/157,228/242,233/239,255/257,182/182,244/258,240/256,188/196,247/259
SAINT LAURENT,10470,Saint Laurent,vivc_no,Alvarez-Arbesú et al. 2022,136/150,226/226,238/256,239/249,183/187,234/236,261/271,192/192,236/244,158/168,151/165,178/178,145/145,137/151,230/230,239/257,239/249,186/190,234/236,262/272,194/194,239/247
CADRETE,10495,Salceño,synonym,Alvarez-Arbesú et al. 2022,146/150,234/238,238/246,241/255,177/187,248/258,249/255,184/202,248/256,158/164,141/165,178/188,133/139,147/151,238/242,239/247,241/255,180/190,248/258,250/256,186/204,251/259
PATE NOIR,10518,Salvador,synonym,Alvarez-Arbesú et al. 2022,134/144,234/238,238/250,255/255,177/187,244/258,249/255,186/198,240/248,138/176,141/141,178/192,133/139,135/145,238/242,239/251,255/255,180/190,244/258,250/256,188/200,243/251
SAMARRINHO,15684,Samarrinho,vivc_no,Alvarez-Arbesú et al. 2022,132/150,230/230,238/256,241/249,177/187,236/246,239/255,184/192,242/248,168/172,151/165,170/188,131/145,133/151,234/234,239/257,241/249,180/190,236/246,240/256,186/194,245/251
SANGIOVESE,10680,Sangiovese,vivc_no,Alvarez-Arbesú et al. 2022,132/132,224/234,238/262,241/241,177/183,234/244,251/255,192/194,240/256,158/168,143/165,178/198,139/139,133/133,228/238,239/263,241/241,180/186,234/244,252/256,194/196,243/259
SANTA MAGDALENA,10690,Santa Magdalena,vivc_no,Alvarez-Arbesú et al. 2022,132/144,226/236,238/246,239/241,183/192,234/258,251/271,184/192,236/254,158/172,141/169,170/178,133/133,133/145,230/240,239/247,239/241,186/195,234/258,252/272,186/194,239/257
SAVAGNIN BLANC,17636,Savagnin Blanc,vivc_no,Alvarez-Arbesú et al. 2022,150/150,230/236,242/256,249/249,187/187,234/236,239/271,186/192,242/248,158/168,151/161,170/170,133/145,151/151,234/240,243/257,249/249,190/190,234/236,240/272,188/194,245/251
SAVVATIANO,10798,Savvatiano,vivc_no,Alvarez-Arbesú et al. 2022,140/144,224/226,244/248,241/249,183/192,236/258,251/257,194/200,234/248,176/176,141/165,184/192,139/139,141/145,228/230,245/249,241/249,186/195,236/258,252/258,196/202,237/251
SCHIAVA GROSSA,10823,Schiava Grossa,vivc_no,Alvarez-Arbesú et al. 2022,134/154,234/236,246/246,241/255,179/183,236/244,251/271,190/192,236/256,158/178,161/165,178/188,139/141,135/155,238/240,247/247,241/255,182/186,236/244,252/272,192/194,239/259
SCHIAVA LOMBARDA,10825,Schiava Lombarda,vivc_no,Alvarez-Arbesú et al. 2022,132/142,224/232,238/252,239/255,177/183,244/246,249/271,192/194,234/248,138/164,143/159,198/198,139/139,133/143,228/236,239/253,239/255,180/186,244/246,250/272,194/196,237/251
SCIACCARELLO,10837,Sciacarello,vivc_no,Alvarez-Arbesú et al. 2022,132/132,224/226,238/246,239/241,181/187,236/258,251/271,192/202,242/242,158/158,161/169,178/188,133/139,133/133,228/230,239/247,239/241,184/190,236/258,252/272,194/204,245/245
SEIBEL    14,10859,Seibel 1,fuzzy_94,Alvarez-Arbesú et al. 2022,132/146,224/248,246/250,241/243,179/184,252/258,271/271,192/192,240/258,156/168,131/141,182/188,139/139,133/147,228/252,247/251,241/243,182/187,252/258,272/272,194/194,243/261
SEMILLON,11480,Sémillon,vivc_no,Alvarez-Arbesú et al. 2022,132/132,234/236,238/256,241/249,173/183,234/244,239/271,186/192,244/248,158/158,141/151,178/192,133/139,133/133,238/240,239/257,241/249,176/186,234/244,240/272,188/194,247/251
SENA,11483,Seña,vivc_no,Alvarez-Arbesú et al. 2022,144/154,234/238,242/248,241/255,179/187,234/268,239/271,186/198,244/248,158/176,141/169,178/196,133/145,145/155,238/242,243/249,241/255,182/190,234/268,240/272,188/200,247/251
ONDENC,11497,Sercial,synonym,Alvarez-Arbesú et al. 2022,132/150,224/236,238/252,239/263,179/183,234/258,239/239,186/192,244/256,172/178,151/165,188/192,133/139,133/151,228/240,239/253,239/263,182/186,234/258,240/240,188/194,247/259
SICILIEN,11775,Sicilien,vivc_no,Alvarez-Arbesú et al. 2022,132/132,224/236,242/248,239/239,187/192,234/246,239/271,184/186,248/254,162/164,141/165,178/192,133/139,133/133,228/240,243/249,239/239,190/195,234/246,240/272,186/188,251/257
SILVANER GRUEN,11805,Silvaner Gruen,vivc_no,Alvarez-Arbesú et al. 2022,150/152,224/230,242/246,241/249,187/192,228/236,271/271,186/202,246/248,138/158,151/165,170/194,133/139,151/153,228/234,243/247,241/249,190/195,228/236,272/272,188/204,249/251
SIRIA,2742,Siria,vivc_no,Alvarez-Arbesú et al. 2022,136/150,220/232,238/248,255/263,179/179,228/248,239/251,184/202,244/244,166/178,143/151,192/192,133/139,137/151,224/236,239/249,255/263,182/182,228/248,240/252,186/204,247/247
SIRIUS,11833,Sirius,name_fallback,Alvarez-Arbesú et al. 2022,132/150,226/230,236/246,241/249,179/187,234/244,255/271,178/192,242/258,158/192,131/161,188/198,139/139,133/151,230/234,237/247,241/249,182/190,234/244,256/272,180/194,245/261
STAUFER,11802,Staufer,name_fallback,Alvarez-Arbesú et al. 2022,132/150,226/234,236/242,241/249,179/187,228/234,239/271,178/186,242/252,138/150,143/161,170/188,139/139,133/151,230/238,237/243,241/249,182/190,228/234,240/272,180/188,245/255
SUGRAONE,12087,Sugraone,name_fallback,Alvarez-Arbesú et al. 2022,134/134,224/234,238/248,255/255,177/179,234/248,249/271,184/186,252/256,138/176,165/169,192/194,139/139,135/135,228/238,239/249,255/255,180/182,234/248,250/272,186/188,255/259
SUMOLL,12072,Sumoll,vivc_no,Alvarez-Arbesú et al. 2022,132/144,224/238,242/248,241/241,177/179,236/236,255/271,184/186,244/258,164/176,151/169,178/178,139/145,133/145,228/242,243/249,241/241,180/182,236/236,256/272,186/188,247/261
SYRAH,11748,Syrah,vivc_no,Alvarez-Arbesú et al. 2022,132/132,224/230,238/238,241/241,187/189,218/228,239/271,186/192,242/248,162/166,161/165,170/192,133/139,133/133,228/234,239/239,241/241,190/192,218/228,240/272,188/194,245/251
TARRAGONI,12266,Tarragoní,vivc_no,Alvarez-Arbesú et al. 2022,132/144,230/238,242/248,241/241,179/179,234/258,239/271,184/186,244/244,164/164,151/165,178/188,139/145,133/145,234/242,243/249,241/241,182/182,234/258,240/272,186/188,247/247
TEBRIZI,6249,Tebrizi,vivc_no,Alvarez-Arbesú et al. 2022,136/136,232/236,238/244,239/241,183/187,258/260,243/271,200/200,240/248,150/176,143/165,192/194,139/145,137/137,236/240,239/245,239/241,186/190,258/260,244/272,202/202,243/251
TEINTURIER,12304,Teinturier,vivc_no,Alvarez-Arbesú et al. 2022,136/150,236/236,238/242,239/249,177/187,228/236,271/271,186/192,242/252,158/158,157/165,170/178,133/139,137/151,240/240,239/243,239/249,180/190,228/236,272/272,188/194,245/255
TEMPRANILLO TINTO,12350,Tempranillo Tinto,vivc_no,Alvarez-Arbesú et al. 2022,142/144,234/234,238/252,241/255,181/181,258/258,249/251,194/198,244/248,158/176,141/169,170/188,133/139,143/145,238/238,239/253,241/255,184/184,258/258,250/252,196/200,247/251
TEROLDEGO,12371,Teroldego,name_fallback,Alvarez-Arbesú et al. 2022,136/154,224/226,238/246,239/241,177/183,228/236,239/261,192/192,240/252,158/168,161/165,178/178,135/139,137/155,228/230,239/247,239/241,180/186,228/236,240/262,194/194,243/255
TERRANO,12374,Terrano,vivc_no,Alvarez-Arbesú et al. 2022,134/154,224/226,246/248,241/255,187/187,218/234,249/271,190/192,236/248,150/158,141/143,170/170,139/141,135/155,228/230,247/249,241/255,190/190,218/234,250/272,192/194,239/251
TERRET NOIR,12384,Terret Noir,name_fallback,Alvarez-Arbesú et al. 2022,132/132,224/224,242/246,239/241,177/183,258/258,239/239,186/202,248/248,158/158,151/165,178/188,133/139,133/133,228/228,243/247,239/241,180/186,258/258,240/240,188/204,251/251
TERRIZA,25067,Terriza,name_fallback,Alvarez-Arbesú et al. 2022,136/142,234/234,238/248,255/255,179/183,234/248,239/251,194/202,244/248,164/166,137/143,188/192,139/145,137/143,238/238,239/249,255/255,182/186,234/248,240/252,196/204,247/251
TETONA BLANCA,12406,Tetona Blanca,name_fallback,Alvarez-Arbesú et al. 2022,142/146,224/234,238/248,255/267,177/192,234/248,255/271,186/202,248/254,164/166,143/143,170/192,139/139,143/147,228/238,239/249,255/267,180/195,234/248,256/272,188/204,251/257
THALLOCZY LAJOS,12414,Thallóczy Lajos,vivc_no,Alvarez-Arbesú et al. 2022,132/148,230/236,248/248,239/249,177/179,234/268,271/271,184/184,252/254,158/176,141/143,170/188,133/139,133/149,234/240,249/249,239/249,180/182,234/268,272/272,186/186,255/257
TIBOUREN,12434,Tibouren,vivc_no,Alvarez-Arbesú et al. 2022,132/138,224/236,246/248,239/255,177/177,244/268,249/251,184/202,246/256,168/172,165/165,170/178,133/145,133/139,228/240,247/249,239/255,180/180,244/268,250/252,186/204,249/259
TINTA BARROCA,12462,Tinta Barroca,vivc_no,Alvarez-Arbesú et al. 2022,142/150,226/234,238/242,249/255,179/181,234/244,251/271,186/190,242/244,164/172,151/151,170/188,133/145,143/151,230/238,239/243,249/255,182/184,234/244,252/272,188/192,245/247
TINTA CARVALHA,12467,Tinta Carvalha,vivc_no,Alvarez-Arbesú et al. 2022,144/150,230/234,248/262,241/249,179/187,228/248,255/271,192/202,244/248,166/172,143/151,170/178,139/145,145/151,234/238,249/263,241/249,182/190,228/248,256/272,194/204,247/251
TEINTURIER,15686,Tinta Francisca,synonym,Alvarez-Arbesú et al. 2022,132/132,236/238,238/238,239/241,183/187,228/254,251/255,184/186,240/244,158/172,137/165,178/188,139/139,133/133,240/242,239/239,239/241,186/190,228/254,252/256,186/188,243/247
PADEIRO,12500,Tinto Cão,synonym,Alvarez-Arbesú et al. 2022,132/132,230/232,238/262,241/241,179/183,254/266,249/271,184/192,244/248,166/172,137/137,188/198,131/139,133/133,234/236,239/263,241/241,182/186,254/266,250/272,186/194,247/251
ALICANTE HENRI BOUSCHET,17353,Tinto Velasco,synonym,Alvarez-Arbesú et al. 2022,132/132,230/236,232/252,239/239,177/183,248/260,251/251,198/202,234/248,166/176,165/169,170/198,139/145,133/133,234/240,233/253,239/239,180/186,248/260,252/252,200/204,237/251
TOMPA MIHALY,12564,Tompa Mihály,vivc_no,Alvarez-Arbesú et al. 2022,134/148,226/236,246/250,249/255,183/192,236/244,239/263,192/202,244/256,158/162,141/165,178/196,139/139,135/149,230/240,247/251,249/255,186/195,236/244,240/264,194/204,247/259
TORRONTES MENDOCINO,15161,Torrontés Mendocino,vivc_no,Alvarez-Arbesú et al. 2022,132/132,226/230,248/248,241/249,187/192,244/244,239/271,184/192,244/248,158/166,141/165,170/170,131/133,133/133,230/234,249/249,241/249,190/195,244/244,240/272,186/194,247/251
TORRONTES RIOJANO,15162,Torrontés Riojano,vivc_no,Alvarez-Arbesú et al. 2022,132/134,226/230,248/248,239/249,177/183,244/244,257/263,184/192,248/252,158/168,141/165,170/192,133/139,133/135,230/234,249/249,239/249,180/186,244/244,258/264,186/194,251/255
TORRONTES SANJUANINO,17350,Torrontés Sanjuanino,vivc_no,Alvarez-Arbesú et al. 2022,132/148,226/230,238/248,241/249,177/183,268/268,255/271,184/194,248/252,138/158,143/165,188/196,133/139,133/149,230/234,239/249,241/249,180/186,268/268,256/272,186/196,251/255
TORTOSI,12583,Tortosí,vivc_no,Alvarez-Arbesú et al. 2022,132/142,226/238,238/242,241/255,179/187,236/244,239/271,186/194,240/254,164/164,137/169,178/188,139/145,133/143,230/242,239/243,241/255,182/190,236/244,240/272,188/196,243/257
TOURIGA FRANCA,12593,Touriga Franca,vivc_no,Alvarez-Arbesú et al. 2022,142/150,224/226,238/242,249/255,179/181,234/254,239/271,190/192,242/244,150/162,151/151,170/192,133/145,143/151,228/230,239/243,249/255,182/184,234/254,240/272,192/194,245/247
TOURIGA NACIONAL,12594,Touriga Nacional,vivc_no,Alvarez-Arbesú et al. 2022,142/150,224/234,238/238,249/255,179/187,234/268,239/271,186/192,242/242,162/172,151/151,178/192,133/133,143/151,228/238,239/239,249/255,182/190,234/268,240/272,188/194,245/245
TREBBIANO SPOLETINO,12627,Trebbiano Spoletino,name_fallback,Alvarez-Arbesú et al. 2022,132/132,226/226,248/262,241/249,187/192,236/248,249/255,194/198,248/248,158/168,151/161,170/188,133/139,133/133,230/230,249/263,241/249,190/195,236/248,250/256,196/200,251/251
TREBBIANO TOSCANO,12628,Trebbiano Toscano,name_fallback,Alvarez-Arbesú et al. 2022,132/142,224/230,248/252,241/255,177/181,244/248,249/271,192/198,242/248,162/176,141/161,178/188,133/139,133/143,228/234,249/253,241/255,180/184,244/248,250/272,194/200,245/251
TREPAT,12633,Trepat,vivc_no,Alvarez-Arbesú et al. 2022,132/142,224/232,242/248,241/255,177/192,258/258,239/271,186/202,248/254,172/176,143/169,178/192,133/139,133/143,228/236,243/249,241/255,180/195,258/258,240/272,188/204,251/257
CASTELAO,15685,Trincadeira,synonym,Alvarez-Arbesú et al. 2022,132/150,232/236,238/248,241/263,179/183,228/234,239/271,186/202,244/248,158/166,143/165,178/192,133/139,133/151,236/240,239/249,241/263,182/186,228/234,240/272,188/204,247/251
TROBAT,12660,Trobat,name_fallback,Alvarez-Arbesú et al. 2022,138/142,234/236,246/262,255/271,181/187,244/248,249/255,186/194,256/256,172/172,137/169,178/188,131/139,139/143,238/240,247/263,255/271,184/190,244/248,250/256,188/196,259/259
TROUSSEAU NOIR,12668,Trousseau Noir,vivc_no,Alvarez-Arbesú et al. 2022,142/150,236/236,238/256,249/255,173/187,234/248,239/255,186/186,242/244,158/166,141/161,170/198,133/145,143/151,240/240,239/257,249/255,176/190,234/248,240/256,188/188,245/247
UVA DI TROIA,12819,Uva di Troia,vivc_no,Alvarez-Arbesú et al. 2022,142/150,224/230,242/252,263/267,187/192,244/248,249/271,186/198,248/248,164/176,169/169,188/198,139/139,143/151,228/234,243/253,263/267,190/195,244/248,250/272,188/200,251/251
VALDIGUIÉ,12861,Valdiguié,name_fallback,Alvarez-Arbesú et al. 2022,142/150,224/236,238/262,249/255,177/189,236/268,239/255,194/200,252/256,162/172,161/165,170/178,133/145,143/151,228/240,239/263,249/255,180/192,236/268,240/256,196/202,255/259
VALENCI TINTO,12865,Valencí Tinto,vivc_no,Alvarez-Arbesú et al. 2022,136/142,226/234,238/242,255/255,179/187,258/260,239/255,186/194,240/244,150/164,141/169,178/192,133/139,137/143,230/238,239/243,255/255,182/190,258/260,240/256,188/196,243/247
VERDEJO BLANCO,12949,Verdejo Blanco,vivc_no,Alvarez-Arbesú et al. 2022,150/156,224/236,238/256,249/249,181/187,234/258,239/251,184/192,248/248,158/172,141/151,170/170,133/145,151/157,228/240,239/257,249/249,184/190,234/258,240/252,186/194,251/251
VERDELHO BRANCO,22304,Verdelho Branco,vivc_no,Alvarez-Arbesú et al. 2022,132/150,220/230,238/256,241/249,179/187,234/246,255/271,192/194,244/248,158/164,161/165,170/188,133/145,133/151,224/234,239/257,241/249,182/190,234/246,256/272,194/196,247/251
VERDICCHIO BIANCO,12963,Verdicchio Bianco,name_fallback,Alvarez-Arbesú et al. 2022,132/154,226/238,238/246,241/241,177/183,236/258,251/255,194/194,246/254,164/166,165/165,170/198,135/139,133/155,230/242,239/247,241/241,180/186,236/258,252/256,196/196,249/257
VERDIL,12965,Verdil,vivc_no,Alvarez-Arbesú et al. 2022,132/144,226/232,238/238,239/241,177/192,236/258,261/271,184/186,246/256,176/178,165/169,178/188,133/139,133/145,230/236,239/239,239/241,180/195,236/258,262/272,186/188,249/259
VERDUZZO FRIULANO,12976,Verduzzo Friulano,vivc_no,Alvarez-Arbesú et al. 2022,132/150,224/234,238/262,239/255,179/189,236/246,239/255,186/192,248/256,164/178,159/169,178/188,139/141,133/151,228/238,239/263,239/255,182/192,236/246,240/256,188/194,251/259
VERMENTINO,12989,Vermentino,name_fallback,Alvarez-Arbesú et al. 2022,132/150,232/236,248/248,241/249,177/179,236/244,249/255,198/202,246/256,164/172,157/165,170/198,139/145,133/151,236/240,249/249,241/249,180/182,236/244,250/256,200/204,249/259
VERNACCIA DI ORISTANO,12997,Vernaccia di Oristano,name_fallback,Alvarez-Arbesú et al. 2022,132/154,230/244,248/262,241/249,179/192,234/236,251/255,192/198,248/256,150/168,159/165,178/198,135/145,133/155,234/248,249/263,241/249,182/195,234/236,252/256,194/200,251/259
VERNACCIA DI SAN GIMIGNANO,12998,Vernaccia di San Gimignano,name_fallback,Alvarez-Arbesú et al. 2022,134/142,224/224,238/248,241/241,181/187,244/258,249/271,186/188,236/242,150/166,141/141,170/198,139/145,135/143,228/228,239/249,241/241,184/190,244/258,250/272,188/190,239/245
VERONA,13002,Verona,name_fallback,Alvarez-Arbesú et al. 2022,134/136,236/236,242/248,249/255,177/177,236/248,239/271,184/202,252/252,150/158,141/165,188/192,133/139,135/137,240/240,243/249,249/255,180/180,236/248,240/272,186/204,255/255
VIDADILLO,13035,Vidadillo,name_fallback,Alvarez-Arbesú et al. 2022,136/150,236/238,232/238,255/255,179/192,248/260,239/261,202/202,244/254,138/164,143/165,192/192,133/139,137/151,240/242,233/239,255/255,182/195,248/260,240/262,204/204,247/257
VIJARIEGO BLANCO,13075,Vijariego Blanco,vivc_no,Alvarez-Arbesú et al. 2022,136/144,232/236,238/248,241/255,179/183,234/258,255/271,186/202,244/248,164/170,141/169,178/192,139/145,137/145,236/240,239/249,241/255,182/186,234/258,256/272,188/204,247/251
VINHÃO,13100,Vinhão,name_fallback,Alvarez-Arbesú et al. 2022,132/134,220/224,238/262,241/259,187/187,236/258,239/239,186/194,242/248,162/168,141/165,188/196,131/133,133/135,224/228,239/263,241/259,190/190,236/258,240/240,188/196,245/251
VIOSINHO,13109,Viosinho,vivc_no,Alvarez-Arbesú et al. 2022,132/150,230/230,238/242,241/249,183/187,236/246,255/271,184/186,240/242,168/172,137/161,170/188,139/145,133/151,234/234,239/243,241/249,186/190,236/246,256/272,186/188,243/245
VITAL,13122,Vital,vivc_no,Alvarez-Arbesú et al. 2022,144/150,220/238,238/238,241/255,179/192,248/248,251/255,186/186,244/250,176/178,165/169,178/192,133/145,145/151,224/242,239/239,241/255,182/195,248/248,252/256,188/188,247/253
VIURA,13127,Viura,vivc_no,Alvarez-Arbesú et al. 2022,132/144,232/234,238/238,239/241,187/192,236/258,249/255,186/186,240/254,172/176,165/169,178/188,133/139,133/145,236/238,239/239,239/241,190/195,236/258,250/256,188/188,243/257
VIVONA   378,13136,Vivona 378,vivc_no,Alvarez-Arbesú et al. 2022,134/148,226/234,246/250,249/255,177/192,226/244,239/271,194/202,246/252,158/178,141/143,196/198,133/139,135/149,230/238,247/251,249/255,180/195,226/244,240/272,196/204,249/255
VOLTA,13160,Volta,vivc_no,Alvarez-Arbesú et al. 2022,134/150,226/234,238/248,249/255,177/183,236/246,263/271,184/192,236/252,158/162,141/151,170/178,133/145,135/151,230/238,239/249,249/255,180/186,236/246,264/272,186/194,239/255
VRANAC,13179,Vranac,vivc_no,Alvarez-Arbesú et al. 2022,132/132,224/224,246/248,239/241,179/179,236/248,255/255,192/198,256/256,164/172,151/165,178/178,133/139,133/133,228/228,247/249,239/241,182/182,236/248,256/256,194/200,259/259
OKATAC,13184,Vugava,synonym,Alvarez-Arbesú et al. 2022,132/150,238/238,238/248,239/263,177/179,228/254,255/271,186/198,248/256,158/164,143/151,198/198,133/139,133/151,242/242,239/249,239/263,180/182,228/254,256/272,188/200,251/259
WELSCHRIESLING,13217,Welschriesling,vivc_no,Alvarez-Arbesú et al. 2022,134/150,224/236,246/256,255/269,183/187,246/258,239/271,192/194,248/248,150/168,151/161,170/170,139/139,135/151,228/240,247/257,255/269,186/190,246/258,240/272,194/196,251/251
WILDBACHER BLAU,13234,Wildbacher Blau,vivc_no,Alvarez-Arbesú et al. 2022,142/150,226/238,238/238,255/255,179/189,236/246,249/271,192/194,240/248,158/178,151/165,170/198,131/139,143/151,230/242,239/239,255/255,182/192,236/246,250/272,194/196,243/251
XARELLO,13270,Xarello,vivc_no,Alvarez-Arbesú et al. 2022,132/142,234/238,238/242,239/255,179/187,236/258,249/255,186/186,240/244,164/172,165/165,178/188,139/145,133/143,238/242,239/243,239/255,182/190,236/258,250/256,188/188,243/247
XYNISTERI,704,Xynisteri,vivc_no,Alvarez-Arbesú et al. 2022,132/142,226/226,238/246,239/239,185/192,236/236,251/271,190/198,248/254,138/158,141/169,192/192,139/147,133/143,230/230,239/247,239/239,188/195,236/236,252/272,192/200,251/257
XYNOMAVRO,13284,Xynomavro,vivc_no,Alvarez-Arbesú et al. 2022,132/132,230/232,248/248,239/241,177/179,228/244,249/251,192/202,234/248,138/150,165/165,170/198,133/139,133/133,234/236,249/249,239/241,180/182,228/244,250/252,194/204,237/251
ZALEMA,13375,Zalema,vivc_no,Alvarez-Arbesú et al. 2022,132/144,234/238,238/238,241/241,179/179,234/248,255/271,186/194,244/254,164/164,137/169,178/194,139/145,133/145,238/242,239/239,241/241,182/182,234/248,256/272,188/196,247/257
ZILAVKA,13446,Žilavka,vivc_no,Alvarez-Arbesú et al. 2022,132/152,224/236,238/238,239/241,177/192,248/254,251/263,186/186,246/246,150/164,165/165,188/194,133/139,133/153,228/240,239/239,239/241,180/195,248/254,252/264,188/188,249/249
