vivc_prime_name,n_sources,passport_candidate,in_marker_support,in_vivc_confirmed,in_constantini_2026,in_myles_2011,in_lacombe_2013,in_oliveira_2020,in_lac_emanuelli_2020,in_laucou_2018,in_liang_2019,in_grin_pedigree,in_grin_alignment,in_ssr_vivc,in_ssr_migliaro,in_ssr_lacombe,in_ssr_oliveira,in_node_profile,name_in_lacombe_2013,name_in_laucou_2018,name_in_lac_emanuelli_2020,name_in_grin_pedigree,name_in_grin_alignment,grin_accession_id
HARSLEVELU,6,HARSLEVELUE,False,True,False,False,True,False,True,True,True,False,False,False,False,True,False,False,,,,,,
TEMPRANILLO,6,TEMPRANILLO GRIS,True,True,False,False,False,True,True,True,False,False,False,False,False,False,True,False,,,,,,
ALFROCHEIRO PRETO,5,ALFROCHEIRO,False,True,False,False,True,False,True,True,False,False,False,False,False,True,False,False,,,,,,
CHASSELAS,5,CHASSELAS BABO,False,True,False,False,True,False,True,True,False,False,False,False,False,True,False,False,,,,,,
DIAGALVES,5,DIAGALVES FAUX,False,True,False,False,True,True,False,True,False,False,False,False,False,True,False,False,,,,,,
DIMIAT,5,,False,True,False,False,True,False,True,True,False,False,False,False,False,True,False,False,,,,,,
ELBLING,5,ELBLING ROT,False,True,False,False,True,False,True,True,False,False,False,False,False,True,False,False,,,,,,
HUMAGNE BLANC,5,HUMAGNE BLANCHE,False,True,False,False,True,False,True,True,False,False,False,False,False,True,False,False,,,,,,
KICHMICH TCHERNI,5,KARA KICHMICH OVROUT,False,True,False,False,True,False,True,True,False,False,False,False,False,True,False,False,,,,,,
MUSCAT D'ALEXANDRIE,5,MUSCAT ERLOG ALTARIA,False,True,False,False,True,True,False,True,False,False,False,False,False,True,False,False,,,,,,
POUGAYEN,5,,False,True,False,False,True,False,True,True,False,False,False,False,False,True,False,False,,,,,,
SULTANINE,5,SULTANINE MONOCOCCO,False,True,False,False,True,False,False,True,True,False,False,False,False,True,False,False,,,,,,
AETONYCHI MAVRO,4,KORYFISSIO MAVRO,False,False,False,False,True,False,True,True,False,False,False,False,False,True,False,False,,,,,,
ARINTO DO DÃO,4,ARINTO DO INTERIOR,False,False,False,False,True,False,True,True,False,False,False,False,False,True,False,False,,,,,,
ASSOUAD KARECH,4,ASMI ASSOUAD,False,True,False,False,False,False,True,True,False,False,False,False,False,True,False,False,,,,,,
CARINA (AUSTRALIE),4,CARINA,False,False,False,False,True,False,True,True,False,False,False,False,False,True,False,False,,,,,,
CASTELÃO = PERIQUITA,4,,False,False,False,False,True,False,True,True,False,False,False,False,False,True,False,False,,,,,,
CHAOUCH ROSE,4,CHAOUCH ROZOVYI,False,True,False,False,True,False,False,True,False,False,False,False,False,True,False,False,,,,,,
CORASON DE KABRITTE BLANC,4,CORASON DE KABRITTE,False,False,False,False,True,False,True,True,False,False,False,False,False,True,False,False,,,,,,
DORONA DI VENEZIA,4,DORONA VENEZIANA,False,True,False,False,True,False,True,False,False,False,False,False,False,True,False,False,,,,,,
GROS MANSENG,4,MANSENG GROS MEUNIER,False,True,False,False,True,False,False,True,False,False,False,False,False,True,False,False,,,,,,
KOZ OUZIOUM,4,,False,True,False,False,True,False,False,True,False,False,False,False,False,True,False,False,,,,,,
LIGNAN,4,,False,True,False,False,True,False,False,True,False,False,False,False,False,True,False,False,,,,,,
LOUREIRO,4,LOUREIRO BRAVO,False,False,False,False,True,False,True,True,False,False,False,False,False,True,False,False,,,,,,
MAUZAC,4,MAUZAC ROSE,False,True,False,False,True,False,False,True,False,False,False,False,False,True,False,False,,,,,,
MOLINERA GORDA,4,MOLINERA,False,True,False,False,True,False,False,True,False,False,False,False,False,True,False,False,,,,,,
MOURISCO TINTO = MARUFO,4,MOURISCO DE SEMENTE (NON IDENTIFIED),False,True,False,False,True,False,False,True,False,False,False,False,False,True,False,False,,,,,,
MUSCAT D'EISENSTADT,4,MUSCAT ERLOG ALTARIA,False,True,False,False,True,False,True,True,False,False,False,False,False,False,False,False,,,,,,
NEGRU MARE,4,NEGRU MARE DE GHIRODA,False,True,False,False,True,False,False,True,False,False,False,False,False,True,False,False,,,,,,
OPSIMO EDESSIS,4,OPSIMO TRAGANO,False,False,False,False,True,False,True,True,False,False,False,False,False,True,False,False,,,,,,
PORTUGAIS BLEU,4,OISEAU BLEU,False,False,False,False,True,False,True,True,False,False,False,False,False,True,False,False,,,,,,
POZSONYI FEHER,4,POZSONYI,False,True,False,False,True,False,False,True,False,False,False,False,False,True,False,False,,,,,,
ROSA MENNA DI VACCA,4,MENNA DI VACCA BIANCA,False,True,False,False,True,False,False,True,False,False,False,False,False,True,False,False,,,,,,
TRESSOT,4,TRESSOT NOIR,False,True,False,False,True,False,False,True,False,False,False,False,False,True,False,False,,,,,,
VERDECA = LAGORTHI,4,LAGORTHI,False,True,False,False,True,False,False,True,False,False,False,False,False,True,False,False,,,,,,
ABOUHOU = ASSERGHIN,3,ABOUHOU,False,True,False,False,True,False,False,False,False,False,False,False,False,True,False,False,,,,,,
AESTIVALIS,3,AESTIVALIS GF 23,False,True,False,False,False,True,False,False,True,False,False,False,False,False,False,False,,,,,,
ALPHONSE LAVALLÉE,3,ALPHONSE LAVALLEE,False,False,False,False,True,False,False,True,False,False,False,False,False,True,False,False,,,,,,
ANGELO LONGO = PIROVANO 101,3,ANGELO PIROVANO,False,True,False,False,True,False,False,False,False,False,False,False,False,True,False,False,,,,,,
ARAGATZI,3,,False,False,False,False,True,False,True,True,False,False,False,False,False,False,False,False,,,,,,
ASKÉRI,3,,False,False,False,False,True,False,False,True,False,False,False,False,False,True,False,False,,,,,,
ASSWAD ABOU KHISLÉ,3,ASSWAD ABOU GHABRA,False,False,False,False,True,False,False,True,False,False,False,False,False,True,False,False,,,,,,
ATTIKI,3,,False,False,False,False,True,False,False,True,False,False,False,False,False,True,False,False,,,,,,
AÏN EL BOUMA,3,AIN EL BOUMA,False,False,False,False,True,False,False,True,False,False,False,False,False,True,False,False,,,,,,
BALINT,3,BALINT WEISS,False,True,False,False,True,False,False,False,False,False,False,False,False,True,False,False,,,,,,
BALOUTI,3,BALOUTI X MUSCAT HAMBURG,False,True,False,False,True,False,False,False,False,False,False,False,False,True,False,False,,,,,,
BARLINKA FAUX (ALMERIA),3,BARLINKA FAUX,False,False,False,False,True,False,True,True,False,False,False,False,False,False,False,False,,,,,,
BASILIKUMTRAUBE,3,,False,False,False,False,True,False,False,True,False,False,False,False,False,True,False,False,,,,,,
BASTARDO MAGARATCHSKII,3,BASTARDO DE MUNEDO,False,False,False,False,True,False,True,True,False,False,False,False,False,False,False,False,,,,,,
BEREGI ROZSAS,3,BEREGI ROZSA,False,True,False,False,True,False,False,False,False,False,False,False,False,True,False,False,,,,,,
BLANC DE RHAFSAÏ,3,TEOULIER BLANC FEMELLE,False,False,False,False,True,False,False,True,False,False,False,False,False,True,False,False,,,,,,
BLANK BLAUER = VULPEA,3,BLANK WEISS,False,True,False,False,True,False,False,False,False,False,False,False,False,True,False,False,,,,,,
BOUQUETTRAUBE,3,,False,True,False,False,True,False,False,False,False,False,False,False,False,True,False,False,,,,,,
BOUTEILLAN NOIR = QUAGLIANO,3,ARBANE NOIR,False,False,False,False,True,True,False,False,False,False,False,False,False,True,False,False,,,,,,
CABERNET‐SAUVIGNON,3,,False,False,False,False,True,True,False,False,False,False,False,False,False,True,False,False,,,,,,
CAMARATE,3,CAMARATE TINTO,False,True,False,False,False,False,True,True,False,False,False,False,False,False,False,False,,,,,,
CARMENÈRE,3,,False,False,False,False,True,False,True,False,False,False,False,False,False,True,False,False,,,,,,
CLAIRETTE,3,CLAIRETTE ROSE,False,True,False,False,True,False,False,False,False,False,False,False,False,True,False,False,,,,,,
CORNET = BAUDE,3,CORNET NOIR,False,True,False,False,True,False,False,False,False,False,False,False,False,True,False,False,,,,,,
COURBU,3,COURBU NOIR,False,True,False,False,True,False,False,False,False,False,False,False,False,True,False,False,,,,,,
CÉSAR,3,,False,False,False,False,True,False,False,True,False,False,False,False,False,True,False,False,,,,,,
FURJMONY FEHER,3,LISZTES FEHER,False,True,False,False,True,False,False,False,False,False,False,False,False,True,False,False,,,,,,
GIBI = HEBÉN,3,,False,False,False,False,True,False,False,True,False,False,False,False,False,True,False,False,,,,,,
GOHER,3,GOHER PIROS,False,False,False,False,True,False,False,True,False,False,False,False,False,True,False,False,,,,,,
GORDIN = ALIMCHAK,3,GORDIN VERDE,False,True,False,False,True,False,False,False,False,False,False,False,False,True,False,False,,,,,,
GOUAIS BLANC = HEUNISCH WEISS,3,HEUNISCH WEISS SEEDLESS,False,True,False,False,True,True,False,False,False,False,False,False,False,False,False,False,,,,,,
GRAND NOIR DE LA CALMETTE,3,GRAND NOIR,False,False,False,False,True,False,False,True,False,False,False,False,False,True,False,False,,,,,,
GRENACHE = GARNACHA,3,GRENACHE NOIR A FLEURS FEMELLES,False,True,False,False,True,False,False,False,False,False,False,False,False,True,False,False,,,,,,
GROS VERT,3,GROS VERT NOIR,False,True,False,False,True,False,False,False,False,False,False,False,False,True,False,False,,,,,,
HOUSSEIN ROUGE,3,ALIGOTE ROUGE,False,False,False,False,True,False,False,True,False,False,False,False,False,True,False,False,,,,,,
HUBBARD,3,HUBBARD SEEDLESS,False,True,False,False,False,True,False,False,False,False,False,False,False,False,True,False,,,,,,
HUEVO DE GATO NEGRO,3,HUEVO DE GATO,False,True,False,False,True,False,False,False,False,False,False,False,False,True,False,False,,,,,,
ICOD DE LOS VINOS,3,,False,False,False,False,True,False,False,True,False,False,False,False,False,True,False,False,,,,,,
IRSAY OLIVER,3,IRSAI OLIVER,False,False,False,False,True,False,True,False,False,False,False,False,False,True,False,False,,,,,,
ITALIA = PIROVANO 65,3,ITALIA RUBI,False,True,False,False,True,False,False,False,False,False,False,False,False,True,False,False,,,,,,
KALECIK SIYAHI,3,KALECIK KARASI,False,True,False,False,True,False,False,False,False,False,False,False,False,True,False,False,,,,,,
KATTA-KOURGAN,3,,False,True,False,False,False,False,True,True,False,False,False,False,False,False,False,False,,,,,,
KEKHLIBAR,3,,False,True,False,False,True,False,False,False,False,False,False,False,False,True,False,False,,,,,,
KHOUSSAÏNÉ BLANC,3,TEOULIER BLANC FEMELLE,False,False,False,False,True,False,False,True,False,False,False,False,False,True,False,False,,,,,,
KIZIL YAKDONA,3,KIZIL BOZ,False,False,False,False,True,False,False,True,False,False,False,False,False,True,False,False,,,,,,
KOKOUR BELY,3,CROUSHEVSKI BELY,False,True,False,False,True,False,False,False,False,False,False,False,False,True,False,False,,,,,,
KOUTSOUMBELI ASPRO,3,KOUTSOUMBELI,False,True,False,False,True,False,False,False,False,False,False,False,False,True,False,False,,,,,,
KÖVIDINKA,3,,False,False,False,False,True,False,False,True,False,False,False,False,False,True,False,False,,,,,,
LADIKINO = PSAROSSYRIKO,3,LADIKINO,False,True,False,False,True,False,False,True,False,False,False,False,False,False,False,False,,,,,,
LIMBERGER = BLAUFRÄNKISCH,3,,False,True,False,False,True,False,False,False,False,False,False,False,False,True,False,False,,,,,,
LISTAN = PALOMINO FINO,3,PALOMINO FINO,False,True,False,False,True,False,False,False,False,False,False,False,False,True,False,False,,,,,,
MACABEU,3,,False,False,False,False,True,False,False,True,False,False,False,False,False,True,False,False,,,,,,
MALVASIA DI SARDEGNA,3,MALVASIA DI SARDEGNA ROSADA,False,True,False,False,False,False,True,True,False,False,False,False,False,False,False,False,,,,,,
MAYORQUIN = FARANA,3,,False,True,False,False,True,False,False,False,False,False,False,False,False,True,False,False,,,,,,
MISGULI KARA,3,BOSAR KARA,False,True,False,False,True,False,False,False,False,False,False,False,False,True,False,False,,,,,,
MOSCATEL DE HAMBURGO,3,MOSCATEL DE HAMBURGO BRANCO,False,True,False,False,False,True,False,False,False,False,False,False,False,False,True,False,,,,,,
MOSCATEL DE OEIRAS,3,MOSCATEL DE OEIRAS FAUX (COLLECTION BORDEAUX),False,False,False,False,True,True,False,False,False,False,False,False,False,False,True,False,,,,,,
MUSCAT DE HAMBOURG,3,MUSCAT ERLOG ALTARIA,False,True,False,False,True,False,False,False,False,False,False,False,False,True,False,False,,,,,,
MUSCAT VIRA,3,MUSCAT ERLOG ALTARIA,False,False,False,False,True,False,False,False,True,False,False,False,False,True,False,False,,,,,,
NEGRA MOLE = MOLLAR,3,NEGRA MOLE TREPADEIRA,False,True,False,False,True,False,False,False,False,False,False,False,False,True,False,False,,,,,,
NÉGRET CASTRAIS,3,NEGRET CASTRAIS,False,False,False,False,True,False,False,True,False,False,False,False,False,True,False,False,,,,,,
ORLOVI NOKTI,3,ORLOVI NOKTI BELI,False,False,False,False,True,False,False,True,False,False,False,False,False,True,False,False,,,,,,
PASCAL,3,PASCAL BLANC,False,True,False,False,True,False,False,False,False,False,False,False,False,True,False,False,,,,,,
PETIT COURBU,3,COURBU PETIT,False,True,False,False,True,False,False,False,False,False,False,False,False,True,False,False,,,,,,
PETIT MESLIER,3,MESLIER PETIT,False,True,False,False,True,False,False,False,False,False,False,False,False,True,False,False,,,,,,
POULSARD,3,POULSARD ROSE,False,True,False,False,True,False,False,False,False,False,False,False,False,True,False,False,,,,,,
PRIETO PICUDO,3,PRIETO PICUDO TINTO,False,False,False,False,True,False,False,True,False,False,False,False,False,True,False,False,,,,,,
RAZACHIE ROSIE,3,RAZACHIE ALBA,False,True,False,False,True,False,False,False,False,False,False,False,False,True,False,False,,,,,,
REINE DES VIGNES,3,A LA REINE,False,True,False,False,True,False,False,True,False,False,False,False,False,False,False,False,,,,,,
RHODITIS,3,,False,True,False,False,True,False,False,False,False,False,False,False,False,True,False,False,,,,,,
ROYAL,3,ROYALNY,False,True,False,False,True,False,False,False,False,False,False,False,False,True,False,False,,,,,,
SAINT-LAURENT,3,,False,True,False,False,False,False,True,True,False,False,False,False,False,False,False,False,,,,,,
SAUVIGNON,3,SAUVIGNON GRYN,False,True,False,False,True,False,False,False,False,False,False,False,False,True,False,False,,,,,,
SOROK LET OKTIABRIA,3,SOROK LYET OKTYABRYA,False,False,False,False,True,False,False,True,False,False,False,False,False,True,False,False,,,,,,
TASCHLY,3,,False,True,False,False,True,False,False,False,False,False,False,False,False,True,False,False,,,,,,
TERRET,3,TERRET NOIR,False,True,False,False,True,False,False,False,False,False,False,False,False,True,False,False,,,,,,
TINTA GROSSA D'ALENTEJO,3,GARNACHA TINTA,False,True,False,False,True,False,False,False,False,False,False,False,False,True,False,False,,,,,,
TOLSTOKORII,3,,False,True,False,False,True,False,False,False,False,False,False,False,False,True,False,False,,,,,,
TZIMLIANSKY BELYI,3,STOLOVYI BELYI 6,False,True,False,False,True,False,False,False,False,False,False,False,False,True,False,False,,,,,,
URBAN BLAU = SCHIAVA GENTILE,3,SCHIAVA GENTILE,False,False,False,False,True,True,False,False,False,False,False,False,False,True,False,False,,,,,,
VALENCI BLANCO = BEBA,3,VALENCI TINTO,False,True,False,False,True,False,False,False,False,False,False,False,False,True,False,False,,,,,,
VASSARGA TCHERNAIA,3,,False,True,False,False,True,False,False,False,False,False,False,False,False,True,False,False,,,,,,
VELTELINER ROUGE,3,ALIGOTE ROUGE,False,True,False,False,True,False,False,False,False,False,False,False,False,True,False,False,,,,,,
VERICO,3,,False,True,False,False,True,False,False,False,False,False,False,False,False,True,False,False,,,,,,
1202 COUDERC,2,COUDERC 1202,False,True,False,False,False,False,False,False,False,False,False,False,True,False,False,False,,,,,,
140 RUGGERI,2,RUGGERI 225,False,True,False,False,False,False,False,False,False,False,False,False,True,False,False,False,,,,,,
ADISSI,2,,False,False,False,False,True,False,False,False,False,False,False,False,False,True,False,False,,,,,,
AG ISIOUM,2,KARA ISIOUM,False,False,False,False,False,False,True,True,False,False,False,False,False,False,False,False,,,,,,
AK CHEKEREK,2,,False,True,False,False,False,False,False,False,False,False,False,False,False,True,False,False,,,,,,
ALARIJE = SUBIRAT PARENT,2,ALARIJE,False,False,False,False,True,False,False,False,False,False,False,False,False,True,False,False,,,,,,
ALCAÑON,2,,False,False,False,False,False,False,True,True,False,False,False,False,False,False,False,False,,,,,,
ALICANTE BOUSCHET,2,ALICANTE BOUSCHET 1,False,True,False,False,False,False,True,False,False,False,False,False,False,False,False,False,,,,,,
ALICANTE BRANCO TYPE 2,2,ALICANTE BOUSCHET A LONGUES GRAPPES,False,False,False,False,True,False,False,False,False,False,False,False,False,True,False,False,,,,,,
ALICANTÍ,2,,False,False,False,False,False,False,True,True,False,False,False,False,False,False,False,False,,,,,,
ALIGOTÉ,2,,False,False,False,False,True,False,False,False,False,False,False,False,False,True,False,False,,,,,,
AMARAL = CAIÑO LONGO,2,AMARAL BRANCO,False,False,False,False,True,False,False,False,False,False,False,False,False,True,False,False,,,,,,
ANCELLOTA,2,,False,False,False,False,True,False,False,False,False,False,False,False,False,True,False,False,,,,,,
ANGOOR KALAN,2,ANGUR KALAN,False,True,False,False,True,False,False,False,False,False,False,False,False,False,False,False,,,,,,
ANTÃO VAZ,2,,False,False,False,False,True,False,False,True,False,False,False,False,False,False,False,False,,,,,,
AROMATICA = PIROVANO 393,2,MALVASIA AROMATICA DI PARMA,False,False,False,False,True,False,False,False,False,False,False,False,False,True,False,False,,,,,,
ARPAD = EVÊQUE PROHASZKA,2,ARPAD,False,False,False,False,True,False,False,False,False,False,False,False,False,True,False,False,,,,,,
ASSOUAD ANOUNI,2,ASMI ASSOUAD,False,False,False,False,True,False,False,False,False,False,False,False,False,True,False,False,,,,,,
ASSYL KARA,2,BOSAR KARA,False,True,False,False,False,False,False,False,False,False,False,False,False,True,False,False,,,,,,
AUBIN,2,AUBIN VERT,False,False,False,False,True,False,False,False,False,False,False,False,False,True,False,False,,,,,,
AURORA BLANC = CG 91‐560,2,AURORA INTA,False,False,False,False,True,False,False,False,False,False,False,False,False,True,False,False,,,,,,
AZAL,2,AZAL DOCE,False,True,False,False,True,False,False,False,False,False,False,False,False,False,False,False,,,,,,
AÏDA = PIROVANO 233,2,PIROVANO 115,False,False,False,False,True,False,False,False,False,False,False,False,False,True,False,False,,,,,,
AÏT HAMAMA,2,AIT HAMAMA,False,False,False,False,True,False,False,False,False,False,False,False,False,True,False,False,,,,,,
BACCHUS BIDAULT,2,BACCHUS WEISS (4N),False,False,False,False,True,False,False,False,False,False,False,False,False,True,False,False,,,,,,
BACHET,2,BACHET NOIR,False,False,False,False,True,False,False,False,False,False,False,False,False,True,False,False,,,,,,
BAKATOR TÜDÖSZINÜ FAUX,2,BAKATOR TUEDOESZINUE FAUX,False,False,False,False,True,False,False,False,False,False,False,False,False,True,False,False,,,,,,
BALOUZME = MOUHAMADI,2,BALOUZME,False,False,False,False,True,False,False,False,False,False,False,False,False,True,False,False,,,,,,
BARCELLO,2,,False,False,False,False,True,False,False,False,False,False,False,False,False,True,False,False,,,,,,
BARESANA = KORITHI ASPRO,2,KORITHI ASPRO,False,False,False,False,True,False,False,False,False,False,False,False,False,True,False,False,,,,,,
BATTRAUBE,2,,False,False,False,False,False,False,True,True,False,False,False,False,False,False,False,False,,,,,,
BEAUSOLEIL = VIDAL 83 T,2,BEAUSOLEIL,False,False,False,False,True,False,False,False,False,False,False,False,False,True,False,False,,,,,,
BELLE DE CEGLED,2,BELLE PERLE,False,False,False,False,True,False,False,False,False,False,False,False,False,True,False,False,,,,,,
BENICARLO,2,,False,False,False,False,True,False,False,False,False,False,False,False,False,True,False,False,,,,,,
BEST'S M,2,,False,False,False,False,True,False,False,False,False,False,False,False,False,True,False,False,,,,,,
BEST'S R2 V73,2,,False,True,False,False,False,False,False,False,False,False,False,False,False,True,False,False,,,,,,
BIANERA,2,,False,False,False,False,True,False,False,False,False,False,False,False,False,True,False,False,,,,,,
BICZÖ EGON,2,BICZO EGON,False,False,False,False,True,False,False,False,False,False,False,False,False,True,False,False,,,,,,
BIDH HAMEN DE RAFRAF,2,BIDH EL H'MEM (RAF RAF),False,False,False,False,True,False,False,False,False,False,False,False,False,True,False,False,,,,,,
BIEN DONNÉ,2,BIEN DONNE,False,False,False,False,True,False,False,False,False,False,False,False,False,True,False,False,,,,,,
BLACK ROSE = H 3‐47,2,BLACK ROSE,False,False,False,False,True,False,False,False,False,False,False,False,False,True,False,False,,,,,,
BLANC D'IRAN (CHARIF),2,BLANC D'IRAN,False,False,False,False,True,False,False,False,False,False,False,False,False,True,False,False,,,,,,
BLANK BLAUER,2,BLANK WEISS,False,True,False,False,False,False,False,True,False,False,False,False,False,False,False,False,,,,,,
BOAL DE CALHARIZ,2,BOAL DE ALICANTE MOSCATEL,False,False,False,False,True,False,False,False,False,False,False,False,False,True,False,False,,,,,,
BORRAÇAL,2,,False,False,False,False,False,False,False,True,False,False,False,False,False,True,False,False,,,,,,
BOUAKI NOR,2,,False,False,False,False,True,False,False,False,False,False,False,False,False,True,False,False,,,,,,
BOUCHALÈS,2,,False,False,False,False,True,False,False,False,False,False,False,False,False,True,False,False,,,,,,
BOUQUET RIESLING,2,NEMADEX ALAIN BOUQUET,False,False,False,False,True,False,False,False,False,False,False,False,False,True,False,False,,,,,,
BOUQUET SYLVANER,2,NEMADEX ALAIN BOUQUET,False,False,False,False,True,False,False,False,False,False,False,False,False,True,False,False,,,,,,
BOURDIER 2‐04‐58,2,BOURDIER 2-04-58,False,False,False,False,True,False,False,False,False,False,False,False,False,True,False,False,,,,,,
BOUTEILLAN NOIR,2,ARBANE NOIR,False,True,False,False,False,True,False,False,False,False,False,False,False,False,False,False,,,,,,
BRAGHINA,2,BRAGHINA ALBA,False,False,False,False,False,False,True,True,False,False,False,False,False,False,False,False,,,,,,
BRAGHINA = DINKA VÖRÖS,2,BRAGHINA ALBA,False,False,False,False,True,False,False,False,False,False,False,False,False,True,False,False,,,,,,
BREIDER 5‐6,2,BREIDER 3-1,False,False,False,False,True,False,False,False,False,False,False,False,False,True,False,False,,,,,,
BRONNERSTRAUBE,2,,False,False,False,False,True,False,False,False,False,False,False,False,False,True,False,False,,,,,,
BURDIN  7419,2,BURDIN 7419,False,True,False,False,False,False,False,False,False,False,False,False,False,False,False,True,,,,,,
CABERNET‐MALBEC N°1,2,,False,False,False,False,True,False,False,False,False,False,False,False,False,True,False,False,,,,,,
CABERNET‐MALBEC N°2,2,,False,False,False,False,True,False,False,False,False,False,False,False,False,True,False,False,,,,,,
CABERNET‐MALBEC N°4,2,,False,False,False,False,True,False,False,False,False,False,False,False,False,True,False,False,,,,,,
CAINHO,2,CAINHO PRETO,False,False,False,False,False,False,True,True,False,False,False,False,False,False,False,False,,,,,,
CAINHO BRANCO,2,CAINHO PRETO,False,False,False,False,True,False,False,False,False,False,False,False,False,True,False,False,,,,,,
CALABRESE MONTENUOVO,2,CALABRESE DI MONTENUOVO,True,False,False,False,False,True,False,False,False,False,False,False,False,False,False,False,,,,,,
CALLET CAS CONCOS,2,CALLET CAS CONCOS BLANCO,False,True,False,False,True,False,False,False,False,False,False,False,False,False,False,False,,,,,,
CARDINAL = G 10‐30,2,FRUMOASA DE GHIOROC X CARDINAL,False,False,False,False,True,False,False,False,False,False,False,False,False,True,False,False,,,,,,
CASTEL   196- 17,2,CASTEL 196- 36,False,True,False,False,False,False,False,False,False,False,False,False,False,False,False,True,,,,,,
CASTEL   215-  1,2,CASTEL 215- 1,False,True,False,False,False,False,False,False,False,False,False,False,False,False,False,True,,,,,,
CASTEL   216-  3,2,CASTEL 216- 3,False,True,False,False,False,False,False,False,False,False,False,False,False,False,False,True,,,,,,
CASTEL   227-  1,2,CASTEL 227- 4,False,True,False,False,False,False,False,False,False,False,False,False,False,False,False,True,,,,,,
CASTEL   228-  1,2,CASTEL 228- 1,False,True,False,False,False,False,False,False,False,False,False,False,False,False,False,True,,,,,,
CASTEL 156-12,2,CASTEL 2812,False,True,False,False,False,True,False,False,False,False,False,False,False,False,False,False,,,,,,
CATALAN (MAGARATCH),2,,False,False,False,False,True,False,False,False,False,False,False,False,False,True,False,False,,,,,,
CG 87‐746,2,,False,False,False,False,True,False,False,False,False,False,False,False,False,True,False,False,,,,,,
CHASSELAS IMPÉRIAL OBERLIN,2,CHASSELAS OBERLIN,False,False,False,False,True,False,False,False,False,False,False,False,False,True,False,False,,,,,,
CHIRVAN CHAKHI,2,,False,False,False,False,True,False,False,False,False,False,False,False,False,True,False,False,,,,,,
CHIRVAN CHAKHI FAUX,2,ODJALECHI FAUX,False,True,False,False,True,False,False,False,False,False,False,False,False,False,False,False,,,,,,
CICLOPICA = PIROVANO 60,2,CICLOPICA,False,False,False,False,True,False,False,False,False,False,False,False,False,True,False,False,,,,,,
CIRCÉ,2,,False,False,False,False,True,False,False,False,False,False,False,False,False,True,False,False,,,,,,
CIVIT 2,2,,False,False,True,False,False,False,False,False,False,False,False,False,False,False,False,True,,,,,,
COLOMBAUD = BOUTEILLAN BLANC,2,COLOMBAUD,False,False,False,False,True,False,False,False,False,False,False,False,False,True,False,False,,,,,,
COLONEL ISIOUM,2,COLONEL FALLET,False,False,False,False,True,False,False,False,False,False,False,False,False,True,False,False,,,,,,
CONCA D'ORO = PAULSEN 152,2,CONCA D'ORO,False,False,False,False,True,False,False,False,False,False,False,False,False,True,False,False,,,,,,
CORINTHE NOIR,2,ARBANE NOIR,False,True,False,False,False,False,False,False,False,False,False,False,False,True,False,False,,,,,,
CORTEZA NERA,2,BOSSOLERA NERA,False,True,False,False,False,False,False,False,False,False,False,False,False,True,False,False,,,,,,
COSMO   4,2,COSMO 108,False,True,False,False,False,False,False,False,False,False,False,False,False,False,False,True,,,,,,
COSMO   7,2,COSMO 108,False,True,False,False,False,False,False,False,False,False,False,False,False,False,False,True,,,,,,
COT = MALBEC,2,CABERNET MALBEC 2,False,False,False,False,True,False,False,False,False,False,False,False,False,True,False,False,,,,,,
COT DE CHÉRAGAS,2,,False,False,False,False,True,False,False,False,False,False,False,False,False,True,False,False,,,,,,
COUDERC    93-  5,2,COUDERC 90- 38,False,True,False,False,False,False,False,False,False,False,False,False,False,False,False,True,,,,,,
COUDERC  1202,2,COUDERC 1202,False,True,False,False,False,False,False,False,False,False,False,False,False,False,False,True,,,,,,
COUDERC  1613,2,COUDERC 1613,False,True,False,False,False,False,False,False,False,False,False,False,False,False,False,True,,,,,,
COUDERC  3306,2,COUDERC 3306,False,True,False,False,False,False,False,False,False,False,False,False,False,False,False,True,,,,,,
COUDERC  3309,2,COUDERC 3309,False,True,False,False,False,False,False,False,False,False,False,False,False,False,False,True,,,,,,
COURTOISIE,2,,False,False,False,False,True,False,False,False,False,False,False,False,False,True,False,False,,,,,,
COUSTON,2,PLANT DE COUSTON,False,False,False,False,True,False,False,False,False,False,False,False,False,True,False,False,,,,,,
CRASSOSTAPHYLLO,2,,False,False,False,False,True,False,False,False,False,False,False,False,False,True,False,False,,,,,,
CRIOLLA CHICA,2,CRIOLLA GRANDE SANJUANINA,False,True,False,False,False,True,False,False,False,False,False,False,False,False,False,False,,,,,,
CVAÏ GOLD,2,GOLD FINGER,False,False,False,False,True,False,False,False,False,False,False,False,False,True,False,False,,,,,,
DAMAS BLANC PRÉCOCE,2,DAMAS BLANC PRECOCE,False,False,False,False,True,False,False,False,False,False,False,False,False,True,False,False,,,,,,
DAN‐BEN‐HANNAH = SC 26,2,,False,False,False,False,True,False,False,False,False,False,False,False,False,True,False,False,,,,,,
DAPHNI,2,DAPHNIA,False,False,False,False,True,False,False,False,False,False,False,False,False,True,False,False,,,,,,
DARANYI IGNAC,2,DARANYI IGNAC MUSKOTALY,False,False,False,False,True,False,False,False,False,False,False,False,False,True,False,False,,,,,,
DARKAIA NOIR,2,ARBANE NOIR,False,False,False,False,True,False,False,False,False,False,False,False,False,True,False,False,,,,,,
DATTIER DE BEYROUTH,2,DATTIER NOIR,False,True,False,False,False,False,False,True,False,False,False,False,False,False,False,False,,,,,,
DATTIER DE BEYROUTH = AFUZ ALI,2,DATTIER NOIR,False,True,False,False,True,False,False,False,False,False,False,False,False,False,False,False,,,,,,
DAVID = PIROVANO 109,2,DAVID,False,False,False,False,True,False,False,False,False,False,False,False,False,True,False,False,,,,,,
DECKROT = FB 119‐39,2,DECKROT,False,False,False,False,True,False,False,False,False,False,False,False,False,True,False,False,,,,,,
DIAMANT BLANC DE CRIMÉE,2,DIAMANT BLANC DE CRIMEE,False,False,False,False,True,False,False,False,False,False,False,False,False,True,False,False,,,,,,
DIMRIT,2,DIMRIT KARA,False,True,False,False,False,False,False,True,False,False,False,False,False,False,False,False,,,,,,
DIMRIT (COLLECTION PLEVEN),2,DIMRIT KARA,False,False,False,False,True,False,False,False,False,False,False,False,False,True,False,False,,,,,,
DJANDJAL KARA,2,BOSAR KARA,False,False,False,False,False,False,True,True,False,False,False,False,False,False,False,False,,,,,,
DJOURA OUSUM,2,AK ECHON OUSUM,False,False,False,False,True,False,False,False,False,False,False,False,False,True,False,False,,,,,,
DORNFELDER = WE S 341,2,DORNFELDER,False,False,False,False,True,False,False,False,False,False,False,False,False,True,False,False,,,,,,
EFREMOVSKY,2,,False,False,False,False,True,False,False,False,False,False,False,False,False,True,False,False,,,,,,
EHRENFELSER = GM 9‐93,2,EHRENFELSER,False,False,False,False,True,False,False,False,False,False,False,False,False,True,False,False,,,,,,
EKIGAÏNA,2,,False,False,False,False,True,False,False,False,False,False,False,False,False,True,False,False,,,,,,
ELBLING BLAUER (DEKKER),2,ELBLING ROT,False,False,False,False,True,False,False,False,False,False,False,False,False,True,False,False,,,,,,
EMILIA = DALMASSO VI‐3,2,EMILIA,False,False,False,False,True,False,False,False,False,False,False,False,False,True,False,False,,,,,,
EMPERATRIZ = CG 28‐467,2,EMPERATRIZ,False,False,False,False,True,False,False,False,False,False,False,False,False,True,False,False,,,,,,
EN KÖVIDINKAM,2,,False,False,False,False,True,False,False,False,False,False,False,False,False,True,False,False,,,,,,
ESPADEIRO BRANCO = BRANCO ESCOLA,2,BRANCO ESCOLA,False,True,False,False,True,False,False,False,False,False,False,False,False,False,False,False,,,,,,
EUGENIA (ALLEMAGNE),2,EUGENIA,False,False,False,False,True,False,False,False,False,False,False,False,False,True,False,False,,,,,,
EVEX 13-  5,2,EVEX 11- PP,False,True,False,False,False,False,False,False,False,False,False,False,False,False,False,True,,,,,,
F. LANTINI = PIROVANO 263,2,LANTINI,False,False,False,False,True,False,False,False,False,False,False,False,False,True,False,False,,,,,,
F26P41,2,,False,False,True,False,False,False,False,False,False,False,False,False,False,False,False,True,,,,,,
F26P50,2,,False,False,True,False,False,False,False,False,False,False,False,False,False,False,False,True,,,,,,
F42P74,2,,False,False,True,False,False,False,False,False,False,False,False,False,False,False,False,True,,,,,,
F45P137,2,,False,False,True,False,False,False,False,False,False,False,False,False,False,False,False,True,,,,,,
F49P35,2,,False,False,True,False,False,False,False,False,False,False,False,False,False,False,False,True,,,,,,
F4P38,2,,False,False,True,False,False,False,False,False,False,False,False,False,False,False,False,True,,,,,,
FERLONGO = H 34‐49‐69,2,FERLONGO,False,False,False,False,True,False,False,False,False,False,False,False,False,True,False,False,,,,,,
FERLÉ 50 = H 34‐49‐50,2,,False,False,False,False,True,False,False,False,False,False,False,False,False,True,False,False,,,,,,
FERLÉ DE MOCAMMEDES,2,,False,False,False,False,True,False,False,False,False,False,False,False,False,True,False,False,,,,,,
FERRAL (SPAIN) = UVALLON,2,ALFONSO LAVALLEE X FERRAL,False,False,False,False,False,False,True,True,False,False,False,False,False,False,False,False,,,,,,
FONTANARA = WÜ B 51‐4‐10,2,FONTANARA,False,False,False,False,True,False,False,False,False,False,False,False,False,True,False,False,,,,,,
FORMOSA = PIROVANO 245,2,FORMOSA,False,False,False,False,True,False,False,False,False,False,False,False,False,True,False,False,,,,,,
FORTANA,2,FORTANA CAB,False,True,False,False,False,False,True,False,False,False,False,False,False,False,False,False,,,,,,
FRANKENTHAL,2,FRANKENTHAL BLANC MUSQUE,False,True,False,False,False,False,False,True,False,False,False,False,False,False,False,False,,,,,,
FRANKENTHAL = SCHIAVA GROSSA,2,SCHIAVA GROSSA,False,True,False,False,True,False,False,False,False,False,False,False,False,False,False,False,,,,,,
FRANÇOIS IER,2,,False,False,False,False,True,False,False,False,False,False,False,False,False,True,False,False,,,,,,
FRESNO 1613-59,2,FRESNO B 70- 57,False,True,False,False,False,True,False,False,False,False,False,False,False,False,False,False,,,,,,
FROELICH X 4‐2,2,FROELICH V,False,False,False,False,True,False,False,False,False,False,False,False,False,True,False,False,,,,,,
FRUTTUOSA = PIROVANO 27,2,FRUTTUOSA,False,False,False,False,True,False,False,False,False,False,False,False,False,True,False,False,,,,,,
FRÜHGIPFLER I,2,,False,False,False,False,True,False,False,False,False,False,False,False,False,True,False,False,,,,,,
FRÜHMUSKAT OBERLIN,2,OBERLIN 651,False,False,False,False,True,False,False,False,False,False,False,False,False,True,False,False,,,,,,
FULGENS = PIROVANO 347,2,FULGENS,False,False,False,False,True,False,False,False,False,False,False,False,False,True,False,False,,,,,,
FÜRSTENTRAUBE,2,,False,False,False,False,True,False,False,False,False,False,False,False,False,True,False,False,,,,,,
G. MOLON = PIROVANO 102,2,GIROLAMO MOLON,False,False,False,False,True,False,False,False,False,False,False,False,False,True,False,False,,,,,,
GARGANEGA = GRECANICO,2,GARGANEGA MASCIO,False,False,False,False,True,False,False,False,False,False,False,False,False,True,False,False,,,,,,
GARGOLLASA,2,,False,False,False,False,True,False,False,False,False,False,False,False,False,True,False,False,,,,,,
GARRO = MANDO,2,GARRO,False,False,False,False,True,False,False,False,False,False,False,False,False,True,False,False,,,,,,
GENOTYPE 16,2,RECONSTRUCTED GENOTYPE 51 (GEORGIA),False,True,False,False,False,False,False,False,False,False,False,False,True,False,False,False,,,,,,
GEWURZTRAMINER,2,,True,False,False,False,False,False,False,False,False,False,False,False,False,False,True,False,,,,,,
GIA F12P140,2,,False,False,True,False,False,False,False,False,False,False,False,False,False,False,False,True,,,,,,
GIA F12P194,2,,False,False,True,False,False,False,False,False,False,False,False,False,False,False,False,True,,,,,,
GILDÉ,2,,False,False,False,False,True,False,False,False,False,False,False,False,False,True,False,False,,,,,,
GIR F1P54,2,,False,False,True,False,False,False,False,False,False,False,False,False,False,False,False,True,,,,,,
GIR F2P83,2,,False,False,True,False,False,False,False,False,False,False,False,False,False,False,False,True,,,,,,
GIR F2P97,2,,False,False,True,False,False,False,False,False,False,False,False,False,False,False,False,True,,,,,,
GLACIÈRE,2,,False,False,False,False,True,False,False,False,False,False,False,False,False,True,False,False,,,,,,
GOLDEN AMBRO,2,MUSCAT GOLDEN QUEEN,False,False,False,False,True,False,False,False,False,False,False,False,False,True,False,False,,,,,,
GOLDEN HAMBOURG,2,MUSCAT GOLDEN QUEEN,False,False,False,False,True,False,False,False,False,False,False,False,False,True,False,False,,,,,,
GRANOIR,2,,False,False,False,False,True,False,False,False,False,False,False,False,False,True,False,False,,,,,,
GROS BOURGOGNE,2,BOURGOGNE GROS,False,False,False,False,False,False,True,True,False,False,False,False,False,False,False,False,,,,,,
GROS MANSENG DE LUCQ,2,MANSENG GROS DE LUCQ,False,False,False,False,True,False,False,False,False,False,False,False,False,True,False,False,,,,,,
GROS PÉJAC,2,GROS COLMAN BLANC,False,False,False,False,True,False,False,False,False,False,False,False,False,True,False,False,,,,,,
GROSSE JACQUÈRE,2,JACQUERE GROSSE,False,False,False,False,True,False,False,False,False,False,False,False,False,True,False,False,,,,,,
GROSSE ROUSSETTE,2,ROUSSETTE GROSSE,False,False,False,False,True,False,False,False,False,False,False,False,False,True,False,False,,,,,,
GYÖNGY SZÖLÖ,2,,False,False,False,False,True,False,False,False,False,False,False,False,False,True,False,False,,,,,,
HEGEDÜS SANDOR,2,PETOEFI SANDOR,False,False,False,False,True,False,False,False,False,False,False,False,False,True,False,False,,,,,,
IGNEA = PIROVANO 185,2,IGNEA,False,False,False,False,True,False,False,False,False,False,False,False,False,True,False,False,,,,,,
IMPERO = PIROVANO 264,2,IMPERO,False,False,False,False,True,False,False,False,False,False,False,False,False,True,False,False,,,,,,
INF F12P102,2,,False,False,True,False,False,False,False,False,False,False,False,False,False,False,False,True,,,,,,
INF F12P103,2,,False,False,True,False,False,False,False,False,False,False,False,False,False,False,False,True,,,,,,
INF F12P108,2,,False,False,True,False,False,False,False,False,False,False,False,False,False,False,False,True,,,,,,
INF F12P115,2,,False,False,True,False,False,False,False,False,False,False,False,False,False,False,False,True,,,,,,
INF F12P128,2,,False,False,True,False,False,False,False,False,False,False,False,False,False,False,False,True,,,,,,
INF F12P49,2,,False,False,True,False,False,False,False,False,False,False,False,False,False,False,False,True,,,,,,
INF F12P55,2,,False,False,True,False,False,False,False,False,False,False,False,False,False,False,False,True,,,,,,
INF F12P74,2,,False,False,True,False,False,False,False,False,False,False,False,False,False,False,False,True,,,,,,
INF F12P78,2,,False,False,True,False,False,False,False,False,False,False,False,False,False,False,False,True,,,,,,
INF F12P87,2,,False,False,True,False,False,False,False,False,False,False,False,False,False,False,False,True,,,,,,
INF F13P152,2,,False,False,True,False,False,False,False,False,False,False,False,False,False,False,False,True,,,,,,
INF F14P33,2,,False,False,True,False,False,False,False,False,False,False,False,False,False,False,False,True,,,,,,
INSTITUTIS GRDZELMTEVANA,2,GRDZELMTEVANA INSTITUTIS,False,True,False,False,False,False,False,True,False,False,False,False,False,False,False,False,,,,,,
IV 1-1-768,2,,False,False,True,False,False,False,False,False,False,False,False,False,False,False,False,True,,,,,,
IV 54/2,2,,False,False,True,False,False,False,False,False,False,False,False,False,False,False,False,True,,,,,,
IV 8/1,2,,False,False,True,False,False,False,False,False,False,False,False,False,False,False,False,True,,,,,,
JAEN NEGRO,2,JAEN VERDAL,False,False,False,False,True,False,False,False,False,False,False,False,False,True,False,False,,,,,,
JAVOR GROSS,2,JAVOR GROSS WEISS,False,False,False,False,True,False,False,False,False,False,False,False,False,True,False,False,,,,,,
JEAN BERNATH,2,PINOT DE SAINT JEAN,False,False,False,False,True,False,False,False,False,False,False,False,False,True,False,False,,,,,,
JOÃO DOMINGOS,2,JOAO DOMINGOS,False,False,False,False,True,False,False,False,False,False,False,False,False,True,False,False,,,,,,
JURANÇON BLANC,2,TEOULIER BLANC FEMELLE,False,False,False,False,True,False,False,False,False,False,False,False,False,True,False,False,,,,,,
JURANÇON NOIR,2,ARBANE NOIR,False,False,False,False,True,False,False,False,False,False,False,False,False,True,False,False,,,,,,
KANZLER = ALZEY 3983,2,KANZLER,False,False,False,False,True,False,False,False,False,False,False,False,False,True,False,False,,,,,,
KARMRAIUTE,2,,False,False,False,False,True,False,False,False,False,False,False,False,False,True,False,False,,,,,,
KAUKA BLAU,2,KAUKA,False,True,False,False,True,False,False,False,False,False,False,False,False,False,False,False,,,,,,
KERNER = WE S 25‐30,2,KERNER (4N),False,False,False,False,True,False,False,False,False,False,False,False,False,True,False,False,,,,,,
KIBRAÏSKI,2,,False,False,False,False,True,False,False,False,False,False,False,False,False,True,False,False,,,,,,
KICHMICH CHICHRAOU,2,KARA KICHMICH OVROUT,False,False,False,False,True,False,False,False,False,False,False,False,False,True,False,False,,,,,,
KICHMICH ROND,2,KARA KICHMICH OVROUT,False,True,False,False,False,False,False,False,False,False,False,False,False,True,False,False,,,,,,
KLEINRAUSCHLING,2,,False,False,False,False,True,False,False,False,False,False,False,False,False,True,False,False,,,,,,
KNIPPERLÉ,2,,False,False,False,False,True,False,False,False,False,False,False,False,False,True,False,False,,,,,,
KNIPPERLÉ PRÉCOCE FAUX,2,ODJALECHI FAUX,False,False,False,False,True,False,False,False,False,False,False,False,False,True,False,False,,,,,,
KNIPPERLÉ TARDIF FAUX,2,KNIPPERLE TARDIF FAUX,False,False,False,False,True,False,False,False,False,False,False,False,False,True,False,False,,,,,,
KOBER 5BB,2,KOBER 127,False,False,False,False,False,False,False,False,False,False,False,False,True,False,True,False,,,,,,
KOPTCHAK,2,,False,False,False,False,True,False,False,False,False,False,False,False,False,True,False,False,,,,,,
KORINTHIAKI,2,KORINTHIAKI MAVRO,False,True,False,False,False,False,True,False,False,False,False,False,False,False,False,False,,,,,,
KOURTSEITE AGANIN ISIOUM,2,KARA ISIOUM,False,False,False,False,True,False,False,False,False,False,False,False,False,True,False,False,,,,,,
KOZMA 01-1-296,2,KOZMA 99- 1- 48,False,False,True,False,False,False,False,False,False,False,False,False,False,False,False,True,,,,,,
KOZMA 01-1-482,2,KOZMA 99- 1- 48,False,False,True,False,False,False,False,False,False,False,False,False,False,False,False,True,,,,,,
KOZMA 01-1-9,2,KOZMA 99- 1- 48,False,False,True,False,False,False,False,False,False,False,False,False,False,False,False,True,,,,,,
KOZMA 01-1-93,2,KOZMA 99- 1- 48,False,False,True,False,False,False,False,False,False,False,False,False,False,False,False,True,,,,,,
KÉK KADARKA,2,OLASZ KADARKA,False,False,False,False,True,False,False,False,False,False,False,False,False,True,False,False,,,,,,
KÉKMEDOC,2,,False,False,False,False,True,False,False,False,False,False,False,False,False,True,False,False,,,,,,
KÖNIGSTRAUBE FAUX,2,ODJALECHI FAUX,False,False,False,False,True,False,False,False,False,False,False,False,False,True,False,False,,,,,,
KÖVER SZÖLÖ FAUX,2,ODJALECHI FAUX,False,False,False,False,True,False,False,False,False,False,False,False,False,True,False,False,,,,,,
L'ENFANT TROUVÉ,2,,False,False,False,False,True,False,False,False,False,False,False,False,False,True,False,False,,,,,,
LAGAUZÈRE C,2,,False,False,False,False,True,False,False,False,False,False,False,False,False,True,False,False,,,,,,
LATINA = PIROVANO 711,2,LATINA,False,False,False,False,True,False,False,False,False,False,False,False,False,True,False,False,,,,,,
LINNÉ,2,,False,False,False,False,True,False,False,False,False,False,False,False,False,True,False,False,,,,,,
LITTORIO = PIROVANO 90,2,LITTORIO,False,False,False,False,True,False,False,False,False,False,False,False,False,True,False,False,,,,,,
LOMBARDIA = PIROVANO 353,2,LOMBARDIA,False,False,False,False,True,False,False,False,False,False,False,False,False,True,False,False,,,,,,
MADELEINE CÉLINE,2,MADELEINE SAEMLING 18,False,False,False,False,True,False,False,False,False,False,False,False,False,True,False,False,,,,,,
MADELEINE SALOMON = AGOSTENGA BLANC,2,,False,True,False,False,False,False,False,True,False,False,False,False,False,False,False,False,,,,,,
MADELEINE SÄMLING 18,2,MADELEINE SAEMLING 18,False,False,False,False,True,False,False,False,False,False,False,False,False,True,False,False,,,,,,
MAGLIOCCO,2,MAGLIOCCO TURI,False,False,False,False,True,False,False,False,False,False,False,False,False,True,False,False,,,,,,
MAI 10 = PLOVDIV II‐6‐30,2,PLOVDIV 28-3,False,False,False,False,True,False,False,False,False,False,False,False,False,True,False,False,,,,,,
MAI 3 = PLOVDIV II‐6‐16,2,PLOVDIV 28-3,False,False,False,False,True,False,False,False,False,False,False,False,False,True,False,False,,,,,,
MALAGA II (DUMAS),2,MONTUO DE MALAGA,False,False,False,False,True,False,False,False,False,False,False,False,False,True,False,False,,,,,,
MALPÉ,2,,False,False,False,False,True,False,False,False,False,False,False,False,False,True,False,False,,,,,,
MALVASIA DE COLARES,2,MALVASIA NOSTRANA,False,False,False,False,True,False,False,False,False,False,False,False,False,True,False,False,,,,,,
MALVINA,2,,False,False,False,False,True,False,False,False,False,False,False,False,False,True,False,False,,,,,,
MANDRÈGUE,2,,False,False,False,False,True,False,False,False,False,False,False,False,False,True,False,False,,,,,,
MANTÚO DE PILAS,2,,False,False,False,False,False,False,True,True,False,False,False,False,False,False,False,False,,,,,,
MANZONI 2‐15,2,MANZONI 2- 3,False,False,False,False,True,False,False,False,False,False,False,False,False,True,False,False,,,,,,
MANZONI 3‐26,2,MANZONI 2- 3,False,False,False,False,True,False,False,False,False,False,False,False,False,True,False,False,,,,,,
MARÉCHAL BOSQUET,2,MARECHAL BOSQUET,False,False,False,False,True,False,False,False,False,False,False,False,False,True,False,False,,,,,,
MAYORQUIN,2,,False,True,False,False,False,False,False,True,False,False,False,False,False,False,False,False,,,,,,
MESLIER SAINT‐FRANÇOIS,2,MESLIER PETIT,False,False,False,False,True,False,False,False,False,False,False,False,False,True,False,False,,,,,,
MICHELE PALIERI = PALIERI 5,2,MICHELE PALIERI,False,False,False,False,True,False,False,False,False,False,False,False,False,True,False,False,,,,,,
MIGUEL DE ARCO (SPAIN),2,MIGUEL DE ARCO,False,False,False,False,False,False,True,True,False,False,False,False,False,False,False,False,,,,,,
MILLARDET ET GRASSET  143 B,2,MILLARDET ET GRASSET 434,False,True,False,False,False,False,False,False,False,False,False,False,False,False,False,True,,,,,,
MILLARDET ET GRASSET  202-  4,2,MILLARDET ET GRASSET 202- 5,False,True,False,False,False,False,False,False,False,False,False,False,False,False,False,True,,,,,,
MIRNI,2,,False,False,False,False,True,False,False,False,False,False,False,False,False,True,False,False,,,,,,
MISHUNG = KAKOURDESS BIELY,2,,False,False,False,False,True,False,False,False,False,False,False,False,False,True,False,False,,,,,,
MISKET TRAKIJSHI,2,MISKET PEMBE,False,False,False,False,True,False,False,False,False,False,False,False,False,True,False,False,,,,,,
MISSION = PAIS,2,MISSION MALE,False,False,False,False,True,False,False,False,False,False,False,False,False,True,False,False,,,,,,
MONASTRELL = MOURVÈDRE,2,MONASTRELL,False,True,False,False,False,False,False,True,False,False,False,False,False,False,False,False,,,,,,
MORRASTEL = GRACIANO,2,BOUSCHET PETIT X MORRASTEL 7,False,True,False,False,True,False,False,False,False,False,False,False,False,False,False,False,,,,,,
MOSCATEL DE ANGÜÉS,2,MOSCATEL ROSA,False,False,False,False,False,False,True,True,False,False,False,False,False,False,False,False,,,,,,
MOSCATEL DE SAN ILDEFONSO,2,MOSCATEL DE SANTO ILDEFONSO,False,False,False,False,True,False,False,False,False,False,False,False,False,True,False,False,,,,,,
MOSCATEL DR SOARES FRANCO,2,MOSCATEL SOARES FRANCO,False,False,False,False,True,False,False,False,False,False,False,False,False,True,False,False,,,,,,
MOSCATO D'AMBURGO,2,MOSCATO EMBRAPA,False,True,False,False,False,False,True,False,False,False,False,False,False,False,False,False,,,,,,
MOSCATO VIOLETTO,2,MOSCATO EMBRAPA,False,True,False,False,True,False,False,False,False,False,False,False,False,False,False,False,,,,,,
MOSTOSA = EMPIBOTTE BIANCO,2,MOSTOSA,False,True,False,False,True,False,False,False,False,False,False,False,False,False,False,False,,,,,,
MOUCHKETNY,2,MOUCHKETNY FAUX,False,False,False,False,True,False,False,False,False,False,False,False,False,True,False,False,,,,,,
MOURTÈS,2,,False,False,False,False,True,False,False,False,False,False,False,False,False,True,False,False,,,,,,
MOURVÈDRE = MONASTRELL,2,MONASTRELL,False,False,False,False,True,False,False,False,False,False,False,False,False,True,False,False,,,,,,
MURESCU = ESCURSACH,2,,False,False,False,False,True,False,False,True,False,False,False,False,False,False,False,False,,,,,,
MUSCAT BIFÈRE,2,MUSCAT ERLOG ALTARIA,False,False,False,False,True,False,False,False,False,False,False,False,False,True,False,False,,,,,,
MUSCAT BLANC A PETITS GRAINS,2,MUSCAT A PETITS GRAINS BLANCS SEEDLESS,True,True,False,False,False,False,False,False,False,False,False,False,False,False,False,False,,,,,,
MUSCAT CENDRÉ,2,MUSCAT ERLOG ALTARIA,False,False,False,False,True,False,False,False,False,False,False,False,False,True,False,False,,,,,,
MUSCAT D'ISTAMBOUL,2,MUSCAT ERLOG ALTARIA,False,False,False,False,True,False,False,True,False,False,False,False,False,False,False,False,,,,,,
MUSCAT D'OUZBEKISTAN,2,MUSCAT ERLOG ALTARIA,False,False,False,False,True,False,False,False,False,False,False,False,False,True,False,False,,,,,,
MUSCAT OBERLIN,2,MUSCAT ERLOG ALTARIA,False,False,False,False,True,False,False,False,False,False,False,False,False,True,False,False,,,,,,
MUSCAT PINCE'S BLACK,2,BLACK MUSCAT,False,False,False,False,True,False,False,False,False,False,False,False,False,True,False,False,,,,,,
MUSCAT SAINT‐LAURENT,2,MUSCAT ERLOG ALTARIA,False,False,False,False,True,False,False,False,False,False,False,False,False,True,False,False,,,,,,
MUSCAT SUSANNA,2,MUSCAT ERLOG ALTARIA,False,False,False,False,True,False,False,False,False,False,False,False,False,True,False,False,,,,,,
MUSCAT À PETITS GRAINS,2,MUSCAT A PETITS GRAINS BLANCS SEEDLESS,False,False,False,False,True,False,False,False,False,False,False,False,False,True,False,False,,,,,,
MUSKAT BLUME,2,LEIPZIG MUSKAT,False,False,False,False,True,False,False,False,False,False,False,False,False,True,False,False,,,,,,
MUSKAT BOUQUET,2,LEIPZIG MUSKAT,False,False,False,False,True,False,False,False,False,False,False,False,False,True,False,False,,,,,,
MÉTIS CLERC,2,CLERC,False,False,False,False,True,False,False,False,False,False,False,False,False,True,False,False,,,,,,
MÜLLER‐THURGAU,2,,False,False,False,False,True,False,False,False,False,False,False,False,False,True,False,False,,,,,,
NAOSÉ,2,,False,False,False,False,False,False,False,True,False,False,False,False,False,True,False,False,,,,,,
NAVE = TOTOSI,2,NAVE,False,False,False,False,False,False,True,True,False,False,False,False,False,False,False,False,,,,,,
NEDELCSEV MAGVATLANA,2,NEDELTCHEFF MAGVATLANA,False,False,False,False,True,False,False,False,False,False,False,False,False,True,False,False,,,,,,
NEGRA MOLE,2,NEGRA MOLE BRANCA,False,True,False,False,False,False,False,True,False,False,False,False,False,False,False,False,,,,,,
NIAGARA BRANCA,2,NIAGARA BRANCA OVAL,False,True,False,False,False,False,False,False,False,False,False,False,False,False,True,False,,,,,,
NOBLING = 128‐40 FRIBOURG,2,NOBLING,False,False,False,False,True,False,False,False,False,False,False,False,False,True,False,False,,,,,,
NOIR DE CRIMÉE FAUX,2,PASKAL NOIR FAUX,False,False,False,False,True,False,False,False,False,False,False,False,False,True,False,False,,,,,,
NOIR HÂTIF DE MARSEILLE,2,NOIR HATIF DE MARSEILLE,False,False,False,False,True,False,False,False,False,False,False,False,False,True,False,False,,,,,,
NÉGRAL,2,,False,False,False,False,True,False,False,False,False,False,False,False,False,True,False,False,,,,,,
NÉGRET DE BANHARS,2,NEGRET DE BANHARS,False,False,False,False,True,False,False,False,False,False,False,False,False,True,False,False,,,,,,
NÉGRET DU TARN,2,NEGRET DU TARN,False,False,False,False,True,False,False,False,False,False,False,False,False,True,False,False,,,,,,
ODJOU BATAK,2,ODJU BATAK,False,False,False,False,True,False,False,False,False,False,False,False,False,True,False,False,,,,,,
OKTIABRSKY,2,,False,False,False,False,True,False,False,False,False,False,False,False,False,True,False,False,,,,,,
PADEIRO DE BASTO,2,PADEIRO DE ST. TIRSO,False,False,False,False,True,False,False,False,False,False,False,False,False,True,False,False,,,,,,
PALESTINA OBERLIN I,2,PALESTINA I,False,False,False,False,True,False,False,True,False,False,False,False,False,False,False,False,,,,,,
PANSE PRÉCOCE,2,PANSE VALENCIANO,False,False,False,False,True,False,False,True,False,False,False,False,False,False,False,False,,,,,,
PARDINA = JAEN BLANCO,2,PARDINA,False,True,False,False,True,False,False,False,False,False,False,False,False,False,False,False,,,,,,
PARENT 1 IS MOST LIKELY EXTINCT,2,,False,True,False,False,False,True,False,False,False,False,False,False,False,False,False,False,,,,,,
PARENT 1 WAS NOT CONFIRMED,2,,False,True,False,False,False,True,False,False,False,False,False,False,False,False,False,False,,,,,,
PARENT 2 WAS NOT CONFIRMED,2,,False,True,False,False,False,True,False,False,False,False,False,False,False,False,False,False,,,,,,
PASIGA = CG 26‐858,2,PASIGA,False,False,False,False,True,False,False,False,False,False,False,False,False,True,False,False,,,,,,
PATAGONIA = EX 15,2,PATAGONIA,False,False,False,False,True,False,False,False,False,False,False,False,False,True,False,False,,,,,,
PAULSEN   764,2,PAULSEN 781,False,True,False,False,False,False,False,False,False,False,False,False,False,False,False,True,,,,,,
PAULSEN   775,2,PAULSEN 781,False,True,False,False,False,False,False,False,False,False,False,False,False,False,False,True,,,,,,
PAULSEN   779,2,PAULSEN 781,False,True,False,False,False,False,False,False,False,False,False,False,False,False,False,True,,,,,,
PAULSEN   782,2,PAULSEN 781,False,True,False,False,False,False,False,False,False,False,False,False,False,False,False,True,,,,,,
PAULSEN  1045,2,PAULSEN 1045,False,True,False,False,False,False,False,False,False,False,False,False,False,False,False,True,,,,,,
PAULSEN  1103,2,PAULSEN 1103 (NON IDENTIFIED),False,True,False,False,False,False,False,False,False,False,False,False,False,False,False,True,,,,,,
PAULSEN  1331,2,PAULSEN 1331,False,True,False,False,False,False,False,False,False,False,False,False,False,False,False,True,,,,,,
PAULSEN  1447,2,PAULSEN 1447,False,True,False,False,False,False,False,False,False,False,False,False,False,False,False,True,,,,,,
PEDRO GIMENEZ FAUX,2,PEDRO GIMENEZ 1,False,False,False,False,True,False,False,False,False,False,False,False,False,True,False,False,,,,,,
PEHLIVAN KARA = PAPIGI KARA,2,PEHLIVAN KARA,False,True,False,False,False,False,False,False,False,False,False,False,False,True,False,False,,,,,,
PERGRANDIS = PIROVANO 388,2,PERGRANDIS,False,False,False,False,True,False,False,False,False,False,False,False,False,True,False,False,,,,,,
PERLE = SCHEU 3951,2,BELLE PERLE,False,False,False,False,True,False,False,False,False,False,False,False,False,True,False,False,,,,,,
PERLON = CG 89‐878,2,PERLON,False,False,False,False,True,False,False,False,False,False,False,False,False,True,False,False,,,,,,
PERLONA = PIROVANO 54,2,PERLONA,False,False,False,False,True,False,False,False,False,False,False,False,False,True,False,False,,,,,,
PERVENETZ PRASKOVEÏSKY,2,,False,False,False,False,True,False,False,False,False,False,False,False,False,True,False,False,,,,,,
PINELLA BIANCA,2,PINELLA,False,False,False,False,True,False,False,False,False,False,False,False,False,True,False,False,,,,,,
PINOT SALOMON DE SEMIS,2,PINOT SALOMON,False,False,False,False,True,False,False,False,False,False,False,False,False,True,False,False,,,,,,
PIQUEPOUL,2,PIQUEPOUL GRIS,False,True,False,False,True,False,False,False,False,False,False,False,False,False,False,False,,,,,,
PLANT DE BANDOL (TERRIN),2,PLANT DE BANDOL,False,False,False,False,True,False,False,False,False,False,False,False,False,True,False,False,,,,,,
PLANT DE PONTEILLA (JAUBERT),2,PLANT DE PONTEILLA,False,False,False,False,False,False,True,True,False,False,False,False,False,False,False,False,,,,,,
PLANT DE SÉCHEX,2,PLANT D'IMPERS,False,False,False,False,True,False,False,False,False,False,False,False,False,True,False,False,,,,,,
PLANT PANACHÉ D'ALZEY,2,PLANT D'IMPERS,False,False,False,False,True,False,False,False,False,False,False,False,False,True,False,False,,,,,,
PLAVAÏ,2,,False,False,False,False,True,False,False,False,False,False,False,False,False,True,False,False,,,,,,
PLAVINA,2,PLAVINA CRNA,False,True,False,False,False,False,True,False,False,False,False,False,False,False,False,False,,,,,,
PLETCHISTIK,2,,False,True,False,False,True,False,False,False,False,False,False,False,False,False,False,False,,,,,,
PRETO MARTINHO DO DOURO,2,PRETO MARTINHO,False,False,False,False,True,False,False,False,False,False,False,False,False,True,False,False,,,,,,
PRIMIERA = PIROVANO 309,2,PRIMIERA,False,False,False,False,True,False,False,False,False,False,False,False,False,True,False,False,,,,,,
PRIMITIVO = ZINFANDEL,2,PRIMITIVO,False,False,False,False,True,False,False,False,False,False,False,False,False,True,False,False,,,,,,
PRINCEPS = PIROVANO 357,2,PRINCEPS,False,False,False,False,True,False,False,False,False,False,False,False,False,True,False,False,,,,,,
PRODIGIOSA = PIROVANO 59,2,PRODIGIOSA,False,False,False,False,True,False,False,False,False,False,False,False,False,True,False,False,,,,,,
PROSECCO,2,,False,True,False,False,False,False,False,False,False,False,False,False,False,False,True,False,,,,,,
PRÉCOCE DE MALINGRE,2,MALINGRE PRECOCE,False,False,False,False,True,False,False,False,False,False,False,False,False,True,False,False,,,,,,
PRÉSIDENT CARNOT,2,PRESIDENT CARNOT,False,False,False,False,True,False,False,False,False,False,False,False,False,True,False,False,,,,,,
PÉCSI SZAGOS,2,SZAGOS BAJNAR,False,False,False,False,True,False,False,False,False,False,False,False,False,True,False,False,,,,,,
PÉRIDAC,2,,False,False,False,False,True,False,False,False,False,False,False,False,False,True,False,False,,,,,,
RAISIN DE GÊNES,2,RAISIN DE SAINT PIERRE,False,False,False,False,True,False,False,False,False,False,False,False,False,True,False,False,,,,,,
RAISIN DE KOSSUTH,2,RAISIN DE SAINT PIERRE,False,False,False,False,True,False,False,False,False,False,False,False,False,True,False,False,,,,,,
RAMI = VIDAL 119,2,RAMI,False,False,False,False,True,False,False,False,False,False,False,False,False,True,False,False,,,,,,
RED OHANES,2,OHANES RED,False,False,False,False,False,False,True,True,False,False,False,False,False,False,False,False,,,,,,
REDONDAL,2,REDONDAL BLANC,False,False,False,False,False,False,True,True,False,False,False,False,False,False,False,False,,,,,,
RICHTER  31,2,RICHTER 31,False,True,False,False,False,False,False,False,False,False,False,False,False,False,False,True,,,,,,
RICHTER  44,2,RICHTER 31,False,True,False,False,False,False,False,False,False,False,False,False,False,False,False,True,,,,,,
RICHTER  57,2,RICHTER 31,False,True,False,False,False,False,False,False,False,False,False,False,False,False,False,True,,,,,,
RICHTER  99,2,RICHTER 31,False,True,False,False,False,False,False,False,False,False,False,False,False,False,False,True,,,,,,
RIESLING BLEU (COLLECTION OBERLIN),2,SALICETTE (COLLECTION OBERLIN),False,False,False,False,False,False,True,True,False,False,False,False,False,False,False,False,,,,,,
RIVAIRENC = ASPIRAN,2,ASPIRAN ROUGE FONCE,False,False,False,False,True,False,False,False,False,False,False,False,False,True,False,False,,,,,,
ROBIN NOIR = SALAGNIN,2,ROBIN NOIR,False,False,False,False,True,False,False,False,False,False,False,False,False,True,False,False,,,,,,
RODI = PIROVANO 166,2,RODI,False,False,False,False,True,False,False,False,False,False,False,False,False,True,False,False,,,,,,
ROI DES PRÉCOCES,2,,False,False,False,False,True,False,False,True,False,False,False,False,False,False,False,False,,,,,,
ROMEÏCO,2,,False,False,False,False,True,False,False,False,False,False,False,False,False,True,False,False,,,,,,
ROSÉ DU VAR,2,,False,False,False,False,True,False,False,False,False,False,False,False,False,True,False,False,,,,,,
ROTBERGER = GM 3‐37,2,ROTBERGER,False,False,False,False,True,False,False,False,False,False,False,False,False,True,False,False,,,,,,
ROUCHAKI,2,,False,False,False,False,True,False,False,False,False,False,False,False,False,True,False,False,,,,,,
RUGGERI   140,2,RUGGERI 225,False,True,False,False,False,False,False,False,False,False,False,False,False,False,False,True,,,,,,
RUGGERI   205,2,RUGGERI 225,False,True,False,False,False,False,False,False,False,False,False,False,False,False,False,True,,,,,,
RUGGERI   240,2,RUGGERI 225,False,True,False,False,False,False,False,False,False,False,False,False,False,False,False,True,,,,,,
RUGGERI   300,2,RUGGERI 225,False,True,False,False,False,False,False,False,False,False,False,False,False,False,False,True,,,,,,
SAINTE‐MARIE DE BIVIERS,2,,False,False,False,False,True,False,False,False,False,False,False,False,False,True,False,False,,,,,,
SAINTON = VIDAL 9,2,SAINTON,False,False,False,False,True,False,False,False,False,False,False,False,False,True,False,False,,,,,,
SAINTONGE = VIDAL 31,2,SAINTONGE,False,False,False,False,True,False,False,False,False,False,False,False,False,True,False,False,,,,,,
SAINT‐CÔME,2,,False,False,False,False,True,False,False,False,False,False,False,False,False,True,False,False,,,,,,
SAINT‐FIACRE,2,,False,False,False,False,True,False,False,False,False,False,False,False,False,True,False,False,,,,,,
SAINT‐LAURENT,2,,False,False,False,False,True,False,False,False,False,False,False,False,False,True,False,False,,,,,,
SAINT‐LOUIS FAUX,2,ODJALECHI FAUX,False,False,False,False,True,False,False,False,False,False,False,False,False,True,False,False,,,,,,
SAINT‐PIERRE DORÉ,2,,False,False,False,False,True,False,False,False,False,False,False,False,False,True,False,False,,,,,,
SAUVIGNONASSE,2,,False,True,False,False,False,False,False,False,False,False,False,False,False,True,False,False,,,,,,
SAVAGNIN,2,SAVAGNIN ROSE,False,True,False,False,False,False,True,False,False,False,False,False,False,False,False,False,,,,,,
SCHABASCHE,2,,False,True,False,False,False,False,False,False,False,False,False,False,False,True,False,False,,,,,,
SCHEUREBE = ALZEY S 88,2,SCHEUREBE,False,False,False,False,True,False,False,False,False,False,False,False,False,True,False,False,,,,,,
SCHIRAS SÄMLING,2,SCHIRAS DR. HOUDBINE,False,False,False,False,True,False,False,False,False,False,False,False,False,True,False,False,,,,,,
SEIBEL 10096,2,SEIBEL 12,False,True,False,False,False,False,False,False,False,False,False,False,False,False,True,False,,,,,,
SEIBEL 5455,2,SEIBEL 12,False,True,False,False,False,False,False,False,False,False,False,False,False,False,True,False,,,,,,
SEIBEL 7053,2,SEIBEL 12,False,True,False,False,False,False,False,False,False,False,False,False,False,False,True,False,,,,,,
SEIBEL 8745,2,SEIBEL 12,False,True,False,False,False,False,False,False,False,False,False,False,False,False,True,False,,,,,,
SELECT = VIDAL 100 T,2,SELECT,False,False,False,False,True,False,False,False,False,False,False,False,False,True,False,False,,,,,,
SIBIRKOVY,2,SIBIRKOVYI,False,False,False,False,False,False,True,True,False,False,False,False,False,False,False,False,,,,,,
SIRIA = CODEGA,2,SIRIA,False,False,False,False,True,False,False,False,False,False,False,False,False,True,False,False,,,,,,
SLANKAMENKA BLANC,2,SLANKAMENKA BELA,False,False,False,False,True,False,False,False,False,False,False,False,False,True,False,False,,,,,,
SOLFERINO = PIROVANO 316,2,SOLFERINO,False,False,False,False,True,False,False,False,False,False,False,False,False,True,False,False,,,,,,
SOUKHOLIMANSKY BELY,2,CROUSHEVSKI BELY,False,False,False,False,True,False,False,False,False,False,False,False,False,True,False,False,,,,,,
SOUVENIR DU CONGRÈS,2,SOUVENIR DE PUILLAT,False,False,False,False,True,False,False,False,False,False,False,False,False,True,False,False,,,,,,
SOVRANA = PIROVANO 244,2,SOVRANA,False,False,False,False,True,False,False,False,False,False,False,False,False,True,False,False,,,,,,
SULTANA MOSCATA = PIROVANO 75,2,SULTANA MOSCATA,False,False,False,False,True,True,False,False,False,False,False,False,False,False,False,False,,,,,,
SZEGENY EMBER SZÖLÖJE,2,SZEGENY EMBER SZOELOEJE,False,False,False,False,True,False,False,False,False,False,False,False,False,True,False,False,,,,,,
SZENT LASZLÖ,2,SZENT ISTVAN,False,False,False,False,True,False,False,False,False,False,False,False,False,True,False,False,,,,,,
SÉRÉNÈZE,2,,False,False,False,False,True,False,False,False,False,False,False,False,False,True,False,False,,,,,,
TAMAREZ MOSCATEL 31‐3‐3,2,TAMAREZ MOSCATEL,False,False,False,False,True,False,False,False,False,False,False,False,False,True,False,False,,,,,,
TARNAOU,2,,False,False,False,False,True,False,False,False,False,False,False,False,False,True,False,False,,,,,,
TETA DE VACA,2,TETA DE VACA TINTA,False,True,False,False,True,False,False,False,False,False,False,False,False,False,False,False,,,,,,
THERMI,2,,False,False,False,False,True,False,False,False,False,False,False,False,False,True,False,False,,,,,,
TINOS NOIR,2,TINOS,False,False,False,False,True,False,False,False,False,False,False,False,False,True,False,False,,,,,,
TINTA DA BARCA,2,GARNACHA TINTA,False,False,False,False,True,False,False,False,False,False,False,False,False,True,False,False,,,,,,
TOPAZ,2,TOPAZE,False,False,False,False,False,False,False,False,True,False,False,False,False,False,True,False,,,,,,
TORRONTÈS MENDOCINO,2,TORRONTES MENDOCINO,False,False,False,False,True,False,False,False,False,False,False,False,False,True,False,False,,,,,,
TORRONTÈS RIOJANO,2,TORRONTES RIOJANO,False,False,False,False,True,False,False,False,False,False,False,False,False,True,False,False,,,,,,
TORRONTÈS SANJUANINO,2,TORRONTES SANJUANINO GLABRO,False,False,False,False,True,False,False,False,False,False,False,False,False,True,False,False,,,,,,
TORTOZON,2,TORTOZONA TINTA,False,True,False,False,False,False,False,False,False,False,False,False,False,True,False,False,,,,,,
TOURIGA FÊMEA,2,TOURIGA NACIONAL,False,False,False,False,True,False,False,False,False,False,False,False,False,True,False,False,,,,,,
TRAKYA ILKEREM,2,TRAKYA ILKEREN,False,False,False,False,True,False,False,False,False,False,False,False,False,True,False,False,,,,,,
TRICANA = H 6‐52‐226,2,TRICANA,False,False,False,False,True,False,False,False,False,False,False,False,False,True,False,False,,,,,,
TRIPOLI = PIROVANO 352,2,TRIPOLI,False,False,False,False,True,False,False,False,False,False,False,False,False,True,False,False,,,,,,
TRIUMPH TRAUBE,2,TRIUMPH,False,True,False,False,True,False,False,False,False,False,False,False,False,False,False,False,,,,,,
TROUSSEAU = BASTARDO,2,TROUSSEAU NOIR,False,True,False,False,True,False,False,False,False,False,False,False,False,False,False,False,,,,,,
TXAKOLI,2,,False,False,False,False,True,False,False,False,False,False,False,False,False,True,False,False,,,,,,
TXAKOLI = HONDARRABI BELTZA,2,ONDARRABI BELTZA,False,False,False,False,False,False,True,True,False,False,False,False,False,False,False,False,,,,,,
TZIMLANSKY CHERNYI,2,KOKURDES CHERNYI,False,False,False,False,True,False,False,False,False,False,False,False,False,True,False,False,,,,,,
TÉOULIER,2,,False,False,False,False,True,False,False,False,False,False,False,False,False,True,False,False,,,,,,
TÉOULIER BLANC FEMELLE,2,TEOULIER BLANC FEMELLE,False,False,False,False,True,False,False,False,False,False,False,False,False,True,False,False,,,,,,
TÖKÖS PIROS,2,PRIMOER PIROS,False,False,False,False,True,False,False,False,False,False,False,False,False,True,False,False,,,,,,
UGNI BLANC = TREBBIANO TOSCANO,2,UGNI BLANC FLESHLESS BERRY,False,True,False,False,True,False,False,False,False,False,False,False,False,False,False,False,,,,,,
UVA SOGRA,2,,False,False,False,False,True,False,False,False,False,False,False,False,False,True,False,False,,,,,,
VALDERBARA,2,,False,True,False,False,False,False,False,False,False,False,False,False,False,True,False,False,,,,,,
VALDIGUIÉ PISSAÏRÉ,2,,False,False,False,False,True,False,False,False,False,False,False,False,False,True,False,False,,,,,,
VARIÉTÉ D'OASIS TOZEUR 7,2,VARIETE D'OASIS TOZEUR 9,False,False,False,False,True,False,False,False,False,False,False,False,False,True,False,False,,,,,,
VARIÉTÉ D'OASIS TOZEUR 9,2,VARIETE D'OASIS TOZEUR 9,False,False,False,False,True,False,False,False,False,False,False,False,False,True,False,False,,,,,,
VELTELINER ROUGE PRÉCOCE,2,ALIGOTE ROUGE,False,False,False,False,True,False,False,False,False,False,False,False,False,True,False,False,,,,,,
VERONA = PIROVANO 52,2,VERONA,False,False,False,False,True,False,False,False,False,False,False,False,False,True,False,False,,,,,,
VRADYANO,2,,False,True,False,False,False,False,False,False,False,False,False,False,False,True,False,False,,,,,,
VRH3082-1-42,2,,False,False,True,False,False,False,False,False,False,False,False,False,False,False,False,True,,,,,,
VÉKONYHÉJU,2,,False,False,False,False,True,False,False,False,False,False,False,False,False,True,False,False,,,,,,
WEST FREISIA,2,FAR WEST,False,False,False,False,True,False,False,False,False,False,False,False,False,True,False,False,,,,,,
WILDBACHER DE HONGRIE (COLLECTION RAVAZ),2,WILDBACHER DE HONGRIE,False,False,False,False,False,False,True,True,False,False,False,False,False,False,False,False,,,,,,
WÜRZER = AZ 10487,2,,False,False,False,False,True,False,False,False,False,False,False,False,False,True,False,False,,,,,,
ZEMOASA = TIMPURIE,2,TAMIIOASA TIMPURIE,False,True,False,False,False,False,False,False,False,False,False,False,False,True,False,False,,,,,,
ZWEIGELT BLAU,2,ZWEIGELT SOLIS,False,False,False,False,True,False,False,False,False,False,False,False,False,True,False,False,,,,,,
ZÖLDFÜRTÜ,2,,False,False,False,False,True,False,False,False,False,False,False,False,False,True,False,False,,,,,,
ÖREG KADARKA,2,OLASZ KADARKA,False,False,False,False,False,False,False,True,False,False,False,False,False,True,False,False,,,,,,
ÖRÖKKÉ PIROS,2,PRIMOER PIROS,False,False,False,False,True,False,False,False,False,False,False,False,False,True,False,False,,,,,,
ÖTFÜRTÜ,2,,False,False,False,False,True,False,False,False,False,False,False,False,False,True,False,False,,,,,,
(BESSON),1,,False,False,False,False,True,False,False,False,False,False,False,False,False,False,False,False,,,,,,
101-14 #,1,,False,False,False,False,False,False,False,False,False,False,False,False,False,False,True,False,,,,,,
101.14 MILLARDET ET DE GRASSET,1,MILLARDET ET GRASSET 434,False,False,False,False,False,False,False,False,False,False,False,False,True,False,False,False,,,,,,
1045 PAULSEN,1,PAULSEN 1045,False,False,False,False,False,False,False,False,False,False,False,False,True,False,False,False,,,,,,
106.8 MILLARDET ET DE GRASSET,1,MILLARDET ET GRASSET 434,False,False,False,False,False,False,False,False,False,False,False,False,True,False,False,False,,,,,,
110 R,1,,False,False,False,False,False,False,False,False,False,False,False,False,False,False,True,False,,,,,,
110 RICHTER,1,RICHTER 31,False,False,False,False,False,False,False,False,False,False,False,False,True,False,False,False,,,,,,
1103 PAULSEN,1,PAULSEN 1103 (NON IDENTIFIED),False,False,False,False,False,False,False,False,False,False,False,False,True,False,False,False,,,,,,
1132 GRIMALDI,1,GRIMALDI 1132,False,False,False,False,False,False,False,False,False,False,False,False,True,False,False,False,,,,,,
11‐48‐49,1,,False,False,False,False,True,False,False,False,False,False,False,False,False,False,False,False,,,,,,
125-1 MILLARDET ET DE GRASSET,1,MILLARDET ET GRASSET 434,False,False,False,False,False,False,False,False,False,False,False,False,True,False,False,False,,,,,,
13-16 EVEX,1,EVEX 11- PP,False,False,False,False,False,False,False,False,False,False,False,False,True,False,False,False,,,,,,
13-44 EVEX,1,EVEX 11- PP,False,False,False,False,False,False,False,False,False,False,False,False,True,False,False,False,,,,,,
13-5 EVEX,1,WANNER 13-5,False,False,False,False,False,False,False,False,False,False,False,False,True,False,False,False,,,,,,
1331 PAULSEN,1,PAULSEN 1331,False,False,False,False,False,False,False,False,False,False,False,False,True,False,False,False,,,,,,
143 B MILLARDET ET DE GRASSET,1,MILLARDET ET GRASSET 434,False,False,False,False,False,False,False,False,False,False,False,False,True,False,False,False,,,,,,
1447 PAULSEN,1,PAULSEN 1447,False,False,False,False,False,False,False,False,False,False,False,False,True,False,False,False,,,,,,
16-107 PROSPERI,1,PROSPERI 16- 109,False,False,False,False,False,False,False,False,False,False,False,False,True,False,False,False,,,,,,
16-108 PROSPERI,1,PROSPERI 16- 109,False,False,False,False,False,False,False,False,False,False,False,False,True,False,False,False,,,,,,
16-109 PROSPERI,1,PROSPERI 16- 109,False,False,False,False,False,False,False,False,False,False,False,False,True,False,False,False,,,,,,
161.49 COUDERC,1,COUDERC 90- 38,False,False,False,False,False,False,False,False,False,False,False,False,True,False,False,False,,,,,,
1613 COUDERC,1,COUDERC 1613,False,False,False,False,False,False,False,False,False,False,False,False,True,False,False,False,,,,,,
17-37 MILLARDET ET DE GRASSET,1,MILLARDET ET GRASSET 434,False,False,False,False,False,False,False,False,False,False,False,False,True,False,False,False,,,,,,
196-17 CASTEL,1,CASTEL 2812,False,False,False,False,False,False,False,False,False,False,False,False,True,False,False,False,,,,,,
202-4 MILLARDET ET DE GRASSET,1,MILLARDET ET GRASSET 434,False,False,False,False,False,False,False,False,False,False,False,False,True,False,False,False,,,,,,
205 RUGGERI,1,RUGGERI 225,False,False,False,False,False,False,False,False,False,False,False,False,True,False,False,False,,,,,,
215-1 CASTEL,1,CASTEL 2812,False,False,False,False,False,False,False,False,False,False,False,False,True,False,False,False,,,,,,
216-3 CASTEL,1,CASTEL 2812,False,False,False,False,False,False,False,False,False,False,False,False,True,False,False,False,,,,,,
227-1 CASTEL,1,CASTEL 2812,False,False,False,False,False,False,False,False,False,False,False,False,True,False,False,False,,,,,,
228-1 CASTEL,1,CASTEL 2812,False,False,False,False,False,False,False,False,False,False,False,False,True,False,False,False,,,,,,
240 RUGGERI,1,RUGGERI 225,False,False,False,False,False,False,False,False,False,False,False,False,True,False,False,False,,,,,,
28‐30,1,,False,False,False,False,True,False,False,False,False,False,False,False,False,False,False,False,,,,,,
3,1,3138,False,False,False,False,True,False,False,False,False,False,False,False,False,False,False,False,,,,,,
300 RUGGERI,1,RUGGERI 225,False,False,False,False,False,False,False,False,False,False,False,False,True,False,False,False,,,,,,
31 RICHTER,1,RICHTER 31,False,False,False,False,False,False,False,False,False,False,False,False,True,False,False,False,,,,,,
33 ECOLE DE MONTPELLIER,1,ECOLE MONTPELLIER 142,False,False,False,False,False,False,False,False,False,False,False,False,True,False,False,False,,,,,,
3306 COUDERC,1,COUDERC 3306,False,False,False,False,False,False,False,False,False,False,False,False,True,False,False,False,,,,,,
3309 COUDERC,1,COUDERC 3309,False,False,False,False,False,False,False,False,False,False,False,False,True,False,False,False,,,,,,
333 ECOLE DE MONTPELLIER OR TISSERAND,1,ECOLE MONTPELLIER 142,False,False,False,False,False,False,False,False,False,False,False,False,True,False,False,False,,,,,,
34 ECOLE DE MONTPELLIER,1,ECOLE MONTPELLIER 142,False,False,False,False,False,False,False,False,False,False,False,False,True,False,False,False,,,,,,
372,1,,False,False,False,False,True,False,False,False,False,False,False,False,False,False,False,False,,,,,,
40 LET OKTYABRYA,1,SOROK LYET OKTYABRYA,False,True,False,False,False,False,False,False,False,False,False,False,False,False,False,False,,,,,,
41 B MILLARDET ET DE GRASSET,1,MILLARDET ET GRASSET 434,False,False,False,False,False,False,False,False,False,False,False,False,True,False,False,False,,,,,,
420 A MILLARDET ET DE GRASSET,1,MILLARDET ET GRASSET 434,False,False,False,False,False,False,False,False,False,False,False,False,True,False,False,False,,,,,,
420 B MILLARDET ET DE GRASSET,1,MILLARDET ET GRASSET 434,False,False,False,False,False,False,False,False,False,False,False,False,True,False,False,False,,,,,,
420A,1,,False,False,False,False,False,False,False,False,False,False,False,False,False,False,True,False,,,,,,
44 RICHTER,1,RICHTER 31,False,False,False,False,False,False,False,False,False,False,False,False,True,False,False,False,,,,,,
57 RICHTER,1,RICHTER 31,False,False,False,False,False,False,False,False,False,False,False,False,True,False,False,False,,,,,,
6736 CASTEL,1,CASTEL 6736,False,False,False,False,False,False,False,False,False,False,False,False,True,False,False,False,,,,,,
7605 CASTEL,1,CASTEL 7605,False,False,False,False,False,False,False,False,False,False,False,False,True,False,False,False,,,,,,
764 PAULSEN,1,PAULSEN 781,False,False,False,False,False,False,False,False,False,False,False,False,True,False,False,False,,,,,,
775 PAULSEN,1,PAULSEN 781,False,False,False,False,False,False,False,False,False,False,False,False,True,False,False,False,,,,,,
779 PAULSEN,1,PAULSEN 781,False,False,False,False,False,False,False,False,False,False,False,False,True,False,False,False,,,,,,
782 PAULSEN,1,PAULSEN 781,False,False,False,False,False,False,False,False,False,False,False,False,True,False,False,False,,,,,,
93-5 C,1,,False,False,False,False,False,False,False,False,False,False,False,False,True,False,False,False,,,,,,
99 RICHTER,1,RICHTER 31,False,False,False,False,False,False,False,False,False,False,False,False,True,False,False,False,,,,,,
?,1,,False,False,False,False,False,False,False,False,True,False,False,False,False,False,False,False,,,,,,
ACCESSION NAME #: MISLABELING NAME,1,,False,False,False,False,False,False,False,False,False,False,False,False,False,False,True,False,,,,,,
ACHLADI (PERGOLESE DI TIVOLI),1,ACHLADI,False,False,False,False,False,False,True,False,False,False,False,False,False,False,False,False,,,,,,
ADISI,1,,False,True,False,False,False,False,False,False,False,False,False,False,False,False,False,False,,,,,,
AFUZ ALI,1,,False,True,False,False,False,False,False,False,False,False,False,False,False,False,False,False,,,,,,
AGAT DONSKII,1,AGAT DONSKOI,False,True,False,False,False,False,False,False,False,False,False,False,False,False,False,False,,,,,,
AGHIORGITIKO,1,,False,False,False,False,False,False,True,False,False,False,False,False,False,False,False,False,,,,,,
AGLIANICO ANTICO,1,AGLIANICO ANTICO TITO,False,False,False,False,False,False,True,False,False,False,False,False,False,False,False,False,,,,,,
AGOSTENGA ROSSA = PIROVANO 14 BELLINO,1,AGOSTENGA ROSSA,False,False,False,False,True,False,False,False,False,False,False,False,False,False,False,False,,,,,,
AHMEH SAL APYRÈNE,1,AHMEH SAL APYRENE,False,False,False,False,False,False,False,True,False,False,False,False,False,False,False,False,,,,,,
AIRÉN,1,,False,False,False,False,False,False,False,True,False,False,False,False,False,False,False,False,,,,,,
ALBA IMPUTATATO,1,LABRUSCA ALBA,False,True,False,False,False,False,False,False,False,False,False,False,False,False,False,False,,,,,,
ALBA IMPUTATO,1,LABRUSCA ALBA,False,True,False,False,False,False,False,False,False,False,False,False,False,False,False,False,,,,,,
ALBANA DEL PANIERE,1,ALBANA ROSA,False,False,False,False,False,False,True,False,False,False,False,False,False,False,False,False,,,,,,
ALBILLO DE ALBACETE,1,ALBILLO CRIOLLO,False,False,False,False,False,False,False,True,False,False,False,False,False,False,False,False,,,,,,
ALBILLO DE GRENADA,1,ALBILLO CRIOLLO,False,False,False,False,False,False,True,False,False,False,False,False,False,False,False,False,,,,,,
ALBILLO MAYOR = PICADILLO,1,ALBILLO MAYOR,False,False,False,False,False,False,False,True,False,False,False,False,False,False,False,False,,,,,,
ALEÁTICO #,1,,False,False,False,False,False,False,False,False,False,False,False,False,False,False,True,False,,,,,,
ALHAGI,1,,False,True,False,False,False,False,False,False,False,False,False,False,False,False,False,False,,,,,,
ALICANE BOUSCHET,1,MUSCAT BOUSCHET,False,True,False,False,False,False,False,False,False,False,False,False,False,False,False,False,,,,,,
ALICANTE (FALSE),1,ALICANTE BOUSCHET A LONGUES GRAPPES,False,False,False,False,False,False,True,False,False,False,False,False,False,False,False,False,,,,,,
ALICANTE BOUSCHET  7,1,ALICANTE BOUSCHET A LONGUES GRAPPES,False,False,False,False,False,False,False,False,False,False,False,False,False,False,False,True,,,,,,
ALICANTE HENRI BOUSHET,1,ALICANTE HENRI BOUSCHET,False,False,False,False,False,False,False,False,True,False,False,False,False,False,False,False,,,,,,
ALII TIERSKII,1,,False,True,False,False,False,False,False,False,False,False,False,False,False,False,False,False,,,,,,
ALLARÉN,1,,False,False,False,False,False,False,False,True,False,False,False,False,False,False,False,False,,,,,,
ALLELES:,1,,False,False,False,False,False,False,False,False,False,False,False,True,False,False,False,False,,,,,,
ALMEIDA 17‐48‐1,1,LEAO FERREIRA DA ALMEIDA 34-49- 48,False,False,False,False,True,False,False,False,False,False,False,False,False,False,False,False,,,,,,
ALMEIDA 34‐49‐76,1,LEAO FERREIRA DA ALMEIDA 34-49- 48,False,False,False,False,True,False,False,False,False,False,False,False,False,False,False,False,,,,,,
ALMEIDA 37‐51‐15,1,LEAO FERREIRA DA ALMEIDA 34-49- 48,False,False,False,False,True,False,False,False,False,False,False,False,False,False,False,False,,,,,,
ALPHONSE LAVALEE,1,ALPHONSE LAVALLEE,False,False,False,False,False,False,False,False,False,False,False,False,False,False,True,False,,,,,,
ALZEY  7672,1,ALZEY 7672,False,True,False,False,False,False,False,False,False,False,False,False,False,False,False,False,,,,,,
AMARAL = CAINO LONGO,1,CAINO LONGO 2,False,True,False,False,False,False,False,False,False,False,False,False,False,False,False,False,,,,,,
ANANAS#,1,,False,False,False,False,False,False,False,False,False,False,False,False,False,False,True,False,,,,,,
ANGELO PIROVANO = PIROVANO 2,1,ANGELO PIROVANO,False,False,False,False,False,False,False,False,False,False,False,False,False,True,False,False,,,,,,
ANGELO PIROVANO = PIROVANO 2 CICLOPICA = PIROVANO 60,1,ANGELO PIROVANO,False,False,False,False,True,False,False,False,False,False,False,False,False,False,False,False,,,,,,
ANGELO PIROVANO = PIROVANO 2 DELIZIA DI VAPRIO = PIROVANO 46 A,1,ANGELO PIROVANO,False,False,False,False,True,False,False,False,False,False,False,False,False,False,False,False,,,,,,
ANGELO PIROVANO = PIROVANO 2 ITALIA = PIROVANO 65,1,ANGELO PIROVANO,False,False,False,False,True,False,False,False,False,False,False,False,False,False,False,False,,,,,,
ANGELO PIROVANO = PIROVANO 2 MUSCAT DE HAMBOURG,1,ANGELO PIROVANO,False,False,False,False,True,False,False,False,False,False,False,False,False,False,False,False,,,,,,
ANGOR KALAN,1,ANGUR KALAN,False,True,False,False,False,False,False,False,False,False,False,False,False,False,False,False,,,,,,
ARAMON #,1,ARAMON BOUSCHET 1,False,False,False,False,False,False,False,False,False,False,False,False,False,False,True,False,,,,,,
ARAMON BLANC DE LA CALMETTE ARAMON,1,ARAMON BLANC DE LA CALMETTE,False,False,False,False,True,False,False,False,False,False,False,False,False,False,False,False,,,,,,
ARAMON N,1,ARAMON NOIR,False,True,False,False,False,False,False,False,False,False,False,False,False,False,False,False,,,,,,
ARAYATLY GARA UZUM,1,TEZ YETISHEN GARA UZUM,False,True,False,False,False,False,False,False,False,False,False,False,False,False,False,False,,,,,,
ARINTO DO DAO,1,ARINTO DO INTERIOR,False,True,False,False,False,False,False,False,False,False,False,False,False,False,False,False,,,,,,
ARINTO TINTO (COLLECTION SOARES FRANCO),1,,False,False,False,False,False,False,False,True,False,False,False,False,False,False,False,False,,,,,,
ARIZUL L,1,ARIZUL,False,False,False,False,False,False,False,False,False,False,False,False,False,False,True,False,,,,,,
ARMÊNIA I70058,1,,False,False,False,False,False,False,False,False,False,False,False,False,False,False,True,False,,,,,,
ARMÊNIA I70060 #,1,,False,False,False,False,False,False,False,False,False,False,False,False,False,False,True,False,,,,,,
ARMÊNIA I70061 #,1,,False,False,False,False,False,False,False,False,False,False,False,False,False,False,True,False,,,,,,
AROMATICA ROSE (COLLECTION CARDINAL = G 10‐30,1,AROMATICA ROSE,False,False,False,False,True,False,False,False,False,False,False,False,False,False,False,False,,,,,,
ARRARATI,1,,False,True,False,False,False,False,False,False,False,False,False,False,False,False,False,False,,,,,,
ASKERI,1,ASKERI SARI,False,False,False,False,False,False,True,False,False,False,False,False,False,False,False,False,,,,,,
ASPIRANT BOUCHET #,1,,False,False,False,False,False,False,False,False,False,False,False,False,False,False,True,False,,,,,,
ASPRINIO NERO,1,ASPRINIO TURI,False,True,False,False,False,False,False,False,False,False,False,False,False,False,False,False,,,,,,
ASPROKONDOURA,1,,True,False,False,False,False,False,False,False,False,False,False,False,False,False,False,False,,,,,,
ASYL KARA 2,1,ASYL KARA,False,True,False,False,False,False,False,False,False,False,False,False,False,False,False,False,,,,,,
AUGUSTA (NEAGU‐GEORGESCU),1,AUGUSTA LUISE,False,False,False,False,False,False,False,False,False,False,False,False,False,True,False,False,,,,,,
AUGUSTA (NEAGU‐GEORGESCU) REINE DES VIGNES,1,,False,False,False,False,True,False,False,False,False,False,False,False,False,False,False,False,,,,,,
AURORA FAUX (COLLECTION MENDOZA) CARDINAL = G 10‐30,1,,False,False,False,False,True,False,False,False,False,False,False,False,False,False,False,False,,,,,,
AUTOFÉCONDATION CHASSELAS N°59 CHASSELAS,1,CHASSELAS DE BANEASA,False,False,False,False,True,False,False,False,False,False,False,False,False,False,False,False,,,,,,
AUTOFÉCONDATION CHASSELAS ROSE MUSCAT À PETITS GRAINS,1,MUSCAT A PETITS GRAINS BLANCS SEEDLESS,False,False,False,False,True,False,False,False,False,False,False,False,False,False,False,False,,,,,,
AUTOFÉCONDATION ITALIA N°120 ITALIA = PIROVANO 65,1,ITALIA RUBI,False,False,False,False,True,False,False,False,False,False,False,False,False,False,False,False,,,,,,
AUTOFÉCONDATION SAUVIGNON N°106 SAUVIGNON,1,SAUVIGNON MUSQUE,False,False,False,False,True,False,False,False,False,False,False,False,False,False,False,False,,,,,,
AUTOFÉCONDATION SYRAH 1992 SYRAH,1,AUTOFECONDATION SYRAH 1992,False,False,False,False,True,False,False,False,False,False,False,False,False,False,False,False,,,,,,
AUTOFÉCONDATION VIOGNIER 1992 VIOGNIER,1,AUTOFECONDATION VIOGNIER 1992,False,False,False,False,True,False,False,False,False,False,False,False,False,False,False,False,,,,,,
AVANÀ,1,,False,False,False,False,False,False,True,False,False,False,False,False,False,False,False,False,,,,,,
AVARENGO N.,1,AVARENGO,False,True,False,False,False,False,False,False,False,False,False,False,False,False,False,False,,,,,,
AXINA DE TRES BIAS,1,AXINA FURISTERA,False,True,False,False,False,False,False,False,False,False,False,False,False,False,False,False,,,,,,
AÏDANI MAVRO,1,KORYFISSIO MAVRO,False,False,False,False,False,False,False,True,False,False,False,False,False,False,False,False,,,,,,
B 40-208 #,1,,False,False,False,False,False,False,False,False,False,False,False,False,False,False,True,False,,,,,,
BACO 1,1,BACO 16-B,False,False,False,False,False,False,False,False,False,False,False,False,False,False,True,False,,,,,,
BACO 22 A,1,BACO 32- 6,False,False,False,False,False,False,False,False,False,False,False,False,False,False,True,False,,,,,,
BAILEY #,1,MUSCAT BAILEY B,False,False,False,False,False,False,False,False,False,False,False,False,False,False,True,False,,,,,,
BAJOR KEK,1,BAJOR SZUERKE,False,True,False,False,False,False,False,False,False,False,False,False,False,False,False,False,,,,,,
BAJOR KÉK,1,BAJOR SZUERKE,False,False,False,False,False,False,False,True,False,False,False,False,False,False,False,False,,,,,,
BAJOR KÉK = AUGSTER BLAU,1,AUGSTER BLAU,False,False,False,False,True,False,False,False,False,False,False,False,False,False,False,False,,,,,,
BALLADE,1,,False,False,False,False,False,False,False,False,True,False,False,False,False,False,False,False,,,,,,
BALOUTI (ABBAYE DE LATROUN) GRENACHE = GARNACHA,1,BALOUTI (ABBAYE DE LATROUN),False,False,False,False,True,False,False,False,False,False,False,False,False,False,False,False,,,,,,
BALSAMINA (COLLECTION OBERLIN) MUSCAT SAINT‐LAURENT,1,SALICETTE (COLLECTION OBERLIN),False,False,False,False,True,False,False,False,False,False,False,False,False,False,False,False,,,,,,
BARADI,1,,False,False,False,False,False,False,False,False,True,False,False,False,False,False,False,False,,,,,,
BARATUCIÀT,1,,False,False,False,False,False,False,True,False,False,False,False,False,False,False,False,False,,,,,,
BARBERA  96,1,BARBERA DI PATRUNAT,False,True,False,False,False,False,False,False,False,False,False,False,False,False,False,False,,,,,,
BARESANA,1,BARESANA NERA,False,True,False,False,False,False,False,False,False,False,False,False,False,False,False,False,,,,,,
BARRILETA,1,,False,False,False,False,False,False,False,False,False,False,False,False,False,False,True,False,,,,,,
BASILE LOGOTHETIS = PIROVANO 77 SULTANINE,1,BASILE LOGOTHETIS,False,False,False,False,True,False,False,False,False,False,False,False,False,False,False,False,,,,,,
BASTARDO DO OUTEIRO,1,BASTARDO DE MUNEDO,False,False,False,False,True,False,False,False,False,False,False,False,False,False,False,False,,,,,,
BASTARDO DOS FRADES DE BOLONIO GIBI = HEBÉN,1,BASTARDO DOS FRADES DE BOLONIO,False,False,False,False,True,False,False,False,False,False,False,False,False,False,False,False,,,,,,
BASTRARDO BLANCO,1,FRANCESA BLANCO,False,False,False,False,False,False,True,False,False,False,False,False,False,False,False,False,,,,,,
BAYAD (NON-IDENTIFIED),1,BAYAD,False,False,False,False,False,False,False,True,False,False,False,False,False,False,False,False,,,,,,
BB 575‐49 SRLH,1,,False,False,False,False,True,False,False,False,False,False,False,False,False,False,False,False,,,,,,
BELDI,1,BELDI CT2,False,True,False,False,False,False,False,False,False,False,False,False,False,False,False,False,,,,,,
BELINA STAROHRVATSKA,1,BELINA REHULJAVA,False,True,False,False,False,False,False,False,False,False,False,False,False,False,False,False,,,,,,
BELINA STARORVATSKA,1,BELINA REHULJAVA,False,True,False,False,False,False,False,False,False,False,False,False,False,False,False,False,,,,,,
BEM TABORNOK = GÉNÉRAL BEM MUSCAT D'ALEXANDRIE,1,,False,False,False,False,True,False,False,False,False,False,False,False,False,False,False,False,,,,,,
BENEDICTO FALSO,1,BENEDICTO FALSO DE ARAGON,False,False,False,False,False,False,False,True,False,False,False,False,False,False,False,False,,,,,,
BENIBARADO,1,,False,False,False,False,False,False,False,False,True,False,False,False,False,False,False,False,,,,,,
BERBECEL = APROFEHER,1,BERBECEL,False,False,False,False,False,False,False,False,False,False,False,False,False,True,False,False,,,,,,
BERBECEL=APROFEHER,1,,False,True,False,False,False,False,False,False,False,False,False,False,False,False,False,False,,,,,,
BERLANDIERI BOUTIN B,1,BERLANDIERI BOUTIN A,False,True,False,False,False,False,False,False,False,False,False,False,False,False,False,False,,,,,,
BERLANDIERI COLOMBARD 1 B,1,BERLANDIERI RESSEGUIER 5,False,True,False,False,False,False,False,False,False,False,False,False,False,False,False,False,,,,,,
BERLANDIERI RESSEGUIER,1,BERLANDIERI RESSEGUIER 5,False,True,False,False,False,False,False,False,False,False,False,False,False,False,False,False,,,,,,
BERLANDIERI RESSIGUIER 2,1,BERLANDIERI RESSEGUIER 5,False,True,False,False,False,False,False,False,False,False,False,False,False,False,False,False,,,,,,
BERLANDIERI X COLOMBARD 1 B OR BLANCHARD 1 B,1,BERLANDIERI RESSEGUIER 5,False,False,False,False,False,False,False,False,False,False,False,False,True,False,False,False,,,,,,
BERLANDIERI-COLOMBARD 2,1,,False,False,False,False,False,False,False,False,False,False,False,False,True,False,False,False,,,,,,
BERTILLE SEYVE    60,1,BERTILLE SEYVE 2845,False,False,False,False,False,False,False,False,False,False,False,False,False,False,False,True,,,,,,
BERTILLE SEYVE   318,1,BERTILLE SEYVE 2845,False,False,False,False,False,False,False,False,False,False,False,False,False,False,False,True,,,,,,
BERTILLE SEYVE   413,1,BERTILLE SEYVE 2845,False,False,False,False,False,False,False,False,False,False,False,False,False,False,False,True,,,,,,
BERTILLE SEYVE   450,1,BERTILLE SEYVE 2845,False,False,False,False,False,False,False,False,False,False,False,False,False,False,False,True,,,,,,
BERTILLE SEYVE   453,1,BERTILLE SEYVE 2845,False,False,False,False,False,False,False,False,False,False,False,False,False,False,False,True,,,,,,
BERTILLE SEYVE   460,1,BERTILLE SEYVE 2845,False,False,False,False,False,False,False,False,False,False,False,False,False,False,False,True,,,,,,
BERTILLE SEYVE   540,1,BERTILLE SEYVE 2845,False,False,False,False,False,False,False,False,False,False,False,False,False,False,False,True,,,,,,
BERTILLE SEYVE   822,1,BERTILLE SEYVE 2845,False,False,False,False,False,False,False,False,False,False,False,False,False,False,False,True,,,,,,
BERTILLE SEYVE   872,1,BERTILLE SEYVE 2845,False,False,False,False,False,False,False,False,False,False,False,False,False,False,False,True,,,,,,
BERTILLE SEYVE   893,1,BERTILLE SEYVE 2845,False,False,False,False,False,False,False,False,False,False,False,False,False,False,False,True,,,,,,
BERTILLE SEYVE  1020,1,BERTILLE SEYVE 1020,False,False,False,False,False,False,False,False,False,False,False,False,False,False,False,True,,,,,,
BERTILLE SEYVE  1127,1,BERTILLE SEYVE 1127,False,False,False,False,False,False,False,False,False,False,False,False,False,False,False,True,,,,,,
BERTILLE SEYVE  1808,1,BERTILLE SEYVE 1808,False,False,False,False,False,False,False,False,False,False,False,False,False,False,False,True,,,,,,
BERTILLE SEYVE  2846,1,BERTILLE SEYVE 2846,False,False,False,False,False,False,False,False,False,False,False,False,False,False,False,True,,,,,,
BERTILLE SEYVE  3310,1,BERTILLE SEYVE 3310,False,False,False,False,False,False,False,False,False,False,False,False,False,False,False,True,,,,,,
BERTILLE SEYVE  4176,1,BERTILLE SEYVE 4176,False,False,False,False,False,False,False,False,False,False,False,False,False,False,False,True,,,,,,
BERTILLE SEYVE  5813,1,BERTILLE SEYVE 5813,False,False,False,False,False,False,False,False,False,False,False,False,False,False,False,True,,,,,,
BERTILLE SEYVE  6283,1,BERTILLE SEYVE 6283,False,False,False,False,False,False,False,False,False,False,False,False,False,False,False,True,,,,,,
BIANCONE DELL ANTELLA,1,BIANCONE DELLA PIEVE,False,True,False,False,False,False,False,False,False,False,False,False,False,False,False,False,,,,,,
BIOKA,1,,False,True,False,False,False,False,False,False,False,False,False,False,False,False,False,False,,,,,,
BITURICA,1,,True,False,False,False,False,False,False,False,False,False,False,False,False,False,False,False,,,,,,
BLACK BALLADE,1,BLACK MONUKKA,False,False,False,False,False,False,False,False,True,False,False,False,False,False,False,False,,,,,,
BLACK CORINTO,1,BLACK MONUKKA,False,False,False,False,False,False,False,False,False,False,False,False,False,False,True,False,,,,,,
BLACK JULY #,1,EARLY BLACK JULY,False,False,False,False,False,False,False,False,False,False,False,False,False,False,True,False,,,,,,
BLACK MONUCCA,1,BLACK MONUKKA,False,True,False,False,False,False,False,False,False,False,False,False,False,False,False,False,,,,,,
BLACK SEEDLESS,1,BLACK EMERALD SEEDLESS,False,True,False,False,False,False,False,False,False,False,False,False,False,False,False,False,,,,,,
BLANC,1,BLANCO,False,False,False,False,True,False,False,False,False,False,False,False,False,False,False,False,,,,,,
BLANC DE DELLYS,1,BLANC DE DELLYS X RHODITES,False,True,False,False,False,False,False,False,False,False,False,False,False,False,False,False,,,,,,
BLANC DE MORGEX,1,TEOULIER BLANC FEMELLE,False,False,False,False,False,False,True,False,False,False,False,False,False,False,False,False,,,,,,
BLANQUILIÑA,1,,False,False,False,False,False,False,False,True,False,False,False,False,False,False,False,False,,,,,,
BLAUFRANKISCH,1,,False,True,False,False,False,False,False,False,False,False,False,False,False,False,False,False,,,,,,
BLJUZGAVAC,1,,False,True,False,False,False,False,False,False,False,False,False,False,False,False,False,False,,,,,,
BLUE FRENCH,1,SWEET BLUE,False,False,False,False,False,False,False,False,True,False,False,False,False,False,False,False,,,,,,
BOLGAR,1,TRAKISKI BOLGAR,False,True,False,False,False,False,False,False,False,False,False,False,False,False,False,False,,,,,,
BONARDA #,1,BONARDA BIANCA,False,False,False,False,False,False,False,False,False,False,False,False,False,False,True,False,,,,,,
BONARDA DI PIAVA BIANCA,1,BONARDA BIANCA,False,False,False,False,True,False,False,False,False,False,False,False,False,False,False,False,,,,,,
BORDEAUX),1,MOSCATEL DE OEIRAS FAUX (COLLECTION BORDEAUX),False,False,False,False,True,False,False,False,False,False,False,False,False,False,False,False,,,,,,
BORRADO DAS MOSCAS,1,,False,False,False,False,False,False,False,True,False,False,False,False,False,False,False,False,,,,,,
BOUQUETRAUBE,1,,False,True,False,False,False,False,False,False,False,False,False,False,False,False,False,False,,,,,,
BOUQUETTTRAUBE,1,,False,True,False,False,False,False,False,False,False,False,False,False,False,False,False,False,,,,,,
BRAGHINA = DINKA VOEROES,1,BRAGHINA ALBA,False,True,False,False,False,False,False,False,False,False,False,False,False,False,False,False,,,,,,
BRASIL,1,,False,False,False,False,False,False,False,False,False,False,False,False,False,False,True,False,,,,,,
BRATKOVINA BIJELI,1,BRATKOVINA BIJELA,False,True,False,False,False,False,False,False,False,False,False,False,False,False,False,False,,,,,,
BRATKOVINA CRVENA,1,BRATKOVINA BIJELA,False,True,False,False,False,False,False,False,False,False,False,False,False,False,False,False,,,,,,
BREIDER     5-6,1,BREIDER 3-1,False,True,False,False,False,False,False,False,False,False,False,False,False,False,False,False,,,,,,
BRS CARMEM,1,CARMEM,False,False,False,False,False,False,False,False,False,False,False,False,False,False,True,False,,,,,,
BRS CORA,1,CORA,False,False,False,False,False,False,False,False,False,False,False,False,False,False,True,False,,,,,,
BRS LINDA,1,ROSA LINDA,False,False,False,False,False,False,False,False,False,False,False,False,False,False,True,False,,,,,,
BRS LORENA,1,LORENA,False,False,False,False,False,False,False,False,False,False,False,False,False,False,True,False,,,,,,
BRS MARGOT,1,MARGOT,False,False,False,False,False,False,False,False,False,False,False,False,False,False,True,False,,,,,,
BRS MORENA,1,MORENA,False,False,False,False,False,False,False,False,False,False,False,False,False,False,True,False,,,,,,
BRS VIOLETA,1,VIOLETA DE MOQUEGUA,False,False,False,False,False,False,False,False,False,False,False,False,False,False,True,False,,,,,,
BRUNI  12,1,BRUNI 155,False,True,False,False,False,False,False,False,False,False,False,False,False,False,False,False,,,,,,
BRUNI  36,1,BRUNI 155,False,True,False,False,False,False,False,False,False,False,False,False,False,False,False,False,,,,,,
BRUNI  41,1,BRUNI 155,False,True,False,False,False,False,False,False,False,False,False,False,False,False,False,False,,,,,,
BRUNI  45,1,BRUNI 155,False,True,False,False,False,False,False,False,False,False,False,False,False,False,False,False,,,,,,
BRUNI  54,1,BRUNI 155,False,True,False,False,False,False,False,False,False,False,False,False,False,False,False,False,,,,,,
BRUNI  90,1,BRUNI 155,False,True,False,False,False,False,False,False,False,False,False,False,False,False,False,False,,,,,,
BRUSTIANO FAUX (COLLECTION PARC DE MAYORQUIN = FARANA,1,,False,False,False,False,True,False,False,False,False,False,False,False,False,False,False,False,,,,,,
BUDAPEST),1,,False,False,False,False,True,False,False,False,False,False,False,False,False,False,False,False,,,,,,
BURDIN  4077,1,BURDIN 4077,False,False,False,False,False,False,False,False,False,False,False,False,False,False,False,True,,,,,,
BURDIN  4517,1,BURDIN 4517,False,False,False,False,False,False,False,False,False,False,False,False,False,False,False,True,,,,,,
BURDIN  4555,1,BURDIN 4555,False,False,False,False,False,False,False,False,False,False,False,False,False,False,False,True,,,,,,
BURDIN  4650,1,BURDIN 4650,False,False,False,False,False,False,False,False,False,False,False,False,False,False,False,True,,,,,,
BURDIN  4655,1,BURDIN 4655,False,False,False,False,False,False,False,False,False,False,False,False,False,False,False,True,,,,,,
BURDIN  4687,1,BURDIN 4687,False,False,False,False,False,False,False,False,False,False,False,False,False,False,False,True,,,,,,
BURDIN  4795,1,BURDIN 4795,False,False,False,False,False,False,False,False,False,False,False,False,False,False,False,True,,,,,,
BURDIN  5406,1,BURDIN 5406,False,True,False,False,False,False,False,False,False,False,False,False,False,False,False,False,,,,,,
BURDIN  6004,1,BURDIN 6004,False,True,False,False,False,False,False,False,False,False,False,False,False,False,False,False,,,,,,
BURDIN  7374,1,BURDIN 7374,False,True,False,False,False,False,False,False,False,False,False,False,False,False,False,False,,,,,,
BURDIN  7696,1,BURDIN 7696,False,True,False,False,False,False,False,False,False,False,False,False,False,False,False,False,,,,,,
BURYI 2,1,BURYI,False,True,False,False,False,False,False,False,False,False,False,False,False,False,False,False,,,,,,
BÉCLAN,1,,False,False,False,False,False,False,False,True,False,False,False,False,False,False,False,False,,,,,,
BÉQUIGNOL,1,,False,False,False,False,False,False,False,False,False,False,False,False,False,True,False,False,,,,,,
CABERNET FRANC #,1,CABERNET FRANC,False,False,False,False,False,False,False,False,False,False,False,False,False,False,True,False,,,,,,
CABERNET GERNISCHET,1,CABERNET CUBIN,False,False,False,False,False,False,False,False,True,False,False,False,False,False,False,False,,,,,,
CABERNET-SAUVIGNON,1,,False,True,False,False,False,False,False,False,False,False,False,False,False,False,False,False,,,,,,
CACCIÒ DI FERMO NERO,1,CACCIO DI FERMO NERO,False,False,False,False,False,False,True,False,False,False,False,False,False,False,False,False,,,,,,
CALABRESE (NERO D'AVOLA),1,CALABRESE,False,False,False,False,False,False,True,False,False,False,False,False,False,False,False,False,,,,,,
CALABRESERTRAUBE (COLLECTION BICANE,1,CALABRESERTRAUBE (COLLECTION RODRIAN),False,False,False,False,True,False,False,False,False,False,False,False,False,False,False,False,,,,,,
CALMERIA = C11‐31‐5,1,CALMERIA,False,False,False,False,True,False,False,False,False,False,False,False,False,False,False,False,,,,,,
CAMARALET FAUX (CONSERVATOIRE DE CABERNET FRANC,1,CAMARALET FAUX,False,False,False,False,True,False,False,False,False,False,False,False,False,False,False,False,,,,,,
CAMARATE = PRETO MARTINHO,1,PRETO MARTINHO,False,False,False,False,False,False,False,False,False,False,False,False,False,True,False,False,,,,,,
CAMARATE = PRETO MARTINHO PARDINA = JAEN BLANCO,1,,False,False,False,False,True,False,False,False,False,False,False,False,False,False,False,False,,,,,,
CAMPOS DA PAZ,1,,False,False,False,False,False,False,False,False,False,False,False,False,False,False,True,False,,,,,,
CANAIOLO,1,CANAIOLO NERO,False,False,False,False,False,False,False,False,False,False,False,False,False,False,True,False,,,,,,
CANNELLA NERA,1,BOSSOLERA NERA,False,False,False,False,False,False,True,False,False,False,False,False,False,False,False,False,,,,,,
CANNONAU,1,,False,True,False,False,False,False,False,False,False,False,False,False,False,False,False,False,,,,,,
CANNONAU (GARNACHA TINTA),1,,False,False,False,False,False,False,True,False,False,False,False,False,False,False,False,False,,,,,,
CAOUCH ROSE,1,APULIA ROSE SEEDLESS,False,True,False,False,False,False,False,False,False,False,False,False,False,False,False,False,,,,,,
CARDINAL #,1,FRUMOASA DE GHIOROC X CARDINAL,False,False,False,False,False,False,False,False,False,False,False,False,False,False,True,False,,,,,,
CARIGNAN (MAZUELO),1,CARIGNAN BOUSCHET,False,False,False,False,False,False,True,False,False,False,False,False,False,False,False,False,,,,,,
CARLOS #,1,CARLOS,False,False,False,False,False,False,False,False,False,False,False,False,False,False,True,False,,,,,,
CARMÉNÈRE,1,,False,False,False,False,False,False,False,False,False,False,False,False,False,False,True,False,,,,,,
CARRARESA,1,,False,False,False,False,False,False,True,False,False,False,False,False,False,False,False,False,,,,,,
CARRASQUÍN,1,,False,False,False,False,False,False,False,True,False,False,False,False,False,False,False,False,,,,,,
CASCAROLO,1,CASCAROLO NERO,False,False,False,False,False,False,True,False,False,False,False,False,False,False,False,False,,,,,,
CASELLE,1,,False,False,False,False,False,False,False,False,False,False,False,False,True,False,False,False,,,,,,
CASTAÑAL,1,,False,False,False,False,False,False,False,True,False,False,False,False,False,False,False,False,,,,,,
CASTEL    173- 38,1,CASTEL 173- 38,False,False,False,False,False,False,False,False,False,False,False,False,False,False,False,True,,,,,,
CASTEL   188- 08,1,CASTEL 188- 15,False,False,False,False,False,False,False,False,False,False,False,False,False,False,False,True,,,,,,
CASTEL   224-  1,1,CASTEL 224- 1,False,False,False,False,False,False,False,False,False,False,False,False,False,False,False,True,,,,,,
CASTEL  1874,1,CASTEL 1874,False,False,False,False,False,False,False,False,False,False,False,False,False,False,False,True,,,,,,
CASTEL  1919,1,CASTEL 1919,False,False,False,False,False,False,False,False,False,False,False,False,False,False,False,True,,,,,,
CASTEL  2041,1,CASTEL 2041,False,False,False,False,False,False,False,False,False,False,False,False,False,False,False,True,,,,,,
CASTEL  2181,1,CASTEL 2181,False,False,False,False,False,False,False,False,False,False,False,False,False,False,False,True,,,,,,
CASTEL  2834,1,CASTEL 2834,False,False,False,False,False,False,False,False,False,False,False,False,False,False,False,True,,,,,,
CASTEL  2838,1,CASTEL 2838,False,False,False,False,False,False,False,False,False,False,False,False,False,False,False,True,,,,,,
CASTEL  5938,1,CASTEL 5938,False,False,False,False,False,False,False,False,False,False,False,False,False,False,False,True,,,,,,
CASTEL  6519,1,CASTEL 6519,False,False,False,False,False,False,False,False,False,False,False,False,False,False,False,True,,,,,,
CASTEL  6519 R,1,CASTEL 6519,False,False,False,False,False,False,False,False,False,False,False,False,False,False,False,True,,,,,,
CASTEL  6736,1,CASTEL 6736,False,False,False,False,False,False,False,False,False,False,False,False,False,False,False,True,,,,,,
CASTEL  6961,1,CASTEL 6961,False,False,False,False,False,False,False,False,False,False,False,False,False,False,False,True,,,,,,
CASTEL  6971,1,CASTEL 6971,False,False,False,False,False,False,False,False,False,False,False,False,False,False,False,True,,,,,,
CASTEL  7229,1,CASTEL 7229,False,False,False,False,False,False,False,False,False,False,False,False,False,False,False,True,,,,,,
CASTEL  7501,1,CASTEL 7501,False,False,False,False,False,False,False,False,False,False,False,False,False,False,False,True,,,,,,
CASTEL  7605,1,CASTEL 7605,False,False,False,False,False,False,False,False,False,False,False,False,False,False,False,True,,,,,,
CASTEL  7821,1,CASTEL 7821,False,False,False,False,False,False,False,False,False,False,False,False,False,False,False,True,,,,,,
CASTEL 216-3,1,CASTEL 2812,False,True,False,False,False,False,False,False,False,False,False,False,False,False,False,False,,,,,,
CASTELÃO #,1,,False,False,False,False,False,False,False,False,False,False,False,False,False,False,True,False,,,,,,
CASTETS = MATURANA TINTA DE NAVARRETE,1,,False,False,False,False,False,False,False,True,False,False,False,False,False,False,False,False,,,,,,
CASTILLÓN DE ARCOS,1,CASTILLO DE ARCOS,False,False,False,False,False,False,False,True,False,False,False,False,False,False,False,False,,,,,,
CATAWBA (4N),1,OTSUBU CATAWBA (4N),False,False,False,False,False,False,False,False,True,False,False,False,False,False,False,False,,,,,,
CATAWBA ROSA #,1,OTSUBU CATAWBA (4N),False,False,False,False,False,False,False,False,False,False,False,False,False,False,True,False,,,,,,
CAYETANA BLANCA = JAÉN BLANCO,1,CAYETANA BLANCA,False,False,False,False,False,False,False,True,False,False,False,False,False,False,False,False,,,,,,
CAÑOCAZO,1,,False,False,False,False,False,False,False,True,False,False,False,False,False,False,False,False,,,,,,
CAÑORROYO,1,,False,False,False,False,False,False,False,True,False,False,False,False,False,False,False,False,,,,,,
CEAUS,1,CEAUS ROZ FAUX,False,True,False,False,False,False,False,False,False,False,False,False,False,False,False,False,,,,,,
CERCIAL DU DAO,1,CERCIAL,False,False,False,False,False,False,True,False,False,False,False,False,False,False,False,False,,,,,,
CERCIAL DU DÃO,1,CERCIAL,False,False,False,False,False,False,False,True,False,False,False,False,False,False,False,False,,,,,,
CHAKAR ANGOUR TACHKENTSKY,1,CHAKAR ANGURA SAFID,False,False,False,False,False,False,False,False,False,False,False,False,False,True,False,False,,,,,,
CHAKAR ANGOUR TACHKENTSKY MATRASSA BLANC FAUX,1,MATRASSA BLANC FAUX,False,False,False,False,True,False,False,False,False,False,False,False,False,False,False,False,,,,,,
CHAMBEAUDIERE  540,1,CHAMBEAUDIERE 1336,False,False,False,False,False,False,False,False,False,False,False,False,False,False,False,True,,,,,,
CHAOUCH BILII,1,CHAOUCH ROZOVYI,False,True,False,False,False,False,False,False,False,False,False,False,False,False,False,False,,,,,,
CHASSELAS DES BOUCHES‐DU‐RHÔNE COARNA ALBA,1,COARNA ALBA,False,False,False,False,True,False,False,False,False,False,False,False,False,False,False,False,,,,,,
CHASSELAS DORATO,1,CHASSELAS DE BANEASA,False,True,False,False,False,False,False,False,False,False,False,False,False,False,False,False,,,,,,
CHATUS N.,1,CHATUS NOIR DE MAURE,False,True,False,False,False,False,False,False,False,False,False,False,False,False,False,False,,,,,,
CHIAVENNASCA BIANCA,1,GIUSTILISA BIANCA,False,True,False,False,False,False,False,False,False,False,False,False,False,False,False,False,,,,,,
CILIEGIOLO UNIPI,1,CILIEGIOLO,False,False,False,False,False,False,True,False,False,False,False,False,False,False,False,False,,,,,,
CINCAUT,1,,False,True,False,False,False,False,False,False,False,False,False,False,False,False,False,False,,,,,,
CJANORIE,1,,False,False,False,False,False,False,True,False,False,False,False,False,False,False,False,False,,,,,,
CLAIRETTE #,1,CLAIRETTE BELDI 3612,False,False,False,False,False,False,False,False,False,False,False,False,False,False,True,False,,,,,,
COARNA ALB,1,COARNA ALBA,False,True,False,False,False,False,False,False,False,False,False,False,False,False,False,False,,,,,,
CODA DI VOLPE,1,CODA DI VOLPE BIANCA,False,False,False,False,False,False,False,False,False,False,False,False,False,False,True,False,,,,,,
COLORINO (ABRUSCO),1,COLORINO DI PISA,False,False,False,False,False,False,True,False,False,False,False,False,False,False,False,False,,,,,,
COMPLETER,1,,False,True,False,False,False,False,False,False,False,False,False,False,False,False,False,False,,,,,,
CONCA D'ORO (NON IDENTIFIED),1,CONCA D'ORO,False,False,False,False,False,False,True,False,False,False,False,False,False,False,False,False,,,,,,
CONCORD #,1,CONCORD CHASSELAS,False,False,False,False,False,False,False,False,False,False,False,False,False,False,True,False,,,,,,
CONCORD PRECOCE,1,CONCORD CHASSELAS,False,False,False,False,False,False,False,False,False,False,False,False,False,False,True,False,,,,,,
CORAZON DE CABRITO,1,CORAZON DE GALLO,False,False,False,False,False,False,True,False,False,False,False,False,False,False,False,False,,,,,,
CORAZÓN DE CABRITO,1,,False,False,False,False,False,False,False,True,False,False,False,False,False,False,False,False,,,,,,
CORINTHE NOIR = KORINTHIAKI,1,ARBANE NOIR,False,False,False,False,False,False,False,True,False,False,False,False,False,False,False,False,,,,,,
CORINTO (FALSO),1,CORINTO NERO (NON IDENTIFIED),False,False,False,False,False,False,True,False,False,False,False,False,False,False,False,False,,,,,,
CORNALLIN,1,,False,False,False,False,False,False,True,False,False,False,False,False,False,False,False,False,,,,,,
CORNICHON BLANC (NON-IDENTIFIED),1,CORNICHON BLANC (NON IDENTIFIED),False,False,False,False,False,False,False,True,False,False,False,False,False,False,False,False,,,,,,
CORNIOLA (FALSE),1,CORNIOLA NERA,False,False,False,False,False,False,True,False,False,False,False,False,False,False,False,False,,,,,,
CORVINA VERONE,1,CORVINA VERONESE,False,False,False,False,False,False,False,False,False,False,False,False,False,False,True,False,,,,,,
COSMO   2,1,COSMO 108,False,True,False,False,False,False,False,False,False,False,False,False,False,False,False,False,,,,,,
COSMO   9,1,COSMO 108,False,True,False,False,False,False,False,False,False,False,False,False,False,False,False,False,,,,,,
COSMO  10,1,COSMO 108,False,True,False,False,False,False,False,False,False,False,False,False,False,False,False,False,,,,,,
COSMO  95,1,COSMO 108,False,False,False,False,False,False,False,False,False,False,False,False,False,False,False,True,,,,,,
COUDERC,1,COUDERC 2,False,False,False,False,False,False,False,False,True,False,False,False,False,False,False,False,,,,,,
COUDERC     3,1,COUDERC 90- 38,False,False,False,False,False,False,False,False,False,False,False,False,False,False,False,True,,,,,,
COUDERC     8,1,COUDERC 90- 38,False,False,False,False,False,False,False,False,False,False,False,False,False,False,False,True,,,,,,
COUDERC     9-   3,1,COUDERC 90- 38,False,False,False,False,False,False,False,False,False,False,False,False,False,False,False,True,,,,,,
COUDERC    10,1,COUDERC 90- 38,False,False,False,False,False,False,False,False,False,False,False,False,False,False,False,True,,,,,,
COUDERC    14,1,COUDERC 90- 38,False,False,False,False,False,False,False,False,False,False,False,False,False,False,False,True,,,,,,
COUDERC    19- 21,1,COUDERC 90- 38,False,False,False,False,False,False,False,False,False,False,False,False,False,False,False,True,,,,,,
COUDERC    20,1,COUDERC 90- 38,False,False,False,False,False,False,False,False,False,False,False,False,False,False,False,True,,,,,,
COUDERC    22,1,COUDERC 90- 38,False,False,False,False,False,False,False,False,False,False,False,False,False,False,False,True,,,,,,
COUDERC    23,1,COUDERC 90- 38,False,False,False,False,False,False,False,False,False,False,False,False,False,False,False,True,,,,,,
COUDERC    24,1,COUDERC 90- 38,False,False,False,False,False,False,False,False,False,False,False,False,False,False,False,True,,,,,,
COUDERC    63- 17,1,COUDERC 90- 38,False,False,False,False,False,False,False,False,False,False,False,False,False,False,False,True,,,,,,
COUDERC    64- 19,1,COUDERC 90- 38,False,False,False,False,False,False,False,False,False,False,False,False,False,False,False,True,,,,,,
COUDERC    74- 17,1,COUDERC 90- 38,False,False,False,False,False,False,False,False,False,False,False,False,False,False,False,True,,,,,,
COUDERC    82- 12,1,COUDERC 90- 38,False,False,False,False,False,False,False,False,False,False,False,False,False,False,False,True,,,,,,
COUDERC    82- 13,1,COUDERC 90- 38,False,False,False,False,False,False,False,False,False,False,False,False,False,False,False,True,,,,,,
COUDERC    84- 16,1,COUDERC 90- 38,False,False,False,False,False,False,False,False,False,False,False,False,False,False,False,True,,,,,,
COUDERC    84- 18,1,COUDERC 90- 38,False,False,False,False,False,False,False,False,False,False,False,False,False,False,False,True,,,,,,
COUDERC    85-  1,1,COUDERC 90- 38,False,False,False,False,False,False,False,False,False,False,False,False,False,False,False,True,,,,,,
COUDERC    85- 16,1,COUDERC 90- 38,False,False,False,False,False,False,False,False,False,False,False,False,False,False,False,True,,,,,,
COUDERC    85-113,1,COUDERC 85-113,False,False,False,False,False,False,False,False,False,False,False,False,False,False,False,True,,,,,,
COUDERC    87- 83,1,COUDERC 90- 38,False,False,False,False,False,False,False,False,False,False,False,False,False,False,False,True,,,,,,
COUDERC    87-115,1,COUDERC 87-115,False,False,False,False,False,False,False,False,False,False,False,False,False,False,False,True,,,,,,
COUDERC    88- 13,1,COUDERC 90- 38,False,False,False,False,False,False,False,False,False,False,False,False,False,False,False,True,,,,,,
COUDERC    89- 23,1,COUDERC 90- 38,False,False,False,False,False,False,False,False,False,False,False,False,False,False,False,True,,,,,,
COUDERC    90- 38,1,COUDERC 90- 38,False,False,False,False,False,False,False,False,False,False,False,False,False,False,False,True,,,,,,
COUDERC    92- 21,1,COUDERC 90- 38,False,False,False,False,False,False,False,False,False,False,False,False,False,False,False,True,,,,,,
COUDERC    96- 32,1,COUDERC 90- 38,False,False,False,False,False,False,False,False,False,False,False,False,False,False,False,True,,,,,,
COUDERC    97- 16,1,COUDERC 90- 38,False,False,False,False,False,False,False,False,False,False,False,False,False,False,False,True,,,,,,
COUDERC    97- 95,1,COUDERC 90- 38,False,False,False,False,False,False,False,False,False,False,False,False,False,False,False,True,,,,,,
COUDERC   121,1,COUDERC 90- 38,False,False,False,False,False,False,False,False,False,False,False,False,False,False,False,True,,,,,,
COUDERC   122- 20,1,COUDERC 122- 20,False,False,False,False,False,False,False,False,False,False,False,False,False,False,False,True,,,,,,
COUDERC   126- 22,1,COUDERC 126- 8,False,False,False,False,False,False,False,False,False,False,False,False,False,False,False,True,,,,,,
COUDERC   136- 04,1,COUDERC 136- 04,False,False,False,False,False,False,False,False,False,False,False,False,False,False,False,True,,,,,,
COUDERC   146- 41,1,COUDERC 146- 41,False,False,False,False,False,False,False,False,False,False,False,False,False,False,False,True,,,,,,
COUDERC   162-  5,1,COUDERC 162- 5,False,False,False,False,False,False,False,False,False,False,False,False,False,False,False,True,,,,,,
COUDERC   175,1,COUDERC 90- 38,False,False,False,False,False,False,False,False,False,False,False,False,False,False,False,True,,,,,,
COUDERC   199- 81,1,COUDERC 199- 18,False,False,False,False,False,False,False,False,False,False,False,False,False,False,False,True,,,,,,
COUDERC   201- 80,1,COUDERC 201- 24,False,False,False,False,False,False,False,False,False,False,False,False,False,False,False,True,,,,,,
COUDERC   215- 17,1,COUDERC 215- 17,False,False,False,False,False,False,False,False,False,False,False,False,False,False,False,True,,,,,,
COUDERC   215- 19,1,COUDERC 215- 17,False,False,False,False,False,False,False,False,False,False,False,False,False,False,False,True,,,,,,
COUDERC   216-  2,1,COUDERC 216- 2,False,False,False,False,False,False,False,False,False,False,False,False,False,False,False,True,,,,,,
COUDERC   219,1,COUDERC 90- 38,False,False,False,False,False,False,False,False,False,False,False,False,False,False,False,True,,,,,,
COUDERC   246-123,1,COUDERC 246-123,False,False,False,False,False,False,False,False,False,False,False,False,False,False,False,True,,,,,,
COUDERC   251-155,1,COUDERC 251-155,False,False,False,False,False,False,False,False,False,False,False,False,False,False,False,True,,,,,,
COUDERC   252- 14,1,COUDERC 252- 14,False,False,False,False,False,False,False,False,False,False,False,False,False,False,False,True,,,,,,
COUDERC   261- 50,1,COUDERC 261- 50,False,False,False,False,False,False,False,False,False,False,False,False,False,False,False,True,,,,,,
COUDERC   265,1,COUDERC 90- 38,False,False,False,False,False,False,False,False,False,False,False,False,False,False,False,True,,,,,,
COUDERC   287 BIS A,1,COUDERC 90- 38,False,False,False,False,False,False,False,False,False,False,False,False,False,False,False,True,,,,,,
COUDERC   337- 50,1,COUDERC 337- 50,False,False,False,False,False,False,False,False,False,False,False,False,False,False,False,True,,,,,,
COUDERC   338- 84,1,COUDERC 338- 84,False,False,False,False,False,False,False,False,False,False,False,False,False,False,False,True,,,,,,
COUDERC   404,1,COUDERC 90- 38,False,False,False,False,False,False,False,False,False,False,False,False,False,False,False,True,,,,,,
COUDERC   532-  4,1,COUDERC 532- 4,False,False,False,False,False,False,False,False,False,False,False,False,False,False,False,True,,,,,,
COUDERC   554,1,COUDERC 90- 38,False,False,False,False,False,False,False,False,False,False,False,False,False,False,False,True,,,,,,
COUDERC   582-  4,1,COUDERC 582- 4,False,False,False,False,False,False,False,False,False,False,False,False,False,False,False,True,,,,,,
COUDERC   604,1,COUDERC 90- 38,False,False,False,False,False,False,False,False,False,False,False,False,False,False,False,True,,,,,,
COUDERC   639- 15,1,COUDERC 639- 15,False,False,False,False,False,False,False,False,False,False,False,False,False,False,False,True,,,,,,
COUDERC   802,1,COUDERC 90- 38,False,False,False,False,False,False,False,False,False,False,False,False,False,False,False,True,,,,,,
COUDERC  1102,1,COUDERC 1102,False,False,False,False,False,False,False,False,False,False,False,False,False,False,False,True,,,,,,
COUDERC  1106,1,COUDERC 1106,False,False,False,False,False,False,False,False,False,False,False,False,False,False,False,True,,,,,,
COUDERC  1203,1,COUDERC 1203,False,False,False,False,False,False,False,False,False,False,False,False,False,False,False,True,,,,,,
COUDERC  1206,1,COUDERC 1206,False,False,False,False,False,False,False,False,False,False,False,False,False,False,False,True,,,,,,
COUDERC  1208,1,COUDERC 1208,False,False,False,False,False,False,False,False,False,False,False,False,False,False,False,True,,,,,,
COUDERC  1301,1,COUDERC 1301,False,False,False,False,False,False,False,False,False,False,False,False,False,False,False,True,,,,,,
COUDERC  1304,1,COUDERC 1304,False,False,False,False,False,False,False,False,False,False,False,False,False,False,False,True,,,,,,
COUDERC  1305,1,COUDERC 1305,False,False,False,False,False,False,False,False,False,False,False,False,False,False,False,True,,,,,,
COUDERC  1613- 57,1,COUDERC 1613- 57,False,False,False,False,False,False,False,False,False,False,False,False,False,False,False,True,,,,,,
COUDERC  1661,1,COUDERC 1661,False,False,False,False,False,False,False,False,False,False,False,False,False,False,False,True,,,,,,
COUDERC  1904,1,COUDERC 1904,False,False,False,False,False,False,False,False,False,False,False,False,False,False,False,True,,,,,,
COUDERC  2061,1,COUDERC 2061,False,False,False,False,False,False,False,False,False,False,False,False,False,False,False,True,,,,,,
COUDERC  226- 58,1,COUDERC 226- 58,False,False,False,False,False,False,False,False,False,False,False,False,False,False,False,True,,,,,,
COUDERC  2627- 11,1,COUDERC 2627- 11,False,False,False,False,False,False,False,False,False,False,False,False,False,False,False,True,,,,,,
COUDERC  2859,1,COUDERC 2859,False,False,False,False,False,False,False,False,False,False,False,False,False,False,False,True,,,,,,
COUDERC  3301,1,COUDERC 3301,False,False,False,False,False,False,False,False,False,False,False,False,False,False,False,True,,,,,,
COUDERC  3303,1,COUDERC 3303,False,False,False,False,False,False,False,False,False,False,False,False,False,False,False,True,,,,,,
COUDERC  3311,1,COUDERC 3311,False,False,False,False,False,False,False,False,False,False,False,False,False,False,False,True,,,,,,
COUDERC  3601,1,COUDERC 3601,False,False,False,False,False,False,False,False,False,False,False,False,False,False,False,True,,,,,,
COUDERC  4306,1,COUDERC 4306,False,False,False,False,False,False,False,False,False,False,False,False,False,False,False,True,,,,,,
COUDERC  4986,1,COUDERC 4986,False,False,False,False,False,False,False,False,False,False,False,False,False,False,False,True,,,,,,
COUDERC  5412,1,COUDERC 5412,False,False,False,False,False,False,False,False,False,False,False,False,False,False,False,True,,,,,,
COUDERC  6055,1,COUDERC 6055,False,False,False,False,False,False,False,False,False,False,False,False,False,False,False,True,,,,,,
COUDERC  7201,1,COUDERC 7201,False,False,False,False,False,False,False,False,False,False,False,False,False,False,False,True,,,,,,
COUDERC  7502,1,COUDERC 7502,False,False,False,False,False,False,False,False,False,False,False,False,False,False,False,True,,,,,,
COUDERC 1,1,COUDERC 13,False,False,False,False,False,False,False,False,False,False,False,False,False,False,True,False,,,,,,
COUDERC 161-49,1,COUDERC 90- 38,False,True,False,False,False,False,False,False,False,False,False,False,False,False,False,False,,,,,,
COUDERC 25 (QUESTIONABLE),1,COUDERC 90- 38,False,False,False,False,False,False,True,False,False,False,False,False,False,False,False,False,,,,,,
COUTINHO  6,1,COUTINHO 19,False,True,False,False,False,False,False,False,False,False,False,False,False,False,False,False,,,,,,
CREPOLINO,1,,False,True,False,False,False,False,False,False,False,False,False,False,False,False,False,False,,,,,,
CRIOLLA   1,1,CRIOLLA GRANDE SANJUANINA,False,True,False,False,False,False,False,False,False,False,False,False,False,False,False,False,,,,,,
CRIOLLA   5,1,CRIOLLA GRANDE SANJUANINA,False,True,False,False,False,False,False,False,False,False,False,False,False,False,False,False,,,,,,
CRIOLLA   6,1,CRIOLLA GRANDE SANJUANINA,False,True,False,False,False,False,False,False,False,False,False,False,False,False,False,False,,,,,,
CRIOLLA GRANDE,1,CRIOLLA GRANDE SANJUANINA,False,True,False,False,False,False,False,False,False,False,False,False,False,False,False,False,,,,,,
CROATINA N.,1,CROATINA DI ROVESCALA,False,True,False,False,False,False,False,False,False,False,False,False,False,False,False,False,,,,,,
DALMASSO  3-32,1,DALMASSO 3-32,False,True,False,False,False,False,False,False,False,False,False,False,False,False,False,False,,,,,,
DALMASSO  3-33,1,DALMASSO 3-33,False,True,False,False,False,False,False,False,False,False,False,False,False,False,False,False,,,,,,
DALMASSO  4- 6,1,DALMASSO 6-17,False,True,False,False,False,False,False,False,False,False,False,False,False,False,False,False,,,,,,
DALMASSO  4-27,1,DALMASSO 4-27,False,False,False,False,False,False,False,False,False,False,False,False,False,False,False,True,,,,,,
DALMASSO  5- 1,1,DALMASSO 6-17,False,True,False,False,False,False,False,False,False,False,False,False,False,False,False,False,,,,,,
DALMASSO  6- 6,1,DALMASSO 6-17,False,True,False,False,False,False,False,False,False,False,False,False,False,False,False,False,,,,,,
DALMASSO  6- 9,1,DALMASSO 6-17,False,True,False,False,False,False,False,False,False,False,False,False,False,False,False,False,,,,,,
DALMASSO  6-24,1,DALMASSO 6-24,False,True,False,False,False,False,False,False,False,False,False,False,False,False,False,False,,,,,,
DALMASSO  7-23,1,DALMASSO 7-23,False,False,False,False,False,False,False,False,False,False,False,False,False,False,False,True,,,,,,
DALMASSO  8- 1,1,DALMASSO 6-17,False,True,False,False,False,False,False,False,False,False,False,False,False,False,False,False,,,,,,
DALMASSO  8-10,1,DALMASSO 8-10,False,False,False,False,False,False,False,False,False,False,False,False,False,False,False,True,,,,,,
DALMASSO  9-  2,1,DALMASSO 6-17,False,True,False,False,False,False,False,False,False,False,False,False,False,False,False,False,,,,,,
DALMASSO 14-   4,1,DALMASSO 6-17,False,True,False,False,False,False,False,False,False,False,False,False,False,False,False,False,,,,,,
DARKAIA NOIR = COARNA NEAGRA,1,COARNA NEAGRA,False,False,False,False,False,False,False,True,False,False,False,False,False,False,False,False,,,,,,
DARKEIA NOIR,1,ARBANE NOIR,False,True,False,False,False,False,False,False,False,False,False,False,False,False,False,False,,,,,,
DATTIER DE BEYROUTH = AFUZ ALI ALMEIDA 31‐54‐41,1,,False,False,False,False,True,False,False,False,False,False,False,False,False,False,False,False,,,,,,
DATTIER DE BEYROUTH = AFUZ ALI ANGELO PIROVANO = PIROVANO 2,1,ANGELO PIROVANO,False,False,False,False,True,False,False,False,False,False,False,False,False,False,False,False,,,,,,
DATTIER DE BEYROUTH = AFUZ ALI LIGNAN,1,,False,False,False,False,True,False,False,False,False,False,False,False,False,False,False,False,,,,,,
DATTIER DE BEYROUTH = AFUZ ALI SULTANA MOSCATA = PIROVANO 75,1,,False,False,False,False,True,False,False,False,False,False,False,False,False,False,False,False,,,,,,
DATTIER DE SAINT VALLIER,1,DATTIER DE ST. VALLIER,False,True,False,False,False,False,False,False,False,False,False,False,False,False,False,False,,,,,,
DAVIS B 40-29,1,DAVIS B 55- 41,False,True,False,False,False,False,False,False,False,False,False,False,False,False,False,False,,,,,,
"DAVIS B 46,43",1,DAVIS B 55- 41,False,True,False,False,False,False,False,False,False,False,False,False,False,False,False,False,,,,,,
DAVIS B 46-43,1,DAVIS B 55- 41,False,True,False,False,False,False,False,False,False,False,False,False,False,False,False,False,,,,,,
DAVIS K  5- 20,1,DAVIS B 55- 41,False,False,False,False,False,False,False,False,False,False,False,False,False,False,False,True,,,,,,
DAVS B 46-43,1,,False,True,False,False,False,False,False,False,False,False,False,False,False,False,False,False,,,,,,
DEDO DE DAMA.,1,DEDO DE DAMA,False,True,False,False,False,False,False,False,False,False,False,False,False,False,False,False,,,,,,
DEKORATIVNII,1,,False,True,False,False,False,False,False,False,False,False,False,False,False,False,False,False,,,,,,
DELIZIA DI VAPRIO = PIROVANO 46 A,1,DELIZIA DI VAPRIO,False,False,False,False,True,False,False,False,False,False,False,False,False,False,False,False,,,,,,
DELIZIA DI VAPRIO = PIROVANO 46 A MUSCAT D'ALEXANDRIE,1,DELIZIA DI VAPRIO,False,False,False,False,True,False,False,False,False,False,False,False,False,False,False,False,,,,,,
DELIZIA GIALLA = PIROVANO 266,1,DELIZIA GIALLA,False,False,False,False,False,False,False,False,False,False,False,False,False,True,False,False,,,,,,
DELIZIA GIALLA = PIROVANO 266 MUSCAT DE HAMBOURG,1,DELIZIA GIALLA,False,False,False,False,True,False,False,False,False,False,False,False,False,False,False,False,,,,,,
DES BORDS SABLEUX,1,RIPARIA DES BORDS SABLEUX,False,False,False,False,False,False,False,False,False,False,False,False,True,False,False,False,,,,,,
DINKA ZOLD,1,DINKA (RUZIKA),False,False,False,False,False,False,True,False,False,False,False,False,False,False,False,False,,,,,,
DINKA ZÖLD,1,DINKA (RUZIKA),False,False,False,False,False,False,False,True,False,False,False,False,False,False,False,False,,,,,,
DIZMARI,1,,False,True,False,False,False,False,False,False,False,False,False,False,False,False,False,False,,,,,,
DIZMARY,1,,False,True,False,False,False,False,False,False,False,False,False,False,False,False,False,False,,,,,,
DLINNOKHVOSTY,1,,False,False,False,False,True,False,False,False,False,False,False,False,False,False,False,False,,,,,,
DOLCETTO CNR-UNITO,1,DOLCETTO BIANCO,False,False,False,False,False,False,True,False,False,False,False,False,False,False,False,False,,,,,,
DOMINA = GEILWEILERHOF 4‐25‐7 PINOT,1,,False,False,False,False,True,False,False,False,False,False,False,False,False,False,False,False,,,,,,
DONA MARIA = LEAO FERREIRA DA MUSCAT D'ALEXANDRIE,1,,False,False,False,False,True,False,False,False,False,False,False,False,False,False,False,False,,,,,,
DONA ZILÁ,1,DONA ANA,False,False,False,False,False,False,False,False,False,False,False,False,False,False,True,False,,,,,,
DOUX D'HENRY N.,1,DOUX D'HENRI,False,True,False,False,False,False,False,False,False,False,False,False,False,False,False,False,,,,,,
DUFOUR 11 F,1,DUFOUR,False,False,False,False,False,False,False,False,False,False,False,False,True,False,False,False,,,,,,
DUNAVSKI MISKET,1,DUNAVSKI MISKET X CARDINAL,False,True,False,False,False,False,False,False,False,False,False,False,False,False,False,False,,,,,,
DURAGUZA,1,,False,True,False,False,False,False,False,False,False,False,False,False,False,False,False,False,,,,,,
DURANIJA,1,DURANIJA BIJELA,False,True,False,False,False,False,False,False,False,False,False,False,False,False,False,False,,,,,,
EBADI B  98,1,EBADI K 93,False,True,False,False,False,False,False,False,False,False,False,False,False,False,False,False,,,,,,
EBADI I  21,1,EBADI K 93,False,True,False,False,False,False,False,False,False,False,False,False,False,False,False,False,,,,,,
EBADI I  73,1,EBADI K 93,False,True,False,False,False,False,False,False,False,False,False,False,False,False,False,False,,,,,,
EBADI K  67,1,EBADI K 93,False,True,False,False,False,False,False,False,False,False,False,False,False,False,False,False,,,,,,
EBADI K  93,1,EBADI K 93,False,True,False,False,False,False,False,False,False,False,False,False,False,False,False,False,,,,,,
EBADI R  80,1,EBADI K 93,False,True,False,False,False,False,False,False,False,False,False,False,False,False,False,False,,,,,,
EBADI R  84,1,EBADI K 93,False,True,False,False,False,False,False,False,False,False,False,False,False,False,False,False,,,,,,
EBADI S  40,1,EBADI K 93,False,True,False,False,False,False,False,False,False,False,False,False,False,False,False,False,,,,,,
EBADI S  54,1,EBADI K 93,False,True,False,False,False,False,False,False,False,False,False,False,False,False,False,False,,,,,,
EBADI S  55,1,EBADI K 93,False,True,False,False,False,False,False,False,False,False,False,False,False,False,False,False,,,,,,
ECOLE MONTPELLIER  34,1,ECOLE MONTPELLIER 142,False,False,False,False,False,False,False,False,False,False,False,False,False,False,False,True,,,,,,
EKIM KARA FAUX,1,EKIM KARA FAUX (COLLECTION CONEGLIANO),False,True,False,False,False,False,False,False,False,False,False,False,False,False,False,False,,,,,,
ELBING,1,,False,True,False,False,False,False,False,False,False,False,False,False,False,False,False,False,,,,,,
ELVIRA #,1,ELVIRA,False,False,False,False,False,False,False,False,False,False,False,False,False,False,True,False,,,,,,
ERBISEDDA (CARCAJOLO BLANC),1,,False,False,False,False,False,False,True,False,False,False,False,False,False,False,False,False,,,,,,
ESCURSACH,1,,False,False,False,False,False,False,True,False,False,False,False,False,False,False,False,False,,,,,,
EXCURSACH,1,,False,True,False,False,False,False,False,False,False,False,False,False,False,False,False,False,,,,,,
EZEREVES MAGYARORSZAG EMLEKE CHASSELAS,1,EZEREVES MAGYARORSZAG EMLEKE,False,False,False,False,True,False,False,False,False,False,False,False,False,False,False,False,,,,,,
EZEREVES MAGYARORSZAG EMLEKE THALLOCSY LAJOS MUSKOTALY =,1,EZEREVES MAGYARORSZAG EMLEKE,False,False,False,False,True,False,False,False,False,False,False,False,False,False,False,False,,,,,,
EZEREVES MAGYAROSZAG EMLEKE,1,EZEREVES MAGYARORSZAG EMLEKE,False,True,False,False,False,False,False,False,False,False,False,False,False,False,False,False,,,,,,
F AHMAR DERANI,1,AHMAR DERANI,False,False,False,False,True,False,False,False,False,False,False,False,False,False,False,False,,,,,,
F AHMEUR BOU AHMEUR,1,AHMEUR BOU AHMEUR,False,False,False,False,True,False,False,False,False,False,False,False,False,False,False,False,,,,,,
F AK CHEKEREK,1,,False,False,False,False,True,False,False,False,False,False,False,False,False,False,False,False,,,,,,
F ALFROCHEIRO PRETO,1,ALFROCHEIRO,False,False,False,False,True,False,False,False,False,False,False,False,False,False,False,False,,,,,,
F ALICANTE HENRI BOUSCHET,1,ALICANTE HENRI BOUSCHET,False,False,False,False,True,False,False,False,False,False,False,False,False,False,False,False,,,,,,
F ALPHONSE LAVALLÉE,1,ALPHONSE LAVALLEE,False,False,False,False,True,False,False,False,False,False,False,False,False,False,False,False,,,,,,
F AMARAL = CAIÑO LONGO,1,AMARAL BRANCO,False,False,False,False,True,False,False,False,False,False,False,False,False,False,False,False,,,,,,
F ASSOUED KERE,1,ASSOUED KERE,False,False,False,False,True,False,False,False,False,False,False,False,False,False,False,False,,,,,,
F ASSYL KARA,1,BOSAR KARA,False,False,False,False,True,False,False,False,False,False,False,False,False,False,False,False,,,,,,
F AUBUN,1,AUBUN,False,False,False,False,True,False,False,False,False,False,False,False,False,False,False,False,,,,,,
F AZOUGAH,1,AZOUGAH,False,False,False,False,True,False,False,False,False,False,False,False,False,False,False,False,,,,,,
F BEAUTY SEEDLESS,1,BEAUTY SEEDLESS,False,False,False,False,True,False,False,False,False,False,False,False,False,False,False,False,,,,,,
F BERBECEL = APROFEHER,1,BERBECEL,False,False,False,False,True,False,False,False,False,False,False,False,False,False,False,False,,,,,,
F BEST'S R2 V73,1,,False,False,False,False,True,False,False,False,False,False,False,False,False,False,False,False,,,,,,
F BLANK BLAUER = VULPEA,1,BLANK WEISS,False,False,False,False,True,False,False,False,False,False,False,False,False,False,False,False,,,,,,
F BORRAÇAL,1,,False,False,False,False,True,False,False,False,False,False,False,False,False,False,False,False,,,,,,
F BOUCHEREAU,1,BOUCHEREAU,False,False,False,False,True,False,False,False,False,False,False,False,False,False,False,False,,,,,,
F BOUQUETTRAUBE,1,,False,False,False,False,True,False,False,False,False,False,False,False,False,False,False,False,,,,,,
F BRUSTIANO FAUX (COLLECTION PARC DE (COLLECTION TORRES S.A.),1,EARLY DAWN FAUX (COLLECTION RAVAZ),False,False,False,False,True,False,False,False,False,False,False,False,False,False,False,False,,,,,,
F BRUSTIANO FAUX (COLLECTION PARC DE LA TÊTE D'OR),1,SALICETTE (COLLECTION PARC DE LA TETE D'OR),False,False,False,False,True,False,False,False,False,False,False,False,False,False,False,False,,,,,,
F BÉQUIGNOL,1,,False,False,False,False,True,False,False,False,False,False,False,False,False,False,False,False,,,,,,
F CHASSELAS,1,CHASSELAS DE BANEASA,False,False,False,False,True,False,False,False,False,False,False,False,False,False,False,False,,,,,,
F CHIKKI,1,CHIKKI,False,False,False,False,True,False,False,False,False,False,False,False,False,False,False,False,,,,,,
F CLAIRETTE,1,CLAIRETTE BELDI 3612,False,False,False,False,True,False,False,False,False,False,False,False,False,False,False,False,,,,,,
F CORINTHE NOIR,1,ARBANE NOIR,False,False,False,False,True,False,False,False,False,False,False,False,False,False,False,False,,,,,,
F CORTEZA NERA,1,BOSSOLERA NERA,False,False,False,False,True,False,False,False,False,False,False,False,False,False,False,False,,,,,,
F COT = MALBEC,1,CABERNET MALBEC 2,False,False,False,False,True,False,False,False,False,False,False,False,False,False,False,False,,,,,,
F COURBU,1,COURBU PETIT,False,False,False,False,True,False,False,False,False,False,False,False,False,False,False,False,,,,,,
F CROUCHEN,1,CROUCHEN,False,False,False,False,True,False,False,False,False,False,False,False,False,False,False,False,,,,,,
F CRUCIULITA,1,CRUCIULITA,False,False,False,False,True,False,False,False,False,False,False,False,False,False,False,False,,,,,,
F DATTIER DE BEYROUTH = AFUZ ALI,1,DATTIER NOIR,False,False,False,False,True,False,False,False,False,False,False,False,False,False,False,False,,,,,,
F DEDO DE DAMA,1,DEDO DE DAMA,False,False,False,False,True,False,False,False,False,False,False,False,False,False,False,False,,,,,,
F DELIGHT,1,DELIGHT,False,False,False,False,True,False,False,False,False,False,False,False,False,False,False,False,,,,,,
F DELIZIA DI VAPRIO = PIROVANO 46 A,1,DELIZIA DI VAPRIO,False,False,False,False,True,False,False,False,False,False,False,False,False,False,False,False,,,,,,
F DIMIAT,1,,False,False,False,False,True,False,False,False,False,False,False,False,False,False,False,False,,,,,,
F EKIM KARA FAUX (COLLECTION CONEGLIANO),1,EKIM KARA FAUX (COLLECTION CONEGLIANO),False,False,False,False,True,False,False,False,False,False,False,False,False,False,False,False,,,,,,
F EZERJO,1,EZERJO,False,False,False,False,True,False,False,False,False,False,False,False,False,False,False,False,,,,,,
F FERRAL = PRUNESTA ROSSO VIOLACEA,1,,False,False,False,False,True,False,False,False,False,False,False,False,False,False,False,False,,,,,,
F FRANCUSE,1,FRANCUSE,False,False,False,False,True,False,False,False,False,False,False,False,False,False,False,False,,,,,,
F FRANKENTHAL = SCHIAVA GROSSA,1,SCHIAVA GROSSA,False,False,False,False,True,False,False,False,False,False,False,False,False,False,False,False,,,,,,
F FURMINT,1,FURMINT VALTOEZOE,False,False,False,False,True,False,False,False,False,False,False,False,False,False,False,False,,,,,,
F GARGANEGA = GRECANICO,1,GARGANEGA MASCIO,False,False,False,False,True,False,False,False,False,False,False,False,False,False,False,False,,,,,,
F GLACIÈRE,1,,False,False,False,False,True,False,False,False,False,False,False,False,False,False,False,False,,,,,,
F GOUAIS BLANC = HEUNISCH WEISS,1,HEUNISCH WEISS SEEDLESS,False,False,False,False,True,False,False,False,False,False,False,False,False,False,False,False,,,,,,
F GROS COLMAN,1,GROS COLMAN BLANC,False,False,False,False,True,False,False,False,False,False,False,False,False,False,False,False,,,,,,
F GYÖNGY FEHER,1,LISZTES FEHER,False,False,False,False,True,False,False,False,False,False,False,False,False,False,False,False,,,,,,
F HAMVAS,1,HAMVAS,False,False,False,False,True,False,False,False,False,False,False,False,False,False,False,False,,,,,,
F HEPTAKILO,1,HEPTAKILO,False,False,False,False,True,False,False,False,False,False,False,False,False,False,False,False,,,,,,
F JELUDOVII,1,,False,False,False,False,True,False,False,False,False,False,False,False,False,False,False,False,,,,,,
F KADARKA,1,OLASZ KADARKA,False,False,False,False,True,False,False,False,False,False,False,False,False,False,False,False,,,,,,
F KAISI ROUMI,1,KAISI ROMI,False,False,False,False,True,False,False,False,False,False,False,False,False,False,False,False,,,,,,
F KECSKECSECSU ROSZAS PIROS,1,PRIMOER PIROS,False,False,False,False,True,False,False,False,False,False,False,False,False,False,False,False,,,,,,
F KHALILI BELYI,1,KHALILI BELYI,False,False,False,False,True,False,False,False,False,False,False,False,False,False,False,False,,,,,,
F KHOUSSAÏNÉ BLANC,1,TEOULIER BLANC FEMELLE,False,False,False,False,True,False,False,False,False,False,False,False,False,False,False,False,,,,,,
F KICHMICH ROND,1,KARA KICHMICH OVROUT,False,False,False,False,True,False,False,False,False,False,False,False,False,False,False,False,,,,,,
F KICHMICH TCHERNI,1,KARA KICHMICH OVROUT,False,False,False,False,True,False,False,False,False,False,False,False,False,False,False,False,,,,,,
F KOKOUR BELY,1,CROUSHEVSKI BELY,False,False,False,False,True,False,False,False,False,False,False,False,False,False,False,False,,,,,,
F LIGNAN,1,,False,False,False,False,True,False,False,False,False,False,False,False,False,False,False,False,,,,,,
F LIMBERGER = BLAUFRÄNKISCH,1,,False,False,False,False,True,False,False,False,False,False,False,False,False,False,False,False,,,,,,
F LISZTES FEHER,1,LISZTES FEHER,False,False,False,False,True,False,False,False,False,False,False,False,False,False,False,False,,,,,,
F MADELEINE ANGEVINE OBERLIN,1,MADELEINE ANGEVINE OBERLIN,False,False,False,False,True,False,False,False,False,False,False,False,False,False,False,False,,,,,,
F MADELEINE ROYALE,1,MADELEINE ROYALE,False,False,False,False,True,False,False,False,False,False,False,False,False,False,False,False,,,,,,
F MADELEINE SALOMON = AGOSTENGA BLANC,1,,False,False,False,False,True,False,False,False,False,False,False,False,False,False,False,False,,,,,,
F MANCENS = GIRO DE BALEARES,1,GIRO DI BOSA,False,False,False,False,True,False,False,False,False,False,False,False,False,False,False,False,,,,,,
F MANTEUDO = MANTUO DE PILAS,1,MANTEUDO,False,False,False,False,True,False,False,False,False,False,False,False,False,False,False,False,,,,,,
F MAROCAIN NOIR,1,MAROCAIN NOIR,False,False,False,False,True,False,False,False,False,False,False,False,False,False,False,False,,,,,,
F MATHIASZ JANOSNE = MATHIASZ 210,1,MATHIASZ JANOSNE,False,False,False,False,True,False,False,False,False,False,False,False,False,False,False,False,,,,,,
F MAVRODAPHNI,1,MAVRODAPHNI,False,False,False,False,True,False,False,False,False,False,False,False,False,False,False,False,,,,,,
F MORRASTEL = GRACIANO,1,BOUSCHET PETIT X MORRASTEL 7,False,False,False,False,True,False,False,False,False,False,False,False,False,False,False,False,,,,,,
F MOURVÈDRE = MONASTRELL,1,MONASTRELL,False,False,False,False,True,False,False,False,False,False,False,False,False,False,False,False,,,,,,
F MUSCAT D'ALEXANDRIE,1,MUSCAT ERLOG ALTARIA,False,False,False,False,True,False,False,False,False,False,False,False,False,False,False,False,,,,,,
F MUSCAT DE HAMBOURG,1,MUSCAT ERLOG ALTARIA,False,False,False,False,True,False,False,False,False,False,False,False,False,False,False,False,,,,,,
F MUSCAT FLEUR D'ORANGER,1,MUSCAT FLEUR D'ORANGER,False,False,False,False,True,False,False,False,False,False,False,False,False,False,False,False,,,,,,
F MUSCAT À PETITS GRAINS,1,MUSCAT A PETITS GRAINS BLANCS SEEDLESS,False,False,False,False,True,False,False,False,False,False,False,False,False,False,False,False,,,,,,
F NAOSÉ,1,,False,False,False,False,True,False,False,False,False,False,False,False,False,False,False,False,,,,,,
F OLIVETTE ROSE,1,OLIVETTE ROSE,False,False,False,False,True,False,False,False,False,False,False,False,False,False,False,False,,,,,,
F ONDENC,1,ONDENC GRIS,False,False,False,False,True,False,False,False,False,False,False,False,False,False,False,False,,,,,,
F ORG TOKOS,1,ORG TOKOS,False,False,False,False,True,False,False,False,False,False,False,False,False,False,False,False,,,,,,
F PARDINA = JAEN BLANCO,1,PARDINA,False,False,False,False,True,False,False,False,False,False,False,False,False,False,False,False,,,,,,
F PASCAL,1,PASCAL BLANC,False,False,False,False,True,False,False,False,False,False,False,False,False,False,False,False,,,,,,
F PEHLIVAN KARA = PAPIGI KARA,1,PEHLIVAN KARA,False,False,False,False,True,False,False,False,False,False,False,False,False,False,False,False,,,,,,
F PERLETTE,1,PERLETTE,False,False,False,False,True,False,False,False,False,False,False,False,False,False,False,False,,,,,,
F PINOT,1,PINOT LONGUET,False,False,False,False,True,False,False,False,False,False,False,False,False,False,False,False,,,,,,
F PIQUEPOUL,1,ALICANTE BOUSCHET X PIQUEPOUL GRIS 9,False,False,False,False,True,False,False,False,False,False,False,False,False,False,False,False,,,,,,
F PLANT D'ENTRECHAUX (ALLEMAND),1,PLANT D'ENTRECHAUX,False,False,False,False,True,False,False,False,False,False,False,False,False,False,False,False,,,,,,
F PLANT DE DUBOSC 2,1,PLANT DE DUBOSC 2,False,False,False,False,True,False,False,False,False,False,False,False,False,False,False,False,,,,,,
F PLANT DE MAVAULT (GUIRAULT),1,PLANT DE MAVAULT,False,False,False,False,True,False,False,False,False,False,False,False,False,False,False,False,,,,,,
F PLAVAÏ,1,,False,False,False,False,True,False,False,False,False,False,False,False,False,False,False,False,,,,,,
F POBEDA,1,POBEDA,False,False,False,False,True,False,False,False,False,False,False,False,False,False,False,False,,,,,,
F PROKUPAC,1,PROKUPAC,False,False,False,False,True,False,False,False,False,False,False,False,False,False,False,False,,,,,,
F PRÉCOCE DE MALINGRE,1,MALINGRE PRECOCE,False,False,False,False,True,False,False,False,False,False,False,False,False,False,False,False,,,,,,
F RAZACHIE ROSIE,1,RAZACHIE ALBA,False,False,False,False,True,False,False,False,False,False,False,False,False,False,False,False,,,,,,
F REINE DES VIGNES,1,A LA REINE,False,False,False,False,True,False,False,False,False,False,False,False,False,False,False,False,,,,,,
F RIESLING,1,RIESLING HEILIGENSTEIN,False,False,False,False,True,False,False,False,False,False,False,False,False,False,False,False,,,,,,
F SAINT‐LAURENT,1,,False,False,False,False,True,False,False,False,False,False,False,False,False,False,False,False,,,,,,
F SANTA PAULA,1,SANTA PAULA DEL MARCHALEJO,False,False,False,False,True,False,False,False,False,False,False,False,False,False,False,False,,,,,,
F SARY PANDASS,1,SARY GILYA,False,False,False,False,True,False,False,False,False,False,False,False,False,False,False,False,,,,,,
F SAVAGNIN = TRAMINER,1,SAVAGNIN BLANC,False,False,False,False,True,False,False,False,False,False,False,False,False,False,False,False,,,,,,
F SCHABASCHE,1,,False,False,False,False,True,False,False,False,False,False,False,False,False,False,False,False,,,,,,
F SULTANINE,1,SULTANINE MONOCOCCO,False,False,False,False,True,False,False,False,False,False,False,False,False,False,False,False,,,,,,
F SYLVANER,1,MADELEINE SYLVANER,False,False,False,False,True,False,False,False,False,False,False,False,False,False,False,False,,,,,,
F TERRET,1,TERRET BLANC,False,False,False,False,True,False,False,False,False,False,False,False,False,False,False,False,,,,,,
F TETA DE VACA,1,TETA DE VACA TINTA,False,False,False,False,True,False,False,False,False,False,False,False,False,False,False,False,,,,,,
F TINTA GROSSA D'ALENTEJO,1,GARNACHA TINTA,False,False,False,False,True,False,False,False,False,False,False,False,False,False,False,False,,,,,,
F TORTOZON,1,,False,False,False,False,True,False,False,False,False,False,False,False,False,False,False,False,,,,,,
F TOURIGA NACIONAL,1,TOURIGA NACIONAL,False,False,False,False,True,False,False,False,False,False,False,False,False,False,False,False,,,,,,
F TROUSSEAU = BASTARDO,1,TROUSSEAU NOIR,False,False,False,False,True,False,False,False,False,False,False,False,False,False,False,False,,,,,,
F TSITSA KAPREI,1,TSITSA KAPREI,False,False,False,False,True,False,False,False,False,False,False,False,False,False,False,False,,,,,,
F UGNI BLANC = TREBBIANO TOSCANO,1,UGNI BLANC FLESHLESS BERRY,False,False,False,False,True,False,False,False,False,False,False,False,False,False,False,False,,,,,,
F VALDERBARA,1,,False,False,False,False,True,False,False,False,False,False,False,False,False,False,False,False,,,,,,
F VALENCI BLANCO = BEBA,1,VALENCI TINTO,False,False,False,False,True,False,False,False,False,False,False,False,False,False,False,False,,,,,,
F VARIÉTÉ D'OASIS DEGACHE 28,1,VARIETE D'OASIS DEGACHE 28,False,False,False,False,True,False,False,False,False,False,False,False,False,False,False,False,,,,,,
F VARIÉTÉ D'OASIS TOZEUR 1,1,VARIETE D'OASIS TOZEUR 9,False,False,False,False,True,False,False,False,False,False,False,False,False,False,False,False,,,,,,
F VERJUS,1,VERJUS,False,False,False,False,True,False,False,False,False,False,False,False,False,False,False,False,,,,,,
F VIGNE DE WOOD,1,VIGNE DE WOOD,False,False,False,False,True,False,False,False,False,False,False,False,False,False,False,False,,,,,,
F VINHÃO = SOUZAO,1,,False,False,False,False,True,False,False,False,False,False,False,False,False,False,False,False,,,,,,
F VOSKEAT,1,VOSKEAT,False,False,False,False,True,False,False,False,False,False,False,False,False,False,False,False,,,,,,
F VRADYANO,1,,False,False,False,False,True,False,False,False,False,False,False,False,False,False,False,False,,,,,,
F YAPINCAK,1,BADEM SOEBUE YAPINCAK,False,False,False,False,True,False,False,False,False,False,False,False,False,False,False,False,,,,,,
F ZEMOASA = TIMPURIE,1,TAMIIOASA TIMPURIE,False,False,False,False,True,False,False,False,False,False,False,False,False,False,False,False,,,,,,
F ÖREG KADARKA,1,OLASZ KADARKA,False,False,False,False,True,False,False,False,False,False,False,False,False,False,False,False,,,,,,
FABERREBE = ALZEY 10375,1,FABERREBE,False,False,False,False,True,False,False,False,False,False,False,False,False,False,False,False,,,,,,
FARBFRÄNKISCH,1,,False,False,False,False,True,False,False,False,False,False,False,False,False,False,False,False,,,,,,
FARELLA,1,,False,True,False,False,False,False,False,False,False,False,False,False,False,False,False,False,,,,,,
FEHER KÖVIDINKA (COLLECTION BERBECEL = APROFEHER,1,,False,False,False,False,True,False,False,False,False,False,False,False,False,False,False,False,,,,,,
FEINRIESLING FAUX (COLLECTION TRIER) RIESLING,1,FEINRIESLING FAUX,False,False,False,False,True,False,False,False,False,False,False,False,False,False,False,False,,,,,,
FENGHUANG NO.51,1,FENGHUANG 12,False,False,False,False,False,False,False,False,True,False,False,False,False,False,False,False,,,,,,
FERLE  50,1,FERLE 1,False,True,False,False,False,False,False,False,False,False,False,False,False,False,False,False,,,,,,
FERLE  76,1,FERLE 1,False,True,False,False,False,False,False,False,False,False,False,False,False,False,False,False,,,,,,
FERLÉ 76 = LEAO FERREIRA DA FERLONGO = H 34‐49‐69,1,LEAO FERREIRA DA ALMEIDA 34-49- 48,False,False,False,False,True,False,False,False,False,False,False,False,False,False,False,False,,,,,,
FERLÉ DE PEGÕES = LEAO FERREIRA DA FERRAL TAMARA,1,,False,False,False,False,True,False,False,False,False,False,False,False,False,False,False,False,,,,,,
FERNÃO PIRES,1,GONCALO PIRES,False,False,False,False,False,False,False,True,False,False,False,False,False,False,False,False,,,,,,
FERRAL = ACHLADI,1,ALFONSO LAVALLEE X FERRAL,False,False,False,False,False,False,False,True,False,False,False,False,False,False,False,False,,,,,,
FERRAL = PRUNESTA ROSSO VIOLACEA,1,,False,True,False,False,False,False,False,False,False,False,False,False,False,False,False,False,,,,,,
FERRAL = PRUNESTA ROSSO VIOLACEA ASSOUAD KARECH,1,,False,False,False,False,True,False,False,False,False,False,False,False,False,False,False,False,,,,,,
FERRAL = PRUNESTA ROSSO VIOLACEA UVA SOGRA,1,,False,False,False,False,True,False,False,False,False,False,False,False,False,False,False,False,,,,,,
FERRAL ROUGE,1,ALFONSO LAVALLEE X FERRAL,False,True,False,False,False,False,False,False,False,False,False,False,False,False,False,False,,,,,,
FETEASCA ALBA = LEANYKA,1,FETEASCA ALBA (NON IDENTIFIED),False,False,False,False,True,False,False,False,False,False,False,False,False,False,False,False,,,,,,
FLA. P9-15,1,,False,True,False,False,False,False,False,False,False,False,False,False,False,False,False,False,,,,,,
FLAME MUSCAT,1,FLAME SEEDLESS,False,False,False,False,False,False,False,False,True,False,False,False,False,False,False,False,,,,,,
FOGARINA #,1,FOGARINA,False,False,False,False,False,False,False,False,False,False,False,False,False,False,True,False,,,,,,
FOGENEU,1,,False,True,False,False,False,False,False,False,False,False,False,False,False,False,False,False,,,,,,
FOGLIA TONDA N,1,FOGLIA TONDA,False,False,False,False,False,False,False,False,True,False,False,False,False,False,False,False,,,,,,
FOLGASÃO,1,,False,False,False,False,False,False,False,True,False,False,False,False,False,False,False,False,,,,,,
FOLHA DE FIGO #,1,FOLHA DE FIGUEIRA,False,False,False,False,False,False,False,False,False,False,False,False,False,False,True,False,,,,,,
FORASTERA (SPAIN),1,FORASTERA,False,False,False,False,False,False,False,True,False,False,False,False,False,False,False,False,,,,,,
FORCESE D ASCOLI,1,FORCESE,False,True,False,False,False,False,False,False,False,False,False,False,False,False,False,False,,,,,,
FORM NO  5,1,FORM NO 31,False,True,False,False,False,False,False,False,False,False,False,False,False,False,False,False,,,,,,
FORTH WORTH #3,1,,False,True,False,False,False,False,False,False,False,False,False,False,False,False,False,False,,,,,,
FORTUNATO,1,,False,False,False,False,False,False,False,True,False,False,False,False,False,False,False,False,,,,,,
FRANC NOIR DE LA HAUTE‐SAÔNE,1,FRANC NOIR DE LA HAUTE SAVOIE,False,False,False,False,False,False,False,False,False,False,False,False,False,True,False,False,,,,,,
FRANC NOIR DE LA HAUTE‐SAÔNE PINOT,1,FRANC NOIR DE LA HAUTE SAVOIE,False,False,False,False,True,False,False,False,False,False,False,False,False,False,False,False,,,,,,
FRANCO),1,,False,False,False,False,True,False,False,False,False,False,False,False,False,False,False,False,,,,,,
FRANKENTHAL = SCHIAVA GROSSA DELIZIA DI VAPRIO = PIROVANO 46 A,1,,False,False,False,False,True,False,False,False,False,False,False,False,False,False,False,False,,,,,,
FRANKENTHAL = SCHIAVA GROSSA FRANKENTHAL = SCHIAVA GROSSA,1,SCHIAVA GROSSA,False,False,False,False,True,False,False,False,False,False,False,False,False,False,False,False,,,,,,
FRANKENTHAL = SCHIAVA GROSSA GROS COLMAN,1,SCHIAVA GROSSA,False,False,False,False,True,False,False,False,False,False,False,False,False,False,False,False,,,,,,
FRANKENTHAL = SCHIAVA GROSSA OBERLIN),1,SCHIAVA GROSSA,False,False,False,False,True,False,False,False,False,False,False,False,False,False,False,False,,,,,,
FRANKENTHAL N,1,WITTE FRANKENTHAL,False,True,False,False,False,False,False,False,False,False,False,False,False,False,False,False,,,,,,
FRANÇOIS NOIR,1,ARBANE NOIR,False,False,False,False,True,False,False,False,False,False,False,False,False,False,False,False,,,,,,
FRAPPATO,1,FRAPPATO DI VITTORIA,False,False,False,False,False,False,True,False,False,False,False,False,False,False,False,False,,,,,,
"FRAPPATO DI VITTORIA N OR 
GAGLIOPPO N",1,FRAPPATO DI VITTORIA,False,False,False,False,False,False,False,False,True,False,False,False,False,False,False,False,,,,,,
FRENCH BLUE,1,SWEET BLUE,False,False,False,False,False,False,False,False,True,False,False,False,False,False,False,False,,,,,,
FRESNO 1613-  59,1,FRESNO 1613- 59,False,True,False,False,False,False,False,False,False,False,False,False,False,False,False,False,,,,,,
FRESNO C33-199,1,FRESNO B 70- 57,False,False,False,False,False,False,False,False,True,False,False,False,False,False,False,False,,,,,,
FROELICH X 4  2,1,FROELICH V,False,True,False,False,False,False,False,False,False,False,False,False,False,False,False,False,,,,,,
FRUEHBURGUNDER,1,,False,True,False,False,False,False,False,False,False,False,False,False,False,False,False,False,,,,,,
FRUMOASA DE GHIOROC X CARDINAL TOMPA MIHALY,1,FRUMOASA DE GHIOROC X CARDINAL,False,False,False,False,True,False,False,False,False,False,False,False,False,False,False,False,,,,,,
FUJIMINORI,1,FUJIMINORI (4N),False,False,False,False,False,False,False,False,True,False,False,False,False,False,False,False,,,,,,
FÉCONDATION LIBRE LAGLEYSE,1,FECONDATION LIBRE LAGLEYSE,False,False,False,False,True,False,False,False,False,False,False,False,False,False,False,False,,,,,,
G1590C32458,1,,False,False,False,False,False,False,False,False,False,False,False,False,False,False,True,False,,,,,,
GABEKHOURI TSITELI,1,USAKHELO TSITELI,False,False,False,False,False,False,True,False,False,False,False,False,False,False,False,False,,,,,,
GALIBERT COULONDRE   201 (F),1,GALIBERT COULONDRE 14- 3,False,True,False,False,False,False,False,False,False,False,False,False,False,False,False,False,,,,,,
GALIBERT COULONDRE 15-2,1,GALIBERT COULONDRE 14- 3,False,False,False,False,False,False,True,False,False,False,False,False,False,False,False,False,,,,,,
GALLURA ZENNI DE DAMASCO (SPAIN),1,,False,False,False,False,False,False,False,True,False,False,False,False,False,False,False,False,,,,,,
GALOPPU,1,,False,True,False,False,False,False,False,False,False,False,False,False,False,False,False,False,,,,,,
GAN),1,,False,False,False,False,True,False,False,False,False,False,False,False,False,False,False,False,,,,,,
GANZIN   1,1,GANZIN 9,False,True,False,False,False,False,False,False,False,False,False,False,False,False,False,False,,,,,,
GANZIN   2,1,GANZIN 9,False,True,False,False,False,False,False,False,False,False,False,False,False,False,False,False,,,,,,
GARGIULO  87746,1,GARGIULO 87746,False,True,False,False,False,False,False,False,False,False,False,False,False,False,False,False,,,,,,
GARNACHA TINTA = GRENACHE,1,GARNACHA TINTA,False,False,False,False,False,False,False,True,False,False,False,False,False,False,False,False,,,,,,
GASCON_FRA,1,,False,False,False,False,False,False,True,False,False,False,False,False,False,False,False,False,,,,,,
GEILWEILERHOF  3- 28- 45,1,GEILWEILERHOF A- 89- 10,False,True,False,False,False,False,False,False,False,False,False,False,False,False,False,False,,,,,,
GEILWEILERHOF  3- 28- 46,1,GEILWEILERHOF A- 89- 10,False,True,False,False,False,False,False,False,False,False,False,False,False,False,False,False,,,,,,
GEILWEILERHOF B- 14-  7,1,GEILWEILERHOF A- 89- 10,False,True,False,False,False,False,False,False,False,False,False,False,False,False,False,False,,,,,,
GEILWEILERHOF GA 48-12,1,GEILWEILERHOF A- 89- 10,False,False,False,False,False,False,True,False,False,False,False,False,False,False,False,False,,,,,,
GEILWEILERHOF GA-52-,1,GEILWEILERHOF A- 89- 10,False,False,False,False,False,False,False,False,False,False,False,False,True,False,False,False,,,,,,
GEILWEILERHOF V.,1,GEILWEILERHOF V. 348,False,False,False,False,False,False,False,False,False,False,False,False,True,False,False,False,,,,,,
GEILWEILERHOF V.   348,1,GEILWEILERHOF A- 89- 10,False,True,False,False,False,False,False,False,False,False,False,False,False,False,False,False,,,,,,
GEISENHEIM  6493-  2,1,GEISENHEIM 6493- 2,False,True,False,False,False,False,False,False,False,False,False,False,False,False,False,False,,,,,,
GELBHOLZER BLAU,1,KOELNER BLAU,False,False,False,False,False,False,True,False,False,False,False,False,False,False,False,False,,,,,,
GELBHÖLZER BLAU,1,KOELNER BLAU,False,False,False,False,False,False,False,True,False,False,False,False,False,False,False,False,,,,,,
GENEVA WHITE   5,1,GENEVA WHITE 4,False,True,False,False,False,False,False,False,False,False,False,False,False,False,False,False,,,,,,
GENOTYPE 01,1,RECONSTRUCTED GENOTYPE 51 (GEORGIA),False,False,False,False,False,False,False,False,False,False,False,False,True,False,False,False,,,,,,
GENOTYPE 02,1,RECONSTRUCTED GENOTYPE 51 (GEORGIA),False,False,False,False,False,False,False,False,False,False,False,False,True,False,False,False,,,,,,
GENOTYPE 03,1,RECONSTRUCTED GENOTYPE 51 (GEORGIA),False,False,False,False,False,False,False,False,False,False,False,False,True,False,False,False,,,,,,
GENOTYPE 04,1,RECONSTRUCTED GENOTYPE 51 (GEORGIA),False,False,False,False,False,False,False,False,False,False,False,False,True,False,False,False,,,,,,
GENOTYPE 05,1,RECONSTRUCTED GENOTYPE 51 (GEORGIA),False,False,False,False,False,False,False,False,False,False,False,False,True,False,False,False,,,,,,
GENOTYPE 06,1,RECONSTRUCTED GENOTYPE 51 (GEORGIA),False,False,False,False,False,False,False,False,False,False,False,False,True,False,False,False,,,,,,
GENOTYPE 07,1,RECONSTRUCTED GENOTYPE 51 (GEORGIA),False,False,False,False,False,False,False,False,False,False,False,False,True,False,False,False,,,,,,
GENOTYPE 09,1,RECONSTRUCTED GENOTYPE 51 (GEORGIA),False,False,False,False,False,False,False,False,False,False,False,False,True,False,False,False,,,,,,
GENOTYPE 10,1,RECONSTRUCTED GENOTYPE 51 (GEORGIA),False,False,False,False,False,False,False,False,False,False,False,False,True,False,False,False,,,,,,
GENOTYPE 101,1,RECONSTRUCTED GENOTYPE 51 (GEORGIA),False,False,False,False,False,False,False,False,False,False,False,False,True,False,False,False,,,,,,
GENOTYPE 102,1,RECONSTRUCTED GENOTYPE 51 (GEORGIA),False,False,False,False,False,False,False,False,False,False,False,False,True,False,False,False,,,,,,
GENOTYPE 103,1,RECONSTRUCTED GENOTYPE 51 (GEORGIA),False,False,False,False,False,False,False,False,False,False,False,False,True,False,False,False,,,,,,
GENOTYPE 104,1,RECONSTRUCTED GENOTYPE 51 (GEORGIA),False,False,False,False,False,False,False,False,False,False,False,False,True,False,False,False,,,,,,
GENOTYPE 105,1,RECONSTRUCTED GENOTYPE 51 (GEORGIA),False,False,False,False,False,False,False,False,False,False,False,False,True,False,False,False,,,,,,
GENOTYPE 106,1,RECONSTRUCTED GENOTYPE 51 (GEORGIA),False,False,False,False,False,False,False,False,False,False,False,False,True,False,False,False,,,,,,
GENOTYPE 107,1,RECONSTRUCTED GENOTYPE 51 (GEORGIA),False,False,False,False,False,False,False,False,False,False,False,False,True,False,False,False,,,,,,
GENOTYPE 108,1,RECONSTRUCTED GENOTYPE 51 (GEORGIA),False,False,False,False,False,False,False,False,False,False,False,False,True,False,False,False,,,,,,
GENOTYPE 109,1,RECONSTRUCTED GENOTYPE 51 (GEORGIA),False,False,False,False,False,False,False,False,False,False,False,False,True,False,False,False,,,,,,
GENOTYPE 11,1,RECONSTRUCTED GENOTYPE 51 (GEORGIA),False,False,False,False,False,False,False,False,False,False,False,False,True,False,False,False,,,,,,
GENOTYPE 110,1,RECONSTRUCTED GENOTYPE 51 (GEORGIA),False,False,False,False,False,False,False,False,False,False,False,False,True,False,False,False,,,,,,
GENOTYPE 111,1,RECONSTRUCTED GENOTYPE 51 (GEORGIA),False,False,False,False,False,False,False,False,False,False,False,False,True,False,False,False,,,,,,
GENOTYPE 113,1,RECONSTRUCTED GENOTYPE 51 (GEORGIA),False,False,False,False,False,False,False,False,False,False,False,False,True,False,False,False,,,,,,
GENOTYPE 114,1,RECONSTRUCTED GENOTYPE 51 (GEORGIA),False,False,False,False,False,False,False,False,False,False,False,False,True,False,False,False,,,,,,
GENOTYPE 115,1,RECONSTRUCTED GENOTYPE 51 (GEORGIA),False,False,False,False,False,False,False,False,False,False,False,False,True,False,False,False,,,,,,
GENOTYPE 118,1,RECONSTRUCTED GENOTYPE 51 (GEORGIA),False,False,False,False,False,False,False,False,False,False,False,False,True,False,False,False,,,,,,
GENOTYPE 119,1,RECONSTRUCTED GENOTYPE 51 (GEORGIA),False,False,False,False,False,False,False,False,False,False,False,False,True,False,False,False,,,,,,
GENOTYPE 12,1,RECONSTRUCTED GENOTYPE 51 (GEORGIA),False,False,False,False,False,False,False,False,False,False,False,False,True,False,False,False,,,,,,
GENOTYPE 125,1,RECONSTRUCTED GENOTYPE 51 (GEORGIA),False,False,False,False,False,False,False,False,False,False,False,False,True,False,False,False,,,,,,
GENOTYPE 13,1,RECONSTRUCTED GENOTYPE 51 (GEORGIA),False,False,False,False,False,False,False,False,False,False,False,False,True,False,False,False,,,,,,
GENOTYPE 130,1,RECONSTRUCTED GENOTYPE 51 (GEORGIA),False,False,False,False,False,False,False,False,False,False,False,False,True,False,False,False,,,,,,
GENOTYPE 131,1,RECONSTRUCTED GENOTYPE 51 (GEORGIA),False,False,False,False,False,False,False,False,False,False,False,False,True,False,False,False,,,,,,
GENOTYPE 135,1,RECONSTRUCTED GENOTYPE 51 (GEORGIA),False,False,False,False,False,False,False,False,False,False,False,False,True,False,False,False,,,,,,
GENOTYPE 143,1,RECONSTRUCTED GENOTYPE 51 (GEORGIA),False,False,False,False,False,False,False,False,False,False,False,False,True,False,False,False,,,,,,
GENOTYPE 145,1,RECONSTRUCTED GENOTYPE 51 (GEORGIA),False,False,False,False,False,False,False,False,False,False,False,False,True,False,False,False,,,,,,
GENOTYPE 147,1,RECONSTRUCTED GENOTYPE 51 (GEORGIA),False,False,False,False,False,False,False,False,False,False,False,False,True,False,False,False,,,,,,
GENOTYPE 148,1,RECONSTRUCTED GENOTYPE 51 (GEORGIA),False,False,False,False,False,False,False,False,False,False,False,False,True,False,False,False,,,,,,
GENOTYPE 15,1,RECONSTRUCTED GENOTYPE 51 (GEORGIA),False,False,False,False,False,False,False,False,False,False,False,False,True,False,False,False,,,,,,
GENOTYPE 152,1,RECONSTRUCTED GENOTYPE 51 (GEORGIA),False,False,False,False,False,False,False,False,False,False,False,False,True,False,False,False,,,,,,
GENOTYPE 155,1,RECONSTRUCTED GENOTYPE 51 (GEORGIA),False,False,False,False,False,False,False,False,False,False,False,False,True,False,False,False,,,,,,
GENOTYPE 156,1,RECONSTRUCTED GENOTYPE 51 (GEORGIA),False,False,False,False,False,False,False,False,False,False,False,False,True,False,False,False,,,,,,
GENOTYPE 157,1,RECONSTRUCTED GENOTYPE 51 (GEORGIA),False,False,False,False,False,False,False,False,False,False,False,False,True,False,False,False,,,,,,
GENOTYPE 158,1,RECONSTRUCTED GENOTYPE 51 (GEORGIA),False,False,False,False,False,False,False,False,False,False,False,False,True,False,False,False,,,,,,
GENOTYPE 165,1,RECONSTRUCTED GENOTYPE 51 (GEORGIA),False,False,False,False,False,False,False,False,False,False,False,False,True,False,False,False,,,,,,
GENOTYPE 166,1,RECONSTRUCTED GENOTYPE 51 (GEORGIA),False,False,False,False,False,False,False,False,False,False,False,False,True,False,False,False,,,,,,
GENOTYPE 17,1,RECONSTRUCTED GENOTYPE 51 (GEORGIA),False,False,False,False,False,False,False,False,False,False,False,False,True,False,False,False,,,,,,
GENOTYPE 18,1,RECONSTRUCTED GENOTYPE 51 (GEORGIA),False,False,False,False,False,False,False,False,False,False,False,False,True,False,False,False,,,,,,
GENOTYPE 19,1,RECONSTRUCTED GENOTYPE 51 (GEORGIA),False,False,False,False,False,False,False,False,False,False,False,False,True,False,False,False,,,,,,
GENOTYPE 20,1,RECONSTRUCTED GENOTYPE 51 (GEORGIA),False,False,False,False,False,False,False,False,False,False,False,False,True,False,False,False,,,,,,
GENOTYPE 21,1,RECONSTRUCTED GENOTYPE 51 (GEORGIA),False,False,False,False,False,False,False,False,False,False,False,False,True,False,False,False,,,,,,
GENOTYPE 22,1,RECONSTRUCTED GENOTYPE 51 (GEORGIA),False,False,False,False,False,False,False,False,False,False,False,False,True,False,False,False,,,,,,
GENOTYPE 23,1,RECONSTRUCTED GENOTYPE 51 (GEORGIA),False,False,False,False,False,False,False,False,False,False,False,False,True,False,False,False,,,,,,
GENOTYPE 24,1,RECONSTRUCTED GENOTYPE 51 (GEORGIA),False,False,False,False,False,False,False,False,False,False,False,False,True,False,False,False,,,,,,
GENOTYPE 25,1,RECONSTRUCTED GENOTYPE 51 (GEORGIA),False,False,False,False,False,False,False,False,False,False,False,False,True,False,False,False,,,,,,
GENOTYPE 26,1,RECONSTRUCTED GENOTYPE 51 (GEORGIA),False,False,False,False,False,False,False,False,False,False,False,False,True,False,False,False,,,,,,
GENOTYPE 27,1,RECONSTRUCTED GENOTYPE 51 (GEORGIA),False,False,False,False,False,False,False,False,False,False,False,False,True,False,False,False,,,,,,
GENOTYPE 28,1,RECONSTRUCTED GENOTYPE 51 (GEORGIA),False,False,False,False,False,False,False,False,False,False,False,False,True,False,False,False,,,,,,
GENOTYPE 29,1,RECONSTRUCTED GENOTYPE 51 (GEORGIA),False,False,False,False,False,False,False,False,False,False,False,False,True,False,False,False,,,,,,
GENOTYPE 30,1,RECONSTRUCTED GENOTYPE 51 (GEORGIA),False,False,False,False,False,False,False,False,False,False,False,False,True,False,False,False,,,,,,
GENOTYPE 31,1,RECONSTRUCTED GENOTYPE 51 (GEORGIA),False,False,False,False,False,False,False,False,False,False,False,False,True,False,False,False,,,,,,
GENOTYPE 32,1,RECONSTRUCTED GENOTYPE 51 (GEORGIA),False,False,False,False,False,False,False,False,False,False,False,False,True,False,False,False,,,,,,
GENOTYPE 33,1,RECONSTRUCTED GENOTYPE 51 (GEORGIA),False,False,False,False,False,False,False,False,False,False,False,False,True,False,False,False,,,,,,
GENOTYPE 34,1,RECONSTRUCTED GENOTYPE 51 (GEORGIA),False,False,False,False,False,False,False,False,False,False,False,False,True,False,False,False,,,,,,
GENOTYPE 35,1,RECONSTRUCTED GENOTYPE 51 (GEORGIA),False,False,False,False,False,False,False,False,False,False,False,False,True,False,False,False,,,,,,
GENOTYPE 36,1,RECONSTRUCTED GENOTYPE 51 (GEORGIA),False,False,False,False,False,False,False,False,False,False,False,False,True,False,False,False,,,,,,
GENOTYPE 37,1,RECONSTRUCTED GENOTYPE 51 (GEORGIA),False,False,False,False,False,False,False,False,False,False,False,False,True,False,False,False,,,,,,
GENOTYPE 39,1,RECONSTRUCTED GENOTYPE 51 (GEORGIA),False,False,False,False,False,False,False,False,False,False,False,False,True,False,False,False,,,,,,
GENOTYPE 40,1,RECONSTRUCTED GENOTYPE 51 (GEORGIA),False,False,False,False,False,False,False,False,False,False,False,False,True,False,False,False,,,,,,
GENOTYPE 41,1,RECONSTRUCTED GENOTYPE 51 (GEORGIA),False,False,False,False,False,False,False,False,False,False,False,False,True,False,False,False,,,,,,
GENOTYPE 42,1,RECONSTRUCTED GENOTYPE 51 (GEORGIA),False,False,False,False,False,False,False,False,False,False,False,False,True,False,False,False,,,,,,
GENOTYPE 43,1,RECONSTRUCTED GENOTYPE 51 (GEORGIA),False,False,False,False,False,False,False,False,False,False,False,False,True,False,False,False,,,,,,
GENOTYPE 44,1,RECONSTRUCTED GENOTYPE 51 (GEORGIA),False,False,False,False,False,False,False,False,False,False,False,False,True,False,False,False,,,,,,
GENOTYPE 45,1,RECONSTRUCTED GENOTYPE 51 (GEORGIA),False,False,False,False,False,False,False,False,False,False,False,False,True,False,False,False,,,,,,
GENOTYPE 46,1,RECONSTRUCTED GENOTYPE 51 (GEORGIA),False,False,False,False,False,False,False,False,False,False,False,False,True,False,False,False,,,,,,
GENOTYPE 47,1,RECONSTRUCTED GENOTYPE 51 (GEORGIA),False,False,False,False,False,False,False,False,False,False,False,False,True,False,False,False,,,,,,
GENOTYPE 48,1,RECONSTRUCTED GENOTYPE 51 (GEORGIA),False,False,False,False,False,False,False,False,False,False,False,False,True,False,False,False,,,,,,
GENOTYPE 49,1,RECONSTRUCTED GENOTYPE 51 (GEORGIA),False,False,False,False,False,False,False,False,False,False,False,False,True,False,False,False,,,,,,
GENOTYPE 52,1,RECONSTRUCTED GENOTYPE 51 (GEORGIA),False,False,False,False,False,False,False,False,False,False,False,False,True,False,False,False,,,,,,
GENOTYPE 53,1,RECONSTRUCTED GENOTYPE 51 (GEORGIA),False,False,False,False,False,False,False,False,False,False,False,False,True,False,False,False,,,,,,
GENOTYPE 55,1,RECONSTRUCTED GENOTYPE 51 (GEORGIA),False,False,False,False,False,False,False,False,False,False,False,False,True,False,False,False,,,,,,
GENOTYPE 56,1,RECONSTRUCTED GENOTYPE 51 (GEORGIA),False,False,False,False,False,False,False,False,False,False,False,False,True,False,False,False,,,,,,
GENOTYPE 57,1,RECONSTRUCTED GENOTYPE 51 (GEORGIA),False,False,False,False,False,False,False,False,False,False,False,False,True,False,False,False,,,,,,
GENOTYPE 58,1,RECONSTRUCTED GENOTYPE 51 (GEORGIA),False,False,False,False,False,False,False,False,False,False,False,False,True,False,False,False,,,,,,
GENOTYPE 60,1,RECONSTRUCTED GENOTYPE 51 (GEORGIA),False,False,False,False,False,False,False,False,False,False,False,False,True,False,False,False,,,,,,
GENOTYPE 61,1,RECONSTRUCTED GENOTYPE 51 (GEORGIA),False,False,False,False,False,False,False,False,False,False,False,False,True,False,False,False,,,,,,
GENOTYPE 62,1,RECONSTRUCTED GENOTYPE 51 (GEORGIA),False,False,False,False,False,False,False,False,False,False,False,False,True,False,False,False,,,,,,
GENOTYPE 63,1,RECONSTRUCTED GENOTYPE 51 (GEORGIA),False,False,False,False,False,False,False,False,False,False,False,False,True,False,False,False,,,,,,
GENOTYPE 64,1,RECONSTRUCTED GENOTYPE 51 (GEORGIA),False,False,False,False,False,False,False,False,False,False,False,False,True,False,False,False,,,,,,
GENOTYPE 65,1,RECONSTRUCTED GENOTYPE 51 (GEORGIA),False,False,False,False,False,False,False,False,False,False,False,False,True,False,False,False,,,,,,
GENOTYPE 66,1,RECONSTRUCTED GENOTYPE 51 (GEORGIA),False,False,False,False,False,False,False,False,False,False,False,False,True,False,False,False,,,,,,
GENOTYPE 68,1,RECONSTRUCTED GENOTYPE 51 (GEORGIA),False,False,False,False,False,False,False,False,False,False,False,False,True,False,False,False,,,,,,
GENOTYPE 69,1,RECONSTRUCTED GENOTYPE 51 (GEORGIA),False,False,False,False,False,False,False,False,False,False,False,False,True,False,False,False,,,,,,
GENOTYPE 70,1,RECONSTRUCTED GENOTYPE 51 (GEORGIA),False,False,False,False,False,False,False,False,False,False,False,False,True,False,False,False,,,,,,
GENOTYPE 71,1,RECONSTRUCTED GENOTYPE 51 (GEORGIA),False,False,False,False,False,False,False,False,False,False,False,False,True,False,False,False,,,,,,
GENOTYPE 72,1,RECONSTRUCTED GENOTYPE 51 (GEORGIA),False,False,False,False,False,False,False,False,False,False,False,False,True,False,False,False,,,,,,
GENOTYPE 73,1,RECONSTRUCTED GENOTYPE 51 (GEORGIA),False,False,False,False,False,False,False,False,False,False,False,False,True,False,False,False,,,,,,
GENOTYPE 74,1,RECONSTRUCTED GENOTYPE 51 (GEORGIA),False,False,False,False,False,False,False,False,False,False,False,False,True,False,False,False,,,,,,
GENOTYPE 75,1,RECONSTRUCTED GENOTYPE 51 (GEORGIA),False,False,False,False,False,False,False,False,False,False,False,False,True,False,False,False,,,,,,
GENOTYPE 76,1,RECONSTRUCTED GENOTYPE 51 (GEORGIA),False,False,False,False,False,False,False,False,False,False,False,False,True,False,False,False,,,,,,
GENOTYPE 77,1,RECONSTRUCTED GENOTYPE 51 (GEORGIA),False,False,False,False,False,False,False,False,False,False,False,False,True,False,False,False,,,,,,
GENOTYPE 78,1,RECONSTRUCTED GENOTYPE 51 (GEORGIA),False,False,False,False,False,False,False,False,False,False,False,False,True,False,False,False,,,,,,
GENOTYPE 79,1,RECONSTRUCTED GENOTYPE 51 (GEORGIA),False,False,False,False,False,False,False,False,False,False,False,False,True,False,False,False,,,,,,
GENOTYPE 80,1,RECONSTRUCTED GENOTYPE 51 (GEORGIA),False,False,False,False,False,False,False,False,False,False,False,False,True,False,False,False,,,,,,
GENOTYPE 81,1,RECONSTRUCTED GENOTYPE 51 (GEORGIA),False,False,False,False,False,False,False,False,False,False,False,False,True,False,False,False,,,,,,
GENOTYPE 82,1,RECONSTRUCTED GENOTYPE 51 (GEORGIA),False,False,False,False,False,False,False,False,False,False,False,False,True,False,False,False,,,,,,
GENOTYPE 83,1,RECONSTRUCTED GENOTYPE 51 (GEORGIA),False,False,False,False,False,False,False,False,False,False,False,False,True,False,False,False,,,,,,
GENOTYPE 86,1,RECONSTRUCTED GENOTYPE 51 (GEORGIA),False,False,False,False,False,False,False,False,False,False,False,False,True,False,False,False,,,,,,
GENOTYPE 87,1,RECONSTRUCTED GENOTYPE 51 (GEORGIA),False,False,False,False,False,False,False,False,False,False,False,False,True,False,False,False,,,,,,
GENOTYPE 88,1,RECONSTRUCTED GENOTYPE 51 (GEORGIA),False,False,False,False,False,False,False,False,False,False,False,False,True,False,False,False,,,,,,
GENOTYPE 89,1,RECONSTRUCTED GENOTYPE 51 (GEORGIA),False,False,False,False,False,False,False,False,False,False,False,False,True,False,False,False,,,,,,
GENOTYPE 90,1,RECONSTRUCTED GENOTYPE 51 (GEORGIA),False,False,False,False,False,False,False,False,False,False,False,False,True,False,False,False,,,,,,
GENOTYPE 91,1,RECONSTRUCTED GENOTYPE 51 (GEORGIA),False,False,False,False,False,False,False,False,False,False,False,False,True,False,False,False,,,,,,
GENOTYPE 92,1,RECONSTRUCTED GENOTYPE 51 (GEORGIA),False,False,False,False,False,False,False,False,False,False,False,False,True,False,False,False,,,,,,
GENOTYPE 95,1,RECONSTRUCTED GENOTYPE 51 (GEORGIA),False,False,False,False,False,False,False,False,False,False,False,False,True,False,False,False,,,,,,
GENOTYPE 96,1,RECONSTRUCTED GENOTYPE 51 (GEORGIA),False,False,False,False,False,False,False,False,False,False,False,False,True,False,False,False,,,,,,
GENOTYPE 97,1,RECONSTRUCTED GENOTYPE 51 (GEORGIA),False,False,False,False,False,False,False,False,False,False,False,False,True,False,False,False,,,,,,
GENOTYPE 98,1,RECONSTRUCTED GENOTYPE 51 (GEORGIA),False,False,False,False,False,False,False,False,False,False,False,False,True,False,False,False,,,,,,
GENOTYPE 99,1,RECONSTRUCTED GENOTYPE 51 (GEORGIA),False,False,False,False,False,False,False,False,False,False,False,False,True,False,False,False,,,,,,
GERKULES,1,,False,True,False,False,False,False,False,False,False,False,False,False,False,False,False,False,,,,,,
GIBI,1,,False,True,False,False,False,False,False,False,False,False,False,False,False,False,False,False,,,,,,
GIBI = HEBEN,1,HEBEN,False,True,False,False,False,False,False,False,False,False,False,False,False,False,False,False,,,,,,
GIBRALTAR NOIR (COLLECTION OBERLIN) BLACK MOROCCO,1,,False,False,False,False,True,False,False,False,False,False,False,False,False,False,False,False,,,,,,
GIERNEOLAT,1,,False,True,False,False,False,False,False,False,False,False,False,False,False,False,False,False,,,,,,
GLENORA SEEDLESS,1,GLENORA,False,False,False,False,False,False,False,False,True,False,False,False,False,False,False,False,,,,,,
GOETH #,1,,False,False,False,False,False,False,False,False,False,False,False,False,False,False,True,False,,,,,,
GOUAIS B,1,,False,True,False,False,False,False,False,False,False,False,False,False,False,False,False,False,,,,,,
GOUAIS BLANC = HEUNISCH WEISS BOUCHALÈS,1,HEUNISCH WEISS SEEDLESS,False,False,False,False,True,False,False,False,False,False,False,False,False,False,False,False,,,,,,
GOUAIS BLANC = HEUNISCH WEISS CABERNET FRANC,1,,False,False,False,False,True,False,False,False,False,False,False,False,False,False,False,False,,,,,,
GOUAIS BLANC = HEUNISCH WEISS CHASSELAS,1,CHASSELAS BLANC (4N),False,False,False,False,True,False,False,False,False,False,False,False,False,False,False,False,,,,,,
GOUAIS BLANC = HEUNISCH WEISS CHENIN,1,CHENIN BLANC,False,False,False,False,True,False,False,False,False,False,False,False,False,False,False,False,,,,,,
GOUAIS BLANC = HEUNISCH WEISS SAUVIGNONASSE,1,HEUNISCH WEISS SEEDLESS,False,False,False,False,True,False,False,False,False,False,False,False,False,False,False,False,,,,,,
GOUAIS BLANC = HEUNISCH WEISS SAVAGNIN = TRAMINER,1,,False,False,False,False,True,False,False,False,False,False,False,False,False,False,False,False,,,,,,
GOUAIS BLANC = HEUNISCH WEISS TRESSOT,1,TRESSOT BLANC,False,False,False,False,True,False,False,False,False,False,False,False,False,False,False,False,,,,,,
GOUVEIO (VERDELHO),1,GOUVEIO ESTIMADO,False,False,False,False,True,False,False,False,False,False,False,False,False,False,False,False,,,,,,
GRACIANO = MORRASTEL,1,GRACIANO,False,False,False,False,False,False,False,True,False,False,False,False,False,False,False,False,,,,,,
GRADISKA = MORANET,1,,False,False,False,False,True,False,False,False,False,False,False,False,False,False,False,False,,,,,,
GRANATZA,1,,False,True,False,False,False,False,False,False,False,False,False,False,False,False,False,False,,,,,,
GRECHETTO (DI ORVIETO),1,GRECHETTO NERO DI TODI,False,False,False,False,False,False,True,False,False,False,False,False,False,False,False,False,,,,,,
GRECO BIANCO (GUARDAVALLE),1,GRECO BIANCO DI TUFO,False,False,False,False,False,False,True,False,False,False,False,False,False,False,False,False,,,,,,
GRECO NERO (DI VERBICARO),1,GRECO NERO DI TERAMO,False,False,False,False,False,False,True,False,False,False,False,False,False,False,False,False,,,,,,
GRENACHE BLANC,1,GRENACHE NOIR A FLEURS FEMELLES,True,False,False,False,False,False,False,False,False,False,False,False,False,False,False,False,,,,,,
GRENACHE N,1,GRENACHE NOIR A FLEURS FEMELLES,False,True,False,False,False,False,False,False,False,False,False,False,False,False,False,False,,,,,,
GRILLO (FALSE),1,GRILLO,False,False,False,False,False,False,True,False,False,False,False,False,False,False,False,False,,,,,,
GROZELMTEVANA INSTITUTIS,1,GRDZELMTEVANA INSTITUTIS,False,False,False,False,False,False,True,False,False,False,False,False,False,False,False,False,,,,,,
GRÜNER VELTLINER,1,VELTLINER BRAUNWEISS,False,False,False,False,False,False,False,True,False,False,False,False,False,False,False,False,,,,,,
GSTER BLAU,1,KOELNER BLAU,False,False,False,False,False,False,False,False,False,False,False,False,False,True,False,False,,,,,,
GUAIS BLANC = HEUNISCH WEISS,1,HEUNISCH WEISS SEEDLESS,False,True,False,False,False,False,False,False,False,False,False,False,False,False,False,False,,,,,,
GUARNACCIA (BIANCA),1,GUARNACCIA BIANCA,False,False,False,False,False,False,True,False,False,False,False,False,False,False,False,False,,,,,,
GUIFEIMEIGUI,1,,False,False,False,False,False,False,False,False,True,False,False,False,False,False,False,False,,,,,,
GYÖNGY FEHER,1,LISZTES FEHER,False,False,False,False,False,False,False,False,False,False,False,False,False,True,False,False,,,,,,
H 4.49.69,1,,False,False,False,False,False,False,False,False,False,False,False,False,False,False,True,False,,,,,,
HELFENSTEINER = WE S 5332,1,HELFENSTEINER (4N),False,False,False,False,True,False,False,False,False,False,False,False,False,False,False,False,,,,,,
HEROLDREBE = WE S 130,1,HEROLDREBE,False,False,False,False,True,False,False,False,False,False,False,False,False,False,False,False,,,,,,
HEUNISCH ROTGESTREIFT = MUTATION GOUAIS,1,HEUNISCH ROTGESTREIFT,False,False,False,False,False,False,False,True,False,False,False,False,False,False,False,False,,,,,,
HEUNISH ROTGESTREIFT,1,HEUNISCH ROTGESTREIFT,False,False,False,False,False,False,True,False,False,False,False,False,False,False,False,False,,,,,,
HONGWUZILU 60-33,1,,False,False,False,False,False,False,False,False,True,False,False,False,False,False,False,False,,,,,,
HOSSZUNYELU,1,HOSSZUNYELUE,False,False,False,False,True,False,False,False,False,False,False,False,False,False,False,False,,,,,,
HOUSSEIN KRASNYI,1,NIMRANG KRASNYI,False,False,False,False,False,False,True,False,False,False,False,False,False,False,False,False,,,,,,
HUXELREBE = ALZEY 3962,1,HUXELREBE,False,False,False,False,True,False,False,False,False,False,False,False,False,False,False,False,,,,,,
HÄNGLING BLAU (COLLECTION OBERLIN) PINOT,1,SALICETTE (COLLECTION OBERLIN),False,False,False,False,True,False,False,False,False,False,False,False,False,False,False,False,,,,,,
HÄNGLING SPÄNISCHER = TAUBERSCHWARZ,1,TAUBERSCHWARZ,False,False,False,False,False,False,False,True,False,False,False,False,False,False,False,False,,,,,,
HÖLDER = WE S 397,1,,False,False,False,False,True,False,False,False,False,False,False,False,False,False,False,False,,,,,,
IAC     16-  2,1,,False,True,False,False,False,False,False,False,False,False,False,False,False,False,False,False,,,,,,
IAC     74-  2,1,,False,True,False,False,False,False,False,False,False,False,False,False,False,False,False,False,,,,,,
IAC 0016-02,1,,False,False,False,False,False,False,False,False,False,False,False,False,False,False,True,False,,,,,,
IAC 0023-08,1,,False,False,False,False,False,False,False,False,False,False,False,False,False,False,True,False,,,,,,
IAC 0031-01,1,,False,False,False,False,False,False,False,False,False,False,False,False,False,False,True,False,,,,,,
IAC 0074-02,1,,False,False,False,False,False,False,False,False,False,False,False,False,False,False,True,False,,,,,,
IAC 0082-01,1,,False,False,False,False,False,False,False,False,False,False,False,False,False,False,True,False,,,,,,
IAC 0137-04,1,,False,False,False,False,False,False,False,False,False,False,False,False,False,False,True,False,,,,,,
IAC 0141-51,1,,False,False,False,False,False,False,False,False,False,False,False,False,False,False,True,False,,,,,,
IAC 0158-12,1,,False,False,False,False,False,False,False,False,False,False,False,False,False,False,True,False,,,,,,
IAC 0192-54,1,,False,False,False,False,False,False,False,False,False,False,False,False,False,False,True,False,,,,,,
IAC 0202-28,1,,False,False,False,False,False,False,False,False,False,False,False,False,False,False,True,False,,,,,,
IAC 0202-43,1,,False,False,False,False,False,False,False,False,False,False,False,False,False,False,True,False,,,,,,
IAC 0211-2,1,,False,False,False,False,False,False,False,False,False,False,False,False,False,False,True,False,,,,,,
IAC 0233,1,,False,False,False,False,False,False,False,False,False,False,False,False,False,False,True,False,,,,,,
IAC 0274-16,1,,False,False,False,False,False,False,False,False,False,False,False,False,False,False,True,False,,,,,,
IAC 0274-21,1,,False,False,False,False,False,False,False,False,False,False,False,False,False,False,True,False,,,,,,
IAC 0282,1,,False,False,False,False,False,False,False,False,False,False,False,False,False,False,True,False,,,,,,
IAC 0324-20 FADA,1,FADA,False,False,False,False,False,False,False,False,False,False,False,False,False,False,True,False,,,,,,
IAC 0338-04,1,,False,False,False,False,False,False,False,False,False,False,False,False,False,False,True,False,,,,,,
IAC 0339-03,1,,False,False,False,False,False,False,False,False,False,False,False,False,False,False,True,False,,,,,,
IAC 0341-02,1,,False,False,False,False,False,False,False,False,False,False,False,False,False,False,True,False,,,,,,
IAC 0351-05,1,,False,False,False,False,False,False,False,False,False,False,False,False,False,False,True,False,,,,,,
IAC 0353-03,1,,False,False,False,False,False,False,False,False,False,False,False,False,False,False,True,False,,,,,,
IAC 0387,1,,False,False,False,False,False,False,False,False,False,False,False,False,False,False,True,False,,,,,,
IAC 0388 SANTA TEREZA,1,SANTA TEREZA,False,False,False,False,False,False,False,False,False,False,False,False,False,False,True,False,,,,,,
IAC 0393-04,1,,False,False,False,False,False,False,False,False,False,False,False,False,False,False,True,False,,,,,,
IAC 0393-05,1,,False,False,False,False,False,False,False,False,False,False,False,False,False,False,True,False,,,,,,
IAC 0403-01,1,,False,False,False,False,False,False,False,False,False,False,False,False,False,False,True,False,,,,,,
IAC 0405-06,1,,False,False,False,False,False,False,False,False,False,False,False,False,False,False,True,False,,,,,,
IAC 0408-01,1,,False,False,False,False,False,False,False,False,False,False,False,False,False,False,True,False,,,,,,
IAC 0433-06 BRANCA DE NEVE,1,BRANCA DE NEVE,False,False,False,False,False,False,False,False,False,False,False,False,False,False,True,False,,,,,,
IAC 0457-11  IRACEMA,1,,False,False,False,False,False,False,False,False,False,False,False,False,False,False,True,False,,,,,,
IAC 0460-01,1,,False,False,False,False,False,False,False,False,False,False,False,False,False,False,True,False,,,,,,
IAC 0473-07,1,,False,False,False,False,False,False,False,False,False,False,False,False,False,False,True,False,,,,,,
IAC 0486-03,1,,False,False,False,False,False,False,False,False,False,False,False,False,False,False,True,False,,,,,,
IAC 0496-15,1,,False,False,False,False,False,False,False,False,False,False,False,False,False,False,True,False,,,,,,
IAC 0501-06 SORAYA,1,SORAYA,False,False,False,False,False,False,False,False,False,False,False,False,False,False,True,False,,,,,,
IAC 0504-01,1,,False,False,False,False,False,False,False,False,False,False,False,False,False,False,True,False,,,,,,
IAC 0506-33 ISAURA,1,ISAURA,False,False,False,False,False,False,False,False,False,False,False,False,False,False,True,False,,,,,,
IAC 0510-08,1,,False,False,False,False,False,False,False,False,False,False,False,False,False,False,True,False,,,,,,
IAC 0512-11,1,,False,False,False,False,False,False,False,False,False,False,False,False,False,False,True,False,,,,,,
IAC 0514-06 MARIA,1,SANTA MARIA,False,False,False,False,False,False,False,False,False,False,False,False,False,False,True,False,,,,,,
IAC 0544-14,1,,False,False,False,False,False,False,False,False,False,False,False,False,False,False,True,False,,,,,,
IAC 0547-02,1,,False,False,False,False,False,False,False,False,False,False,False,False,False,False,True,False,,,,,,
IAC 0574-01,1,,False,False,False,False,False,False,False,False,False,False,False,False,False,False,True,False,,,,,,
IAC 0583-03,1,,False,False,False,False,False,False,False,False,False,False,False,False,False,False,True,False,,,,,,
IAC 0584-53,1,,False,False,False,False,False,False,False,False,False,False,False,False,False,False,True,False,,,,,,
IAC 0588-12 #,1,,False,False,False,False,False,False,False,False,False,False,False,False,False,False,True,False,,,,,,
IAC 0589-02,1,,False,False,False,False,False,False,False,False,False,False,False,False,False,False,True,False,,,,,,
IAC 0592-01,1,,False,False,False,False,False,False,False,False,False,False,False,False,False,False,True,False,,,,,,
IAC 0594-03,1,,False,False,False,False,False,False,False,False,False,False,False,False,False,False,True,False,,,,,,
IAC 0670-01,1,,False,False,False,False,False,False,False,False,False,False,False,False,False,False,True,False,,,,,,
IAC 0671-01,1,,False,False,False,False,False,False,False,False,False,False,False,False,False,False,True,False,,,,,,
IAC 0699-01,1,,False,False,False,False,False,False,False,False,False,False,False,False,False,False,True,False,,,,,,
IAC 0720-01,1,,False,False,False,False,False,False,False,False,False,False,False,False,False,False,True,False,,,,,,
IAC 0730-01,1,,False,False,False,False,False,False,False,False,False,False,False,False,False,False,True,False,,,,,,
IAC 0733-39,1,,False,False,False,False,False,False,False,False,False,False,False,False,False,False,True,False,,,,,,
IAC 0740-01,1,,False,False,False,False,False,False,False,False,False,False,False,False,False,False,True,False,,,,,,
IAC 0746-03,1,,False,False,False,False,False,False,False,False,False,False,False,False,False,False,True,False,,,,,,
IAC 0762-08,1,,False,False,False,False,False,False,False,False,False,False,False,False,False,False,True,False,,,,,,
IAC 0768-02,1,,False,False,False,False,False,False,False,False,False,False,False,False,False,False,True,False,,,,,,
IAC 0772-41,1,,False,False,False,False,False,False,False,False,False,False,False,False,False,False,True,False,,,,,,
IAC 0775-26 AURORA,1,AURORA INTA,False,False,False,False,False,False,False,False,False,False,False,False,False,False,True,False,,,,,,
IAC 0778-04,1,,False,False,False,False,False,False,False,False,False,False,False,False,False,False,True,False,,,,,,
IAC 0804-13,1,,False,False,False,False,False,False,False,False,False,False,False,False,False,False,True,False,,,,,,
IAC 0813-01,1,,False,False,False,False,False,False,False,False,False,False,False,False,False,False,True,False,,,,,,
IAC 0822-21,1,,False,False,False,False,False,False,False,False,False,False,False,False,False,False,True,False,,,,,,
IAC 0842-04 EUGENIO,1,EUGENIO,False,False,False,False,False,False,False,False,False,False,False,False,False,False,True,False,,,,,,
IAC 0860-05,1,,False,False,False,False,False,False,False,False,False,False,False,False,False,False,True,False,,,,,,
IAC 0861-03,1,,False,False,False,False,False,False,False,False,False,False,False,False,False,False,True,False,,,,,,
IAC 0862-10,1,,False,False,False,False,False,False,False,False,False,False,False,False,False,False,True,False,,,,,,
IAC 0871-05 GENI,1,GENI,False,False,False,False,False,False,False,False,False,False,False,False,False,False,True,False,,,,,,
IAC 0871-13 A DONA,1,DONA ANA,False,False,False,False,False,False,False,False,False,False,False,False,False,False,True,False,,,,,,
IAC 0871-18,1,,False,False,False,False,False,False,False,False,False,False,False,False,False,False,True,False,,,,,,
IAC 0871-41 PATRÍCIA,1,,False,False,False,False,False,False,False,False,False,False,False,False,False,False,True,False,,,,,,
IAC 0871-41 ROSA LINDA #,1,ROSA LINDA,False,False,False,False,False,False,False,False,False,False,False,False,False,False,True,False,,,,,,
IAC 0877-02,1,,False,False,False,False,False,False,False,False,False,False,False,False,False,False,True,False,,,,,,
IAC 0882-11,1,,False,False,False,False,False,False,False,False,False,False,False,False,False,False,True,False,,,,,,
IAC 0901-01,1,,False,False,False,False,False,False,False,False,False,False,False,False,False,False,True,False,,,,,,
IAC 0903-15,1,,False,False,False,False,False,False,False,False,False,False,False,False,False,False,True,False,,,,,,
IAC 0903-47,1,,False,False,False,False,False,False,False,False,False,False,False,False,False,False,True,False,,,,,,
IAC 0904-11,1,,False,False,False,False,False,False,False,False,False,False,False,False,False,False,True,False,,,,,,
IAC 0904-30,1,,False,False,False,False,False,False,False,False,False,False,False,False,False,False,True,False,,,,,,
IAC 0904-41,1,,False,False,False,False,False,False,False,False,False,False,False,False,False,False,True,False,,,,,,
IAC 0904-47,1,,False,False,False,False,False,False,False,False,False,False,False,False,False,False,True,False,,,,,,
IAC 0905-01,1,,False,False,False,False,False,False,False,False,False,False,False,False,False,False,True,False,,,,,,
IAC 0911-02,1,,False,False,False,False,False,False,False,False,False,False,False,False,False,False,True,False,,,,,,
IAC 0915-02,1,,False,False,False,False,False,False,False,False,False,False,False,False,False,False,True,False,,,,,,
IAC 0918-52,1,,False,False,False,False,False,False,False,False,False,False,False,False,False,False,True,False,,,,,,
IAC 0960-11,1,,False,False,False,False,False,False,False,False,False,False,False,False,False,False,True,False,,,,,,
IAC 0966-01,1,,False,False,False,False,False,False,False,False,False,False,False,False,False,False,True,False,,,,,,
IAC 0994-07,1,,False,False,False,False,False,False,False,False,False,False,False,False,False,False,True,False,,,,,,
IAC 1025-17,1,,False,False,False,False,False,False,False,False,False,False,False,False,False,False,True,False,,,,,,
IAC 1117-06,1,,False,False,False,False,False,False,False,False,False,False,False,False,False,False,True,False,,,,,,
IAC 1135-01,1,,False,False,False,False,False,False,False,False,False,False,False,False,False,False,True,False,,,,,,
IAC 116-31 RAINHA,1,RAINHA DE FRANCA,False,False,False,False,False,False,False,False,False,False,False,False,False,False,True,False,,,,,,
IAC 1193 #,1,,False,False,False,False,False,False,False,False,False,False,False,False,False,False,True,False,,,,,,
IAC 1238-08,1,,False,False,False,False,False,False,False,False,False,False,False,False,False,False,True,False,,,,,,
IAC 138-22 MÁXIMO,1,,False,False,False,False,False,False,False,False,False,False,False,False,False,False,True,False,,,,,,
IAC 1398-21 TRAVIÚ,1,,False,False,False,False,False,False,False,False,False,False,False,False,False,False,True,False,,,,,,
IAC 1410-04,1,,False,False,False,False,False,False,False,False,False,False,False,False,False,False,True,False,,,,,,
IAC 1410-08 EZEQUIEL,1,EZEQUIEL,False,False,False,False,False,False,False,False,False,False,False,False,False,False,True,False,,,,,,
IAC 1490-02,1,,False,False,False,False,False,False,False,False,False,False,False,False,False,False,True,False,,,,,,
IAC 1595-02 LÍGIA,1,,False,False,False,False,False,False,False,False,False,False,False,False,False,False,True,False,,,,,,
IAC 1595-16 ANGELINA,1,ANGELINA,False,False,False,False,False,False,False,False,False,False,False,False,False,False,True,False,,,,,,
IAC 1596-02 MARTA,1,MARTA,False,False,False,False,False,False,False,False,False,False,False,False,False,False,True,False,,,,,,
IAC 1726-03 ROBERTA,1,ROBERTA,False,False,False,False,False,False,False,False,False,False,False,False,False,False,True,False,,,,,,
IAC 1848-04,1,,False,False,False,False,False,False,False,False,False,False,False,False,False,False,True,False,,,,,,
IAC 1848-11,1,,False,False,False,False,False,False,False,False,False,False,False,False,False,False,True,False,,,,,,
IAC 1851-02,1,,False,False,False,False,False,False,False,False,False,False,False,False,False,False,True,False,,,,,,
IAC 1897-16,1,,False,False,False,False,False,False,False,False,False,False,False,False,False,False,True,False,,,,,,
IAC 21-14 MADALENA,1,MADALENA,False,False,False,False,False,False,False,False,False,False,False,False,False,False,True,False,,,,,,
IAC 313 TROPICAL,1,TROPICAL,False,False,False,False,False,False,False,False,False,False,False,False,False,False,True,False,,,,,,
IAC 514- 6 MARIA,1,SANTA MARIA,False,False,False,False,False,False,False,False,False,False,False,False,False,False,True,False,,,,,,
IAC 571-6 JUNDIAÍ,1,,False,False,False,False,False,False,False,False,False,False,False,False,False,False,True,False,,,,,,
IAC 572 JALES,1,JALES,False,False,False,False,False,False,False,False,False,False,False,False,False,False,True,False,,,,,,
IAC 74- 1 IARA,1,IARA,False,False,False,False,False,False,False,False,False,False,False,False,False,False,True,False,,,,,,
IAC 766 CAMPINAS,1,CAMPINAS,False,False,False,False,False,False,False,False,False,False,False,False,False,False,True,False,,,,,,
IAC 960-12,1,,False,False,False,False,False,False,False,False,False,False,False,False,False,False,True,False,,,,,,
IAC 960-9 SANCHES #,1,SANCHES,False,False,False,False,False,False,False,False,False,False,False,False,False,False,True,False,,,,,,
IAC JULIANA,1,JULIANA,False,False,False,False,False,False,False,False,False,False,False,False,False,False,True,False,,,,,,
IGAWA 0682,1,,False,False,False,False,False,False,False,False,False,False,False,False,False,False,True,False,,,,,,
IGAWA 1010,1,IKAWA 1010,False,False,False,False,False,False,False,False,False,False,False,False,False,False,True,False,,,,,,
IMPIGNO B.,1,IMPIGNO,False,False,False,False,False,False,True,False,False,False,False,False,False,False,False,False,,,,,,
INCROCIO BRUNI 624,1,INCROCIO FEDIT 52,False,False,False,False,False,False,True,False,False,False,False,False,False,False,False,False,,,,,,
INCROCIO MANZONI 2-3,1,INCROCIO FEDIT 52,False,False,False,False,False,False,True,False,False,False,False,False,False,False,False,False,,,,,,
INCROCIO MANZONI 2.15,1,INCROCIO FEDIT 52,False,False,False,False,False,False,True,False,False,False,False,False,False,False,False,False,,,,,,
INCROCIO TERZI N.1,1,INCROCIO FEDIT 52,False,False,False,False,False,False,True,False,False,False,False,False,False,False,False,False,,,,,,
IONA #,1,IONA,False,False,False,False,False,False,False,False,False,False,False,False,False,False,True,False,,,,,,
ISABELÃO,1,,False,False,False,False,False,False,False,False,False,False,False,False,False,False,True,False,,,,,,
ITALA,1,,False,True,False,False,False,False,False,False,False,False,False,False,False,False,False,False,,,,,,
ITALIANA #,1,,False,False,False,False,False,False,False,False,False,False,False,False,False,False,True,False,,,,,,
ITÁLIA,1,,False,False,False,False,False,False,False,False,False,False,False,False,False,False,True,False,,,,,,
IUSANA,1,,False,False,False,False,False,False,True,False,False,False,False,False,False,False,False,False,,,,,,
IVES (BORDÔ),1,IVES,False,False,False,False,False,False,False,False,False,False,False,False,False,False,True,False,,,,,,
IZABEL SPORT,1,MAGRET SPORT,False,False,False,False,False,False,False,False,False,False,False,False,False,False,True,False,,,,,,
J 7601-96,1,,False,False,False,False,False,False,False,False,False,False,False,False,False,False,True,False,,,,,,
J 7602-44,1,,False,False,False,False,False,False,False,False,False,False,False,False,False,False,True,False,,,,,,
J 7602-66,1,,False,False,False,False,False,False,False,False,False,False,False,False,False,False,True,False,,,,,,
J 7604-15,1,,False,False,False,False,False,False,False,False,False,False,False,False,False,False,True,False,,,,,,
JD 930 MOSCATEL DE JUNDIAI,1,MOSCATEL DE JUNDIAI,False,False,False,False,False,False,False,False,False,False,False,False,False,False,True,False,,,,,,
JEAN MACÉ,1,PINOT DE SAINT JEAN,False,False,False,False,True,False,False,False,False,False,False,False,False,False,False,False,,,,,,
JELUDOVII,1,,False,False,False,False,False,False,False,False,False,False,False,False,False,True,False,False,,,,,,
JINGCHUAN682,1,,False,False,False,False,False,False,False,False,True,False,False,False,False,False,False,False,,,,,,
JUAN GARCIA,1,DON JUAN,False,False,False,False,False,False,False,True,False,False,False,False,False,False,False,False,,,,,,
JUAN GARCÍA,1,DON JUAN,False,False,False,False,False,False,False,True,False,False,False,False,False,False,False,False,,,,,,
JUBILEUM 75 = K 11,1,JUBILEUM SZILVANI,False,False,False,False,True,False,False,False,False,False,False,False,False,False,False,False,,,,,,
JURANCON,1,JURANCON NOIR,False,True,False,False,False,False,False,False,False,False,False,False,False,False,False,False,,,,,,
KAKOTRYGHIS,1,,False,False,False,False,False,False,True,False,False,False,False,False,False,False,False,False,,,,,,
KARDINSHAKH,1,,False,True,False,False,False,False,False,False,False,False,False,False,False,False,False,False,,,,,,
KARISTVALA KOLKHURI,1,KOLKHURI,False,True,False,False,False,False,False,False,False,False,False,False,False,False,False,False,,,,,,
KARKEIA OIR,1,,False,True,False,False,False,False,False,False,False,False,False,False,False,False,False,False,,,,,,
KATTA KOURGAN,1,KATTA KURGAN X HIBRID BESEMENI,False,True,False,False,False,False,False,False,False,False,False,False,False,False,False,False,,,,,,
KATTA KURGAN X PERLETTA 15‐42 KATTA‐KOURGAN,1,KATTA KURGAN X PERLETTA 15 42,False,False,False,False,True,False,False,False,False,False,False,False,False,False,False,False,,,,,,
KATTA‐KOURGAN,1,,False,False,False,False,True,False,False,False,False,False,False,False,False,False,False,False,,,,,,
KECSKECSCU ROSZAS PIROS,1,PRIMOER PIROS,False,True,False,False,False,False,False,False,False,False,False,False,False,False,False,False,,,,,,
KECSKECSECSU ROSZAS PIROS,1,PRIMOER PIROS,False,True,False,False,False,False,False,False,False,False,False,False,False,False,False,False,,,,,,
KEHLIBAR,1,,False,True,False,False,False,False,False,False,False,False,False,False,False,False,False,False,,,,,,
KEKNYELU,1,KEKNYELUE,False,False,False,False,False,False,True,False,False,False,False,False,False,False,False,False,,,,,,
KEROZENE,1,,False,False,False,False,False,False,False,False,False,False,False,False,False,False,True,False,,,,,,
KHARISTVALA KOLKHURI,1,KHARISTVALA SHAVI,False,True,False,False,False,False,False,False,False,False,False,False,False,False,False,False,,,,,,
KHOUSSAINE BLANC,1,KARA KHOUSSAINE,False,True,False,False,False,False,False,False,False,False,False,False,False,False,False,False,,,,,,
KICHMICHE TCHEURNY,1,LAZAREVSKY TCHEURNY,False,True,False,False,False,False,False,False,False,False,False,False,False,False,False,False,,,,,,
KISHMISH BLACK,1,KISHMISH SORH,False,True,False,False,False,False,False,False,False,False,False,False,False,False,False,False,,,,,,
KOBER   5 BB,1,KOBER 127,False,True,False,False,False,False,False,False,False,False,False,False,False,False,False,False,,,,,,
KOENIGIN DER WEINBGAERTEN,1,KOENIGIN DER WEINGAERTEN,False,True,False,False,False,False,False,False,False,False,False,False,False,False,False,False,,,,,,
KOLEDA 28/19),1,KOLEDA 28/19,False,True,False,False,False,False,False,False,False,False,False,False,False,False,False,False,,,,,,
KORZA EREVANI,1,EREVANI KHOSHORAPTUKH,False,False,False,False,False,False,False,True,False,False,False,False,False,False,False,False,,,,,,
KOTSIPHALI FAUX (COLLECTION ATHÈNES),1,KOTSIPHALI FAUX,False,False,False,False,False,False,False,True,False,False,False,False,False,False,False,False,,,,,,
KOVIDINKA,1,,False,False,False,False,False,False,True,False,False,False,False,False,False,False,False,False,,,,,,
KRAKHOUNA,1,,False,False,False,False,False,False,True,False,False,False,False,False,False,False,False,False,,,,,,
KRATOSIA,1,,False,True,False,False,False,False,False,False,False,False,False,False,False,False,False,False,,,,,,
KRATOSIJA,1,STARA KRATOSIJA,False,True,False,False,False,False,False,False,False,False,False,False,False,False,False,False,,,,,,
KRATOSJIA,1,,False,True,False,False,False,False,False,False,False,False,False,False,False,False,False,False,,,,,,
KRIVALJABIJELA,1,,False,True,False,False,False,False,False,False,False,False,False,False,False,False,False,False,,,,,,
KYOHOU,1,,False,True,False,False,False,False,False,False,False,False,False,False,False,False,False,False,,,,,,
KÉKNYELÜ,1,,False,False,False,False,False,False,False,True,False,False,False,False,False,False,False,False,,,,,,
LA TÊTE D'OR),1,SALICETTE (COLLECTION PARC DE LA TETE D'OR),False,False,False,False,True,False,False,False,False,False,False,False,False,False,False,False,,,,,,
LACRIMA (DI MORRO D'ALBA),1,LACRIMA BIANCA,False,False,False,False,False,False,True,False,False,False,False,False,False,False,False,False,,,,,,
LAMBRUSCA DI ALESSANDRIA N.,1,LAMBRUSCA DI ALESSANDRIA,False,True,False,False,False,False,False,False,False,False,False,False,False,False,False,False,,,,,,
LAMBRUSCO,1,LAMBRUSCO OLIVA,False,False,False,False,False,False,False,False,False,False,False,False,False,False,True,False,,,,,,
LAMPANZONA,1,,False,False,False,False,False,False,True,False,False,False,False,False,False,False,False,False,,,,,,
LANDOT  234,1,LANDOT 2915,False,True,False,False,False,False,False,False,False,False,False,False,False,False,False,False,,,,,,
LANDOT  301,1,LANDOT 2915,False,True,False,False,False,False,False,False,False,False,False,False,False,False,False,False,,,,,,
LANDOT  508,1,LANDOT 2915,False,True,False,False,False,False,False,False,False,False,False,False,False,False,False,False,,,,,,
LANDOT  709,1,LANDOT 2915,False,True,False,False,False,False,False,False,False,False,False,False,False,False,False,False,,,,,,
LANDOT  742,1,LANDOT 2915,False,True,False,False,False,False,False,False,False,False,False,False,False,False,False,False,,,,,,
LANDOT  760,1,LANDOT 2915,False,True,False,False,False,False,False,False,False,False,False,False,False,False,False,False,,,,,,
LEGIRUELA,1,,False,True,False,False,False,False,False,False,False,False,False,False,False,False,False,False,,,,,,
LIGNAN BLANC,1,TEOULIER BLANC FEMELLE,False,True,False,False,False,False,False,False,False,False,False,False,False,False,False,False,,,,,,
LIMBERGER BLAU,1,KOELNER BLAU,False,True,False,False,False,False,False,False,False,False,False,False,False,False,False,False,,,,,,
LISTAN,1,LISTAN ROSA,False,True,False,False,False,False,False,False,False,False,False,False,False,False,False,False,,,,,,
LN 33 OR LLYOD’S NUMBER 33,1,,False,False,False,False,False,False,False,False,False,False,False,False,True,False,False,False,,,,,,
LOMANTO #,1,LOMANTO,False,False,False,False,False,False,False,False,False,False,False,False,False,False,True,False,,,,,,
LUEBECK #,1,LUEBECK,False,False,False,False,False,False,False,False,False,False,False,False,False,False,True,False,,,,,,
LUGLIENGA BIANCA (LIGNAN),1,LUGLIENGA BIANCA,False,False,False,False,False,False,True,False,False,False,False,False,False,False,False,False,,,,,,
LÍBANO #,1,,False,False,False,False,False,False,False,False,False,False,False,False,False,False,True,False,,,,,,
M 6-68-27,1,,False,True,False,False,False,False,False,False,False,False,False,False,False,False,False,False,,,,,,
M1,1,,False,False,False,False,False,False,False,False,False,False,False,False,True,False,False,False,,,,,,
M2,1,,False,False,False,False,False,False,False,False,False,False,False,False,True,False,False,False,,,,,,
M3,1,,False,False,False,False,False,False,False,False,False,False,False,False,True,False,False,False,,,,,,
M4,1,,False,False,False,False,False,False,False,False,False,False,False,False,True,False,False,False,,,,,,
MACABEO,1,MACABEO NEGRO,False,True,False,False,False,False,False,False,False,False,False,False,False,False,False,False,,,,,,
MADAME JEAN MATHIASZ,1,MADAME NERA,False,True,False,False,False,False,False,False,False,False,False,False,False,False,False,False,,,,,,
MADELEINE ANGEVINE OBERLIN MADELEINE ANGEVINE,1,MADELEINE ANGEVINE OBERLIN,False,False,False,False,True,False,False,False,False,False,False,False,False,False,False,False,,,,,,
MADELEINE SALOMON,1,MADELEINE SAEMLING 18,False,True,False,False,False,False,False,False,False,False,False,False,False,False,False,False,,,,,,
MADELEINE SALOMON = AGOSTENGA MAGDALENA,1,,False,False,False,False,True,False,False,False,False,False,False,False,False,False,False,False,,,,,,
MAGARACSI CSEMEGE,1,,False,True,False,False,False,False,False,False,False,False,False,False,False,False,False,False,,,,,,
MAGARACSI CSEMEGE III,1,,False,True,False,False,False,False,False,False,False,False,False,False,False,False,False,False,,,,,,
MAGARATCH 56,1,,False,False,False,False,True,False,False,False,False,False,False,False,False,False,False,False,,,,,,
MAGDELEINE NOIRE DES CHARANTES,1,MAGDELEINE NOIRE DES CHARENTES,False,True,False,False,False,False,False,False,False,False,False,False,False,False,False,False,,,,,,
MAGDELEINE NOIRE DES CHARENTES CABERNET FRANC,1,MAGDELEINE NOIRE DES CHARENTES,False,False,False,False,True,False,False,False,False,False,False,False,False,False,False,False,,,,,,
MAGDELEINE NOIRE DES CHARENTES GOUAIS BLANC = HEUNISCH WEISS,1,MAGDELEINE NOIRE DES CHARENTES,False,False,False,False,True,False,False,False,False,False,False,False,False,False,False,False,,,,,,
MAGDELEINE NOIRE DES CHARENTES PENOUILLE,1,MAGDELEINE NOIRE DES CHARENTES,False,False,False,False,True,False,False,False,False,False,False,False,False,False,False,False,,,,,,
MAGDELEINE NOIRE DES CHARENTES PRUNELARD,1,MAGDELEINE NOIRE DES CHARENTES,False,False,False,False,True,False,False,False,False,False,False,False,False,False,False,False,,,,,,
MAGOON #,1,MAGOON,False,False,False,False,False,False,False,False,False,False,False,False,False,False,True,False,,,,,,
MAHDOUI,1,,False,True,False,False,False,False,False,False,False,False,False,False,False,False,False,False,,,,,,
MAI  3,1,,False,True,False,False,False,False,False,False,False,False,False,False,False,False,False,False,,,,,,
MAINGONNAT  3 L 1,1,MAINGONNAT 30 L22,False,True,False,False,False,False,False,False,False,False,False,False,False,False,False,False,,,,,,
MAINGONNAT  7 L 1,1,MAINGONNAT 30 L22,False,True,False,False,False,False,False,False,False,False,False,False,False,False,False,False,,,,,,
MAINGONNAT 27 L1,1,MAINGONNAT 30 L22,False,False,False,False,True,False,False,False,False,False,False,False,False,False,False,False,,,,,,
MAINGONNAT BELDI X UGNI BLANC MAYORQUIN = FARANA,1,MAINGONNAT BELDI X UGNI BLANC,False,False,False,False,True,False,False,False,False,False,False,False,False,False,False,False,,,,,,
MAI_3,1,,False,False,False,False,False,False,False,True,False,False,False,False,False,False,False,False,,,,,,
MALBECH (COT),1,,False,False,False,False,False,False,True,False,False,False,False,False,False,False,False,False,,,,,,
MALEGUE    44- 53,1,MALEGUE 1157- 11,False,True,False,False,False,False,False,False,False,False,False,False,False,False,False,False,,,,,,
MALEGUE 44.53,1,MALEGUE 1157- 11,False,False,False,False,False,False,False,False,False,False,False,False,True,False,False,False,,,,,,
MALVASIA DI LIPARI,1,MALVASIA NOSTRANA,False,False,False,False,False,False,True,False,False,False,False,False,False,False,False,False,,,,,,
MALVASIA NERA DI LECCE,1,MALVASIA NERA (DI COSTA V.),False,False,False,False,False,False,True,False,False,False,False,False,False,False,False,False,,,,,,
MALVASIA RASTEIRO = MANTHEUDO ARINTO DO DÃO,1,,False,False,False,False,True,False,False,False,False,False,False,False,False,False,False,False,,,,,,
MALVASIA RASTEIRO = MANTHEUDO RABIGATO,1,,False,False,False,False,True,False,False,False,False,False,False,False,False,False,False,False,,,,,,
MALVASIA VOLCÁNICA,1,MALVASIA NOSTRANA,False,False,False,False,False,False,False,True,False,False,False,False,False,False,False,False,,,,,,
MALVOISIE DE MADERA (COLLECTION BLACK MOROCCO,1,MALVOISIE DE MADERA,False,False,False,False,True,False,False,False,False,False,False,False,False,False,False,False,,,,,,
MAMMOLO CLONE I-MAM-PA-1,1,MAMMOLO PECCIOLI,False,False,False,False,False,False,True,False,False,False,False,False,False,False,False,False,,,,,,
MANCENS = GIRO DE BALEARES,1,GIRO DI BOSA,False,False,False,False,False,False,False,True,False,False,False,False,False,False,False,False,,,,,,
MANCENS = GIRÓ DE BALEARES,1,,False,False,False,False,False,False,False,True,False,False,False,False,False,False,False,False,,,,,,
MANDL  30,1,MANDL 30,False,True,False,False,False,False,False,False,False,False,False,False,False,False,False,False,,,,,,
MANICURE FINGER1,1,MANICURE FINGER,False,False,False,False,False,False,False,False,True,False,False,False,False,False,False,False,,,,,,
MANSES DE CAPDELL,1,MANSES DE TIBBUS,False,True,False,False,False,False,False,False,False,False,False,False,False,False,False,False,,,,,,
MANTHEUDO,1,,False,True,False,False,False,False,False,False,False,False,False,False,False,False,False,False,,,,,,
MANTONICO NERO,1,MANTONICO NERO INZENGA,False,False,False,False,False,False,True,False,False,False,False,False,False,False,False,False,,,,,,
MANTONICO PINTO,1,MANTONICO NERO INZENGA,False,False,False,False,False,False,True,False,False,False,False,False,False,False,False,False,,,,,,
MANZONI  2-  3,1,MANZONI 2- 3,False,True,False,False,False,False,False,False,False,False,False,False,False,False,False,False,,,,,,
MANZONI  2- 14,1,MANZONI 2- 3,False,True,False,False,False,False,False,False,False,False,False,False,False,False,False,False,,,,,,
MANZONI  2- 15,1,MANZONI 2- 3,False,True,False,False,False,False,False,False,False,False,False,False,False,False,False,False,,,,,,
MANZONI ROSA = MANZONI 1‐50 SAVAGNIN = TRAMINER,1,MANZONI ROSA,False,False,False,False,True,False,False,False,False,False,False,False,False,False,False,False,,,,,,
MARIA PIROVANO = PIROVANO 165 SULTANINE,1,MARIA PIROVANO,False,False,False,False,True,False,False,False,False,False,False,False,False,False,False,False,,,,,,
MARIENSTEINER = WÜRZBURG B 51‐7‐ SYLVANER,1,,False,False,False,False,True,False,False,False,False,False,False,False,False,False,False,False,,,,,,
MARIO MARIANI = PIROVANO 276 MUSCAT DE HAMBOURG,1,MARIO MARIANI,False,False,False,False,True,False,False,False,False,False,False,False,False,False,False,False,,,,,,
MARMAJUELO,1,,False,True,False,False,False,False,False,False,False,False,False,False,False,False,False,False,,,,,,
MARS SEEDLESS,1,MARS,False,False,False,False,False,False,False,False,True,False,False,False,False,False,False,False,,,,,,
MARTE,1,MARTELLATA NERA,False,False,False,False,False,False,False,False,False,False,False,False,False,False,True,False,,,,,,
MARTINEZ ZAPORTA   5 A,1,MARTINEZ ZAPORTA 5 A,False,True,False,False,False,False,False,False,False,False,False,False,False,False,False,False,,,,,,
MASE 8,1,,False,True,False,False,False,False,False,False,False,False,False,False,False,False,False,False,,,,,,
MATHIAS JANOSNE,1,MATHIASZ JANOSNE,False,True,False,False,False,False,False,False,False,False,False,False,False,False,False,False,,,,,,
MATHIASZ JANOS,1,MATHIASZ JANOSNE,False,True,False,False,False,False,False,False,False,False,False,False,False,False,False,False,,,,,,
MATHIASZ JANOSNE = MATHIASZ 210 AÏN EL BOUMA,1,MATHIASZ JANOSNE,False,False,False,False,True,False,False,False,False,False,False,False,False,False,False,False,,,,,,
MATHIASZ JANOSNE = MATHIASZ 210 FURMINT,1,MATHIASZ JANOSNE,False,False,False,False,True,False,False,False,False,False,False,False,False,False,False,False,,,,,,
MATHIASZ JANOSNE = MATHIASZ 210 HARSLEVELU,1,MATHIASZ JANOSNE,False,False,False,False,True,False,False,False,False,False,False,False,False,False,False,False,,,,,,
MATHIASZ JANOSNE = MATHIASZ 210 KADARKA,1,MATHIASZ JANOSNE,False,False,False,False,True,False,False,False,False,False,False,False,False,False,False,False,,,,,,
MATHIASZ JANOSNE = MATHIASZ 210 KÖVIDINKA,1,MATHIASZ JANOSNE,False,False,False,False,True,False,False,False,False,False,False,False,False,False,False,False,,,,,,
MATHIASZ JANOSNE = MATHIASZ 210 MUSCAT D'ALEXANDRIE,1,MATHIASZ JANOSNE,False,False,False,False,True,False,False,False,False,False,False,False,False,False,False,False,,,,,,
MATHIASZ JANOSNE MUSKOTALY,1,MATHIASZ JOZSEF MUSKOTALY,False,True,False,False,False,False,False,False,False,False,False,False,False,False,False,False,,,,,,
MATHIAZ JANOSNE MUSKOTALY,1,MATHIASZ JANOSNE,False,True,False,False,False,False,False,False,False,False,False,False,False,False,False,False,,,,,,
MATHILDE (COLLECTION TRÈVES) BOUQUETTRAUBE,1,MATHILDE (COLLECTION TREVES),False,False,False,False,True,False,False,False,False,False,False,False,False,False,False,False,,,,,,
MATURANO,1,MATURANO NERO,False,False,False,False,False,False,True,False,False,False,False,False,False,False,False,False,,,,,,
MAVASIA FINA,1,MALVASIA FINA,False,True,False,False,False,False,False,False,False,False,False,False,False,False,False,False,,,,,,
MAVROUD,1,MAVROUDI,False,True,False,False,False,False,False,False,False,False,False,False,False,False,False,False,,,,,,
MEDOC NOIR.,1,MEDOC NOIR,False,True,False,False,False,False,False,False,False,False,False,False,False,False,False,False,,,,,,
MENCÍA,1,,False,False,False,False,False,False,False,True,False,False,False,False,False,False,False,False,,,,,,
MERBEIN),1,,False,False,False,False,True,False,False,False,False,False,False,False,False,False,False,False,,,,,,
MERLOT NOIR #,1,MERLOT NOIR,False,False,False,False,False,False,False,False,False,False,False,False,False,False,True,False,,,,,,
MESLIER SAINT-FRANCOIS,1,MESLIER PETIT,False,False,False,False,False,False,True,False,False,False,False,False,False,False,False,False,,,,,,
MESLIER SAINT-FRANÇOIS,1,MESLIER PETIT,False,False,False,False,False,False,False,True,False,False,False,False,False,False,False,False,,,,,,
MG 41 B,1,,False,True,False,False,False,False,False,False,False,False,False,False,False,False,False,False,,,,,,
MILLARDET ET GRASSET   17- 37,1,MILLARDET ET GRASSET 434,False,False,False,False,False,False,False,False,False,False,False,False,False,False,False,True,,,,,,
MILLARDET ET GRASSET  101 O.P.,1,MILLARDET ET GRASSET 101 O.P.,False,True,False,False,False,False,False,False,False,False,False,False,False,False,False,False,,,,,,
MILLARDET ET GRASSET  101- 14,1,MILLARDET ET GRASSET 101- 11,False,False,False,False,False,False,False,False,False,False,False,False,False,False,False,True,,,,,,
MILLARDET ET GRASSET  106-  8,1,MILLARDET ET GRASSET 106- 8,False,False,False,False,False,False,False,False,False,False,False,False,False,False,False,True,,,,,,
MILLARDET ET GRASSET  125-  1,1,MILLARDET ET GRASSET 125- 4,False,False,False,False,False,False,False,False,False,False,False,False,False,False,False,True,,,,,,
MINNELLA NERA,1,BOSSOLERA NERA,False,False,False,False,False,False,True,False,False,False,False,False,False,False,False,False,,,,,,
MIRNII,1,,False,True,False,False,False,False,False,False,False,False,False,False,False,False,False,False,,,,,,
MISHAN3,1,,False,False,False,False,False,False,False,False,True,False,False,False,False,False,False,False,,,,,,
MISSION,1,MISSION MALE,False,True,False,False,False,False,False,False,False,False,False,False,False,False,False,False,,,,,,
MISSION = LISTAN PRIETO,1,LISTAN PRIETO,False,False,False,False,False,False,False,True,False,False,False,False,False,False,False,False,,,,,,
MISSION = LISTÁN PRIETO,1,MISSION MALE,False,False,False,False,False,False,False,True,False,False,False,False,False,False,False,False,,,,,,
MLAVASIA VOLCÁNICA,1,,False,False,False,False,False,False,False,True,False,False,False,False,False,False,False,False,,,,,,
MOLL,1,MOLLAH,False,False,False,False,False,False,False,True,False,False,False,False,False,False,False,False,,,,,,
MONDRAGÓN,1,,False,False,False,False,False,False,False,True,False,False,False,False,False,False,False,False,,,,,,
MONICA,1,MONICA NERA,False,False,False,False,False,False,True,False,False,False,False,False,False,False,False,False,,,,,,
MONSTRUOSA,1,,False,False,False,False,False,False,False,True,False,False,False,False,False,False,False,False,,,,,,
MONTE D'ORO = PIROVANO 240,1,MONTE D'ORO,False,False,False,False,False,False,False,False,False,False,False,False,False,True,False,False,,,,,,
MORIOT MUSKAT = GEILWEILERHOF I‐ SYLVANER,1,,False,False,False,False,True,False,False,False,False,False,False,False,False,False,False,False,,,,,,
MORÉ,1,,False,False,False,False,False,False,False,True,False,False,False,False,False,False,False,False,,,,,,
MOSCATEL  ROSADO,1,MOSCATEL ROSADO,False,True,False,False,False,False,False,False,False,False,False,False,False,False,False,False,,,,,,
MOSCATEL ARGENTINA #,1,MOSCATEL ROSA,False,False,False,False,False,False,False,False,False,False,False,False,False,False,True,False,,,,,,
MOSCATEL DE ALEXANDRIA #,1,MOSCATEL ROSA,False,False,False,False,False,False,False,False,False,False,False,False,False,False,True,False,,,,,,
MOSCATEL DE SETUBAL,1,MOSCATEL ROSA,False,True,False,False,False,False,False,False,False,False,False,False,False,False,False,False,,,,,,
MOSCATEL GRANO MENUDO,1,MOSCATEL ROSA,False,True,False,False,False,False,False,False,False,False,False,False,False,False,False,False,,,,,,
MOSCATEL ROSA = LEAO FERREIRA DA FERRAL TAMARA,1,,False,False,False,False,True,False,False,False,False,False,False,False,False,False,False,False,,,,,,
MOSCATEL ROSADA PORTUGUESA #,1,MOSCATEL ROSADA DE CANETE,False,False,False,False,False,False,False,False,False,False,False,False,False,False,True,False,,,,,,
MOSCATEL SUIÇA #,1,MOSCATEL ROSA,False,False,False,False,False,False,False,False,False,False,False,False,False,False,True,False,,,,,,
MOSCATO BIANCO B.,1,MOSCATO BIANCO PRECOCE,False,True,False,False,False,False,False,False,False,False,False,False,False,False,False,False,,,,,,
MOSCATO D'ADDA (SPAIN),1,MOSCATO D'ADDA,False,False,False,False,False,False,False,True,False,False,False,False,False,False,False,False,,,,,,
MOSCATO D’ADDA,1,MOSCATO EMBRAPA,False,False,False,False,False,False,True,False,False,False,False,False,False,False,False,False,,,,,,
MOSCATO ITÁLICO,1,MOSCATO EMBRAPA,False,False,False,False,False,False,False,False,False,False,False,False,False,False,True,False,,,,,,
MOSCATO TIAMMOR = PIROVANO 672 PIROVANO 190,1,MOSCATO TIAMMOR,False,False,False,False,True,False,False,False,False,False,False,False,False,False,False,False,,,,,,
MOSCATO VIOLETTO (MUSCAT ROUGE DE MADÈRE),1,,False,False,False,False,False,False,True,False,False,False,False,False,False,False,False,False,,,,,,
MOSCITA ROSA = TAMJANIKA CRNA,1,TAMJANIKA CRNA,False,False,False,False,False,False,False,True,False,False,False,False,False,False,False,False,,,,,,
MOUCHKETNY FAUX (COLLECTION MUSCAT ROUGE DE MADÈRE = MUSCAT D'EISENSTADT,1,,False,False,False,False,True,False,False,False,False,False,False,False,False,False,False,False,,,,,,
MOURATION,1,,False,False,False,False,False,False,True,False,False,False,False,False,False,False,False,False,,,,,,
MOURISCO TINTO,1,MOURISCO DE SEMENTE (NON IDENTIFIED),False,True,False,False,False,False,False,False,False,False,False,False,False,False,False,False,,,,,,
MOURVEDRE = MONASTRELL,1,MOURVEDRE KIRGHIZSKY,False,True,False,False,False,False,False,False,False,False,False,False,False,False,False,False,,,,,,
MOURVEDRE GULE,1,MOURVEDRE KIRGHIZSKY,False,False,False,False,False,False,True,False,False,False,False,False,False,False,False,False,,,,,,
MOURVÈDRE GOULÉ,1,,False,False,False,False,False,False,False,True,False,False,False,False,False,False,False,False,,,,,,
MUELLER THURGAU,1,MUELLER THURGAU ROT,False,True,False,False,False,False,False,False,False,False,False,False,False,False,False,False,,,,,,
MULATA = LEAO FERREIRA DA ALMEIDA CASTELÃO = PERIQUITA,1,LEAO FERREIRA DA ALMEIDA 34-49- 48,False,False,False,False,True,False,False,False,False,False,False,False,False,False,False,False,,,,,,
MULLER THURGAU WEISS,1,MUELLER THURGAU WEISS,True,False,False,False,False,False,False,False,False,False,False,False,False,False,False,False,,,,,,
MUNKATSY JOZSEF MUSKOTALY,1,MUNKATSY JOZSEF,False,False,False,False,False,False,False,False,False,False,False,False,False,True,False,False,,,,,,
MUNKATSY JOZSEF MUSKOTALY DIAMANTTRAUBE,1,MUNKATSY JOZSEF,False,False,False,False,True,False,False,False,False,False,False,False,False,False,False,False,,,,,,
MURISTELLU,1,,False,True,False,False,False,False,False,False,False,False,False,False,False,False,False,False,,,,,,
MUSCA,1,MUSCARIS,False,False,False,False,False,False,False,False,False,False,False,False,False,False,True,False,,,,,,
MUSCADELLE DU BORDELAIS FAUX,1,MUSCADELLE,False,True,False,False,False,False,False,False,False,False,False,False,False,False,False,False,,,,,,
MUSCADELLE DU BORDELAIS FAUX GRENACHE = GARNACHA,1,,False,False,False,False,True,False,False,False,False,False,False,False,False,False,False,False,,,,,,
MUSCAT,1,MUSCATNY,False,True,False,False,False,False,False,False,False,False,False,False,False,False,False,False,,,,,,
MUSCAT A PETITS GRAINS,1,MUSCAT A PETITS GRAINS NOIRS,False,True,False,False,False,False,False,False,False,False,False,False,False,False,False,False,,,,,,
MUSCAT D' ALEXANDRIE,1,MUSCAT ALEXANDRIE BLEU,False,True,False,False,False,False,False,False,False,False,False,False,False,False,False,False,,,,,,
MUSCAT D'ALEXANDRIA,1,MUSCAT ERLOG ALTARIA,False,True,False,False,False,False,False,False,False,False,False,False,False,False,False,False,,,,,,
MUSCAT D'D’ISTAMBUL,1,MUSCAT ERLOG ALTARIA,False,False,False,False,False,False,True,False,False,False,False,False,False,False,False,False,,,,,,
MUSCAT DE LA RELIQUE,1,MUSCAT ERLOG ALTARIA,False,False,False,False,False,False,True,False,False,False,False,False,False,False,False,False,,,,,,
MUSCAT DE ROUSSÉ,1,MUSCAT ERLOG ALTARIA,False,False,False,False,True,False,False,False,False,False,False,False,False,False,False,False,,,,,,
MUSCAT DE ST. CHRISTOL (GALIBERT 255-43),1,MUSCAT DE ST. CHRISTOL,False,False,False,False,False,False,True,False,False,False,False,False,False,False,False,False,,,,,,
MUSCAT DE THRACE,1,MUSCAT ERLOG ALTARIA,False,True,False,False,False,False,False,False,False,False,False,False,False,False,False,False,,,,,,
MUSCAT DORÉ DE SEMIS (COLLECTION RIESLING,1,MUSCAT DORE DE SEMIS,False,False,False,False,True,False,False,False,False,False,False,False,False,False,False,False,,,,,,
MUSCAT MIKWEH CREA,1,MUSCAT ERLOG ALTARIA,False,False,False,False,False,False,True,False,False,False,False,False,False,False,False,False,,,,,,
MUSCAT OF ALEXANDIRA,1,MUSCAT ERLOG ALTARIA,False,True,False,False,False,False,False,False,False,False,False,False,False,False,False,False,,,,,,
MUSCAT OF ALEXANDRIE,1,MUSCAT ALEXANDRIE BLEU,False,True,False,False,False,False,False,False,False,False,False,False,False,False,False,False,,,,,,
MUSCAT OF HAMBURG,1,YESHANENSIS X MUSCAT HAMBURG GF 68-61-08,False,True,False,False,False,False,False,False,False,False,False,False,False,False,False,False,,,,,,
MUSCAT PRECOCE DE COURTILLER,1,MUSCAT AUGUSTE COURTILLER,False,True,False,False,False,False,False,False,False,False,False,False,False,False,False,False,,,,,,
MUSCAT PRÉCOCE DE SAUMUR,1,MUSCAT PRECOCE DE SAUMUR,False,False,False,False,True,False,False,False,False,False,False,False,False,False,False,False,,,,,,
MUSCAT REINE DES VIGNES,1,MUSCAT ERLOG ALTARIA,False,False,False,False,False,False,True,False,False,False,False,False,False,False,False,False,,,,,,
MUSCAT ROUGE DE MADERE = MOSCATO VIOLETTO,1,MUSCAT ROUGE DE MADERE,False,True,False,False,False,False,False,False,False,False,False,False,False,False,False,False,,,,,,
MUSCAT ROUGE DE MADÈRE = NIELLUCCIO = SANGIOVESE,1,MUSCAT ROUGE DE MADERE,False,False,False,False,True,False,False,False,False,False,False,False,False,False,False,False,,,,,,
MUSCAT ROUGE DE MADÈRE = PINOT,1,MUSCAT ROUGE DE MADERE,False,False,False,False,True,False,False,False,False,False,False,False,False,False,False,False,,,,,,
MUSCAT ROUGE DE MADÈRE = PRÉCOCE DE MALINGRE,1,MUSCAT ROUGE DE MADERE,False,False,False,False,True,False,False,False,False,False,False,False,False,False,False,False,,,,,,
MUSCAT ROUGE DE MADÈRE = SCIACCARELLO = MAMMOLO,1,MUSCAT ROUGE DE MADERE,False,False,False,False,True,False,False,False,False,False,False,False,False,False,False,False,,,,,,
MUSCAT SAINT LAURENT,1,MUSCAT ST. LAURENT,False,True,False,False,False,False,False,False,False,False,False,False,False,False,False,False,,,,,,
MUSCAT SAINT-LAURENT,1,MUSCAT ERLOG ALTARIA,False,True,False,False,False,False,False,False,False,False,False,False,False,False,False,False,,,,,,
MUSCAT THALLOCSY,1,MUSCAT ERLOG ALTARIA,False,False,False,False,True,False,False,False,False,False,False,False,False,False,False,False,,,,,,
MUSCAT À PETITS GRAINS BLANCS,1,MUSCAT A PETITS GRAINS BLANCS SEEDLESS,False,False,False,False,False,False,False,True,False,False,False,False,False,False,False,False,,,,,,
MUSCATE,1,MUSCATEDDU,False,True,False,False,False,False,False,False,False,False,False,False,False,False,False,False,,,,,,
MUSCATE (COLLECTION RAVAZ),1,EARLY DAWN FAUX (COLLECTION RAVAZ),False,False,False,False,False,False,False,False,False,False,False,False,False,True,False,False,,,,,,
MUSCATE (COLLECTION RAVAZ) BEYLERCE,1,EARLY DAWN FAUX (COLLECTION RAVAZ),False,False,False,False,True,False,False,False,False,False,False,False,False,False,False,False,,,,,,
MUSKAT UZBEKINSTANSKII,1,LEIPZIG MUSKAT,False,False,False,False,False,False,True,False,False,False,False,False,False,False,False,False,,,,,,
MUSKAT ZHEMCHUZHNII,1,LEIPZIG MUSKAT,False,True,False,False,False,False,False,False,False,False,False,False,False,False,False,False,,,,,,
MUSKATELLER GELB,1,MUSKATELLER GELBER,False,True,False,False,False,False,False,False,False,False,False,False,False,False,False,False,,,,,,
MUSSCAT DE HAMBOURG,1,,False,True,False,False,False,False,False,False,False,False,False,False,False,False,False,False,,,,,,
MÜLLER THURGAU,1,MUELLER THURGAU WEISS,False,False,False,False,False,False,True,False,False,False,False,False,False,False,False,False,,,,,,
MÜLLER-THURGAU,1,,False,False,False,False,False,False,False,True,False,False,False,False,False,False,False,False,,,,,,
NAPOLEON = DON MARIANO,1,IMPERIAL NAPOLEON,False,False,False,False,False,False,False,True,False,False,False,False,False,False,False,False,,,,,,
NAVA = SPIEGEL‐ROY 3/70‐28,1,NAVA,False,False,False,False,False,False,False,False,False,False,False,False,False,True,False,False,,,,,,
NAVA = SPIEGEL‐ROY 3/70‐28 ALPHONSE LAVALLÉE,1,,False,False,False,False,True,False,False,False,False,False,False,False,False,False,False,False,,,,,,
ND ALICANTE HENRI BOUSCHET,1,ALICANTE HENRI BOUSCHET,False,False,False,False,True,False,False,False,False,False,False,False,False,False,False,False,,,,,,
ND ALII TIERSKII,1,,False,False,False,False,True,False,False,False,False,False,False,False,False,False,False,False,,,,,,
ND KHOUSSAÏNÉ BLANC,1,TEOULIER BLANC FEMELLE,False,False,False,False,True,False,False,False,False,False,False,False,False,False,False,False,,,,,,
ND PETIT VERDOT,1,PETIT VERDOT FAUX,False,False,False,False,True,False,False,False,False,False,False,False,False,False,False,False,,,,,,
ND SAVAGNIN = TRAMINER,1,SAVAGNIN BLANC,False,False,False,False,True,False,False,False,False,False,False,False,False,False,False,False,,,,,,
ND SEVAN,1,SEVAN,False,False,False,False,True,False,False,False,False,False,False,False,False,False,False,False,,,,,,
ND TORRES S.A.),1,,False,False,False,False,True,False,False,False,False,False,False,False,False,False,False,False,,,,,,
NEBBIOLLO,1,,False,False,False,False,False,False,False,False,False,False,False,False,False,False,True,False,,,,,,
NEDEL'CHEV MAGVATLANA,1,NEDELTCHEFF MAGVATLANA,False,True,False,False,False,False,False,False,False,False,False,False,False,False,False,False,,,,,,
NEGRA TARDÍA,1,NEGRA MOLE TREPADEIRA,False,False,False,False,False,False,False,True,False,False,False,False,False,False,False,False,,,,,,
NEGRODOLCE,1,,False,False,False,False,False,False,True,False,False,False,False,False,False,False,False,False,,,,,,
NEGRU MARE (CHARAS),1,NEGRU MARE DE GHIRODA,False,False,False,False,False,False,True,False,False,False,False,False,False,False,False,False,,,,,,
NERELLO CAPPUCCIO FAUX,1,NERELLO MASCALESE FAUX,False,True,False,False,False,False,False,False,False,False,False,False,False,False,False,False,,,,,,
NERELLO CAPPUCCIO FAUX (REGALBUTO),1,NERELLO MASCALESE FAUX,False,False,False,False,True,False,False,False,False,False,False,False,False,False,False,False,,,,,,
NERETTA CUNEESE N.,1,NERETTA CUNEESE,False,True,False,False,False,False,False,False,False,False,False,False,False,False,False,False,,,,,,
NERETTO DURO (BALAU),1,NERETTO DURO,False,False,False,False,False,False,True,False,False,False,False,False,False,False,False,False,,,,,,
NEW YORK     8536,1,NEW YORK 8536,False,True,False,False,False,False,False,False,False,False,False,False,False,False,False,False,,,,,,
NIABELL,1,NIABELL (4N),False,False,False,False,False,False,False,False,False,False,False,False,False,False,True,False,,,,,,
NIAGARA BRANCA GIGANTE 4N,1,NIAGARA BRANCA OVAL,False,False,False,False,False,False,False,False,False,False,False,False,False,False,True,False,,,,,,
NIAGARA ROSADA ESCURA,1,NIAGARA ROSADA GIGANTE (4N),False,False,False,False,False,False,False,False,False,False,False,False,False,False,True,False,,,,,,
NIAGARA ROSADA GIGANTE 4N,1,NIAGARA ROSADA GIGANTE (4N),False,False,False,False,False,False,False,False,False,False,False,False,False,False,True,False,,,,,,
NIAGARA ROSADA VARIEGADA,1,NIAGARA ROSADA GIGANTE (4N),False,False,False,False,False,False,False,False,False,False,False,False,False,False,True,False,,,,,,
NIAGARA S/SEMENTES (ROSINHA),1,NIAGARA RED,False,False,False,False,False,False,False,False,False,False,False,False,False,False,True,False,,,,,,
NIELLUCCIO = SANGIOVESE,1,SANGIOVESE,False,False,False,False,True,False,False,False,False,False,False,False,False,False,False,False,,,,,,
NIMRANG,1,NIMRANG KARA,False,True,False,False,False,False,False,False,False,False,False,False,False,False,False,False,,,,,,
NOBLE #,1,NOBLE,False,False,False,False,False,False,False,False,False,False,False,False,False,False,True,False,,,,,,
NOCCHIANELLO PELOSO SPIGA GRANO,1,NOCCHIANELLO PELOSO A SPIGA DI GRANTURCO,False,True,False,False,False,False,False,False,False,False,False,False,False,False,False,False,,,,,,
NOIR DE CRIMEE FAUX,1,PASKAL NOIR FAUX,False,True,False,False,False,False,False,False,False,False,False,False,False,False,False,False,,,,,,
NOIR HATIF DER MARSEILLE,1,NOIR HATIF DE MARSEILLE,False,True,False,False,False,False,False,False,False,False,False,False,False,False,False,False,,,,,,
NY 65.0467.08,1,NEW YORK 65.0467.08,False,True,False,False,False,False,False,False,False,False,False,False,False,False,False,False,,,,,,
N°18,1,,False,False,False,False,True,False,False,False,False,False,False,False,False,False,False,False,,,,,,
OBERLIN),1,SALICETTE (COLLECTION OBERLIN),False,False,False,False,True,False,False,False,False,False,False,False,False,False,False,False,,,,,,
OCCHI DI LEPRE,1,,False,False,False,False,False,False,True,False,False,False,False,False,False,False,False,False,,,,,,
ODES'KII STIIKII,1,,False,True,False,False,False,False,False,False,False,False,False,False,False,False,False,False,,,,,,
ODESKII STIIKII,1,,False,True,False,False,False,False,False,False,False,False,False,False,False,False,False,False,,,,,,
OLBER WEISS,1,OLBER,False,False,False,False,False,False,False,True,False,False,False,False,False,False,False,False,,,,,,
OLIVELLA DI CAGGIANO,1,OLIVELLA CAGGIANO,False,False,False,False,False,False,True,False,False,False,False,False,False,False,False,False,,,,,,
OLIVETTA NERA,1,OLIVETTA VIBONESE,False,True,False,False,False,False,False,False,False,False,False,False,False,False,False,False,,,,,,
OLIVETTE BLANC,1,OLIVETTE BLANCHE,False,True,False,False,False,False,False,False,False,False,False,False,False,False,False,False,,,,,,
OLMO L 12-80,1,OLMO 9- 9- 12,False,False,False,False,False,False,False,False,True,False,False,False,False,False,False,False,,,,,,
OLMO VR 043- 43,1,OLMO 9- 9- 12,False,False,False,False,False,False,False,False,False,False,False,False,False,False,True,False,,,,,,
OPPENHEIM),1,,False,False,False,False,True,False,False,False,False,False,False,False,False,False,False,False,,,,,,
OREG KADARKA KEK,1,KADARKA OREG,False,False,False,False,False,False,True,False,False,False,False,False,False,False,False,False,,,,,,
ORSOLINA,1,,False,False,False,False,False,False,True,False,False,False,False,False,False,False,False,False,,,,,,
ORTEGA = WÜRZBURG B 48‐21‐4 SIEGERREBE = SCHEU 7957,1,,False,False,False,False,True,False,False,False,False,False,False,False,False,False,False,False,,,,,,
OVIDIOPOL'SKII,1,,False,True,False,False,False,False,False,False,False,False,False,False,False,False,False,False,,,,,,
PALOMBA (UVA CARRIERI),1,PALOMBA,False,False,False,False,False,False,True,False,False,False,False,False,False,False,False,False,,,,,,
PALOMINO FINO = LISTÁN,1,PALOMINO FINO,False,False,False,False,False,False,False,True,False,False,False,False,False,False,False,False,,,,,,
PANNONIAN,1,,False,False,False,False,False,False,False,False,True,False,False,False,False,False,False,False,,,,,,
PANSALE,1,,False,True,False,False,False,False,False,False,False,False,False,False,False,False,False,False,,,,,,
PANSALET,1,,True,False,False,False,False,False,False,False,False,False,False,False,False,False,False,False,,,,,,
PANSE BLANCHE,1,PANSE VALENCIANO,False,True,False,False,False,False,False,False,False,False,False,False,False,False,False,False,,,,,,
PANSE PRECOCE,1,PANSE VALENCIANO,False,True,False,False,False,False,False,False,False,False,False,False,False,False,False,False,,,,,,
PANSERA,1,,False,False,False,False,False,False,False,True,False,False,False,False,False,False,False,False,,,,,,
PAOLINA,1,,False,False,False,False,False,False,True,False,False,False,False,False,False,False,False,False,,,,,,
PAPAZKARASI,1,,False,False,False,False,False,False,False,True,False,False,False,False,False,False,False,False,,,,,,
PARDILLA,1,,False,False,False,False,False,False,False,True,False,False,False,False,False,False,False,False,,,,,,
PARDINA = PIROVANO 130,1,PARDINA,False,False,False,False,True,False,False,False,False,False,False,False,False,False,False,False,,,,,,
PARENT 2 IS MOST LIKELY EXTINCT,1,,False,True,False,False,False,False,False,False,False,False,False,False,False,False,False,False,,,,,,
PATTARESCA,1,,False,False,False,False,False,False,True,False,False,False,False,False,False,False,False,False,,,,,,
PAULSEN  1119,1,PAULSEN 1119,False,True,False,False,False,False,False,False,False,False,False,False,False,False,False,False,,,,,,
PECORELLO (FALSO),1,PECORELLO,False,False,False,False,False,False,True,False,False,False,False,False,False,False,False,False,,,,,,
PEDILONGO,1,,False,False,False,False,False,False,True,False,False,False,False,False,False,False,False,False,,,,,,
PEDRO XIMENES #,1,PEDRO,False,False,False,False,False,False,False,False,False,False,False,False,False,False,True,False,,,,,,
PEDRO XIMÉNEZ,1,PEDRO,False,False,False,False,False,False,False,True,False,False,False,False,False,False,False,False,,,,,,
PELOURSIN N,1,PELOURSIN NOIR,False,True,False,False,False,False,False,False,False,False,False,False,False,False,False,False,,,,,,
PERERA,1,PERERA GIALLA,False,True,False,False,False,False,False,False,False,False,False,False,False,False,False,False,,,,,,
PERIDAC,1,,False,True,False,False,False,False,False,False,False,False,False,False,False,False,False,False,,,,,,
PERLA DE CSABA,1,PERLA NERA,False,False,False,False,False,False,False,False,False,False,False,False,False,False,True,False,,,,,,
PERLE VON CSABA,1,BELLE PERLE,False,True,False,False,False,False,False,False,False,False,False,False,False,False,False,False,,,,,,
PERLETTA,1,KATTA KURGAN X PERLETTA 15 42,False,True,False,False,False,False,False,False,False,False,False,False,False,False,False,False,,,,,,
PERSAN N,1,PERSAN DE LA SAVOIL,False,True,False,False,False,False,False,False,False,False,False,False,False,False,False,False,,,,,,
PETIT BOUSCHET X ARAMON N°4,1,BOUSCHET PETIT A FEUILLES LISSES X ARAMON NO 2,False,False,False,False,False,False,False,False,False,False,False,False,False,True,False,False,,,,,,
PETIT BOUSCHET X ARAMON N°4 PETIT BOUSCHET,1,BOUSCHET PETIT A FEUILLES LISSES X ARAMON NO 2,False,False,False,False,True,False,False,False,False,False,False,False,False,False,False,False,,,,,,
PINOT MEUNIER OR PINOT TEINTURIER,1,PINOT MEUNIER DWARF,False,True,False,False,False,False,False,False,False,False,False,False,False,False,False,False,,,,,,
PIROVANO   15,1,PIROVANO 115,False,True,False,False,False,False,False,False,False,False,False,False,False,False,False,False,,,,,,
PIROVANO   16,1,PIROVANO 115,False,True,False,False,False,False,False,False,False,False,False,False,False,False,False,False,,,,,,
PIROVANO   93,1,PIROVANO 115,False,True,False,False,False,False,False,False,False,False,False,False,False,False,False,False,,,,,,
PIROVANO  159,1,PIROVANO 115,False,True,False,False,False,False,False,False,False,False,False,False,False,False,False,False,,,,,,
PIROVANO  166 A,1,PIROVANO 115,False,True,False,False,False,False,False,False,False,False,False,False,False,False,False,False,,,,,,
PIROVANO  188,1,PIROVANO 115,False,True,False,False,False,False,False,False,False,False,False,False,False,False,False,False,,,,,,
PIROVANO  190,1,PIROVANO 115,False,True,False,False,False,False,False,False,False,False,False,False,False,False,False,False,,,,,,
PIROVANO  235,1,PIROVANO 115,False,True,False,False,False,False,False,False,False,False,False,False,False,False,False,False,,,,,,
PIROVANO  315,1,PIROVANO 115,False,True,False,False,False,False,False,False,False,False,False,False,False,False,False,False,,,,,,
PIROVANO  531,1,PIROVANO 115,False,True,False,False,False,False,False,False,False,False,False,False,False,False,False,False,,,,,,
PIROVANO 108,1,PIROVANO 115,False,False,False,False,True,False,False,False,False,False,False,False,False,False,False,False,,,,,,
PIROVANO 2,1,PIROVANO 23,False,True,False,False,False,False,False,False,False,False,False,False,False,False,False,False,,,,,,
PIROVANO 46A,1,PIROVANO 115,False,True,False,False,False,False,False,False,False,False,False,False,False,False,False,False,,,,,,
PIROVANO 548 #,1,PIROVANO 115,False,False,False,False,False,False,False,False,False,False,False,False,False,False,True,False,,,,,,
PIROVANO 59,1,PIROVANO 595,False,True,False,False,False,False,False,False,False,False,False,False,False,False,False,False,,,,,,
PIROVANO 60,1,PIROVANO 604,False,True,False,False,False,False,False,False,False,False,False,False,False,False,False,False,,,,,,
PIZZUTELLO,1,PIZZUTELLO NERO,False,False,False,False,False,False,False,False,True,False,False,False,False,False,False,False,,,,,,
PIZZUTELLO BIANCO NO. 4,1,BENI PIZZUTELLO,False,False,False,False,False,False,False,False,True,False,False,False,False,False,False,False,,,,,,
PLAGVAC MALI,1,PLAVAC MALI SIVI,False,True,False,False,False,False,False,False,False,False,False,False,False,False,False,False,,,,,,
PLANT DE BANYULS (RANUYÈRES) GIBI = HEBÉN,1,PLANT DE BANYULS,False,False,False,False,True,False,False,False,False,False,False,False,False,False,False,False,,,,,,
PLANT DE CERVERA  06  B  1,1,PLANT DE CERVERA 06 N 3,False,True,False,False,False,False,False,False,False,False,False,False,False,False,False,False,,,,,,
PLANT DE CERVERA‐ 06‐B‐1 GIBI = HEBÉN,1,,False,False,False,False,True,False,False,False,False,False,False,False,False,False,False,False,,,,,,
PLANT DE CHAUDEFONDS 53 GOUAIS BLANC = HEUNISCH WEISS (FARDEAU),1,,False,False,False,False,True,False,False,False,False,False,False,False,False,False,False,False,,,,,,
PLANT DE MAVAULT (GUIRAULT),1,PLANT DE MAVAULT,False,False,False,False,False,False,False,False,False,False,False,False,False,True,False,False,,,,,,
PLANT DE PEDEBERNADE  4,1,PLANT DE PEDEBERNADE 5,False,True,False,False,False,False,False,False,False,False,False,False,False,False,False,False,,,,,,
PLANT DE QUEROL 98‐N‐2 (COLLECTION PLANT DE VIC 98‐N‐1 (COLLECTION PLANT DE VIC 98‐N‐4 (COLLECTION TORRES S.A.),1,,False,False,False,False,True,False,False,False,False,False,False,False,False,False,False,False,,,,,,
PLANT DE TUNISIE 22 (COLLECTION CARIGNAN,1,PLANT DE TUNISIE 22,False,False,False,False,True,False,False,False,False,False,False,False,False,False,False,False,,,,,,
PLANT DE VIC 98-4,1,PLANT D'IMPERS,False,True,False,False,False,False,False,False,False,False,False,False,False,False,False,False,,,,,,
PLANT DE VIC 98-N-1,1,PLANT D'IMPERS,False,True,False,False,False,False,False,False,False,False,False,False,False,False,False,False,,,,,,
PLANTA FINA DE PEDRALBA,1,PLANTA FINA,False,True,False,False,False,False,False,False,False,False,False,False,False,False,False,False,,,,,,
PLAVAI,1,PLAVAIE,False,True,False,False,False,False,False,False,False,False,False,False,False,False,False,False,,,,,,
PORTUGAL #,1,,False,False,False,False,False,False,False,False,False,False,False,False,False,False,True,False,,,,,,
PORTUGIESER,1,PORTUGIESER ROT,False,True,False,False,False,False,False,False,False,False,False,False,False,False,False,False,,,,,,
PRECOCE DE MALINGRE,1,MALINGRE PRECOCE,False,True,False,False,False,False,False,False,False,False,False,False,False,False,False,False,,,,,,
PRIE BLANC,1,TEOULIER BLANC FEMELLE,True,False,False,False,False,False,False,False,False,False,False,False,False,False,False,False,,,,,,
PRINCIPESSA DI PIEMONTE =,1,PRINCIPESSA DI PIEMONTE,False,False,False,False,True,False,False,False,False,False,False,False,False,False,False,False,,,,,,
PRINCIPESSA DI PIEMONTE = MUSCAT D'ALEXANDRIE,1,PRINCIPESSA DI PIEMONTE,False,False,False,False,True,False,False,False,False,False,False,False,False,False,False,False,,,,,,
PRIVLACKA BILINA,1,BILINA PRIVLACKA,False,True,False,False,False,False,False,False,False,False,False,False,False,False,False,False,,,,,,
PRIÉ BLANC,1,TEOULIER BLANC FEMELLE,False,False,False,False,False,False,True,False,False,False,False,False,False,False,False,False,,,,,,
PRIÉ ROUGE,1,ALIGOTE ROUGE,False,False,False,False,False,False,True,False,False,False,False,False,False,False,False,False,,,,,,
PROSPERI  285,1,PROSPERI 16- 109,False,True,False,False,False,False,False,False,False,False,False,False,False,False,False,False,,,,,,
Q 25-6,1,,False,False,False,False,False,False,False,False,True,False,False,False,False,False,False,False,,,,,,
QUAGLIANO (BOUTEILLAN),1,QUAGLIANO,False,False,False,False,False,False,True,False,False,False,False,False,False,False,False,False,,,,,,
QUAIARA,1,,False,True,False,False,False,False,False,False,False,False,False,False,False,False,False,False,,,,,,
QUEEN OF VINEYARD,1,MUSCAT GOLDEN QUEEN,False,False,False,False,False,False,False,False,True,False,False,False,False,False,False,False,,,,,,
QUEEN VICTORIA,1,CHASSELAS QUEEN VICTORIA,False,True,False,False,False,False,False,False,False,False,False,False,False,False,False,False,,,,,,
QUIEBRATINAJAS,1,QUIEBRATINAJAS ROJO,False,False,False,False,False,False,False,True,False,False,False,False,False,False,False,False,,,,,,
RABO D'OVELHA,1,RABO DE OVELHA DE COLARES,False,False,False,False,False,False,False,True,False,False,False,False,False,False,False,False,,,,,,
RAISINE,1,,False,True,False,False,False,False,False,False,False,False,False,False,False,False,False,False,,,,,,
RAJABI,1,RAJABI SIAH,False,True,False,False,False,False,False,False,False,False,False,False,False,False,False,False,,,,,,
RAJABI SEFID,1,RAJABI GERMEZ,False,True,False,False,False,False,False,False,False,False,False,False,False,False,False,False,,,,,,
RAMISHVILI 07,1,RAMISHVILI 15/18,False,False,False,False,False,False,True,False,False,False,False,False,False,False,False,False,,,,,,
RANNY MAGARATCHA = MAGARATCH MADELEINE ANGEVINE,1,MADELEINE ANGEVINE (4N),False,False,False,False,True,False,False,False,False,False,False,False,False,False,False,False,,,,,,
RAVAZ),1,EARLY DAWN FAUX (COLLECTION RAVAZ),False,False,False,False,True,False,False,False,False,False,False,False,False,False,False,False,,,,,,
RAZAKLIJA,1,RAZAKLIJA CRNA,False,True,False,False,False,False,False,False,False,False,False,False,False,False,False,False,,,,,,
REBO = RIGOTTI 107‐3,1,REBO,False,False,False,False,True,False,False,False,False,False,False,False,False,False,False,False,,,,,,
RED SULTANA,1,MOSS SULTANA,False,True,False,False,False,False,False,False,False,False,False,False,False,False,False,False,,,,,,
REDGLOBE,1,,False,True,False,False,False,False,False,False,False,False,False,False,False,False,False,False,,,,,,
REGENT #,1,REGENT,False,False,False,False,False,False,False,False,False,False,False,False,False,False,True,False,,,,,,
REGINA,1,REGINA VIEI,False,True,False,False,False,False,False,False,False,False,False,False,False,False,False,False,,,,,,
REGINA DEI VIGNETI,1,PINOT REGINA,False,True,False,False,False,False,False,False,False,False,False,False,False,False,False,False,,,,,,
RESSEGUIER 2,1,BERLANDIERI RESSEGUIER 5,False,True,False,False,False,False,False,False,False,False,False,False,False,False,False,False,,,,,,
RESSEGUIER N. 2,1,BERLANDIERI RESSEGUIER 5,False,True,False,False,False,False,False,False,False,False,False,False,False,False,False,False,,,,,,
RHAZAKI ROSA,1,RHAZAKI DE CRETE,False,False,False,False,False,False,False,False,False,False,False,False,False,False,True,False,,,,,,
RIBOLLA,1,RIBOLLA R17,False,False,False,False,False,False,False,False,False,False,False,False,False,False,True,False,,,,,,
RIESLANER = WÜRZBURG NI 11‐17 MÜLLER‐THURGAU,1,,False,False,False,False,True,False,False,False,False,False,False,False,False,False,False,False,,,,,,
RIESLANER = WÜRZBURG NI 11‐17 SYLVANER,1,,False,False,False,False,True,False,False,False,False,False,False,False,False,False,False,False,,,,,,
RIESLING HEILIGENSTEIN (COLLECTION RIESLING,1,RIESLING HEILIGENSTEIN,False,False,False,False,True,False,False,False,False,False,False,False,False,False,False,False,,,,,,
RIESLING MUSQUÉ (COLLECTION RIESLING,1,RIESLING HEILIGENSTEIN,False,False,False,False,True,False,False,False,False,False,False,False,False,False,False,False,,,,,,
RIESLING RENANO,1,RIESLING HEILIGENSTEIN,False,True,False,False,False,False,False,False,False,False,False,False,False,False,False,False,,,,,,
RIGOTTI  81- 6,1,RIGOTTI 102- 3,False,True,False,False,False,False,False,False,False,False,False,False,False,False,False,False,,,,,,
RIGOTTI  95- 5,1,RIGOTTI 102- 3,False,True,False,False,False,False,False,False,False,False,False,False,False,False,False,False,,,,,,
RIGOTTI  97- 2,1,RIGOTTI 102- 3,False,True,False,False,False,False,False,False,False,False,False,False,False,False,False,False,,,,,,
RIMINÈSE,1,,False,False,False,False,False,False,False,True,False,False,False,False,False,False,False,False,,,,,,
RIPÁRIA DO TRAVIÚ (106-8 MGT),1,,False,False,False,False,False,False,False,False,False,False,False,False,False,False,True,False,,,,,,
RIVAIRENC,1,,False,True,False,False,False,False,False,False,False,False,False,False,False,False,False,False,,,,,,
RIVAIRENC = ASPIRAN NOIR,1,ASPIRAN NOIR,False,False,False,False,False,False,False,True,False,False,False,False,False,False,False,False,,,,,,
ROCIA,1,,False,False,False,False,False,False,False,True,False,False,False,False,False,False,False,False,,,,,,
RODRIAN),1,CALABRESERTRAUBE (COLLECTION RODRIAN),False,False,False,False,True,False,False,False,False,False,False,False,False,False,False,False,,,,,,
ROMEÏKO,1,,False,False,False,False,False,False,False,True,False,False,False,False,False,False,False,False,,,,,,
ROSA DEL PERU = BLACK PRINCE,1,ROSA DEL PERU,False,False,False,False,False,False,False,False,False,False,False,False,False,True,False,False,,,,,,
ROSA DEL PERU = BLACK PRINCE MISSION = PAIS,1,,False,False,False,False,True,False,False,False,False,False,False,False,False,False,False,False,,,,,,
ROSA MENA DI VACCA,1,ROSSOLINO ROSA,False,True,False,False,False,False,False,False,False,False,False,False,False,False,False,False,,,,,,
ROSA MENNA DIVACCA,1,ROSSOLINO ROSA,False,True,False,False,False,False,False,False,False,False,False,False,False,False,False,False,,,,,,
ROSSARA TOSCANA,1,ROSSARA TARDIVA,False,False,False,False,False,False,True,False,False,False,False,False,False,False,False,False,,,,,,
ROTER VELTLINER,1,ROTER MILAN,False,True,False,False,False,False,False,False,False,False,False,False,False,False,False,False,,,,,,
ROUBINOY DE MAGARATCH = SAPERAVI,1,SAPERAVI BEZHASHVILIS,False,False,False,False,True,False,False,False,False,False,False,False,False,False,False,False,,,,,,
ROUGE DE DIOLLY,1,ALIGOTE ROUGE,False,True,False,False,False,False,False,False,False,False,False,False,False,False,False,False,,,,,,
ROYAL = ROJAL TINTA,1,ROJAL TINTA,False,False,False,False,False,False,False,True,False,False,False,False,False,False,False,False,,,,,,
ROYAL VINEYARD (COLLECTION MUSCAT D'ALEXANDRIE,1,ROYAL VINEYARD,False,False,False,False,True,False,False,False,False,False,False,False,False,False,False,False,,,,,,
RUBINOVY MAGARACHA,1,CITRONNY MAGARACHA,False,True,False,False,False,False,False,False,False,False,False,False,False,False,False,False,,,,,,
RUBINTRAUBE,1,,False,True,False,False,False,False,False,False,False,False,False,False,False,False,False,False,,,,,,
RUBLIANDE,1,,False,True,False,False,False,False,False,False,False,False,False,False,False,False,False,False,,,,,,
RUCHÉ,1,,False,False,False,False,False,False,True,False,False,False,False,False,False,False,False,False,,,,,,
RUGGERI   225,1,RUGGERI 225,False,True,False,False,False,False,False,False,False,False,False,False,False,False,False,False,,,,,,
RUGGERI   325,1,RUGGERI 225,False,True,False,False,False,False,False,False,False,False,False,False,False,False,False,False,,,,,,
RUGGERI   333,1,RUGGERI 225,False,True,False,False,False,False,False,False,False,False,False,False,False,False,False,False,,,,,,
RULAENDER,1,,False,True,False,False,False,False,False,False,False,False,False,False,False,False,False,False,,,,,,
RUZEVINA (JELASKA),1,RUZEVINA,False,False,False,False,False,False,False,True,False,False,False,False,False,False,False,False,,,,,,
S. GIUSEPPE NERO,1,SAN GIUSEPPE NERO,False,True,False,False,False,False,False,False,False,False,False,False,False,False,False,False,,,,,,
S.V. 12-375,1,,False,True,False,False,False,False,False,False,False,False,False,False,False,False,False,False,,,,,,
S.V. 12375,1,,False,True,False,False,False,False,False,False,False,False,False,False,False,False,False,False,,,,,,
SABATÉ,1,,False,False,False,False,True,False,False,False,False,False,False,False,False,False,False,False,,,,,,
SAINT-EMILION,1,,False,True,False,False,False,False,False,False,False,False,False,False,False,False,False,False,,,,,,
SALICETTE (COLLECTION PARC DE LA PRÉCOCE DE MALINGRE,1,SALICETTE (COLLECTION PARC DE LA TETE D'OR),False,False,False,False,True,False,False,False,False,False,False,False,False,False,False,False,,,,,,
SAMOURIAU,1,,False,True,False,False,False,False,False,False,False,False,False,False,False,False,False,False,,,,,,
SAO ROQUE   496- 25,1,SAO ROQUE 496- 25,False,True,False,False,False,False,False,False,False,False,False,False,False,False,False,False,,,,,,
SAO ROQUE 5010-   8,1,SAO ROQUE 5010- 8,False,True,False,False,False,False,False,False,False,False,False,False,False,False,False,False,,,,,,
SARFEHÉR,1,,False,False,False,False,True,False,False,False,False,False,False,False,False,False,False,False,,,,,,
SARY PANDASS,1,SARY GILYA,False,False,False,False,False,False,False,False,False,False,False,False,False,True,False,False,,,,,,
SATURNO,1,,False,False,False,False,False,False,False,False,False,False,False,False,False,False,True,False,,,,,,
SAUTERNE BLANC (NAUGE),1,SAUTERNE BLANC,False,False,False,False,False,False,True,False,False,False,False,False,False,False,False,False,,,,,,
SAUTERNE BLANC (NAUGÉ),1,SAUTERNE BLANC,False,False,False,False,False,False,False,True,False,False,False,False,False,False,False,False,,,,,,
SAVAGIN = TRAMINER,1,TRAMINER GRIS,False,True,False,False,False,False,False,False,False,False,False,False,False,False,False,False,,,,,,
SAVAGNIN =TRAMINER,1,SAVAGNIN BLANC,False,True,False,False,False,False,False,False,False,False,False,False,False,False,False,False,,,,,,
SAVAGNIN=TRAMINER,1,,False,True,False,False,False,False,False,False,False,False,False,False,False,False,False,False,,,,,,
SCHIAVA (ROSSARA),1,SCHIAVA GENTILE,False,False,False,False,False,False,True,False,False,False,False,False,False,False,False,False,,,,,,
SCHIRAS,1,SCHIRASTRAUBE,False,True,False,False,False,False,False,False,False,False,False,False,False,False,False,False,,,,,,
SCIACCARELLO = MAMMOLO,1,SCIACCARELLO ROSSO,False,False,False,False,False,False,False,False,False,False,False,False,False,True,False,False,,,,,,
SEIBEL    57,1,SEIBEL 12,False,True,False,False,False,False,False,False,False,False,False,False,False,False,False,False,,,,,,
SEIBEL   110,1,SEIBEL 12,False,True,False,False,False,False,False,False,False,False,False,False,False,False,False,False,,,,,,
SEIBEL   149,1,SEIBEL 12,False,True,False,False,False,False,False,False,False,False,False,False,False,False,False,False,,,,,,
SEIBEL   428,1,SEIBEL 12,False,True,False,False,False,False,False,False,False,False,False,False,False,False,False,False,,,,,,
SEIBEL   437,1,SEIBEL 12,False,True,False,False,False,False,False,False,False,False,False,False,False,False,False,False,,,,,,
SEIBEL   600,1,SEIBEL 12,False,True,False,False,False,False,False,False,False,False,False,False,False,False,False,False,,,,,,
SEIBEL   626,1,SEIBEL 12,False,True,False,False,False,False,False,False,False,False,False,False,False,False,False,False,,,,,,
SEIBEL   867,1,SEIBEL 12,False,True,False,False,False,False,False,False,False,False,False,False,False,False,False,False,,,,,,
SEIBEL   880,1,SEIBEL 12,False,True,False,False,False,False,False,False,False,False,False,False,False,False,False,False,,,,,,
SEIBEL  6468,1,SEIBEL 6468,False,True,False,False,False,False,False,False,False,False,False,False,False,False,False,False,,,,,,
SEIBEL  867,1,SEIBEL 12,False,True,False,False,False,False,False,False,False,False,False,False,False,False,False,False,,,,,,
SEIBEL  8718,1,SEIBEL 8718,False,True,False,False,False,False,False,False,False,False,False,False,False,False,False,False,,,,,,
SEIBEL  8724,1,SEIBEL 8724,False,True,False,False,False,False,False,False,False,False,False,False,False,False,False,False,,,,,,
SEIBEL 1000,1,SEIBEL 12,False,False,False,False,False,False,False,False,False,False,False,False,False,False,True,False,,,,,,
SEIBEL 10878,1,SEIBEL 12,False,False,False,False,False,False,False,False,False,False,False,False,False,False,True,False,,,,,,
SEIBEL 11342 #,1,SEIBEL 11342,False,False,False,False,False,False,False,False,False,False,False,False,False,False,True,False,,,,,,
SEIBEL 128,1,SEIBEL 12,False,False,False,False,False,False,False,False,False,False,False,False,False,False,True,False,,,,,,
SEIBEL 1394 #,1,SEIBEL 12,False,False,False,False,False,False,False,False,False,False,False,False,False,False,True,False,,,,,,
SEIBEL 4638,1,SEIBEL 12,False,False,False,False,False,False,False,False,False,False,False,False,False,False,True,False,,,,,,
SEIBEL 4646,1,SEIBEL 12,False,False,False,False,False,False,False,False,True,False,False,False,False,False,False,False,,,,,,
SEIBEL 4986,1,SEIBEL 12,False,True,False,False,False,False,False,False,False,False,False,False,False,False,False,False,,,,,,
SEIBEL 5213 #,1,SEIBEL 5213,False,False,False,False,False,False,False,False,False,False,False,False,False,False,True,False,,,,,,
SEIBEL 5279,1,SEIBEL 12,False,True,False,False,False,False,False,False,False,False,False,False,False,False,False,False,,,,,,
SEIBEL 5409,1,SEIBEL 12,False,False,False,False,False,False,False,False,False,False,False,False,False,False,True,False,,,,,,
SEIBEL 60,1,SEIBEL 607,False,False,False,False,False,False,False,False,False,False,False,False,False,False,True,False,,,,,,
SEIBEL 6086 #,1,SEIBEL 6086,False,False,False,False,False,False,False,False,False,False,False,False,False,False,True,False,,,,,,
SEIBEL 6905,1,SEIBEL 12,False,True,False,False,False,False,False,False,False,False,False,False,False,False,False,False,,,,,,
SEIBEL 7502,1,SEIBEL 12,False,False,False,False,False,False,False,False,False,False,False,False,False,False,True,False,,,,,,
SEIBEL 8357,1,SEIBEL 12,False,True,False,False,False,False,False,False,False,False,False,False,False,False,False,False,,,,,,
SEINOR,1,,False,True,False,False,False,False,False,False,False,False,False,False,False,False,False,False,,,,,,
SEKIREI,1,SEKIREI 6,False,False,False,False,False,False,False,False,True,False,False,False,False,False,False,False,,,,,,
SELECT (OBTENTION ROUMANIE) BICANE,1,,False,False,False,False,True,False,False,False,False,False,False,False,False,False,False,False,,,,,,
SEPTIMER = ALZEY 3952,1,SEPTIMER,False,False,False,False,True,False,False,False,False,False,False,False,False,False,False,False,,,,,,
SEVERNII,1,,False,True,False,False,False,False,False,False,False,False,False,False,False,False,False,False,,,,,,
SEVERNYJ,1,,False,True,False,False,False,False,False,False,False,False,False,False,False,False,False,False,,,,,,
SEVVAL,1,,False,True,False,False,False,False,False,False,False,False,False,False,False,False,False,False,,,,,,
SEVYVE VILLARD 12286,1,SEYVE VILLARD 12- 379,False,True,False,False,False,False,False,False,False,False,False,False,False,False,False,False,,,,,,
SEYANETS S  484,1,SEYANETS 845/10,False,True,False,False,False,False,False,False,False,False,False,False,False,False,False,False,,,,,,
SEYVAL,1,SEYVAL NOIR,False,True,False,False,False,False,False,False,False,False,False,False,False,False,False,False,,,,,,
SEYVE VILLARD 12286,1,SEYVE VILLARD 12- 379,False,True,False,False,False,False,False,False,False,False,False,False,False,False,False,False,,,,,,
SEYVE VILLARD 18-307,1,SEYVE VILLARD 12- 379,False,True,False,False,False,False,False,False,False,False,False,False,False,False,False,False,,,,,,
SEYVE VILLARD 18-315,1,SEYVE VILLARD 12- 379,False,False,False,False,False,False,False,False,False,False,False,False,False,False,True,False,,,,,,
SEYVE VILLARD 20347,1,SEYVE VILLARD 12- 379,False,True,False,False,False,False,False,False,False,False,False,False,False,False,False,False,,,,,,
SEYVE VILLARD 5276,1,SEYVE VILLARD 12- 379,False,False,False,False,False,False,False,False,False,False,False,False,False,False,True,False,,,,,,
SEÑÁ,1,,False,False,False,False,False,False,False,True,False,False,False,False,False,False,False,False,,,,,,
SHIROKA MELNISHKA,1,MELNISHKA RANNA,False,True,False,False,False,False,False,False,False,False,False,False,False,False,False,False,,,,,,
SIEGERREBE = SCHEU 7957,1,SIEGERREBE (4N),False,False,False,False,True,False,False,False,False,False,False,False,False,False,False,False,,,,,,
SIEGERREBE CREA,1,SIEGERREBE (4N),False,False,False,False,False,False,True,False,False,False,False,False,False,False,False,False,,,,,,
SIGNURINA,1,,False,False,False,False,False,False,True,False,False,False,False,False,False,False,False,False,,,,,,
SILCHER = WEINSBERG S377,1,SILCHER,False,False,False,False,True,False,False,False,False,False,False,False,False,False,False,False,,,,,,
SILVANER  GRUEN,1,SILVANER GRUEN (4N),False,True,False,False,False,False,False,False,False,False,False,False,False,False,False,False,,,,,,
SLARINA,1,,False,False,False,False,False,False,True,False,False,False,False,False,False,False,False,False,,,,,,
SO 4,1,,False,False,False,False,False,False,False,False,False,False,False,False,True,False,False,False,,,,,,
SO4 #,1,,False,False,False,False,False,False,False,False,False,False,False,False,False,False,True,False,,,,,,
SOARES FRANCO),1,MOSCATEL SOARES FRANCO,False,False,False,False,True,False,False,False,False,False,False,False,False,False,False,False,,,,,,
SOMARELLO,1,SOMARELLO NERO,False,False,False,False,False,False,True,False,False,False,False,False,False,False,False,False,,,,,,
SOROK LUET OKTYABRYA,1,SOROK LYET OKTYABRYA,False,False,False,False,False,False,True,False,False,False,False,False,False,False,False,False,,,,,,
SOUSÃO,1,,False,False,False,False,False,False,False,True,False,False,False,False,False,False,False,False,,,,,,
SOUZAO FAUX,1,ODJALECHI FAUX,False,False,False,False,False,False,True,False,False,False,False,False,False,False,False,False,,,,,,
SPAETBURGUNDER,1,,False,True,False,False,False,False,False,False,False,False,False,False,False,False,False,False,,,,,,
SR 496-09,1,,False,False,False,False,False,False,False,False,False,False,False,False,False,False,True,False,,,,,,
SR 496-15 (DR. JÚLIO),1,,False,False,False,False,False,False,False,False,False,False,False,False,False,False,True,False,,,,,,
SR 496-25,1,,False,False,False,False,False,False,False,False,False,False,False,False,False,False,True,False,,,,,,
SR 501-17,1,,False,False,False,False,False,False,False,False,False,False,False,False,False,False,True,False,,,,,,
SR 501-33,1,,False,False,False,False,False,False,False,False,False,False,False,False,False,False,True,False,,,,,,
SR 5010-08,1,,False,False,False,False,False,False,False,False,False,False,False,False,False,False,True,False,,,,,,
SR 5010-21,1,,False,False,False,False,False,False,False,False,False,False,False,False,False,False,True,False,,,,,,
SR 5012-34 (DONA EMÍLIA),1,,False,False,False,False,False,False,False,False,False,False,False,False,False,False,True,False,,,,,,
SR 507-08,1,,False,False,False,False,False,False,False,False,False,False,False,False,False,False,True,False,,,,,,
SR 507.38,1,,False,False,False,False,False,False,False,False,False,False,False,False,False,False,True,False,,,,,,
ST.LAURENT,1,,False,True,False,False,False,False,False,False,False,False,False,False,False,False,False,False,,,,,,
ST.PIERRE DORE,1,SAINT PIERRE DORE,False,True,False,False,False,False,False,False,False,False,False,False,False,False,False,False,,,,,,
STAPHIDAMPELO,1,,False,False,False,False,False,False,False,True,False,False,False,False,False,False,False,False,,,,,,
STAVROTO FAUX (COLLECTION LYKOVRISSI),1,STAVROTO FAUX,False,False,False,False,False,False,True,False,False,False,False,False,False,False,False,False,,,,,,
STEPHIDAMPELOS,1,,False,False,False,False,False,False,True,False,False,False,False,False,False,False,False,False,,,,,,
SULTANA MOSCATA = PIROVANO 75 SULTANINE,1,SULTANA MOSCATA,False,False,False,False,True,False,False,False,False,False,False,False,False,False,False,False,,,,,,
SULTANINA BIANCA,1,SULTANINA BIANCA DI RODI,False,True,False,False,False,False,False,False,False,False,False,False,False,False,False,False,,,,,,
SULTANINE BLANCHE,1,SULTANINE MONOCOCCO,False,True,False,False,False,False,False,False,False,False,False,False,False,False,False,False,,,,,,
SULTANINE MOSCATA,1,SULTANINE MONOCOCCO,False,True,False,False,False,False,False,False,False,False,False,False,False,False,False,False,,,,,,
SUMOLL TINTO,1,SUMOLL,False,False,False,False,False,False,False,True,False,False,False,False,False,False,False,False,,,,,,
SYLVANER VERDE,1,MADELEINE SYLVANER,False,False,False,False,False,False,True,False,False,False,False,False,False,False,False,False,,,,,,
SZEREMI ZÖLD,1,,False,False,False,False,True,False,False,False,False,False,False,False,False,False,False,False,,,,,,
SZOELOESKERTEK KIRALYNOEJE,1,SZOELOESKERTEK KIRALYA,False,True,False,False,False,False,False,False,False,False,False,False,False,False,False,False,,,,,,
SÉMILLON,1,,False,False,False,False,False,False,False,False,False,False,False,False,False,False,True,False,,,,,,
TAJKA E KUQE/TAJKA ROZE,1,TAJKA E KUQE,False,True,False,False,False,False,False,False,False,False,False,False,False,False,False,False,,,,,,
TAMJANIKA CRNA (MOSCATO ROSA),1,TAMJANIKA CRNA,False,False,False,False,False,False,True,False,False,False,False,False,False,False,False,False,,,,,,
TANA KOUZY,1,TANA KUZY,False,False,False,False,True,False,False,False,False,False,False,False,False,False,False,False,,,,,,
TARRAGONÍ,1,,False,False,False,False,False,False,False,True,False,False,False,False,False,False,False,False,,,,,,
TAVRIDA = MAGARATCH 171,1,TAVRIDA,False,False,False,False,True,False,False,False,False,False,False,False,False,False,False,False,,,,,,
TCHATYRBAK,1,,False,False,False,False,True,False,False,False,False,False,False,False,False,False,False,False,,,,,,
TCHERNY OSENNY,1,,False,False,False,False,True,False,False,False,False,False,False,False,False,False,False,False,,,,,,
TEINTURIER AD ACINO ROTONDO,1,TEINTURIER FEMELLE (NON IDENTIFIED),False,False,False,False,False,False,True,False,False,False,False,False,False,False,False,False,,,,,,
TEINTURIER DU CHER,1,TEINTURIER FEMELLE (NON IDENTIFIED),False,True,False,False,False,False,False,False,False,False,False,False,False,False,False,False,,,,,,
TELEKI   5 A,1,TELEKI 9 B,False,True,False,False,False,False,False,False,False,False,False,False,False,False,False,False,,,,,,
TELEKI   5 C,1,TELEKI 9 B,False,True,False,False,False,False,False,False,False,False,False,False,False,False,False,False,,,,,,
TELEKI   8 B,1,TELEKI 9 B,False,True,False,False,False,False,False,False,False,False,False,False,False,False,False,False,,,,,,
TELEKI   8 B SEL. FERRARI,1,TELEKI 8 B SEL. FERRARI,False,True,False,False,False,False,False,False,False,False,False,False,False,False,False,False,,,,,,
TELEKI  10 A,1,TELEKI 9 B,False,True,False,False,False,False,False,False,False,False,False,False,False,False,False,False,,,,,,
TELEKI 5C,1,TELEKI 9 B,False,False,False,False,False,False,False,False,False,False,False,False,True,False,False,False,,,,,,
TELEKI 8B,1,TELEKI 9 B,False,False,False,False,False,False,False,False,False,False,False,False,True,False,False,False,,,,,,
TELEKI 8B FERRARI,1,TELEKI 8 B SEL. FERRARI,False,False,False,False,False,False,False,False,False,False,False,False,True,False,False,False,,,,,,
TEMPRANILLA BLANCA = SANTA MAGDALENA,1,SANTA MAGDALENA,False,False,False,False,False,False,False,True,False,False,False,False,False,False,False,False,,,,,,
TEMPRANILLA BLANCA = SANTA MAYORQUIN = FARANA,1,,False,False,False,False,True,False,False,False,False,False,False,False,False,False,False,False,,,,,,
TERESITA = DALMASSO XVIII‐24,1,TERESITA,False,False,False,False,False,False,False,False,False,False,False,False,False,True,False,False,,,,,,
TERESITA = DALMASSO XVIII‐24 MUSCAT DE HAMBOURG,1,,False,False,False,False,True,False,False,False,False,False,False,False,False,False,False,False,,,,,,
TERMARINA (SCIACCARELLO),1,TERMARINA,False,False,False,False,False,False,True,False,False,False,False,False,False,False,False,False,,,,,,
TERZI     1,1,TERZI NASUF,False,True,False,False,False,False,False,False,False,False,False,False,False,False,False,False,,,,,,
TERZI 100.31,1,TERZI NASUF,False,False,False,False,False,False,True,False,False,False,False,False,False,False,False,False,,,,,,
TETA DE VACA (SPAIN),1,TETA DE VACA TINTA,False,False,False,False,False,False,False,True,False,False,False,False,False,False,False,False,,,,,,
TETA DE VACA = DE CUERNO,1,TETA DE VACA TINTA,False,False,False,False,False,False,False,True,False,False,False,False,False,False,False,False,,,,,,
THALLOCSY LAJOS MUSKOTALY = MUSCAT D'ALEXANDRIE,1,KOSSUTH LAJOS MUSKOTALY,False,False,False,False,True,False,False,False,False,False,False,False,False,False,False,False,,,,,,
TIETA (SUFFOLK RED),1,,False,False,False,False,False,False,False,False,False,False,False,False,False,False,True,False,,,,,,
TINTA CÃO,1,GARNACHA TINTA,False,False,False,False,False,False,False,False,False,False,False,False,False,False,True,False,,,,,,
TINTA DA MADEIRA,1,GARNACHA TINTA,False,True,False,False,False,False,False,False,False,False,False,False,False,False,False,False,,,,,,
TINTA RORIZ,1,GARNACHA TINTA,False,False,False,False,False,False,False,False,False,False,False,False,False,False,True,False,,,,,,
TINTA TINTO (COLLECTION SOARÈS GRENACHE = GARNACHA,1,,False,False,False,False,True,False,False,False,False,False,False,False,False,False,False,False,,,,,,
TINTINHA (COLLECTION ESPORAO) CASTELÃO = PERIQUITA,1,TINTINHA (COLLECTION ESPORAO),False,False,False,False,True,False,False,False,False,False,False,False,False,False,False,False,,,,,,
TITA KARTLIS,1,KARTLIS TITA,False,False,False,False,False,False,True,False,False,False,False,False,False,False,False,False,,,,,,
TOGNONA,1,,False,False,False,False,False,False,True,False,False,False,False,False,False,False,False,False,,,,,,
TORBATO,1,,False,False,False,False,False,False,True,False,False,False,False,False,False,False,False,False,,,,,,
TORRES S.A.),1,,False,False,False,False,True,False,False,False,False,False,False,False,False,False,False,False,,,,,,
TORRONTÉS RIOJANO,1,TORRONTES RIOJANO,False,False,False,False,False,False,False,True,False,False,False,False,False,False,False,False,,,,,,
TORTOZÓN,1,,False,False,False,False,False,False,False,True,False,False,False,False,False,False,False,False,,,,,,
TOSCA BIANCA,1,UVA TOSCA BIANCA,False,False,False,False,False,False,True,False,False,False,False,False,False,False,False,False,,,,,,
TOURIGANCA,1,,False,False,False,False,False,False,True,False,False,False,False,False,False,False,False,False,,,,,,
TOZOT,1,,False,True,False,False,False,False,False,False,False,False,False,False,False,False,False,False,,,,,,
TRAMINER ROT,1,TRAMINER GRIS,False,True,False,False,False,False,False,False,False,False,False,False,False,False,False,False,,,,,,
TREBBIANO,1,TREBBIANO NERO,False,False,False,False,False,False,False,False,False,False,False,False,False,False,True,False,,,,,,
TROLLINGER FAUX (COLLECTION COLMAR) LASKA,1,EARLY DAWN FAUX (COLLECTION RAVAZ),False,False,False,False,True,False,False,False,False,False,False,False,False,False,False,False,,,,,,
TSIMLYANSKIY CHERNYI,1,KOKURDES CHERNYI,False,True,False,False,False,False,False,False,False,False,False,False,False,False,False,False,,,,,,
TZIMLIANSKY BELYE,1,,False,True,False,False,False,False,False,False,False,False,False,False,False,False,False,False,,,,,,
TÊTE D'OR),1,SALICETTE (COLLECTION PARC DE LA TETE D'OR),False,False,False,False,True,False,False,False,False,False,False,False,False,False,False,False,,,,,,
UGILLINA,1,,False,False,False,False,False,False,True,False,False,False,False,False,False,False,False,False,,,,,,
UGNI BLANC = TREBBIANO TOSCANO UGNI BLANC = TREBBIANO TOSCANO,1,UGNI BLANC FLESHLESS BERRY,False,False,False,False,True,False,False,False,False,False,False,False,False,False,False,False,,,,,,
UNKNOWN,1,,False,True,False,False,False,False,False,False,False,False,False,False,False,False,False,False,,,,,,
UNKNOWN GRAPEVINE CA 10.1,1,VINELAND DWARF GRAPEVINE 001,False,False,False,False,False,False,False,True,False,False,False,False,False,False,False,False,,,,,,
URBANITRAUBE NOIR,1,URBANITRAUBE,False,False,False,False,False,False,True,False,False,False,False,False,False,False,False,False,,,,,,
URBANITRAUBE NOIR (COLLECTION OBERLIN),1,SALICETTE (COLLECTION OBERLIN),False,False,False,False,False,False,False,True,False,False,False,False,False,False,False,False,,,,,,
UVA ACETO,1,ACETO,False,True,False,False,False,False,False,False,False,False,False,False,False,False,False,False,,,,,,
UVA DE REY,1,,False,False,False,False,False,False,False,True,False,False,False,False,False,False,False,False,,,,,,
UVA DEI VECCHI,1,,False,True,False,False,False,False,False,False,False,False,False,False,False,False,False,False,,,,,,
UVA DEL FANTINI,1,,False,False,False,False,False,False,True,False,False,False,False,False,False,False,False,False,,,,,,
UVA DI TROJA,1,UVA DI TROJANERO,False,True,False,False,False,False,False,False,False,False,False,False,False,False,False,False,,,,,,
UVA D’ORO BIANCA,1,GIUSTILISA BIANCA,False,False,False,False,False,False,True,False,False,False,False,False,False,False,False,False,,,,,,
UVA SACRA (UVA SOGRA),1,UVA SACRA,False,False,False,False,False,False,True,False,False,False,False,False,False,False,False,False,,,,,,
V- VINIVERA,1,,False,True,False,False,False,False,False,False,False,False,False,False,False,False,False,False,,,,,,
V. RIPARIA FABRE,1,RIPARIA NEUSTADT 5158-37,False,False,False,False,False,False,False,False,False,False,False,False,True,False,False,False,,,,,,
V. RIPARIA GLOIRE DE MONTPELLIER,1,RIPARIA GLOIRE DE MONTPELLIER,False,False,False,False,False,False,False,False,False,False,False,False,True,False,False,False,,,,,,
V. RIPARIA GRAND GLABRE,1,RIPARIA GRAND GLABRE,False,False,False,False,False,False,False,False,False,False,False,False,True,False,False,False,,,,,,
V. RIPARIA LOMBARD,1,RIPARIA LOMBARD,False,False,False,False,False,False,False,False,False,False,False,False,True,False,False,False,,,,,,
V. RIPARIA MARTIN DES PAILLIERES,1,RIPARIA MARTIN DE PERRIER,False,False,False,False,False,False,False,False,False,False,False,False,True,False,False,False,,,,,,
V. RIPARIA PUBESCENT BLANC,1,RIPARIA PUBESCENT BLEU,False,False,False,False,False,False,False,False,False,False,False,False,True,False,False,False,,,,,,
V. RIPARIA SCRIBNER,1,RIPARIA SCRIBNER,False,False,False,False,False,False,False,False,False,False,False,False,True,False,False,False,,,,,,
V. RIPARIA SERICEA,1,RIPARIA SERICEA,False,False,False,False,False,False,False,False,False,False,False,False,True,False,False,False,,,,,,
V. RIPARIA SOMBRE,1,RIPARIA SOMBRE,False,False,False,False,False,False,False,False,False,False,False,False,True,False,False,False,,,,,,
V. RIPARIA TOMENTEUX,1,RIPARIA TOMENTEUX,False,False,False,False,False,False,False,False,False,False,False,False,True,False,False,False,,,,,,
V. RUPESTRIS CONSTANTIA,1,RUPESTRIS CONSTANTIA MOTHER 240,False,False,False,False,False,False,False,False,False,False,False,False,True,False,False,False,,,,,,
V. RUPESTRIS GAILLARD,1,RUPESTRIS GAILLARD,False,False,False,False,False,False,False,False,False,False,False,False,True,False,False,False,,,,,,
V. RUPESTRIS MARTIN,1,RUPESTRIS MARTIN,False,False,False,False,False,False,False,False,False,False,False,False,True,False,False,False,,,,,,
V. RUPESTRIS METALLIQUE,1,RUPESTRIS METALLIQUE,False,False,False,False,False,False,False,False,False,False,False,False,True,False,False,False,,,,,,
V. RUPESTRIS VELLETRI,1,RUPESTRIS VELLETRI,False,False,False,False,False,False,False,False,False,False,False,False,True,False,False,False,,,,,,
V. VINIFERA,1,VITIS VINIFERA LINNE SUBSP. SATIVA (DE CANDOLLE) HEGI,False,False,False,False,False,False,False,False,True,False,False,False,False,False,False,False,,,,,,
V.LABRUSCA LINNE,1,VITIS LABRUSCA LINNE,False,False,False,False,False,False,False,False,True,False,False,False,False,False,False,False,,,,,,
V.VINIFERA,1,,False,True,False,False,False,False,False,False,False,False,False,False,False,False,False,False,,,,,,
V.VINIVERA,1,,False,True,False,False,False,False,False,False,False,False,False,False,False,False,False,False,,,,,,
VALENCI (BEBA),1,VALENCI TINTO,False,False,False,False,False,False,True,False,False,False,False,False,False,False,False,False,,,,,,
VALENCÍ BLANCO,1,FRANCESA BLANCO,False,False,False,False,False,False,False,True,False,False,False,False,False,False,False,False,,,,,,
VALENSI NOIR,1,ARBANE NOIR,False,False,False,False,False,False,False,True,False,False,False,False,False,False,False,False,,,,,,
VALENTINO,1,VALENTINO NERO,False,False,False,False,False,False,True,False,False,False,False,False,False,False,False,False,,,,,,
VARIETE D'OASIS TOZEUR   7,1,VARIETE D'OASIS TOZEUR 9,False,True,False,False,False,False,False,False,False,False,False,False,False,False,False,False,,,,,,
VARIETE D'OASIS TOZEUR   9,1,VARIETE D'OASIS TOZEUR 9,False,True,False,False,False,False,False,False,False,False,False,False,False,False,False,False,,,,,,
VARIÉTÉ D'OASIS BOU CHEMMA 46,1,VARIETE D'OASIS TOZEUR 9,False,False,False,False,False,False,False,True,False,False,False,False,False,False,False,False,,,,,,
VARIÉTÉ D'OASIS DEGACHE 28,1,VARIETE D'OASIS DEGACHE 28,False,False,False,False,False,False,False,False,False,False,False,False,False,True,False,False,,,,,,
VARIÉTÉ D'OASIS TOZEUR 1,1,VARIETE D'OASIS TOZEUR 9,False,False,False,False,False,False,False,False,False,False,False,False,False,True,False,False,,,,,,
VELTLINER,1,VELTLINER ROT,False,False,False,False,False,False,True,False,False,False,False,False,False,False,False,False,,,,,,
VENUS SEEDLESS,1,VENUS,False,False,False,False,False,False,False,False,True,False,False,False,False,False,False,False,,,,,,
VERDECA,1,,False,True,False,False,False,False,False,False,False,False,False,False,False,False,False,False,,,,,,
VERDECA (LAGORTHI),1,,False,False,False,False,False,False,True,False,False,False,False,False,False,False,False,False,,,,,,
VERDICHIO,1,,False,False,False,False,False,False,False,False,False,False,False,False,False,False,True,False,,,,,,
VERDOT,1,VERDOT GROS,False,True,False,False,False,False,False,False,False,False,False,False,False,False,False,False,,,,,,
VERNACCIA DI ORISTANO (SPERGOLA),1,VERNACCIA DI ORISTANO,False,False,False,False,False,False,True,False,False,False,False,False,False,False,False,False,,,,,,
VERTKVITCHALIS TETRI,1,ALMURA TETRI,False,False,False,False,False,False,True,False,False,False,False,False,False,False,False,False,,,,,,
VERUES DE HUARTE,1,BERUES DE HUARTE,False,False,False,False,False,False,True,False,False,False,False,False,False,False,False,False,,,,,,
VERUÉS DE HUARTE,1,BERUES DE HUARTE,False,False,False,False,False,False,False,True,False,False,False,False,False,False,False,False,,,,,,
VICTOR = PIROVANO 314,1,EARLY VICTOR,False,False,False,False,True,False,False,False,False,False,False,False,False,False,False,False,,,,,,
VIDAL   36,1,VIDAL 2190,False,True,False,False,False,False,False,False,False,False,False,False,False,False,False,False,,,,,,
VIDAL   98 T,1,VIDAL 2190,False,True,False,False,False,False,False,False,False,False,False,False,False,False,False,False,,,,,,
VIDAL   99 T,1,VIDAL 2190,False,True,False,False,False,False,False,False,False,False,False,False,False,False,False,False,,,,,,
VIDAL  117,1,VIDAL 2190,False,True,False,False,False,False,False,False,False,False,False,False,False,False,False,False,,,,,,
VIDAL  662,1,VIDAL 2190,False,True,False,False,False,False,False,False,False,False,False,False,False,False,False,False,,,,,,
VIDAL  678,1,VIDAL 2190,False,True,False,False,False,False,False,False,False,False,False,False,False,False,False,False,,,,,,
VIGNE SAUVAGE FAUX MOUCHOUSES 1,1,VIGNE SAUVAGE FAUX PUENTE DE EL BURGO,False,False,False,False,False,False,True,False,False,False,False,False,False,False,False,False,,,,,,
VIJIRIEGA,1,,False,False,False,False,False,False,False,True,False,False,False,False,False,False,False,False,,,,,,
VILLENAVE,1,,False,False,False,False,False,False,False,False,False,False,False,False,False,False,True,False,,,,,,
VINHAO = SOUZAO,1,VINHAO,False,True,False,False,False,False,False,False,False,False,False,False,False,False,False,False,,,,,,
VINHÃO,1,,False,False,False,False,False,False,False,True,False,False,False,False,False,False,False,False,,,,,,
VINHÃO = SOUZAO,1,,False,False,False,False,False,False,False,False,False,False,False,False,False,True,False,False,,,,,,
VINTAIU,1,,False,False,False,False,False,False,True,False,False,False,False,False,False,False,False,False,,,,,,
VIOGNER,1,,False,False,False,False,False,False,False,False,False,False,False,False,False,False,True,False,,,,,,
VITIS AMURENSIS,1,VITIS AMURENSIS RUPRECHT,False,False,False,False,False,False,False,False,False,False,False,False,False,False,True,False,,,,,,
VITIS BERLANDIERI,1,VITIS BERLANDIERI PLANCHON,False,False,False,False,False,False,False,False,False,False,False,False,False,False,True,False,,,,,,
VITIS BERLANDIERI RESSEGUIER N. 2,1,VITIS BERLANDIERI PLANCHON,False,False,False,False,False,False,False,False,False,False,False,False,True,False,False,False,,,,,,
VITIS BOURQUINA #,1,VITIS BOURQUINA MUNSON,False,False,False,False,False,False,False,False,False,False,False,False,False,False,True,False,,,,,,
VITIS CALIFORNICA,1,VITIS CALIFORNICA BENTHAM,False,True,False,False,False,False,False,False,False,False,False,False,False,False,False,False,,,,,,
VITIS CANDICANS,1,VITIS CANDICANS ENGELMANN,False,False,False,False,False,False,False,False,False,False,False,False,False,False,True,False,,,,,,
VITIS CHAMPINII #,1,VITIS CHAMPINII PLANCHON,False,False,False,False,False,False,False,False,False,False,False,False,False,False,True,False,,,,,,
VITIS CINEREA,1,VITIS CINEREA ENGELMANN VAR. CINEREA,False,False,False,False,False,False,False,False,False,False,False,False,False,False,True,False,,,,,,
VITIS DOANIANA,1,VITIS DOANIANA MUNSON,False,False,False,False,False,False,False,False,False,False,False,False,False,False,True,False,,,,,,
VITIS GIRDIANA,1,VITIS GIRDIANA MUNSON,False,False,False,False,False,False,False,False,False,False,False,False,False,False,True,False,,,,,,
VITIS LABRUSCA,1,VITIS LABRUSCA LINNE,False,True,False,False,False,False,False,False,False,False,False,False,False,False,False,False,,,,,,
VITIS MONTICOLA,1,VITIS MONTICOLA BUCKLEY,False,False,False,False,False,False,False,False,False,False,False,False,False,False,True,False,,,,,,
VITIS NOVAE-ANGLIAE FERNALD,1,VITIS INTEGRIFOLIA RAFINESQUE,False,False,False,False,False,False,False,False,False,False,False,False,True,False,False,False,,,,,,
VITIS RIPARIA COLORADO,1,VITIS RIPARIA MICHAUX,False,False,False,False,False,False,False,False,False,False,False,False,True,False,False,False,,,,,,
VITIS ROTUNDIFOLIA,1,MUSCADINIA ROTUNDIFOLIA MICHAUX VAR. ROTUNDIFOLIA,False,False,False,False,False,False,False,False,False,False,False,False,False,False,True,False,,,,,,
VITIS RUPESTRIS DU LOT,1,VITIS RUPESTRIS SCHEELE (4N),False,False,False,False,False,False,False,False,False,False,False,False,True,False,False,False,,,,,,
VITIS SHUTTLEWORTHII,1,VITIS SHUTTLEWORTHII HOUSE,False,False,False,False,False,False,False,False,False,False,False,False,False,False,True,False,,,,,,
VITIS VINIFERA SUBSP. VINIFERA LINNE,1,VITIS VINIFERA LINNE SUBSP. SATIVA (DE CANDOLLE) HEGI,False,False,False,False,False,False,False,False,True,False,False,False,False,False,False,False,,,,,,
VITOUSKA,1,VITOUSKA GARGANIJA,False,False,False,False,False,False,True,False,False,False,False,False,False,False,False,False,,,,,,
VIVONA   378,1,VIVONA 15,False,True,False,False,False,False,False,False,False,False,False,False,False,False,False,False,,,,,,
VOLGA DON,1,,False,False,False,False,False,False,False,False,True,False,False,False,False,False,False,False,,,,,,
VR 039- 16,1,,False,False,False,False,False,False,False,False,False,False,False,False,False,False,True,False,,,,,,
VRH3082-  1- 42,1,VRH3082- 1- 72,False,True,False,False,False,False,False,False,False,False,False,False,False,False,False,False,,,,,,
VÊNUS,1,,False,False,False,False,False,False,False,False,False,False,False,False,False,False,True,False,,,,,,
WEISSER GUTEDEL,1,HAINER WEISSER,False,True,False,False,False,False,False,False,False,False,False,False,False,False,False,False,,,,,,
WHITE MUSCAT (COLLECTION BLACK MOROCCO,1,WHITE MUSCAT,False,False,False,False,True,False,False,False,False,False,False,False,False,False,False,False,,,,,,
WILDBACHER DE HONGRIE (COLLECTION FERRAL = PRUNESTA ROSSO VIOLACEA RAVAZ),1,,False,False,False,False,True,False,False,False,False,False,False,False,False,False,False,False,,,,,,
WILDBACHER SPÄTBLAU,1,WILDBACHER DE HONGRIE,False,False,False,False,False,False,True,False,False,False,False,False,False,False,False,False,,,,,,
XINISTERI,1,,False,True,False,False,False,False,False,False,False,False,False,False,False,False,False,False,,,,,,
XINOMAVRO,1,,False,False,False,False,False,False,True,False,False,False,False,False,False,False,False,False,,,,,,
YAGHOOTI,1,,False,True,False,False,False,False,False,False,False,False,False,False,False,False,False,False,,,,,,
YAGHUTI,1,,False,True,False,False,False,False,False,False,False,False,False,False,False,False,False,False,,,,,,
YAKDONA KIZIL,1,LAL YAKDONA SAFID,False,False,False,False,False,False,True,False,False,False,False,False,False,False,False,False,,,,,,
YALOVA CEKIRDEKSIZ,1,YALOVA CEKIRDEKSIZI,False,False,False,False,True,False,False,False,False,False,False,False,False,False,False,False,,,,,,
YKA,1,,False,False,False,False,False,False,False,False,False,False,False,False,False,True,False,False,,,,,,
YUNIBARASEBUN,1,,False,False,False,False,False,False,False,False,True,False,False,False,False,False,False,False,,,,,,
ZAGARESE,1,ZAGARESE DI PUGLIA,False,False,False,False,False,False,True,False,False,False,False,False,False,False,False,False,,,,,,
ZALA GYOENGUE,1,ZALA GYOENGYE,False,True,False,False,False,False,False,False,False,False,False,False,False,False,False,False,,,,,,
ZAOMANAO,1,,False,False,False,False,False,False,False,False,True,False,False,False,False,False,False,False,,,,,,
ZEINI BALADI NO. 2,1,ZEINI BALADI,False,False,False,False,False,False,False,False,True,False,False,False,False,False,False,False,,,,,,
ZEMOASA,1,,False,False,False,False,False,False,False,True,False,False,False,False,False,False,False,False,,,,,,
ZHEMCHUG SABA,1,SOVETSKII ZHEMCHUG,False,True,False,False,False,False,False,False,False,False,False,False,False,False,False,False,,,,,,
ZIBIBBO,1,ZIBIBBO D'ARQUATA,False,True,False,False,False,False,False,False,False,False,False,False,False,False,False,False,,,,,,
ZIBIBBO (MOSCATO D'ALESSANDRIA),1,ZIBIBBO D'ARQUATA,False,False,False,False,False,False,True,False,False,False,False,False,False,False,False,False,,,,,,
ZIMMERTTRAUBE GRAU RAUCHFARBIG,1,ZIMMETTRAUBE GRAU RAUCHFARBIG,False,False,False,False,False,False,False,True,False,False,False,False,False,False,False,False,,,,,,
ZINFANDEL #,1,,False,False,False,False,False,False,False,False,False,False,False,False,False,False,True,False,,,,,,
ZIXIANG SEEDLESS,1,ZIXIANG WUHE,False,False,False,False,False,False,False,False,True,False,False,False,False,False,False,False,,,,,,
ZLATARICA BLATSKA BIJELI,1,ZLATARICA BLATSKA,False,True,False,False,False,False,False,False,False,False,False,False,False,False,False,False,,,,,,
ZWEIGELT,1,ZWEIGELT SOLIS,False,False,False,False,False,False,False,True,False,False,False,False,False,False,False,False,,,,,,
