child_variety,parent_variety,parent_role,evidence_type,marker_type,n_markers,lod_score,study_reference,doi,confirmed_year,confidence_level,notes,all_dois,vivc_derived_from,vivc_primary_doi,vivc_unloaded_dois
ABBOTTABOTTI,PANSE BLANCHE,Parent 1,SSR,SSR,,,VIVC passport (via Cipriani 2010),10.1007/s00122-010-1411-9,,confirmed,PANSE BLANCHE X MARUGA,10.1007/s00122-010-1411-9,Cipriani 2010,10.1007/s00122-010-1411-9,
ABBOTTABOTTI,MARUGA,Parent 2,SSR,SSR,,,VIVC passport (via Cipriani 2010),10.1007/s00122-010-1411-9,,confirmed,PANSE BLANCHE X MARUGA,10.1007/s00122-010-1411-9,Cipriani 2010,10.1007/s00122-010-1411-9,
ABONDANT,KOEVIDINKA,Parent 1,SSR,SSR,,,VIVC passport (via Lacombe 2013),10.1007/s00122-012-1988-2,,confirmed,KOEVIDINKA X MADELEINE ROYALE,10.1007/s00122-012-1988-2,Lacombe 2013,10.1007/s00122-012-1988-2,
ABONDANT,MADELEINE ROYALE,Parent 2,SSR,SSR,,,VIVC passport (via Lacombe 2013),10.1007/s00122-012-1988-2,,confirmed,KOEVIDINKA X MADELEINE ROYALE,10.1007/s00122-012-1988-2,Lacombe 2013,10.1007/s00122-012-1988-2,
ACETO,GRILLONE,Parent 1,SSR,SSR,,,VIVC passport (via Cipriani 2010),10.1007/s00122-010-1411-9,,confirmed,GRILLONE X SCACCO,10.1007/s00122-010-1411-9,Cipriani 2010,10.1007/s00122-010-1411-9,
ACETO,SCACCO,Parent 2,SSR,SSR,,,VIVC passport (via Cipriani 2010),10.1007/s00122-010-1411-9,,confirmed,GRILLONE X SCACCO,10.1007/s00122-010-1411-9,Cipriani 2010,10.1007/s00122-010-1411-9,
ADMIRABLE DE COURTILLER,BICANE,Parent 1,SSR,SSR,,,VIVC passport (via Lacombe 2013),10.1007/s00122-012-1988-2,,confirmed,BICANE X CHASSELAS,10.1007/s00122-012-1988-2,Lacombe 2013,10.1007/s00122-012-1988-2,
ADMIRABLE DE COURTILLER,CHASSELAS,Parent 2,SSR,SSR,,,VIVC passport (via Lacombe 2013),10.1007/s00122-012-1988-2,,confirmed,BICANE X CHASSELAS,10.1007/s00122-012-1988-2,Lacombe 2013,10.1007/s00122-012-1988-2,
AITONYCHI MAVRO,KONTEGALO,Parent 1,SSR,SSR,,,VIVC passport (via Lacombe & Emanuelli 2020; Lacombe 2013; Laucou 2018),10.1007/s00122-012-1988-2,,confirmed,KONTEGALO X HEPTAKILO,10.1007/s00122-012-1988-2; 10.1371/journal.pone.0192540; 10.3389/fpls.2020.605934,Lacombe & Emanuelli 2020; Lacombe 2013; Laucou 2018,10.1007/s00122-012-1988-2,
AITONYCHI MAVRO,HEPTAKILO,Parent 2,SSR,SSR,,,VIVC passport (via Lacombe & Emanuelli 2020; Lacombe 2013; Laucou 2018),10.1007/s00122-012-1988-2,,confirmed,KONTEGALO X HEPTAKILO,10.1007/s00122-012-1988-2; 10.1371/journal.pone.0192540; 10.3389/fpls.2020.605934,Lacombe & Emanuelli 2020; Lacombe 2013; Laucou 2018,10.1007/s00122-012-1988-2,
AFFENTHALER,SUESSSCHWARZ,Parent 1,SSR,SSR,,,VIVC passport (pedigree confirmed by markers),,,confirmed,SUESSSCHWARZ X HEUNISCH WEISS,,none,,
AFFENTHALER,GOUAIS BLANC,Parent 2,SSR,SSR,,,VIVC passport (pedigree confirmed by markers),,,confirmed,SUESSSCHWARZ X HEUNISCH WEISS,,none,,
AGAPANTHE,SCHIRAS DR. HOUDBINE,Parent 1,SSR,SSR,,,VIVC passport (via Lacombe 2013),10.1007/s00122-012-1988-2,,confirmed,SCHIRAS DR. HOUDBINE X  CHASSELAS,10.1007/s00122-012-1988-2,Lacombe 2013,10.1007/s00122-012-1988-2,
AGAPANTHE,CHASSELAS,Parent 2,SSR,SSR,,,VIVC passport (via Lacombe 2013),10.1007/s00122-012-1988-2,,confirmed,SCHIRAS DR. HOUDBINE X  CHASSELAS,10.1007/s00122-012-1988-2,Lacombe 2013,10.1007/s00122-012-1988-2,
AGOSTENGA ROSSA,BELLINO,Parent 1,SSR,SSR,,,VIVC passport (via Lacombe 2013),10.1007/s00122-012-1988-2,,confirmed,BELLINO X MALINGRE PRECOCE,10.1007/s00122-012-1988-2,Lacombe 2013,10.1007/s00122-012-1988-2,
AGOSTENGA ROSSA,MALINGRE PRECOCE,Parent 2,SSR,SSR,,,VIVC passport (via Lacombe 2013),10.1007/s00122-012-1988-2,,confirmed,BELLINO X MALINGRE PRECOCE,10.1007/s00122-012-1988-2,Lacombe 2013,10.1007/s00122-012-1988-2,
AGUA SANTA,CAMARATE,Parent 1,SSR,SSR,,,VIVC passport (via Cunha 2020; Lacombe & Emanuelli 2020; Laucou 2018),10.3389/fpls.2020.605934,,confirmed,CAMARATE X PERIQUITA,10.1371/journal.pone.0192540; 10.3389/fpls.2020.00127; 10.3389/fpls.2020.605934; 10.5344/ajev.2011.11052,Cunha 2020; Lacombe & Emanuelli 2020; Laucou 2018,10.1371/journal.pone.0192540,10.5344/ajev.2011.11052
AGUA SANTA,CASTELAO,Parent 2,SSR,SSR,,,VIVC passport (via Cunha 2020; Lacombe & Emanuelli 2020; Laucou 2018),10.3389/fpls.2020.605934,,confirmed,CAMARATE X PERIQUITA,10.1371/journal.pone.0192540; 10.3389/fpls.2020.00127; 10.3389/fpls.2020.605934; 10.5344/ajev.2011.11052,Cunha 2020; Lacombe & Emanuelli 2020; Laucou 2018,10.1371/journal.pone.0192540,10.5344/ajev.2011.11052
AIDA,FRANKENTHAL,Parent 1,SSR,SSR,,,VIVC passport (via Lacombe 2013),10.1007/s00122-012-1988-2,,confirmed,FRANKENTHAL X DELIZIA DI VAPRIO,10.1007/s00122-012-1988-2,Lacombe 2013,10.1007/s00122-012-1988-2,
AIDA,DELIZIA DI VAPRIO,Parent 2,SSR,SSR,,,VIVC passport (via Lacombe 2013),10.1007/s00122-012-1988-2,,confirmed,FRANKENTHAL X DELIZIA DI VAPRIO,10.1007/s00122-012-1988-2,Lacombe 2013,10.1007/s00122-012-1988-2,
AIGENI SEV,ARAKSENI CHERNYI,Parent 1,SSR,SSR,,,VIVC passport (via Margaryan 2021),10.3390/biology10121279,,confirmed,ARAKSENI CHERNYI X ARARATI,10.3390/biology10121279,Margaryan 2021,10.3390/biology10121279,
AIGENI SEV,ARARATI,Parent 2,SSR,SSR,,,VIVC passport (via Margaryan 2021),10.3390/biology10121279,,confirmed,ARAKSENI CHERNYI X ARARATI,10.3390/biology10121279,Margaryan 2021,10.3390/biology10121279,
AKITSIS,MAURO,Parent 1,SSR,SSR,,,VIVC passport (pedigree confirmed by markers),,,confirmed,MAURO X XYNISTERI,,none,,
AKITSIS,XYNISTERI,Parent 2,SSR,SSR,,,VIVC passport (pedigree confirmed by markers),,,confirmed,MAURO X XYNISTERI,,none,,
ALARIJE,GIBI,Parent 1,SSR,SSR,,,VIVC passport (via Lacombe & Emanuelli 2020; Lacombe 2013; Laucou 2018),10.1007/s00122-012-1988-2,,confirmed,GIBI X TORTOZON,10.1007/s00122-012-1988-2; 10.1371/journal.pone.0192540; 10.3389/fpls.2020.605934,Lacombe & Emanuelli 2020; Lacombe 2013; Laucou 2018,10.1007/s00122-012-1988-2,
ALARIJE,TORTOZON,Parent 2,SSR,SSR,,,VIVC passport (via Lacombe & Emanuelli 2020; Lacombe 2013; Laucou 2018),10.1007/s00122-012-1988-2,,confirmed,GIBI X TORTOZON,10.1007/s00122-012-1988-2; 10.1371/journal.pone.0192540; 10.3389/fpls.2020.605934,Lacombe & Emanuelli 2020; Lacombe 2013; Laucou 2018,10.1007/s00122-012-1988-2,
ALBA,MOLINERA GORDA,Parent 1,SSR,SSR,,,VIVC passport (via Lacombe 2013),10.1007/s00122-012-1988-2,,confirmed,MOLINERA GORDA X CARDINAL,10.1007/s00122-012-1988-2,Lacombe 2013,10.1007/s00122-012-1988-2,
ALBA,CARDINAL,Parent 2,SSR,SSR,,,VIVC passport (via Lacombe 2013),10.1007/s00122-012-1988-2,,confirmed,MOLINERA GORDA X CARDINAL,10.1007/s00122-012-1988-2,Lacombe 2013,10.1007/s00122-012-1988-2,
ALBALONGA,RIESLANER,Parent 1,SSR,SSR,,,VIVC passport (via Lacombe 2013),10.1007/s00122-012-1988-2,,confirmed,RIESLANER X MUELLER THURGAU,10.1007/s00122-012-1988-2,Lacombe 2013,10.1007/s00122-012-1988-2,
ALBALONGA,MUELLER THURGAU,Parent 2,SSR,SSR,,,VIVC passport (via Lacombe 2013),10.1007/s00122-012-1988-2,,confirmed,RIESLANER X MUELLER THURGAU,10.1007/s00122-012-1988-2,Lacombe 2013,10.1007/s00122-012-1988-2,
ALBAROSSA,CHATUS,Parent 1,SSR,SSR,,,VIVC passport (via Lacombe & Emanuelli 2020),10.3389/fpls.2020.605934,,confirmed,CHATUS  X BARBERA,10.1016/j.scienta.2017.02.044; 10.3389/fpls.2020.605934,Lacombe & Emanuelli 2020,10.1016/j.scienta.2017.02.044,10.1016/j.scienta.2017.02.044
ALBAROSSA,BARBERA,Parent 2,SSR,SSR,,,VIVC passport (via Lacombe & Emanuelli 2020),10.3389/fpls.2020.605934,,confirmed,CHATUS  X BARBERA,10.1016/j.scienta.2017.02.044; 10.3389/fpls.2020.605934,Lacombe & Emanuelli 2020,10.1016/j.scienta.2017.02.044,10.1016/j.scienta.2017.02.044
ALBEMARLE,TOPSAIL,Parent 1,SSR,SSR,,,VIVC passport (pedigree confirmed by markers),10.21273/JASHS.133.4.559,,confirmed,TOPSAIL X PARENT 2 WAS NOT CONFIRMED,10.21273/JASHS.133.4.559,none,10.21273/JASHS.133.4.559,10.21273/JASHS.133.4.559
ALBEMARLE,PARENT 2 WAS NOT CONFIRMED,Parent 2,SSR,SSR,,,VIVC passport (pedigree confirmed by markers),10.21273/JASHS.133.4.559,,confirmed,TOPSAIL X PARENT 2 WAS NOT CONFIRMED,10.21273/JASHS.133.4.559,none,10.21273/JASHS.133.4.559,10.21273/JASHS.133.4.559
ALBILLO DE GRANADA,HEBIEN,Parent 1,SSR,SSR,,,VIVC passport (via Lacombe & Emanuelli 2020; Laucou 2018),10.3389/fpls.2020.605934,,confirmed,HEBEN X TORTOZON,10.1371/journal.pone.0192540; 10.3389/fpls.2020.605934,Lacombe & Emanuelli 2020; Laucou 2018,10.1371/journal.pone.0192540,
ALBILLO DE GRANADA,TORTOZON,Parent 2,SSR,SSR,,,VIVC passport (via Lacombe & Emanuelli 2020; Laucou 2018),10.3389/fpls.2020.605934,,confirmed,HEBEN X TORTOZON,10.1371/journal.pone.0192540; 10.3389/fpls.2020.605934,Lacombe & Emanuelli 2020; Laucou 2018,10.1371/journal.pone.0192540,
ALDEN,ONTARIO,Parent 1,SSR,SSR,,,VIVC passport (pedigree confirmed by markers),,,confirmed,ONTARIO X RIBIER,,none,,
ALDEN,RIBIER,Parent 2,SSR,SSR,,,VIVC passport (pedigree confirmed by markers),,,confirmed,ONTARIO X RIBIER,,none,,
FEPIRO,GRAND NOIR,Parent 1,SSR,SSR,,,VIVC passport (via Cunha 2020),10.3389/fpls.2020.00127,,confirmed,GRAND NOIR X FERNAO PIRES,10.3389/fpls.2020.00127,Cunha 2020,10.3389/fpls.2020.00127,
FEPIRO,FERNAO PIRES,Parent 2,SSR,SSR,,,VIVC passport (via Cunha 2020),10.3389/fpls.2020.00127,,confirmed,GRAND NOIR X FERNAO PIRES,10.3389/fpls.2020.00127,Cunha 2020,10.3389/fpls.2020.00127,
ALICANTE HENRI BOUSCHET,PETIT BOUSCHET,Parent 1,SSR,SSR,,,VIVC passport (via Cipriani 2010; Lacombe & Emanuelli 2020; Lacombe 2013; Laucou 2018),10.1007/s00122-012-1988-2,,confirmed,PETIT BOUSCHET X GRENACHE,10.1007/s00122-010-1411-9; 10.1007/s00122-012-1988-2; 10.1371/journal.pone.0192540; 10.3389/fpls.2020.605934,Cipriani 2010; Lacombe & Emanuelli 2020; Lacombe 2013; Laucou 2018,10.1007/s00122-010-1411-9,
ALICANTE HENRI BOUSCHET,GRENACHE NOIR,Parent 2,SSR,SSR,,,VIVC passport (via Cipriani 2010; Lacombe & Emanuelli 2020; Lacombe 2013; Laucou 2018),10.1007/s00122-012-1988-2,,confirmed,PETIT BOUSCHET X GRENACHE,10.1007/s00122-010-1411-9; 10.1007/s00122-012-1988-2; 10.1371/journal.pone.0192540; 10.3389/fpls.2020.605934,Cipriani 2010; Lacombe & Emanuelli 2020; Lacombe 2013; Laucou 2018,10.1007/s00122-010-1411-9,
ALIGOTE,PINOT,Parent 2,SSR,SSR,,,VIVC passport (via Lacombe 2013),10.1007/s00122-012-1988-2,,confirmed,HEUNISCH WEISS X PINOT,10.1007/s00122-012-1988-2; 10.1126/science.285.5433.1562; 10.3103/S0095452718050031,Lacombe 2013,10.1007/s00122-012-1988-2,10.1126/science.285.5433.1562; 10.3103/S0095452718050031
ALLEN'S HYBRID,ISABELLA,Parent 1,SSR,SSR,,,VIVC passport (pedigree confirmed by markers),,,confirmed,ISABELLA X TROLLINGER,,none,,
ALLEN'S HYBRID,TROLLINGER,Parent 2,SSR,SSR,,,VIVC passport (pedigree confirmed by markers),,,confirmed,ISABELLA X TROLLINGER,,none,,
ALNWICK SEEDLING,BLACK MOROCCO,Parent 1,SSR,SSR,,,VIVC passport (via Lacombe 2013),10.1007/s00122-012-1988-2,,confirmed,BLACK MOROCCO X FRANKENTHAL,10.1007/s00122-012-1988-2,Lacombe 2013,10.1007/s00122-012-1988-2,
ALNWICK SEEDLING,FRANKENTHAL,Parent 2,SSR,SSR,,,VIVC passport (via Lacombe 2013),10.1007/s00122-012-1988-2,,confirmed,BLACK MOROCCO X FRANKENTHAL,10.1007/s00122-012-1988-2,Lacombe 2013,10.1007/s00122-012-1988-2,
ALPHONSE LAVALLEE,KARISTVALA KOLKHURI,Parent 1,SSR,SSR,,,VIVC passport (via Lacombe & Emanuelli 2020; Lacombe 2013),10.1007/s00122-012-1988-2,,confirmed,KARISTVALA KOLKHURI X MUSCAT HAMBURG,10.1007/s00122-012-1988-2; 10.3103/S0095452718050031; 10.3389/fpls.2020.605934; 10.3390/plants10122696,Lacombe & Emanuelli 2020; Lacombe 2013,10.1007/s00122-012-1988-2,10.3103/S0095452718050031; 10.3390/plants10122696
ALPHONSE LAVALLEE,MUSCAT HAMBURG,Parent 2,SSR,SSR,,,VIVC passport (via Lacombe & Emanuelli 2020; Lacombe 2013),10.1007/s00122-012-1988-2,,confirmed,KARISTVALA KOLKHURI X MUSCAT HAMBURG,10.1007/s00122-012-1988-2; 10.3103/S0095452718050031; 10.3389/fpls.2020.605934; 10.3390/plants10122696,Lacombe & Emanuelli 2020; Lacombe 2013,10.1007/s00122-012-1988-2,10.3103/S0095452718050031; 10.3390/plants10122696
ALVARELHAO CEITAO,HEBIEN,Parent 1,SSR,SSR,,,VIVC passport (via Cunha 2020),10.3389/fpls.2020.00127,,confirmed,HEBEN X ALVARELHAO,10.3389/fpls.2020.00127,Cunha 2020,10.3389/fpls.2020.00127,
ALVARELHAO CEITAO,ALVARELHAO,Parent 2,SSR,SSR,,,VIVC passport (via Cunha 2020),10.3389/fpls.2020.00127,,confirmed,HEBEN X ALVARELHAO,10.3389/fpls.2020.00127,Cunha 2020,10.3389/fpls.2020.00127,
CAINO BLANCO,CAINO BRAVO,Parent 1,SSR,SSR,,,VIVC passport (via Lacombe & Emanuelli 2020; Lacombe 2013; Laucou 2018),10.1007/s00122-012-1988-2,,confirmed,CAINO BRAVO X ALBARINO,10.1007/s00122-012-1988-2; 10.1371/journal.pone.0192540; 10.3389/fpls.2020.605934; 10.5344/ajev.2011.10040,Lacombe & Emanuelli 2020; Lacombe 2013; Laucou 2018,10.1007/s00122-012-1988-2,10.5344/ajev.2011.10040
CAINO BLANCO,ALVARINHO,Parent 2,SSR,SSR,,,VIVC passport (via Lacombe & Emanuelli 2020; Lacombe 2013; Laucou 2018),10.1007/s00122-012-1988-2,,confirmed,CAINO BRAVO X ALBARINO,10.1007/s00122-012-1988-2; 10.1371/journal.pone.0192540; 10.3389/fpls.2020.605934; 10.5344/ajev.2011.10040,Lacombe & Emanuelli 2020; Lacombe 2013; Laucou 2018,10.1007/s00122-012-1988-2,10.5344/ajev.2011.10040
ALVARINHO LILAS,MONTUA,Parent 1,SSR,SSR,,,VIVC passport (via Cunha 2020),10.3389/fpls.2020.00127,,confirmed,MONTUA X UVA CAO,10.3389/fpls.2020.00127,Cunha 2020,10.3389/fpls.2020.00127,
ALVARINHO LILAS,UVA CAO,Parent 2,SSR,SSR,,,VIVC passport (via Cunha 2020),10.3389/fpls.2020.00127,,confirmed,MONTUA X UVA CAO,10.3389/fpls.2020.00127,Cunha 2020,10.3389/fpls.2020.00127,
ALZEY 23384,BUCKLAND SWEET WATER,Parent 1,SSR,SSR,,,VIVC passport (pedigree confirmed by markers),,,confirmed,BUCKLAND SWEET WATER X MALINGRE PRECOCE,,none,,
ALZEY 23384,MALINGRE PRECOCE,Parent 2,SSR,SSR,,,VIVC passport (pedigree confirmed by markers),,,confirmed,BUCKLAND SWEET WATER X MALINGRE PRECOCE,,none,,
AMBER QUEEN,MARION,Parent 1,SSR,SSR,,,VIVC passport (pedigree confirmed by markers),,,confirmed,MARION X SCHIAVA GROSSA,,none,,
AMBER QUEEN,SCHIAVA GROSSA,Parent 2,SSR,SSR,,,VIVC passport (pedigree confirmed by markers),,,confirmed,MARION X SCHIAVA GROSSA,,none,,
BRANCA DE ANADIA,FERNAO PIRES,Parent 1,SSR,SSR,,,VIVC passport (via Cunha 2020),10.3389/fpls.2020.00127,,confirmed,FERNAO PIRES X MONTUA,10.3389/fpls.2020.00127,Cunha 2020,10.3389/fpls.2020.00127,
BRANCA DE ANADIA,MONTUA,Parent 2,SSR,SSR,,,VIVC passport (via Cunha 2020),10.3389/fpls.2020.00127,,confirmed,FERNAO PIRES X MONTUA,10.3389/fpls.2020.00127,Cunha 2020,10.3389/fpls.2020.00127,
ANCORAT,SAMOURIAU,Parent 1,SSR,SSR,,,VIVC passport (via Lacombe 2013),10.1007/s00122-012-1988-2,,confirmed,SAMOURIAU X HEUNISCH WEISS,10.1007/s00122-012-1988-2,Lacombe 2013,10.1007/s00122-012-1988-2,
ANCORAT,GOUAIS BLANC,Parent 2,SSR,SSR,,,VIVC passport (via Lacombe 2013),10.1007/s00122-012-1988-2,,confirmed,SAMOURIAU X HEUNISCH WEISS,10.1007/s00122-012-1988-2,Lacombe 2013,10.1007/s00122-012-1988-2,
ANGELO PIROVANO,CHASSELAS ROSE,Parent 1,SSR,SSR,,,VIVC passport (via Lacombe 2013),10.1007/s00122-012-1988-2,,confirmed,CHASSELAS ROSE X MUSCAT HAMBURG,10.1007/s00122-012-1988-2,Lacombe 2013,10.1007/s00122-012-1988-2,
ANGELO PIROVANO,MUSCAT HAMBURG,Parent 2,SSR,SSR,,,VIVC passport (via Lacombe 2013),10.1007/s00122-012-1988-2,,confirmed,CHASSELAS ROSE X MUSCAT HAMBURG,10.1007/s00122-012-1988-2,Lacombe 2013,10.1007/s00122-012-1988-2,
ANNAMARIA,PERLE VON CSABA,Parent 1,SSR,SSR,,,VIVC passport (via Lacombe 2013),10.1007/s00122-012-1988-2,,confirmed,PERLE VON CSABA X DELIZIA DI VAPRIO,10.1007/s00122-012-1988-2,Lacombe 2013,10.1007/s00122-012-1988-2,
ANNAMARIA,DELIZIA DI VAPRIO,Parent 2,SSR,SSR,,,VIVC passport (via Lacombe 2013),10.1007/s00122-012-1988-2,,confirmed,PERLE VON CSABA X DELIZIA DI VAPRIO,10.1007/s00122-012-1988-2,Lacombe 2013,10.1007/s00122-012-1988-2,
ANTAO VAZ,PARDINA = JAEN BLANCO,Parent 1,SSR,SSR,,,VIVC passport (via Lacombe 2013),10.1007/s00122-012-1988-2,,confirmed,PARDINA = JAEN BLANCO X JOAO DOMINGOS,10.1007/s00122-012-1988-2,Lacombe 2013,10.1007/s00122-012-1988-2,
ANTAO VAZ,JOAO DOMINGOS,Parent 2,SSR,SSR,,,VIVC passport (via Lacombe 2013),10.1007/s00122-012-1988-2,,confirmed,PARDINA = JAEN BLANCO X JOAO DOMINGOS,10.1007/s00122-012-1988-2,Lacombe 2013,10.1007/s00122-012-1988-2,
APIRENA BRUNI,REGINA DEI VIGNETI,Parent 1,SSR,SSR,,,VIVC passport (pedigree confirmed by markers),,,confirmed,REGINA DEI VIGNETI X SULTANINA,,none,,
APIRENA BRUNI,SULTANINA,Parent 2,SSR,SSR,,,VIVC passport (pedigree confirmed by markers),,,confirmed,REGINA DEI VIGNETI X SULTANINA,,none,,
ARAGATSI,KHOUSSAINE BLANC,Parent 1,SSR,SSR,,,VIVC passport (via Lacombe & Emanuelli 2020; Lacombe 2013; Laucou 2018; Margaryan 2021),10.1007/s00122-012-1988-2,,confirmed,KHOUSSAINE BLANC X SULTANINE,10.1007/s00122-012-1988-2; 10.1371/journal.pone.0192540; 10.3389/fpls.2020.605934; 10.3390/biology10121279,Lacombe & Emanuelli 2020; Lacombe 2013; Laucou 2018; Margaryan 2021,10.1007/s00122-012-1988-2,
ARAGATSI,SULTANINE,Parent 2,SSR,SSR,,,VIVC passport (via Lacombe & Emanuelli 2020; Lacombe 2013; Laucou 2018; Margaryan 2021),10.1007/s00122-012-1988-2,,confirmed,KHOUSSAINE BLANC X SULTANINE,10.1007/s00122-012-1988-2; 10.1371/journal.pone.0192540; 10.3389/fpls.2020.605934; 10.3390/biology10121279,Lacombe & Emanuelli 2020; Lacombe 2013; Laucou 2018; Margaryan 2021,10.1007/s00122-012-1988-2,
ARAMON NOIR,OULIVEN,Parent 1,SSR,SSR,,,VIVC passport (via Lacombe & Emanuelli 2020; Lacombe 2013),10.1007/s00122-012-1988-2,,confirmed,OULIVEN X HEUNISCH WEISS,10.1007/s00122-012-1988-2; 10.1007/s00122-019-03320-5; 10.3389/fpls.2020.605934,Lacombe & Emanuelli 2020; Lacombe 2013,10.1007/s00122-012-1988-2,10.1007/s00122-019-03320-5
ARAMON NOIR,GOUAIS BLANC,Parent 2,SSR,SSR,,,VIVC passport (via Lacombe & Emanuelli 2020; Lacombe 2013),10.1007/s00122-012-1988-2,,confirmed,OULIVEN X HEUNISCH WEISS,10.1007/s00122-012-1988-2; 10.1007/s00122-019-03320-5; 10.3389/fpls.2020.605934,Lacombe & Emanuelli 2020; Lacombe 2013,10.1007/s00122-012-1988-2,10.1007/s00122-019-03320-5
ARAMON PETIT,MUNSON,Parent 1,SSR,SSR,,,VIVC passport (pedigree confirmed by markers),,,confirmed,MUNSON X CINSAUT,,none,,
ARAMON PETIT,CINSAUT,Parent 2,SSR,SSR,,,VIVC passport (pedigree confirmed by markers),,,confirmed,MUNSON X CINSAUT,,none,,
ARENI SPITAK,TOZOT,Parent 1,SSR,SSR,,,VIVC passport (via Margaryan 2021),10.3390/biology10121279,,confirmed,TOZOT X ARENI SEV,10.20870/oeno-one.2021.55.4.4815; 10.3390/biology10121279,Margaryan 2021,10.20870/oeno-one.2021.55.4.4815,10.20870/oeno-one.2021.55.4.4815
ARENI SPITAK,ARENI SEV,Parent 2,SSR,SSR,,,VIVC passport (via Margaryan 2021),10.3390/biology10121279,,confirmed,TOZOT X ARENI SEV,10.20870/oeno-one.2021.55.4.4815; 10.3390/biology10121279,Margaryan 2021,10.20870/oeno-one.2021.55.4.4815,10.20870/oeno-one.2021.55.4.4815
ARINARNOA,TANNAT,Parent 1,SSR,SSR,,,VIVC passport (via Lacombe 2013),10.1007/s00122-012-1988-2,,confirmed,TANNAT X CABERNET SAUVIGNON,10.1007/s00122-012-1988-2,Lacombe 2013,10.1007/s00122-012-1988-2,
ARINARNOA,CABERNET SAUVIGNON,Parent 2,SSR,SSR,,,VIVC passport (via Lacombe 2013),10.1007/s00122-012-1988-2,,confirmed,TANNAT X CABERNET SAUVIGNON,10.1007/s00122-012-1988-2,Lacombe 2013,10.1007/s00122-012-1988-2,
ARMAS,COARNA ALBA,Parent 1,SSR,SSR,,,VIVC passport (via Lacombe 2013),10.1007/s00122-012-1988-2,,confirmed,COARNA ALBA X FRANCUSE,10.1007/s00122-012-1988-2,Lacombe 2013,10.1007/s00122-012-1988-2,
ARMAS,FRANCUSE,Parent 2,SSR,SSR,,,VIVC passport (via Lacombe 2013),10.1007/s00122-012-1988-2,,confirmed,COARNA ALBA X FRANCUSE,10.1007/s00122-012-1988-2,Lacombe 2013,10.1007/s00122-012-1988-2,
ARNSBURGER,MUELLER-THURGAU,Parent 1,SSR,SSR,,,VIVC passport (pedigree confirmed by markers),,,confirmed,MUELLER-THURGAU X WEISSER GUTEDEL,,none,,
ARNSBURGER,WEISSER GUTEDEL,Parent 2,SSR,SSR,,,VIVC passport (pedigree confirmed by markers),,,confirmed,MUELLER-THURGAU X WEISSER GUTEDEL,,none,,
AROMATICA,MUSCAT HAMBURG,Parent 1,SSR,SSR,,,VIVC passport (via Lacombe 2013),10.1007/s00122-012-1988-2,,confirmed,MUSCAT HAMBURG X CICLOPICA,10.1007/s00122-012-1988-2,Lacombe 2013,10.1007/s00122-012-1988-2,
AROMATICA,CICLOPICA,Parent 2,SSR,SSR,,,VIVC passport (via Lacombe 2013),10.1007/s00122-012-1988-2,,confirmed,MUSCAT HAMBURG X CICLOPICA,10.1007/s00122-012-1988-2,Lacombe 2013,10.1007/s00122-012-1988-2,
AROMRIESLING,RIESLING,Parent 1,SSR,SSR,,,VIVC passport (via Lacombe 2013),10.1007/s00122-012-1988-2,,confirmed,RIESLING X MUSCAT PRECOCE DE COURTILLER,10.1007/s00122-012-1988-2,Lacombe 2013,10.1007/s00122-012-1988-2,
AROMRIESLING,MUSCAT PRECOCE DE COURTILLER,Parent 2,SSR,SSR,,,VIVC passport (via Lacombe 2013),10.1007/s00122-012-1988-2,,confirmed,RIESLING X MUSCAT PRECOCE DE COURTILLER,10.1007/s00122-012-1988-2,Lacombe 2013,10.1007/s00122-012-1988-2,
ARPAD,KECSKEMET KINCSE,Parent 1,SSR,SSR,,,VIVC passport (via Lacombe 2013),10.1007/s00122-012-1988-2,,confirmed,KECSKEMET KINCSE X  MUSCAT D'ALEXANDRIE,10.1007/s00122-012-1988-2,Lacombe 2013,10.1007/s00122-012-1988-2,
ARPAD,MUSCAT D'ALEXANDRIE,Parent 2,SSR,SSR,,,VIVC passport (via Lacombe 2013),10.1007/s00122-012-1988-2,,confirmed,KECSKEMET KINCSE X  MUSCAT D'ALEXANDRIE,10.1007/s00122-012-1988-2,Lacombe 2013,10.1007/s00122-012-1988-2,
ARRILOBA,RAFFIAT DE MONCADE,Parent 1,SSR,SSR,,,VIVC passport (via Lacombe 2013),10.1007/s00122-012-1988-2,,confirmed,RAFFIAT DE MONCADE X SAUVIGNON BLANC,10.1007/s00122-012-1988-2,Lacombe 2013,10.1007/s00122-012-1988-2,
ARRILOBA,SAUVIGNON BLANC,Parent 2,SSR,SSR,,,VIVC passport (via Lacombe 2013),10.1007/s00122-012-1988-2,,confirmed,RAFFIAT DE MONCADE X SAUVIGNON BLANC,10.1007/s00122-012-1988-2,Lacombe 2013,10.1007/s00122-012-1988-2,
ARTURO MARESCALCHI,ANGELO PIROVANO,Parent 1,SSR,SSR,,,VIVC passport (pedigree confirmed by markers),10.1007/s11295-014-0746-9,,confirmed,ANGELO PIROVANO X ITALIA,10.1007/s11295-014-0746-9,none,10.1007/s11295-014-0746-9,10.1007/s11295-014-0746-9
ARTURO MARESCALCHI,ITALIA,Parent 2,SSR,SSR,,,VIVC passport (pedigree confirmed by markers),10.1007/s11295-014-0746-9,,confirmed,ANGELO PIROVANO X ITALIA,10.1007/s11295-014-0746-9,none,10.1007/s11295-014-0746-9,10.1007/s11295-014-0746-9
ASPIRAN BOUSCHET,RIVAIRENC,Parent 1,SSR,SSR,,,VIVC passport (via Lacombe 2013),10.1007/s00122-012-1988-2,,confirmed,RIVAIRENC X TEINTURIER,10.1007/s00122-012-1988-2,Lacombe 2013,10.1007/s00122-012-1988-2,
ASPIRAN BOUSCHET,TEINTURIER,Parent 2,SSR,SSR,,,VIVC passport (via Lacombe 2013),10.1007/s00122-012-1988-2,,confirmed,RIVAIRENC X TEINTURIER,10.1007/s00122-012-1988-2,Lacombe 2013,10.1007/s00122-012-1988-2,
ASPROUDA ZAKYNTHOU,KOUTSOUMBELI ASPRO,Parent 1,SSR,SSR,,,VIVC passport (via Lacombe 2013),10.1007/s00122-012-1988-2,,confirmed,KOUTSOUMBELI ASPRO X MAVRODAPHNI,10.1007/s00122-012-1988-2,Lacombe 2013,10.1007/s00122-012-1988-2,
ASPROUDA ZAKYNTHOU,MAVRODAPHNI,Parent 2,SSR,SSR,,,VIVC passport (via Lacombe 2013),10.1007/s00122-012-1988-2,,confirmed,KOUTSOUMBELI ASPRO X MAVRODAPHNI,10.1007/s00122-012-1988-2,Lacombe 2013,10.1007/s00122-012-1988-2,
MALVASIA FINA,HEBIEN,Parent 1,SSR,SSR,,,VIVC passport (via Cunha 2020; Lacombe & Emanuelli 2020; Lacombe 2013; Laucou 2018),10.1007/s00122-012-1988-2,,confirmed,HEBEN X ALFROCHEIRO PRETO,10.1007/s00122-012-1988-2; 10.1371/journal.pone.0192540; 10.3389/fpls.2020.00127; 10.3389/fpls.2020.605934; 10.5073/vitis.2015.54.special-issue.59-65; 10.5073/vitis.2015.54.special-issue.81-86,Cunha 2020; Lacombe & Emanuelli 2020; Lacombe 2013; Laucou 2018,10.1007/s00122-012-1988-2,10.5073/vitis.2015.54.special-issue.59-65; 10.5073/vitis.2015.54.special-issue.81-86
MALVASIA FINA,ALFROCHEIRO PRETO,Parent 2,SSR,SSR,,,VIVC passport (via Cunha 2020; Lacombe & Emanuelli 2020; Lacombe 2013; Laucou 2018),10.1007/s00122-012-1988-2,,confirmed,HEBEN X ALFROCHEIRO PRETO,10.1007/s00122-012-1988-2; 10.1371/journal.pone.0192540; 10.3389/fpls.2020.00127; 10.3389/fpls.2020.605934; 10.5073/vitis.2015.54.special-issue.59-65; 10.5073/vitis.2015.54.special-issue.81-86,Cunha 2020; Lacombe & Emanuelli 2020; Lacombe 2013; Laucou 2018,10.1007/s00122-012-1988-2,10.5073/vitis.2015.54.special-issue.59-65; 10.5073/vitis.2015.54.special-issue.81-86
ASSELI,HEPTAKILO,Parent 1,SSR,SSR,,,VIVC passport (pedigree confirmed by markers),10.1007/s11295-014-0746-9,,confirmed,HEPTAKILO X PLANTA FINA,10.1007/s11295-014-0746-9,none,10.1007/s11295-014-0746-9,10.1007/s11295-014-0746-9
ASSELI,PLANTA FINA,Parent 2,SSR,SSR,,,VIVC passport (pedigree confirmed by markers),10.1007/s11295-014-0746-9,,confirmed,HEPTAKILO X PLANTA FINA,10.1007/s11295-014-0746-9,none,10.1007/s11295-014-0746-9,10.1007/s11295-014-0746-9
ATHENS,HUBBARD,Parent 1,SSR,SSR,,,VIVC passport (pedigree confirmed by markers),,,confirmed,HUBBARD X PORTLAND,,none,,
ATHENS,PORTLAND,Parent 2,SSR,SSR,,,VIVC passport (pedigree confirmed by markers),,,confirmed,HUBBARD X PORTLAND,,none,,
ATTILA,ROSA MENA DI VACCA,Parent 1,SSR,SSR,,,VIVC passport (via Lacombe 2013),10.1007/s00122-012-1988-2,,confirmed,ROSA MENA DI VACCA X MADAME JEAN MATHIASZ,10.1007/s00122-012-1988-2,Lacombe 2013,10.1007/s00122-012-1988-2,
ATTILA,MADAME JEAN MATHIASZ,Parent 2,SSR,SSR,,,VIVC passport (via Lacombe 2013),10.1007/s00122-012-1988-2,,confirmed,ROSA MENA DI VACCA X MADAME JEAN MATHIASZ,10.1007/s00122-012-1988-2,Lacombe 2013,10.1007/s00122-012-1988-2,
AUBIN BLANC,GOUAIS BLANC,Parent 1,SSR,SSR,,,VIVC passport (pedigree confirmed by markers),,,confirmed,GOUAIS BLANC X SAVAGNIN = TRAMINER,,none,,
AUBIN BLANC,SAVAGNIN = TRAMINER,Parent 2,SSR,SSR,,,VIVC passport (pedigree confirmed by markers),,,confirmed,GOUAIS BLANC X SAVAGNIN = TRAMINER,,none,,
AUBIN VERT,PINOT,Parent 1,SSR,SSR,,,VIVC passport (via Lacombe 2013),10.1007/s00122-012-1988-2,,confirmed,PINOT X HEUNISCH WEISS,10.1007/s00122-012-1988-2; 10.1126/science.285.5433.1562,Lacombe 2013,10.1007/s00122-012-1988-2,10.1126/science.285.5433.1562
AUBIN VERT,GOUAIS BLANC,Parent 2,SSR,SSR,,,VIVC passport (via Lacombe 2013),10.1007/s00122-012-1988-2,,confirmed,PINOT X HEUNISCH WEISS,10.1007/s00122-012-1988-2; 10.1126/science.285.5433.1562,Lacombe 2013,10.1007/s00122-012-1988-2,10.1126/science.285.5433.1562
AUGSTER BLAU,AUGSTER WEISS,Parent 1,SSR,SSR,,,VIVC passport (via Lacombe & Emanuelli 2020; Lacombe 2013; Laucou 2018),10.1007/s00122-012-1988-2,,confirmed,AUGSTER WEISS X VULPEA,10.1007/s00122-012-1988-2; 10.1371/journal.pone.0192540; 10.3389/fpls.2020.605934,Lacombe & Emanuelli 2020; Lacombe 2013; Laucou 2018,10.1007/s00122-012-1988-2,
AUGSTER BLAU,VULPEA,Parent 2,SSR,SSR,,,VIVC passport (via Lacombe & Emanuelli 2020; Lacombe 2013; Laucou 2018),10.1007/s00122-012-1988-2,,confirmed,AUGSTER WEISS X VULPEA,10.1007/s00122-012-1988-2; 10.1371/journal.pone.0192540; 10.3389/fpls.2020.605934,Lacombe & Emanuelli 2020; Lacombe 2013; Laucou 2018,10.1007/s00122-012-1988-2,
AUGSTER WEISS,ALBA IMPUTOTATO,Parent 1,SSR,SSR,,,VIVC passport (via Lacombe & Emanuelli 2020; Lacombe 2013; Laucou 2018),10.1007/s00122-012-1988-2,,confirmed,ALBA IMPUTOTATO X LISZTES FEHER,10.1007/s00122-012-1988-2; 10.1371/journal.pone.0192540; 10.3389/fpls.2020.605934,Lacombe & Emanuelli 2020; Lacombe 2013; Laucou 2018,10.1007/s00122-012-1988-2,
AUGSTER WEISS,LISZTES FEHER,Parent 2,SSR,SSR,,,VIVC passport (via Lacombe & Emanuelli 2020; Lacombe 2013; Laucou 2018),10.1007/s00122-012-1988-2,,confirmed,ALBA IMPUTOTATO X LISZTES FEHER,10.1007/s00122-012-1988-2; 10.1371/journal.pone.0192540; 10.3389/fpls.2020.605934,Lacombe & Emanuelli 2020; Lacombe 2013; Laucou 2018,10.1007/s00122-012-1988-2,
AUGUSTA,AFUS ALI,Parent 1,SSR,SSR,,,VIVC passport (via Lacombe 2013),10.1007/s00122-012-1988-2,,confirmed,AFUS ALI X LIGNAN BLANC,10.1007/s00122-012-1988-2,Lacombe 2013,10.1007/s00122-012-1988-2,
AUGUSTA,LIGNAN BLANC,Parent 2,SSR,SSR,,,VIVC passport (via Lacombe 2013),10.1007/s00122-012-1988-2,,confirmed,AFUS ALI X LIGNAN BLANC,10.1007/s00122-012-1988-2,Lacombe 2013,10.1007/s00122-012-1988-2,
AUGUSTA LUISE,PARENT 1 WAS NOT CONFIRMED,Parent 1,SSR,SSR,,,VIVC passport (pedigree confirmed by markers),,,confirmed,PARENT 1 WAS NOT CONFIRMED X SIEGERREBE,,none,,
AUGUSTA LUISE,SIEGERREBE,Parent 2,SSR,SSR,,,VIVC passport (pedigree confirmed by markers),,,confirmed,PARENT 1 WAS NOT CONFIRMED X SIEGERREBE,,none,,
AUGUSTRIESLING,RIESLING WEISS,Parent 1,SSR,SSR,,,VIVC passport (pedigree confirmed by markers),,,confirmed,RIESLING WEISS X MALINGRE PRECOCE,,none,,
AUGUSTRIESLING,MALINGRE PRECOCE,Parent 2,SSR,SSR,,,VIVC passport (pedigree confirmed by markers),,,confirmed,RIESLING WEISS X MALINGRE PRECOCE,,none,,
AURORA INTA,REINE DES VIGNES,Parent 1,SSR,SSR,,,VIVC passport (via Lacombe 2013),10.1007/s00122-012-1988-2,,confirmed,REINE DES VIGNES X PERLE DE CSABA,10.1007/s00122-012-1988-2,Lacombe 2013,10.1007/s00122-012-1988-2,
AURORA INTA,PERLE DE CSABA,Parent 2,SSR,SSR,,,VIVC passport (via Lacombe 2013),10.1007/s00122-012-1988-2,,confirmed,REINE DES VIGNES X PERLE DE CSABA,10.1007/s00122-012-1988-2,Lacombe 2013,10.1007/s00122-012-1988-2,
AURORE,SEIBEL 867,Parent 1,SSR,SSR,,,VIVC passport (pedigree confirmed by markers),,,confirmed,SEIBEL 867 X PARENT 2 WAS NOT CONFIRMED,,none,,
AURORE,PARENT 2 WAS NOT CONFIRMED,Parent 2,SSR,SSR,,,VIVC passport (pedigree confirmed by markers),,,confirmed,SEIBEL 867 X PARENT 2 WAS NOT CONFIRMED,,none,,
AUXERROIS,GOUAIS BLANC,Parent 1,SSR,SSR,,,VIVC passport (via Lacombe 2013),10.1007/s00122-012-1988-2,,confirmed,HEUNISCH WEISS X PINOT,10.1007/s00122-012-1988-2; 10.1126/science.285.5433.1562,Lacombe 2013,10.1007/s00122-012-1988-2,10.1126/science.285.5433.1562
AUXERROIS,PINOT,Parent 2,SSR,SSR,,,VIVC passport (via Lacombe 2013),10.1007/s00122-012-1988-2,,confirmed,HEUNISCH WEISS X PINOT,10.1007/s00122-012-1988-2; 10.1126/science.285.5433.1562,Lacombe 2013,10.1007/s00122-012-1988-2,10.1126/science.285.5433.1562
AZATENI,BAYAN SHIREI,Parent 1,SSR,SSR,,,VIVC passport (via Margaryan 2021),10.3390/biology10121279,,confirmed,BAYAN SHIREI X CHILAR,10.3390/biology10121279,Margaryan 2021,10.3390/biology10121279,
AZATENI,CHILAR,Parent 2,SSR,SSR,,,VIVC passport (via Margaryan 2021),10.3390/biology10121279,,confirmed,BAYAN SHIREI X CHILAR,10.3390/biology10121279,Margaryan 2021,10.3390/biology10121279,
AZOUGAH,ABOUHOU,Parent 1,SSR,SSR,,,VIVC passport (via Lacombe 2013),10.1007/s00122-012-1988-2,,confirmed,ABOUHOU X DEDO DE DAMA,10.1007/s00122-012-1988-2,Lacombe 2013,10.1007/s00122-012-1988-2,
AZOUGAH,DEDO DE DAMA,Parent 2,SSR,SSR,,,VIVC passport (via Lacombe 2013),10.1007/s00122-012-1988-2,,confirmed,ABOUHOU X DEDO DE DAMA,10.1007/s00122-012-1988-2,Lacombe 2013,10.1007/s00122-012-1988-2,
BACCHUS NOIR,GOUAIS BLANC,Parent 1,SSR,SSR,,,VIVC passport (via Lacombe 2013),10.1007/s00122-012-1988-2,,confirmed,GOUAIS BLANC X CABERNET FRANC,10.1007/s00122-012-1988-2,Lacombe 2013,10.1007/s00122-012-1988-2,
BACCHUS NOIR,CABERNET FRANC,Parent 2,SSR,SSR,,,VIVC passport (via Lacombe 2013),10.1007/s00122-012-1988-2,,confirmed,GOUAIS BLANC X CABERNET FRANC,10.1007/s00122-012-1988-2,Lacombe 2013,10.1007/s00122-012-1988-2,
BACHET NOIR,GOUAIS BLANC,Parent 1,SSR,SSR,,,VIVC passport (via Lacombe 2013),10.1007/s00122-012-1988-2,,confirmed,HEUNISCH WEISS X PINOT,10.1007/s00122-012-1988-2; 10.1126/science.285.5433.1562,Lacombe 2013,10.1007/s00122-012-1988-2,10.1126/science.285.5433.1562
BACHET NOIR,PINOT,Parent 2,SSR,SSR,,,VIVC passport (via Lacombe 2013),10.1007/s00122-012-1988-2,,confirmed,HEUNISCH WEISS X PINOT,10.1007/s00122-012-1988-2; 10.1126/science.285.5433.1562,Lacombe 2013,10.1007/s00122-012-1988-2,10.1126/science.285.5433.1562
BACO BLANC,FOLLE BLANCHE,Parent 1,SSR,SSR,,,VIVC passport (pedigree confirmed by markers),,,confirmed,FOLLE BLANCHE X NOAH,,none,,
BACO BLANC,NOAH,Parent 2,SSR,SSR,,,VIVC passport (pedigree confirmed by markers),,,confirmed,FOLLE BLANCHE X NOAH,,none,,
BAKARKA,KOEVIDINKA,Parent 1,SSR,SSR,,,VIVC passport (via Lacombe 2013),10.1007/s00122-012-1988-2,,confirmed,KOEVIDINKA X KADARKA,10.1007/s00122-012-1988-2,Lacombe 2013,10.1007/s00122-012-1988-2,
BAKARKA,KADARKA,Parent 2,SSR,SSR,,,VIVC passport (via Lacombe 2013),10.1007/s00122-012-1988-2,,confirmed,KOEVIDINKA X KADARKA,10.1007/s00122-012-1988-2,Lacombe 2013,10.1007/s00122-012-1988-2,
BALZAC BLANC,GOUAIS BLANC,Parent 1,SSR,SSR,,,VIVC passport (via Lacombe 2013),10.1007/s00122-012-1988-2,,confirmed,HEUNISCH  X CHENIN,10.1007/s00122-012-1988-2,Lacombe 2013,10.1007/s00122-012-1988-2,
BALZAC BLANC,CHENIN BLANC,Parent 2,SSR,SSR,,,VIVC passport (via Lacombe 2013),10.1007/s00122-012-1988-2,,confirmed,HEUNISCH  X CHENIN,10.1007/s00122-012-1988-2,Lacombe 2013,10.1007/s00122-012-1988-2,
BARBABLEU,OLIVETTA NERA,Parent 1,SSR,SSR,,,VIVC passport (pedigree confirmed by markers),,,confirmed,OLIVETTA NERA X MUSCAT HAMBURG,,none,,
BARBABLEU,MUSCAT HAMBURG,Parent 2,SSR,SSR,,,VIVC passport (pedigree confirmed by markers),,,confirmed,OLIVETTA NERA X MUSCAT HAMBURG,,none,,
BARCELO,AZAL,Parent 1,SSR,SSR,,,VIVC passport (via Lacombe 2013),10.1007/s00122-012-1988-2,,confirmed,AZAL X AMARAL,10.1007/s00122-012-1988-2,Lacombe 2013,10.1007/s00122-012-1988-2,
BARCELO,AMARAL,Parent 2,SSR,SSR,,,VIVC passport (via Lacombe 2013),10.1007/s00122-012-1988-2,,confirmed,AZAL X AMARAL,10.1007/s00122-012-1988-2,Lacombe 2013,10.1007/s00122-012-1988-2,
BARONE DELL'ATERNO,DELIZIA DI VAPRIO,Parent 1,SSR,SSR,,,VIVC passport (via Lacombe 2013),10.1007/s00122-012-1988-2,,confirmed,DELIZIA DI VAPRIO X PIROVANO 2,10.1007/s00122-012-1988-2,Lacombe 2013,10.1007/s00122-012-1988-2,
BARONE DELL'ATERNO,PIROVANO 2,Parent 2,SSR,SSR,,,VIVC passport (via Lacombe 2013),10.1007/s00122-012-1988-2,,confirmed,DELIZIA DI VAPRIO X PIROVANO 2,10.1007/s00122-012-1988-2,Lacombe 2013,10.1007/s00122-012-1988-2,
BASERRI,GROS MANSENG,Parent 1,SSR,SSR,,,VIVC passport (via Lacombe 2013),10.1007/s00122-012-1988-2,,confirmed,GROS MANSENG X MUSCADELLE,10.1007/s00122-012-1988-2,Lacombe 2013,10.1007/s00122-012-1988-2,
BASERRI,MUSCADELLE,Parent 2,SSR,SSR,,,VIVC passport (via Lacombe 2013),10.1007/s00122-012-1988-2,,confirmed,GROS MANSENG X MUSCADELLE,10.1007/s00122-012-1988-2,Lacombe 2013,10.1007/s00122-012-1988-2,
BASILE LOGOTHETIS,MUSCAT OF ALEXANDRIA,Parent 1,SSR,SSR,,,VIVC passport (via Lacombe 2013),10.1007/s00122-012-1988-2,,confirmed,MUSCAT OF ALEXANDRIA  X SULTANINA BIANCA,10.1007/s00122-012-1988-2,Lacombe 2013,10.1007/s00122-012-1988-2,
BASILE LOGOTHETIS,SULTANINA BIANCA,Parent 2,SSR,SSR,,,VIVC passport (via Lacombe 2013),10.1007/s00122-012-1988-2,,confirmed,MUSCAT OF ALEXANDRIA  X SULTANINA BIANCA,10.1007/s00122-012-1988-2,Lacombe 2013,10.1007/s00122-012-1988-2,
BASTARDO MAGARACHSKII,BASTARDO,Parent 1,SSR,SSR,,,VIVC passport (via Lacombe & Emanuelli 2020; Lacombe 2013; Laucou 2018),10.1007/s00122-012-1988-2,,confirmed,BASTARDO X SAPERAVI,10.1007/s00122-012-1988-2; 10.1371/journal.pone.0192540; 10.3389/fpls.2020.605934,Lacombe & Emanuelli 2020; Lacombe 2013; Laucou 2018,10.1007/s00122-012-1988-2,
BASTARDO MAGARACHSKII,SAPERAVI,Parent 2,SSR,SSR,,,VIVC passport (via Lacombe & Emanuelli 2020; Lacombe 2013; Laucou 2018),10.1007/s00122-012-1988-2,,confirmed,BASTARDO X SAPERAVI,10.1007/s00122-012-1988-2; 10.1371/journal.pone.0192540; 10.3389/fpls.2020.605934,Lacombe & Emanuelli 2020; Lacombe 2013; Laucou 2018,10.1007/s00122-012-1988-2,
BEALA DEBELA,ALBA IMPUTATATO,Parent 1,SSR,SSR,,,VIVC passport (via Lacombe 2013),10.1007/s00122-012-1988-2,,confirmed,ALBA IMPUTATATO X PROKUPAC,10.1007/s00122-012-1988-2,Lacombe 2013,10.1007/s00122-012-1988-2,
BEALA DEBELA,PROKUPAC,Parent 2,SSR,SSR,,,VIVC passport (via Lacombe 2013),10.1007/s00122-012-1988-2,,confirmed,ALBA IMPUTATATO X PROKUPAC,10.1007/s00122-012-1988-2,Lacombe 2013,10.1007/s00122-012-1988-2,
BEAUFORT,FORTH WORTH #3,Parent 1,SSR,SSR,,,VIVC passport (pedigree confirmed by markers),,,confirmed,FORTH WORTH #3 X UNKNOWN,,none,,
BEAUFORT,UNKNOWN,Parent 2,SSR,SSR,,,VIVC passport (pedigree confirmed by markers),,,confirmed,FORTH WORTH #3 X UNKNOWN,,none,,
BEAUNOIR,GOUAIS BLANC,Parent 1,SSR,SSR,,,VIVC passport (via Lacombe 2013),10.1007/s00122-012-1988-2,,confirmed,HEUNISCH WEISS X PINOT,10.1007/s00122-012-1988-2; 10.1126/science.285.5433.1562,Lacombe 2013,10.1007/s00122-012-1988-2,10.1126/science.285.5433.1562
BEAUNOIR,PINOT,Parent 2,SSR,SSR,,,VIVC passport (via Lacombe 2013),10.1007/s00122-012-1988-2,,confirmed,HEUNISCH WEISS X PINOT,10.1007/s00122-012-1988-2; 10.1126/science.285.5433.1562,Lacombe 2013,10.1007/s00122-012-1988-2,10.1126/science.285.5433.1562
BEAUTY SEEDLESS,KOENIGIN DER WEINGAERTEN,Parent 1,SSR,SSR,,,VIVC passport (via Lacombe 2013),10.1007/s00122-012-1988-2,,confirmed,KOENIGIN DER WEINGAERTEN X BLACK SEEDLESS,10.1007/s00122-012-1988-2,Lacombe 2013,10.1007/s00122-012-1988-2,
BEAUTY SEEDLESS,BLACK SEEDLESS,Parent 2,SSR,SSR,,,VIVC passport (via Lacombe 2013),10.1007/s00122-012-1988-2,,confirmed,KOENIGIN DER WEINGAERTEN X BLACK SEEDLESS,10.1007/s00122-012-1988-2,Lacombe 2013,10.1007/s00122-012-1988-2,
BELLEVUE,OLIVETTE BLANCHE,Parent 1,SSR,SSR,,,VIVC passport (via Lacombe 2013),10.1007/s00122-012-1988-2,,confirmed,OLIVETTE BLANCHE X AFUZ ALI,10.1007/s00122-012-1988-2,Lacombe 2013,10.1007/s00122-012-1988-2,
BELLEVUE,AFUZ ALI,Parent 2,SSR,SSR,,,VIVC passport (via Lacombe 2013),10.1007/s00122-012-1988-2,,confirmed,OLIVETTE BLANCHE X AFUZ ALI,10.1007/s00122-012-1988-2,Lacombe 2013,10.1007/s00122-012-1988-2,
BELLINO,BLACK MOROCCO,Parent 1,SSR,SSR,,,VIVC passport (via Lacombe 2013),10.1007/s00122-012-1988-2,,confirmed,BLACK MOROCCO X SCHIAVA GROSSA,10.1007/s00122-012-1988-2,Lacombe 2013,10.1007/s00122-012-1988-2,
BELLINO,SCHIAVA GROSSA,Parent 2,SSR,SSR,,,VIVC passport (via Lacombe 2013),10.1007/s00122-012-1988-2,,confirmed,BLACK MOROCCO X SCHIAVA GROSSA,10.1007/s00122-012-1988-2,Lacombe 2013,10.1007/s00122-012-1988-2,
BEM TABORNOK,MUSCAT D' ALEXANDRIE,Parent 1,SSR,SSR,,,VIVC passport (via Lacombe 2013),10.1007/s00122-012-1988-2,,confirmed,MUSCAT D' ALEXANDRIE X GROS COLMAN,10.1007/s00122-012-1988-2,Lacombe 2013,10.1007/s00122-012-1988-2,
BEM TABORNOK,GROS COLMAN,Parent 2,SSR,SSR,,,VIVC passport (via Lacombe 2013),10.1007/s00122-012-1988-2,,confirmed,MUSCAT D' ALEXANDRIE X GROS COLMAN,10.1007/s00122-012-1988-2,Lacombe 2013,10.1007/s00122-012-1988-2,
BENFICA,CASTELAO,Parent 1,SSR,SSR,,,VIVC passport (via Cunha 2020),10.3389/fpls.2020.00127,,confirmed,CASTELAO X ALICANTE HENRI BOUSCHET,10.3389/fpls.2020.00127,Cunha 2020,10.3389/fpls.2020.00127,
BENFICA,ALICANTE HENRI BOUSCHET,Parent 2,SSR,SSR,,,VIVC passport (via Cunha 2020),10.3389/fpls.2020.00127,,confirmed,CASTELAO X ALICANTE HENRI BOUSCHET,10.3389/fpls.2020.00127,Cunha 2020,10.3389/fpls.2020.00127,
BEOGRADSKA RANA,PERLE DE CSABA,Parent 1,SSR,SSR,,,VIVC passport (via Lacombe 2013),10.1007/s00122-012-1988-2,,confirmed,PERLE DE CSABA X DATTIER DE BEYROUTH,10.1007/s00122-012-1988-2,Lacombe 2013,10.1007/s00122-012-1988-2,
BEOGRADSKA RANA,DATTIER DE BEYROUTH,Parent 2,SSR,SSR,,,VIVC passport (via Lacombe 2013),10.1007/s00122-012-1988-2,,confirmed,PERLE DE CSABA X DATTIER DE BEYROUTH,10.1007/s00122-012-1988-2,Lacombe 2013,10.1007/s00122-012-1988-2,
BERNATH JANOS,KADARKA,Parent 1,SSR,SSR,,,VIVC passport (via Lacombe 2013),10.1007/s00122-012-1988-2,,confirmed,KADARKA X MATHIASZ JANOSNE,10.1007/s00122-012-1988-2,Lacombe 2013,10.1007/s00122-012-1988-2,
BERNATH JANOS,MATHIASZ JANOSNE,Parent 2,SSR,SSR,,,VIVC passport (via Lacombe 2013),10.1007/s00122-012-1988-2,,confirmed,KADARKA X MATHIASZ JANOSNE,10.1007/s00122-012-1988-2,Lacombe 2013,10.1007/s00122-012-1988-2,
BERRI SPITAK,HADISI,Parent 1,SSR,SSR,,,VIVC passport (via Margaryan 2021),10.3390/biology10121279,,confirmed,HADISI X GENOTYPE 16,10.3390/biology10121279,Margaryan 2021,10.3390/biology10121279,
BERRI SPITAK,GENOTYPE 16,Parent 2,SSR,SSR,,,VIVC passport (via Margaryan 2021),10.3390/biology10121279,,confirmed,HADISI X GENOTYPE 16,10.3390/biology10121279,Margaryan 2021,10.3390/biology10121279,
BETTLERTRAUBE,ZIMMETTRAUBE BLAUSCHWARZ,Parent 1,SSR,SSR,,,VIVC passport (pedigree confirmed by markers),,,confirmed,ZIMMETTRAUBE BLAUSCHWARZ X HEUNISCH WEISS,,none,,
BETTLERTRAUBE,GOUAIS BLANC,Parent 2,SSR,SSR,,,VIVC passport (pedigree confirmed by markers),,,confirmed,ZIMMETTRAUBE BLAUSCHWARZ X HEUNISCH WEISS,,none,,
BEZOUL EL AOUDA,ABOUHOU = ASSERGHIN,Parent 1,SSR,SSR,,,VIVC passport (via Lacombe & Emanuelli 2020; Lacombe 2013; Laucou 2018),10.1007/s00122-012-1988-2,,confirmed,ABOUHOU = ASSERGHIN  X DEDO DE DAMA.,10.1007/s00122-012-1988-2; 10.1371/journal.pone.0192540; 10.3389/fpls.2020.605934,Lacombe & Emanuelli 2020; Lacombe 2013; Laucou 2018,10.1007/s00122-012-1988-2,
BEZOUL EL AOUDA,DEDO DE DAMA.,Parent 2,SSR,SSR,,,VIVC passport (via Lacombe & Emanuelli 2020; Lacombe 2013; Laucou 2018),10.1007/s00122-012-1988-2,,confirmed,ABOUHOU = ASSERGHIN  X DEDO DE DAMA.,10.1007/s00122-012-1988-2; 10.1371/journal.pone.0192540; 10.3389/fpls.2020.605934,Lacombe & Emanuelli 2020; Lacombe 2013; Laucou 2018,10.1007/s00122-012-1988-2,
BEZUMYANNYI,BURYI 2,Parent 1,SSR,SSR,,,VIVC passport (pedigree confirmed by markers),10.1134/S2635167622050135,,confirmed,BURYI 2 X TSIMLYANSKIY CHERNYI,10.1134/S2635167622050135,none,10.1134/S2635167622050135,10.1134/S2635167622050135
BEZUMYANNYI,TSIMLYANSKIY CHERNYI,Parent 2,SSR,SSR,,,VIVC passport (pedigree confirmed by markers),10.1134/S2635167622050135,,confirmed,BURYI 2 X TSIMLYANSKIY CHERNYI,10.1134/S2635167622050135,none,10.1134/S2635167622050135,10.1134/S2635167622050135
BIANCA,SEYVE VILLARD 12375,Parent 1,SSR,SSR,,,VIVC passport (pedigree confirmed by markers),10.3103/S0095452718050031,,confirmed,SEYVE VILLARD 12375 X BOUVIER,10.3103/S0095452718050031,none,10.3103/S0095452718050031,10.3103/S0095452718050031
BIANCA,BOUVIER,Parent 2,SSR,SSR,,,VIVC passport (pedigree confirmed by markers),10.3103/S0095452718050031,,confirmed,SEYVE VILLARD 12375 X BOUVIER,10.3103/S0095452718050031,none,10.3103/S0095452718050031,10.3103/S0095452718050031
BIANCHETTA TREVIGIANA,BRAMBANA,Parent 1,SSR,SSR,,,VIVC passport (via Cipriani 2010),10.1007/s00122-010-1411-9,,confirmed,BRAMBANA X DURELLA,10.1007/s00122-010-1411-9,Cipriani 2010,10.1007/s00122-010-1411-9,
BIANCHETTA TREVIGIANA,DURELLA,Parent 2,SSR,SSR,,,VIVC passport (via Cipriani 2010),10.1007/s00122-010-1411-9,,confirmed,BRAMBANA X DURELLA,10.1007/s00122-010-1411-9,Cipriani 2010,10.1007/s00122-010-1411-9,
BICZO BALINT EMLEKE,HARSLEVELUE,Parent 1,SSR,SSR,,,VIVC passport (via Lacombe 2013),10.1007/s00122-012-1988-2,,confirmed,HARSLEVELUE X MATHIASZ JANOSNE,10.1007/s00122-012-1988-2,Lacombe 2013,10.1007/s00122-012-1988-2,
BICZO BALINT EMLEKE,MATHIASZ JANOSNE,Parent 2,SSR,SSR,,,VIVC passport (via Lacombe 2013),10.1007/s00122-012-1988-2,,confirmed,HARSLEVELUE X MATHIASZ JANOSNE,10.1007/s00122-012-1988-2,Lacombe 2013,10.1007/s00122-012-1988-2,
BICZO EGON,HARSLEVELUE,Parent 1,SSR,SSR,,,VIVC passport (via Lacombe 2013),10.1007/s00122-012-1988-2,,confirmed,HARSLEVELUE X MATHIASZ JANOSNE,10.1007/s00122-012-1988-2,Lacombe 2013,10.1007/s00122-012-1988-2,
BICZO EGON,MATHIASZ JANOSNE,Parent 2,SSR,SSR,,,VIVC passport (via Lacombe 2013),10.1007/s00122-012-1988-2,,confirmed,HARSLEVELUE X MATHIASZ JANOSNE,10.1007/s00122-012-1988-2,Lacombe 2013,10.1007/s00122-012-1988-2,
BIEN DONNE,OHANES,Parent 1,SSR,SSR,,,VIVC passport (via Lacombe 2013),10.1007/s00122-012-1988-2,,confirmed,OHANES X KOENIGIN DER WEINGAERTEN,10.1007/s00122-012-1988-2,Lacombe 2013,10.1007/s00122-012-1988-2,
BIEN DONNE,KOENIGIN DER WEINGAERTEN,Parent 2,SSR,SSR,,,VIVC passport (via Lacombe 2013),10.1007/s00122-012-1988-2,,confirmed,OHANES X KOENIGIN DER WEINGAERTEN,10.1007/s00122-012-1988-2,Lacombe 2013,10.1007/s00122-012-1988-2,
ROSA DEL PERU,MISSION,Parent 1,SSR,SSR,,,VIVC passport (via Lacombe 2013),10.1007/s00122-012-1988-2,,confirmed,MISSION X MUSCAT D'ALEXANDRIE,10.1007/s00122-012-1988-2,Lacombe 2013,10.1007/s00122-012-1988-2,
ROSA DEL PERU,MUSCAT D'ALEXANDRIE,Parent 2,SSR,SSR,,,VIVC passport (via Lacombe 2013),10.1007/s00122-012-1988-2,,confirmed,MISSION X MUSCAT D'ALEXANDRIE,10.1007/s00122-012-1988-2,Lacombe 2013,10.1007/s00122-012-1988-2,
BLANC D'AMBRE,SCHIRAS,Parent 1,SSR,SSR,,,VIVC passport (via Lacombe 2013),10.1007/s00122-012-1988-2,,confirmed,SCHIRAS X CHASSELAS,10.1007/s00122-012-1988-2,Lacombe 2013,10.1007/s00122-012-1988-2,
BLANC D'AMBRE,CHASSELAS,Parent 2,SSR,SSR,,,VIVC passport (via Lacombe 2013),10.1007/s00122-012-1988-2,,confirmed,SCHIRAS X CHASSELAS,10.1007/s00122-012-1988-2,Lacombe 2013,10.1007/s00122-012-1988-2,
BLANC DE RHAFSAI,CAYETANA BLANCA,Parent 1,SSR,SSR,,,VIVC passport (via Lacombe 2013),10.1007/s00122-012-1988-2,,confirmed,CAYETANA BLANCA X TAFERIELT,10.1007/s00122-012-1988-2,Lacombe 2013,10.1007/s00122-012-1988-2,
BLANC DE RHAFSAI,TAFERIELT,Parent 2,SSR,SSR,,,VIVC passport (via Lacombe 2013),10.1007/s00122-012-1988-2,,confirmed,CAYETANA BLANCA X TAFERIELT,10.1007/s00122-012-1988-2,Lacombe 2013,10.1007/s00122-012-1988-2,
BLANCHARD 2,BERLANDIERI LAFONT 9,Parent 1,SSR,SSR,,,VIVC passport (pedigree confirmed by markers),,,confirmed,BERLANDIERI LAFONT 9 X UGNI BLANC,,none,,
BLANCHARD 2,UGNI BLANC,Parent 2,SSR,SSR,,,VIVC passport (pedigree confirmed by markers),,,confirmed,BERLANDIERI LAFONT 9 X UGNI BLANC,,none,,
LAFNETSCHA,COMPLETER,Parent 1,SSR,SSR,,,VIVC passport (pedigree confirmed by markers),10.5073/vitis.2004.43.81-87,,confirmed,COMPLETER X HUMAGNE BLANC,10.5073/vitis.2004.43.81-87,none,10.5073/vitis.2004.43.81-87,10.5073/vitis.2004.43.81-87
LAFNETSCHA,HUMAGNE BLANC,Parent 2,SSR,SSR,,,VIVC passport (pedigree confirmed by markers),10.5073/vitis.2004.43.81-87,,confirmed,COMPLETER X HUMAGNE BLANC,10.5073/vitis.2004.43.81-87,none,10.5073/vitis.2004.43.81-87,10.5073/vitis.2004.43.81-87
BLAUBURGER,PORTUGIESER BLAU,Parent 1,SSR,SSR,,,VIVC passport (via Lacombe 2013),10.1007/s00122-012-1988-2,,confirmed,PORTUGIESER BLAU X BLAUFRAENKISCH,10.1007/s00122-012-1988-2; 10.5073/vitis.1997.36.179-183,Lacombe 2013,10.1007/s00122-012-1988-2,10.5073/vitis.1997.36.179-183
BLAUBURGER,BLAUFRAENKISCH,Parent 2,SSR,SSR,,,VIVC passport (via Lacombe 2013),10.1007/s00122-012-1988-2,,confirmed,PORTUGIESER BLAU X BLAUFRAENKISCH,10.1007/s00122-012-1988-2; 10.5073/vitis.1997.36.179-183,Lacombe 2013,10.1007/s00122-012-1988-2,10.5073/vitis.1997.36.179-183
BLAUFRAENKISCH,ZIMMETTRAUBE BLAU,Parent 1,SSR,SSR,,,VIVC passport (pedigree confirmed by markers),10.5073/vitis.2016.55.135-143,,confirmed,ZIMMETTRAUBE BLAU X HEUNISCH WEISS,10.5073/vitis.2016.55.135-143,none,10.5073/vitis.2016.55.135-143,10.5073/vitis.2016.55.135-143
BLAUFRAENKISCH,GOUAIS BLANC,Parent 2,SSR,SSR,,,VIVC passport (pedigree confirmed by markers),10.5073/vitis.2016.55.135-143,,confirmed,ZIMMETTRAUBE BLAU X HEUNISCH WEISS,10.5073/vitis.2016.55.135-143,none,10.5073/vitis.2016.55.135-143,10.5073/vitis.2016.55.135-143
BOAL BRANCO,ARINTO DO DAO,Parent 1,SSR,SSR,,,VIVC passport (via Lacombe 2013),10.1007/s00122-012-1988-2,,confirmed,ARINTO DO DAO X DEDO DE DAMA,10.1007/s00122-012-1988-2,Lacombe 2013,10.1007/s00122-012-1988-2,
BOAL BRANCO,DEDO DE DAMA,Parent 2,SSR,SSR,,,VIVC passport (via Lacombe 2013),10.1007/s00122-012-1988-2,,confirmed,ARINTO DO DAO X DEDO DE DAMA,10.1007/s00122-012-1988-2,Lacombe 2013,10.1007/s00122-012-1988-2,
BOGNI 17,BICANE,Parent 1,SSR,SSR,,,VIVC passport (pedigree confirmed by markers),,,confirmed,BICANE X MUSCAT HAMBURG,,none,,
BOGNI 17,MUSCAT HAMBURG,Parent 2,SSR,SSR,,,VIVC passport (pedigree confirmed by markers),,,confirmed,BICANE X MUSCAT HAMBURG,,none,,
BOJANKA BELA,BERBECEL=APROFEHER,Parent 1,SSR,SSR,,,VIVC passport (via Lacombe 2013),10.1007/s00122-012-1988-2,,confirmed,BERBECEL=APROFEHER X PAPASKARASI,10.1007/s00122-012-1988-2,Lacombe 2013,10.1007/s00122-012-1988-2,
BOJANKA BELA,PAPASKARASI,Parent 2,SSR,SSR,,,VIVC passport (via Lacombe 2013),10.1007/s00122-012-1988-2,,confirmed,BERBECEL=APROFEHER X PAPASKARASI,10.1007/s00122-012-1988-2,Lacombe 2013,10.1007/s00122-012-1988-2,
BOMBINO NERO,BOMBINO BIANCO,Parent 1,SSR,SSR,,,VIVC passport (via Lacombe & Emanuelli 2020),10.3389/fpls.2020.605934,,confirmed,BOMBINO BIANCO X QUAGLIANO,10.1186/s40064-016-3228-8; 10.20870/oeno-one.2021.55.3.4628; 10.3389/fpls.2020.605934,Lacombe & Emanuelli 2020,10.1186/s40064-016-3228-8,10.1186/s40064-016-3228-8; 10.20870/oeno-one.2021.55.3.4628
BOMBINO NERO,QUAGLIANO,Parent 2,SSR,SSR,,,VIVC passport (via Lacombe & Emanuelli 2020),10.3389/fpls.2020.605934,,confirmed,BOMBINO BIANCO X QUAGLIANO,10.1186/s40064-016-3228-8; 10.20870/oeno-one.2021.55.3.4628; 10.3389/fpls.2020.605934,Lacombe & Emanuelli 2020,10.1186/s40064-016-3228-8,10.1186/s40064-016-3228-8; 10.20870/oeno-one.2021.55.3.4628
BON NOIR,MILLARDET ET GRASSET 101 O.P.,Parent 1,SSR,SSR,,,VIVC passport (pedigree confirmed by markers),,,confirmed,MILLARDET ET GRASSET  101 O.P. X KNIPPERLE,,none,,
BON NOIR,KNIPPERLE,Parent 2,SSR,SSR,,,VIVC passport (pedigree confirmed by markers),,,confirmed,MILLARDET ET GRASSET  101 O.P. X KNIPPERLE,,none,,
BORISKA,KADARKA,Parent 1,SSR,SSR,,,VIVC passport (via Lacombe 2013),10.1007/s00122-012-1988-2,,confirmed,KADARKA X MATHIASZ JANOSNE MUSKOTALY,10.1007/s00122-012-1988-2,Lacombe 2013,10.1007/s00122-012-1988-2,
BORISKA,MATHIASZ JANOSNE MUSKOTALY,Parent 2,SSR,SSR,,,VIVC passport (via Lacombe 2013),10.1007/s00122-012-1988-2,,confirmed,KADARKA X MATHIASZ JANOSNE MUSKOTALY,10.1007/s00122-012-1988-2,Lacombe 2013,10.1007/s00122-012-1988-2,
BOUCHEREAU,BICANE,Parent 1,SSR,SSR,,,VIVC passport (via Lacombe 2013),10.1007/s00122-012-1988-2,,confirmed,BICANE X CORINTHE NOIR,10.1007/s00122-012-1988-2,Lacombe 2013,10.1007/s00122-012-1988-2,
BOUCHEREAU,CORINTHE NOIR,Parent 2,SSR,SSR,,,VIVC passport (via Lacombe 2013),10.1007/s00122-012-1988-2,,confirmed,BICANE X CORINTHE NOIR,10.1007/s00122-012-1988-2,Lacombe 2013,10.1007/s00122-012-1988-2,
BOUQUETRIESLING,RIESLING,Parent 1,SSR,SSR,,,VIVC passport (via Lacombe 2013),10.1007/s00122-012-1988-2,,confirmed,RIESLING X MUSCAT SAINT LAURENT,10.1007/s00122-012-1988-2,Lacombe 2013,10.1007/s00122-012-1988-2,
BOUQUETRIESLING,MUSCAT SAINT LAURENT,Parent 2,SSR,SSR,,,VIVC passport (via Lacombe 2013),10.1007/s00122-012-1988-2,,confirmed,RIESLING X MUSCAT SAINT LAURENT,10.1007/s00122-012-1988-2,Lacombe 2013,10.1007/s00122-012-1988-2,
BOUQUETSYLVANER,BOUQUETTRAUBE,Parent 1,SSR,SSR,,,VIVC passport (via Lacombe 2013),10.1007/s00122-012-1988-2,,confirmed,BOUQUETTRAUBE X MUSCAT ST. LAURENT,10.1007/s00122-012-1988-2,Lacombe 2013,10.1007/s00122-012-1988-2,
BOUQUETSYLVANER,MUSCAT ST. LAURENT,Parent 2,SSR,SSR,,,VIVC passport (via Lacombe 2013),10.1007/s00122-012-1988-2,,confirmed,BOUQUETTRAUBE X MUSCAT ST. LAURENT,10.1007/s00122-012-1988-2,Lacombe 2013,10.1007/s00122-012-1988-2,
BUKETTREBE,SYLVANER,Parent 1,SSR,SSR,,,VIVC passport (via Lacombe 2013),10.1007/s00122-012-1988-2,,confirmed,SYLVANER X TROLLINGER,10.1007/s00122-012-1988-2,Lacombe 2013,10.1007/s00122-012-1988-2,
BUKETTREBE,TROLLINGER,Parent 2,SSR,SSR,,,VIVC passport (via Lacombe 2013),10.1007/s00122-012-1988-2,,confirmed,SYLVANER X TROLLINGER,10.1007/s00122-012-1988-2,Lacombe 2013,10.1007/s00122-012-1988-2,
BOURRISQUOU,HEBIEN,Parent 1,SSR,SSR,,,VIVC passport (via Lacombe 2013),10.1007/s00122-012-1988-2,,confirmed,HEBEN X MONASTRELL,10.1007/s00122-012-1988-2,Lacombe 2013,10.1007/s00122-012-1988-2,
BOURRISQUOU,MOURVEDRE,Parent 2,SSR,SSR,,,VIVC passport (via Lacombe 2013),10.1007/s00122-012-1988-2,,confirmed,HEBEN X MONASTRELL,10.1007/s00122-012-1988-2,Lacombe 2013,10.1007/s00122-012-1988-2,
BOUSCHET PETIT,TEINTURIER,Parent 1,SSR,SSR,,,VIVC passport (via Lacombe & Emanuelli 2020; Lacombe 2013),10.1007/s00122-012-1988-2,,confirmed,TEINTURIER X ARAMON,10.1007/s00122-012-1988-2; 10.3389/fpls.2020.605934,Lacombe & Emanuelli 2020; Lacombe 2013,10.1007/s00122-012-1988-2,
BOUSCHET PETIT,ARAMON,Parent 2,SSR,SSR,,,VIVC passport (via Lacombe & Emanuelli 2020; Lacombe 2013),10.1007/s00122-012-1988-2,,confirmed,TEINTURIER X ARAMON,10.1007/s00122-012-1988-2; 10.3389/fpls.2020.605934,Lacombe & Emanuelli 2020; Lacombe 2013,10.1007/s00122-012-1988-2,
BOUVIER,PINOT,Parent 1,SSR,SSR,,,VIVC passport (via Lacombe 2013),10.1007/s00122-012-1988-2,,confirmed,PINOT X MUSCAT A PETITS GRAINS,10.1007/s00122-012-1988-2,Lacombe 2013,10.1007/s00122-012-1988-2,
BOUVIER,MUSCAT A PETITS GRAINS,Parent 2,SSR,SSR,,,VIVC passport (via Lacombe 2013),10.1007/s00122-012-1988-2,,confirmed,PINOT X MUSCAT A PETITS GRAINS,10.1007/s00122-012-1988-2,Lacombe 2013,10.1007/s00122-012-1988-2,
BOUYSSELET,PLANT DE CAUZETTE,Parent 1,SSR,SSR,,,VIVC passport (via Lacombe 2013),10.1007/s00122-012-1988-2,,confirmed,PLANT DE CAUZETTE X SAVAGNIN = TRAMINER,10.1007/s00122-012-1988-2,Lacombe 2013,10.1007/s00122-012-1988-2,
BOUYSSELET,SAVAGNIN = TRAMINER,Parent 2,SSR,SSR,,,VIVC passport (via Lacombe 2013),10.1007/s00122-012-1988-2,,confirmed,PLANT DE CAUZETTE X SAVAGNIN = TRAMINER,10.1007/s00122-012-1988-2,Lacombe 2013,10.1007/s00122-012-1988-2,
BOUZOUGA,ABOUHOU,Parent 1,SSR,SSR,,,VIVC passport (via Lacombe 2013),10.1007/s00122-012-1988-2,,confirmed,ABOUHOU X DEDO DE DAMA,10.1007/s00122-012-1988-2; 10.1007/s11295-011-0413-3,Lacombe 2013,10.1007/s00122-012-1988-2,10.1007/s11295-011-0413-3
BOUZOUGA,DEDO DE DAMA,Parent 2,SSR,SSR,,,VIVC passport (via Lacombe 2013),10.1007/s00122-012-1988-2,,confirmed,ABOUHOU X DEDO DE DAMA,10.1007/s00122-012-1988-2; 10.1007/s11295-011-0413-3,Lacombe 2013,10.1007/s00122-012-1988-2,10.1007/s11295-011-0413-3
BRONNERTRAUBE,ELBLING,Parent 1,SSR,SSR,,,VIVC passport (via Lacombe 2013),10.1007/s00122-012-1988-2,,confirmed,ELBLING X CHASSELAS,10.1007/s00122-012-1988-2,Lacombe 2013,10.1007/s00122-012-1988-2,
BRONNERTRAUBE,CHASSELAS,Parent 2,SSR,SSR,,,VIVC passport (via Lacombe 2013),10.1007/s00122-012-1988-2,,confirmed,ELBLING X CHASSELAS,10.1007/s00122-012-1988-2,Lacombe 2013,10.1007/s00122-012-1988-2,
BRUN FOURCA,POUGAYEN,Parent 1,SSR,SSR,,,VIVC passport (via Lacombe 2013),10.1007/s00122-012-1988-2,,confirmed,POUGAYEN X BEST'S R2 V73,10.1007/s00122-012-1988-2,Lacombe 2013,10.1007/s00122-012-1988-2,
BRUN FOURCA,BEST'S R2 V73,Parent 2,SSR,SSR,,,VIVC passport (via Lacombe 2013),10.1007/s00122-012-1988-2,,confirmed,POUGAYEN X BEST'S R2 V73,10.1007/s00122-012-1988-2,Lacombe 2013,10.1007/s00122-012-1988-2,
BRUNI 12,MADELEINE ANGEVINE,Parent 1,SSR,SSR,,,VIVC passport (pedigree confirmed by markers),,,confirmed,MADELEINE ANGEVINE X BARESANA,,none,,
BRUNI 12,BARESANA,Parent 2,SSR,SSR,,,VIVC passport (pedigree confirmed by markers),,,confirmed,MADELEINE ANGEVINE X BARESANA,,none,,
BRUNI 36,MADELEINE ANGEVINE,Parent 1,SSR,SSR,,,VIVC passport (pedigree confirmed by markers),,,confirmed,MADELEINE ANGEVINE X LIGNAN BLANC,,none,,
BRUNI 36,LIGNAN BLANC,Parent 2,SSR,SSR,,,VIVC passport (pedigree confirmed by markers),,,confirmed,MADELEINE ANGEVINE X LIGNAN BLANC,,none,,
BRUNI 41,SICILIEN,Parent 1,SSR,SSR,,,VIVC passport (pedigree confirmed by markers),,,confirmed,SICILIEN X SZAUTER GUSZTAV,,none,,
BRUNI 41,SZAUTER GUSZTAV,Parent 2,SSR,SSR,,,VIVC passport (pedigree confirmed by markers),,,confirmed,SICILIEN X SZAUTER GUSZTAV,,none,,
BRUNI 45,CHASSELAS BLANC,Parent 1,SSR,SSR,,,VIVC passport (pedigree confirmed by markers),,,confirmed,CHASSELAS BLANC X SULTANINE BLANCHE,,none,,
BRUNI 45,SULTANINE BLANCHE,Parent 2,SSR,SSR,,,VIVC passport (pedigree confirmed by markers),,,confirmed,CHASSELAS BLANC X SULTANINE BLANCHE,,none,,
BRUNI 54,SAUVIGNON,Parent 1,SSR,SSR,,,VIVC passport (pedigree confirmed by markers),10.20870/oeno-one.2021.55.3.4628,,confirmed,SAUVIGNON X VERDICCHIO,10.20870/oeno-one.2021.55.3.4628,none,10.20870/oeno-one.2021.55.3.4628,10.20870/oeno-one.2021.55.3.4628
BRUNI 54,VERDICCHIO,Parent 2,SSR,SSR,,,VIVC passport (pedigree confirmed by markers),10.20870/oeno-one.2021.55.3.4628,,confirmed,SAUVIGNON X VERDICCHIO,10.20870/oeno-one.2021.55.3.4628,none,10.20870/oeno-one.2021.55.3.4628,10.20870/oeno-one.2021.55.3.4628
BRUNI 90,MATHIASZ JANOSNE,Parent 1,SSR,SSR,,,VIVC passport (pedigree confirmed by markers),,,confirmed,MATHIASZ JANOSNE X BLACK SEEDLESS,,none,,
BRUNI 90,BLACK SEEDLESS,Parent 2,SSR,SSR,,,VIVC passport (pedigree confirmed by markers),,,confirmed,MATHIASZ JANOSNE X BLACK SEEDLESS,,none,,
BRUNI 179,PECCOLO ROSSO,Parent 1,SSR,SSR,,,VIVC passport (via Cipriani 2010),10.1007/s00122-010-1411-9,,confirmed,PECCOLO ROSSO X PECCOLO ROSSO,10.1007/s00122-010-1411-9,Cipriani 2010,10.1007/s00122-010-1411-9,
BRUNI 179,PECCOLO ROSSO,Parent 2,SSR,SSR,,,VIVC passport (via Cipriani 2010),10.1007/s00122-010-1411-9,,confirmed,PECCOLO ROSSO X PECCOLO ROSSO,10.1007/s00122-010-1411-9,Cipriani 2010,10.1007/s00122-010-1411-9,
BRUNI 185,UGNI BLANC,Parent 1,SSR,SSR,,,VIVC passport (via Cipriani 2010),10.1007/s00122-010-1411-9,,confirmed,TREBBIANO TOSCANO X HONIGLER,10.1007/s00122-010-1411-9,Cipriani 2010,10.1007/s00122-010-1411-9,
BRUNI 185,HONIGLER,Parent 2,SSR,SSR,,,VIVC passport (via Cipriani 2010),10.1007/s00122-010-1411-9,,confirmed,TREBBIANO TOSCANO X HONIGLER,10.1007/s00122-010-1411-9,Cipriani 2010,10.1007/s00122-010-1411-9,
BRUNI 624,PICOLIT,Parent 1,SSR,SSR,,,VIVC passport (pedigree confirmed by markers),,,confirmed,PICOLIT X VILLARD BLANC,,none,,
BRUNI 624,VILLARD BLANC,Parent 2,SSR,SSR,,,VIVC passport (pedigree confirmed by markers),,,confirmed,PICOLIT X VILLARD BLANC,,none,,
BRUNI 707,CARDINAL,Parent 1,SSR,SSR,,,VIVC passport (pedigree confirmed by markers),,,confirmed,CARDINAL X CARDINAL,,none,,
BRUNI 707,CARDINAL,Parent 2,SSR,SSR,,,VIVC passport (pedigree confirmed by markers),,,confirmed,CARDINAL X CARDINAL,,none,,
BUAKI NOR,MATRASSA BLANC FAUX,Parent 1,SSR,SSR,,,VIVC passport (via Lacombe 2013),10.1007/s00122-012-1988-2,,confirmed,MATRASSA BLANC FAUX X KHOUSSAINE BLANC,10.1007/s00122-012-1988-2,Lacombe 2013,10.1007/s00122-012-1988-2,
BUAKI NOR,KHOUSSAINE BLANC,Parent 2,SSR,SSR,,,VIVC passport (via Lacombe 2013),10.1007/s00122-012-1988-2,,confirmed,MATRASSA BLANC FAUX X KHOUSSAINE BLANC,10.1007/s00122-012-1988-2,Lacombe 2013,10.1007/s00122-012-1988-2,
BULANYI BELYI,COARNA ALBA,Parent 1,SSR,SSR,,,VIVC passport (pedigree confirmed by markers),10.1134/S2635167622050135,,confirmed,COARNA ALBA X BULANYI,10.1134/S2635167622050135,none,10.1134/S2635167622050135,10.1134/S2635167622050135
BULANYI BELYI,BULANYI,Parent 2,SSR,SSR,,,VIVC passport (pedigree confirmed by markers),10.1134/S2635167622050135,,confirmed,COARNA ALBA X BULANYI,10.1134/S2635167622050135,none,10.1134/S2635167622050135,10.1134/S2635167622050135
BURDIN 5406,SEIBEL 5455,Parent 1,SSR,SSR,,,VIVC passport (pedigree confirmed by markers),,,confirmed,SEIBEL 5455 X SEIBEL 8745,,none,,
BURDIN 5406,SEIBEL 8745,Parent 2,SSR,SSR,,,VIVC passport (pedigree confirmed by markers),,,confirmed,SEIBEL 5455 X SEIBEL 8745,,none,,
BURDIN 6004,SEIBEL 5163,Parent 1,SSR,SSR,,,VIVC passport (pedigree confirmed by markers),,,confirmed,SEIBEL 5163 X SEIBEL 8365,,none,,
BURDIN 6004,SEIBEL 8365,Parent 2,SSR,SSR,,,VIVC passport (pedigree confirmed by markers),,,confirmed,SEIBEL 5163 X SEIBEL 8365,,none,,
BURDIN 7374,GAMAY NOIR,Parent 1,SSR,SSR,,,VIVC passport (pedigree confirmed by markers),,,confirmed,GAMAY NOIR X SEIBEL 8724,,none,,
BURDIN 7374,SEIBEL 8724,Parent 2,SSR,SSR,,,VIVC passport (pedigree confirmed by markers),,,confirmed,GAMAY NOIR X SEIBEL 8724,,none,,
BURDIN 7419,GAMAY NOIR,Parent 1,SSR,SSR,,,VIVC passport (pedigree confirmed by markers),,,confirmed,GAMAY NOIR X SEIBEL 8718,,none,,
BURDIN 7419,SEIBEL 8718,Parent 2,SSR,SSR,,,VIVC passport (pedigree confirmed by markers),,,confirmed,GAMAY NOIR X SEIBEL 8718,,none,,
BURDIN 7696,PLANTET,Parent 1,SSR,SSR,,,VIVC passport (pedigree confirmed by markers),,,confirmed,PLANTET X SEIBEL 880,,none,,
BURDIN 7696,SEIBEL 880,Parent 2,SSR,SSR,,,VIVC passport (pedigree confirmed by markers),,,confirmed,PLANTET X SEIBEL 880,,none,,
BONHEUR,BARLINKA,Parent 1,SSR,SSR,,,VIVC passport (via Lacombe 2013),10.1007/s00122-012-1988-2,,confirmed,BARLINKA X ALPHONSE LAVALLEE,10.1007/s00122-012-1988-2; 10.21548/39-1-2053,Lacombe 2013,10.1007/s00122-012-1988-2,10.21548/39-1-2053
BONHEUR,ALPHONSE LAVALLEE,Parent 2,SSR,SSR,,,VIVC passport (via Lacombe 2013),10.1007/s00122-012-1988-2,,confirmed,BARLINKA X ALPHONSE LAVALLEE,10.1007/s00122-012-1988-2; 10.21548/39-1-2053,Lacombe 2013,10.1007/s00122-012-1988-2,10.21548/39-1-2053
BURYI,KOZ OUZIOUM,Parent 1,SSR,SSR,,,VIVC passport (pedigree confirmed by markers),10.1134/S2635167622050135,,confirmed,KOZ OUZIOUM X ASYL KARA 2,10.1134/S2635167622050135,none,10.1134/S2635167622050135,10.1134/S2635167622050135
BURYI,ASYL KARA 2,Parent 2,SSR,SSR,,,VIVC passport (pedigree confirmed by markers),10.1134/S2635167622050135,,confirmed,KOZ OUZIOUM X ASYL KARA 2,10.1134/S2635167622050135,none,10.1134/S2635167622050135,10.1134/S2635167622050135
BUSSANELLO,WELSCHRIESLING,Parent 1,SSR,SSR,,,VIVC passport (via Lacombe & Emanuelli 2020),10.3389/fpls.2020.605934,,confirmed,WELSCHRIESLING X FURMINT,10.1016/j.scienta.2017.02.044; 10.3389/fpls.2020.605934,Lacombe & Emanuelli 2020,10.1016/j.scienta.2017.02.044,10.1016/j.scienta.2017.02.044
BUSSANELLO,FURMINT,Parent 2,SSR,SSR,,,VIVC passport (via Lacombe & Emanuelli 2020),10.3389/fpls.2020.605934,,confirmed,WELSCHRIESLING X FURMINT,10.1016/j.scienta.2017.02.044; 10.3389/fpls.2020.605934,Lacombe & Emanuelli 2020,10.1016/j.scienta.2017.02.044,10.1016/j.scienta.2017.02.044
CABERNET GOUDABLE,CABERNET FRANC,Parent 1,SSR,SSR,,,VIVC passport (via Lacombe 2013),10.1007/s00122-012-1988-2,,confirmed,CABERNET FRANC X CROUCHEN,10.1007/s00122-012-1988-2,Lacombe 2013,10.1007/s00122-012-1988-2,
CABERNET GOUDABLE,CROUCHEN,Parent 2,SSR,SSR,,,VIVC passport (via Lacombe 2013),10.1007/s00122-012-1988-2,,confirmed,CABERNET FRANC X CROUCHEN,10.1007/s00122-012-1988-2,Lacombe 2013,10.1007/s00122-012-1988-2,
CABERNET SAUVIGNON,SAUVIGNON,Parent 2,SSR,SSR,,,VIVC passport (via Cipriani 2010; Lacombe & Emanuelli 2020; Lacombe 2013),10.1007/s00122-012-1988-2,,confirmed,CABERNET FRANC X SAUVIGNON,10.1007/s00122-010-1411-9; 10.1007/s00122-012-1988-2; 10.1007/s00122-019-03320-5; 10.1007/s10722-013-0064-3; 10.1038/ng0597-84; 10.1038/s41598-020-72799-6; 10.1038/s41598-024-62774-w; 10.1111/j.1755-0238.2008.00041.x; 10.21548/39-1-2053; 10.3103/S0095452710020040; 10.3103/S0095452718050031; 10.3389/fpls.2020.605934; 10.5073/vitis.1997.36.179-183; 10.5344/ajev.2016.16068,Cipriani 2010; Lacombe & Emanuelli 2020; Lacombe 2013,10.1007/s00122-010-1411-9,10.1007/s00122-019-03320-5; 10.1007/s10722-013-0064-3; 10.1038/ng0597-84; 10.1038/s41598-020-72799-6; 10.1038/s41598-024-62774-w; 10.1111/j.1755-0238.2008.00041.x; 10.21548/39-1-2053; 10.3103/S0095452710020040; 10.3103/S0095452718050031; 10.5073/vitis.1997.36.179-183; 10.5344/ajev.2016.16068
CABINDA,GRAND NOIR,Parent 1,SSR,SSR,,,VIVC passport (via Cunha 2020),10.3389/fpls.2020.00127,,confirmed,GRAND NOIR X CASTELAO,10.3389/fpls.2020.00127,Cunha 2020,10.3389/fpls.2020.00127,
CABINDA,CASTELAO,Parent 2,SSR,SSR,,,VIVC passport (via Cunha 2020),10.3389/fpls.2020.00127,,confirmed,GRAND NOIR X CASTELAO,10.3389/fpls.2020.00127,Cunha 2020,10.3389/fpls.2020.00127,
CALABRE,BICANE,Parent 1,SSR,SSR,,,VIVC passport (via Lacombe & Emanuelli 2020; Lacombe 2013; Laucou 2018),10.1007/s00122-012-1988-2,,confirmed,BICANE X MUSCAT A PETITS GRAINS,10.1007/s00122-012-1988-2; 10.1371/journal.pone.0192540; 10.3389/fpls.2020.605934,Lacombe & Emanuelli 2020; Lacombe 2013; Laucou 2018,10.1007/s00122-012-1988-2,
CALABRE,MUSCAT A PETITS GRAINS,Parent 2,SSR,SSR,,,VIVC passport (via Lacombe & Emanuelli 2020; Lacombe 2013; Laucou 2018),10.1007/s00122-012-1988-2,,confirmed,BICANE X MUSCAT A PETITS GRAINS,10.1007/s00122-012-1988-2; 10.1371/journal.pone.0192540; 10.3389/fpls.2020.605934,Lacombe & Emanuelli 2020; Lacombe 2013; Laucou 2018,10.1007/s00122-012-1988-2,
CALADOC,GRENACHE NOIR,Parent 1,SSR,SSR,,,VIVC passport (via Lacombe 2013),10.1007/s00122-012-1988-2,,confirmed,GRENACHE X COT,10.1007/s00122-012-1988-2; 10.5344/ajev.2010.09129,Lacombe 2013,10.1007/s00122-012-1988-2,10.5344/ajev.2010.09129
CALADOC,MALBEC,Parent 2,SSR,SSR,,,VIVC passport (via Lacombe 2013),10.1007/s00122-012-1988-2,,confirmed,GRENACHE X COT,10.1007/s00122-012-1988-2; 10.5344/ajev.2010.09129,Lacombe 2013,10.1007/s00122-012-1988-2,10.5344/ajev.2010.09129
CALLET,CALLET CAS CONCOS,Parent 1,SSR,SSR,,,VIVC passport (via Lacombe 2013),10.1007/s00122-012-1988-2,,confirmed,CALLET CAS CONCOS X FOGONEU,10.1007/s00122-012-1988-2; 10.1007/s10722-011-9706-5,Lacombe 2013,10.1007/s00122-012-1988-2,10.1007/s10722-011-9706-5
CALLET,FOGONEU,Parent 2,SSR,SSR,,,VIVC passport (via Lacombe 2013),10.1007/s00122-012-1988-2,,confirmed,CALLET CAS CONCOS X FOGONEU,10.1007/s00122-012-1988-2; 10.1007/s10722-011-9706-5,Lacombe 2013,10.1007/s00122-012-1988-2,10.1007/s10722-011-9706-5
CALMERIA,OHANES,Parent 1,SSR,SSR,,,VIVC passport (via Lacombe 2013),10.1007/s00122-012-1988-2,,confirmed,OHANES X SULTANINA,10.1007/s00122-012-1988-2; 10.5344/ajev.2016.16068,Lacombe 2013,10.1007/s00122-012-1988-2,10.5344/ajev.2016.16068
CALMERIA,SULTANINA,Parent 2,SSR,SSR,,,VIVC passport (via Lacombe 2013),10.1007/s00122-012-1988-2,,confirmed,OHANES X SULTANINA,10.1007/s00122-012-1988-2; 10.5344/ajev.2016.16068,Lacombe 2013,10.1007/s00122-012-1988-2,10.5344/ajev.2016.16068
CALZIN,ZINFANDEL,Parent 1,SSR,SSR,,,VIVC passport (via Lacombe 2013),10.1007/s00122-012-1988-2,,confirmed,ZINFANDEL X MONDEUSE,10.1007/s00122-012-1988-2,Lacombe 2013,10.1007/s00122-012-1988-2,
CALZIN,MONDEUSE,Parent 2,SSR,SSR,,,VIVC passport (via Lacombe 2013),10.1007/s00122-012-1988-2,,confirmed,ZINFANDEL X MONDEUSE,10.1007/s00122-012-1988-2,Lacombe 2013,10.1007/s00122-012-1988-2,
CAMARAOU BLANC,CAMARALET FEMELLE,Parent 1,SSR,SSR,,,VIVC passport (via Lacombe 2013),10.1007/s00122-012-1988-2,,confirmed,CAMARALET FEMELLE X PLANT DE DUBOSC 2,10.1007/s00122-012-1988-2,Lacombe 2013,10.1007/s00122-012-1988-2,
CAMARAOU BLANC,PLANT DE DUBOSC 2,Parent 2,SSR,SSR,,,VIVC passport (via Lacombe 2013),10.1007/s00122-012-1988-2,,confirmed,CAMARALET FEMELLE X PLANT DE DUBOSC 2,10.1007/s00122-012-1988-2,Lacombe 2013,10.1007/s00122-012-1988-2,
CAMARATE TINTO,CAYETANA BLANCA,Parent 1,SSR,SSR,,,VIVC passport (via Cunha 2020; Lacombe & Emanuelli 2020; Lacombe 2013; Laucou 2018),10.1007/s00122-012-1988-2,,confirmed,CAYETANA BLANCA X ALFROCHEIRO PRETO,10.1007/s00122-012-1988-2; 10.1371/journal.pone.0192540; 10.3389/fpls.2020.00127; 10.3389/fpls.2020.605934; 10.5073/vitis.2015.54.special-issue.59-65; 10.5344/ajev.2011.11052,Cunha 2020; Lacombe & Emanuelli 2020; Lacombe 2013; Laucou 2018,10.1007/s00122-012-1988-2,10.5073/vitis.2015.54.special-issue.59-65; 10.5344/ajev.2011.11052
CAMARATE TINTO,ALFROCHEIRO PRETO,Parent 2,SSR,SSR,,,VIVC passport (via Cunha 2020; Lacombe & Emanuelli 2020; Lacombe 2013; Laucou 2018),10.1007/s00122-012-1988-2,,confirmed,CAYETANA BLANCA X ALFROCHEIRO PRETO,10.1007/s00122-012-1988-2; 10.1371/journal.pone.0192540; 10.3389/fpls.2020.00127; 10.3389/fpls.2020.605934; 10.5073/vitis.2015.54.special-issue.59-65; 10.5344/ajev.2011.11052,Cunha 2020; Lacombe & Emanuelli 2020; Lacombe 2013; Laucou 2018,10.1007/s00122-012-1988-2,10.5073/vitis.2015.54.special-issue.59-65; 10.5344/ajev.2011.11052
CAMPANARIO,FERNAO PIRES,Parent 1,SSR,SSR,,,VIVC passport (via Cunha 2020),10.3389/fpls.2020.00127,,confirmed,FERNAO PIRES X PRETO CARDANA,10.3389/fpls.2020.00127,Cunha 2020,10.3389/fpls.2020.00127,
CAMPANARIO,PRETO CARDANA,Parent 2,SSR,SSR,,,VIVC passport (via Cunha 2020),10.3389/fpls.2020.00127,,confirmed,FERNAO PIRES X PRETO CARDANA,10.3389/fpls.2020.00127,Cunha 2020,10.3389/fpls.2020.00127,
CANADICE,BATH,Parent 1,SSR,SSR,,,VIVC passport (pedigree confirmed by markers),,,confirmed,BATH X HIMROD,,none,,
CANADICE,HIMROD,Parent 2,SSR,SSR,,,VIVC passport (pedigree confirmed by markers),,,confirmed,BATH X HIMROD,,none,,
CANELA,LISTAN PRIETO,Parent 1,SSR,SSR,,,VIVC passport (pedigree confirmed by markers),10.1111/ajgw.12282,,confirmed,LISTAN PRIETO X MUSCAT A PETITS GRAINS,10.1111/ajgw.12282,none,10.1111/ajgw.12282,10.1111/ajgw.12282
CANELA,MUSCAT A PETITS GRAINS,Parent 2,SSR,SSR,,,VIVC passport (pedigree confirmed by markers),10.1111/ajgw.12282,,confirmed,LISTAN PRIETO X MUSCAT A PETITS GRAINS,10.1111/ajgw.12282,none,10.1111/ajgw.12282,10.1111/ajgw.12282
CANNER SEEDLESS,HUNISA,Parent 1,SSR,SSR,,,VIVC passport (via Lacombe 2013),10.1007/s00122-012-1988-2,,confirmed,HUNISA X SULTANINE,10.1007/s00122-012-1988-2,Lacombe 2013,10.1007/s00122-012-1988-2,
CANNER SEEDLESS,SULTANINE,Parent 2,SSR,SSR,,,VIVC passport (via Lacombe 2013),10.1007/s00122-012-1988-2,,confirmed,HUNISA X SULTANINE,10.1007/s00122-012-1988-2,Lacombe 2013,10.1007/s00122-012-1988-2,
CARALICANTE,CARIGNAN NOIR,Parent 1,SSR,SSR,,,VIVC passport (via Lacombe 2013),10.1007/s00122-012-1988-2,,confirmed,CARIGNAN X ALICANTE BOUSCHET,10.1007/s00122-012-1988-2,Lacombe 2013,10.1007/s00122-012-1988-2,
CARALICANTE,ALICANTE BOUSCHET,Parent 2,SSR,SSR,,,VIVC passport (via Lacombe 2013),10.1007/s00122-012-1988-2,,confirmed,CARIGNAN X ALICANTE BOUSCHET,10.1007/s00122-012-1988-2,Lacombe 2013,10.1007/s00122-012-1988-2,
CARDINAL,RIBIER,Parent 1,SSR,SSR,,,VIVC passport (via Cipriani 2010; Lacombe & Emanuelli 2020; Lacombe 2013; Laucou 2018),10.1007/s00122-012-1988-2,,confirmed,RIBIER X REINE DES VIGNES,10.1007/s00122-010-1411-9; 10.1007/s00122-012-1988-2; 10.1371/journal.pone.0192540; 10.3103/S0095452718050031; 10.3389/fpls.2020.605934; 10.5344/ajev.2016.16068,Cipriani 2010; Lacombe & Emanuelli 2020; Lacombe 2013; Laucou 2018,10.1007/s00122-010-1411-9,10.3103/S0095452718050031; 10.5344/ajev.2016.16068
CARDINAL,REINE DES VIGNES,Parent 2,SSR,SSR,,,VIVC passport (via Cipriani 2010; Lacombe & Emanuelli 2020; Lacombe 2013; Laucou 2018),10.1007/s00122-012-1988-2,,confirmed,RIBIER X REINE DES VIGNES,10.1007/s00122-010-1411-9; 10.1007/s00122-012-1988-2; 10.1371/journal.pone.0192540; 10.3103/S0095452718050031; 10.3389/fpls.2020.605934; 10.5344/ajev.2016.16068,Cipriani 2010; Lacombe & Emanuelli 2020; Lacombe 2013; Laucou 2018,10.1007/s00122-010-1411-9,10.3103/S0095452718050031; 10.5344/ajev.2016.16068
CARINA,SYRAH,Parent 1,SSR,SSR,,,VIVC passport (pedigree confirmed by markers),,,confirmed,SYRAH X SULTANINE,,none,,
CARINA,SULTANINE,Parent 2,SSR,SSR,,,VIVC passport (pedigree confirmed by markers),,,confirmed,SYRAH X SULTANINE,,none,,
CARMINA,PORTUGIESER BLAU,Parent 1,SSR,SSR,,,VIVC passport (pedigree confirmed by markers),,,confirmed,PORTUGIESER BLAU X SPAETBURGUNDER,,none,,
CARMINA,SPAETBURGUNDER,Parent 2,SSR,SSR,,,VIVC passport (pedigree confirmed by markers),,,confirmed,PORTUGIESER BLAU X SPAETBURGUNDER,,none,,
CARREGA TINTO,HEBIEN,Parent 1,SSR,SSR,,,VIVC passport (via Cunha 2020; Lacombe 2013),10.1007/s00122-012-1988-2,,confirmed,HEBEN X ALFROCHEIRO,10.1007/s00122-012-1988-2; 10.3389/fpls.2020.00127; 10.5073/vitis.2015.54.special-issue.59-65; 10.5073/vitis.2015.54.special-issue.81-86,Cunha 2020; Lacombe 2013,10.1007/s00122-012-1988-2,10.5073/vitis.2015.54.special-issue.59-65; 10.5073/vitis.2015.54.special-issue.81-86
CARREGA TINTO,ALFROCHEIRO,Parent 2,SSR,SSR,,,VIVC passport (via Cunha 2020; Lacombe 2013),10.1007/s00122-012-1988-2,,confirmed,HEBEN X ALFROCHEIRO,10.1007/s00122-012-1988-2; 10.3389/fpls.2020.00127; 10.5073/vitis.2015.54.special-issue.59-65; 10.5073/vitis.2015.54.special-issue.81-86,Cunha 2020; Lacombe 2013,10.1007/s00122-012-1988-2,10.5073/vitis.2015.54.special-issue.59-65; 10.5073/vitis.2015.54.special-issue.81-86
CARRICANTE,STRINTO PORCINO,Parent 1,SSR,SSR,,,VIVC passport (via Lacombe & Emanuelli 2020),10.3389/fpls.2020.605934,,confirmed,STRINTO PORCINO X VISPAROLA,10.3389/fpls.2020.605934,Lacombe & Emanuelli 2020,10.3389/fpls.2020.605934,
CARRICANTE,VISPAROLA,Parent 2,SSR,SSR,,,VIVC passport (via Lacombe & Emanuelli 2020),10.3389/fpls.2020.605934,,confirmed,STRINTO PORCINO X VISPAROLA,10.3389/fpls.2020.605934,Lacombe & Emanuelli 2020,10.3389/fpls.2020.605934,
CARUBIS,VILLARD BLANC,Parent 1,SSR,SSR,,,VIVC passport (pedigree confirmed by markers),,,confirmed,VILLARD BLANC X CARIGNAN NOIR,,none,,
CARUBIS,CARIGNAN NOIR,Parent 2,SSR,SSR,,,VIVC passport (pedigree confirmed by markers),,,confirmed,VILLARD BLANC X CARIGNAN NOIR,,none,,
CASTALIA,MUSCAT OF ALEXANDRIA,Parent 1,SSR,SSR,,,VIVC passport (via Cunha 2020),10.3389/fpls.2020.00127,,confirmed,MUSCAT OF ALEXANDRIA X MONTUA,10.3389/fpls.2020.00127,Cunha 2020,10.3389/fpls.2020.00127,
CASTALIA,MONTUA,Parent 2,SSR,SSR,,,VIVC passport (via Cunha 2020),10.3389/fpls.2020.00127,,confirmed,MUSCAT OF ALEXANDRIA X MONTUA,10.3389/fpls.2020.00127,Cunha 2020,10.3389/fpls.2020.00127,
CASTEL 196- 17,COUDERC 1203,Parent 1,SSR,SSR,,,VIVC passport (via Migliaro 2019),10.5344/ajev.2019.18054,,confirmed,COUDERC 1203 X RIPARIA GLOIRE,10.5344/ajev.2019.18054,Migliaro 2019,10.5344/ajev.2019.18054,
CASTEL 196- 17,RIPARIA GLOIRE DE MONTPELLIER,Parent 2,SSR,SSR,,,VIVC passport (via Migliaro 2019),10.5344/ajev.2019.18054,,confirmed,COUDERC 1203 X RIPARIA GLOIRE,10.5344/ajev.2019.18054,Migliaro 2019,10.5344/ajev.2019.18054,
CASTEL 215- 1,SOLONIS,Parent 1,SSR,SSR,,,VIVC passport (via Migliaro 2019),10.5344/ajev.2019.18054,,confirmed,SOLONIS X RUPESTRIS DU LOT,10.5344/ajev.2019.18054,Migliaro 2019,10.5344/ajev.2019.18054,
CASTEL 215- 1,RUPESTRIS DU LOT,Parent 2,SSR,SSR,,,VIVC passport (via Migliaro 2019),10.5344/ajev.2019.18054,,confirmed,SOLONIS X RUPESTRIS DU LOT,10.5344/ajev.2019.18054,Migliaro 2019,10.5344/ajev.2019.18054,
CASTEL 216- 3,COUDERC 1616,Parent 1,SSR,SSR,,,VIVC passport (via Migliaro 2019),10.5344/ajev.2019.18054,,confirmed,COUDERC 1616 X RUPESTRIS DU LOT,10.1007/s00122-019-03320-5; 10.5344/ajev.2019.18054,Migliaro 2019,10.1007/s00122-019-03320-5,10.1007/s00122-019-03320-5
CASTEL 216- 3,RUPESTRIS DU LOT,Parent 2,SSR,SSR,,,VIVC passport (via Migliaro 2019),10.5344/ajev.2019.18054,,confirmed,COUDERC 1616 X RUPESTRIS DU LOT,10.1007/s00122-019-03320-5; 10.5344/ajev.2019.18054,Migliaro 2019,10.1007/s00122-019-03320-5,10.1007/s00122-019-03320-5
CASTEL 227- 1,SOLONIS,Parent 1,SSR,SSR,,,VIVC passport (via Migliaro 2019),10.5344/ajev.2019.18054,,confirmed,SOLONIS X RUPESTRIS DU LOT,10.5344/ajev.2019.18054,Migliaro 2019,10.5344/ajev.2019.18054,
CASTEL 227- 1,RUPESTRIS DU LOT,Parent 2,SSR,SSR,,,VIVC passport (via Migliaro 2019),10.5344/ajev.2019.18054,,confirmed,SOLONIS X RUPESTRIS DU LOT,10.5344/ajev.2019.18054,Migliaro 2019,10.5344/ajev.2019.18054,
CASTEL 228- 1,SOLONIS,Parent 1,SSR,SSR,,,VIVC passport (via Migliaro 2019),10.5344/ajev.2019.18054,,confirmed,SOLONIS X RUPESTRIS DU LOT,10.5344/ajev.2019.18054,Migliaro 2019,10.5344/ajev.2019.18054,
CASTEL 228- 1,RUPESTRIS DU LOT,Parent 2,SSR,SSR,,,VIVC passport (via Migliaro 2019),10.5344/ajev.2019.18054,,confirmed,SOLONIS X RUPESTRIS DU LOT,10.5344/ajev.2019.18054,Migliaro 2019,10.5344/ajev.2019.18054,
CASTELAO BRANCO,HEBIEN,Parent 1,SSR,SSR,,,VIVC passport (via Cunha 2020),10.3389/fpls.2020.00127,,confirmed,HEBEN X ALFROCHEIRO,10.3389/fpls.2020.00127; 10.5073/vitis.2015.54.special-issue.59-65; 10.5073/vitis.2015.54.special-issue.81-86,Cunha 2020,10.3389/fpls.2020.00127,10.5073/vitis.2015.54.special-issue.59-65; 10.5073/vitis.2015.54.special-issue.81-86
CASTELAO BRANCO,ALFROCHEIRO,Parent 2,SSR,SSR,,,VIVC passport (via Cunha 2020),10.3389/fpls.2020.00127,,confirmed,HEBEN X ALFROCHEIRO,10.3389/fpls.2020.00127; 10.5073/vitis.2015.54.special-issue.59-65; 10.5073/vitis.2015.54.special-issue.81-86,Cunha 2020,10.3389/fpls.2020.00127,10.5073/vitis.2015.54.special-issue.59-65; 10.5073/vitis.2015.54.special-issue.81-86
CASTELAO,CAYETANA BLANCA,Parent 1,SSR,SSR,,,VIVC passport (via Cunha 2020; Lacombe & Emanuelli 2020; Lacombe 2013; Laucou 2018),10.1007/s00122-012-1988-2,,confirmed,CAYETANA BLANCA X ALFROCHEIRO PRETO,10.1007/s00122-012-1988-2; 10.1371/journal.pone.0192540; 10.3389/fpls.2020.00127; 10.3389/fpls.2020.605934; 10.5073/vitis.2015.54.special-issue.59-65; 10.5344/ajev.2011.11052,Cunha 2020; Lacombe & Emanuelli 2020; Lacombe 2013; Laucou 2018,10.1007/s00122-012-1988-2,10.5073/vitis.2015.54.special-issue.59-65; 10.5344/ajev.2011.11052
CASTELAO,ALFROCHEIRO PRETO,Parent 2,SSR,SSR,,,VIVC passport (via Cunha 2020; Lacombe & Emanuelli 2020; Lacombe 2013; Laucou 2018),10.1007/s00122-012-1988-2,,confirmed,CAYETANA BLANCA X ALFROCHEIRO PRETO,10.1007/s00122-012-1988-2; 10.1371/journal.pone.0192540; 10.3389/fpls.2020.00127; 10.3389/fpls.2020.605934; 10.5073/vitis.2015.54.special-issue.59-65; 10.5344/ajev.2011.11052,Cunha 2020; Lacombe & Emanuelli 2020; Lacombe 2013; Laucou 2018,10.1007/s00122-012-1988-2,10.5073/vitis.2015.54.special-issue.59-65; 10.5344/ajev.2011.11052
CASTETS,GROS CABERNET,Parent 1,SSR,SSR,,,VIVC passport (via Lacombe & Emanuelli 2020; Lacombe 2013; Laucou 2018),10.1007/s00122-012-1988-2,,confirmed,GROS CABERNET X CAMARAOU NOIR,10.1007/s00122-012-1988-2; 10.1371/journal.pone.0192540; 10.3389/fpls.2020.605934,Lacombe & Emanuelli 2020; Lacombe 2013; Laucou 2018,10.1007/s00122-012-1988-2,
CASTETS,CAMARAOU NOIR,Parent 2,SSR,SSR,,,VIVC passport (via Lacombe & Emanuelli 2020; Lacombe 2013; Laucou 2018),10.1007/s00122-012-1988-2,,confirmed,GROS CABERNET X CAMARAOU NOIR,10.1007/s00122-012-1988-2; 10.1371/journal.pone.0192540; 10.3389/fpls.2020.605934,Lacombe & Emanuelli 2020; Lacombe 2013; Laucou 2018,10.1007/s00122-012-1988-2,
CATARRATTO BIANCO COMUNE,GARGANEGA,Parent 1,SSR,SSR,,,VIVC passport (via Lacombe & Emanuelli 2020),10.3389/fpls.2020.605934,,confirmed,GARGANEGA X MANTONICO BIANCO,10.1186/s12870-018-1576-y; 10.3389/fpls.2020.605934; 10.5344/ajev.2016.16068,Lacombe & Emanuelli 2020,10.1186/s12870-018-1576-y,10.1186/s12870-018-1576-y; 10.5344/ajev.2016.16068
CATARRATTO BIANCO COMUNE,MANTONICO BIANCO,Parent 2,SSR,SSR,,,VIVC passport (via Lacombe & Emanuelli 2020),10.3389/fpls.2020.605934,,confirmed,GARGANEGA X MANTONICO BIANCO,10.1186/s12870-018-1576-y; 10.3389/fpls.2020.605934; 10.5344/ajev.2016.16068,Lacombe & Emanuelli 2020,10.1186/s12870-018-1576-y,10.1186/s12870-018-1576-y; 10.5344/ajev.2016.16068
CATARRATTONE,ALMERIA,Parent 1,SSR,SSR,,,VIVC passport (via Cipriani 2010),10.1007/s00122-010-1411-9,,confirmed,ALMERIA X SULTANINA BIANCA,10.1007/s00122-010-1411-9,Cipriani 2010,10.1007/s00122-010-1411-9,
CATARRATTONE,SULTANINA BIANCA,Parent 2,SSR,SSR,,,VIVC passport (via Cipriani 2010),10.1007/s00122-010-1411-9,,confirmed,ALMERIA X SULTANINA BIANCA,10.1007/s00122-010-1411-9,Cipriani 2010,10.1007/s00122-010-1411-9,
CATAWBA,VITIS LABRUSCA,Parent 1,SSR,SSR,,,VIVC passport (pedigree confirmed by markers),10.5073/vitis.2016.55.53-56,,confirmed,VITIS LABRUSCA X SEMILLON,10.5073/vitis.2016.55.53-56,none,10.5073/vitis.2016.55.53-56,10.5073/vitis.2016.55.53-56
CATAWBA,SEMILLON,Parent 2,SSR,SSR,,,VIVC passport (pedigree confirmed by markers),10.5073/vitis.2016.55.53-56,,confirmed,VITIS LABRUSCA X SEMILLON,10.5073/vitis.2016.55.53-56,none,10.5073/vitis.2016.55.53-56,10.5073/vitis.2016.55.53-56
CAYUGA WHITE,SEYVAL,Parent 1,SSR,SSR,,,VIVC passport (pedigree confirmed by markers),,,confirmed,SEYVAL X SCHUYLER,,none,,
CAYUGA WHITE,SCHUYLER,Parent 2,SSR,SSR,,,VIVC passport (pedigree confirmed by markers),,,confirmed,SEYVAL X SCHUYLER,,none,,
CEGLED SZEPE,BICANE,Parent 1,SSR,SSR,,,VIVC passport (via Lacombe 2013),10.1007/s00122-012-1988-2,,confirmed,BICANE X CHASSELAS,10.1007/s00122-012-1988-2,Lacombe 2013,10.1007/s00122-012-1988-2,
CEGLED SZEPE,CHASSELAS,Parent 2,SSR,SSR,,,VIVC passport (via Lacombe 2013),10.1007/s00122-012-1988-2,,confirmed,BICANE X CHASSELAS,10.1007/s00122-012-1988-2,Lacombe 2013,10.1007/s00122-012-1988-2,
CERCEAL BRANCO,MALVASIA FINA,Parent 1,SSR,SSR,,,VIVC passport (via Cunha 2020),10.3389/fpls.2020.00127,,confirmed,MALVASIA FINA X TINTA PEREIRA,10.3389/fpls.2020.00127,Cunha 2020,10.3389/fpls.2020.00127,
CERCEAL BRANCO,TINTA PEREIRA,Parent 2,SSR,SSR,,,VIVC passport (via Cunha 2020),10.3389/fpls.2020.00127,,confirmed,MALVASIA FINA X TINTA PEREIRA,10.3389/fpls.2020.00127,Cunha 2020,10.3389/fpls.2020.00127,
CEREZA,MUSCAT D'ALEXANDRIE,Parent 1,SSR,SSR,,,VIVC passport (via Lacombe 2013),10.1007/s00122-012-1988-2,,confirmed,MUSCAT D'ALEXANDRIE X MISSION,10.1007/s00122-012-1988-2; 10.1007/s11295-014-0746-9; 10.1016/j.tig.2006.07.008; 10.1111/ajgw.12282; 10.1111/ajgw.12561,Lacombe 2013,10.1007/s00122-012-1988-2,10.1007/s11295-014-0746-9; 10.1016/j.tig.2006.07.008; 10.1111/ajgw.12282; 10.1111/ajgw.12561
CEREZA,MISSION,Parent 2,SSR,SSR,,,VIVC passport (via Lacombe 2013),10.1007/s00122-012-1988-2,,confirmed,MUSCAT D'ALEXANDRIE X MISSION,10.1007/s00122-012-1988-2; 10.1007/s11295-014-0746-9; 10.1016/j.tig.2006.07.008; 10.1111/ajgw.12282; 10.1111/ajgw.12561,Lacombe 2013,10.1007/s00122-012-1988-2,10.1007/s11295-014-0746-9; 10.1016/j.tig.2006.07.008; 10.1111/ajgw.12282; 10.1111/ajgw.12561
CESAR,ARGANT,Parent 1,SSR,SSR,,,VIVC passport (via Lacombe & Emanuelli 2020; Lacombe 2013; Laucou 2018),10.1007/s00122-012-1988-2,,confirmed,ARGANT X PINOT,10.1007/s00122-012-1988-2; 10.1371/journal.pone.0192540; 10.3389/fpls.2020.605934,Lacombe & Emanuelli 2020; Lacombe 2013; Laucou 2018,10.1007/s00122-012-1988-2,
CESAR,PINOT,Parent 2,SSR,SSR,,,VIVC passport (via Lacombe & Emanuelli 2020; Lacombe 2013; Laucou 2018),10.1007/s00122-012-1988-2,,confirmed,ARGANT X PINOT,10.1007/s00122-012-1988-2; 10.1371/journal.pone.0192540; 10.3389/fpls.2020.605934,Lacombe & Emanuelli 2020; Lacombe 2013; Laucou 2018,10.1007/s00122-012-1988-2,
CHAMBOURCIN,JOANNES SEYVE 11369,Parent 1,SSR,SSR,,,VIVC passport (pedigree confirmed by markers),10.5073/vitis.2021.60.189-193,,confirmed,JOANNES SEYVE 11369 X PLANTET,10.5073/vitis.2021.60.189-193,none,10.5073/vitis.2021.60.189-193,10.5073/vitis.2021.60.189-193
CHAMBOURCIN,PLANTET,Parent 2,SSR,SSR,,,VIVC passport (pedigree confirmed by markers),10.5073/vitis.2021.60.189-193,,confirmed,JOANNES SEYVE 11369 X PLANTET,10.5073/vitis.2021.60.189-193,none,10.5073/vitis.2021.60.189-193,10.5073/vitis.2021.60.189-193
CHANCELLOR,SEIBEL 5163,Parent 1,SSR,SSR,,,VIVC passport (pedigree confirmed by markers),10.5073/vitis.2021.60.189-193,,confirmed,SEIBEL 5163 X SEIBEL 880,10.5073/vitis.2021.60.189-193,none,10.5073/vitis.2021.60.189-193,10.5073/vitis.2021.60.189-193
CHANCELLOR,SEIBEL 880,Parent 2,SSR,SSR,,,VIVC passport (pedigree confirmed by markers),10.5073/vitis.2021.60.189-193,,confirmed,SEIBEL 5163 X SEIBEL 880,10.5073/vitis.2021.60.189-193,none,10.5073/vitis.2021.60.189-193,10.5073/vitis.2021.60.189-193
CHAPTAL,KARMIR KAKHANI,Parent 1,SSR,SSR,,,VIVC passport (via Lacombe 2013),10.1007/s00122-012-1988-2,,confirmed,KARMIR KAKHANI X KICHMICH ROND,10.1007/s00122-012-1988-2,Lacombe 2013,10.1007/s00122-012-1988-2,
CHAPTAL,KICHMICH ROND,Parent 2,SSR,SSR,,,VIVC passport (via Lacombe 2013),10.1007/s00122-012-1988-2,,confirmed,KARMIR KAKHANI X KICHMICH ROND,10.1007/s00122-012-1988-2,Lacombe 2013,10.1007/s00122-012-1988-2,
CHARDONNAY BLANC,GOUAIS BLANC,Parent 1,SSR,SSR,,,VIVC passport (via Lacombe & Emanuelli 2020; Lacombe 2013; Laucou 2018),10.1007/s00122-012-1988-2,,confirmed,HEUNISCH WEISS X PINOT,10.1007/s00122-012-1988-2; 10.1038/s41598-020-72799-6; 10.1126/science.285.5433.1562; 10.1371/journal.pone.0192540; 10.3103/S0095452718050031; 10.3389/fpls.2020.605934; 10.5344/ajev.2016.16068,Lacombe & Emanuelli 2020; Lacombe 2013; Laucou 2018,10.1007/s00122-012-1988-2,10.1038/s41598-020-72799-6; 10.1126/science.285.5433.1562; 10.3103/S0095452718050031; 10.5344/ajev.2016.16068
CHARDONNAY BLANC,PINOT,Parent 2,SSR,SSR,,,VIVC passport (via Lacombe & Emanuelli 2020; Lacombe 2013; Laucou 2018),10.1007/s00122-012-1988-2,,confirmed,HEUNISCH WEISS X PINOT,10.1007/s00122-012-1988-2; 10.1038/s41598-020-72799-6; 10.1126/science.285.5433.1562; 10.1371/journal.pone.0192540; 10.3103/S0095452718050031; 10.3389/fpls.2020.605934; 10.5344/ajev.2016.16068,Lacombe & Emanuelli 2020; Lacombe 2013; Laucou 2018,10.1007/s00122-012-1988-2,10.1038/s41598-020-72799-6; 10.1126/science.285.5433.1562; 10.3103/S0095452718050031; 10.5344/ajev.2016.16068
CHARENTSI,SEYANETS S 1262,Parent 1,SSR,SSR,,,VIVC passport (via Margaryan 2021),10.3390/biology10121279,,confirmed,SEYANETS S 1262 X KARMRAHYUT,10.3390/biology10121279,Margaryan 2021,10.3390/biology10121279,
CHARENTSI,KARMRAHYUT,Parent 2,SSR,SSR,,,VIVC passport (via Margaryan 2021),10.3390/biology10121279,,confirmed,SEYANETS S 1262 X KARMRAHYUT,10.3390/biology10121279,Margaryan 2021,10.3390/biology10121279,
CHASAN,LISTAN,Parent 1,SSR,SSR,,,VIVC passport (via Lacombe 2013),10.1007/s00122-012-1988-2,,confirmed,LISTAN X PINOT,10.1007/s00122-012-1988-2,Lacombe 2013,10.1007/s00122-012-1988-2,
CHASAN,PINOT,Parent 2,SSR,SSR,,,VIVC passport (via Lacombe 2013),10.1007/s00122-012-1988-2,,confirmed,LISTAN X PINOT,10.1007/s00122-012-1988-2,Lacombe 2013,10.1007/s00122-012-1988-2,
CHASSELAS DES BOUCHES DU RHONE,COARNA ALBA,Parent 1,SSR,SSR,,,VIVC passport (via Lacombe 2013),10.1007/s00122-012-1988-2,,confirmed,COARNA ALBA X CHASSELAS,10.1007/s00122-012-1988-2,Lacombe 2013,10.1007/s00122-012-1988-2,
CHASSELAS DES BOUCHES DU RHONE,CHASSELAS,Parent 2,SSR,SSR,,,VIVC passport (via Lacombe 2013),10.1007/s00122-012-1988-2,,confirmed,COARNA ALBA X CHASSELAS,10.1007/s00122-012-1988-2,Lacombe 2013,10.1007/s00122-012-1988-2,
CHASSELAS IMPERIAL,BLANC D'AMBRE,Parent 1,SSR,SSR,,,VIVC passport (via Lacombe 2013),10.1007/s00122-012-1988-2,,confirmed,BLANC D'AMBRE X ONDENC,10.1007/s00122-012-1988-2,Lacombe 2013,10.1007/s00122-012-1988-2,
CHASSELAS IMPERIAL,ONDENC,Parent 2,SSR,SSR,,,VIVC passport (via Lacombe 2013),10.1007/s00122-012-1988-2,,confirmed,BLANC D'AMBRE X ONDENC,10.1007/s00122-012-1988-2,Lacombe 2013,10.1007/s00122-012-1988-2,
CHATYRBAK,NOIR DE CRIMEE FAUX,Parent 1,SSR,SSR,,,VIVC passport (via Lacombe 2013),10.1007/s00122-012-1988-2,,confirmed,NOIR DE CRIMEE FAUX X KOKOUR BELY,10.1007/s00122-012-1988-2,Lacombe 2013,10.1007/s00122-012-1988-2,
CHATYRBAK,KOKOUR BELY,Parent 2,SSR,SSR,,,VIVC passport (via Lacombe 2013),10.1007/s00122-012-1988-2,,confirmed,NOIR DE CRIMEE FAUX X KOKOUR BELY,10.1007/s00122-012-1988-2,Lacombe 2013,10.1007/s00122-012-1988-2,
CHAOUCH ROZOVYI,CHAOUCH BLANC,Parent 1,SSR,SSR,,,VIVC passport (via Lacombe 2013),10.1007/s00122-012-1988-2,,confirmed,CHAOUCH BLANC X PEHLIVAN KARA = PAPIGI KARA,10.1007/s00122-012-1988-2; 10.3103/S0095452718050031,Lacombe 2013,10.1007/s00122-012-1988-2,10.3103/S0095452718050031
CHAOUCH ROZOVYI,PEHLIVAN KARA = PAPIGI KARA,Parent 2,SSR,SSR,,,VIVC passport (via Lacombe 2013),10.1007/s00122-012-1988-2,,confirmed,CHAOUCH BLANC X PEHLIVAN KARA = PAPIGI KARA,10.1007/s00122-012-1988-2; 10.3103/S0095452718050031,Lacombe 2013,10.1007/s00122-012-1988-2,10.3103/S0095452718050031
MONTUA,GIBI = HEBEN,Parent 1,SSR,SSR,,,VIVC passport (via Cunha 2020; Lacombe & Emanuelli 2020; Lacombe 2013; Laucou 2018),10.1007/s00122-012-1988-2,,confirmed,GIBI = HEBEN X DEDO DE DAMA,10.1007/s00122-012-1988-2; 10.1007/s11295-011-0413-3; 10.1371/journal.pone.0192540; 10.3389/fpls.2020.00127; 10.3389/fpls.2020.605934; 10.5073/vitis.2015.54.special-issue.81-86,Cunha 2020; Lacombe & Emanuelli 2020; Lacombe 2013; Laucou 2018,10.1007/s00122-012-1988-2,10.1007/s11295-011-0413-3; 10.5073/vitis.2015.54.special-issue.81-86
MONTUA,DEDO DE DAMA,Parent 2,SSR,SSR,,,VIVC passport (via Cunha 2020; Lacombe & Emanuelli 2020; Lacombe 2013; Laucou 2018),10.1007/s00122-012-1988-2,,confirmed,GIBI = HEBEN X DEDO DE DAMA,10.1007/s00122-012-1988-2; 10.1007/s11295-011-0413-3; 10.1371/journal.pone.0192540; 10.3389/fpls.2020.00127; 10.3389/fpls.2020.605934; 10.5073/vitis.2015.54.special-issue.81-86,Cunha 2020; Lacombe & Emanuelli 2020; Lacombe 2013; Laucou 2018,10.1007/s00122-012-1988-2,10.1007/s11295-011-0413-3; 10.5073/vitis.2015.54.special-issue.81-86
CHENANSON,GRENACHE NOIR,Parent 1,SSR,SSR,,,VIVC passport (via Lacombe 2013),10.1007/s00122-012-1988-2,,confirmed,GRENACHE NOIR X JURANCON NOIR,10.1007/s00122-012-1988-2,Lacombe 2013,10.1007/s00122-012-1988-2,
CHENANSON,JURANCON NOIR,Parent 2,SSR,SSR,,,VIVC passport (via Lacombe 2013),10.1007/s00122-012-1988-2,,confirmed,GRENACHE NOIR X JURANCON NOIR,10.1007/s00122-012-1988-2,Lacombe 2013,10.1007/s00122-012-1988-2,
CHILAR,HADISI,Parent 1,SSR,SSR,,,VIVC passport (via Margaryan 2021),10.3390/biology10121279,,confirmed,HADISI X GENOTYPE 16,10.3390/biology10121279,Margaryan 2021,10.3390/biology10121279,
CHILAR,GENOTYPE 16,Parent 2,SSR,SSR,,,VIVC passport (via Margaryan 2021),10.3390/biology10121279,,confirmed,HADISI X GENOTYPE 16,10.3390/biology10121279,Margaryan 2021,10.3390/biology10121279,
CHURRIAGO,MORAVIA DULCE,Parent 1,SSR,SSR,,,VIVC passport (pedigree confirmed by markers),10.1007/s10722-013-0064-3,,confirmed,MORAVIA DULCE X PARDILLO,10.1007/s10722-013-0064-3,none,10.1007/s10722-013-0064-3,10.1007/s10722-013-0064-3
CHURRIAGO,PARDILLO,Parent 2,SSR,SSR,,,VIVC passport (pedigree confirmed by markers),10.1007/s10722-013-0064-3,,confirmed,MORAVIA DULCE X PARDILLO,10.1007/s10722-013-0064-3,none,10.1007/s10722-013-0064-3,10.1007/s10722-013-0064-3
CIANORIE,VINOSO ROSSO,Parent 1,SSR,SSR,,,VIVC passport (pedigree confirmed by markers),10.1038/s41598-020-64061-w,,confirmed,VINOSO ROSSO X VULPEA,10.1038/s41598-020-64061-w,none,10.1038/s41598-020-64061-w,10.1038/s41598-020-64061-w
CIANORIE,VULPEA,Parent 2,SSR,SSR,,,VIVC passport (pedigree confirmed by markers),10.1038/s41598-020-64061-w,,confirmed,VINOSO ROSSO X VULPEA,10.1038/s41598-020-64061-w,none,10.1038/s41598-020-64061-w,10.1038/s41598-020-64061-w
CILIEGIOLO,MOSCATO VIOLETTO,Parent 1,SSR,SSR,,,VIVC passport (via Cipriani 2010; Lacombe & Emanuelli 2020; Lacombe 2013),10.1007/s00122-012-1988-2,,confirmed,MOSCATO VIOLETTO X SANGIOVESE,10.1007/s00122-010-1411-9; 10.1007/s00122-012-1988-2; 10.20870/oeno-one.2021.55.3.4628; 10.21273/JASHS.132.4.514; 10.3389/fpls.2020.605934,Cipriani 2010; Lacombe & Emanuelli 2020; Lacombe 2013,10.1007/s00122-010-1411-9,10.20870/oeno-one.2021.55.3.4628; 10.21273/JASHS.132.4.514
CILIEGIOLO,SANGIOVESE,Parent 2,SSR,SSR,,,VIVC passport (via Cipriani 2010; Lacombe & Emanuelli 2020; Lacombe 2013),10.1007/s00122-012-1988-2,,confirmed,MOSCATO VIOLETTO X SANGIOVESE,10.1007/s00122-010-1411-9; 10.1007/s00122-012-1988-2; 10.20870/oeno-one.2021.55.3.4628; 10.21273/JASHS.132.4.514; 10.3389/fpls.2020.605934,Cipriani 2010; Lacombe & Emanuelli 2020; Lacombe 2013,10.1007/s00122-010-1411-9,10.20870/oeno-one.2021.55.3.4628; 10.21273/JASHS.132.4.514
CIRCE,CHASSELAS,Parent 1,SSR,SSR,,,VIVC passport (via Lacombe 2013),10.1007/s00122-012-1988-2,,confirmed,CHASSELAS X MUSCAT D'EISENSTADT,10.1007/s00122-012-1988-2,Lacombe 2013,10.1007/s00122-012-1988-2,
CIRCE,MUSCAT D'EISENSTADT,Parent 2,SSR,SSR,,,VIVC passport (via Lacombe 2013),10.1007/s00122-012-1988-2,,confirmed,CHASSELAS X MUSCAT D'EISENSTADT,10.1007/s00122-012-1988-2,Lacombe 2013,10.1007/s00122-012-1988-2,
CIRUELA ROJA,OHANES,Parent 1,SSR,SSR,,,VIVC passport (pedigree confirmed by markers),,,confirmed,OHANES X RAGOL,,none,,
CIRUELA ROJA,RAGOL,Parent 2,SSR,SSR,,,VIVC passport (pedigree confirmed by markers),,,confirmed,OHANES X RAGOL,,none,,
CLAIRETTE MAZEL,COARNA ALBA,Parent 1,SSR,SSR,,,VIVC passport (via Lacombe 2013),10.1007/s00122-012-1988-2,,confirmed,COARNA ALBA X CHASSELAS,10.1007/s00122-012-1988-2; 10.1038/s41598-020-71918-7,Lacombe 2013,10.1007/s00122-012-1988-2,10.1038/s41598-020-71918-7
CLAIRETTE MAZEL,CHASSELAS,Parent 2,SSR,SSR,,,VIVC passport (via Lacombe 2013),10.1007/s00122-012-1988-2,,confirmed,COARNA ALBA X CHASSELAS,10.1007/s00122-012-1988-2; 10.1038/s41598-020-71918-7,Lacombe 2013,10.1007/s00122-012-1988-2,10.1038/s41598-020-71918-7
CLARIN,CARIGNAN NOIR,Parent 1,SSR,SSR,,,VIVC passport (via Lacombe 2013),10.1007/s00122-012-1988-2,,confirmed,CARIGNAN X CINSAUT,10.1007/s00122-012-1988-2,Lacombe 2013,10.1007/s00122-012-1988-2,
CLARIN,CINSAUT,Parent 2,SSR,SSR,,,VIVC passport (via Lacombe 2013),10.1007/s00122-012-1988-2,,confirmed,CARIGNAN X CINSAUT,10.1007/s00122-012-1988-2,Lacombe 2013,10.1007/s00122-012-1988-2,
CLOTILDE PROSPERI,AFUZ ALI,Parent 1,SSR,SSR,,,VIVC passport (via Lacombe 2013),10.1007/s00122-012-1988-2,,confirmed,AFUZ ALI X ITALIA,10.1007/s00122-012-1988-2,Lacombe 2013,10.1007/s00122-012-1988-2,
CLOTILDE PROSPERI,ITALIA,Parent 2,SSR,SSR,,,VIVC passport (via Lacombe 2013),10.1007/s00122-012-1988-2,,confirmed,AFUZ ALI X ITALIA,10.1007/s00122-012-1988-2,Lacombe 2013,10.1007/s00122-012-1988-2,
COARNA ROSIE,ROSA MENNA DI VACCA,Parent 1,SSR,SSR,,,VIVC passport (via Lacombe 2013),10.1007/s00122-012-1988-2,,confirmed,ROSA MENNA DI VACCA X TSITSA KAPREI,10.1007/s00122-012-1988-2,Lacombe 2013,10.1007/s00122-012-1988-2,
COARNA ROSIE,TSITSA KAPREI,Parent 2,SSR,SSR,,,VIVC passport (via Lacombe 2013),10.1007/s00122-012-1988-2,,confirmed,ROSA MENNA DI VACCA X TSITSA KAPREI,10.1007/s00122-012-1988-2,Lacombe 2013,10.1007/s00122-012-1988-2,
CODANA,BABEASCA NEAGRA,Parent 1,SSR,SSR,,,VIVC passport (via Lacombe 2013),10.1007/s00122-012-1988-2,,confirmed,BABEASCA NEAGRA X CABERNET-SAUVIGNON,10.1007/s00122-012-1988-2,Lacombe 2013,10.1007/s00122-012-1988-2,
CODANA,CABERNET-SAUVIGNON,Parent 2,SSR,SSR,,,VIVC passport (via Lacombe 2013),10.1007/s00122-012-1988-2,,confirmed,BABEASCA NEAGRA X CABERNET-SAUVIGNON,10.1007/s00122-012-1988-2,Lacombe 2013,10.1007/s00122-012-1988-2,
CODEGA DO LARINHO,HEBIEN,Parent 1,SSR,SSR,,,VIVC passport (via Cunha 2020),10.3389/fpls.2020.00127,,confirmed,HEBEN X RABIGATO,10.3389/fpls.2020.00127; 10.5073/vitis.2015.54.special-issue.81-86,Cunha 2020,10.3389/fpls.2020.00127,10.5073/vitis.2015.54.special-issue.81-86
CODEGA DO LARINHO,RABIGATO,Parent 2,SSR,SSR,,,VIVC passport (via Cunha 2020),10.3389/fpls.2020.00127,,confirmed,HEBEN X RABIGATO,10.3389/fpls.2020.00127; 10.5073/vitis.2015.54.special-issue.81-86,Cunha 2020,10.3389/fpls.2020.00127,10.5073/vitis.2015.54.special-issue.81-86
COLGAR ROJA,OHANES,Parent 1,SSR,SSR,,,VIVC passport (pedigree confirmed by markers),,,confirmed,OHANES X RAGOL,,none,,
COLGAR ROJA,RAGOL,Parent 2,SSR,SSR,,,VIVC passport (pedigree confirmed by markers),,,confirmed,OHANES X RAGOL,,none,,
COLMAN BLANC,BLACK ALICANTE,Parent 1,SSR,SSR,,,VIVC passport (via Lacombe 2013),10.1007/s00122-012-1988-2,,confirmed,BLACK ALICANTE X GROS COLMAN,10.1007/s00122-012-1988-2,Lacombe 2013,10.1007/s00122-012-1988-2,
COLMAN BLANC,GROS COLMAN,Parent 2,SSR,SSR,,,VIVC passport (via Lacombe 2013),10.1007/s00122-012-1988-2,,confirmed,BLACK ALICANTE X GROS COLMAN,10.1007/s00122-012-1988-2,Lacombe 2013,10.1007/s00122-012-1988-2,
COLORAILLO,MARUFO,Parent 1,SSR,SSR,,,VIVC passport (pedigree confirmed by markers),10.1007/s10722-013-0064-3,,confirmed,MARUFO X TEMPRANILLO,10.1007/s10722-013-0064-3; 10.5344/ajev.2012.12012,none,10.1007/s10722-013-0064-3,10.1007/s10722-013-0064-3; 10.5344/ajev.2012.12012
COLORAILLO,TEMPRANILLO,Parent 2,SSR,SSR,,,VIVC passport (pedigree confirmed by markers),10.1007/s10722-013-0064-3,,confirmed,MARUFO X TEMPRANILLO,10.1007/s10722-013-0064-3; 10.5344/ajev.2012.12012,none,10.1007/s10722-013-0064-3,10.1007/s10722-013-0064-3; 10.5344/ajev.2012.12012
CONCA D'ORO,TRUNZO,Parent 1,SSR,SSR,,,VIVC passport (via Lacombe & Emanuelli 2020),10.3389/fpls.2020.605934,,confirmed,TRUNZO X CHASSELAS,10.1186/s12870-018-1576-y; 10.3389/fpls.2020.605934,Lacombe & Emanuelli 2020,10.1186/s12870-018-1576-y,10.1186/s12870-018-1576-y
CONCA D'ORO,CHASSELAS,Parent 2,SSR,SSR,,,VIVC passport (via Lacombe & Emanuelli 2020),10.3389/fpls.2020.605934,,confirmed,TRUNZO X CHASSELAS,10.1186/s12870-018-1576-y; 10.3389/fpls.2020.605934,Lacombe & Emanuelli 2020,10.1186/s12870-018-1576-y,10.1186/s12870-018-1576-y
CONCORD,CATAWBA,Parent 1,SSR,SSR,,,VIVC passport (pedigree confirmed by markers),10.5073/vitis.2016.55.53-56,,confirmed,CATAWBA X VITIS LABRUSCA LINNE,10.5073/vitis.2016.55.53-56,none,10.5073/vitis.2016.55.53-56,10.5073/vitis.2016.55.53-56
CONCORD,VITIS LABRUSCA LINNE,Parent 2,SSR,SSR,,,VIVC passport (pedigree confirmed by markers),10.5073/vitis.2016.55.53-56,,confirmed,CATAWBA X VITIS LABRUSCA LINNE,10.5073/vitis.2016.55.53-56,none,10.5073/vitis.2016.55.53-56,10.5073/vitis.2016.55.53-56
COVE,HARSLEVELUE,Parent 1,SSR,SSR,,,VIVC passport (via Cipriani 2010),10.1007/s00122-010-1411-9,,confirmed,HARSLEVELUE X HARSLEVELUE,10.1007/s00122-010-1411-9; 10.1016/j.scienta.2017.02.044,Cipriani 2010,10.1007/s00122-010-1411-9,10.1016/j.scienta.2017.02.044
COVE,HARSLEVELUE,Parent 2,SSR,SSR,,,VIVC passport (via Cipriani 2010),10.1007/s00122-010-1411-9,,confirmed,HARSLEVELUE X HARSLEVELUE,10.1007/s00122-010-1411-9; 10.1016/j.scienta.2017.02.044,Cipriani 2010,10.1007/s00122-010-1411-9,10.1016/j.scienta.2017.02.044
CORNEILLE,CHASSELAS,Parent 1,SSR,SSR,,,VIVC passport (via Lacombe 2013),10.1007/s00122-012-1988-2,,confirmed,CHASSELAS X SCHIAVA GROSSA,10.1007/s00122-012-1988-2,Lacombe 2013,10.1007/s00122-012-1988-2,
CORNEILLE,SCHIAVA GROSSA,Parent 2,SSR,SSR,,,VIVC passport (via Lacombe 2013),10.1007/s00122-012-1988-2,,confirmed,CHASSELAS X SCHIAVA GROSSA,10.1007/s00122-012-1988-2,Lacombe 2013,10.1007/s00122-012-1988-2,
CORNIFESTO,CAYETANA BLANCA,Parent 1,SSR,SSR,,,VIVC passport (via Cunha 2020; Lacombe & Emanuelli 2020; Lacombe 2013; Laucou 2018),10.1007/s00122-012-1988-2,,confirmed,CAYETANA BLANCA X ALFROCHEIRO PRETO,10.1007/s00122-012-1988-2; 10.1371/journal.pone.0192540; 10.3389/fpls.2020.00127; 10.3389/fpls.2020.605934; 10.5073/vitis.2015.54.special-issue.59-65; 10.5344/ajev.2011.11052,Cunha 2020; Lacombe & Emanuelli 2020; Lacombe 2013; Laucou 2018,10.1007/s00122-012-1988-2,10.5073/vitis.2015.54.special-issue.59-65; 10.5344/ajev.2011.11052
CORNIFESTO,ALFROCHEIRO PRETO,Parent 2,SSR,SSR,,,VIVC passport (via Cunha 2020; Lacombe & Emanuelli 2020; Lacombe 2013; Laucou 2018),10.1007/s00122-012-1988-2,,confirmed,CAYETANA BLANCA X ALFROCHEIRO PRETO,10.1007/s00122-012-1988-2; 10.1371/journal.pone.0192540; 10.3389/fpls.2020.00127; 10.3389/fpls.2020.605934; 10.5073/vitis.2015.54.special-issue.59-65; 10.5344/ajev.2011.11052,Cunha 2020; Lacombe & Emanuelli 2020; Lacombe 2013; Laucou 2018,10.1007/s00122-012-1988-2,10.5073/vitis.2015.54.special-issue.59-65; 10.5344/ajev.2011.11052
COSMO 2,BERLANDIERI RESSEGUIER 2,Parent 1,SSR,SSR,,,VIVC passport (pedigree confirmed by markers),10.1007/s00122-019-03320-5,,confirmed,BERLANDIERI RESSEGUIER 2 X GLOIRE DE MONTPELLIER,10.1007/s00122-019-03320-5,none,10.1007/s00122-019-03320-5,10.1007/s00122-019-03320-5
COSMO 2,RIPARIA GLOIRE DE MONTPELLIER,Parent 2,SSR,SSR,,,VIVC passport (pedigree confirmed by markers),10.1007/s00122-019-03320-5,,confirmed,BERLANDIERI RESSEGUIER 2 X GLOIRE DE MONTPELLIER,10.1007/s00122-019-03320-5,none,10.1007/s00122-019-03320-5,10.1007/s00122-019-03320-5
COSMO 4,RESSEGUIER N. 2,Parent 1,SSR,SSR,,,VIVC passport (via Migliaro 2019),10.5344/ajev.2019.18054,,confirmed,RESSEGUIER N. 2 X GLOIRE DE MONTPELLIER,10.5344/ajev.2019.18054,Migliaro 2019,10.5344/ajev.2019.18054,
COSMO 4,RIPARIA GLOIRE DE MONTPELLIER,Parent 2,SSR,SSR,,,VIVC passport (via Migliaro 2019),10.5344/ajev.2019.18054,,confirmed,RESSEGUIER N. 2 X GLOIRE DE MONTPELLIER,10.5344/ajev.2019.18054,Migliaro 2019,10.5344/ajev.2019.18054,
COSMO 7,RESSEGUIER N. 2,Parent 1,SSR,SSR,,,VIVC passport (via Migliaro 2019),10.5344/ajev.2019.18054,,confirmed,RESSEGUIER N. 2 X GLOIRE DE MONTPELLIER,10.5344/ajev.2019.18054,Migliaro 2019,10.5344/ajev.2019.18054,
COSMO 7,RIPARIA GLOIRE DE MONTPELLIER,Parent 2,SSR,SSR,,,VIVC passport (via Migliaro 2019),10.5344/ajev.2019.18054,,confirmed,RESSEGUIER N. 2 X GLOIRE DE MONTPELLIER,10.5344/ajev.2019.18054,Migliaro 2019,10.5344/ajev.2019.18054,
COSMO 9,RESSEGUIER N. 2,Parent 1,SSR,SSR,,,VIVC passport (via Migliaro 2019),10.5344/ajev.2019.18054,,confirmed,RESSEGUIER N. 2 X GLOIRE DE MONTPELLIER,10.5344/ajev.2019.18054,Migliaro 2019,10.5344/ajev.2019.18054,
COSMO 9,RIPARIA GLOIRE DE MONTPELLIER,Parent 2,SSR,SSR,,,VIVC passport (via Migliaro 2019),10.5344/ajev.2019.18054,,confirmed,RESSEGUIER N. 2 X GLOIRE DE MONTPELLIER,10.5344/ajev.2019.18054,Migliaro 2019,10.5344/ajev.2019.18054,
COSMO 10,BERLANDIERI RESSEGUIER 2,Parent 1,SSR,SSR,,,VIVC passport (via Migliaro 2019),10.5344/ajev.2019.18054,,confirmed,BERLANDIERI RESSEGUIER 2 X GLOIRE DE MONTPELLIER,10.1007/s00122-019-03320-5; 10.5344/ajev.2019.18054,Migliaro 2019,10.1007/s00122-019-03320-5,10.1007/s00122-019-03320-5
COSMO 10,RIPARIA GLOIRE DE MONTPELLIER,Parent 2,SSR,SSR,,,VIVC passport (via Migliaro 2019),10.5344/ajev.2019.18054,,confirmed,BERLANDIERI RESSEGUIER 2 X GLOIRE DE MONTPELLIER,10.1007/s00122-019-03320-5; 10.5344/ajev.2019.18054,Migliaro 2019,10.1007/s00122-019-03320-5,10.1007/s00122-019-03320-5
COT,MAGDELEINE NOIRE DES CHARENTES,Parent 1,SSR,SSR,,,VIVC passport (via Lacombe 2013),10.1007/s00122-012-1988-2,,confirmed,MAGDELEINE NOIRE DES CHARENTES X PRUNELARD,10.1007/s00122-012-1988-2; 10.1111/j.1755-0238.2008.00041.x,Lacombe 2013,10.1007/s00122-012-1988-2,10.1111/j.1755-0238.2008.00041.x
COT,PRUNELARD,Parent 2,SSR,SSR,,,VIVC passport (via Lacombe 2013),10.1007/s00122-012-1988-2,,confirmed,MAGDELEINE NOIRE DES CHARENTES X PRUNELARD,10.1007/s00122-012-1988-2; 10.1111/j.1755-0238.2008.00041.x,Lacombe 2013,10.1007/s00122-012-1988-2,10.1111/j.1755-0238.2008.00041.x
COUDERC 93- 5,BOURRISQUOU,Parent 1,SSR,SSR,,,VIVC passport (via Migliaro 2019),10.5344/ajev.2019.18054,,confirmed,BOURRISQUOU X PARENT 2 WAS NOT CONFIRMED,10.1007/s00122-019-03320-5; 10.5344/ajev.2019.18054,Migliaro 2019,10.1007/s00122-019-03320-5,10.1007/s00122-019-03320-5
COUDERC 93- 5,PARENT 2 WAS NOT CONFIRMED,Parent 2,SSR,SSR,,,VIVC passport (via Migliaro 2019),10.5344/ajev.2019.18054,,confirmed,BOURRISQUOU X PARENT 2 WAS NOT CONFIRMED,10.1007/s00122-019-03320-5; 10.5344/ajev.2019.18054,Migliaro 2019,10.1007/s00122-019-03320-5,10.1007/s00122-019-03320-5
BELLANDAIS,SEIBEL 6468,Parent 1,SSR,SSR,,,VIVC passport (pedigree confirmed by markers),,,confirmed,SEIBEL 6468 X SEIBEL 5455,,none,,
BELLANDAIS,SEIBEL 5455,Parent 2,SSR,SSR,,,VIVC passport (pedigree confirmed by markers),,,confirmed,SEIBEL 6468 X SEIBEL 5455,,none,,
COUDERC 1202,MOURVEDRE,Parent 1,SSR,SSR,,,VIVC passport (via Migliaro 2019),10.5344/ajev.2019.18054,,confirmed,MONASTRELL X RUPESTRIS GANZIN,10.5344/ajev.2019.18054,Migliaro 2019,10.5344/ajev.2019.18054,
COUDERC 1202,RUPESTRIS GANZIN,Parent 2,SSR,SSR,,,VIVC passport (via Migliaro 2019),10.5344/ajev.2019.18054,,confirmed,MONASTRELL X RUPESTRIS GANZIN,10.5344/ajev.2019.18054,Migliaro 2019,10.5344/ajev.2019.18054,
COUDERC 1613,SOLONIS,Parent 1,SSR,SSR,,,VIVC passport (via Migliaro 2019),10.5344/ajev.2019.18054,,confirmed,SOLONIS X OTHELLO,10.1007/s00122-019-03320-5; 10.5344/ajev.2019.18054,Migliaro 2019,10.1007/s00122-019-03320-5,10.1007/s00122-019-03320-5
COUDERC 1613,OTHELLO,Parent 2,SSR,SSR,,,VIVC passport (via Migliaro 2019),10.5344/ajev.2019.18054,,confirmed,SOLONIS X OTHELLO,10.1007/s00122-019-03320-5; 10.5344/ajev.2019.18054,Migliaro 2019,10.1007/s00122-019-03320-5,10.1007/s00122-019-03320-5
COUDERC 3306,RIPARIA TOMENTEUX,Parent 1,SSR,SSR,,,VIVC passport (via Migliaro 2019),10.5344/ajev.2019.18054,,confirmed,RIPARIA TOMENTEUX X RUPESTRIS MARTIN,10.5344/ajev.2019.18054,Migliaro 2019,10.5344/ajev.2019.18054,
COUDERC 3306,RUPESTRIS MARTIN,Parent 2,SSR,SSR,,,VIVC passport (via Migliaro 2019),10.5344/ajev.2019.18054,,confirmed,RIPARIA TOMENTEUX X RUPESTRIS MARTIN,10.5344/ajev.2019.18054,Migliaro 2019,10.5344/ajev.2019.18054,
COUDERC 3309,RIPARIA TOMENTEUX,Parent 1,SSR,SSR,,,VIVC passport (via Migliaro 2019),10.5344/ajev.2019.18054,,confirmed,RIPARIA TOMENTEUX X RUPESTRIS MARTIN,10.5344/ajev.2019.18054,Migliaro 2019,10.5344/ajev.2019.18054,
COUDERC 3309,RUPESTRIS MARTIN,Parent 2,SSR,SSR,,,VIVC passport (via Migliaro 2019),10.5344/ajev.2019.18054,,confirmed,RIPARIA TOMENTEUX X RUPESTRIS MARTIN,10.5344/ajev.2019.18054,Migliaro 2019,10.5344/ajev.2019.18054,
COWART,HIGGINS,Parent 1,SSR,SSR,,,VIVC passport (pedigree confirmed by markers),10.21273/JASHS.133.4.559,,confirmed,HIGGINS X PARENT 2 WAS NOT CONFIRMED,10.21273/JASHS.133.4.559,none,10.21273/JASHS.133.4.559,10.21273/JASHS.133.4.559
COWART,PARENT 2 WAS NOT CONFIRMED,Parent 2,SSR,SSR,,,VIVC passport (pedigree confirmed by markers),10.21273/JASHS.133.4.559,,confirmed,HIGGINS X PARENT 2 WAS NOT CONFIRMED,10.21273/JASHS.133.4.559,none,10.21273/JASHS.133.4.559,10.21273/JASHS.133.4.559
CRIMPOSIE,BEALA DEBELA,Parent 1,SSR,SSR,,,VIVC passport (via Lacombe 2013),10.1007/s00122-012-1988-2,,confirmed,BEALA DEBELA X ZEMOASA = TIMPURIE,10.1007/s00122-012-1988-2,Lacombe 2013,10.1007/s00122-012-1988-2,
CRIMPOSIE,ZEMOASA = TIMPURIE,Parent 2,SSR,SSR,,,VIVC passport (via Lacombe 2013),10.1007/s00122-012-1988-2,,confirmed,BEALA DEBELA X ZEMOASA = TIMPURIE,10.1007/s00122-012-1988-2,Lacombe 2013,10.1007/s00122-012-1988-2,
CRIOLLA GRANDE SANJUANINA,MISSION,Parent 1,SSR,SSR,,,VIVC passport (via Lacombe & Emanuelli 2020; Lacombe 2013; Laucou 2018),10.1007/s00122-012-1988-2,,confirmed,MISSION X MUSCAT OF ALEXANDRIA,10.1007/s00122-012-1988-2; 10.1016/j.tig.2006.07.008; 10.1111/ajgw.12282; 10.1111/ajgw.12561; 10.1371/journal.pone.0192540; 10.3389/fpls.2020.605934,Lacombe & Emanuelli 2020; Lacombe 2013; Laucou 2018,10.1007/s00122-012-1988-2,10.1016/j.tig.2006.07.008; 10.1111/ajgw.12282; 10.1111/ajgw.12561
CRIOLLA GRANDE SANJUANINA,MUSCAT OF ALEXANDRIA,Parent 2,SSR,SSR,,,VIVC passport (via Lacombe & Emanuelli 2020; Lacombe 2013; Laucou 2018),10.1007/s00122-012-1988-2,,confirmed,MISSION X MUSCAT OF ALEXANDRIA,10.1007/s00122-012-1988-2; 10.1016/j.tig.2006.07.008; 10.1111/ajgw.12282; 10.1111/ajgw.12561; 10.1371/journal.pone.0192540; 10.3389/fpls.2020.605934,Lacombe & Emanuelli 2020; Lacombe 2013; Laucou 2018,10.1007/s00122-012-1988-2,10.1016/j.tig.2006.07.008; 10.1111/ajgw.12282; 10.1111/ajgw.12561
CSOMORIKA,COARNA ALBA,Parent 1,SSR,SSR,,,VIVC passport (via Lacombe 2013),10.1007/s00122-012-1988-2,,confirmed,COARNA ALBA X LISZTES FEHER,10.1007/s00122-012-1988-2,Lacombe 2013,10.1007/s00122-012-1988-2,
CSOMORIKA,LISZTES FEHER,Parent 2,SSR,SSR,,,VIVC passport (via Lacombe 2013),10.1007/s00122-012-1988-2,,confirmed,COARNA ALBA X LISZTES FEHER,10.1007/s00122-012-1988-2,Lacombe 2013,10.1007/s00122-012-1988-2,
CUNNINGHAM,AESTIVALIS,Parent 1,SSR,SSR,,,VIVC passport (pedigree confirmed by markers),,,confirmed,AESTIVALIS X MESLIER PETIT,,none,,
CUNNINGHAM,MESLIER PETIT,Parent 2,SSR,SSR,,,VIVC passport (pedigree confirmed by markers),,,confirmed,AESTIVALIS X MESLIER PETIT,,none,,
CYPERNTRAUBE,ROSA MENNA DI VACCA,Parent 1,SSR,SSR,,,VIVC passport (via Lacombe 2013),10.1007/s00122-012-1988-2,,confirmed,ROSA MENNA DI VACCA X SANTA PAULA,10.1007/s00122-012-1988-2,Lacombe 2013,10.1007/s00122-012-1988-2,
CYPERNTRAUBE,SANTA PAULA,Parent 2,SSR,SSR,,,VIVC passport (via Lacombe 2013),10.1007/s00122-012-1988-2,,confirmed,ROSA MENNA DI VACCA X SANTA PAULA,10.1007/s00122-012-1988-2,Lacombe 2013,10.1007/s00122-012-1988-2,
DAPHNIA,FERRAL = PRUNESTA ROSSO VIOLACEA,Parent 1,SSR,SSR,,,VIVC passport (via Lacombe 2013),10.1007/s00122-012-1988-2,,confirmed,FERRAL = PRUNESTA ROSSO VIOLACEA X ASSOUAD KARECH,10.1007/s00122-012-1988-2,Lacombe 2013,10.1007/s00122-012-1988-2,
DAPHNIA,ASSOUAD KARECH,Parent 2,SSR,SSR,,,VIVC passport (via Lacombe 2013),10.1007/s00122-012-1988-2,,confirmed,FERRAL = PRUNESTA ROSSO VIOLACEA X ASSOUAD KARECH,10.1007/s00122-012-1988-2,Lacombe 2013,10.1007/s00122-012-1988-2,
DALKAUER,MADELEINE ANGEVINE,Parent 1,SSR,SSR,,,VIVC passport (pedigree confirmed by markers),,,confirmed,MADELEINE ANGEVINE X RIESLING,,none,,
DALKAUER,RIESLING,Parent 2,SSR,SSR,,,VIVC passport (pedigree confirmed by markers),,,confirmed,MADELEINE ANGEVINE X RIESLING,,none,,
DALMASSO 3-32,MUSCAT HAMBURG,Parent 1,SSR,SSR,,,VIVC passport (pedigree confirmed by markers),10.1016/j.scienta.2017.02.044,,confirmed,MUSCAT HAMBURG X AFUS ALI,10.1016/j.scienta.2017.02.044,none,10.1016/j.scienta.2017.02.044,10.1016/j.scienta.2017.02.044
DALMASSO 3-32,AFUS ALI,Parent 2,SSR,SSR,,,VIVC passport (pedigree confirmed by markers),10.1016/j.scienta.2017.02.044,,confirmed,MUSCAT HAMBURG X AFUS ALI,10.1016/j.scienta.2017.02.044,none,10.1016/j.scienta.2017.02.044,10.1016/j.scienta.2017.02.044
DALMASSO 3-33,MUSCAT HAMBURG,Parent 1,SSR,SSR,,,VIVC passport (pedigree confirmed by markers),,,confirmed,MUSCAT HAMBURG X REGINA,,none,,
DALMASSO 3-33,REGINA,Parent 2,SSR,SSR,,,VIVC passport (pedigree confirmed by markers),,,confirmed,MUSCAT HAMBURG X REGINA,,none,,
DALMASSO 4- 6,MUSCAT HAMBURG,Parent 1,SSR,SSR,,,VIVC passport (pedigree confirmed by markers),10.1016/j.scienta.2017.02.044,,confirmed,MUSCAT HAMBURG X SCHIAVA GROSSA,10.1016/j.scienta.2017.02.044,none,10.1016/j.scienta.2017.02.044,10.1016/j.scienta.2017.02.044
DALMASSO 4- 6,SCHIAVA GROSSA,Parent 2,SSR,SSR,,,VIVC passport (pedigree confirmed by markers),10.1016/j.scienta.2017.02.044,,confirmed,MUSCAT HAMBURG X SCHIAVA GROSSA,10.1016/j.scienta.2017.02.044,none,10.1016/j.scienta.2017.02.044,10.1016/j.scienta.2017.02.044
DALMASSO 5- 1,SCHIAVA GENTILE,Parent 1,SSR,SSR,,,VIVC passport (pedigree confirmed by markers),10.1016/j.scienta.2017.02.044,,confirmed,SCHIAVA GENTILE X MUSCAT OF ALEXANDRIA,10.1016/j.scienta.2017.02.044,none,10.1016/j.scienta.2017.02.044,10.1016/j.scienta.2017.02.044
DALMASSO 5- 1,MUSCAT OF ALEXANDRIA,Parent 2,SSR,SSR,,,VIVC passport (pedigree confirmed by markers),10.1016/j.scienta.2017.02.044,,confirmed,SCHIAVA GENTILE X MUSCAT OF ALEXANDRIA,10.1016/j.scienta.2017.02.044,none,10.1016/j.scienta.2017.02.044,10.1016/j.scienta.2017.02.044
DALMASSO 6- 6,BICANE,Parent 1,SSR,SSR,,,VIVC passport (pedigree confirmed by markers),10.1016/j.scienta.2017.02.044,,confirmed,BICANE X REGINA,10.1016/j.scienta.2017.02.044,none,10.1016/j.scienta.2017.02.044,10.1016/j.scienta.2017.02.044
DALMASSO 6- 6,REGINA,Parent 2,SSR,SSR,,,VIVC passport (pedigree confirmed by markers),10.1016/j.scienta.2017.02.044,,confirmed,BICANE X REGINA,10.1016/j.scienta.2017.02.044,none,10.1016/j.scienta.2017.02.044,10.1016/j.scienta.2017.02.044
DALMASSO 6- 9,BICANE,Parent 1,SSR,SSR,,,VIVC passport (pedigree confirmed by markers),10.1016/j.scienta.2017.02.044,,confirmed,BICANE X AFUS ALI,10.1016/j.scienta.2017.02.044,none,10.1016/j.scienta.2017.02.044,10.1016/j.scienta.2017.02.044
DALMASSO 6- 9,AFUS ALI,Parent 2,SSR,SSR,,,VIVC passport (pedigree confirmed by markers),10.1016/j.scienta.2017.02.044,,confirmed,BICANE X AFUS ALI,10.1016/j.scienta.2017.02.044,none,10.1016/j.scienta.2017.02.044,10.1016/j.scienta.2017.02.044
DALMASSO 6-24,BICANE,Parent 1,SSR,SSR,,,VIVC passport (pedigree confirmed by markers),10.1016/j.scienta.2017.02.044,,confirmed,BICANE X CHASSELAS,10.1016/j.scienta.2017.02.044,none,10.1016/j.scienta.2017.02.044,10.1016/j.scienta.2017.02.044
DALMASSO 6-24,CHASSELAS,Parent 2,SSR,SSR,,,VIVC passport (pedigree confirmed by markers),10.1016/j.scienta.2017.02.044,,confirmed,BICANE X CHASSELAS,10.1016/j.scienta.2017.02.044,none,10.1016/j.scienta.2017.02.044,10.1016/j.scienta.2017.02.044
DALMASSO 8- 1,BICANE,Parent 1,SSR,SSR,,,VIVC passport (pedigree confirmed by markers),10.1016/j.scienta.2017.02.044,,confirmed,BICANE X MUSCAT HAMBURG,10.1016/j.scienta.2017.02.044,none,10.1016/j.scienta.2017.02.044,10.1016/j.scienta.2017.02.044
DALMASSO 8- 1,MUSCAT HAMBURG,Parent 2,SSR,SSR,,,VIVC passport (pedigree confirmed by markers),10.1016/j.scienta.2017.02.044,,confirmed,BICANE X MUSCAT HAMBURG,10.1016/j.scienta.2017.02.044,none,10.1016/j.scienta.2017.02.044,10.1016/j.scienta.2017.02.044
BIONDA,BICANE,Parent 1,SSR,SSR,,,VIVC passport (pedigree confirmed by markers),10.1016/j.scienta.2017.02.044,,confirmed,BICANE X MUSCAT HAMBURG,10.1016/j.scienta.2017.02.044,none,10.1016/j.scienta.2017.02.044,10.1016/j.scienta.2017.02.044
BIONDA,MUSCAT HAMBURG,Parent 2,SSR,SSR,,,VIVC passport (pedigree confirmed by markers),10.1016/j.scienta.2017.02.044,,confirmed,BICANE X MUSCAT HAMBURG,10.1016/j.scienta.2017.02.044,none,10.1016/j.scienta.2017.02.044,10.1016/j.scienta.2017.02.044
DALMASSO 9- 2,SCHIAVA GENTILE,Parent 1,SSR,SSR,,,VIVC passport (pedigree confirmed by markers),10.1016/j.scienta.2017.02.044,,confirmed,SCHIAVA GENTILE X MUSCAT OF ALEXANDRIA,10.1016/j.scienta.2017.02.044,none,10.1016/j.scienta.2017.02.044,10.1016/j.scienta.2017.02.044
DALMASSO 9- 2,MUSCAT OF ALEXANDRIA,Parent 2,SSR,SSR,,,VIVC passport (pedigree confirmed by markers),10.1016/j.scienta.2017.02.044,,confirmed,SCHIAVA GENTILE X MUSCAT OF ALEXANDRIA,10.1016/j.scienta.2017.02.044,none,10.1016/j.scienta.2017.02.044,10.1016/j.scienta.2017.02.044
DALMASSO 10-10,VERDISO,Parent 1,SSR,SSR,,,VIVC passport (pedigree confirmed by markers),10.1016/j.scienta.2017.02.044,,confirmed,VERDISO X MADELEINE ROYALE,10.1016/j.scienta.2017.02.044,none,10.1016/j.scienta.2017.02.044,10.1016/j.scienta.2017.02.044
DALMASSO 10-10,MADELEINE ROYALE,Parent 2,SSR,SSR,,,VIVC passport (pedigree confirmed by markers),10.1016/j.scienta.2017.02.044,,confirmed,VERDISO X MADELEINE ROYALE,10.1016/j.scienta.2017.02.044,none,10.1016/j.scienta.2017.02.044,10.1016/j.scienta.2017.02.044
DALMASSO 10- 4,VERDISO,Parent 1,SSR,SSR,,,VIVC passport (pedigree confirmed by markers),10.1016/j.scienta.2017.02.044,,confirmed,VERDISO X MADELEINE ROYALE,10.1016/j.scienta.2017.02.044,none,10.1016/j.scienta.2017.02.044,10.1016/j.scienta.2017.02.044
DALMASSO 10- 4,MADELEINE ROYALE,Parent 2,SSR,SSR,,,VIVC passport (pedigree confirmed by markers),10.1016/j.scienta.2017.02.044,,confirmed,VERDISO X MADELEINE ROYALE,10.1016/j.scienta.2017.02.044,none,10.1016/j.scienta.2017.02.044,10.1016/j.scienta.2017.02.044
DALMASSO 11- 2,MUSCAT HAMBURG,Parent 1,SSR,SSR,,,VIVC passport (pedigree confirmed by markers),10.1016/j.scienta.2017.02.044,,confirmed,MUSCAT HAMBURG X AFUS ALI,10.1016/j.scienta.2017.02.044,none,10.1016/j.scienta.2017.02.044,10.1016/j.scienta.2017.02.044
DALMASSO 11- 2,AFUS ALI,Parent 2,SSR,SSR,,,VIVC passport (pedigree confirmed by markers),10.1016/j.scienta.2017.02.044,,confirmed,MUSCAT HAMBURG X AFUS ALI,10.1016/j.scienta.2017.02.044,none,10.1016/j.scienta.2017.02.044,10.1016/j.scienta.2017.02.044
DALMASSO 11- 5,MUSCAT HAMBURG,Parent 1,SSR,SSR,,,VIVC passport (pedigree confirmed by markers),10.1016/j.scienta.2017.02.044,,confirmed,MUSCAT HAMBURG X AFUS ALI,10.1016/j.scienta.2017.02.044,none,10.1016/j.scienta.2017.02.044,10.1016/j.scienta.2017.02.044
DALMASSO 11- 5,AFUS ALI,Parent 2,SSR,SSR,,,VIVC passport (pedigree confirmed by markers),10.1016/j.scienta.2017.02.044,,confirmed,MUSCAT HAMBURG X AFUS ALI,10.1016/j.scienta.2017.02.044,none,10.1016/j.scienta.2017.02.044,10.1016/j.scienta.2017.02.044
DALMASSO 11- 6,MUSCAT HAMBURG,Parent 1,SSR,SSR,,,VIVC passport (pedigree confirmed by markers),10.1016/j.scienta.2017.02.044,,confirmed,MUSCAT HAMBURG X AFUS ALI,10.1016/j.scienta.2017.02.044,none,10.1016/j.scienta.2017.02.044,10.1016/j.scienta.2017.02.044
DALMASSO 11- 6,AFUS ALI,Parent 2,SSR,SSR,,,VIVC passport (pedigree confirmed by markers),10.1016/j.scienta.2017.02.044,,confirmed,MUSCAT HAMBURG X AFUS ALI,10.1016/j.scienta.2017.02.044,none,10.1016/j.scienta.2017.02.044,10.1016/j.scienta.2017.02.044
DALMASSO 11- 8,MUSCAT HAMBURG,Parent 1,SSR,SSR,,,VIVC passport (pedigree confirmed by markers),,,confirmed,MUSCAT HAMBURG X REGINA,,none,,
DALMASSO 11- 8,REGINA,Parent 2,SSR,SSR,,,VIVC passport (pedigree confirmed by markers),,,confirmed,MUSCAT HAMBURG X REGINA,,none,,
DALMASSO 11-20,MUSCAT HAMBURG,Parent 1,SSR,SSR,,,VIVC passport (pedigree confirmed by markers),10.1016/j.scienta.2017.02.044,,confirmed,MUSCAT HAMBURG X REGINA,10.1016/j.scienta.2017.02.044,none,10.1016/j.scienta.2017.02.044,10.1016/j.scienta.2017.02.044
DALMASSO 11-20,REGINA,Parent 2,SSR,SSR,,,VIVC passport (pedigree confirmed by markers),10.1016/j.scienta.2017.02.044,,confirmed,MUSCAT HAMBURG X REGINA,10.1016/j.scienta.2017.02.044,none,10.1016/j.scienta.2017.02.044,10.1016/j.scienta.2017.02.044
DALMASSO 12- 26,FURMINT,Parent 1,SSR,SSR,,,VIVC passport (pedigree confirmed by markers),10.1016/j.scienta.2017.02.044,,confirmed,FURMINT X MALVASIA BIANCA LUNGA,10.1016/j.scienta.2017.02.044,none,10.1016/j.scienta.2017.02.044,10.1016/j.scienta.2017.02.044
DALMASSO 12- 26,MALVASIA BIANCA LUNGA,Parent 2,SSR,SSR,,,VIVC passport (pedigree confirmed by markers),10.1016/j.scienta.2017.02.044,,confirmed,FURMINT X MALVASIA BIANCA LUNGA,10.1016/j.scienta.2017.02.044,none,10.1016/j.scienta.2017.02.044,10.1016/j.scienta.2017.02.044
DALMASSO 12- 40,WELSCHRIESLING,Parent 1,SSR,SSR,,,VIVC passport (pedigree confirmed by markers),10.1016/j.scienta.2017.02.044,,confirmed,WELSCHRIESLING X RIESLING WEISS,10.1016/j.scienta.2017.02.044,none,10.1016/j.scienta.2017.02.044,10.1016/j.scienta.2017.02.044
DALMASSO 12- 40,RIESLING WEISS,Parent 2,SSR,SSR,,,VIVC passport (pedigree confirmed by markers),10.1016/j.scienta.2017.02.044,,confirmed,WELSCHRIESLING X RIESLING WEISS,10.1016/j.scienta.2017.02.044,none,10.1016/j.scienta.2017.02.044,10.1016/j.scienta.2017.02.044
DALMASSO 14- 4,GRIGNOLINO,Parent 1,SSR,SSR,,,VIVC passport (pedigree confirmed by markers),10.1016/j.scienta.2017.02.044,,confirmed,GRIGNOLINO X GRIGNOLINO,10.1016/j.scienta.2017.02.044,none,10.1016/j.scienta.2017.02.044,10.1016/j.scienta.2017.02.044
DALMASSO 14- 4,GRIGNOLINO,Parent 2,SSR,SSR,,,VIVC passport (pedigree confirmed by markers),10.1016/j.scienta.2017.02.044,,confirmed,GRIGNOLINO X GRIGNOLINO,10.1016/j.scienta.2017.02.044,none,10.1016/j.scienta.2017.02.044,10.1016/j.scienta.2017.02.044
DALMASSO 14- 15,GRIGNOLINO,Parent 1,SSR,SSR,,,VIVC passport (pedigree confirmed by markers),10.1016/j.scienta.2017.02.044,,confirmed,GRIGNOLINO X MORADELLA,10.1016/j.scienta.2017.02.044,none,10.1016/j.scienta.2017.02.044,10.1016/j.scienta.2017.02.044
DALMASSO 14- 15,MORADELLA,Parent 2,SSR,SSR,,,VIVC passport (pedigree confirmed by markers),10.1016/j.scienta.2017.02.044,,confirmed,GRIGNOLINO X MORADELLA,10.1016/j.scienta.2017.02.044,none,10.1016/j.scienta.2017.02.044,10.1016/j.scienta.2017.02.044
DALNEVOSTOCHNYI RAMMINGA,DALNEVOSTOCHNYI TIKHONOVA,Parent 1,SSR,SSR,,,VIVC passport (pedigree confirmed by markers),,,confirmed,DALNEVOSTOCHNYI TIKHONOVA X TAEZHNYI IZUMRUD,,none,,
DALNEVOSTOCHNYI RAMMINGA,TAEZHNYI IZUMRUD,Parent 2,SSR,SSR,,,VIVC passport (pedigree confirmed by markers),,,confirmed,DALNEVOSTOCHNYI TIKHONOVA X TAEZHNYI IZUMRUD,,none,,
DAMERON,GOUAIS BLANC,Parent 1,SSR,SSR,,,VIVC passport (via Lacombe 2013),10.1007/s00122-012-1988-2,,confirmed,HEUNISCH WEISS X PINOT,10.1007/s00122-012-1988-2; 10.1126/science.285.5433.1562,Lacombe 2013,10.1007/s00122-012-1988-2,10.1126/science.285.5433.1562
DAMERON,PINOT,Parent 2,SSR,SSR,,,VIVC passport (via Lacombe 2013),10.1007/s00122-012-1988-2,,confirmed,HEUNISCH WEISS X PINOT,10.1007/s00122-012-1988-2; 10.1126/science.285.5433.1562,Lacombe 2013,10.1007/s00122-012-1988-2,10.1126/science.285.5433.1562
DAN BEN HANNAH,MIKVEH 17,Parent 1,SSR,SSR,,,VIVC passport (via Lacombe 2013),10.1007/s00122-012-1988-2,,confirmed,MIKVEH 17 X ALPHONSE LAVALLEE,10.1007/s00122-012-1988-2,Lacombe 2013,10.1007/s00122-012-1988-2,
DAN BEN HANNAH,ALPHONSE LAVALLEE,Parent 2,SSR,SSR,,,VIVC passport (via Lacombe 2013),10.1007/s00122-012-1988-2,,confirmed,MIKVEH 17 X ALPHONSE LAVALLEE,10.1007/s00122-012-1988-2,Lacombe 2013,10.1007/s00122-012-1988-2,
DANAM,DABOUKI,Parent 1,SSR,SSR,,,VIVC passport (via Lacombe 2013),10.1007/s00122-012-1988-2,,confirmed,DABOUKI X MUSCAT HAMBURG,10.1007/s00122-012-1988-2; 10.1007/s11295-014-0746-9,Lacombe 2013,10.1007/s00122-012-1988-2,10.1007/s11295-014-0746-9
DANAM,MUSCAT HAMBURG,Parent 2,SSR,SSR,,,VIVC passport (via Lacombe 2013),10.1007/s00122-012-1988-2,,confirmed,DABOUKI X MUSCAT HAMBURG,10.1007/s00122-012-1988-2; 10.1007/s11295-014-0746-9,Lacombe 2013,10.1007/s00122-012-1988-2,10.1007/s11295-014-0746-9
DANLAS,DABOUKI,Parent 1,SSR,SSR,,,VIVC passport (via Lacombe 2013),10.1007/s00122-012-1988-2,,confirmed,DABOUKI X CHASSELAS,10.1007/s00122-012-1988-2; 10.1007/s11295-014-0746-9,Lacombe 2013,10.1007/s00122-012-1988-2,10.1007/s11295-014-0746-9
DANLAS,CHASSELAS,Parent 2,SSR,SSR,,,VIVC passport (via Lacombe 2013),10.1007/s00122-012-1988-2,,confirmed,DABOUKI X CHASSELAS,10.1007/s00122-012-1988-2; 10.1007/s11295-014-0746-9,Lacombe 2013,10.1007/s00122-012-1988-2,10.1007/s11295-014-0746-9
DARANYI IGNAC MUSKOTALY,MUSCAT OF ALEXANDRIA,Parent 1,SSR,SSR,,,VIVC passport (via Lacombe 2013),10.1007/s00122-012-1988-2,,confirmed,MUSCAT OF ALEXANDRIA X CHASSELAS,10.1007/s00122-012-1988-2,Lacombe 2013,10.1007/s00122-012-1988-2,
DARANYI IGNAC MUSKOTALY,CHASSELAS,Parent 2,SSR,SSR,,,VIVC passport (via Lacombe 2013),10.1007/s00122-012-1988-2,,confirmed,MUSCAT OF ALEXANDRIA X CHASSELAS,10.1007/s00122-012-1988-2,Lacombe 2013,10.1007/s00122-012-1988-2,
DATAL,MUSCAT OF ALEXANDRIA,Parent 1,SSR,SSR,,,VIVC passport (via Lacombe & Emanuelli 2020; Lacombe 2013; Laucou 2018),10.1007/s00122-012-1988-2,,confirmed,MUSCAT OF ALEXANDRIA X DATTIER DE BEYROUTH,10.1007/s00122-012-1988-2; 10.1371/journal.pone.0192540; 10.21548/39-1-2053; 10.3389/fpls.2020.605934,Lacombe & Emanuelli 2020; Lacombe 2013; Laucou 2018,10.1007/s00122-012-1988-2,10.21548/39-1-2053
DATAL,DATTIER DE BEYROUTH,Parent 2,SSR,SSR,,,VIVC passport (via Lacombe & Emanuelli 2020; Lacombe 2013; Laucou 2018),10.1007/s00122-012-1988-2,,confirmed,MUSCAT OF ALEXANDRIA X DATTIER DE BEYROUTH,10.1007/s00122-012-1988-2; 10.1371/journal.pone.0192540; 10.21548/39-1-2053; 10.3389/fpls.2020.605934,Lacombe & Emanuelli 2020; Lacombe 2013; Laucou 2018,10.1007/s00122-012-1988-2,10.21548/39-1-2053
DATTIER DE ST. VALLIER,MUSCAT HAMBURG,Parent 1,SSR,SSR,,,VIVC passport (via Margaryan 2021),10.3390/biology10121279,,confirmed,MUSCAT HAMBURG X VILLARD BLANC,10.3390/biology10121279,Margaryan 2021,10.3390/biology10121279,
DATTIER DE ST. VALLIER,VILLARD BLANC,Parent 2,SSR,SSR,,,VIVC passport (via Margaryan 2021),10.3390/biology10121279,,confirmed,MUSCAT HAMBURG X VILLARD BLANC,10.3390/biology10121279,Margaryan 2021,10.3390/biology10121279,
DAUPHINE,OHANES,Parent 1,SSR,SSR,,,VIVC passport (via Lacombe 2013),10.1007/s00122-012-1988-2,,confirmed,OHANES X AFUZ ALI,10.1007/s00122-012-1988-2; 10.21548/39-1-2053,Lacombe 2013,10.1007/s00122-012-1988-2,10.21548/39-1-2053
DAUPHINE,AFUZ ALI,Parent 2,SSR,SSR,,,VIVC passport (via Lacombe 2013),10.1007/s00122-012-1988-2,,confirmed,OHANES X AFUZ ALI,10.1007/s00122-012-1988-2; 10.21548/39-1-2053,Lacombe 2013,10.1007/s00122-012-1988-2,10.21548/39-1-2053
DAVID,PRODIGIOSA,Parent 1,SSR,SSR,,,VIVC passport (via Lacombe 2013),10.1007/s00122-012-1988-2,,confirmed,PRODIGIOSA  X MUSCAT D'ALEXANDRIE,10.1007/s00122-012-1988-2,Lacombe 2013,10.1007/s00122-012-1988-2,
DAVID,MUSCAT D'ALEXANDRIE,Parent 2,SSR,SSR,,,VIVC passport (via Lacombe 2013),10.1007/s00122-012-1988-2,,confirmed,PRODIGIOSA  X MUSCAT D'ALEXANDRIE,10.1007/s00122-012-1988-2,Lacombe 2013,10.1007/s00122-012-1988-2,
DAWN SEEDLESS,GOLD,Parent 1,SSR,SSR,,,VIVC passport (via Lacombe 2013),10.1007/s00122-012-1988-2,,confirmed,GOLD X PERLETTE,10.1007/s00122-012-1988-2,Lacombe 2013,10.1007/s00122-012-1988-2,
DAWN SEEDLESS,PERLETTE,Parent 2,SSR,SSR,,,VIVC passport (via Lacombe 2013),10.1007/s00122-012-1988-2,,confirmed,GOLD X PERLETTE,10.1007/s00122-012-1988-2,Lacombe 2013,10.1007/s00122-012-1988-2,
DECKROT,PINOT,Parent 1,SSR,SSR,,,VIVC passport (via Lacombe & Emanuelli 2020; Lacombe 2013; Laucou 2018),10.1007/s00122-012-1988-2,,confirmed,PINOT X TEINTURIER,10.1007/s00122-012-1988-2; 10.1371/journal.pone.0192540; 10.3389/fpls.2020.605934,Lacombe & Emanuelli 2020; Lacombe 2013; Laucou 2018,10.1007/s00122-012-1988-2,
DECKROT,TEINTURIER,Parent 2,SSR,SSR,,,VIVC passport (via Lacombe & Emanuelli 2020; Lacombe 2013; Laucou 2018),10.1007/s00122-012-1988-2,,confirmed,PINOT X TEINTURIER,10.1007/s00122-012-1988-2; 10.1371/journal.pone.0192540; 10.3389/fpls.2020.605934,Lacombe & Emanuelli 2020; Lacombe 2013; Laucou 2018,10.1007/s00122-012-1988-2,
DEKABRSKII,COARNA NEAGRA,Parent 1,SSR,SSR,,,VIVC passport (pedigree confirmed by markers),,,confirmed,COARNA NEAGRA X VILLARD BLANC,,none,,
DEKABRSKII,VILLARD BLANC,Parent 2,SSR,SSR,,,VIVC passport (pedigree confirmed by markers),,,confirmed,COARNA NEAGRA X VILLARD BLANC,,none,,
DELHRO,ALPHONSE LAVALLEE,Parent 1,SSR,SSR,,,VIVC passport (via Lacombe 2013),10.1007/s00122-012-1988-2,,confirmed,ALPHONSE LAVALLEE X PERLE VON CSABA,10.1007/s00122-012-1988-2,Lacombe 2013,10.1007/s00122-012-1988-2,
DELHRO,PERLE VON CSABA,Parent 2,SSR,SSR,,,VIVC passport (via Lacombe 2013),10.1007/s00122-012-1988-2,,confirmed,ALPHONSE LAVALLEE X PERLE VON CSABA,10.1007/s00122-012-1988-2,Lacombe 2013,10.1007/s00122-012-1988-2,
DELICIOSA,ALICANTE HENRI BOUSCHET,Parent 1,SSR,SSR,,,VIVC passport (via Cunha 2020),10.3389/fpls.2020.00127,,confirmed,ALICANTE HENRI BOUSCHET X MONTUA,10.3389/fpls.2020.00127,Cunha 2020,10.3389/fpls.2020.00127,
DELICIOSA,MONTUA,Parent 2,SSR,SSR,,,VIVC passport (via Cunha 2020),10.3389/fpls.2020.00127,,confirmed,ALICANTE HENRI BOUSCHET X MONTUA,10.3389/fpls.2020.00127,Cunha 2020,10.3389/fpls.2020.00127,
DELIGHT,KOENIGIN DER WEINGAERTEN,Parent 1,SSR,SSR,,,VIVC passport (via Cipriani 2010; Lacombe 2013),10.1007/s00122-012-1988-2,,confirmed,KOENIGIN DER WEINGAERTEN X SULTANINE,10.1007/s00122-010-1411-9; 10.1007/s00122-012-1988-2; 10.5344/ajev.2016.16068,Cipriani 2010; Lacombe 2013,10.1007/s00122-010-1411-9,10.5344/ajev.2016.16068
DELIGHT,SULTANINE,Parent 2,SSR,SSR,,,VIVC passport (via Cipriani 2010; Lacombe 2013),10.1007/s00122-012-1988-2,,confirmed,KOENIGIN DER WEINGAERTEN X SULTANINE,10.1007/s00122-010-1411-9; 10.1007/s00122-012-1988-2; 10.5344/ajev.2016.16068,Cipriani 2010; Lacombe 2013,10.1007/s00122-010-1411-9,10.5344/ajev.2016.16068
DELIZIA DI VAPRIO,SICILIEN,Parent 1,SSR,SSR,,,VIVC passport (via Lacombe 2013),10.1007/s00122-012-1988-2,,confirmed,SICILIEN X MUSCAT OF ALEXANDRIA,10.1007/s00122-012-1988-2; 10.1007/s11295-014-0746-9,Lacombe 2013,10.1007/s00122-012-1988-2,10.1007/s11295-014-0746-9
DELIZIA DI VAPRIO,MUSCAT OF ALEXANDRIA,Parent 2,SSR,SSR,,,VIVC passport (via Lacombe 2013),10.1007/s00122-012-1988-2,,confirmed,SICILIEN X MUSCAT OF ALEXANDRIA,10.1007/s00122-012-1988-2; 10.1007/s11295-014-0746-9,Lacombe 2013,10.1007/s00122-012-1988-2,10.1007/s11295-014-0746-9
DEMIR KAPIJA,MUSCAT OTTONEL,Parent 1,SSR,SSR,,,VIVC passport (pedigree confirmed by markers),,,confirmed,MUSCAT OTTONEL X KOENIGIN DER WEINGAERTEN,,none,,
DEMIR KAPIJA,KOENIGIN DER WEINGAERTEN,Parent 2,SSR,SSR,,,VIVC passport (pedigree confirmed by markers),,,confirmed,MUSCAT OTTONEL X KOENIGIN DER WEINGAERTEN,,none,,
DIAMANTMUSKAT,RIESLING,Parent 1,SSR,SSR,,,VIVC passport (pedigree confirmed by markers),,,confirmed,RIESLING X MUSCAT ST. LAURENT,,none,,
DIAMANTMUSKAT,MUSCAT ST. LAURENT,Parent 2,SSR,SSR,,,VIVC passport (pedigree confirmed by markers),,,confirmed,RIESLING X MUSCAT ST. LAURENT,,none,,
DIAMOND,CONCORD,Parent 1,SSR,SSR,,,VIVC passport (pedigree confirmed by markers),,,confirmed,CONCORD X IONA,,none,,
DIAMOND,IONA,Parent 2,SSR,SSR,,,VIVC passport (pedigree confirmed by markers),,,confirmed,CONCORD X IONA,,none,,
DIANA,SILVANER,Parent 1,SSR,SSR,,,VIVC passport (pedigree confirmed by markers),,,confirmed,SILVANER X MUELLER THURGAU,,none,,
DIANA,MUELLER THURGAU,Parent 2,SSR,SSR,,,VIVC passport (pedigree confirmed by markers),,,confirmed,SILVANER X MUELLER THURGAU,,none,,
DIXIELAND,FRY,Parent 1,SSR,SSR,,,VIVC passport (pedigree confirmed by markers),10.21273/JASHS.133.4.559,,confirmed,FRY X PARENT 2 WAS NOT CONFIRMED,10.21273/JASHS.133.4.559,none,10.21273/JASHS.133.4.559,10.21273/JASHS.133.4.559
DIXIELAND,PARENT 2 WAS NOT CONFIRMED,Parent 2,SSR,SSR,,,VIVC passport (pedigree confirmed by markers),10.21273/JASHS.133.4.559,,confirmed,FRY X PARENT 2 WAS NOT CONFIRMED,10.21273/JASHS.133.4.559,none,10.21273/JASHS.133.4.559,10.21273/JASHS.133.4.559
DLININOKHVOSTYI,COARNA ALBA,Parent 1,SSR,SSR,,,VIVC passport (via Lacombe 2013),10.1007/s00122-012-1988-2,,confirmed,COARNA ALBA X EKIM KARA FAUX,10.1007/s00122-012-1988-2,Lacombe 2013,10.1007/s00122-012-1988-2,
DLININOKHVOSTYI,EKIM KARA FAUX,Parent 2,SSR,SSR,,,VIVC passport (via Lacombe 2013),10.1007/s00122-012-1988-2,,confirmed,COARNA ALBA X EKIM KARA FAUX,10.1007/s00122-012-1988-2,Lacombe 2013,10.1007/s00122-012-1988-2,
DODRELYABI,FURJMONY FEHER,Parent 1,SSR,SSR,,,VIVC passport (via Lacombe 2013),10.1007/s00122-012-1988-2,,confirmed,FURJMONY FEHER X KADARKA,10.1007/s00122-012-1988-2,Lacombe 2013,10.1007/s00122-012-1988-2,
DODRELYABI,KADARKA,Parent 2,SSR,SSR,,,VIVC passport (via Lacombe 2013),10.1007/s00122-012-1988-2,,confirmed,FURJMONY FEHER X KADARKA,10.1007/s00122-012-1988-2,Lacombe 2013,10.1007/s00122-012-1988-2,
DOLCETTO,DOLCETTO BIANCO,Parent 1,SSR,SSR,,,VIVC passport (pedigree confirmed by markers),10.1038/s41598-020-72799-6,,confirmed,DOLCETTO BIANCO X MOISSAN,10.1038/s41598-020-72799-6,none,10.1038/s41598-020-72799-6,10.1038/s41598-020-72799-6
DOLCETTO,MOISSAN,Parent 2,SSR,SSR,,,VIVC passport (pedigree confirmed by markers),10.1038/s41598-020-72799-6,,confirmed,DOLCETTO BIANCO X MOISSAN,10.1038/s41598-020-72799-6,none,10.1038/s41598-020-72799-6,10.1038/s41598-020-72799-6
DOMINA,PORTUGIESER,Parent 1,SSR,SSR,,,VIVC passport (via Lacombe & Emanuelli 2020; Lacombe 2013; Laucou 2018),10.1007/s00122-012-1988-2,,confirmed,PORTUGIESER X SPAETBURGUNDER,10.1007/s00122-012-1988-2; 10.1371/journal.pone.0192540; 10.3389/fpls.2020.605934,Lacombe & Emanuelli 2020; Lacombe 2013; Laucou 2018,10.1007/s00122-012-1988-2,
DOMINA,SPAETBURGUNDER,Parent 2,SSR,SSR,,,VIVC passport (via Lacombe & Emanuelli 2020; Lacombe 2013; Laucou 2018),10.1007/s00122-012-1988-2,,confirmed,PORTUGIESER X SPAETBURGUNDER,10.1007/s00122-012-1988-2; 10.1371/journal.pone.0192540; 10.3389/fpls.2020.605934,Lacombe & Emanuelli 2020; Lacombe 2013; Laucou 2018,10.1007/s00122-012-1988-2,
DONA MARIA,MOSCATEL DE SETUBAL,Parent 1,SSR,SSR,,,VIVC passport (via Lacombe & Emanuelli 2020; Lacombe 2013; Laucou 2018),10.1007/s00122-012-1988-2,,confirmed,MOSCATEL DE SETUBAL X ROSAKI,10.1007/s00122-012-1988-2; 10.1371/journal.pone.0192540; 10.3389/fpls.2020.605934,Lacombe & Emanuelli 2020; Lacombe 2013; Laucou 2018,10.1007/s00122-012-1988-2,
DONA MARIA,ROSAKI,Parent 2,SSR,SSR,,,VIVC passport (via Lacombe & Emanuelli 2020; Lacombe 2013; Laucou 2018),10.1007/s00122-012-1988-2,,confirmed,MOSCATEL DE SETUBAL X ROSAKI,10.1007/s00122-012-1988-2; 10.1371/journal.pone.0192540; 10.3389/fpls.2020.605934,Lacombe & Emanuelli 2020; Lacombe 2013; Laucou 2018,10.1007/s00122-012-1988-2,
DONZELINHO BRANCO,CAINHO DA TERRA,Parent 1,SSR,SSR,,,VIVC passport (via Cunha 2020),10.3389/fpls.2020.00127,,confirmed,CAINHO DA TERRA X GOUVEIO,10.3389/fpls.2020.00127,Cunha 2020,10.3389/fpls.2020.00127,
DONZELINHO BRANCO,GOUVEIO,Parent 2,SSR,SSR,,,VIVC passport (via Cunha 2020),10.3389/fpls.2020.00127,,confirmed,CAINHO DA TERRA X GOUVEIO,10.3389/fpls.2020.00127,Cunha 2020,10.3389/fpls.2020.00127,
DONZELINHO TINTO,CAINHO DA TERRA,Parent 1,SSR,SSR,,,VIVC passport (via Cunha 2020),10.3389/fpls.2020.00127,,confirmed,CAINHO DA TERRA X GOUVEIO,10.3389/fpls.2020.00127,Cunha 2020,10.3389/fpls.2020.00127,
DONZELINHO TINTO,GOUVEIO,Parent 2,SSR,SSR,,,VIVC passport (via Cunha 2020),10.3389/fpls.2020.00127,,confirmed,CAINHO DA TERRA X GOUVEIO,10.3389/fpls.2020.00127,Cunha 2020,10.3389/fpls.2020.00127,
DORNFELDER,HELFENSTEINER,Parent 1,SSR,SSR,,,VIVC passport (via Lacombe 2013),10.1007/s00122-012-1988-2,,confirmed,HELFENSTEINER X HEROLDREBE,10.1007/s00122-012-1988-2,Lacombe 2013,10.1007/s00122-012-1988-2,
DORNFELDER,HEROLDREBE,Parent 2,SSR,SSR,,,VIVC passport (via Lacombe 2013),10.1007/s00122-012-1988-2,,confirmed,HELFENSTEINER X HEROLDREBE,10.1007/s00122-012-1988-2,Lacombe 2013,10.1007/s00122-012-1988-2,
DORONA VENEZIANA,BERMESTIA BIANCA,Parent 1,SSR,SSR,,,VIVC passport (via Lacombe & Emanuelli 2020; Lacombe 2013),10.1007/s00122-012-1988-2,,confirmed,BERMESTIA BIANCA X GARGANEGA,10.1007/s00122-012-1988-2; 10.21273/JASHS.132.4.514; 10.3389/fpls.2020.605934,Lacombe & Emanuelli 2020; Lacombe 2013,10.1007/s00122-012-1988-2,10.21273/JASHS.132.4.514
DORONA VENEZIANA,GARGANEGA,Parent 2,SSR,SSR,,,VIVC passport (via Lacombe & Emanuelli 2020; Lacombe 2013),10.1007/s00122-012-1988-2,,confirmed,BERMESTIA BIANCA X GARGANEGA,10.1007/s00122-012-1988-2; 10.21273/JASHS.132.4.514; 10.3389/fpls.2020.605934,Lacombe & Emanuelli 2020; Lacombe 2013,10.1007/s00122-012-1988-2,10.21273/JASHS.132.4.514
DR. JULIO,SEIBEL 7053,Parent 1,SSR,SSR,,,VIVC passport (pedigree confirmed by markers),10.1371/journal.pone.0240665,,confirmed,SEIBEL 7053 X TRAMINER ROT,10.1371/journal.pone.0240665,none,10.1371/journal.pone.0240665,10.1371/journal.pone.0240665
DR. JULIO,TRAMINER ROT,Parent 2,SSR,SSR,,,VIVC passport (pedigree confirmed by markers),10.1371/journal.pone.0240665,,confirmed,SEIBEL 7053 X TRAMINER ROT,10.1371/journal.pone.0240665,none,10.1371/journal.pone.0240665,10.1371/journal.pone.0240665
DUC D'ANJOU,BLACK MOROCCO,Parent 1,SSR,SSR,,,VIVC passport (via Lacombe 2013),10.1007/s00122-012-1988-2,,confirmed,BLACK MOROCCO X FRANKENTHAL,10.1007/s00122-012-1988-2,Lacombe 2013,10.1007/s00122-012-1988-2,
DUC D'ANJOU,FRANKENTHAL,Parent 2,SSR,SSR,,,VIVC passport (via Lacombe 2013),10.1007/s00122-012-1988-2,,confirmed,BLACK MOROCCO X FRANKENTHAL,10.1007/s00122-012-1988-2,Lacombe 2013,10.1007/s00122-012-1988-2,
DUC DE MAGENTA,SCHIRAS,Parent 1,SSR,SSR,,,VIVC passport (via Lacombe 2013),10.1007/s00122-012-1988-2,,confirmed,SCHIRAS X CHASSELAS,10.1007/s00122-012-1988-2,Lacombe 2013,10.1007/s00122-012-1988-2,
DUC DE MAGENTA,CHASSELAS,Parent 2,SSR,SSR,,,VIVC passport (via Lacombe 2013),10.1007/s00122-012-1988-2,,confirmed,SCHIRAS X CHASSELAS,10.1007/s00122-012-1988-2,Lacombe 2013,10.1007/s00122-012-1988-2,
DUNAVSKI LAZUR,VILLARD BLANC,Parent 1,SSR,SSR,,,VIVC passport (via Margaryan 2021),10.3390/biology10121279,,confirmed,VILLARD BLANC X RKATSITELI,10.3390/biology10121279,Margaryan 2021,10.3390/biology10121279,
DUNAVSKI LAZUR,RKATSITELI,Parent 2,SSR,SSR,,,VIVC passport (via Margaryan 2021),10.3390/biology10121279,,confirmed,VILLARD BLANC X RKATSITELI,10.3390/biology10121279,Margaryan 2021,10.3390/biology10121279,
DUNKELFELDER,MADELEINE ANGEVINE,Parent 1,SSR,SSR,,,VIVC passport (pedigree confirmed by markers),,,confirmed,MADELEINE ANGEVINE X TEINTURIER,,none,,
DUNKELFELDER,TEINTURIER,Parent 2,SSR,SSR,,,VIVC passport (pedigree confirmed by markers),,,confirmed,MADELEINE ANGEVINE X TEINTURIER,,none,,
DURAS,TRESSOT,Parent 1,SSR,SSR,,,VIVC passport (via Lacombe 2013),10.1007/s00122-012-1988-2,,confirmed,TRESSOT X SAVAGNIN = TRAMINER,10.1007/s00122-012-1988-2,Lacombe 2013,10.1007/s00122-012-1988-2,
DURAS,SAVAGNIN = TRAMINER,Parent 2,SSR,SSR,,,VIVC passport (via Lacombe 2013),10.1007/s00122-012-1988-2,,confirmed,TRESSOT X SAVAGNIN = TRAMINER,10.1007/s00122-012-1988-2,Lacombe 2013,10.1007/s00122-012-1988-2,
DURIF,SYRAH,Parent 1,SSR,SSR,,,VIVC passport (via Cunha 2020; Lacombe 2013),10.1007/s00122-012-1988-2,,confirmed,SYRAH X PELOURSIN,10.1007/s00122-012-1988-2; 10.3389/fpls.2020.00127,Cunha 2020; Lacombe 2013,10.1007/s00122-012-1988-2,
DURIF,PELOURSIN,Parent 2,SSR,SSR,,,VIVC passport (via Cunha 2020; Lacombe 2013),10.1007/s00122-012-1988-2,,confirmed,SYRAH X PELOURSIN,10.1007/s00122-012-1988-2; 10.3389/fpls.2020.00127,Cunha 2020; Lacombe 2013,10.1007/s00122-012-1988-2,
DZHURA USYUM,ANGOR KALAN,Parent 1,SSR,SSR,,,VIVC passport (via Lacombe 2013),10.1007/s00122-012-1988-2,,confirmed,ANGOR KALAN X MUSCAT D'ALEXANDRIE,10.1007/s00122-012-1988-2,Lacombe 2013,10.1007/s00122-012-1988-2,
DZHURA USYUM,MUSCAT D'ALEXANDRIE,Parent 2,SSR,SSR,,,VIVC passport (via Lacombe 2013),10.1007/s00122-012-1988-2,,confirmed,ANGOR KALAN X MUSCAT D'ALEXANDRIE,10.1007/s00122-012-1988-2,Lacombe 2013,10.1007/s00122-012-1988-2,
EARLY MUSCAT,MUSCAT HAMBURG,Parent 1,SSR,SSR,,,VIVC passport (via Cipriani 2010; Lacombe 2013),10.1007/s00122-012-1988-2,,confirmed,MUSCAT HAMBURG X KOENIGIN DER WEINGAERTEN,10.1007/s00122-010-1411-9; 10.1007/s00122-012-1988-2,Cipriani 2010; Lacombe 2013,10.1007/s00122-010-1411-9,
EARLY MUSCAT,KOENIGIN DER WEINGAERTEN,Parent 2,SSR,SSR,,,VIVC passport (via Cipriani 2010; Lacombe 2013),10.1007/s00122-012-1988-2,,confirmed,MUSCAT HAMBURG X KOENIGIN DER WEINGAERTEN,10.1007/s00122-010-1411-9; 10.1007/s00122-012-1988-2,Cipriani 2010; Lacombe 2013,10.1007/s00122-010-1411-9,
EDELSTEINER,MUSCAT HAMBURG,Parent 1,SSR,SSR,,,VIVC passport (pedigree confirmed by markers),,,confirmed,MUSCAT HAMBURG X PINOT,,none,,
EDELSTEINER,PINOT,Parent 2,SSR,SSR,,,VIVC passport (pedigree confirmed by markers),,,confirmed,MUSCAT HAMBURG X PINOT,,none,,
EDERENA,MERLOT,Parent 1,SSR,SSR,,,VIVC passport (via Lacombe 2013),10.1007/s00122-012-1988-2,,confirmed,MERLOT X ABOURIOU,10.1007/s00122-012-1988-2,Lacombe 2013,10.1007/s00122-012-1988-2,
EDERENA,ABOURIOU,Parent 2,SSR,SSR,,,VIVC passport (via Lacombe 2013),10.1007/s00122-012-1988-2,,confirmed,MERLOT X ABOURIOU,10.1007/s00122-012-1988-2,Lacombe 2013,10.1007/s00122-012-1988-2,
EGIODOLA,ABOURIOU,Parent 1,SSR,SSR,,,VIVC passport (via Lacombe 2013),10.1007/s00122-012-1988-2,,confirmed,ABOURIOU X TINTA DA MADEIRA,10.1007/s00122-012-1988-2,Lacombe 2013,10.1007/s00122-012-1988-2,
EGIODOLA,TINTA DA MADEIRA,Parent 2,SSR,SSR,,,VIVC passport (via Lacombe 2013),10.1007/s00122-012-1988-2,,confirmed,ABOURIOU X TINTA DA MADEIRA,10.1007/s00122-012-1988-2,Lacombe 2013,10.1007/s00122-012-1988-2,
EHRENFELSER,RIESLING,Parent 1,SSR,SSR,,,VIVC passport (via Lacombe 2013),10.1007/s00122-012-1988-2,,confirmed,RIESLING X KNIPPERLE,10.1007/s00122-012-1988-2,Lacombe 2013,10.1007/s00122-012-1988-2,
EHRENFELSER,KNIPPERLE,Parent 2,SSR,SSR,,,VIVC passport (via Lacombe 2013),10.1007/s00122-012-1988-2,,confirmed,RIESLING X KNIPPERLE,10.1007/s00122-012-1988-2,Lacombe 2013,10.1007/s00122-012-1988-2,
EINSET SEEDLESS,FREDONIA,Parent 1,SSR,SSR,,,VIVC passport (pedigree confirmed by markers),,,confirmed,FREDONIA X CANNER SEEDLESS,,none,,
EINSET SEEDLESS,CANNER SEEDLESS,Parent 2,SSR,SSR,,,VIVC passport (pedigree confirmed by markers),,,confirmed,FREDONIA X CANNER SEEDLESS,,none,,
ELIZABETH KRASNAY,BICANE,Parent 1,SSR,SSR,,,VIVC passport (via Lacombe 2013),10.1007/s00122-012-1988-2,,confirmed,BICANE X ORG TOKOS,10.1007/s00122-012-1988-2,Lacombe 2013,10.1007/s00122-012-1988-2,
ELIZABETH KRASNAY,ORG TOKOS,Parent 2,SSR,SSR,,,VIVC passport (via Lacombe 2013),10.1007/s00122-012-1988-2,,confirmed,BICANE X ORG TOKOS,10.1007/s00122-012-1988-2,Lacombe 2013,10.1007/s00122-012-1988-2,
ELUL,DABOUKI,Parent 1,SSR,SSR,,,VIVC passport (via Lacombe 2013),10.1007/s00122-012-1988-2,,confirmed,DABOUKI X CALMERIA,10.1007/s00122-012-1988-2,Lacombe 2013,10.1007/s00122-012-1988-2,
ELUL,CALMERIA,Parent 2,SSR,SSR,,,VIVC passport (via Lacombe 2013),10.1007/s00122-012-1988-2,,confirmed,DABOUKI X CALMERIA,10.1007/s00122-012-1988-2,Lacombe 2013,10.1007/s00122-012-1988-2,
EMERALD RIESLING,MUSCADELLE DU BORDELAIS FAUX,Parent 1,SSR,SSR,,,VIVC passport (via Lacombe 2013),10.1007/s00122-012-1988-2,,confirmed,MUSCADELLE DU BORDELAIS FAUX X GRENACHE,10.1007/s00122-012-1988-2,Lacombe 2013,10.1007/s00122-012-1988-2,
EMERALD RIESLING,GRENACHE NOIR,Parent 2,SSR,SSR,,,VIVC passport (via Lacombe 2013),10.1007/s00122-012-1988-2,,confirmed,MUSCADELLE DU BORDELAIS FAUX X GRENACHE,10.1007/s00122-012-1988-2,Lacombe 2013,10.1007/s00122-012-1988-2,
EMERALD SEEDLESS,EMPEROR,Parent 1,SSR,SSR,,,VIVC passport (via Lacombe 2013),10.1007/s00122-012-1988-2,,confirmed,EMPEROR X SULTANA MOSCATA,10.1007/s00122-012-1988-2,Lacombe 2013,10.1007/s00122-012-1988-2,
EMERALD SEEDLESS,SULTANA MOSCATA,Parent 2,SSR,SSR,,,VIVC passport (via Lacombe 2013),10.1007/s00122-012-1988-2,,confirmed,EMPEROR X SULTANA MOSCATA,10.1007/s00122-012-1988-2,Lacombe 2013,10.1007/s00122-012-1988-2,
EMILIA,BICANE,Parent 1,SSR,SSR,,,VIVC passport (via Lacombe 2013),10.1007/s00122-012-1988-2,,confirmed,BICANE X REGINA,10.1007/s00122-012-1988-2; 10.1016/j.scienta.2017.02.044,Lacombe 2013,10.1007/s00122-012-1988-2,10.1016/j.scienta.2017.02.044
EMILIA,REGINA,Parent 2,SSR,SSR,,,VIVC passport (via Lacombe 2013),10.1007/s00122-012-1988-2,,confirmed,BICANE X REGINA,10.1007/s00122-012-1988-2; 10.1016/j.scienta.2017.02.044,Lacombe 2013,10.1007/s00122-012-1988-2,10.1016/j.scienta.2017.02.044
ENFANT TROUVE,CHASSELAS,Parent 1,SSR,SSR,,,VIVC passport (via Lacombe 2013),10.1007/s00122-012-1988-2,,confirmed,CHASSELAS X SCHIAVA GROSSA,10.1007/s00122-012-1988-2,Lacombe 2013,10.1007/s00122-012-1988-2,
ENFANT TROUVE,SCHIAVA GROSSA,Parent 2,SSR,SSR,,,VIVC passport (via Lacombe 2013),10.1007/s00122-012-1988-2,,confirmed,CHASSELAS X SCHIAVA GROSSA,10.1007/s00122-012-1988-2,Lacombe 2013,10.1007/s00122-012-1988-2,
ENKOEVIDINKAM,KOEVIDINKA,Parent 1,SSR,SSR,,,VIVC passport (via Lacombe 2013),10.1007/s00122-012-1988-2,,confirmed,KOEVIDINKA X MATHIASZ JANOSNE,10.1007/s00122-012-1988-2,Lacombe 2013,10.1007/s00122-012-1988-2,
ENKOEVIDINKAM,MATHIASZ JANOSNE,Parent 2,SSR,SSR,,,VIVC passport (via Lacombe 2013),10.1007/s00122-012-1988-2,,confirmed,KOEVIDINKA X MATHIASZ JANOSNE,10.1007/s00122-012-1988-2,Lacombe 2013,10.1007/s00122-012-1988-2,
EPERO DE GALL,HEBIEN,Parent 1,SSR,SSR,,,VIVC passport (pedigree confirmed by markers),10.1007/s10722-011-9706-5,,confirmed,HEBEN X MONASTRELL,10.1007/s10722-011-9706-5,none,10.1007/s10722-011-9706-5,10.1007/s10722-011-9706-5
EPERO DE GALL,MOURVEDRE,Parent 2,SSR,SSR,,,VIVC passport (pedigree confirmed by markers),10.1007/s10722-011-9706-5,,confirmed,HEBEN X MONASTRELL,10.1007/s10722-011-9706-5,none,10.1007/s10722-011-9706-5,10.1007/s10722-011-9706-5
ESKERI,SULTANINE,Parent 1,SSR,SSR,,,VIVC passport (via Lacombe 2013; Margaryan 2021),10.1007/s00122-012-1988-2,,confirmed,SULTANINE X BLANC D'IRAN,10.1007/s00122-012-1988-2; 10.3390/biology10121279,Lacombe 2013; Margaryan 2021,10.1007/s00122-012-1988-2,
ESKERI,BLANC D'IRAN,Parent 2,SSR,SSR,,,VIVC passport (via Lacombe 2013; Margaryan 2021),10.1007/s00122-012-1988-2,,confirmed,SULTANINE X BLANC D'IRAN,10.1007/s00122-012-1988-2; 10.3390/biology10121279,Lacombe 2013; Margaryan 2021,10.1007/s00122-012-1988-2,
ETOILE 1,MILLARDET ET GRASSET 101 O.P.,Parent 1,SSR,SSR,,,VIVC passport (pedigree confirmed by markers),,,confirmed,MILLARDET ET GRASSET  101 O.P. X GOLDRIESLING,,none,,
ETOILE 1,GOLDRIESLING,Parent 2,SSR,SSR,,,VIVC passport (pedigree confirmed by markers),,,confirmed,MILLARDET ET GRASSET  101 O.P. X GOLDRIESLING,,none,,
ETOILE 2,MILLARDET ET GRASSET 101 O.P.,Parent 1,SSR,SSR,,,VIVC passport (pedigree confirmed by markers),,,confirmed,MILLARDET ET GRASSET  101 O.P. X GOLDRIESLING,,none,,
ETOILE 2,GOLDRIESLING,Parent 2,SSR,SSR,,,VIVC passport (pedigree confirmed by markers),,,confirmed,MILLARDET ET GRASSET  101 O.P. X GOLDRIESLING,,none,,
EVEX 13- 5,BERLANDIERI RESSEGUIER 2,Parent 1,SSR,SSR,,,VIVC passport (via Migliaro 2019),10.5344/ajev.2019.18054,,confirmed,BERLANDIERI RESSEGUIER 2 X ECOLE MONTPELLIER 34,10.5344/ajev.2019.18054,Migliaro 2019,10.5344/ajev.2019.18054,
EVEX 13- 5,ECOLE MONTPELLIER 34,Parent 2,SSR,SSR,,,VIVC passport (via Migliaro 2019),10.5344/ajev.2019.18054,,confirmed,BERLANDIERI RESSEGUIER 2 X ECOLE MONTPELLIER 34,10.5344/ajev.2019.18054,Migliaro 2019,10.5344/ajev.2019.18054,
EXOTIC,AHMEUR BOU AHMEUR,Parent 1,SSR,SSR,,,VIVC passport (via Lacombe 2013),10.1007/s00122-012-1988-2,,confirmed,AHMEUR BOU AHMEUR X ALPHONSE LAVALLEE,10.1007/s00122-012-1988-2,Lacombe 2013,10.1007/s00122-012-1988-2,
EXOTIC,ALPHONSE LAVALLEE,Parent 2,SSR,SSR,,,VIVC passport (via Lacombe 2013),10.1007/s00122-012-1988-2,,confirmed,AHMEUR BOU AHMEUR X ALPHONSE LAVALLEE,10.1007/s00122-012-1988-2,Lacombe 2013,10.1007/s00122-012-1988-2,
EZEREVES MAGYARORSZAG EMLEKE,CHASSELAS,Parent 1,SSR,SSR,,,VIVC passport (via Lacombe 2013),10.1007/s00122-012-1988-2,,confirmed,CHASSELAS X AHMEUR BOU AHMEUR,10.1007/s00122-012-1988-2,Lacombe 2013,10.1007/s00122-012-1988-2,
EZEREVES MAGYARORSZAG EMLEKE,AHMEUR BOU AHMEUR,Parent 2,SSR,SSR,,,VIVC passport (via Lacombe 2013),10.1007/s00122-012-1988-2,,confirmed,CHASSELAS X AHMEUR BOU AHMEUR,10.1007/s00122-012-1988-2,Lacombe 2013,10.1007/s00122-012-1988-2,
FABERREBE,CHARDONNAY BLANC,Parent 1,SSR,SSR,,,VIVC passport (via Lacombe 2013),10.1007/s00122-012-1988-2,,confirmed,CHARDONNAY BLANC  X MUELLER THURGAU,10.1007/s00122-012-1988-2,Lacombe 2013,10.1007/s00122-012-1988-2,
FABERREBE,MUELLER THURGAU,Parent 2,SSR,SSR,,,VIVC passport (via Lacombe 2013),10.1007/s00122-012-1988-2,,confirmed,CHARDONNAY BLANC  X MUELLER THURGAU,10.1007/s00122-012-1988-2,Lacombe 2013,10.1007/s00122-012-1988-2,
FADDY ZSIGA DINKA,MATHIASZ JANOSNE,Parent 1,SSR,SSR,,,VIVC passport (via Lacombe 2013),10.1007/s00122-012-1988-2,,confirmed,MATHIASZ JANOSNE X HARSLEVELUE,10.1007/s00122-012-1988-2,Lacombe 2013,10.1007/s00122-012-1988-2,
FADDY ZSIGA DINKA,HARSLEVELUE,Parent 2,SSR,SSR,,,VIVC passport (via Lacombe 2013),10.1007/s00122-012-1988-2,,confirmed,MATHIASZ JANOSNE X HARSLEVELUE,10.1007/s00122-012-1988-2,Lacombe 2013,10.1007/s00122-012-1988-2,
FARBFRAENKISCH,LIMBERGER,Parent 1,SSR,SSR,,,VIVC passport (via Lacombe 2013),10.1007/s00122-012-1988-2,,confirmed,LIMBERGER X TEINTURIER DU CHER,10.1007/s00122-012-1988-2,Lacombe 2013,10.1007/s00122-012-1988-2,
FARBFRAENKISCH,TEINTURIER DU CHER,Parent 2,SSR,SSR,,,VIVC passport (via Lacombe 2013),10.1007/s00122-012-1988-2,,confirmed,LIMBERGER X TEINTURIER DU CHER,10.1007/s00122-012-1988-2,Lacombe 2013,10.1007/s00122-012-1988-2,
FEINRIESLING,RIESLING,Parent 1,SSR,SSR,,,VIVC passport (via Lacombe 2013),10.1007/s00122-012-1988-2,,confirmed,RIESLING X MUSCAT SAINT-LAURENT,10.1007/s00122-012-1988-2,Lacombe 2013,10.1007/s00122-012-1988-2,
FEINRIESLING,MUSCAT SAINT-LAURENT,Parent 2,SSR,SSR,,,VIVC passport (via Lacombe 2013),10.1007/s00122-012-1988-2,,confirmed,RIESLING X MUSCAT SAINT-LAURENT,10.1007/s00122-012-1988-2,Lacombe 2013,10.1007/s00122-012-1988-2,
FERCAL,BERLANDIERI COLOMBARD 1 B,Parent 1,SSR,SSR,,,VIVC passport (via Migliaro 2019),10.5344/ajev.2019.18054,,confirmed,BERLANDIERI COLOMBARD 1 B X RICHTER 31,10.1007/s00122-019-03320-5; 10.5073/vitis.2008.47.163-167; 10.5344/ajev.2019.18054,Migliaro 2019,10.1007/s00122-019-03320-5,10.1007/s00122-019-03320-5; 10.5073/vitis.2008.47.163-167
FERCAL,RICHTER 31,Parent 2,SSR,SSR,,,VIVC passport (via Migliaro 2019),10.5344/ajev.2019.18054,,confirmed,BERLANDIERI COLOMBARD 1 B X RICHTER 31,10.1007/s00122-019-03320-5; 10.5073/vitis.2008.47.163-167; 10.5344/ajev.2019.18054,Migliaro 2019,10.1007/s00122-019-03320-5,10.1007/s00122-019-03320-5; 10.5073/vitis.2008.47.163-167
FERLE 50,FERRAL TAMARA,Parent 1,SSR,SSR,,,VIVC passport (via Lacombe 2013),10.1007/s00122-012-1988-2,,confirmed,FERRAL TAMARA X ALPHONSE LAVALLEE,10.1007/s00122-012-1988-2,Lacombe 2013,10.1007/s00122-012-1988-2,
FERLE 50,ALPHONSE LAVALLEE,Parent 2,SSR,SSR,,,VIVC passport (via Lacombe 2013),10.1007/s00122-012-1988-2,,confirmed,FERRAL TAMARA X ALPHONSE LAVALLEE,10.1007/s00122-012-1988-2,Lacombe 2013,10.1007/s00122-012-1988-2,
FERLE PEGOES,ALPHONSE LAVALLEE,Parent 1,SSR,SSR,,,VIVC passport (via Lacombe 2013),10.1007/s00122-012-1988-2,,confirmed,ALPHONSE LAVALLEE X FERRAL,10.1007/s00122-012-1988-2,Lacombe 2013,10.1007/s00122-012-1988-2,
FERLE PEGOES,FERRAL,Parent 2,SSR,SSR,,,VIVC passport (via Lacombe 2013),10.1007/s00122-012-1988-2,,confirmed,ALPHONSE LAVALLEE X FERRAL,10.1007/s00122-012-1988-2,Lacombe 2013,10.1007/s00122-012-1988-2,
FERLONGO,FERRAL TAMARA,Parent 1,SSR,SSR,,,VIVC passport (via Lacombe 2013),10.1007/s00122-012-1988-2,,confirmed,FERRAL TAMARA X ALPHONSE LAVALLEE,10.1007/s00122-012-1988-2,Lacombe 2013,10.1007/s00122-012-1988-2,
FERLONGO,ALPHONSE LAVALLEE,Parent 2,SSR,SSR,,,VIVC passport (via Lacombe 2013),10.1007/s00122-012-1988-2,,confirmed,FERRAL TAMARA X ALPHONSE LAVALLEE,10.1007/s00122-012-1988-2,Lacombe 2013,10.1007/s00122-012-1988-2,
FERNAND ROSE,GREC ROUGE,Parent 1,SSR,SSR,,,VIVC passport (via Lacombe 2013),10.1007/s00122-012-1988-2,,confirmed,GREC ROUGE X MALINGRE PRECOCE,10.1007/s00122-012-1988-2,Lacombe 2013,10.1007/s00122-012-1988-2,
FERNAND ROSE,MALINGRE PRECOCE,Parent 2,SSR,SSR,,,VIVC passport (via Lacombe 2013),10.1007/s00122-012-1988-2,,confirmed,GREC ROUGE X MALINGRE PRECOCE,10.1007/s00122-012-1988-2,Lacombe 2013,10.1007/s00122-012-1988-2,
FERRAL,HEBIEN,Parent 1,SSR,SSR,,,VIVC passport (via Lacombe & Emanuelli 2020; Laucou 2018),10.3389/fpls.2020.605934,,confirmed,HEBEN X BREVAL NEGRO,10.1371/journal.pone.0192540; 10.3389/fpls.2020.605934,Lacombe & Emanuelli 2020; Laucou 2018,10.1371/journal.pone.0192540,
FERRAL,BREVAL NEGRO,Parent 2,SSR,SSR,,,VIVC passport (via Lacombe & Emanuelli 2020; Laucou 2018),10.3389/fpls.2020.605934,,confirmed,HEBEN X BREVAL NEGRO,10.1371/journal.pone.0192540; 10.3389/fpls.2020.605934,Lacombe & Emanuelli 2020; Laucou 2018,10.1371/journal.pone.0192540,
FETEASCA REGALA,FETEASCA ALBA,Parent 1,SSR,SSR,,,VIVC passport (via Lacombe 2013),10.1007/s00122-012-1988-2,,confirmed,FETEASCA ALBA X FRANCUSE,10.1007/s00122-012-1988-2,Lacombe 2013,10.1007/s00122-012-1988-2,
FETEASCA REGALA,FRANCUSE,Parent 2,SSR,SSR,,,VIVC passport (via Lacombe 2013),10.1007/s00122-012-1988-2,,confirmed,FETEASCA ALBA X FRANCUSE,10.1007/s00122-012-1988-2,Lacombe 2013,10.1007/s00122-012-1988-2,
FEUNATE,POUGAYEN,Parent 1,SSR,SSR,,,VIVC passport (via Lacombe 2013),10.1007/s00122-012-1988-2,,confirmed,POUGAYEN X HEUNISCH WEISS,10.1007/s00122-012-1988-2,Lacombe 2013,10.1007/s00122-012-1988-2,
FEUNATE,GOUAIS BLANC,Parent 2,SSR,SSR,,,VIVC passport (via Lacombe 2013),10.1007/s00122-012-1988-2,,confirmed,POUGAYEN X HEUNISCH WEISS,10.1007/s00122-012-1988-2,Lacombe 2013,10.1007/s00122-012-1988-2,
FIRNRIESLING,RIESLING,Parent 1,SSR,SSR,,,VIVC passport (via Lacombe 2013),10.1007/s00122-012-1988-2,,confirmed,RIESLING X MUSCAT SAINT-LAURENT,10.1007/s00122-012-1988-2,Lacombe 2013,10.1007/s00122-012-1988-2,
FIRNRIESLING,MUSCAT SAINT-LAURENT,Parent 2,SSR,SSR,,,VIVC passport (via Lacombe 2013),10.1007/s00122-012-1988-2,,confirmed,RIESLING X MUSCAT SAINT-LAURENT,10.1007/s00122-012-1988-2,Lacombe 2013,10.1007/s00122-012-1988-2,
FLAMENCA,MORAVIA DULCE,Parent 1,SSR,SSR,,,VIVC passport (pedigree confirmed by markers),10.1007/s10722-013-0064-3,,confirmed,MORAVIA DULCE X MOSCATEL GRANO MENUDO,10.1007/s10722-013-0064-3,none,10.1007/s10722-013-0064-3,10.1007/s10722-013-0064-3
FLAMENCA,MOSCATEL GRANO MENUDO,Parent 2,SSR,SSR,,,VIVC passport (pedigree confirmed by markers),10.1007/s10722-013-0064-3,,confirmed,MORAVIA DULCE X MOSCATEL GRANO MENUDO,10.1007/s10722-013-0064-3,none,10.1007/s10722-013-0064-3,10.1007/s10722-013-0064-3
FOGONEU,EXCURSACH,Parent 1,SSR,SSR,,,VIVC passport (via Lacombe & Emanuelli 2020; Lacombe 2013; Laucou 2018),10.1007/s00122-012-1988-2,,confirmed,EXCURSACH X MANSES DE CAPDELL,10.1007/s00122-012-1988-2; 10.1007/s10722-011-9706-5; 10.1371/journal.pone.0192540; 10.3389/fpls.2020.605934,Lacombe & Emanuelli 2020; Lacombe 2013; Laucou 2018,10.1007/s00122-012-1988-2,10.1007/s10722-011-9706-5
FOGONEU,MANSES DE CAPDELL,Parent 2,SSR,SSR,,,VIVC passport (via Lacombe & Emanuelli 2020; Lacombe 2013; Laucou 2018),10.1007/s00122-012-1988-2,,confirmed,EXCURSACH X MANSES DE CAPDELL,10.1007/s00122-012-1988-2; 10.1007/s10722-011-9706-5; 10.1371/journal.pone.0192540; 10.3389/fpls.2020.605934,Lacombe & Emanuelli 2020; Lacombe 2013; Laucou 2018,10.1007/s00122-012-1988-2,10.1007/s10722-011-9706-5
FONTANARA,RIESLANER,Parent 1,SSR,SSR,,,VIVC passport (via Lacombe 2013),10.1007/s00122-012-1988-2,,confirmed,RIESLANER X MUELLER THURGAU,10.1007/s00122-012-1988-2,Lacombe 2013,10.1007/s00122-012-1988-2,
FONTANARA,MUELLER THURGAU,Parent 2,SSR,SSR,,,VIVC passport (via Lacombe 2013),10.1007/s00122-012-1988-2,,confirmed,RIESLANER X MUELLER THURGAU,10.1007/s00122-012-1988-2,Lacombe 2013,10.1007/s00122-012-1988-2,
FORCESE,GARGANEGA,Parent 1,SSR,SSR,,,VIVC passport (pedigree confirmed by markers),10.20870/oeno-one.2021.55.3.4628,,confirmed,GARGANEGA X CREPOLINO,10.20870/oeno-one.2021.55.3.4628,none,10.20870/oeno-one.2021.55.3.4628,10.20870/oeno-one.2021.55.3.4628
FORCESE,CREPOLINO,Parent 2,SSR,SSR,,,VIVC passport (pedigree confirmed by markers),10.20870/oeno-one.2021.55.3.4628,,confirmed,GARGANEGA X CREPOLINO,10.20870/oeno-one.2021.55.3.4628,none,10.20870/oeno-one.2021.55.3.4628,10.20870/oeno-one.2021.55.3.4628
FORMOSA,DELIZIA DI VAPRIO,Parent 1,SSR,SSR,,,VIVC passport (via Lacombe 2013),10.1007/s00122-012-1988-2,,confirmed,DELIZIA DI VAPRIO X FRANKENTHAL,10.1007/s00122-012-1988-2,Lacombe 2013,10.1007/s00122-012-1988-2,
FORMOSA,FRANKENTHAL,Parent 2,SSR,SSR,,,VIVC passport (via Lacombe 2013),10.1007/s00122-012-1988-2,,confirmed,DELIZIA DI VAPRIO X FRANKENTHAL,10.1007/s00122-012-1988-2,Lacombe 2013,10.1007/s00122-012-1988-2,
FOSTER'S WHITE SEEDLING,BLACK MOROCCO,Parent 1,SSR,SSR,,,VIVC passport (via Lacombe 2013),10.1007/s00122-012-1988-2,,confirmed,BLACK MOROCCO  X SCHIAVA GROSSA,10.1007/s00122-012-1988-2,Lacombe 2013,10.1007/s00122-012-1988-2,
FOSTER'S WHITE SEEDLING,SCHIAVA GROSSA,Parent 2,SSR,SSR,,,VIVC passport (via Lacombe 2013),10.1007/s00122-012-1988-2,,confirmed,BLACK MOROCCO  X SCHIAVA GROSSA,10.1007/s00122-012-1988-2,Lacombe 2013,10.1007/s00122-012-1988-2,
FRANCA,MUSCAT HAMBURG,Parent 1,SSR,SSR,,,VIVC passport (pedigree confirmed by markers),10.1016/j.scienta.2017.02.044,,confirmed,MUSCAT HAMBURG X AFUS ALI,10.1016/j.scienta.2017.02.044,none,10.1016/j.scienta.2017.02.044,10.1016/j.scienta.2017.02.044
FRANCA,AFUS ALI,Parent 2,SSR,SSR,,,VIVC passport (pedigree confirmed by markers),10.1016/j.scienta.2017.02.044,,confirmed,MUSCAT HAMBURG X AFUS ALI,10.1016/j.scienta.2017.02.044,none,10.1016/j.scienta.2017.02.044,10.1016/j.scienta.2017.02.044
FRANCOIS 1,CORNET = BAUDE,Parent 1,SSR,SSR,,,VIVC passport (via Lacombe 2013),10.1007/s00122-012-1988-2,,confirmed,CORNET = BAUDE X GREC BLANC DE SEMIS,10.1007/s00122-012-1988-2,Lacombe 2013,10.1007/s00122-012-1988-2,
FRANCOIS 1,GREC BLANC DE SEMIS,Parent 2,SSR,SSR,,,VIVC passport (via Lacombe 2013),10.1007/s00122-012-1988-2,,confirmed,CORNET = BAUDE X GREC BLANC DE SEMIS,10.1007/s00122-012-1988-2,Lacombe 2013,10.1007/s00122-012-1988-2,
FRANCUSE,ALBA IMPUTOTATO,Parent 1,SSR,SSR,,,VIVC passport (via Lacombe 2013),10.1007/s00122-012-1988-2,,confirmed,ALBA IMPUTOTATO X HEUNISCH WEISS,10.1007/s00122-012-1988-2,Lacombe 2013,10.1007/s00122-012-1988-2,
FRANCUSE,GOUAIS BLANC,Parent 2,SSR,SSR,,,VIVC passport (via Lacombe 2013),10.1007/s00122-012-1988-2,,confirmed,ALBA IMPUTOTATO X HEUNISCH WEISS,10.1007/s00122-012-1988-2,Lacombe 2013,10.1007/s00122-012-1988-2,
FREDERICTON,BLACK MOROCCO,Parent 1,SSR,SSR,,,VIVC passport (via Lacombe 2013),10.1007/s00122-012-1988-2,,confirmed,BLACK MOROCCO X SCHIAVA GROSSA,10.1007/s00122-012-1988-2,Lacombe 2013,10.1007/s00122-012-1988-2,
FREDERICTON,SCHIAVA GROSSA,Parent 2,SSR,SSR,,,VIVC passport (via Lacombe 2013),10.1007/s00122-012-1988-2,,confirmed,BLACK MOROCCO X SCHIAVA GROSSA,10.1007/s00122-012-1988-2,Lacombe 2013,10.1007/s00122-012-1988-2,
FREEDOM,FRESNO 1613-59,Parent 1,SSR,SSR,,,VIVC passport (pedigree confirmed by markers),,,confirmed,FRESNO 1613-59  X DOG RIDGE 5,,none,,
FREEDOM,DOG RIDGE 5,Parent 2,SSR,SSR,,,VIVC passport (pedigree confirmed by markers),,,confirmed,FRESNO 1613-59  X DOG RIDGE 5,,none,,
FREISAMER,SYLVANER,Parent 1,SSR,SSR,,,VIVC passport (via Lacombe 2013),10.1007/s00122-012-1988-2,,confirmed,SYLVANER X PINOT,10.1007/s00122-012-1988-2,Lacombe 2013,10.1007/s00122-012-1988-2,
FREISAMER,PINOT,Parent 2,SSR,SSR,,,VIVC passport (via Lacombe 2013),10.1007/s00122-012-1988-2,,confirmed,SYLVANER X PINOT,10.1007/s00122-012-1988-2,Lacombe 2013,10.1007/s00122-012-1988-2,
FRUEHGIPFLER,ROTGIPFLER,Parent 1,SSR,SSR,,,VIVC passport (via Lacombe 2013),10.1007/s00122-012-1988-2,,confirmed,ROTGIPFLER X MADELEINE ROYALE,10.1007/s00122-012-1988-2,Lacombe 2013,10.1007/s00122-012-1988-2,
FRUEHGIPFLER,MADELEINE ROYALE,Parent 2,SSR,SSR,,,VIVC passport (via Lacombe 2013),10.1007/s00122-012-1988-2,,confirmed,ROTGIPFLER X MADELEINE ROYALE,10.1007/s00122-012-1988-2,Lacombe 2013,10.1007/s00122-012-1988-2,
FRUEHMUSKAT OBERLIN,BOUQUETTRAUBE,Parent 1,SSR,SSR,,,VIVC passport (via Lacombe 2013),10.1007/s00122-012-1988-2,,confirmed,BOUQUETTRAUBE X MUSCAT PRECOCE DE SAUMUR,10.1007/s00122-012-1988-2,Lacombe 2013,10.1007/s00122-012-1988-2,
FRUEHMUSKAT OBERLIN,MUSCAT PRECOCE DE SAUMUR,Parent 2,SSR,SSR,,,VIVC passport (via Lacombe 2013),10.1007/s00122-012-1988-2,,confirmed,BOUQUETTRAUBE X MUSCAT PRECOCE DE SAUMUR,10.1007/s00122-012-1988-2,Lacombe 2013,10.1007/s00122-012-1988-2,
FUBIANO,FURMINT,Parent 1,SSR,SSR,,,VIVC passport (via Lacombe & Emanuelli 2020),10.3389/fpls.2020.605934,,confirmed,FURMINT X TREBBIANO TOSCANO,10.1016/j.scienta.2017.02.044; 10.3389/fpls.2020.605934,Lacombe & Emanuelli 2020,10.1016/j.scienta.2017.02.044,10.1016/j.scienta.2017.02.044
FUBIANO,UGNI BLANC,Parent 2,SSR,SSR,,,VIVC passport (via Lacombe & Emanuelli 2020),10.3389/fpls.2020.605934,,confirmed,FURMINT X TREBBIANO TOSCANO,10.1016/j.scienta.2017.02.044; 10.3389/fpls.2020.605934,Lacombe & Emanuelli 2020,10.1016/j.scienta.2017.02.044,10.1016/j.scienta.2017.02.044
FUERSTENTRAUBE,BICANE,Parent 1,SSR,SSR,,,VIVC passport (via Lacombe 2013),10.1007/s00122-012-1988-2,,confirmed,BICANE X SCHIAVA GROSSA,10.1007/s00122-012-1988-2,Lacombe 2013,10.1007/s00122-012-1988-2,
FUERSTENTRAUBE,SCHIAVA GROSSA,Parent 2,SSR,SSR,,,VIVC passport (via Lacombe 2013),10.1007/s00122-012-1988-2,,confirmed,BICANE X SCHIAVA GROSSA,10.1007/s00122-012-1988-2,Lacombe 2013,10.1007/s00122-012-1988-2,
FUETTERER,GOUAIS BLANC,Parent 1,SSR,SSR,,,VIVC passport (via Lacombe 2013),10.1007/s00122-012-1988-2,,confirmed,HEUNISCH WEISS X SAVAGNIN =TRAMINER,10.1007/s00122-012-1988-2,Lacombe 2013,10.1007/s00122-012-1988-2,
FUETTERER,SAVAGNIN =TRAMINER,Parent 2,SSR,SSR,,,VIVC passport (via Lacombe 2013),10.1007/s00122-012-1988-2,,confirmed,HEUNISCH WEISS X SAVAGNIN =TRAMINER,10.1007/s00122-012-1988-2,Lacombe 2013,10.1007/s00122-012-1988-2,
FULGENS,PIROVANO 2,Parent 1,SSR,SSR,,,VIVC passport (via Lacombe 2013),10.1007/s00122-012-1988-2,,confirmed,PIROVANO 2 X CICLOPICA,10.1007/s00122-012-1988-2,Lacombe 2013,10.1007/s00122-012-1988-2,
FULGENS,CICLOPICA,Parent 2,SSR,SSR,,,VIVC passport (via Lacombe 2013),10.1007/s00122-012-1988-2,,confirmed,PIROVANO 2 X CICLOPICA,10.1007/s00122-012-1988-2,Lacombe 2013,10.1007/s00122-012-1988-2,
FURMINT,ALBA IMPUTOTATO,Parent 1,SSR,SSR,,,VIVC passport (via Lacombe & Emanuelli 2020; Lacombe 2013; Laucou 2018),10.1007/s00122-012-1988-2,,confirmed,ALBA IMPUTOTATO X HEUNISCH WEISS,10.1007/s00122-012-1988-2; 10.1371/journal.pone.0192540; 10.3389/fpls.2020.605934; 10.3390/genes11070737,Lacombe & Emanuelli 2020; Lacombe 2013; Laucou 2018,10.1007/s00122-012-1988-2,10.3390/genes11070737
FURMINT,GOUAIS BLANC,Parent 2,SSR,SSR,,,VIVC passport (via Lacombe & Emanuelli 2020; Lacombe 2013; Laucou 2018),10.1007/s00122-012-1988-2,,confirmed,ALBA IMPUTOTATO X HEUNISCH WEISS,10.1007/s00122-012-1988-2; 10.1371/journal.pone.0192540; 10.3389/fpls.2020.605934; 10.3390/genes11070737,Lacombe & Emanuelli 2020; Lacombe 2013; Laucou 2018,10.1007/s00122-012-1988-2,10.3390/genes11070737
GAGLIOPPO,SANGIOVESE,Parent 1,SSR,SSR,,,VIVC passport (via Cipriani 2010; Lacombe & Emanuelli 2020),10.3389/fpls.2020.605934,,confirmed,SANGIOVESE X MANTONICO BIANCO,10.1007/s00122-010-1411-9; 10.1007/s12033-012-9600-1; 10.1186/s12870-018-1576-y; 10.3389/fpls.2020.605934; 10.5344/ajev.2016.16068,Cipriani 2010; Lacombe & Emanuelli 2020,10.1007/s00122-010-1411-9,10.1007/s12033-012-9600-1; 10.1186/s12870-018-1576-y; 10.5344/ajev.2016.16068
GAGLIOPPO,MANTONICO BIANCO,Parent 2,SSR,SSR,,,VIVC passport (via Cipriani 2010; Lacombe & Emanuelli 2020),10.3389/fpls.2020.605934,,confirmed,SANGIOVESE X MANTONICO BIANCO,10.1007/s00122-010-1411-9; 10.1007/s12033-012-9600-1; 10.1186/s12870-018-1576-y; 10.3389/fpls.2020.605934; 10.5344/ajev.2016.16068,Cipriani 2010; Lacombe & Emanuelli 2020,10.1007/s00122-010-1411-9,10.1007/s12033-012-9600-1; 10.1186/s12870-018-1576-y; 10.5344/ajev.2016.16068
GAMAY BLANC GLORIOD,GOUAIS BLANC,Parent 1,SSR,SSR,,,VIVC passport (via Lacombe 2013),10.1007/s00122-012-1988-2,,confirmed,HEUNISCH WEISS X PINOT,10.1007/s00122-012-1988-2; 10.1126/science.285.5433.1562,Lacombe 2013,10.1007/s00122-012-1988-2,10.1126/science.285.5433.1562
GAMAY BLANC GLORIOD,PINOT,Parent 2,SSR,SSR,,,VIVC passport (via Lacombe 2013),10.1007/s00122-012-1988-2,,confirmed,HEUNISCH WEISS X PINOT,10.1007/s00122-012-1988-2; 10.1126/science.285.5433.1562,Lacombe 2013,10.1007/s00122-012-1988-2,10.1126/science.285.5433.1562
GAMAY NOIR,PINOT,Parent 2,SSR,SSR,,,VIVC passport (via Lacombe & Emanuelli 2020; Lacombe 2013; Laucou 2018),10.1007/s00122-012-1988-2,,confirmed,HEUNISCH WEISS X PINOT,10.1007/s00122-012-1988-2; 10.1038/s41598-020-72799-6; 10.1038/s41598-024-62774-w; 10.1126/science.285.5433.1562; 10.1371/journal.pone.0192540; 10.3389/fpls.2020.605934; 10.5344/ajev.2016.16068,Lacombe & Emanuelli 2020; Lacombe 2013; Laucou 2018,10.1007/s00122-012-1988-2,10.1038/s41598-020-72799-6; 10.1038/s41598-024-62774-w; 10.1126/science.285.5433.1562; 10.5344/ajev.2016.16068
GANSON,GRENACHE NOIR,Parent 1,SSR,SSR,,,VIVC passport (via Lacombe 2013),10.1007/s00122-012-1988-2,,confirmed,GRENACHE X JURANCON NOIR,10.1007/s00122-012-1988-2,Lacombe 2013,10.1007/s00122-012-1988-2,
GANSON,JURANCON NOIR,Parent 2,SSR,SSR,,,VIVC passport (via Lacombe 2013),10.1007/s00122-012-1988-2,,confirmed,GRENACHE X JURANCON NOIR,10.1007/s00122-012-1988-2,Lacombe 2013,10.1007/s00122-012-1988-2,
GANZIN 1,ARAMON,Parent 1,SSR,SSR,,,VIVC passport (via Migliaro 2019),10.5344/ajev.2019.18054,,confirmed,ARAMON X RUPESTRIS GANZIN,10.1007/s00122-019-03320-5; 10.5344/ajev.2019.18054,Migliaro 2019,10.1007/s00122-019-03320-5,10.1007/s00122-019-03320-5
GANZIN 1,RUPESTRIS GANZIN,Parent 2,SSR,SSR,,,VIVC passport (via Migliaro 2019),10.5344/ajev.2019.18054,,confirmed,ARAMON X RUPESTRIS GANZIN,10.1007/s00122-019-03320-5; 10.5344/ajev.2019.18054,Migliaro 2019,10.1007/s00122-019-03320-5,10.1007/s00122-019-03320-5
GANZIN 2,ARAMON,Parent 1,SSR,SSR,,,VIVC passport (pedigree confirmed by markers),10.1007/s00122-019-03320-5,,confirmed,ARAMON X RUPESTRIS GANZIN,10.1007/s00122-019-03320-5,none,10.1007/s00122-019-03320-5,10.1007/s00122-019-03320-5
GANZIN 2,RUPESTRIS GANZIN,Parent 2,SSR,SSR,,,VIVC passport (pedigree confirmed by markers),10.1007/s00122-019-03320-5,,confirmed,ARAMON X RUPESTRIS GANZIN,10.1007/s00122-019-03320-5,none,10.1007/s00122-019-03320-5,10.1007/s00122-019-03320-5
RUTILIA,ARAMON,Parent 1,SSR,SSR,,,VIVC passport (via Lacombe 2013),10.1007/s00122-012-1988-2,,confirmed,ARAMON X SULTANINA,10.1007/s00122-012-1988-2,Lacombe 2013,10.1007/s00122-012-1988-2,
RUTILIA,SULTANINA,Parent 2,SSR,SSR,,,VIVC passport (via Lacombe 2013),10.1007/s00122-012-1988-2,,confirmed,ARAMON X SULTANINA,10.1007/s00122-012-1988-2,Lacombe 2013,10.1007/s00122-012-1988-2,
GARGIULO 87746,MOSCATEL ROSADO,Parent 1,SSR,SSR,,,VIVC passport (via Lacombe 2013),10.1007/s00122-012-1988-2,,confirmed,MOSCATEL  ROSADO X BEAUTY SEEDLESS,10.1007/s00122-012-1988-2,Lacombe 2013,10.1007/s00122-012-1988-2,
GARGIULO 87746,BEAUTY SEEDLESS,Parent 2,SSR,SSR,,,VIVC passport (via Lacombe 2013),10.1007/s00122-012-1988-2,,confirmed,MOSCATEL  ROSADO X BEAUTY SEEDLESS,10.1007/s00122-012-1988-2,Lacombe 2013,10.1007/s00122-012-1988-2,
GAROFANA,MOSCATO VIOLETTO,Parent 1,SSR,SSR,,,VIVC passport (via Cipriani 2010; Lacombe & Emanuelli 2020),10.3389/fpls.2020.605934,,confirmed,MOSCATO VIOLETTO X TREBBIANO TOSCANO,10.1007/s00122-010-1411-9; 10.3389/fpls.2020.605934,Cipriani 2010; Lacombe & Emanuelli 2020,10.1007/s00122-010-1411-9,
GAROFANA,UGNI BLANC,Parent 2,SSR,SSR,,,VIVC passport (via Cipriani 2010; Lacombe & Emanuelli 2020),10.3389/fpls.2020.605934,,confirmed,MOSCATO VIOLETTO X TREBBIANO TOSCANO,10.1007/s00122-010-1411-9; 10.3389/fpls.2020.605934,Cipriani 2010; Lacombe & Emanuelli 2020,10.1007/s00122-010-1411-9,
GARONNET,CHANCELLOR,Parent 1,SSR,SSR,,,VIVC passport (pedigree confirmed by markers),,,confirmed,CHANCELLOR X SUBEREUX,,none,,
GARONNET,SUBEREUX,Parent 2,SSR,SSR,,,VIVC passport (pedigree confirmed by markers),,,confirmed,CHANCELLOR X SUBEREUX,,none,,
GEGIC,BOMBINO BIANCO,Parent 1,SSR,SSR,,,VIVC passport (pedigree confirmed by markers),10.3390/genes11070737,,confirmed,BOMBINO BIANCO X PRIVLACKA BILINA,10.3390/genes11070737,none,10.3390/genes11070737,10.3390/genes11070737
GEGIC,PRIVLACKA BILINA,Parent 2,SSR,SSR,,,VIVC passport (pedigree confirmed by markers),10.3390/genes11070737,,confirmed,BOMBINO BIANCO X PRIVLACKA BILINA,10.3390/genes11070737,none,10.3390/genes11070737,10.3390/genes11070737
GEILWEILERHOF 3- 28- 45,MADELEINE ANGEVINE,Parent 1,SSR,SSR,,,VIVC passport (pedigree confirmed by markers),,,confirmed,MADELEINE ANGEVINE X RIESLING,,none,,
GEILWEILERHOF 3- 28- 45,RIESLING,Parent 2,SSR,SSR,,,VIVC passport (pedigree confirmed by markers),,,confirmed,MADELEINE ANGEVINE X RIESLING,,none,,
GEILWEILERHOF 3- 28- 46,MADELEINE ANGEVINE,Parent 1,SSR,SSR,,,VIVC passport (pedigree confirmed by markers),,,confirmed,MADELEINE ANGEVINE X RIESLING,,none,,
GEILWEILERHOF 3- 28- 46,RIESLING,Parent 2,SSR,SSR,,,VIVC passport (pedigree confirmed by markers),,,confirmed,MADELEINE ANGEVINE X RIESLING,,none,,
GEILWEILERHOF B- 14- 7,PARENT 1 WAS NOT CONFIRMED,Parent 1,SSR,SSR,,,VIVC passport (pedigree confirmed by markers),,,confirmed,PARENT 1 WAS NOT CONFIRMED X ALPHONSE LAVALLEE,,none,,
GEILWEILERHOF B- 14- 7,ALPHONSE LAVALLEE,Parent 2,SSR,SSR,,,VIVC passport (pedigree confirmed by markers),,,confirmed,PARENT 1 WAS NOT CONFIRMED X ALPHONSE LAVALLEE,,none,,
GEILWEILERHOF C- 41- 44,GEILWEILERHOF VI. 5861,Parent 1,SSR,SSR,,,VIVC passport (pedigree confirmed by markers),,,confirmed,GEILWEILERHOF VI. 5861 X GREC ROUGE,,none,,
GEILWEILERHOF C- 41- 44,GREC ROUGE,Parent 2,SSR,SSR,,,VIVC passport (pedigree confirmed by markers),,,confirmed,GEILWEILERHOF VI. 5861 X GREC ROUGE,,none,,
CALARDIS MUSQUE,BACCHUS WEISS,Parent 1,SSR,SSR,,,VIVC passport (pedigree confirmed by markers),,,confirmed,BACCHUS WEISS X SEYVAL,,none,,
CALARDIS MUSQUE,SEYVAL,Parent 2,SSR,SSR,,,VIVC passport (pedigree confirmed by markers),,,confirmed,BACCHUS WEISS X SEYVAL,,none,,
GEILWEILERHOF GA- 48- 12,BACCHUS WEISS,Parent 1,SSR,SSR,,,VIVC passport (pedigree confirmed by markers),,,confirmed,BACCHUS WEISS X VILLARD BLANC,,none,,
GEILWEILERHOF GA- 48- 12,VILLARD BLANC,Parent 2,SSR,SSR,,,VIVC passport (pedigree confirmed by markers),,,confirmed,BACCHUS WEISS X VILLARD BLANC,,none,,
GEILWEILERHOF KOE- 48- 43,GEILWEILERHOF VI. 5861,Parent 1,SSR,SSR,,,VIVC passport (pedigree confirmed by markers),,,confirmed,GEILWEILERHOF VI. 5861 X RIESLING WEISS,,none,,
GEILWEILERHOF KOE- 48- 43,RIESLING WEISS,Parent 2,SSR,SSR,,,VIVC passport (pedigree confirmed by markers),,,confirmed,GEILWEILERHOF VI. 5861 X RIESLING WEISS,,none,,
GEILWEILERHOF KOE- 48- 44,GEILWEILERHOF VI. 5861,Parent 1,SSR,SSR,,,VIVC passport (pedigree confirmed by markers),,,confirmed,GEILWEILERHOF VI. 5861 X SILVANER GRUEN,,none,,
GEILWEILERHOF KOE- 48- 44,SILVANER GRUEN,Parent 2,SSR,SSR,,,VIVC passport (pedigree confirmed by markers),,,confirmed,GEILWEILERHOF VI. 5861 X SILVANER GRUEN,,none,,
GEILWEILERHOF GA- 52- 42,BACCHUS WEISS,Parent 1,SSR,SSR,,,VIVC passport (via Migliaro 2019),10.5344/ajev.2019.18054,,confirmed,BACCHUS WEISS X VILLARD BLANC,10.5344/ajev.2019.18054,Migliaro 2019,10.5344/ajev.2019.18054,
GEILWEILERHOF GA- 52- 42,VILLARD BLANC,Parent 2,SSR,SSR,,,VIVC passport (via Migliaro 2019),10.5344/ajev.2019.18054,,confirmed,BACCHUS WEISS X VILLARD BLANC,10.5344/ajev.2019.18054,Migliaro 2019,10.5344/ajev.2019.18054,
REGENT,DIANA,Parent 1,SSR,SSR,,,VIVC passport (pedigree confirmed by markers),10.5073/vitis.2021.60.189-193,,confirmed,DIANA X CHAMBOURCIN,10.5073/vitis.2021.60.189-193,none,10.5073/vitis.2021.60.189-193,10.5073/vitis.2021.60.189-193
REGENT,CHAMBOURCIN,Parent 2,SSR,SSR,,,VIVC passport (pedigree confirmed by markers),10.5073/vitis.2021.60.189-193,,confirmed,DIANA X CHAMBOURCIN,10.5073/vitis.2021.60.189-193,none,10.5073/vitis.2021.60.189-193,10.5073/vitis.2021.60.189-193
GEILWEILERHOF V. 348,RIESLING,Parent 1,SSR,SSR,,,VIVC passport (via Migliaro 2019),10.5344/ajev.2019.18054,,confirmed,RIESLING X PINOT PRECOCE NOIR,10.5344/ajev.2019.18054,Migliaro 2019,10.5344/ajev.2019.18054,
GEILWEILERHOF V. 348,PINOT PRECOCE NOIR,Parent 2,SSR,SSR,,,VIVC passport (via Migliaro 2019),10.5344/ajev.2019.18054,,confirmed,RIESLING X PINOT PRECOCE NOIR,10.5344/ajev.2019.18054,Migliaro 2019,10.5344/ajev.2019.18054,
EHRENBREITSTEINER,EHRENFELSER,Parent 1,SSR,SSR,,,VIVC passport (pedigree confirmed by markers),,,confirmed,EHRENFELSER X REICHENSTEINER,,none,,
EHRENBREITSTEINER,REICHENSTEINER,Parent 2,SSR,SSR,,,VIVC passport (pedigree confirmed by markers),,,confirmed,EHRENFELSER X REICHENSTEINER,,none,,
GEISENHEIM 6493- 2,SEVERNYI,Parent 1,SSR,SSR,,,VIVC passport (pedigree confirmed by markers),,,confirmed,SEVERNYI X MUSCAT OTTONEL,,none,,
GEISENHEIM 6493- 2,MUSCAT OTTONEL,Parent 2,SSR,SSR,,,VIVC passport (pedigree confirmed by markers),,,confirmed,SEVERNYI X MUSCAT OTTONEL,,none,,
GENEVA WHITE 5,PINOT,Parent 1,SSR,SSR,,,VIVC passport (pedigree confirmed by markers),,,confirmed,PINOT  X ONTARIO,,none,,
GENEVA WHITE 5,ONTARIO,Parent 2,SSR,SSR,,,VIVC passport (pedigree confirmed by markers),,,confirmed,PINOT  X ONTARIO,,none,,
GENOUILLET,GOUAIS BLANC,Parent 1,SSR,SSR,,,VIVC passport (via Lacombe 2013),10.1007/s00122-012-1988-2,,confirmed,HEUNISCH WEISS X TRESSOT,10.1007/s00122-012-1988-2,Lacombe 2013,10.1007/s00122-012-1988-2,
GENOUILLET,TRESSOT,Parent 2,SSR,SSR,,,VIVC passport (via Lacombe 2013),10.1007/s00122-012-1988-2,,confirmed,HEUNISCH WEISS X TRESSOT,10.1007/s00122-012-1988-2,Lacombe 2013,10.1007/s00122-012-1988-2,
SHRKHKAN,MAKHMUDU,Parent 1,SSR,SSR,,,VIVC passport (pedigree confirmed by markers),,,confirmed,MAKHMUDU X RISH BABA,,none,,
SHRKHKAN,RISH BABA,Parent 2,SSR,SSR,,,VIVC passport (pedigree confirmed by markers),,,confirmed,MAKHMUDU X RISH BABA,,none,,
GIBRALTAR,BLACK MOROCCO,Parent 1,SSR,SSR,,,VIVC passport (via Lacombe 2013),10.1007/s00122-012-1988-2,,confirmed,BLACK MOROCCO X MUSCAT FLEUR D'ORANGER,10.1007/s00122-012-1988-2,Lacombe 2013,10.1007/s00122-012-1988-2,
GIBRALTAR,MUSCAT FLEUR D'ORANGER,Parent 2,SSR,SSR,,,VIVC passport (via Lacombe 2013),10.1007/s00122-012-1988-2,,confirmed,BLACK MOROCCO X MUSCAT FLEUR D'ORANGER,10.1007/s00122-012-1988-2,Lacombe 2013,10.1007/s00122-012-1988-2,
GILDE,MUSCAT OF ALEXANDRIA,Parent 1,SSR,SSR,,,VIVC passport (via Lacombe 2013),10.1007/s00122-012-1988-2,,confirmed,MUSCAT OF ALEXANDRIA X GROS COLMAN,10.1007/s00122-012-1988-2,Lacombe 2013,10.1007/s00122-012-1988-2,
GILDE,GROS COLMAN,Parent 2,SSR,SSR,,,VIVC passport (via Lacombe 2013),10.1007/s00122-012-1988-2,,confirmed,MUSCAT OF ALEXANDRIA X GROS COLMAN,10.1007/s00122-012-1988-2,Lacombe 2013,10.1007/s00122-012-1988-2,
GIROLAMO MOLON,DORONA DI VENEZIA,Parent 1,SSR,SSR,,,VIVC passport (via Lacombe 2013),10.1007/s00122-012-1988-2,,confirmed,DORONA DI VENEZIA X MOSCATO D'ADDA,10.1007/s00122-012-1988-2,Lacombe 2013,10.1007/s00122-012-1988-2,
GIROLAMO MOLON,MOSCATO D'ADDA,Parent 2,SSR,SSR,,,VIVC passport (via Lacombe 2013),10.1007/s00122-012-1988-2,,confirmed,DORONA DI VENEZIA X MOSCATO D'ADDA,10.1007/s00122-012-1988-2,Lacombe 2013,10.1007/s00122-012-1988-2,
GLACIERE,BERMESTIA BIANCA,Parent 1,SSR,SSR,,,VIVC passport (via Lacombe 2013),10.1007/s00122-012-1988-2,,confirmed,BERMESTIA BIANCA X FERRAL = PRUNESTA ROSSO VIOLACEA,10.1007/s00122-012-1988-2,Lacombe 2013,10.1007/s00122-012-1988-2,
GLACIERE,FERRAL = PRUNESTA ROSSO VIOLACEA,Parent 2,SSR,SSR,,,VIVC passport (via Lacombe 2013),10.1007/s00122-012-1988-2,,confirmed,BERMESTIA BIANCA X FERRAL = PRUNESTA ROSSO VIOLACEA,10.1007/s00122-012-1988-2,Lacombe 2013,10.1007/s00122-012-1988-2,
GLENORA,ONTARIO,Parent 1,SSR,SSR,,,VIVC passport (pedigree confirmed by markers),,,confirmed,ONTARIO X RUSSIAN SEEDLESS,,none,,
GLENORA,RUSSIAN SEEDLESS,Parent 2,SSR,SSR,,,VIVC passport (pedigree confirmed by markers),,,confirmed,ONTARIO X RUSSIAN SEEDLESS,,none,,
GLORIA,SILVANER GRUEN,Parent 1,SSR,SSR,,,VIVC passport (pedigree confirmed by markers),,,confirmed,SILVANER GRUEN X MUELLER THURGAU,,none,,
GLORIA,MUELLER THURGAU,Parent 2,SSR,SSR,,,VIVC passport (pedigree confirmed by markers),,,confirmed,SILVANER GRUEN X MUELLER THURGAU,,none,,
GLORIA HUNGARIAE,EZEREVES MAGYARORSZAG EMLEKE,Parent 1,SSR,SSR,,,VIVC passport (via Lacombe 2013),10.1007/s00122-012-1988-2,,confirmed,EZEREVES MAGYARORSZAG EMLEKE X THALLOCZY LAJOS,10.1007/s00122-012-1988-2,Lacombe 2013,10.1007/s00122-012-1988-2,
GLORIA HUNGARIAE,THALLOCZY LAJOS,Parent 2,SSR,SSR,,,VIVC passport (via Lacombe 2013),10.1007/s00122-012-1988-2,,confirmed,EZEREVES MAGYARORSZAG EMLEKE X THALLOCZY LAJOS,10.1007/s00122-012-1988-2,Lacombe 2013,10.1007/s00122-012-1988-2,
GOECSEJI ZAMATOS,SEYVE VILLARD 12286,Parent 1,SSR,SSR,,,VIVC passport (pedigree confirmed by markers),,,confirmed,SEYVE VILLARD 12286 X MEDOC NOIR,,none,,
GOECSEJI ZAMATOS,MEDOC NOIR,Parent 2,SSR,SSR,,,VIVC passport (pedigree confirmed by markers),,,confirmed,SEYVE VILLARD 12286 X MEDOC NOIR,,none,,
GOLDEN HAMBURGH,BICANE,Parent 1,SSR,SSR,,,VIVC passport (via Lacombe 2013),10.1007/s00122-012-1988-2,,confirmed,BICANE X SCHIAVA GROSSA,10.1007/s00122-012-1988-2,Lacombe 2013,10.1007/s00122-012-1988-2,
GOLDEN HAMBURGH,SCHIAVA GROSSA,Parent 2,SSR,SSR,,,VIVC passport (via Lacombe 2013),10.1007/s00122-012-1988-2,,confirmed,BICANE X SCHIAVA GROSSA,10.1007/s00122-012-1988-2,Lacombe 2013,10.1007/s00122-012-1988-2,
GOLDEN MUSCAT,MUSCAT HAMBURG,Parent 1,SSR,SSR,,,VIVC passport (pedigree confirmed by markers),,,confirmed,MUSCAT HAMBURG X DIAMOND,,none,,
GOLDEN MUSCAT,DIAMOND,Parent 2,SSR,SSR,,,VIVC passport (pedigree confirmed by markers),,,confirmed,MUSCAT HAMBURG X DIAMOND,,none,,
GOLDRIESLING,RIESLING WEISS,Parent 1,SSR,SSR,,,VIVC passport (via Lacombe 2013),10.1007/s00122-012-1988-2,,confirmed,RIESLING WEISS X MALINGRE PRECOCE,10.1007/s00122-012-1988-2,Lacombe 2013,10.1007/s00122-012-1988-2,
GOLDRIESLING,MALINGRE PRECOCE,Parent 2,SSR,SSR,,,VIVC passport (via Lacombe 2013),10.1007/s00122-012-1988-2,,confirmed,RIESLING WEISS X MALINGRE PRECOCE,10.1007/s00122-012-1988-2,Lacombe 2013,10.1007/s00122-012-1988-2,
GOLIA,CASTEL 156-12,Parent 1,SSR,SSR,,,VIVC passport (via Migliaro 2019),10.5344/ajev.2019.18054,,confirmed,CASTEL 156-12 X RUPESTRIS DU LOT,10.5344/ajev.2019.18054,Migliaro 2019,10.5344/ajev.2019.18054,
GOLIA,RUPESTRIS DU LOT,Parent 2,SSR,SSR,,,VIVC passport (via Migliaro 2019),10.5344/ajev.2019.18054,,confirmed,CASTEL 156-12 X RUPESTRIS DU LOT,10.5344/ajev.2019.18054,Migliaro 2019,10.5344/ajev.2019.18054,
GOLUBOK,SEVERNII,Parent 1,SSR,SSR,,,VIVC passport (pedigree confirmed by markers),10.3103/S0095452718050031,,confirmed,SEVERNII X 40 LET OKTYABRYA,10.3103/S0095452718050031,none,10.3103/S0095452718050031,10.3103/S0095452718050031
GOLUBOK,40 LET OKTYABRYA,Parent 2,SSR,SSR,,,VIVC passport (pedigree confirmed by markers),10.3103/S0095452718050031,,confirmed,SEVERNII X 40 LET OKTYABRYA,10.3103/S0095452718050031,none,10.3103/S0095452718050031,10.3103/S0095452718050031
FRANC NOIR DE LA HAUTE SAONE,GOUAIS BLANC,Parent 1,SSR,SSR,,,VIVC passport (via Lacombe 2013),10.1007/s00122-012-1988-2,,confirmed,HEUNISCH WEISS X PINOT,10.1007/s00122-012-1988-2; 10.1126/science.285.5433.1562,Lacombe 2013,10.1007/s00122-012-1988-2,10.1126/science.285.5433.1562
FRANC NOIR DE LA HAUTE SAONE,PINOT,Parent 2,SSR,SSR,,,VIVC passport (via Lacombe 2013),10.1007/s00122-012-1988-2,,confirmed,HEUNISCH WEISS X PINOT,10.1007/s00122-012-1988-2; 10.1126/science.285.5433.1562,Lacombe 2013,10.1007/s00122-012-1988-2,10.1126/science.285.5433.1562
GOYURA,MUSCAT D'ALEXANDRIE,Parent 1,SSR,SSR,,,VIVC passport (via Lacombe 2013),10.1007/s00122-012-1988-2,,confirmed,MUSCAT D'ALEXANDRIE X SULTANINE,10.1007/s00122-012-1988-2,Lacombe 2013,10.1007/s00122-012-1988-2,
GOYURA,SULTANINE,Parent 2,SSR,SSR,,,VIVC passport (via Lacombe 2013),10.1007/s00122-012-1988-2,,confirmed,MUSCAT D'ALEXANDRIE X SULTANINE,10.1007/s00122-012-1988-2,Lacombe 2013,10.1007/s00122-012-1988-2,
GRADISCA,BICANE,Parent 1,SSR,SSR,,,VIVC passport (via Lacombe 2013),10.1007/s00122-012-1988-2,,confirmed,BICANE X CHASSELAS,10.1007/s00122-012-1988-2,Lacombe 2013,10.1007/s00122-012-1988-2,
GRADISCA,CHASSELAS,Parent 2,SSR,SSR,,,VIVC passport (via Lacombe 2013),10.1007/s00122-012-1988-2,,confirmed,BICANE X CHASSELAS,10.1007/s00122-012-1988-2,Lacombe 2013,10.1007/s00122-012-1988-2,
GRAMON,GRENACHE N,Parent 1,SSR,SSR,,,VIVC passport (via Lacombe 2013),10.1007/s00122-012-1988-2,,confirmed,GRENACHE N X ARAMON N,10.1007/s00122-012-1988-2,Lacombe 2013,10.1007/s00122-012-1988-2,
GRAMON,ARAMON N,Parent 2,SSR,SSR,,,VIVC passport (via Lacombe 2013),10.1007/s00122-012-1988-2,,confirmed,GRENACHE N X ARAMON N,10.1007/s00122-012-1988-2,Lacombe 2013,10.1007/s00122-012-1988-2,
GREACA,BICANE,Parent 1,SSR,SSR,,,VIVC passport (via Lacombe 2013),10.1007/s00122-012-1988-2,,confirmed,BICANE X AFUS ALI,10.1007/s00122-012-1988-2,Lacombe 2013,10.1007/s00122-012-1988-2,
GREACA,AFUS ALI,Parent 2,SSR,SSR,,,VIVC passport (via Lacombe 2013),10.1007/s00122-012-1988-2,,confirmed,BICANE X AFUS ALI,10.1007/s00122-012-1988-2,Lacombe 2013,10.1007/s00122-012-1988-2,
GRECO NERO,TERRANO,Parent 1,SSR,SSR,,,VIVC passport (pedigree confirmed by markers),10.3390/genes11070737,,confirmed,TERRANO X GRENACHE,10.3390/genes11070737,none,10.3390/genes11070737,10.3390/genes11070737
GRECO NERO,GRENACHE NOIR,Parent 2,SSR,SSR,,,VIVC passport (pedigree confirmed by markers),10.3390/genes11070737,,confirmed,TERRANO X GRENACHE,10.3390/genes11070737,none,10.3390/genes11070737,10.3390/genes11070737
GRAND NOIR,MORRASTEL,Parent 1,SSR,SSR,,,VIVC passport (via Lacombe & Emanuelli 2020; Lacombe 2013; Laucou 2018),10.1007/s00122-012-1988-2,,confirmed,GRACIANO X BOUSCHET PETIT,10.1007/s00122-012-1988-2; 10.1371/journal.pone.0192540; 10.3389/fpls.2020.605934,Lacombe & Emanuelli 2020; Lacombe 2013; Laucou 2018,10.1007/s00122-012-1988-2,
GRAND NOIR,BOUSCHET PETIT,Parent 2,SSR,SSR,,,VIVC passport (via Lacombe & Emanuelli 2020; Lacombe 2013; Laucou 2018),10.1007/s00122-012-1988-2,,confirmed,GRACIANO X BOUSCHET PETIT,10.1007/s00122-012-1988-2; 10.1371/journal.pone.0192540; 10.3389/fpls.2020.605934,Lacombe & Emanuelli 2020; Lacombe 2013; Laucou 2018,10.1007/s00122-012-1988-2,
GREZOT 1,COUDERC 1202,Parent 1,SSR,SSR,,,VIVC passport (pedigree confirmed by markers),,,confirmed,COUDERC 1202 X CASTEL 216-3,,none,,
GREZOT 1,CASTEL 216-3,Parent 2,SSR,SSR,,,VIVC passport (pedigree confirmed by markers),,,confirmed,COUDERC 1202 X CASTEL 216-3,,none,,
GRILLO,CATARRATTO BIANCO,Parent 1,SSR,SSR,,,VIVC passport (via Cipriani 2010; Lacombe & Emanuelli 2020; Lacombe 2013; Laucou 2018),10.1007/s00122-012-1988-2,,confirmed,CATARRATTO BIANCO X MUSCAT OF ALEXANDRIA,10.1007/s00122-010-1411-9; 10.1007/s00122-012-1988-2; 10.1186/s12870-018-1576-y; 10.1371/journal.pone.0192540; 10.21273/JASHS.132.4.514; 10.3389/fpls.2020.605934,Cipriani 2010; Lacombe & Emanuelli 2020; Lacombe 2013; Laucou 2018,10.1007/s00122-010-1411-9,10.1186/s12870-018-1576-y; 10.21273/JASHS.132.4.514
GRILLO,MUSCAT OF ALEXANDRIA,Parent 2,SSR,SSR,,,VIVC passport (via Cipriani 2010; Lacombe & Emanuelli 2020; Lacombe 2013; Laucou 2018),10.1007/s00122-012-1988-2,,confirmed,CATARRATTO BIANCO X MUSCAT OF ALEXANDRIA,10.1007/s00122-010-1411-9; 10.1007/s00122-012-1988-2; 10.1186/s12870-018-1576-y; 10.1371/journal.pone.0192540; 10.21273/JASHS.132.4.514; 10.3389/fpls.2020.605934,Cipriani 2010; Lacombe & Emanuelli 2020; Lacombe 2013; Laucou 2018,10.1007/s00122-010-1411-9,10.1186/s12870-018-1576-y; 10.21273/JASHS.132.4.514
GRIMALDI 1132,UVA DI TROJA,Parent 1,SSR,SSR,,,VIVC passport (via Migliaro 2019),10.5344/ajev.2019.18054,,confirmed,UVA DI TROJA X PARENT 2 WAS NOT CONFIRMED,10.5344/ajev.2019.18054,Migliaro 2019,10.5344/ajev.2019.18054,
GRIMALDI 1132,PARENT 2 WAS NOT CONFIRMED,Parent 2,SSR,SSR,,,VIVC passport (via Migliaro 2019),10.5344/ajev.2019.18054,,confirmed,UVA DI TROJA X PARENT 2 WAS NOT CONFIRMED,10.5344/ajev.2019.18054,Migliaro 2019,10.5344/ajev.2019.18054,
GROCANKA,PERLE VON CSABA,Parent 1,SSR,SSR,,,VIVC passport (via Lacombe 2013),10.1007/s00122-012-1988-2,,confirmed,PERLE VON CSABA X AFUS ALI,10.1007/s00122-012-1988-2,Lacombe 2013,10.1007/s00122-012-1988-2,
GROCANKA,AFUS ALI,Parent 2,SSR,SSR,,,VIVC passport (via Lacombe 2013),10.1007/s00122-012-1988-2,,confirmed,PERLE VON CSABA X AFUS ALI,10.1007/s00122-012-1988-2,Lacombe 2013,10.1007/s00122-012-1988-2,
GUILLEMOT,MANSENG NOIR,Parent 1,SSR,SSR,,,VIVC passport (via Lacombe 2013),10.1007/s00122-012-1988-2,,confirmed,MANSENG NOIR X VERJUS,10.1007/s00122-012-1988-2,Lacombe 2013,10.1007/s00122-012-1988-2,
GUILLEMOT,VERJUS,Parent 2,SSR,SSR,,,VIVC passport (via Lacombe 2013),10.1007/s00122-012-1988-2,,confirmed,MANSENG NOIR X VERJUS,10.1007/s00122-012-1988-2,Lacombe 2013,10.1007/s00122-012-1988-2,
GUTENBORNER,MUELLER THURGAU,Parent 1,SSR,SSR,,,VIVC passport (pedigree confirmed by markers),,,confirmed,MUELLER THURGAU X WEISSER GUTEDEL,,none,,
GUTENBORNER,WEISSER GUTEDEL,Parent 2,SSR,SSR,,,VIVC passport (pedigree confirmed by markers),,,confirmed,MUELLER THURGAU X WEISSER GUTEDEL,,none,,
GUZAL KARA,KATTA KURGAN,Parent 1,SSR,SSR,,,VIVC passport (via Lacombe 2013),10.1007/s00122-012-1988-2,,confirmed,KATTA KURGAN X DODRELYABI,10.1007/s00122-012-1988-2,Lacombe 2013,10.1007/s00122-012-1988-2,
GUZAL KARA,DODRELYABI,Parent 2,SSR,SSR,,,VIVC passport (via Lacombe 2013),10.1007/s00122-012-1988-2,,confirmed,KATTA KURGAN X DODRELYABI,10.1007/s00122-012-1988-2,Lacombe 2013,10.1007/s00122-012-1988-2,
GYALSHAN,SHRKHKAN,Parent 1,SSR,SSR,,,VIVC passport (pedigree confirmed by markers),,,confirmed,SHRKHKAN X ALA SHAANI,,none,,
GYALSHAN,ALA SHAANI,Parent 2,SSR,SSR,,,VIVC passport (pedigree confirmed by markers),,,confirmed,SHRKHKAN X ALA SHAANI,,none,,
COT DE CHERAGAS,HEBIEN,Parent 1,SSR,SSR,,,VIVC passport (via Lacombe 2013),10.1007/s00122-012-1988-2,,confirmed,HEBEN X MONASTRELL,10.1007/s00122-012-1988-2; 10.5073/vitis.2015.54.special-issue.81-86,Lacombe 2013,10.1007/s00122-012-1988-2,10.5073/vitis.2015.54.special-issue.81-86
COT DE CHERAGAS,MOURVEDRE,Parent 2,SSR,SSR,,,VIVC passport (via Lacombe 2013),10.1007/s00122-012-1988-2,,confirmed,HEBEN X MONASTRELL,10.1007/s00122-012-1988-2; 10.5073/vitis.2015.54.special-issue.81-86,Lacombe 2013,10.1007/s00122-012-1988-2,10.5073/vitis.2015.54.special-issue.81-86
CINSAUT BOUSCHET,PETIT BOUSCHET,Parent 1,SSR,SSR,,,VIVC passport (via Lacombe 2013),10.1007/s00122-012-1988-2,,confirmed,PETIT BOUSCHET X CINCAUT,10.1007/s00122-012-1988-2,Lacombe 2013,10.1007/s00122-012-1988-2,
CINSAUT BOUSCHET,CINCAUT,Parent 2,SSR,SSR,,,VIVC passport (via Lacombe 2013),10.1007/s00122-012-1988-2,,confirmed,PETIT BOUSCHET X CINCAUT,10.1007/s00122-012-1988-2,Lacombe 2013,10.1007/s00122-012-1988-2,
ALMAFRA,SIRIA,Parent 1,SSR,SSR,,,VIVC passport (via Cunha 2020),10.3389/fpls.2020.00127,,confirmed,SIRIA X MALVASIA FINA,10.3389/fpls.2020.00127,Cunha 2020,10.3389/fpls.2020.00127,
ALMAFRA,MALVASIA FINA,Parent 2,SSR,SSR,,,VIVC passport (via Cunha 2020),10.3389/fpls.2020.00127,,confirmed,SIRIA X MALVASIA FINA,10.3389/fpls.2020.00127,Cunha 2020,10.3389/fpls.2020.00127,
HANOVER,BRIGHTON,Parent 1,SSR,SSR,,,VIVC passport (pedigree confirmed by markers),,,confirmed,BRIGHTON X NIAGARA,,none,,
HANOVER,NIAGARA,Parent 2,SSR,SSR,,,VIVC passport (pedigree confirmed by markers),,,confirmed,BRIGHTON X NIAGARA,,none,,
HARSLEVELUE,FURMINT,Parent 1,SSR,SSR,,,VIVC passport (pedigree confirmed by markers),10.3390/genes11070737,,confirmed,FURMINT X TZIMLIANSKY BELYI,10.3390/genes11070737,none,10.3390/genes11070737,10.3390/genes11070737
HARSLEVELUE,TZIMLIANSKY BELYI,Parent 2,SSR,SSR,,,VIVC passport (pedigree confirmed by markers),10.3390/genes11070737,,confirmed,FURMINT X TZIMLIANSKY BELYI,10.3390/genes11070737,none,10.3390/genes11070737,10.3390/genes11070737
HEGEDUES SANDOR,HARSLEVELUE,Parent 1,SSR,SSR,,,VIVC passport (via Lacombe 2013),10.1007/s00122-012-1988-2,,confirmed,HARSLEVELUE X MATHIASZ JANOSNE,10.1007/s00122-012-1988-2,Lacombe 2013,10.1007/s00122-012-1988-2,
HEGEDUES SANDOR,MATHIASZ JANOSNE,Parent 2,SSR,SSR,,,VIVC passport (via Lacombe 2013),10.1007/s00122-012-1988-2,,confirmed,HARSLEVELUE X MATHIASZ JANOSNE,10.1007/s00122-012-1988-2,Lacombe 2013,10.1007/s00122-012-1988-2,
HELFENSTEINER,FRUEHBURGUNDER,Parent 1,SSR,SSR,,,VIVC passport (via Lacombe 2013),10.1007/s00122-012-1988-2,,confirmed,FRUEHBURGUNDER  X SCHIAVA GROSSA,10.1007/s00122-012-1988-2,Lacombe 2013,10.1007/s00122-012-1988-2,
HELFENSTEINER,SCHIAVA GROSSA,Parent 2,SSR,SSR,,,VIVC passport (via Lacombe 2013),10.1007/s00122-012-1988-2,,confirmed,FRUEHBURGUNDER  X SCHIAVA GROSSA,10.1007/s00122-012-1988-2,Lacombe 2013,10.1007/s00122-012-1988-2,
HEROLDREBE,PORTUGIESER,Parent 1,SSR,SSR,,,VIVC passport (via Lacombe & Emanuelli 2020; Lacombe 2013; Laucou 2018),10.1007/s00122-012-1988-2,,confirmed,PORTUGIESER X BLAUFRAENKISCH,10.1007/s00122-012-1988-2; 10.1371/journal.pone.0192540; 10.3389/fpls.2020.605934,Lacombe & Emanuelli 2020; Lacombe 2013; Laucou 2018,10.1007/s00122-012-1988-2,
HEROLDREBE,BLAUFRAENKISCH,Parent 2,SSR,SSR,,,VIVC passport (via Lacombe & Emanuelli 2020; Lacombe 2013; Laucou 2018),10.1007/s00122-012-1988-2,,confirmed,PORTUGIESER X BLAUFRAENKISCH,10.1007/s00122-012-1988-2; 10.1371/journal.pone.0192540; 10.3389/fpls.2020.605934,Lacombe & Emanuelli 2020; Lacombe 2013; Laucou 2018,10.1007/s00122-012-1988-2,
HIGGINS,YUGA,Parent 1,SSR,SSR,,,VIVC passport (pedigree confirmed by markers),10.21273/JASHS.133.4.559,,confirmed,YUGA X  PARENT 2 WAS NOT CONFIRMED,10.21273/JASHS.133.4.559,none,10.21273/JASHS.133.4.559,10.21273/JASHS.133.4.559
HIGGINS,PARENT 2 WAS NOT CONFIRMED,Parent 2,SSR,SSR,,,VIVC passport (pedigree confirmed by markers),10.21273/JASHS.133.4.559,,confirmed,YUGA X  PARENT 2 WAS NOT CONFIRMED,10.21273/JASHS.133.4.559,none,10.21273/JASHS.133.4.559,10.21273/JASHS.133.4.559
HIMROD,SULTANINA,Parent 1,SSR,SSR,,,VIVC passport (pedigree confirmed by markers),,,confirmed,SULTANINA X ONTARIO,,none,,
HIMROD,ONTARIO,Parent 2,SSR,SSR,,,VIVC passport (pedigree confirmed by markers),,,confirmed,SULTANINA X ONTARIO,,none,,
HITZKIRCHER,COMPLETER,Parent 1,SSR,SSR,,,VIVC passport (pedigree confirmed by markers),,,confirmed,COMPLETER X BONDOLA,,none,,
HITZKIRCHER,BONDOLA,Parent 2,SSR,SSR,,,VIVC passport (pedigree confirmed by markers),,,confirmed,COMPLETER X BONDOLA,,none,,
HOELDER,RIESLING,Parent 1,SSR,SSR,,,VIVC passport (via Lacombe 2013),10.1007/s00122-012-1988-2,,confirmed,RIESLING X RULAENDER,10.1007/s00122-012-1988-2,Lacombe 2013,10.1007/s00122-012-1988-2,
HOELDER,RULAENDER,Parent 2,SSR,SSR,,,VIVC passport (via Lacombe 2013),10.1007/s00122-012-1988-2,,confirmed,RIESLING X RULAENDER,10.1007/s00122-012-1988-2,Lacombe 2013,10.1007/s00122-012-1988-2,
HUXELREBE,ELBING,Parent 1,SSR,SSR,,,VIVC passport (via Lacombe 2013),10.1007/s00122-012-1988-2,,confirmed,ELBING X MUSCAT PRECOCE DE SAUMUR,10.1007/s00122-012-1988-2,Lacombe 2013,10.1007/s00122-012-1988-2,
HUXELREBE,MUSCAT PRECOCE DE SAUMUR,Parent 2,SSR,SSR,,,VIVC passport (via Lacombe 2013),10.1007/s00122-012-1988-2,,confirmed,ELBING X MUSCAT PRECOCE DE SAUMUR,10.1007/s00122-012-1988-2,Lacombe 2013,10.1007/s00122-012-1988-2,
IDA,HARSLEVELUE,Parent 1,SSR,SSR,,,VIVC passport (via Lacombe 2013),10.1007/s00122-012-1988-2,,confirmed,HARSLEVELUE X MATHIASZ JANOSNE,10.1007/s00122-012-1988-2,Lacombe 2013,10.1007/s00122-012-1988-2,
IDA,MATHIASZ JANOSNE,Parent 2,SSR,SSR,,,VIVC passport (via Lacombe 2013),10.1007/s00122-012-1988-2,,confirmed,HARSLEVELUE X MATHIASZ JANOSNE,10.1007/s00122-012-1988-2,Lacombe 2013,10.1007/s00122-012-1988-2,
IGNEA,DELIZIA DI VAPRIO,Parent 1,SSR,SSR,,,VIVC passport (via Lacombe 2013),10.1007/s00122-012-1988-2,,confirmed,DELIZIA DI VAPRIO X ANGELO PIROVANO,10.1007/s00122-012-1988-2,Lacombe 2013,10.1007/s00122-012-1988-2,
IGNEA,ANGELO PIROVANO,Parent 2,SSR,SSR,,,VIVC passport (via Lacombe 2013),10.1007/s00122-012-1988-2,,confirmed,DELIZIA DI VAPRIO X ANGELO PIROVANO,10.1007/s00122-012-1988-2,Lacombe 2013,10.1007/s00122-012-1988-2,
IMPERO,MUSCAT HAMBURG,Parent 1,SSR,SSR,,,VIVC passport (via Lacombe 2013),10.1007/s00122-012-1988-2,,confirmed,MUSCAT HAMBURG X CICLOPICA,10.1007/s00122-012-1988-2,Lacombe 2013,10.1007/s00122-012-1988-2,
IMPERO,CICLOPICA,Parent 2,SSR,SSR,,,VIVC passport (via Lacombe 2013),10.1007/s00122-012-1988-2,,confirmed,MUSCAT HAMBURG X CICLOPICA,10.1007/s00122-012-1988-2,Lacombe 2013,10.1007/s00122-012-1988-2,
IMPIGNO,BOMBINO BIANCO,Parent 1,SSR,SSR,,,VIVC passport (via Cipriani 2010; Lacombe & Emanuelli 2020),10.3389/fpls.2020.605934,,confirmed,BOMBINO BIANCO X QUAGLIANO,10.1007/s00122-010-1411-9; 10.1186/s40064-016-3228-8; 10.3389/fpls.2020.605934,Cipriani 2010; Lacombe & Emanuelli 2020,10.1007/s00122-010-1411-9,10.1186/s40064-016-3228-8
IMPIGNO,QUAGLIANO,Parent 2,SSR,SSR,,,VIVC passport (via Cipriani 2010; Lacombe & Emanuelli 2020),10.3389/fpls.2020.605934,,confirmed,BOMBINO BIANCO X QUAGLIANO,10.1007/s00122-010-1411-9; 10.1186/s40064-016-3228-8; 10.3389/fpls.2020.605934,Cipriani 2010; Lacombe & Emanuelli 2020,10.1007/s00122-010-1411-9,10.1186/s40064-016-3228-8
INTERLAKEN SEEDLESS,ONTARIO,Parent 1,SSR,SSR,,,VIVC passport (pedigree confirmed by markers),10.3103/S0095452718050031,,confirmed,ONTARIO X SULTANINA,10.3103/S0095452718050031,none,10.3103/S0095452718050031,10.3103/S0095452718050031
INTERLAKEN SEEDLESS,SULTANINA,Parent 2,SSR,SSR,,,VIVC passport (pedigree confirmed by markers),10.3103/S0095452718050031,,confirmed,ONTARIO X SULTANINA,10.3103/S0095452718050031,none,10.3103/S0095452718050031,10.3103/S0095452718050031
IONA,CATAWBA,Parent 1,SSR,SSR,,,VIVC passport (pedigree confirmed by markers),,,confirmed,CATAWBA X ISABELLA,,none,,
IONA,ISABELLA,Parent 2,SSR,SSR,,,VIVC passport (pedigree confirmed by markers),,,confirmed,CATAWBA X ISABELLA,,none,,
IRSAI OLIVER,POZSONYI,Parent 1,SSR,SSR,,,VIVC passport (via Lacombe & Emanuelli 2020; Lacombe 2013; Laucou 2018),10.1007/s00122-012-1988-2,,confirmed,POZSONYI X PERLE VON CSABA,10.1007/s00122-012-1988-2; 10.1371/journal.pone.0192540; 10.3103/S0095452718050031; 10.3389/fpls.2020.605934,Lacombe & Emanuelli 2020; Lacombe 2013; Laucou 2018,10.1007/s00122-012-1988-2,10.3103/S0095452718050031
IRSAI OLIVER,PERLE VON CSABA,Parent 2,SSR,SSR,,,VIVC passport (via Lacombe & Emanuelli 2020; Lacombe 2013; Laucou 2018),10.1007/s00122-012-1988-2,,confirmed,POZSONYI X PERLE VON CSABA,10.1007/s00122-012-1988-2; 10.1371/journal.pone.0192540; 10.3103/S0095452718050031; 10.3389/fpls.2020.605934,Lacombe & Emanuelli 2020; Lacombe 2013; Laucou 2018,10.1007/s00122-012-1988-2,10.3103/S0095452718050031
ISABELLA,LABRUSCA,Parent 1,SSR,SSR,,,VIVC passport (pedigree confirmed by markers),,,confirmed,LABRUSCA X MESLIER PETIT,,none,,
ISABELLA,MESLIER PETIT,Parent 2,SSR,SSR,,,VIVC passport (pedigree confirmed by markers),,,confirmed,LABRUSCA X MESLIER PETIT,,none,,
ITALIA,BICANE,Parent 1,SSR,SSR,,,VIVC passport (via Cipriani 2010; Lacombe & Emanuelli 2020; Lacombe 2013),10.1007/s00122-012-1988-2,,confirmed,BICANE X MUSCAT HAMBURG,10.1007/s00122-010-1411-9; 10.1007/s00122-012-1988-2; 10.1007/s11295-014-0746-9; 10.3389/fpls.2020.605934; 10.3390/plants10122696; 10.5344/ajev.2016.16068,Cipriani 2010; Lacombe & Emanuelli 2020; Lacombe 2013,10.1007/s00122-010-1411-9,10.1007/s11295-014-0746-9; 10.3390/plants10122696; 10.5344/ajev.2016.16068
ITALIA,MUSCAT HAMBURG,Parent 2,SSR,SSR,,,VIVC passport (via Cipriani 2010; Lacombe & Emanuelli 2020; Lacombe 2013),10.1007/s00122-012-1988-2,,confirmed,BICANE X MUSCAT HAMBURG,10.1007/s00122-010-1411-9; 10.1007/s00122-012-1988-2; 10.1007/s11295-014-0746-9; 10.3389/fpls.2020.605934; 10.3390/plants10122696; 10.5344/ajev.2016.16068,Cipriani 2010; Lacombe & Emanuelli 2020; Lacombe 2013,10.1007/s00122-010-1411-9,10.1007/s11295-014-0746-9; 10.3390/plants10122696; 10.5344/ajev.2016.16068
ITALICA,VERDISO,Parent 1,SSR,SSR,,,VIVC passport (via Cipriani 2010; Lacombe & Emanuelli 2020),10.3389/fpls.2020.605934,,confirmed,VERDISO X WELSCHRIESLING,10.1007/s00122-010-1411-9; 10.3389/fpls.2020.605934,Cipriani 2010; Lacombe & Emanuelli 2020,10.1007/s00122-010-1411-9,
ITALICA,WELSCHRIESLING,Parent 2,SSR,SSR,,,VIVC passport (via Cipriani 2010; Lacombe & Emanuelli 2020),10.3389/fpls.2020.605934,,confirmed,VERDISO X WELSCHRIESLING,10.1007/s00122-010-1411-9; 10.3389/fpls.2020.605934,Cipriani 2010; Lacombe & Emanuelli 2020,10.1007/s00122-010-1411-9,
ITHAKI,CINSAUT,Parent 1,SSR,SSR,,,VIVC passport (via Lacombe & Emanuelli 2020; Lacombe 2013; Laucou 2018),10.1007/s00122-012-1988-2,,confirmed,CINSAUT X KOENIGIN DER WEINGAERTEN,10.1007/s00122-012-1988-2; 10.1371/journal.pone.0192540; 10.3389/fpls.2020.605934,Lacombe & Emanuelli 2020; Lacombe 2013; Laucou 2018,10.1007/s00122-012-1988-2,
ITHAKI,KOENIGIN DER WEINGAERTEN,Parent 2,SSR,SSR,,,VIVC passport (via Lacombe & Emanuelli 2020; Lacombe 2013; Laucou 2018),10.1007/s00122-012-1988-2,,confirmed,CINSAUT X KOENIGIN DER WEINGAERTEN,10.1007/s00122-012-1988-2; 10.1371/journal.pone.0192540; 10.3389/fpls.2020.605934,Lacombe & Emanuelli 2020; Lacombe 2013; Laucou 2018,10.1007/s00122-012-1988-2,
IVAN,ROSA MENNA DI VACCA,Parent 1,SSR,SSR,,,VIVC passport (via Lacombe 2013),10.1007/s00122-012-1988-2,,confirmed,ROSA MENNA DI VACCA X MATHIASZ JANOSNE,10.1007/s00122-012-1988-2,Lacombe 2013,10.1007/s00122-012-1988-2,
IVAN,MATHIASZ JANOSNE,Parent 2,SSR,SSR,,,VIVC passport (via Lacombe 2013),10.1007/s00122-012-1988-2,,confirmed,ROSA MENNA DI VACCA X MATHIASZ JANOSNE,10.1007/s00122-012-1988-2,Lacombe 2013,10.1007/s00122-012-1988-2,
IVERIA,TEBRIZI,Parent 1,SSR,SSR,,,VIVC passport (pedigree confirmed by markers),,,confirmed,TEBRIZI X MUSCAT OF ALEXANDRIA,,none,,
IVERIA,MUSCAT OF ALEXANDRIA,Parent 2,SSR,SSR,,,VIVC passport (pedigree confirmed by markers),,,confirmed,TEBRIZI X MUSCAT OF ALEXANDRIA,,none,,
JACQUEZ A GROS GRAINS,JACQUEZ,Parent 1,SSR,SSR,,,VIVC passport (pedigree confirmed by markers),,,confirmed,JACQUEZ X KORINTHIAKI,,none,,
JACQUEZ A GROS GRAINS,KORINTHIAKI,Parent 2,SSR,SSR,,,VIVC passport (pedigree confirmed by markers),,,confirmed,JACQUEZ X KORINTHIAKI,,none,,
JAEN TINTO,LISTAN PRIETO,Parent 1,SSR,SSR,,,VIVC passport (via Lacombe 2013),10.1007/s00122-012-1988-2,,confirmed,LISTAN PRIETO X CAYETANA BLANCA,10.1007/s00122-012-1988-2; 10.1016/j.tig.2006.07.008; 10.5344/ajev.2011.11052,Lacombe 2013,10.1007/s00122-012-1988-2,10.1016/j.tig.2006.07.008; 10.5344/ajev.2011.11052
JAEN TINTO,CAYETANA BLANCA,Parent 2,SSR,SSR,,,VIVC passport (via Lacombe 2013),10.1007/s00122-012-1988-2,,confirmed,LISTAN PRIETO X CAYETANA BLANCA,10.1007/s00122-012-1988-2; 10.1016/j.tig.2006.07.008; 10.5344/ajev.2011.11052,Lacombe 2013,10.1007/s00122-012-1988-2,10.1016/j.tig.2006.07.008; 10.5344/ajev.2011.11052
JAGODINKA,PINOT NOIR,Parent 1,SSR,SSR,,,VIVC passport (pedigree confirmed by markers),,,confirmed,PINOT NOIR X PROKUPAC,,none,,
JAGODINKA,PROKUPAC,Parent 2,SSR,SSR,,,VIVC passport (pedigree confirmed by markers),,,confirmed,PINOT NOIR X PROKUPAC,,none,,
JAMPAL,ALFROCHEIRO,Parent 1,SSR,SSR,,,VIVC passport (via Cunha 2020),10.3389/fpls.2020.00127,,confirmed,ALFROCHEIRO X CAYETANA BLANCA,10.3389/fpls.2020.00127; 10.5073/vitis.2015.54.special-issue.59-65,Cunha 2020,10.3389/fpls.2020.00127,10.5073/vitis.2015.54.special-issue.59-65
JAMPAL,CAYETANA BLANCA,Parent 2,SSR,SSR,,,VIVC passport (via Cunha 2020),10.3389/fpls.2020.00127,,confirmed,ALFROCHEIRO X CAYETANA BLANCA,10.3389/fpls.2020.00127; 10.5073/vitis.2015.54.special-issue.59-65,Cunha 2020,10.3389/fpls.2020.00127,10.5073/vitis.2015.54.special-issue.59-65
JANTAR,KOENIGIN DER WEINGAERTEN,Parent 1,SSR,SSR,,,VIVC passport (pedigree confirmed by markers),10.1007/s11295-014-0746-9,,confirmed,KOENIGIN DER WEINGAERTEN X BOLGAR,10.1007/s11295-014-0746-9,none,10.1007/s11295-014-0746-9,10.1007/s11295-014-0746-9
JANTAR,BOLGAR,Parent 2,SSR,SSR,,,VIVC passport (pedigree confirmed by markers),10.1007/s11295-014-0746-9,,confirmed,KOENIGIN DER WEINGAERTEN X BOLGAR,10.1007/s11295-014-0746-9,none,10.1007/s11295-014-0746-9,10.1007/s11295-014-0746-9
JAVOR GROSS WEISS,ALBA IMPUTOTATO,Parent 1,SSR,SSR,,,VIVC passport (via Lacombe 2013),10.1007/s00122-012-1988-2,,confirmed,ALBA IMPUTOTATO X GOUAIS BLANC,10.1007/s00122-012-1988-2,Lacombe 2013,10.1007/s00122-012-1988-2,
JAVOR GROSS WEISS,GOUAIS BLANC,Parent 2,SSR,SSR,,,VIVC passport (via Lacombe 2013),10.1007/s00122-012-1988-2,,confirmed,ALBA IMPUTOTATO X GOUAIS BLANC,10.1007/s00122-012-1988-2,Lacombe 2013,10.1007/s00122-012-1988-2,
DIMYAT,COARNA ALBA,Parent 1,SSR,SSR,,,VIVC passport (via Lacombe & Emanuelli 2020; Lacombe 2013; Laucou 2018),10.1007/s00122-012-1988-2,,confirmed,COARNA ALBA X HEUNISCH WEISS,10.1007/s00122-012-1988-2; 10.1371/journal.pone.0192540; 10.3389/fpls.2020.605934,Lacombe & Emanuelli 2020; Lacombe 2013; Laucou 2018,10.1007/s00122-012-1988-2,
DIMYAT,GOUAIS BLANC,Parent 2,SSR,SSR,,,VIVC passport (via Lacombe & Emanuelli 2020; Lacombe 2013; Laucou 2018),10.1007/s00122-012-1988-2,,confirmed,COARNA ALBA X HEUNISCH WEISS,10.1007/s00122-012-1988-2; 10.1371/journal.pone.0192540; 10.3389/fpls.2020.605934,Lacombe & Emanuelli 2020; Lacombe 2013; Laucou 2018,10.1007/s00122-012-1988-2,
NEDELTCHEFF MAGVATLANA,ITALIA,Parent 1,SSR,SSR,,,VIVC passport (via Lacombe 2013),10.1007/s00122-012-1988-2,,confirmed,ITALIA  X SULTANINA DE BULGARIE,10.1007/s00122-012-1988-2,Lacombe 2013,10.1007/s00122-012-1988-2,
NEDELTCHEFF MAGVATLANA,SULTANINA DE BULGARIE,Parent 2,SSR,SSR,,,VIVC passport (via Lacombe 2013),10.1007/s00122-012-1988-2,,confirmed,ITALIA  X SULTANINA DE BULGARIE,10.1007/s00122-012-1988-2,Lacombe 2013,10.1007/s00122-012-1988-2,
AIGEZARD,KATTA KURGAN,Parent 1,SSR,SSR,,,VIVC passport (via Margaryan 2021),10.3390/biology10121279,,confirmed,KATTA KURGAN X PARKENT,10.3390/biology10121279,Margaryan 2021,10.3390/biology10121279,
AIGEZARD,PARKENT,Parent 2,SSR,SSR,,,VIVC passport (via Margaryan 2021),10.3390/biology10121279,,confirmed,KATTA KURGAN X PARKENT,10.3390/biology10121279,Margaryan 2021,10.3390/biology10121279,
ANAHIT,ANGUR KALAN,Parent 1,SSR,SSR,,,VIVC passport (via Margaryan 2021),10.3390/biology10121279,,confirmed,ANGUR KALAN X MUSCAT HAMBURG,10.3390/biology10121279,Margaryan 2021,10.3390/biology10121279,
ANAHIT,MUSCAT HAMBURG,Parent 2,SSR,SSR,,,VIVC passport (via Margaryan 2021),10.3390/biology10121279,,confirmed,ANGUR KALAN X MUSCAT HAMBURG,10.3390/biology10121279,Margaryan 2021,10.3390/biology10121279,
ANTEI MAGARACHSKII,RUBINOVYI MAGARACHA,Parent 1,SSR,SSR,,,VIVC passport (pedigree confirmed by markers),10.3103/S0095452710020040,,confirmed,RUBINOVYI MAGARACHA X SEYVE VILLARD 20347,10.3103/S0095452710020040,none,10.3103/S0095452710020040,10.3103/S0095452710020040
ANTEI MAGARACHSKII,SEYVE VILLARD 20347,Parent 2,SSR,SSR,,,VIVC passport (pedigree confirmed by markers),10.3103/S0095452710020040,,confirmed,RUBINOVYI MAGARACHA X SEYVE VILLARD 20347,10.3103/S0095452710020040,none,10.3103/S0095452710020040,10.3103/S0095452710020040
ANUSHAYUT,SEYANETS S 1262,Parent 1,SSR,SSR,,,VIVC passport (via Margaryan 2021),10.3390/biology10121279,,confirmed,SEYANETS S 1262 X KARMRAHYUT,10.3390/biology10121279,Margaryan 2021,10.3390/biology10121279,
ANUSHAYUT,KARMRAHYUT,Parent 2,SSR,SSR,,,VIVC passport (via Margaryan 2021),10.3390/biology10121279,,confirmed,SEYANETS S 1262 X KARMRAHYUT,10.3390/biology10121279,Margaryan 2021,10.3390/biology10121279,
AREVSHAT,KATTA KURGAN,Parent 1,SSR,SSR,,,VIVC passport (via Margaryan 2021),10.3390/biology10121279,,confirmed,KATTA KURGAN X PARKENT,10.3390/biology10121279,Margaryan 2021,10.3390/biology10121279,
AREVSHAT,PARKENT,Parent 2,SSR,SSR,,,VIVC passport (via Margaryan 2021),10.3390/biology10121279,,confirmed,KATTA KURGAN X PARKENT,10.3390/biology10121279,Margaryan 2021,10.3390/biology10121279,
ARMSKHI,SEMENAC 1-17-1,Parent 1,SSR,SSR,,,VIVC passport (pedigree confirmed by markers),,,confirmed,SEMENAC 1-17-1 X SAPERAVI,,none,,
ARMSKHI,SAPERAVI,Parent 2,SSR,SSR,,,VIVC passport (pedigree confirmed by markers),,,confirmed,SEMENAC 1-17-1 X SAPERAVI,,none,,
ARTASHATI KARMIR,SEYANETS S 1262,Parent 1,SSR,SSR,,,VIVC passport (via Margaryan 2021),10.3390/biology10121279,,confirmed,SEYANETS S 1262 X KARMRAHYUT,10.3390/biology10121279,Margaryan 2021,10.3390/biology10121279,
ARTASHATI KARMIR,KARMRAHYUT,Parent 2,SSR,SSR,,,VIVC passport (via Margaryan 2021),10.3390/biology10121279,,confirmed,SEYANETS S 1262 X KARMRAHYUT,10.3390/biology10121279,Margaryan 2021,10.3390/biology10121279,
HAGHTANAK,SEMENAC 1-17-1,Parent 1,SSR,SSR,,,VIVC passport (via Margaryan 2021),10.3390/biology10121279,,confirmed,SEMENAC 1-17-1 X SAPERAVI,10.3390/biology10121279,Margaryan 2021,10.3390/biology10121279,
HAGHTANAK,SAPERAVI,Parent 2,SSR,SSR,,,VIVC passport (via Margaryan 2021),10.3390/biology10121279,,confirmed,SEMENAC 1-17-1 X SAPERAVI,10.3390/biology10121279,Margaryan 2021,10.3390/biology10121279,
JO RIZLING,RIESLING ITALICO,Parent 1,SSR,SSR,,,VIVC passport (via Lacombe 2013),10.1007/s00122-012-1988-2,,confirmed,RIESLING ITALICO X CHASSELAS,10.1007/s00122-012-1988-2,Lacombe 2013,10.1007/s00122-012-1988-2,
JO RIZLING,CHASSELAS,Parent 2,SSR,SSR,,,VIVC passport (via Lacombe 2013),10.1007/s00122-012-1988-2,,confirmed,RIESLING ITALICO X CHASSELAS,10.1007/s00122-012-1988-2,Lacombe 2013,10.1007/s00122-012-1988-2,
JOANNES SEYVE 11369,SEIBEL 6468,Parent 1,SSR,SSR,,,VIVC passport (pedigree confirmed by markers),10.5073/vitis.2021.60.189-193,,confirmed,SEIBEL 6468 X SUBEREUX,10.5073/vitis.2021.60.189-193,none,10.5073/vitis.2021.60.189-193,10.5073/vitis.2021.60.189-193
JOANNES SEYVE 11369,SUBEREUX,Parent 2,SSR,SSR,,,VIVC passport (pedigree confirmed by markers),10.5073/vitis.2021.60.189-193,,confirmed,SEIBEL 6468 X SUBEREUX,10.5073/vitis.2021.60.189-193,none,10.5073/vitis.2021.60.189-193,10.5073/vitis.2021.60.189-193
JOANNES SEYVE 16150,SEIBEL 6468,Parent 1,SSR,SSR,,,VIVC passport (pedigree confirmed by markers),,,confirmed,SEIBEL 6468 X SUBEREUX,,none,,
JOANNES SEYVE 16150,SUBEREUX,Parent 2,SSR,SSR,,,VIVC passport (pedigree confirmed by markers),,,confirmed,SEIBEL 6468 X SUBEREUX,,none,,
JOANNES SEYVE 23275,SEIBEL 6468,Parent 1,SSR,SSR,,,VIVC passport (pedigree confirmed by markers),,,confirmed,SEIBEL 6468 X CHANCELLOR,,none,,
JOANNES SEYVE 23275,CHANCELLOR,Parent 2,SSR,SSR,,,VIVC passport (pedigree confirmed by markers),,,confirmed,SEIBEL 6468 X CHANCELLOR,,none,,
JOANNES SEYVE 23284,SEIBEL 6468,Parent 1,SSR,SSR,,,VIVC passport (pedigree confirmed by markers),,,confirmed,SEIBEL 6468 X CHANCELLOR,,none,,
JOANNES SEYVE 23284,CHANCELLOR,Parent 2,SSR,SSR,,,VIVC passport (pedigree confirmed by markers),,,confirmed,SEIBEL 6468 X CHANCELLOR,,none,,
JOANNES SEYVE 23416,BERTILLE SEYVE 4825,Parent 1,SSR,SSR,,,VIVC passport (pedigree confirmed by markers),,,confirmed,BERTILLE SEYVE 4825 X SEIBEL 7053,,none,,
JOANNES SEYVE 23416,SEIBEL 7053,Parent 2,SSR,SSR,,,VIVC passport (pedigree confirmed by markers),,,confirmed,BERTILLE SEYVE 4825 X SEIBEL 7053,,none,,
JOANNES SEYVE 24397,CHANCELLOR,Parent 1,SSR,SSR,,,VIVC passport (pedigree confirmed by markers),,,confirmed,CHANCELLOR X SEYVAL BLANC,,none,,
JOANNES SEYVE 24397,SEYVAL BLANC,Parent 2,SSR,SSR,,,VIVC passport (pedigree confirmed by markers),,,confirmed,CHANCELLOR X SEYVAL BLANC,,none,,
JOANNES SEYVE 24610,SEIBEL 6468,Parent 1,SSR,SSR,,,VIVC passport (pedigree confirmed by markers),,,confirmed,SEIBEL 6468 X CHANCELLOR,,none,,
JOANNES SEYVE 24610,CHANCELLOR,Parent 2,SSR,SSR,,,VIVC passport (pedigree confirmed by markers),,,confirmed,SEIBEL 6468 X CHANCELLOR,,none,,
JOANNES SEYVE 26490,CHANCELLOR,Parent 1,SSR,SSR,,,VIVC passport (pedigree confirmed by markers),,,confirmed,CHANCELLOR X VILLARD BLANC,,none,,
JOANNES SEYVE 26490,VILLARD BLANC,Parent 2,SSR,SSR,,,VIVC passport (pedigree confirmed by markers),,,confirmed,CHANCELLOR X VILLARD BLANC,,none,,
JOUBERTIN,PERSAN N,Parent 1,SSR,SSR,,,VIVC passport (via Lacombe 2013),10.1007/s00122-012-1988-2,,confirmed,PERSAN N X PELOURSIN N,10.1007/s00122-012-1988-2,Lacombe 2013,10.1007/s00122-012-1988-2,
JOUBERTIN,PELOURSIN N,Parent 2,SSR,SSR,,,VIVC passport (via Lacombe 2013),10.1007/s00122-012-1988-2,,confirmed,PERSAN N X PELOURSIN N,10.1007/s00122-012-1988-2,Lacombe 2013,10.1007/s00122-012-1988-2,
JUBILAEUMSREBE,VELTLINER FRUEHROT,Parent 1,SSR,SSR,,,VIVC passport (pedigree confirmed by markers),10.1007/s001220050889,,confirmed,VELTLINER FRUEHROT X PORTUGIESER GRAU,10.1007/s001220050889,none,10.1007/s001220050889,10.1007/s001220050889
JUBILAEUMSREBE,PORTUGIESER GRAU,Parent 2,SSR,SSR,,,VIVC passport (pedigree confirmed by markers),10.1007/s001220050889,,confirmed,VELTLINER FRUEHROT X PORTUGIESER GRAU,10.1007/s001220050889,none,10.1007/s001220050889,10.1007/s001220050889
JUBILEUM 75,KOEVIDINKA,Parent 1,SSR,SSR,,,VIVC passport (via Lacombe 2013),10.1007/s00122-012-1988-2,,confirmed,KOEVIDINKA X SAVAGIN = TRAMINER,10.1007/s00122-012-1988-2,Lacombe 2013,10.1007/s00122-012-1988-2,
JUBILEUM 75,SAVAGIN = TRAMINER,Parent 2,SSR,SSR,,,VIVC passport (via Lacombe 2013),10.1007/s00122-012-1988-2,,confirmed,KOEVIDINKA X SAVAGIN = TRAMINER,10.1007/s00122-012-1988-2,Lacombe 2013,10.1007/s00122-012-1988-2,
JULIUS CAESAR,CHASSELAS,Parent 1,SSR,SSR,,,VIVC passport (via Lacombe 2013),10.1007/s00122-012-1988-2,,confirmed,CHASSELAS X PERLE VON CSABA,10.1007/s00122-012-1988-2,Lacombe 2013,10.1007/s00122-012-1988-2,
JULIUS CAESAR,PERLE VON CSABA,Parent 2,SSR,SSR,,,VIVC passport (via Lacombe 2013),10.1007/s00122-012-1988-2,,confirmed,CHASSELAS X PERLE VON CSABA,10.1007/s00122-012-1988-2,Lacombe 2013,10.1007/s00122-012-1988-2,
JURANCON BLANC,FOLLE BLANCHE,Parent 1,SSR,SSR,,,VIVC passport (via Lacombe 2013),10.1007/s00122-012-1988-2,,confirmed,FOLLE BLANCHE X PRUERAS,10.1007/s00122-012-1988-2,Lacombe 2013,10.1007/s00122-012-1988-2,
JURANCON BLANC,PRUERAS,Parent 2,SSR,SSR,,,VIVC passport (via Lacombe 2013),10.1007/s00122-012-1988-2,,confirmed,FOLLE BLANCHE X PRUERAS,10.1007/s00122-012-1988-2,Lacombe 2013,10.1007/s00122-012-1988-2,
JURANCON NOIR,FOLLE BLANCHE,Parent 1,SSR,SSR,,,VIVC passport (via Lacombe 2013),10.1007/s00122-012-1988-2,,confirmed,FOLLE BLANCHE X COT,10.1007/s00122-012-1988-2,Lacombe 2013,10.1007/s00122-012-1988-2,
JURANCON NOIR,MALBEC,Parent 2,SSR,SSR,,,VIVC passport (via Lacombe 2013),10.1007/s00122-012-1988-2,,confirmed,FOLLE BLANCHE X COT,10.1007/s00122-012-1988-2,Lacombe 2013,10.1007/s00122-012-1988-2,
KANDAHARI SAFID,KATTA-KOURGAN,Parent 1,SSR,SSR,,,VIVC passport (via Lacombe 2013),10.1007/s00122-012-1988-2,,confirmed,KATTA-KOURGAN X SULTANINE,10.1007/s00122-012-1988-2,Lacombe 2013,10.1007/s00122-012-1988-2,
KANDAHARI SAFID,SULTANINE,Parent 2,SSR,SSR,,,VIVC passport (via Lacombe 2013),10.1007/s00122-012-1988-2,,confirmed,KATTA-KOURGAN X SULTANINE,10.1007/s00122-012-1988-2,Lacombe 2013,10.1007/s00122-012-1988-2,
KANZLER,MUELLER THURGAU,Parent 1,SSR,SSR,,,VIVC passport (via Lacombe & Emanuelli 2020; Lacombe 2013; Laucou 2018),10.1007/s00122-012-1988-2,,confirmed,MUELLER THURGAU X SYLVANER,10.1007/s00122-012-1988-2; 10.1371/journal.pone.0192540; 10.3389/fpls.2020.605934,Lacombe & Emanuelli 2020; Lacombe 2013; Laucou 2018,10.1007/s00122-012-1988-2,
KANZLER,SYLVANER,Parent 2,SSR,SSR,,,VIVC passport (via Lacombe & Emanuelli 2020; Lacombe 2013; Laucou 2018),10.1007/s00122-012-1988-2,,confirmed,MUELLER THURGAU X SYLVANER,10.1007/s00122-012-1988-2; 10.1371/journal.pone.0192540; 10.3389/fpls.2020.605934,Lacombe & Emanuelli 2020; Lacombe 2013; Laucou 2018,10.1007/s00122-012-1988-2,
KARMRAHYUT,ADISI,Parent 1,SSR,SSR,,,VIVC passport (via Lacombe 2013; Margaryan 2021),10.1007/s00122-012-1988-2,,confirmed,ADISI X PETIT BOUSCHET,10.1007/s00122-012-1988-2; 10.3390/biology10121279,Lacombe 2013; Margaryan 2021,10.1007/s00122-012-1988-2,
KARMRAHYUT,PETIT BOUSCHET,Parent 2,SSR,SSR,,,VIVC passport (via Lacombe 2013; Margaryan 2021),10.1007/s00122-012-1988-2,,confirmed,ADISI X PETIT BOUSCHET,10.1007/s00122-012-1988-2; 10.3390/biology10121279,Lacombe 2013; Margaryan 2021,10.1007/s00122-012-1988-2,
KARMRASHAT,MUSCAT ROUGE DE MADERE,Parent 1,SSR,SSR,,,VIVC passport (via Margaryan 2021),10.3390/biology10121279,,confirmed,MUSCAT ROUGE DE MADERE X BOUSCHET PETIT,10.3390/biology10121279,Margaryan 2021,10.3390/biology10121279,
KARMRASHAT,BOUSCHET PETIT,Parent 2,SSR,SSR,,,VIVC passport (via Margaryan 2021),10.3390/biology10121279,,confirmed,MUSCAT ROUGE DE MADERE X BOUSCHET PETIT,10.3390/biology10121279,Margaryan 2021,10.3390/biology10121279,
KECSKEMETI IZES,POZSONYI FEHER,Parent 1,SSR,SSR,,,VIVC passport (via Lacombe 2013),10.1007/s00122-012-1988-2,,confirmed,POZSONYI FEHER X HOSSZUNYELUE,10.1007/s00122-012-1988-2,Lacombe 2013,10.1007/s00122-012-1988-2,
KECSKEMETI IZES,HOSSZUNYELUE,Parent 2,SSR,SSR,,,VIVC passport (via Lacombe 2013),10.1007/s00122-012-1988-2,,confirmed,POZSONYI FEHER X HOSSZUNYELUE,10.1007/s00122-012-1988-2,Lacombe 2013,10.1007/s00122-012-1988-2,
KECSKEMETI RIZLING,POZSONYI FEHER,Parent 1,SSR,SSR,,,VIVC passport (via Lacombe 2013),10.1007/s00122-012-1988-2,,confirmed,POZSONYI FEHER X HOSSZUNYELUE,10.1007/s00122-012-1988-2,Lacombe 2013,10.1007/s00122-012-1988-2,
KECSKEMETI RIZLING,HOSSZUNYELUE,Parent 2,SSR,SSR,,,VIVC passport (via Lacombe 2013),10.1007/s00122-012-1988-2,,confirmed,POZSONYI FEHER X HOSSZUNYELUE,10.1007/s00122-012-1988-2,Lacombe 2013,10.1007/s00122-012-1988-2,
KERNER,SCHIAVA GROSSA,Parent 1,SSR,SSR,,,VIVC passport (via Cipriani 2010; Lacombe & Emanuelli 2020; Lacombe 2013; Laucou 2018),10.1007/s00122-012-1988-2,,confirmed,SCHIAVA GROSSA X RIESLING RENANO,10.1007/s00122-010-1411-9; 10.1007/s00122-012-1988-2; 10.1371/journal.pone.0192540; 10.3389/fpls.2020.605934; 10.5073/vitis.1998.37.79-82,Cipriani 2010; Lacombe & Emanuelli 2020; Lacombe 2013; Laucou 2018,10.1007/s00122-010-1411-9,10.5073/vitis.1998.37.79-82
KERNER,RIESLING RENANO,Parent 2,SSR,SSR,,,VIVC passport (via Cipriani 2010; Lacombe & Emanuelli 2020; Lacombe 2013; Laucou 2018),10.1007/s00122-012-1988-2,,confirmed,SCHIAVA GROSSA X RIESLING RENANO,10.1007/s00122-010-1411-9; 10.1007/s00122-012-1988-2; 10.1371/journal.pone.0192540; 10.3389/fpls.2020.605934; 10.5073/vitis.1998.37.79-82,Cipriani 2010; Lacombe & Emanuelli 2020; Lacombe 2013; Laucou 2018,10.1007/s00122-010-1411-9,10.5073/vitis.1998.37.79-82
KHETUNI,HADISI,Parent 1,SSR,SSR,,,VIVC passport (via Margaryan 2021),10.3390/biology10121279,,confirmed,HADISI X VANKI,10.3390/biology10121279,Margaryan 2021,10.3390/biology10121279,
KHETUNI,VANKI,Parent 2,SSR,SSR,,,VIVC passport (via Margaryan 2021),10.3390/biology10121279,,confirmed,HADISI X VANKI,10.3390/biology10121279,Margaryan 2021,10.3390/biology10121279,
KHUSAINE KRASNYI,NEGRU MARE,Parent 1,SSR,SSR,,,VIVC passport (via Lacombe & Emanuelli 2020; Lacombe 2013; Laucou 2018),10.1007/s00122-012-1988-2,,confirmed,NEGRU MARE X KHOUSSAINE BLANC,10.1007/s00122-012-1988-2; 10.1371/journal.pone.0192540; 10.3389/fpls.2020.605934,Lacombe & Emanuelli 2020; Lacombe 2013; Laucou 2018,10.1007/s00122-012-1988-2,
KHUSAINE KRASNYI,KHOUSSAINE BLANC,Parent 2,SSR,SSR,,,VIVC passport (via Lacombe & Emanuelli 2020; Lacombe 2013; Laucou 2018),10.1007/s00122-012-1988-2,,confirmed,NEGRU MARE X KHOUSSAINE BLANC,10.1007/s00122-012-1988-2; 10.1371/journal.pone.0192540; 10.3389/fpls.2020.605934,Lacombe & Emanuelli 2020; Lacombe 2013; Laucou 2018,10.1007/s00122-012-1988-2,
KIBRAISKII,CHAOUCH BLANC,Parent 1,SSR,SSR,,,VIVC passport (via Lacombe 2013),10.1007/s00122-012-1988-2,,confirmed,CHAOUCH BLANC X KICHMICH TCHERNI,10.1007/s00122-012-1988-2,Lacombe 2013,10.1007/s00122-012-1988-2,
KIBRAISKII,KICHMICH TCHERNI,Parent 2,SSR,SSR,,,VIVC passport (via Lacombe 2013),10.1007/s00122-012-1988-2,,confirmed,CHAOUCH BLANC X KICHMICH TCHERNI,10.1007/s00122-012-1988-2,Lacombe 2013,10.1007/s00122-012-1988-2,
KINCSEM,MATHIASZ JANOSNE,Parent 1,SSR,SSR,,,VIVC passport (via Lacombe 2013),10.1007/s00122-012-1988-2,,confirmed,MATHIASZ JANOSNE X KOEVIDINKA,10.1007/s00122-012-1988-2,Lacombe 2013,10.1007/s00122-012-1988-2,
KINCSEM,KOEVIDINKA,Parent 2,SSR,SSR,,,VIVC passport (via Lacombe 2013),10.1007/s00122-012-1988-2,,confirmed,MATHIASZ JANOSNE X KOEVIDINKA,10.1007/s00122-012-1988-2,Lacombe 2013,10.1007/s00122-012-1988-2,
KISHMISH KHISHRAU,ANGOOR KALAN,Parent 1,SSR,SSR,,,VIVC passport (via Lacombe 2013; Margaryan 2021),10.1007/s00122-012-1988-2,,confirmed,ANGOOR KALAN X KICHMICH TCHERNI,10.1007/s00122-012-1988-2; 10.20870/oeno-one.2021.55.4.4815; 10.3390/biology10121279,Lacombe 2013; Margaryan 2021,10.1007/s00122-012-1988-2,10.20870/oeno-one.2021.55.4.4815
KISHMISH KHISHRAU,KICHMICH TCHERNI,Parent 2,SSR,SSR,,,VIVC passport (via Lacombe 2013; Margaryan 2021),10.1007/s00122-012-1988-2,,confirmed,ANGOOR KALAN X KICHMICH TCHERNI,10.1007/s00122-012-1988-2; 10.20870/oeno-one.2021.55.4.4815; 10.3390/biology10121279,Lacombe 2013; Margaryan 2021,10.1007/s00122-012-1988-2,10.20870/oeno-one.2021.55.4.4815
KISHMISH VATKANA,VASSARGA TCHERNAIA,Parent 1,SSR,SSR,,,VIVC passport (via Lacombe 2013),10.1007/s00122-012-1988-2,,confirmed,VASSARGA TCHERNAIA X SULTANINE,10.1007/s00122-012-1988-2,Lacombe 2013,10.1007/s00122-012-1988-2,
KISHMISH VATKANA,SULTANINE,Parent 2,SSR,SSR,,,VIVC passport (via Lacombe 2013),10.1007/s00122-012-1988-2,,confirmed,VASSARGA TCHERNAIA X SULTANINE,10.1007/s00122-012-1988-2,Lacombe 2013,10.1007/s00122-012-1988-2,
YAKDONA KIZYL,TAGOBI,Parent 1,SSR,SSR,,,VIVC passport (via Lacombe & Emanuelli 2020; Lacombe 2013; Laucou 2018),10.1007/s00122-012-1988-2,,confirmed,TAGOBI X KHOUSSAINE BLANC,10.1007/s00122-012-1988-2; 10.1371/journal.pone.0192540; 10.3389/fpls.2020.605934,Lacombe & Emanuelli 2020; Lacombe 2013; Laucou 2018,10.1007/s00122-012-1988-2,
YAKDONA KIZYL,KHOUSSAINE BLANC,Parent 2,SSR,SSR,,,VIVC passport (via Lacombe & Emanuelli 2020; Lacombe 2013; Laucou 2018),10.1007/s00122-012-1988-2,,confirmed,TAGOBI X KHOUSSAINE BLANC,10.1007/s00122-012-1988-2; 10.1371/journal.pone.0192540; 10.3389/fpls.2020.605934,Lacombe & Emanuelli 2020; Lacombe 2013; Laucou 2018,10.1007/s00122-012-1988-2,
KLADOVSKA BELA,PROKUPAC,Parent 1,SSR,SSR,,,VIVC passport (pedigree confirmed by markers),,,confirmed,PROKUPAC X PINOT NOIR,,none,,
KLADOVSKA BELA,PINOT NOIR,Parent 2,SSR,SSR,,,VIVC passport (pedigree confirmed by markers),,,confirmed,PROKUPAC X PINOT NOIR,,none,,
KNIPPERLE,PINOT,Parent 1,SSR,SSR,,,VIVC passport (via Lacombe 2013),10.1007/s00122-012-1988-2,,confirmed,PINOT X HEUNISCH WEISS,10.1007/s00122-012-1988-2; 10.1126/science.285.5433.1562,Lacombe 2013,10.1007/s00122-012-1988-2,10.1126/science.285.5433.1562
KNIPPERLE,GOUAIS BLANC,Parent 2,SSR,SSR,,,VIVC passport (via Lacombe 2013),10.1007/s00122-012-1988-2,,confirmed,PINOT X HEUNISCH WEISS,10.1007/s00122-012-1988-2; 10.1126/science.285.5433.1562,Lacombe 2013,10.1007/s00122-012-1988-2,10.1126/science.285.5433.1562
KOBER 5 BB,RESSEGUIER 2,Parent 1,SSR,SSR,,,VIVC passport (via Migliaro 2019),10.5344/ajev.2019.18054,,confirmed,RESSEGUIER 2 X GLOIRE DE MONTPELLIER,10.1007/s00122-019-03320-5; 10.5344/ajev.2019.18054,Migliaro 2019,10.1007/s00122-019-03320-5,10.1007/s00122-019-03320-5
KOBER 5 BB,RIPARIA GLOIRE DE MONTPELLIER,Parent 2,SSR,SSR,,,VIVC passport (via Migliaro 2019),10.5344/ajev.2019.18054,,confirmed,RESSEGUIER 2 X GLOIRE DE MONTPELLIER,10.1007/s00122-019-03320-5; 10.5344/ajev.2019.18054,Migliaro 2019,10.1007/s00122-019-03320-5,10.1007/s00122-019-03320-5
KOCSIS IRMA,EZEREVES MAGYARORSZAG EMLEKE,Parent 1,SSR,SSR,,,VIVC passport (via Lacombe 2013),10.1007/s00122-012-1988-2,,confirmed,EZEREVES MAGYARORSZAG EMLEKE X THALLOCZY LAJOS,10.1007/s00122-012-1988-2,Lacombe 2013,10.1007/s00122-012-1988-2,
KOCSIS IRMA,THALLOCZY LAJOS,Parent 2,SSR,SSR,,,VIVC passport (via Lacombe 2013),10.1007/s00122-012-1988-2,,confirmed,EZEREVES MAGYARORSZAG EMLEKE X THALLOCZY LAJOS,10.1007/s00122-012-1988-2,Lacombe 2013,10.1007/s00122-012-1988-2,
KOCSIS PAL SZILVANIJA,TOMPA MIHALY,Parent 1,SSR,SSR,,,VIVC passport (via Lacombe 2013),10.1007/s00122-012-1988-2,,confirmed,TOMPA MIHALY X FURMINT,10.1007/s00122-012-1988-2,Lacombe 2013,10.1007/s00122-012-1988-2,
KOCSIS PAL SZILVANIJA,FURMINT,Parent 2,SSR,SSR,,,VIVC passport (via Lacombe 2013),10.1007/s00122-012-1988-2,,confirmed,TOMPA MIHALY X FURMINT,10.1007/s00122-012-1988-2,Lacombe 2013,10.1007/s00122-012-1988-2,
KOCSIS SANDOR,HARSLEVELUE,Parent 1,SSR,SSR,,,VIVC passport (via Lacombe 2013),10.1007/s00122-012-1988-2,,confirmed,HARSLEVELUE X MATHIASZ JANOSNE,10.1007/s00122-012-1988-2,Lacombe 2013,10.1007/s00122-012-1988-2,
KOCSIS SANDOR,MATHIASZ JANOSNE,Parent 2,SSR,SSR,,,VIVC passport (via Lacombe 2013),10.1007/s00122-012-1988-2,,confirmed,HARSLEVELUE X MATHIASZ JANOSNE,10.1007/s00122-012-1988-2,Lacombe 2013,10.1007/s00122-012-1988-2,
KOENIGIN DER WEINGAERTEN,DATTIER DE BEYROUTH,Parent 1,SSR,SSR,,,VIVC passport (via Lacombe & Emanuelli 2020; Lacombe 2013; Laucou 2018),10.1007/s00122-012-1988-2,,confirmed,DATTIER DE BEYROUTH  X PERLE VON CSABA,10.1007/s00122-012-1988-2; 10.1007/s11295-014-0746-9; 10.1371/journal.pone.0192540; 10.3103/S0095452718050031; 10.3389/fpls.2020.605934; 10.3390/genes11070737,Lacombe & Emanuelli 2020; Lacombe 2013; Laucou 2018,10.1007/s00122-012-1988-2,10.1007/s11295-014-0746-9; 10.3103/S0095452718050031; 10.3390/genes11070737
KOENIGIN DER WEINGAERTEN,PERLE VON CSABA,Parent 2,SSR,SSR,,,VIVC passport (via Lacombe & Emanuelli 2020; Lacombe 2013; Laucou 2018),10.1007/s00122-012-1988-2,,confirmed,DATTIER DE BEYROUTH  X PERLE VON CSABA,10.1007/s00122-012-1988-2; 10.1007/s11295-014-0746-9; 10.1371/journal.pone.0192540; 10.3103/S0095452718050031; 10.3389/fpls.2020.605934; 10.3390/genes11070737,Lacombe & Emanuelli 2020; Lacombe 2013; Laucou 2018,10.1007/s00122-012-1988-2,10.1007/s11295-014-0746-9; 10.3103/S0095452718050031; 10.3390/genes11070737
KOKURDES BELYI,KOKUR BELYI,Parent 1,SSR,SSR,,,VIVC passport (via Lacombe 2013),10.1007/s00122-012-1988-2,,confirmed,KOKUR BELYI X NOIR DE CRIMEE FAUX,10.1007/s00122-012-1988-2; 10.3390/plants10122696,Lacombe 2013,10.1007/s00122-012-1988-2,10.3390/plants10122696
KOKURDES BELYI,NOIR DE CRIMEE FAUX,Parent 2,SSR,SSR,,,VIVC passport (via Lacombe 2013),10.1007/s00122-012-1988-2,,confirmed,KOKUR BELYI X NOIR DE CRIMEE FAUX,10.1007/s00122-012-1988-2; 10.3390/plants10122696,Lacombe 2013,10.1007/s00122-012-1988-2,10.3390/plants10122696
KOLKHURI,TEBRIZI,Parent 1,SSR,SSR,,,VIVC passport (pedigree confirmed by markers),,,confirmed,TEBRIZI X MUSCAT OF ALEXANDRIA,,none,,
KOLKHURI,MUSCAT OF ALEXANDRIA,Parent 2,SSR,SSR,,,VIVC passport (pedigree confirmed by markers),,,confirmed,TEBRIZI X MUSCAT OF ALEXANDRIA,,none,,
KOLOR,PINOT NOIR,Parent 1,SSR,SSR,,,VIVC passport (pedigree confirmed by markers),,,confirmed,PINOT NOIR X TEINTURIER,,none,,
KOLOR,TEINTURIER,Parent 2,SSR,SSR,,,VIVC passport (pedigree confirmed by markers),,,confirmed,PINOT NOIR X TEINTURIER,,none,,
KORAI GYOENGY,POZSONYI,Parent 1,SSR,SSR,,,VIVC passport (pedigree confirmed by markers),,,confirmed,POZSONYI X CSABA GYOENGYE,,none,,
KORAI GYOENGY,CSABA GYOENGYE,Parent 2,SSR,SSR,,,VIVC passport (pedigree confirmed by markers),,,confirmed,POZSONYI X CSABA GYOENGYE,,none,,
KOSOROTOVSKII,COARNA ALBA,Parent 1,SSR,SSR,,,VIVC passport (via Lacombe 2013),10.1007/s00122-012-1988-2,,confirmed,COARNA ALBA X PLAVAI,10.1007/s00122-012-1988-2,Lacombe 2013,10.1007/s00122-012-1988-2,
KOSOROTOVSKII,PLAVAI,Parent 2,SSR,SSR,,,VIVC passport (via Lacombe 2013),10.1007/s00122-012-1988-2,,confirmed,COARNA ALBA X PLAVAI,10.1007/s00122-012-1988-2,Lacombe 2013,10.1007/s00122-012-1988-2,
KOSOVSKA RANA,BOUVIER,Parent 1,SSR,SSR,,,VIVC passport (via Lacombe 2013),10.1007/s00122-012-1988-2,,confirmed,BOUVIER X MUSCAT DE HAMBOURG,10.1007/s00122-012-1988-2,Lacombe 2013,10.1007/s00122-012-1988-2,
KOSOVSKA RANA,MUSCAT DE HAMBOURG,Parent 2,SSR,SSR,,,VIVC passport (via Lacombe 2013),10.1007/s00122-012-1988-2,,confirmed,BOUVIER X MUSCAT DE HAMBOURG,10.1007/s00122-012-1988-2,Lacombe 2013,10.1007/s00122-012-1988-2,
KOSSUTH LAJOS,MADELEINE ANGEVINE,Parent 1,SSR,SSR,,,VIVC passport (via Lacombe 2013),10.1007/s00122-012-1988-2,,confirmed,MADELEINE ANGEVINE X DIMIAT,10.1007/s00122-012-1988-2,Lacombe 2013,10.1007/s00122-012-1988-2,
KOSSUTH LAJOS,DIMIAT,Parent 2,SSR,SSR,,,VIVC passport (via Lacombe 2013),10.1007/s00122-012-1988-2,,confirmed,MADELEINE ANGEVINE X DIMIAT,10.1007/s00122-012-1988-2,Lacombe 2013,10.1007/s00122-012-1988-2,
KOVACS KREGER,COARNA ALBA,Parent 1,SSR,SSR,,,VIVC passport (via Lacombe 2013),10.1007/s00122-012-1988-2,,confirmed,COARNA ALBA X FURMINT,10.1007/s00122-012-1988-2,Lacombe 2013,10.1007/s00122-012-1988-2,
KOVACS KREGER,FURMINT,Parent 2,SSR,SSR,,,VIVC passport (via Lacombe 2013),10.1007/s00122-012-1988-2,,confirmed,COARNA ALBA X FURMINT,10.1007/s00122-012-1988-2,Lacombe 2013,10.1007/s00122-012-1988-2,
KRASSOSTAFYLO,TORRONTES MENDOCINO,Parent 1,SSR,SSR,,,VIVC passport (via Lacombe 2013),10.1007/s00122-012-1988-2,,confirmed,TORRONTES MENDOCINO X COT,10.1007/s00122-012-1988-2,Lacombe 2013,10.1007/s00122-012-1988-2,
KRASSOSTAFYLO,MALBEC,Parent 2,SSR,SSR,,,VIVC passport (via Lacombe 2013),10.1007/s00122-012-1988-2,,confirmed,TORRONTES MENDOCINO X COT,10.1007/s00122-012-1988-2,Lacombe 2013,10.1007/s00122-012-1988-2,
KRESTOVSKII,KOZ OUZIOUM,Parent 1,SSR,SSR,,,VIVC passport (pedigree confirmed by markers),10.1134/S2635167622050135,,confirmed,KOZ OUZIOUM X ASYL KARA 2,10.1134/S2635167622050135,none,10.1134/S2635167622050135,10.1134/S2635167622050135
KRESTOVSKII,ASYL KARA 2,Parent 2,SSR,SSR,,,VIVC passport (pedigree confirmed by markers),10.1134/S2635167622050135,,confirmed,KOZ OUZIOUM X ASYL KARA 2,10.1134/S2635167622050135,none,10.1134/S2635167622050135,10.1134/S2635167622050135
KRKOCHIA PIRGAVA,ALBA IMPUTATO,Parent 1,SSR,SSR,,,VIVC passport (pedigree confirmed by markers),10.5073/vitis.2015.54.79-86,,confirmed,ALBA IMPUTATO X HEUNISCH WEISS,10.5073/vitis.2015.54.79-86,none,10.5073/vitis.2015.54.79-86,10.5073/vitis.2015.54.79-86
KRKOCHIA PIRGAVA,GOUAIS BLANC,Parent 2,SSR,SSR,,,VIVC passport (pedigree confirmed by markers),10.5073/vitis.2015.54.79-86,,confirmed,ALBA IMPUTATO X HEUNISCH WEISS,10.5073/vitis.2015.54.79-86,none,10.5073/vitis.2015.54.79-86,10.5073/vitis.2015.54.79-86
KRSTICEVICA,PLAVINA,Parent 1,SSR,SSR,,,VIVC passport (pedigree confirmed by markers),10.3390/genes11070737,,confirmed,PLAVINA X BOMBINO BIANCO,10.3390/genes11070737,none,10.3390/genes11070737,10.3390/genes11070737
KRSTICEVICA,BOMBINO BIANCO,Parent 2,SSR,SSR,,,VIVC passport (pedigree confirmed by markers),10.3390/genes11070737,,confirmed,PLAVINA X BOMBINO BIANCO,10.3390/genes11070737,none,10.3390/genes11070737,10.3390/genes11070737
KUMSHATSKII CHERNYI,BURYI 2,Parent 1,SSR,SSR,,,VIVC passport (pedigree confirmed by markers),10.1134/S2635167622050135,,confirmed,BURYI 2 X TSIMLYANSKIY CHERNYI,10.1134/S2635167622050135,none,10.1134/S2635167622050135,10.1134/S2635167622050135
KUMSHATSKII CHERNYI,TSIMLYANSKIY CHERNYI,Parent 2,SSR,SSR,,,VIVC passport (pedigree confirmed by markers),10.1134/S2635167622050135,,confirmed,BURYI 2 X TSIMLYANSKIY CHERNYI,10.1134/S2635167622050135,none,10.1134/S2635167622050135,10.1134/S2635167622050135
KUNBARAT,KOLEDA 28/19,Parent 1,SSR,SSR,,,VIVC passport (pedigree confirmed by markers),10.5073/vitis.2020.59.91-92,,confirmed,KOLEDA 28/19 X AFUS ALI,10.5073/vitis.2020.59.91-92,none,10.5073/vitis.2020.59.91-92,10.5073/vitis.2020.59.91-92
KUNBARAT,AFUS ALI,Parent 2,SSR,SSR,,,VIVC passport (pedigree confirmed by markers),10.5073/vitis.2020.59.91-92,,confirmed,KOLEDA 28/19 X AFUS ALI,10.5073/vitis.2020.59.91-92,none,10.5073/vitis.2020.59.91-92,10.5073/vitis.2020.59.91-92
KUNLEANY,KOLEDA 28/19),Parent 1,SSR,SSR,,,VIVC passport (pedigree confirmed by markers),10.5073/vitis.2020.59.91-92,,confirmed,KOLEDA 28/19) X AFUS ALI,10.5073/vitis.2020.59.91-92,none,10.5073/vitis.2020.59.91-92,10.5073/vitis.2020.59.91-92
KUNLEANY,AFUS ALI,Parent 2,SSR,SSR,,,VIVC passport (pedigree confirmed by markers),10.5073/vitis.2020.59.91-92,,confirmed,KOLEDA 28/19) X AFUS ALI,10.5073/vitis.2020.59.91-92,none,10.5073/vitis.2020.59.91-92,10.5073/vitis.2020.59.91-92
KURTELASKA,BOMBINO BIANCO,Parent 1,SSR,SSR,,,VIVC passport (via Lacombe 2013),10.1007/s00122-012-1988-2,,confirmed,BOMBINO BIANCO X MOSTOSA = EMPIBOTTE BIANCO,10.1007/s00122-012-1988-2; 10.3390/genes11070737,Lacombe 2013,10.1007/s00122-012-1988-2,10.3390/genes11070737
KURTELASKA,MOSTOSA = EMPIBOTTE BIANCO,Parent 2,SSR,SSR,,,VIVC passport (via Lacombe 2013),10.1007/s00122-012-1988-2,,confirmed,BOMBINO BIANCO X MOSTOSA = EMPIBOTTE BIANCO,10.1007/s00122-012-1988-2; 10.3390/genes11070737,Lacombe 2013,10.1007/s00122-012-1988-2,10.3390/genes11070737
KURTSEIT AGANYN IZYUM,TASCHLY,Parent 1,SSR,SSR,,,VIVC passport (via Lacombe 2013),10.1007/s00122-012-1988-2,,confirmed,TASCHLY X SCHABASCHE,10.1007/s00122-012-1988-2,Lacombe 2013,10.1007/s00122-012-1988-2,
KURTSEIT AGANYN IZYUM,SCHABASCHE,Parent 2,SSR,SSR,,,VIVC passport (via Lacombe 2013),10.1007/s00122-012-1988-2,,confirmed,TASCHLY X SCHABASCHE,10.1007/s00122-012-1988-2,Lacombe 2013,10.1007/s00122-012-1988-2,
KUTLAKSKII CHERNYI,TOLSTOKORII,Parent 1,SSR,SSR,,,VIVC passport (via Lacombe 2013),10.1007/s00122-012-1988-2,,confirmed,TOLSTOKORII X VIGNE DE WOOD,10.1007/s00122-012-1988-2,Lacombe 2013,10.1007/s00122-012-1988-2,
KUTLAKSKII CHERNYI,VIGNE DE WOOD,Parent 2,SSR,SSR,,,VIVC passport (via Lacombe 2013),10.1007/s00122-012-1988-2,,confirmed,TOLSTOKORII X VIGNE DE WOOD,10.1007/s00122-012-1988-2,Lacombe 2013,10.1007/s00122-012-1988-2,
KUTUZOVSKII,COARNA NEAGRA,Parent 1,SSR,SSR,,,VIVC passport (via Margaryan 2021),10.3390/biology10121279,,confirmed,COARNA NEAGRA X DATTIER DE ST. VALLIER,10.3390/biology10121279,Margaryan 2021,10.3390/biology10121279,
KUTUZOVSKII,DATTIER DE ST. VALLIER,Parent 2,SSR,SSR,,,VIVC passport (via Margaryan 2021),10.3390/biology10121279,,confirmed,COARNA NEAGRA X DATTIER DE ST. VALLIER,10.3390/biology10121279,Margaryan 2021,10.3390/biology10121279,
LA ROCHELLE,BARLINKA,Parent 1,SSR,SSR,,,VIVC passport (via Lacombe 2013),10.1007/s00122-012-1988-2,,confirmed,BARLINKA X ALPHONSE LAVALLEE,10.1007/s00122-012-1988-2; 10.21548/39-1-2053,Lacombe 2013,10.1007/s00122-012-1988-2,10.21548/39-1-2053
LA ROCHELLE,ALPHONSE LAVALLEE,Parent 2,SSR,SSR,,,VIVC passport (via Lacombe 2013),10.1007/s00122-012-1988-2,,confirmed,BARLINKA X ALPHONSE LAVALLEE,10.1007/s00122-012-1988-2; 10.21548/39-1-2053,Lacombe 2013,10.1007/s00122-012-1988-2,10.21548/39-1-2053
LACRIMA,ALEATICO,Parent 1,SSR,SSR,,,VIVC passport (pedigree confirmed by markers),10.20870/oeno-one.2021.55.3.4628,,confirmed,ALEATICO X NERA RADA,10.20870/oeno-one.2021.55.3.4628,none,10.20870/oeno-one.2021.55.3.4628,10.20870/oeno-one.2021.55.3.4628
LACRIMA,NERA RADA,Parent 2,SSR,SSR,,,VIVC passport (pedigree confirmed by markers),10.20870/oeno-one.2021.55.3.4628,,confirmed,ALEATICO X NERA RADA,10.20870/oeno-one.2021.55.3.4628,none,10.20870/oeno-one.2021.55.3.4628,10.20870/oeno-one.2021.55.3.4628
LACRIMA DI MARIA,GRAECO,Parent 1,SSR,SSR,,,VIVC passport (via Lacombe & Emanuelli 2020; Lacombe 2013),10.1007/s00122-012-1988-2,,confirmed,GRAECO X HEPTAKILO,10.1007/s00122-012-1988-2; 10.3389/fpls.2020.605934,Lacombe & Emanuelli 2020; Lacombe 2013,10.1007/s00122-012-1988-2,
LACRIMA DI MARIA,HEPTAKILO,Parent 2,SSR,SSR,,,VIVC passport (via Lacombe & Emanuelli 2020; Lacombe 2013),10.1007/s00122-012-1988-2,,confirmed,GRAECO X HEPTAKILO,10.1007/s00122-012-1988-2; 10.3389/fpls.2020.605934,Lacombe & Emanuelli 2020; Lacombe 2013,10.1007/s00122-012-1988-2,
LADIKINO,LACRIMA BIANCA,Parent 1,SSR,SSR,,,VIVC passport (via Lacombe & Emanuelli 2020),10.3389/fpls.2020.605934,,confirmed,LACRIMA BIANCA X ASSOUAD KARECH,10.3389/fpls.2020.605934,Lacombe & Emanuelli 2020,10.3389/fpls.2020.605934,
LADIKINO,ASSOUAD KARECH,Parent 2,SSR,SSR,,,VIVC passport (via Lacombe & Emanuelli 2020),10.3389/fpls.2020.605934,,confirmed,LACRIMA BIANCA X ASSOUAD KARECH,10.3389/fpls.2020.605934,Lacombe & Emanuelli 2020,10.3389/fpls.2020.605934,
LADY DOWNE'S SEEDLING,BLACK MOROCCO,Parent 1,SSR,SSR,,,VIVC passport (via Lacombe 2013),10.1007/s00122-012-1988-2,,confirmed,BLACK MOROCCO X MUSCAT OF ALEXANDRIE,10.1007/s00122-012-1988-2; 10.1007/s11295-014-0746-9,Lacombe 2013,10.1007/s00122-012-1988-2,10.1007/s11295-014-0746-9
LADY DOWNE'S SEEDLING,MUSCAT OF ALEXANDRIE,Parent 2,SSR,SSR,,,VIVC passport (via Lacombe 2013),10.1007/s00122-012-1988-2,,confirmed,BLACK MOROCCO X MUSCAT OF ALEXANDRIE,10.1007/s00122-012-1988-2; 10.1007/s11295-014-0746-9,Lacombe 2013,10.1007/s00122-012-1988-2,10.1007/s11295-014-0746-9
LAGAUZERE C,SEMILLON,Parent 1,SSR,SSR,,,VIVC passport (via Lacombe 2013),10.1007/s00122-012-1988-2,,confirmed,SEMILLON X UGNI BLANC = TREBBIANO TOSCANO,10.1007/s00122-012-1988-2,Lacombe 2013,10.1007/s00122-012-1988-2,
LAGAUZERE C,UGNI BLANC = TREBBIANO TOSCANO,Parent 2,SSR,SSR,,,VIVC passport (via Lacombe 2013),10.1007/s00122-012-1988-2,,confirmed,SEMILLON X UGNI BLANC = TREBBIANO TOSCANO,10.1007/s00122-012-1988-2,Lacombe 2013,10.1007/s00122-012-1988-2,
LAGREIN,SCHIAVA GENTILE,Parent 1,SSR,SSR,,,VIVC passport (via Cipriani 2010; Lacombe & Emanuelli 2020; Lacombe 2013),10.1007/s00122-012-1988-2,,confirmed,SCHIAVA GENTILE X TEROLDEGO,10.1007/s00122-010-1411-9; 10.1007/s00122-012-1988-2; 10.3389/fpls.2020.605934,Cipriani 2010; Lacombe & Emanuelli 2020; Lacombe 2013,10.1007/s00122-010-1411-9,
LAGREIN,TEROLDEGO,Parent 2,SSR,SSR,,,VIVC passport (via Cipriani 2010; Lacombe & Emanuelli 2020; Lacombe 2013),10.1007/s00122-012-1988-2,,confirmed,SCHIAVA GENTILE X TEROLDEGO,10.1007/s00122-010-1411-9; 10.1007/s00122-012-1988-2; 10.3389/fpls.2020.605934,Cipriani 2010; Lacombe & Emanuelli 2020; Lacombe 2013,10.1007/s00122-010-1411-9,
LANDOT 234,SEIBEL 5455,Parent 1,SSR,SSR,,,VIVC passport (pedigree confirmed by markers),,,confirmed,SEIBEL 5455 X GAMAY MOUROT,,none,,
LANDOT 234,GAMAY MOUROT,Parent 2,SSR,SSR,,,VIVC passport (pedigree confirmed by markers),,,confirmed,SEIBEL 5455 X GAMAY MOUROT,,none,,
LANDOT 301,SEIBEL 6468,Parent 1,SSR,SSR,,,VIVC passport (pedigree confirmed by markers),,,confirmed,SEIBEL 6468 X PLANTET,,none,,
LANDOT 301,PLANTET,Parent 2,SSR,SSR,,,VIVC passport (pedigree confirmed by markers),,,confirmed,SEIBEL 6468 X PLANTET,,none,,
LANDOT 508,GAMAY,Parent 1,SSR,SSR,,,VIVC passport (pedigree confirmed by markers),,,confirmed,GAMAY X CHANCELLOR,,none,,
LANDOT 508,CHANCELLOR,Parent 2,SSR,SSR,,,VIVC passport (pedigree confirmed by markers),,,confirmed,GAMAY X CHANCELLOR,,none,,
LANDOT 709,PLANTET,Parent 1,SSR,SSR,,,VIVC passport (pedigree confirmed by markers),,,confirmed,PLANTET X SEIBEL  8718,,none,,
LANDOT 709,SEIBEL 8718,Parent 2,SSR,SSR,,,VIVC passport (pedigree confirmed by markers),,,confirmed,PLANTET X SEIBEL  8718,,none,,
LANDOT 742,PLANTET,Parent 1,SSR,SSR,,,VIVC passport (pedigree confirmed by markers),,,confirmed,PLANTET X SEIBEL  8718,,none,,
LANDOT 742,SEIBEL 8718,Parent 2,SSR,SSR,,,VIVC passport (pedigree confirmed by markers),,,confirmed,PLANTET X SEIBEL  8718,,none,,
LANDOT 760,PLANTET,Parent 1,SSR,SSR,,,VIVC passport (pedigree confirmed by markers),,,confirmed,PLANTET X SEIBEL  8718,,none,,
LANDOT 760,SEIBEL 8718,Parent 2,SSR,SSR,,,VIVC passport (pedigree confirmed by markers),,,confirmed,PLANTET X SEIBEL  8718,,none,,
LANDOT 1678,PLANTET,Parent 1,SSR,SSR,,,VIVC passport (pedigree confirmed by markers),,,confirmed,PLANTET X SEINOIR,,none,,
LANDOT 1678,SEINOIR,Parent 2,SSR,SSR,,,VIVC passport (pedigree confirmed by markers),,,confirmed,PLANTET X SEINOIR,,none,,
LANDOT 1680,PLANTET,Parent 1,SSR,SSR,,,VIVC passport (pedigree confirmed by markers),,,confirmed,PLANTET X SEINOR,,none,,
LANDOT 1680,SEINOR,Parent 2,SSR,SSR,,,VIVC passport (pedigree confirmed by markers),,,confirmed,PLANTET X SEINOR,,none,,
LANDOT 2281,SEYVAL,Parent 1,SSR,SSR,,,VIVC passport (pedigree confirmed by markers),,,confirmed,SEYVAL X PLANTET,,none,,
LANDOT 2281,PLANTET,Parent 2,SSR,SSR,,,VIVC passport (pedigree confirmed by markers),,,confirmed,SEYVAL X PLANTET,,none,,
LANDOT 2283,SEVVAL,Parent 1,SSR,SSR,,,VIVC passport (pedigree confirmed by markers),,,confirmed,SEVVAL X PLANTET,,none,,
LANDOT 2283,PLANTET,Parent 2,SSR,SSR,,,VIVC passport (pedigree confirmed by markers),,,confirmed,SEVVAL X PLANTET,,none,,
LANDOT 2380,SEIBEL 6468,Parent 1,SSR,SSR,,,VIVC passport (pedigree confirmed by markers),,,confirmed,SEIBEL  6468 X FARELLA,,none,,
LANDOT 2380,FARELLA,Parent 2,SSR,SSR,,,VIVC passport (pedigree confirmed by markers),,,confirmed,SEIBEL  6468 X FARELLA,,none,,
LANDOT 2843,RUBILANDE,Parent 1,SSR,SSR,,,VIVC passport (pedigree confirmed by markers),,,confirmed,RUBILANDE X MUSCAT HAMBURG,,none,,
LANDOT 2843,MUSCAT HAMBURG,Parent 2,SSR,SSR,,,VIVC passport (pedigree confirmed by markers),,,confirmed,RUBILANDE X MUSCAT HAMBURG,,none,,
LANDOT 3381,RUBILANDE,Parent 1,SSR,SSR,,,VIVC passport (pedigree confirmed by markers),,,confirmed,RUBILANDE X PLANTET,,none,,
LANDOT 3381,PLANTET,Parent 2,SSR,SSR,,,VIVC passport (pedigree confirmed by markers),,,confirmed,RUBILANDE X PLANTET,,none,,
LANDOT 3384,RUBLIANDE,Parent 1,SSR,SSR,,,VIVC passport (pedigree confirmed by markers),,,confirmed,RUBLIANDE X PLANTET,,none,,
LANDOT 3384,PLANTET,Parent 2,SSR,SSR,,,VIVC passport (pedigree confirmed by markers),,,confirmed,RUBLIANDE X PLANTET,,none,,
LANDOT 4411,SEIBEL 8357,Parent 1,SSR,SSR,,,VIVC passport (pedigree confirmed by markers),,,confirmed,SEIBEL 8357 X S.V. 12375,,none,,
LANDOT 4411,S.V. 12375,Parent 2,SSR,SSR,,,VIVC passport (pedigree confirmed by markers),,,confirmed,SEIBEL 8357 X S.V. 12375,,none,,
LANDOT 4465,COLOBEL,Parent 1,SSR,SSR,,,VIVC passport (pedigree confirmed by markers),,,confirmed,COLOBEL X VILLARD BLANC,,none,,
LANDOT 4465,VILLARD BLANC,Parent 2,SSR,SSR,,,VIVC passport (pedigree confirmed by markers),,,confirmed,COLOBEL X VILLARD BLANC,,none,,
LANDOT NOIR,LANDAL,Parent 1,SSR,SSR,,,VIVC passport (pedigree confirmed by markers),,,confirmed,LANDAL X VILLARD BLANC,,none,,
LANDOT NOIR,VILLARD BLANC,Parent 2,SSR,SSR,,,VIVC passport (pedigree confirmed by markers),,,confirmed,LANDAL X VILLARD BLANC,,none,,
LANTINI,MUSCAT HAMBURG,Parent 1,SSR,SSR,,,VIVC passport (via Lacombe 2013),10.1007/s00122-012-1988-2,,confirmed,MUSCAT HAMBURG X CICLOPICA,10.1007/s00122-012-1988-2,Lacombe 2013,10.1007/s00122-012-1988-2,
LANTINI,CICLOPICA,Parent 2,SSR,SSR,,,VIVC passport (via Lacombe 2013),10.1007/s00122-012-1988-2,,confirmed,MUSCAT HAMBURG X CICLOPICA,10.1007/s00122-012-1988-2,Lacombe 2013,10.1007/s00122-012-1988-2,
LARIAO,HEBIEN,Parent 1,SSR,SSR,,,VIVC passport (via Cunha 2020),10.3389/fpls.2020.00127,,confirmed,HEBEN X AHMEUR BOU AHMEUR,10.3389/fpls.2020.00127; 10.5073/vitis.2015.54.special-issue.81-86,Cunha 2020,10.3389/fpls.2020.00127,10.5073/vitis.2015.54.special-issue.81-86
LARIAO,AHMEUR BOU AHMEUR,Parent 2,SSR,SSR,,,VIVC passport (via Cunha 2020),10.3389/fpls.2020.00127,,confirmed,HEBEN X AHMEUR BOU AHMEUR,10.3389/fpls.2020.00127; 10.5073/vitis.2015.54.special-issue.81-86,Cunha 2020,10.3389/fpls.2020.00127,10.5073/vitis.2015.54.special-issue.81-86
LATINA,ITALIA,Parent 1,SSR,SSR,,,VIVC passport (via Lacombe 2013),10.1007/s00122-012-1988-2,,confirmed,ITALIA X ANGELO LONGO = PIROVANO 101,10.1007/s00122-012-1988-2,Lacombe 2013,10.1007/s00122-012-1988-2,
LATINA,ANGELO LONGO = PIROVANO 101,Parent 2,SSR,SSR,,,VIVC passport (via Lacombe 2013),10.1007/s00122-012-1988-2,,confirmed,ITALIA X ANGELO LONGO = PIROVANO 101,10.1007/s00122-012-1988-2,Lacombe 2013,10.1007/s00122-012-1988-2,
LEDNICE B 76,SEVERNYJ,Parent 1,SSR,SSR,,,VIVC passport (pedigree confirmed by markers),,,confirmed,SEVERNYJ X PINOT NOIR,,none,,
LEDNICE B 76,PINOT NOIR,Parent 2,SSR,SSR,,,VIVC passport (pedigree confirmed by markers),,,confirmed,SEVERNYJ X PINOT NOIR,,none,,
LEON MILLOT,MILLARDET ET GRASSET 101 O.P.,Parent 1,SSR,SSR,,,VIVC passport (pedigree confirmed by markers),,,confirmed,MILLARDET ET GRASSET  101 O.P. X GOLDRIESLING,,none,,
LEON MILLOT,GOLDRIESLING,Parent 2,SSR,SSR,,,VIVC passport (pedigree confirmed by markers),,,confirmed,MILLARDET ET GRASSET  101 O.P. X GOLDRIESLING,,none,,
LESNOI BELYI MARAGINSKII,KOZ OUZIOUM,Parent 1,SSR,SSR,,,VIVC passport (via Lacombe & Emanuelli 2020; Laucou 2018),10.3389/fpls.2020.605934,,confirmed,KOZ OUZIOUM X INSTITUTIS GRDZELMTEVANA,10.1371/journal.pone.0192540; 10.3389/fpls.2020.605934,Lacombe & Emanuelli 2020; Laucou 2018,10.1371/journal.pone.0192540,
LESNOI BELYI MARAGINSKII,INSTITUTIS GRDZELMTEVANA,Parent 2,SSR,SSR,,,VIVC passport (via Lacombe & Emanuelli 2020; Laucou 2018),10.3389/fpls.2020.605934,,confirmed,KOZ OUZIOUM X INSTITUTIS GRDZELMTEVANA,10.1371/journal.pone.0192540; 10.3389/fpls.2020.605934,Lacombe & Emanuelli 2020; Laucou 2018,10.1371/journal.pone.0192540,
LESZ MEG HAZAM,KOEVIDINKA,Parent 1,SSR,SSR,,,VIVC passport (via Lacombe 2013),10.1007/s00122-012-1988-2,,confirmed,KOEVIDINKA X MATHIAZ JANOSNE MUSKOTALY,10.1007/s00122-012-1988-2,Lacombe 2013,10.1007/s00122-012-1988-2,
LESZ MEG HAZAM,MATHIAZ JANOSNE MUSKOTALY,Parent 2,SSR,SSR,,,VIVC passport (via Lacombe 2013),10.1007/s00122-012-1988-2,,confirmed,KOEVIDINKA X MATHIAZ JANOSNE MUSKOTALY,10.1007/s00122-012-1988-2,Lacombe 2013,10.1007/s00122-012-1988-2,
LILIORILA,BAROQUE,Parent 1,SSR,SSR,,,VIVC passport (via Lacombe 2013),10.1007/s00122-012-1988-2,,confirmed,BAROQUE X CHARDONNAY,10.1007/s00122-012-1988-2,Lacombe 2013,10.1007/s00122-012-1988-2,
LILIORILA,CHARDONNAY,Parent 2,SSR,SSR,,,VIVC passport (via Lacombe 2013),10.1007/s00122-012-1988-2,,confirmed,BAROQUE X CHARDONNAY,10.1007/s00122-012-1988-2,Lacombe 2013,10.1007/s00122-012-1988-2,
LINDLEY,PARENT 1 IS MOST LIKELY EXTINCT,Parent 1,SSR,SSR,,,VIVC passport (via Migliaro 2019),10.5344/ajev.2019.18054,,confirmed,PARENT 1 IS MOST LIKELY EXTINCT X CHASSELAS BLANC,10.5344/ajev.2019.18054,Migliaro 2019,10.5344/ajev.2019.18054,
LINDLEY,CHASSELAS BLANC,Parent 2,SSR,SSR,,,VIVC passport (via Migliaro 2019),10.5344/ajev.2019.18054,,confirmed,PARENT 1 IS MOST LIKELY EXTINCT X CHASSELAS BLANC,10.5344/ajev.2019.18054,Migliaro 2019,10.5344/ajev.2019.18054,
LINNE,BLACK MOROCCO,Parent 1,SSR,SSR,,,VIVC passport (via Lacombe 2013),10.1007/s00122-012-1988-2,,confirmed,BLACK MOROCCO X SCHIAVA GROSSA,10.1007/s00122-012-1988-2,Lacombe 2013,10.1007/s00122-012-1988-2,
LINNE,SCHIAVA GROSSA,Parent 2,SSR,SSR,,,VIVC passport (via Lacombe 2013),10.1007/s00122-012-1988-2,,confirmed,BLACK MOROCCO X SCHIAVA GROSSA,10.1007/s00122-012-1988-2,Lacombe 2013,10.1007/s00122-012-1988-2,
LITTORIO,DORONA DI VENEZIA,Parent 1,SSR,SSR,,,VIVC passport (via Lacombe 2013),10.1007/s00122-012-1988-2,,confirmed,DORONA DI VENEZIA X VERDEA,10.1007/s00122-012-1988-2,Lacombe 2013,10.1007/s00122-012-1988-2,
LITTORIO,VERDEA,Parent 2,SSR,SSR,,,VIVC passport (via Lacombe 2013),10.1007/s00122-012-1988-2,,confirmed,DORONA DI VENEZIA X VERDEA,10.1007/s00122-012-1988-2,Lacombe 2013,10.1007/s00122-012-1988-2,
LIVAL,ALPHONSE LAVALLEE,Parent 1,SSR,SSR,,,VIVC passport (via Lacombe 2013),10.1007/s00122-012-1988-2,,confirmed,ALPHONSE LAVALLEE X LIGNAN,10.1007/s00122-012-1988-2,Lacombe 2013,10.1007/s00122-012-1988-2,
LIVAL,LIGNAN,Parent 2,SSR,SSR,,,VIVC passport (via Lacombe 2013),10.1007/s00122-012-1988-2,,confirmed,ALPHONSE LAVALLEE X LIGNAN,10.1007/s00122-012-1988-2,Lacombe 2013,10.1007/s00122-012-1988-2,
LJUTAC,PLAGVAC MALI,Parent 1,SSR,SSR,,,VIVC passport (pedigree confirmed by markers),10.3390/genes11070737,,confirmed,PLAGVAC MALI X BOMBINO BIANCO,10.3390/genes11070737,none,10.3390/genes11070737,10.3390/genes11070737
LJUTAC,BOMBINO BIANCO,Parent 2,SSR,SSR,,,VIVC passport (pedigree confirmed by markers),10.3390/genes11070737,,confirmed,PLAGVAC MALI X BOMBINO BIANCO,10.3390/genes11070737,none,10.3390/genes11070737,10.3390/genes11070737
LN 33,COUDERC 1613,Parent 1,SSR,SSR,,,VIVC passport (via Migliaro 2019),10.5344/ajev.2019.18054,,confirmed,COUDERC 1613 X SULTANINA,10.1007/s00122-019-03320-5; 10.5344/ajev.2019.18054,Migliaro 2019,10.1007/s00122-019-03320-5,10.1007/s00122-019-03320-5
LN 33,SULTANINA,Parent 2,SSR,SSR,,,VIVC passport (via Migliaro 2019),10.5344/ajev.2019.18054,,confirmed,COUDERC 1613 X SULTANINA,10.1007/s00122-019-03320-5; 10.5344/ajev.2019.18054,Migliaro 2019,10.1007/s00122-019-03320-5,10.1007/s00122-019-03320-5
LOLA,PALOMINO,Parent 1,SSR,SSR,,,VIVC passport (pedigree confirmed by markers),,,confirmed,PALOMINO X PEDRO XIMENEZ,,none,,
LOLA,PEDRO XIMENEZ,Parent 2,SSR,SSR,,,VIVC passport (pedigree confirmed by markers),,,confirmed,PALOMINO X PEDRO XIMENEZ,,none,,
LOMBARDIA,ANGELO PIROVANO,Parent 1,SSR,SSR,,,VIVC passport (via Lacombe 2013),10.1007/s00122-012-1988-2,,confirmed,ANGELO PIROVANO X ITALIA,10.1007/s00122-012-1988-2; 10.1007/s11295-014-0746-9,Lacombe 2013,10.1007/s00122-012-1988-2,10.1007/s11295-014-0746-9
LOMBARDIA,ITALIA,Parent 2,SSR,SSR,,,VIVC passport (via Lacombe 2013),10.1007/s00122-012-1988-2,,confirmed,ANGELO PIROVANO X ITALIA,10.1007/s00122-012-1988-2; 10.1007/s11295-014-0746-9,Lacombe 2013,10.1007/s00122-012-1988-2,10.1007/s11295-014-0746-9
LOUISETTE,RIESLING,Parent 1,SSR,SSR,,,VIVC passport (via Lacombe 2013),10.1007/s00122-012-1988-2,,confirmed,RIESLING X PRECOCE DE MALINGRE,10.1007/s00122-012-1988-2,Lacombe 2013,10.1007/s00122-012-1988-2,
LOUISETTE,PRECOCE DE MALINGRE,Parent 2,SSR,SSR,,,VIVC passport (via Lacombe 2013),10.1007/s00122-012-1988-2,,confirmed,RIESLING X PRECOCE DE MALINGRE,10.1007/s00122-012-1988-2,Lacombe 2013,10.1007/s00122-012-1988-2,
LOUREIRO BLANCO,AMARAL = CAINO LONGO,Parent 1,SSR,SSR,,,VIVC passport (via Cunha 2020; Lacombe 2013),10.1007/s00122-012-1988-2,,confirmed,AMARAL = CAINO LONGO X ESPADEIRO BRANCO = BRANCO ESCOLA,10.1007/s00122-012-1988-2; 10.3389/fpls.2020.00127,Cunha 2020; Lacombe 2013,10.1007/s00122-012-1988-2,
LOUREIRO BLANCO,ESPADEIRO BRANCO = BRANCO ESCOLA,Parent 2,SSR,SSR,,,VIVC passport (via Cunha 2020; Lacombe 2013),10.1007/s00122-012-1988-2,,confirmed,AMARAL = CAINO LONGO X ESPADEIRO BRANCO = BRANCO ESCOLA,10.1007/s00122-012-1988-2; 10.3389/fpls.2020.00127,Cunha 2020; Lacombe 2013,10.1007/s00122-012-1988-2,
LOURELA,HEBIEN,Parent 1,SSR,SSR,,,VIVC passport (via Cunha 2020),10.3389/fpls.2020.00127,,confirmed,HEBEN X CAINHO DA TERRA,10.3389/fpls.2020.00127,Cunha 2020,10.3389/fpls.2020.00127,
LOURELA,CAINHO DA TERRA,Parent 2,SSR,SSR,,,VIVC passport (via Cunha 2020),10.3389/fpls.2020.00127,,confirmed,HEBEN X CAINHO DA TERRA,10.3389/fpls.2020.00127,Cunha 2020,10.3389/fpls.2020.00127,
LUCIE KUHLMANN,MILLARDET ET GRASSET 101 O.P.,Parent 1,SSR,SSR,,,VIVC passport (pedigree confirmed by markers),,,confirmed,MILLARDET ET GRASSET  101 O.P. X GOLDRIESLING,,none,,
LUCIE KUHLMANN,GOLDRIESLING,Parent 2,SSR,SSR,,,VIVC passport (pedigree confirmed by markers),,,confirmed,MILLARDET ET GRASSET  101 O.P. X GOLDRIESLING,,none,,
LUCIEN BALTET,GAMAY,Parent 1,SSR,SSR,,,VIVC passport (via Lacombe 2013),10.1007/s00122-012-1988-2,,confirmed,GAMAY X MUSCAT D'ALEXANDRIE,10.1007/s00122-012-1988-2,Lacombe 2013,10.1007/s00122-012-1988-2,
LUCIEN BALTET,MUSCAT D'ALEXANDRIE,Parent 2,SSR,SSR,,,VIVC passport (via Lacombe 2013),10.1007/s00122-012-1988-2,,confirmed,GAMAY X MUSCAT D'ALEXANDRIE,10.1007/s00122-012-1988-2,Lacombe 2013,10.1007/s00122-012-1988-2,
LUGLIENGA BIANCA,BERMESTIA BIANCA,Parent 1,SSR,SSR,,,VIVC passport (via Lacombe & Emanuelli 2020; Lacombe 2013; Laucou 2018),10.1007/s00122-012-1988-2,,confirmed,BERMESTIA BIANCA X MADELEINE SALOMON = AGOSTENGA BLANC,10.1007/s00122-012-1988-2; 10.1371/journal.pone.0192540; 10.3389/fpls.2020.605934; 10.3390/genes11070737,Lacombe & Emanuelli 2020; Lacombe 2013; Laucou 2018,10.1007/s00122-012-1988-2,10.3390/genes11070737
LUGLIENGA BIANCA,MADELEINE SALOMON = AGOSTENGA BLANC,Parent 2,SSR,SSR,,,VIVC passport (via Lacombe & Emanuelli 2020; Lacombe 2013; Laucou 2018),10.1007/s00122-012-1988-2,,confirmed,BERMESTIA BIANCA X MADELEINE SALOMON = AGOSTENGA BLANC,10.1007/s00122-012-1988-2; 10.1371/journal.pone.0192540; 10.3389/fpls.2020.605934; 10.3390/genes11070737,Lacombe & Emanuelli 2020; Lacombe 2013; Laucou 2018,10.1007/s00122-012-1988-2,10.3390/genes11070737
LUSITANO,CASTELAO,Parent 1,SSR,SSR,,,VIVC passport (via Cunha 2020),10.3389/fpls.2020.00127,,confirmed,CASTELAO FRANCES X ALICANTE HENRI BOUSCHET,10.1016/j.jbiotec.2006.06.006; 10.3389/fpls.2020.00127,Cunha 2020,10.1016/j.jbiotec.2006.06.006,10.1016/j.jbiotec.2006.06.006
LUSITANO,ALICANTE HENRI BOUSCHET,Parent 2,SSR,SSR,,,VIVC passport (via Cunha 2020),10.3389/fpls.2020.00127,,confirmed,CASTELAO FRANCES X ALICANTE HENRI BOUSCHET,10.1016/j.jbiotec.2006.06.006; 10.3389/fpls.2020.00127,Cunha 2020,10.1016/j.jbiotec.2006.06.006,10.1016/j.jbiotec.2006.06.006
MACKENSSEN,KOEVIDINKA,Parent 1,SSR,SSR,,,VIVC passport (via Lacombe 2013),10.1007/s00122-012-1988-2,,confirmed,KOEVIDINKA X MATHIASZ JANOSNE,10.1007/s00122-012-1988-2,Lacombe 2013,10.1007/s00122-012-1988-2,
MACKENSSEN,MATHIASZ JANOSNE,Parent 2,SSR,SSR,,,VIVC passport (via Lacombe 2013),10.1007/s00122-012-1988-2,,confirmed,KOEVIDINKA X MATHIASZ JANOSNE,10.1007/s00122-012-1988-2,Lacombe 2013,10.1007/s00122-012-1988-2,
LANKA,DATTIER DE SAINT VALLIER,Parent 1,SSR,SSR,,,VIVC passport (pedigree confirmed by markers),10.3103/S0095452718050031,,confirmed,DATTIER DE SAINT VALLIER X DEKORATIVNII,10.3103/S0095452718050031,none,10.3103/S0095452718050031,10.3103/S0095452718050031
LANKA,DEKORATIVNII,Parent 2,SSR,SSR,,,VIVC passport (pedigree confirmed by markers),10.3103/S0095452718050031,,confirmed,DATTIER DE SAINT VALLIER X DEKORATIVNII,10.3103/S0095452718050031,none,10.3103/S0095452718050031,10.3103/S0095452718050031
MADELEINE ANGEVINE,BLANC D'AMBRE,Parent 1,SSR,SSR,,,VIVC passport (via Lacombe 2013),10.1007/s00122-012-1988-2,,confirmed,BLANC D'AMBRE X MADELEINE ROYALE,10.1007/s00122-012-1988-2,Lacombe 2013,10.1007/s00122-012-1988-2,
MADELEINE ANGEVINE,MADELEINE ROYALE,Parent 2,SSR,SSR,,,VIVC passport (via Lacombe 2013),10.1007/s00122-012-1988-2,,confirmed,BLANC D'AMBRE X MADELEINE ROYALE,10.1007/s00122-012-1988-2,Lacombe 2013,10.1007/s00122-012-1988-2,
MADELEINE ANGEVINE OBERLIN,MADELEINE ANGEVINE,Parent 1,SSR,SSR,,,VIVC passport (via Lacombe 2013),10.1007/s00122-012-1988-2,,confirmed,MADELEINE ANGEVINE X BOUQUETTRAUBE,10.1007/s00122-012-1988-2,Lacombe 2013,10.1007/s00122-012-1988-2,
MADELEINE ANGEVINE OBERLIN,BOUQUETTRAUBE,Parent 2,SSR,SSR,,,VIVC passport (via Lacombe 2013),10.1007/s00122-012-1988-2,,confirmed,MADELEINE ANGEVINE X BOUQUETTRAUBE,10.1007/s00122-012-1988-2,Lacombe 2013,10.1007/s00122-012-1988-2,
MADELEINE CELINE,MADELEINE ANGEVINE,Parent 1,SSR,SSR,,,VIVC passport (via Lacombe 2013),10.1007/s00122-012-1988-2,,confirmed,MADELEINE ANGEVINE X MALINGRE PRECOCE,10.1007/s00122-012-1988-2,Lacombe 2013,10.1007/s00122-012-1988-2,
MADELEINE CELINE,MALINGRE PRECOCE,Parent 2,SSR,SSR,,,VIVC passport (via Lacombe 2013),10.1007/s00122-012-1988-2,,confirmed,MADELEINE ANGEVINE X MALINGRE PRECOCE,10.1007/s00122-012-1988-2,Lacombe 2013,10.1007/s00122-012-1988-2,
MADELEINE DE CLERMONT,MADELEINE ANGEVINE,Parent 1,SSR,SSR,,,VIVC passport (via Lacombe & Emanuelli 2020; Lacombe 2013; Laucou 2018),10.1007/s00122-012-1988-2,,confirmed,MADELEINE ANGEVINE X CHASSELAS,10.1007/s00122-012-1988-2; 10.1371/journal.pone.0192540; 10.3389/fpls.2020.605934,Lacombe & Emanuelli 2020; Lacombe 2013; Laucou 2018,10.1007/s00122-012-1988-2,
MADELEINE DE CLERMONT,CHASSELAS,Parent 2,SSR,SSR,,,VIVC passport (via Lacombe & Emanuelli 2020; Lacombe 2013; Laucou 2018),10.1007/s00122-012-1988-2,,confirmed,MADELEINE ANGEVINE X CHASSELAS,10.1007/s00122-012-1988-2; 10.1371/journal.pone.0192540; 10.3389/fpls.2020.605934,Lacombe & Emanuelli 2020; Lacombe 2013; Laucou 2018,10.1007/s00122-012-1988-2,
MADELEINE ROYALE,PINOT,Parent 1,SSR,SSR,,,VIVC passport (via Cunha 2020; Lacombe 2013),10.1007/s00122-012-1988-2,,confirmed,PINOT X FRANKENTHAL N,10.1007/s00122-012-1988-2; 10.3389/fpls.2020.00127,Cunha 2020; Lacombe 2013,10.1007/s00122-012-1988-2,
MADELEINE ROYALE,FRANKENTHAL N,Parent 2,SSR,SSR,,,VIVC passport (via Cunha 2020; Lacombe 2013),10.1007/s00122-012-1988-2,,confirmed,PINOT X FRANKENTHAL N,10.1007/s00122-012-1988-2; 10.3389/fpls.2020.00127,Cunha 2020; Lacombe 2013,10.1007/s00122-012-1988-2,
MAGARACHA RANNII,MADELEINE ANGEVINE,Parent 1,SSR,SSR,,,VIVC passport (via Lacombe 2013),10.1007/s00122-012-1988-2,,confirmed,MADELEINE ANGEVINE X KICHMICHE TCHEURNY,10.1007/s00122-012-1988-2,Lacombe 2013,10.1007/s00122-012-1988-2,
MAGARACHA RANNII,KICHMICHE TCHEURNY,Parent 2,SSR,SSR,,,VIVC passport (via Lacombe 2013),10.1007/s00122-012-1988-2,,confirmed,MADELEINE ANGEVINE X KICHMICHE TCHEURNY,10.1007/s00122-012-1988-2,Lacombe 2013,10.1007/s00122-012-1988-2,
RUBINOVYI MAGARACHA,CABERNET SAUVIGNON,Parent 1,SSR,SSR,,,VIVC passport (via Lacombe & Emanuelli 2020; Lacombe 2013),10.1007/s00122-012-1988-2,,confirmed,CABERNET SAUVIGNON X SAPERAVI,10.1007/s00122-012-1988-2; 10.3103/S0095452710020040; 10.3389/fpls.2020.605934,Lacombe & Emanuelli 2020; Lacombe 2013,10.1007/s00122-012-1988-2,10.3103/S0095452710020040
RUBINOVYI MAGARACHA,SAPERAVI,Parent 2,SSR,SSR,,,VIVC passport (via Lacombe & Emanuelli 2020; Lacombe 2013),10.1007/s00122-012-1988-2,,confirmed,CABERNET SAUVIGNON X SAPERAVI,10.1007/s00122-012-1988-2; 10.3103/S0095452710020040; 10.3389/fpls.2020.605934,Lacombe & Emanuelli 2020; Lacombe 2013,10.1007/s00122-012-1988-2,10.3103/S0095452710020040
MAGOON,THOMAS,Parent 1,SSR,SSR,,,VIVC passport (pedigree confirmed by markers),10.21273/JASHS.133.4.559,,confirmed,THOMAS X PARENT 2 WAS NOT CONFIRMED,10.21273/JASHS.133.4.559,none,10.21273/JASHS.133.4.559,10.21273/JASHS.133.4.559
MAGOON,PARENT 2 WAS NOT CONFIRMED,Parent 2,SSR,SSR,,,VIVC passport (pedigree confirmed by markers),10.21273/JASHS.133.4.559,,confirmed,THOMAS X PARENT 2 WAS NOT CONFIRMED,10.21273/JASHS.133.4.559,none,10.21273/JASHS.133.4.559,10.21273/JASHS.133.4.559
MAI,CHAOUCH BLANC,Parent 1,SSR,SSR,,,VIVC passport (via Lacombe 2013),10.1007/s00122-012-1988-2,,confirmed,CHAOUCH BLANC X MADELEINE ANGEVINE OBERLIN,10.1007/s00122-012-1988-2,Lacombe 2013,10.1007/s00122-012-1988-2,
MAI,MADELEINE ANGEVINE OBERLIN,Parent 2,SSR,SSR,,,VIVC passport (via Lacombe 2013),10.1007/s00122-012-1988-2,,confirmed,CHAOUCH BLANC X MADELEINE ANGEVINE OBERLIN,10.1007/s00122-012-1988-2,Lacombe 2013,10.1007/s00122-012-1988-2,
MAI 3,BOLGAR,Parent 1,SSR,SSR,,,VIVC passport (via Lacombe & Emanuelli 2020; Lacombe 2013; Laucou 2018),10.1007/s00122-012-1988-2,,confirmed,BOLGAR X PERLE VON CSABA,10.1007/s00122-012-1988-2; 10.1371/journal.pone.0192540; 10.3389/fpls.2020.605934,Lacombe & Emanuelli 2020; Lacombe 2013; Laucou 2018,10.1007/s00122-012-1988-2,
MAI 3,PERLE VON CSABA,Parent 2,SSR,SSR,,,VIVC passport (via Lacombe & Emanuelli 2020; Lacombe 2013; Laucou 2018),10.1007/s00122-012-1988-2,,confirmed,BOLGAR X PERLE VON CSABA,10.1007/s00122-012-1988-2; 10.1371/journal.pone.0192540; 10.3389/fpls.2020.605934,Lacombe & Emanuelli 2020; Lacombe 2013; Laucou 2018,10.1007/s00122-012-1988-2,
MAI 10,PERLE DE CSABA,Parent 1,SSR,SSR,,,VIVC passport (via Lacombe 2013),10.1007/s00122-012-1988-2,,confirmed,PERLE DE CSABA X DATTIER DE BEYROUTH = AFUZ ALI,10.1007/s00122-012-1988-2,Lacombe 2013,10.1007/s00122-012-1988-2,
MAI 10,DATTIER DE BEYROUTH = AFUZ ALI,Parent 2,SSR,SSR,,,VIVC passport (via Lacombe 2013),10.1007/s00122-012-1988-2,,confirmed,PERLE DE CSABA X DATTIER DE BEYROUTH = AFUZ ALI,10.1007/s00122-012-1988-2,Lacombe 2013,10.1007/s00122-012-1988-2,
MAINGONNAT 3 L 1,BRUSTIANO FAUX,Parent 1,SSR,SSR,,,VIVC passport (via Lacombe 2013),10.1007/s00122-012-1988-2,,confirmed,BRUSTIANO FAUX X MAYORQUIN,10.1007/s00122-012-1988-2,Lacombe 2013,10.1007/s00122-012-1988-2,
MAINGONNAT 3 L 1,MAYORQUIN,Parent 2,SSR,SSR,,,VIVC passport (via Lacombe 2013),10.1007/s00122-012-1988-2,,confirmed,BRUSTIANO FAUX X MAYORQUIN,10.1007/s00122-012-1988-2,Lacombe 2013,10.1007/s00122-012-1988-2,
MAINGONNAT 7 L 1,BRUSTIANO FAUX,Parent 1,SSR,SSR,,,VIVC passport (via Lacombe 2013),10.1007/s00122-012-1988-2,,confirmed,BRUSTIANO FAUX X MAYORQUIN,10.1007/s00122-012-1988-2,Lacombe 2013,10.1007/s00122-012-1988-2,
MAINGONNAT 7 L 1,MAYORQUIN,Parent 2,SSR,SSR,,,VIVC passport (via Lacombe 2013),10.1007/s00122-012-1988-2,,confirmed,BRUSTIANO FAUX X MAYORQUIN,10.1007/s00122-012-1988-2,Lacombe 2013,10.1007/s00122-012-1988-2,
MAINGONNAT 27 L 1,PLANTA FINA,Parent 1,SSR,SSR,,,VIVC passport (via Lacombe 2013),10.1007/s00122-012-1988-2,,confirmed,PLANTA FINA X SICILIEN,10.1007/s00122-012-1988-2,Lacombe 2013,10.1007/s00122-012-1988-2,
MAINGONNAT 27 L 1,SICILIEN,Parent 2,SSR,SSR,,,VIVC passport (via Lacombe 2013),10.1007/s00122-012-1988-2,,confirmed,PLANTA FINA X SICILIEN,10.1007/s00122-012-1988-2,Lacombe 2013,10.1007/s00122-012-1988-2,
MAINGONNAT 36 L 2,CLAIRETTE,Parent 1,SSR,SSR,,,VIVC passport (via Lacombe 2013),10.1007/s00122-012-1988-2,,confirmed,CLAIRETTE X BELDI,10.1007/s00122-012-1988-2,Lacombe 2013,10.1007/s00122-012-1988-2,
MAINGONNAT 36 L 2,BELDI,Parent 2,SSR,SSR,,,VIVC passport (via Lacombe 2013),10.1007/s00122-012-1988-2,,confirmed,CLAIRETTE X BELDI,10.1007/s00122-012-1988-2,Lacombe 2013,10.1007/s00122-012-1988-2,
MAINGONNAT 36 L 4,BELDI,Parent 1,SSR,SSR,,,VIVC passport (via Lacombe 2013),10.1007/s00122-012-1988-2,,confirmed,BELDI X UGNI BLANC,10.1007/s00122-012-1988-2,Lacombe 2013,10.1007/s00122-012-1988-2,
MAINGONNAT 36 L 4,UGNI BLANC,Parent 2,SSR,SSR,,,VIVC passport (via Lacombe 2013),10.1007/s00122-012-1988-2,,confirmed,BELDI X UGNI BLANC,10.1007/s00122-012-1988-2,Lacombe 2013,10.1007/s00122-012-1988-2,
MAKHROVATCHIK,PLECHISTIK,Parent 1,SSR,SSR,,,VIVC passport (pedigree confirmed by markers),10.1134/S2635167622050135,,confirmed,PLECHISTIK X KOKUR BELYI,10.1134/S2635167622050135,none,10.1134/S2635167622050135,10.1134/S2635167622050135
MAKHROVATCHIK,KOKUR BELYI,Parent 2,SSR,SSR,,,VIVC passport (pedigree confirmed by markers),10.1134/S2635167622050135,,confirmed,PLECHISTIK X KOKUR BELYI,10.1134/S2635167622050135,none,10.1134/S2635167622050135,10.1134/S2635167622050135
MALEGUE 44- 53,RIPARIA GRAND GLABRE,Parent 1,SSR,SSR,,,VIVC passport (via Migliaro 2019),10.5344/ajev.2019.18054,,confirmed,RIPARIA GRAND GLABRE X MALEGUE 144,10.5344/ajev.2019.18054,Migliaro 2019,10.5344/ajev.2019.18054,
MALEGUE 44- 53,MALEGUE 144,Parent 2,SSR,SSR,,,VIVC passport (via Migliaro 2019),10.5344/ajev.2019.18054,,confirmed,RIPARIA GRAND GLABRE X MALEGUE 144,10.5344/ajev.2019.18054,Migliaro 2019,10.5344/ajev.2019.18054,
MALINGRE PRECOCE,BICANE,Parent 1,SSR,SSR,,,VIVC passport (via Lacombe 2013),10.1007/s00122-012-1988-2,,confirmed,BICANE X PINOT,10.1007/s00122-012-1988-2,Lacombe 2013,10.1007/s00122-012-1988-2,
MALINGRE PRECOCE,PINOT,Parent 2,SSR,SSR,,,VIVC passport (via Lacombe 2013),10.1007/s00122-012-1988-2,,confirmed,BICANE X PINOT,10.1007/s00122-012-1988-2,Lacombe 2013,10.1007/s00122-012-1988-2,
MALPE,CAHOURS,Parent 1,SSR,SSR,,,VIVC passport (via Lacombe 2013),10.1007/s00122-012-1988-2,,confirmed,CAHOURS X FER,10.1007/s00122-012-1988-2,Lacombe 2013,10.1007/s00122-012-1988-2,
MALPE,FER,Parent 2,SSR,SSR,,,VIVC passport (via Lacombe 2013),10.1007/s00122-012-1988-2,,confirmed,CAHOURS X FER,10.1007/s00122-012-1988-2,Lacombe 2013,10.1007/s00122-012-1988-2,
MALVAR,HEBIEN,Parent 1,SSR,SSR,,,VIVC passport (via Lacombe & Emanuelli 2020; Lacombe 2013; Laucou 2018),10.1007/s00122-012-1988-2,,confirmed,HEBEN X TORTOZON,10.1007/s00122-012-1988-2; 10.1371/journal.pone.0192540; 10.3389/fpls.2020.605934,Lacombe & Emanuelli 2020; Lacombe 2013; Laucou 2018,10.1007/s00122-012-1988-2,
MALVAR,TORTOZON,Parent 2,SSR,SSR,,,VIVC passport (via Lacombe & Emanuelli 2020; Lacombe 2013; Laucou 2018),10.1007/s00122-012-1988-2,,confirmed,HEBEN X TORTOZON,10.1007/s00122-012-1988-2; 10.1371/journal.pone.0192540; 10.3389/fpls.2020.605934,Lacombe & Emanuelli 2020; Lacombe 2013; Laucou 2018,10.1007/s00122-012-1988-2,
MALVASIA NERA DI BASILICATA,MALVASIA BIANCA LUNGA,Parent 1,SSR,SSR,,,VIVC passport (via Lacombe & Emanuelli 2020),10.3389/fpls.2020.605934,,confirmed,MALVASIA BIANCA LUNGA X SOMARELLO NERO,10.3389/fpls.2020.605934,Lacombe & Emanuelli 2020,10.3389/fpls.2020.605934,
MALVASIA NERA DI BASILICATA,SOMARELLO NERO,Parent 2,SSR,SSR,,,VIVC passport (via Lacombe & Emanuelli 2020),10.3389/fpls.2020.605934,,confirmed,MALVASIA BIANCA LUNGA X SOMARELLO NERO,10.3389/fpls.2020.605934,Lacombe & Emanuelli 2020,10.3389/fpls.2020.605934,
MALVASIA NERA DI BRINDISI,MALVASIA BIANCA LUNGA,Parent 1,SSR,SSR,,,VIVC passport (via Cipriani 2010; Lacombe & Emanuelli 2020; Lacombe 2013),10.1007/s00122-012-1988-2,,confirmed,MALVASIA BIANCA LUNGA X NEGRO AMARO,10.1007/s00122-010-1411-9; 10.1007/s00122-012-1988-2; 10.3389/fpls.2020.605934; 10.5073/vitis.2008.47.205-212,Cipriani 2010; Lacombe & Emanuelli 2020; Lacombe 2013,10.1007/s00122-010-1411-9,10.5073/vitis.2008.47.205-212
MALVASIA NERA DI BRINDISI,NEGRO AMARO,Parent 2,SSR,SSR,,,VIVC passport (via Cipriani 2010; Lacombe & Emanuelli 2020; Lacombe 2013),10.1007/s00122-012-1988-2,,confirmed,MALVASIA BIANCA LUNGA X NEGRO AMARO,10.1007/s00122-010-1411-9; 10.1007/s00122-012-1988-2; 10.3389/fpls.2020.605934; 10.5073/vitis.2008.47.205-212,Cipriani 2010; Lacombe & Emanuelli 2020; Lacombe 2013,10.1007/s00122-010-1411-9,10.5073/vitis.2008.47.205-212
MAMELON,CHAPTAL,Parent 1,SSR,SSR,,,VIVC passport (via Lacombe 2013),10.1007/s00122-012-1988-2,,confirmed,CHAPTAL X CHASSELAS,10.1007/s00122-012-1988-2,Lacombe 2013,10.1007/s00122-012-1988-2,
MAMELON,CHASSELAS,Parent 2,SSR,SSR,,,VIVC passport (via Lacombe 2013),10.1007/s00122-012-1988-2,,confirmed,CHAPTAL X CHASSELAS,10.1007/s00122-012-1988-2,Lacombe 2013,10.1007/s00122-012-1988-2,
MANDL 30,ALDEN,Parent 1,SSR,SSR,,,VIVC passport (pedigree confirmed by markers),,,confirmed,ALDEN X ROMULUS,,none,,
MANDL 30,ROMULUS,Parent 2,SSR,SSR,,,VIVC passport (pedigree confirmed by markers),,,confirmed,ALDEN X ROMULUS,,none,,
GARRO,HEBIEN,Parent 1,SSR,SSR,,,VIVC passport (via Lacombe & Emanuelli 2020; Lacombe 2013; Laucou 2018),10.1007/s00122-012-1988-2,,confirmed,HEBEN X GRACIANO,10.1007/s00122-012-1988-2; 10.1007/s10722-011-9706-5; 10.1371/journal.pone.0192540; 10.3389/fpls.2020.605934; 10.5073/vitis.2015.54.special-issue.81-86,Lacombe & Emanuelli 2020; Lacombe 2013; Laucou 2018,10.1007/s00122-012-1988-2,10.1007/s10722-011-9706-5; 10.5073/vitis.2015.54.special-issue.81-86
GARRO,MORRASTEL,Parent 2,SSR,SSR,,,VIVC passport (via Lacombe & Emanuelli 2020; Lacombe 2013; Laucou 2018),10.1007/s00122-012-1988-2,,confirmed,HEBEN X GRACIANO,10.1007/s00122-012-1988-2; 10.1007/s10722-011-9706-5; 10.1371/journal.pone.0192540; 10.3389/fpls.2020.605934; 10.5073/vitis.2015.54.special-issue.81-86,Lacombe & Emanuelli 2020; Lacombe 2013; Laucou 2018,10.1007/s00122-012-1988-2,10.1007/s10722-011-9706-5; 10.5073/vitis.2015.54.special-issue.81-86
MANTO NEGRO,CALLET CAS CONCOS,Parent 1,SSR,SSR,,,VIVC passport (via Lacombe 2013),10.1007/s00122-012-1988-2,,confirmed,CALLET CAS CONCOS X SABATE,10.1007/s00122-012-1988-2; 10.1007/s10722-011-9706-5,Lacombe 2013,10.1007/s00122-012-1988-2,10.1007/s10722-011-9706-5
MANTO NEGRO,SABATE,Parent 2,SSR,SSR,,,VIVC passport (via Lacombe 2013),10.1007/s00122-012-1988-2,,confirmed,CALLET CAS CONCOS X SABATE,10.1007/s00122-012-1988-2; 10.1007/s10722-011-9706-5,Lacombe 2013,10.1007/s00122-012-1988-2,10.1007/s10722-011-9706-5
MANZONI ROSA,SAVAGNIN=TRAMINER,Parent 1,SSR,SSR,,,VIVC passport (via Cipriani 2010; Lacombe & Emanuelli 2020; Lacombe 2013),10.1007/s00122-012-1988-2,,confirmed,SAVAGNIN=TRAMINER X TREBBIANO TOSCANO,10.1007/s00122-010-1411-9; 10.1007/s00122-012-1988-2; 10.3389/fpls.2020.605934,Cipriani 2010; Lacombe & Emanuelli 2020; Lacombe 2013,10.1007/s00122-010-1411-9,
MANZONI ROSA,UGNI BLANC,Parent 2,SSR,SSR,,,VIVC passport (via Cipriani 2010; Lacombe & Emanuelli 2020; Lacombe 2013),10.1007/s00122-012-1988-2,,confirmed,SAVAGNIN=TRAMINER X TREBBIANO TOSCANO,10.1007/s00122-010-1411-9; 10.1007/s00122-012-1988-2; 10.3389/fpls.2020.605934,Cipriani 2010; Lacombe & Emanuelli 2020; Lacombe 2013,10.1007/s00122-010-1411-9,
MANZONI 2- 14,CABERNET FRANC,Parent 1,SSR,SSR,,,VIVC passport (via Cipriani 2010),10.1007/s00122-010-1411-9,,confirmed,CABERNET FRANC X PROSECCO,10.1007/s00122-010-1411-9,Cipriani 2010,10.1007/s00122-010-1411-9,
MANZONI 2- 14,PROSECCO,Parent 2,SSR,SSR,,,VIVC passport (via Cipriani 2010),10.1007/s00122-010-1411-9,,confirmed,CABERNET FRANC X PROSECCO,10.1007/s00122-010-1411-9,Cipriani 2010,10.1007/s00122-010-1411-9,
MANZONI 2- 15,CABERNET FRANC,Parent 1,SSR,SSR,,,VIVC passport (via Cipriani 2010; Lacombe & Emanuelli 2020),10.3389/fpls.2020.605934,,confirmed,CABERNET FRANC X PROSECCO,10.1007/s00122-010-1411-9; 10.3389/fpls.2020.605934,Cipriani 2010; Lacombe & Emanuelli 2020,10.1007/s00122-010-1411-9,
MANZONI 2- 15,PROSECCO,Parent 2,SSR,SSR,,,VIVC passport (via Cipriani 2010; Lacombe & Emanuelli 2020),10.3389/fpls.2020.605934,,confirmed,CABERNET FRANC X PROSECCO,10.1007/s00122-010-1411-9; 10.3389/fpls.2020.605934,Cipriani 2010; Lacombe & Emanuelli 2020,10.1007/s00122-010-1411-9,
MANZONI BIANCO,RIESLING,Parent 1,SSR,SSR,,,VIVC passport (via Cipriani 2010; Lacombe & Emanuelli 2020),10.3389/fpls.2020.605934,,confirmed,RIESLING X PINOT,10.1007/s00122-010-1411-9; 10.1038/s41598-020-64061-w; 10.20870/oeno-one.2021.55.3.4628; 10.3389/fpls.2020.605934; 10.5073/vitis.1998.37.79-82; 10.5344/ajev.2016.16068,Cipriani 2010; Lacombe & Emanuelli 2020,10.1007/s00122-010-1411-9,10.1038/s41598-020-64061-w; 10.20870/oeno-one.2021.55.3.4628; 10.5073/vitis.1998.37.79-82; 10.5344/ajev.2016.16068
MANZONI BIANCO,PINOT,Parent 2,SSR,SSR,,,VIVC passport (via Cipriani 2010; Lacombe & Emanuelli 2020),10.3389/fpls.2020.605934,,confirmed,RIESLING X PINOT,10.1007/s00122-010-1411-9; 10.1038/s41598-020-64061-w; 10.20870/oeno-one.2021.55.3.4628; 10.3389/fpls.2020.605934; 10.5073/vitis.1998.37.79-82; 10.5344/ajev.2016.16068,Cipriani 2010; Lacombe & Emanuelli 2020,10.1007/s00122-010-1411-9,10.1038/s41598-020-64061-w; 10.20870/oeno-one.2021.55.3.4628; 10.5073/vitis.1998.37.79-82; 10.5344/ajev.2016.16068
MARECHAL BOSQUET,SCHIRAS DR. HOUDBINE,Parent 1,SSR,SSR,,,VIVC passport (via Lacombe 2013),10.1007/s00122-012-1988-2,,confirmed,SCHIRAS DR. HOUDBINE X CHASSELAS,10.1007/s00122-012-1988-2,Lacombe 2013,10.1007/s00122-012-1988-2,
MARECHAL BOSQUET,CHASSELAS,Parent 2,SSR,SSR,,,VIVC passport (via Lacombe 2013),10.1007/s00122-012-1988-2,,confirmed,SCHIRAS DR. HOUDBINE X CHASSELAS,10.1007/s00122-012-1988-2,Lacombe 2013,10.1007/s00122-012-1988-2,
MARECHAL FOCH,MILLARDET ET GRASSET 101 O.P.,Parent 1,SSR,SSR,,,VIVC passport (pedigree confirmed by markers),,,confirmed,MILLARDET ET GRASSET  101 O.P. X GOLDRIESLING,,none,,
MARECHAL FOCH,GOLDRIESLING,Parent 2,SSR,SSR,,,VIVC passport (pedigree confirmed by markers),,,confirmed,MILLARDET ET GRASSET  101 O.P. X GOLDRIESLING,,none,,
MARECHAL JOFFRE,MILLARDET ET GRASSET 101 O.P.,Parent 1,SSR,SSR,,,VIVC passport (pedigree confirmed by markers),,,confirmed,MILLARDET ET GRASSET  101 O.P. X GOLDRIESLING,,none,,
MARECHAL JOFFRE,GOLDRIESLING,Parent 2,SSR,SSR,,,VIVC passport (pedigree confirmed by markers),,,confirmed,MILLARDET ET GRASSET  101 O.P. X GOLDRIESLING,,none,,
MARIA PIROVANO,ZIBIBBO,Parent 1,SSR,SSR,,,VIVC passport (via Lacombe & Emanuelli 2020; Lacombe 2013),10.1007/s00122-012-1988-2,,confirmed,ZIBIBBO X SULTANINA BIANCA,10.1007/s00122-012-1988-2; 10.3389/fpls.2020.605934,Lacombe & Emanuelli 2020; Lacombe 2013,10.1007/s00122-012-1988-2,
MARIA PIROVANO,SULTANINA BIANCA,Parent 2,SSR,SSR,,,VIVC passport (via Lacombe & Emanuelli 2020; Lacombe 2013),10.1007/s00122-012-1988-2,,confirmed,ZIBIBBO X SULTANINA BIANCA,10.1007/s00122-012-1988-2; 10.3389/fpls.2020.605934,Lacombe & Emanuelli 2020; Lacombe 2013,10.1007/s00122-012-1988-2,
MARIENRIESLING,RIESLING WEISS,Parent 1,SSR,SSR,,,VIVC passport (pedigree confirmed by markers),,,confirmed,RIESLING WEISS X MUSCAT ST. LAURENT,,none,,
MARIENRIESLING,MUSCAT ST. LAURENT,Parent 2,SSR,SSR,,,VIVC passport (pedigree confirmed by markers),,,confirmed,RIESLING WEISS X MUSCAT ST. LAURENT,,none,,
MARIENSTEINER,SILVANER,Parent 1,SSR,SSR,,,VIVC passport (via Lacombe 2013),10.1007/s00122-012-1988-2,,confirmed,SILVANER X MUELLER THURGAU,10.1007/s00122-012-1988-2,Lacombe 2013,10.1007/s00122-012-1988-2,
MARIENSTEINER,MUELLER THURGAU,Parent 2,SSR,SSR,,,VIVC passport (via Lacombe 2013),10.1007/s00122-012-1988-2,,confirmed,SILVANER X MUELLER THURGAU,10.1007/s00122-012-1988-2,Lacombe 2013,10.1007/s00122-012-1988-2,
MARIO MARIANI,MUSSCAT DE HAMBOURG,Parent 1,SSR,SSR,,,VIVC passport (via Lacombe 2013),10.1007/s00122-012-1988-2,,confirmed,MUSSCAT DE HAMBOURG X PIROVANO 60,10.1007/s00122-012-1988-2,Lacombe 2013,10.1007/s00122-012-1988-2,
MARIO MARIANI,PIROVANO 60,Parent 2,SSR,SSR,,,VIVC passport (via Lacombe 2013),10.1007/s00122-012-1988-2,,confirmed,MUSSCAT DE HAMBOURG X PIROVANO 60,10.1007/s00122-012-1988-2,Lacombe 2013,10.1007/s00122-012-1988-2,
MARKANT,MUELLER THURGAU,Parent 1,SSR,SSR,,,VIVC passport (pedigree confirmed by markers),,,confirmed,MUELLER THURGAU X BUKETTREBE,,none,,
MARKANT,BUKETTREBE,Parent 2,SSR,SSR,,,VIVC passport (pedigree confirmed by markers),,,confirmed,MUELLER THURGAU X BUKETTREBE,,none,,
MAROC GROS,BLACK MOROCCO,Parent 1,SSR,SSR,,,VIVC passport (via Lacombe & Emanuelli 2020; Lacombe 2013; Laucou 2018),10.1007/s00122-012-1988-2,,confirmed,BLACK MOROCCO X FRANKENTHAL = SCHIAVA GROSSA,10.1007/s00122-012-1988-2; 10.1371/journal.pone.0192540; 10.3389/fpls.2020.605934,Lacombe & Emanuelli 2020; Lacombe 2013; Laucou 2018,10.1007/s00122-012-1988-2,
MAROC GROS,FRANKENTHAL = SCHIAVA GROSSA,Parent 2,SSR,SSR,,,VIVC passport (via Lacombe & Emanuelli 2020; Lacombe 2013; Laucou 2018),10.1007/s00122-012-1988-2,,confirmed,BLACK MOROCCO X FRANKENTHAL = SCHIAVA GROSSA,10.1007/s00122-012-1988-2; 10.1371/journal.pone.0192540; 10.3389/fpls.2020.605934,Lacombe & Emanuelli 2020; Lacombe 2013; Laucou 2018,10.1007/s00122-012-1988-2,
MARTINEZ ZAPORTA 5 A,MG 41 B,Parent 1,SSR,SSR,,,VIVC passport (via Migliaro 2019),10.5344/ajev.2019.18054,,confirmed,MG 41 B X UNKNOWN,10.5344/ajev.2019.18054,Migliaro 2019,10.5344/ajev.2019.18054,
MARTINEZ ZAPORTA 5 A,UNKNOWN,Parent 2,SSR,SSR,,,VIVC passport (via Migliaro 2019),10.5344/ajev.2019.18054,,confirmed,MG 41 B X UNKNOWN,10.5344/ajev.2019.18054,Migliaro 2019,10.5344/ajev.2019.18054,
MATHIASZ JANOSNE,CHASSELAS ROUGE,Parent 1,SSR,SSR,,,VIVC passport (via Lacombe 2013),10.1007/s00122-012-1988-2,,confirmed,CHASSELAS ROUGE X MUSCAT OF ALEXANDRIA,10.1007/s00122-012-1988-2; 10.1007/s11295-014-0746-9,Lacombe 2013,10.1007/s00122-012-1988-2,10.1007/s11295-014-0746-9
MATHIASZ JANOSNE,MUSCAT OF ALEXANDRIA,Parent 2,SSR,SSR,,,VIVC passport (via Lacombe 2013),10.1007/s00122-012-1988-2,,confirmed,CHASSELAS ROUGE X MUSCAT OF ALEXANDRIA,10.1007/s00122-012-1988-2; 10.1007/s11295-014-0746-9,Lacombe 2013,10.1007/s00122-012-1988-2,10.1007/s11295-014-0746-9
MATILDE,ITALIA,Parent 1,SSR,SSR,,,VIVC passport (via Cipriani 2010; Lacombe & Emanuelli 2020; Lacombe 2013; Laucou 2018),10.1007/s00122-012-1988-2,,confirmed,ITALIA X CARDINAL,10.1007/s00122-010-1411-9; 10.1007/s00122-012-1988-2; 10.1371/journal.pone.0192540; 10.3389/fpls.2020.605934; 10.5073/vitis.2002.41.183-187,Cipriani 2010; Lacombe & Emanuelli 2020; Lacombe 2013; Laucou 2018,10.1007/s00122-010-1411-9,10.5073/vitis.2002.41.183-187
MATILDE,CARDINAL,Parent 2,SSR,SSR,,,VIVC passport (via Cipriani 2010; Lacombe & Emanuelli 2020; Lacombe 2013; Laucou 2018),10.1007/s00122-012-1988-2,,confirmed,ITALIA X CARDINAL,10.1007/s00122-010-1411-9; 10.1007/s00122-012-1988-2; 10.1371/journal.pone.0192540; 10.3389/fpls.2020.605934; 10.5073/vitis.2002.41.183-187,Cipriani 2010; Lacombe & Emanuelli 2020; Lacombe 2013; Laucou 2018,10.1007/s00122-010-1411-9,10.5073/vitis.2002.41.183-187
MATURANA BLANCA,CASTELLANA BLANCA,Parent 1,SSR,SSR,,,VIVC passport (via Lacombe & Emanuelli 2020; Laucou 2018),10.3389/fpls.2020.605934,,confirmed,CASTELLANA BLANCA X SAVAGNIN = TRAMINER,10.1371/journal.pone.0192540; 10.3389/fpls.2020.605934,Lacombe & Emanuelli 2020; Laucou 2018,10.1371/journal.pone.0192540,
MATURANA BLANCA,SAVAGNIN = TRAMINER,Parent 2,SSR,SSR,,,VIVC passport (via Lacombe & Emanuelli 2020; Laucou 2018),10.3389/fpls.2020.605934,,confirmed,CASTELLANA BLANCA X SAVAGNIN = TRAMINER,10.1371/journal.pone.0192540; 10.3389/fpls.2020.605934,Lacombe & Emanuelli 2020; Laucou 2018,10.1371/journal.pone.0192540,
MECHTA,CHAOUCH ROSE,Parent 1,SSR,SSR,,,VIVC passport (pedigree confirmed by markers),10.3103/S0095452718050031,,confirmed,CHAOUCH ROSE X KISHMISH BLACK,10.3103/S0095452718050031,none,10.3103/S0095452718050031,10.3103/S0095452718050031
MECHTA,KISHMISH BLACK,Parent 2,SSR,SSR,,,VIVC passport (pedigree confirmed by markers),10.3103/S0095452718050031,,confirmed,CHAOUCH ROSE X KISHMISH BLACK,10.3103/S0095452718050031,none,10.3103/S0095452718050031,10.3103/S0095452718050031
MEDINA,SEYVE VILLARD 12286,Parent 1,SSR,SSR,,,VIVC passport (pedigree confirmed by markers),,,confirmed,SEYVE VILLARD 12286 X MEDOC NOIR.,,none,,
MEDINA,MEDOC NOIR.,Parent 2,SSR,SSR,,,VIVC passport (pedigree confirmed by markers),,,confirmed,SEYVE VILLARD 12286 X MEDOC NOIR.,,none,,
MELBENTO,TAMAREZ,Parent 1,SSR,SSR,,,VIVC passport (via Lacombe 2013),10.1007/s00122-012-1988-2,,confirmed,TAMAREZ X MUSCAT D'ALEXANDRIE,10.1007/s00122-012-1988-2,Lacombe 2013,10.1007/s00122-012-1988-2,
MELBENTO,MUSCAT D'ALEXANDRIE,Parent 2,SSR,SSR,,,VIVC passport (via Lacombe 2013),10.1007/s00122-012-1988-2,,confirmed,TAMAREZ X MUSCAT D'ALEXANDRIE,10.1007/s00122-012-1988-2,Lacombe 2013,10.1007/s00122-012-1988-2,
MELNIK 82,SIROKA MELNISKA,Parent 1,SSR,SSR,,,VIVC passport (pedigree confirmed by markers),10.1080/13102818.2005.10817291,,confirmed,SIROKA MELNISKA X VALDIGUIE,10.1080/13102818.2005.10817291,none,10.1080/13102818.2005.10817291,10.1080/13102818.2005.10817291
MELNIK 82,VALDIGUIE,Parent 2,SSR,SSR,,,VIVC passport (pedigree confirmed by markers),10.1080/13102818.2005.10817291,,confirmed,SIROKA MELNISKA X VALDIGUIE,10.1080/13102818.2005.10817291,none,10.1080/13102818.2005.10817291,10.1080/13102818.2005.10817291
MELNIK YUBILEEN 1300,SIROKA MELNISKA,Parent 1,SSR,SSR,,,VIVC passport (pedigree confirmed by markers),10.1080/13102818.2005.10817291,,confirmed,SIROKA MELNISKA X SAPERAVI,10.1080/13102818.2005.10817291,none,10.1080/13102818.2005.10817291,10.1080/13102818.2005.10817291
MELNIK YUBILEEN 1300,SAPERAVI,Parent 2,SSR,SSR,,,VIVC passport (pedigree confirmed by markers),10.1080/13102818.2005.10817291,,confirmed,SIROKA MELNISKA X SAPERAVI,10.1080/13102818.2005.10817291,none,10.1080/13102818.2005.10817291,10.1080/13102818.2005.10817291
MELNISHKA RANNA,SHIROKA MELNISHKA,Parent 1,SSR,SSR,,,VIVC passport (pedigree confirmed by markers),10.1080/13102818.2005.10817291,,confirmed,SHIROKA MELNISHKA X VALDIGUIE,10.1080/13102818.2005.10817291,none,10.1080/13102818.2005.10817291,10.1080/13102818.2005.10817291
MELNISHKA RANNA,VALDIGUIE,Parent 2,SSR,SSR,,,VIVC passport (pedigree confirmed by markers),10.1080/13102818.2005.10817291,,confirmed,SHIROKA MELNISHKA X VALDIGUIE,10.1080/13102818.2005.10817291,none,10.1080/13102818.2005.10817291,10.1080/13102818.2005.10817291
MELNISHKI RUBIN,SHIROKA MELNISHKA,Parent 1,SSR,SSR,,,VIVC passport (pedigree confirmed by markers),10.1080/13102818.2005.10817291,,confirmed,SHIROKA MELNISHKA X PARENT 2 WAS NOT CONFIRMED,10.1080/13102818.2005.10817291,none,10.1080/13102818.2005.10817291,10.1080/13102818.2005.10817291
MELNISHKI RUBIN,PARENT 2 WAS NOT CONFIRMED,Parent 2,SSR,SSR,,,VIVC passport (pedigree confirmed by markers),10.1080/13102818.2005.10817291,,confirmed,SHIROKA MELNISHKA X PARENT 2 WAS NOT CONFIRMED,10.1080/13102818.2005.10817291,none,10.1080/13102818.2005.10817291,10.1080/13102818.2005.10817291
MELODY,SEYVAL,Parent 1,SSR,SSR,,,VIVC passport (pedigree confirmed by markers),,,confirmed,SEYVAL X GENEVA WHITE 5,,none,,
MELODY,GENEVA WHITE 5,Parent 2,SSR,SSR,,,VIVC passport (pedigree confirmed by markers),,,confirmed,SEYVAL X GENEVA WHITE 5,,none,,
MELON,PINOT,Parent 2,SSR,SSR,,,VIVC passport (via Lacombe 2013),10.1007/s00122-012-1988-2,,confirmed,HEUNISCH WEISS X PINOT,10.1007/s00122-012-1988-2; 10.1126/science.285.5433.1562,Lacombe 2013,10.1007/s00122-012-1988-2,10.1126/science.285.5433.1562
MENCIA,ALFROCHEIRO,Parent 1,SSR,SSR,,,VIVC passport (via Cunha 2020),10.3389/fpls.2020.00127,,confirmed,ALFROCHEIRO X PATORRA,10.3389/fpls.2020.00127; 10.5073/vitis.2015.54.special-issue.59-65,Cunha 2020,10.3389/fpls.2020.00127,10.5073/vitis.2015.54.special-issue.59-65
MENCIA,PATORRA,Parent 2,SSR,SSR,,,VIVC passport (via Cunha 2020),10.3389/fpls.2020.00127,,confirmed,ALFROCHEIRO X PATORRA,10.3389/fpls.2020.00127; 10.5073/vitis.2015.54.special-issue.59-65,Cunha 2020,10.3389/fpls.2020.00127,10.5073/vitis.2015.54.special-issue.59-65
MERBEIN SEEDLESS,SULTANINE,Parent 1,SSR,SSR,,,VIVC passport (via Lacombe & Emanuelli 2020; Laucou 2018),10.3389/fpls.2020.605934,,confirmed,SULTANINE X MAYORQUIN,10.1371/journal.pone.0192540; 10.3389/fpls.2020.605934,Lacombe & Emanuelli 2020; Laucou 2018,10.1371/journal.pone.0192540,
MERBEIN SEEDLESS,MAYORQUIN,Parent 2,SSR,SSR,,,VIVC passport (via Lacombe & Emanuelli 2020; Laucou 2018),10.3389/fpls.2020.605934,,confirmed,SULTANINE X MAYORQUIN,10.1371/journal.pone.0192540; 10.3389/fpls.2020.605934,Lacombe & Emanuelli 2020; Laucou 2018,10.1371/journal.pone.0192540,
MERLINOT,PLANT DE CHAUDEFONDS 53,Parent 1,SSR,SSR,,,VIVC passport (via Lacombe 2013),10.1007/s00122-012-1988-2,,confirmed,PLANT DE CHAUDEFONDS 53 X HEUNISCH WEISS,10.1007/s00122-012-1988-2,Lacombe 2013,10.1007/s00122-012-1988-2,
MERLINOT,GOUAIS BLANC,Parent 2,SSR,SSR,,,VIVC passport (via Lacombe 2013),10.1007/s00122-012-1988-2,,confirmed,PLANT DE CHAUDEFONDS 53 X HEUNISCH WEISS,10.1007/s00122-012-1988-2,Lacombe 2013,10.1007/s00122-012-1988-2,
MERLOT BLANC,MERLOT,Parent 1,SSR,SSR,,,VIVC passport (via Lacombe 2013),10.1007/s00122-012-1988-2,,confirmed,MERLOT X FOLLE BLANCHE,10.1007/s00122-012-1988-2; 10.1111/j.1755-0238.2008.00041.x,Lacombe 2013,10.1007/s00122-012-1988-2,10.1111/j.1755-0238.2008.00041.x
MERLOT BLANC,FOLLE BLANCHE,Parent 2,SSR,SSR,,,VIVC passport (via Lacombe 2013),10.1007/s00122-012-1988-2,,confirmed,MERLOT X FOLLE BLANCHE,10.1007/s00122-012-1988-2; 10.1111/j.1755-0238.2008.00041.x,Lacombe 2013,10.1007/s00122-012-1988-2,10.1111/j.1755-0238.2008.00041.x
MERLOT NOIR,MAGDELEINE NOIRE DES CHARENTES,Parent 1,SSR,SSR,,,VIVC passport (via Lacombe & Emanuelli 2020; Lacombe 2013; Laucou 2018),10.1007/s00122-012-1988-2,,confirmed,MAGDELEINE NOIRE DES CHARENTES X CABERNET FRANC,10.1007/s00122-012-1988-2; 10.1111/j.1755-0238.2008.00041.x; 10.1371/journal.pone.0192540; 10.3103/S0095452718050031; 10.3389/fpls.2020.605934,Lacombe & Emanuelli 2020; Lacombe 2013; Laucou 2018,10.1007/s00122-012-1988-2,10.1111/j.1755-0238.2008.00041.x; 10.3103/S0095452718050031
MERLOT NOIR,CABERNET FRANC,Parent 2,SSR,SSR,,,VIVC passport (via Lacombe & Emanuelli 2020; Lacombe 2013; Laucou 2018),10.1007/s00122-012-1988-2,,confirmed,MAGDELEINE NOIRE DES CHARENTES X CABERNET FRANC,10.1007/s00122-012-1988-2; 10.1111/j.1755-0238.2008.00041.x; 10.1371/journal.pone.0192540; 10.3103/S0095452718050031; 10.3389/fpls.2020.605934,Lacombe & Emanuelli 2020; Lacombe 2013; Laucou 2018,10.1007/s00122-012-1988-2,10.1111/j.1755-0238.2008.00041.x; 10.3103/S0095452718050031
MERSEGUERA,HEBIEN,Parent 1,SSR,SSR,,,VIVC passport (via Lacombe & Emanuelli 2020; Lacombe 2013; Laucou 2018),10.1007/s00122-012-1988-2,,confirmed,HEBEN X TORTOZON,10.1007/s00122-012-1988-2; 10.1371/journal.pone.0192540; 10.3389/fpls.2020.605934,Lacombe & Emanuelli 2020; Lacombe 2013; Laucou 2018,10.1007/s00122-012-1988-2,
MERSEGUERA,TORTOZON,Parent 2,SSR,SSR,,,VIVC passport (via Lacombe & Emanuelli 2020; Lacombe 2013; Laucou 2018),10.1007/s00122-012-1988-2,,confirmed,HEBEN X TORTOZON,10.1007/s00122-012-1988-2; 10.1371/journal.pone.0192540; 10.3389/fpls.2020.605934,Lacombe & Emanuelli 2020; Lacombe 2013; Laucou 2018,10.1007/s00122-012-1988-2,
MESKHURI SHAVI,TAVKVERI,Parent 1,SSR,SSR,,,VIVC passport (pedigree confirmed by markers),,,confirmed,TAVKVERI X PINOT,,none,,
MESKHURI SHAVI,PINOT,Parent 2,SSR,SSR,,,VIVC passport (pedigree confirmed by markers),,,confirmed,TAVKVERI X PINOT,,none,,
MESLIER NOIR,GAMAY,Parent 1,SSR,SSR,,,VIVC passport (via Lacombe 2013),10.1007/s00122-012-1988-2,,confirmed,GAMAY X PETIT MESLIER,10.1007/s00122-012-1988-2,Lacombe 2013,10.1007/s00122-012-1988-2,
MESLIER NOIR,PETIT MESLIER,Parent 2,SSR,SSR,,,VIVC passport (via Lacombe 2013),10.1007/s00122-012-1988-2,,confirmed,GAMAY X PETIT MESLIER,10.1007/s00122-012-1988-2,Lacombe 2013,10.1007/s00122-012-1988-2,
MESLIER PETIT,GOUAIS BLANC,Parent 1,SSR,SSR,,,VIVC passport (pedigree confirmed by markers),,,confirmed,HEUNISCH X SAVAGNIN = TRAMINER,,none,,
MESLIER PETIT,SAVAGNIN = TRAMINER,Parent 2,SSR,SSR,,,VIVC passport (pedigree confirmed by markers),,,confirmed,HEUNISCH X SAVAGNIN = TRAMINER,,none,,
MESLIER SAINT FRANCOIS,GOUAIS BLANC,Parent 1,SSR,SSR,,,VIVC passport (via Cunha 2020; Lacombe & Emanuelli 2020; Lacombe 2013; Laucou 2018),10.1007/s00122-012-1988-2,,confirmed,HEUNISCH X CHENIN BLANC,10.1007/s00122-012-1988-2; 10.1371/journal.pone.0192540; 10.3389/fpls.2020.00127; 10.3389/fpls.2020.605934,Cunha 2020; Lacombe & Emanuelli 2020; Lacombe 2013; Laucou 2018,10.1007/s00122-012-1988-2,
MESLIER SAINT FRANCOIS,CHENIN BLANC,Parent 2,SSR,SSR,,,VIVC passport (via Cunha 2020; Lacombe & Emanuelli 2020; Lacombe 2013; Laucou 2018),10.1007/s00122-012-1988-2,,confirmed,HEUNISCH X CHENIN BLANC,10.1007/s00122-012-1988-2; 10.1371/journal.pone.0192540; 10.3389/fpls.2020.00127; 10.3389/fpls.2020.605934,Cunha 2020; Lacombe & Emanuelli 2020; Lacombe 2013; Laucou 2018,10.1007/s00122-012-1988-2,
MICHELE PALIERI,MOLINERA,Parent 1,SSR,SSR,,,VIVC passport (via Cipriani 2010; Lacombe 2013),10.1007/s00122-012-1988-2,,confirmed,MOLINERA X ALPHONSE LAVALLEE,10.1007/s00122-010-1411-9; 10.1007/s00122-012-1988-2,Cipriani 2010; Lacombe 2013,10.1007/s00122-010-1411-9,
MICHELE PALIERI,ALPHONSE LAVALLEE,Parent 2,SSR,SSR,,,VIVC passport (via Cipriani 2010; Lacombe 2013),10.1007/s00122-012-1988-2,,confirmed,MOLINERA X ALPHONSE LAVALLEE,10.1007/s00122-010-1411-9; 10.1007/s00122-012-1988-2,Cipriani 2010; Lacombe 2013,10.1007/s00122-010-1411-9,
MIKSZATH KALMAN,ROSA MENNA DI VACCA,Parent 1,SSR,SSR,,,VIVC passport (via Lacombe 2013),10.1007/s00122-012-1988-2,,confirmed,ROSA MENNA DI VACCA X BOUCHEREAU,10.1007/s00122-012-1988-2,Lacombe 2013,10.1007/s00122-012-1988-2,
MIKSZATH KALMAN,BOUCHEREAU,Parent 2,SSR,SSR,,,VIVC passport (via Lacombe 2013),10.1007/s00122-012-1988-2,,confirmed,ROSA MENNA DI VACCA X BOUCHEREAU,10.1007/s00122-012-1988-2,Lacombe 2013,10.1007/s00122-012-1988-2,
MIKVEH 17,BALOUTI,Parent 1,SSR,SSR,,,VIVC passport (via Lacombe 2013),10.1007/s00122-012-1988-2,,confirmed,BALOUTI X MUSCAT HAMBURG,10.1007/s00122-012-1988-2,Lacombe 2013,10.1007/s00122-012-1988-2,
MIKVEH 17,MUSCAT HAMBURG,Parent 2,SSR,SSR,,,VIVC passport (via Lacombe 2013),10.1007/s00122-012-1988-2,,confirmed,BALOUTI X MUSCAT HAMBURG,10.1007/s00122-012-1988-2,Lacombe 2013,10.1007/s00122-012-1988-2,
MILGRANET,NEGRET DU TARN,Parent 1,SSR,SSR,,,VIVC passport (via Lacombe 2013),10.1007/s00122-012-1988-2,,confirmed,NEGRET DU TARN X HEUNISCH WEISS,10.1007/s00122-012-1988-2,Lacombe 2013,10.1007/s00122-012-1988-2,
MILGRANET,GOUAIS BLANC,Parent 2,SSR,SSR,,,VIVC passport (via Lacombe 2013),10.1007/s00122-012-1988-2,,confirmed,NEGRET DU TARN X HEUNISCH WEISS,10.1007/s00122-012-1988-2,Lacombe 2013,10.1007/s00122-012-1988-2,
MILLARDET ET GRASSET 143 B,ARAMON,Parent 1,SSR,SSR,,,VIVC passport (via Migliaro 2019),10.5344/ajev.2019.18054,,confirmed,ARAMON X PARENT 2 IS MOST LIKELY EXTINCT,10.5344/ajev.2019.18054,Migliaro 2019,10.5344/ajev.2019.18054,
MILLARDET ET GRASSET 143 B,PARENT 2 IS MOST LIKELY EXTINCT,Parent 2,SSR,SSR,,,VIVC passport (via Migliaro 2019),10.5344/ajev.2019.18054,,confirmed,ARAMON X PARENT 2 IS MOST LIKELY EXTINCT,10.5344/ajev.2019.18054,Migliaro 2019,10.5344/ajev.2019.18054,
MILLARDET ET GRASSET 202- 4,SOLONIS,Parent 1,SSR,SSR,,,VIVC passport (via Migliaro 2019),10.5344/ajev.2019.18054,,confirmed,SOLONIS X PARENT 2 IS MOST LIKELY EXTINCT,10.5344/ajev.2019.18054,Migliaro 2019,10.5344/ajev.2019.18054,
MILLARDET ET GRASSET 202- 4,PARENT 2 IS MOST LIKELY EXTINCT,Parent 2,SSR,SSR,,,VIVC passport (via Migliaro 2019),10.5344/ajev.2019.18054,,confirmed,SOLONIS X PARENT 2 IS MOST LIKELY EXTINCT,10.5344/ajev.2019.18054,Migliaro 2019,10.5344/ajev.2019.18054,
MILTON,SCHIRAS DR. HOUDBINE,Parent 1,SSR,SSR,,,VIVC passport (via Lacombe 2013),10.1007/s00122-012-1988-2,,confirmed,SCHIRAS DR. HOUDBINE X CHASSELAS,10.1007/s00122-012-1988-2,Lacombe 2013,10.1007/s00122-012-1988-2,
MILTON,CHASSELAS,Parent 2,SSR,SSR,,,VIVC passport (via Lacombe 2013),10.1007/s00122-012-1988-2,,confirmed,SCHIRAS DR. HOUDBINE X CHASSELAS,10.1007/s00122-012-1988-2,Lacombe 2013,10.1007/s00122-012-1988-2,
MIREILLE,ITALIA,Parent 1,SSR,SSR,,,VIVC passport (via Lacombe & Emanuelli 2020; Lacombe 2013; Laucou 2018),10.1007/s00122-012-1988-2,,confirmed,ITALIA X PERLE VON CSABA,10.1007/s00122-012-1988-2; 10.1007/s11295-014-0746-9; 10.1371/journal.pone.0192540; 10.3389/fpls.2020.605934,Lacombe & Emanuelli 2020; Lacombe 2013; Laucou 2018,10.1007/s00122-012-1988-2,10.1007/s11295-014-0746-9
MIREILLE,PERLE VON CSABA,Parent 2,SSR,SSR,,,VIVC passport (via Lacombe & Emanuelli 2020; Lacombe 2013; Laucou 2018),10.1007/s00122-012-1988-2,,confirmed,ITALIA X PERLE VON CSABA,10.1007/s00122-012-1988-2; 10.1007/s11295-014-0746-9; 10.1371/journal.pone.0192540; 10.3389/fpls.2020.605934,Lacombe & Emanuelli 2020; Lacombe 2013; Laucou 2018,10.1007/s00122-012-1988-2,10.1007/s11295-014-0746-9
MIRNYJ,KATTA-KOURGAN,Parent 1,SSR,SSR,,,VIVC passport (via Lacombe 2013),10.1007/s00122-012-1988-2,,confirmed,KATTA-KOURGAN X POBEDA,10.1007/s00122-012-1988-2,Lacombe 2013,10.1007/s00122-012-1988-2,
MIRNYJ,POBEDA,Parent 2,SSR,SSR,,,VIVC passport (via Lacombe 2013),10.1007/s00122-012-1988-2,,confirmed,KATTA-KOURGAN X POBEDA,10.1007/s00122-012-1988-2,Lacombe 2013,10.1007/s00122-012-1988-2,
MISKET DUNAVSKI,CEAUS,Parent 1,SSR,SSR,,,VIVC passport (pedigree confirmed by markers),10.1007/s11295-014-0746-9,,confirmed,CEAUS X MUSCAT HAMBURG,10.1007/s11295-014-0746-9,none,10.1007/s11295-014-0746-9,10.1007/s11295-014-0746-9
MISKET DUNAVSKI,MUSCAT HAMBURG,Parent 2,SSR,SSR,,,VIVC passport (pedigree confirmed by markers),10.1007/s11295-014-0746-9,,confirmed,CEAUS X MUSCAT HAMBURG,10.1007/s11295-014-0746-9,none,10.1007/s11295-014-0746-9,10.1007/s11295-014-0746-9
MOLDOVA,GUZAL KARA,Parent 1,SSR,SSR,,,VIVC passport (pedigree confirmed by markers),10.3103/S0095452718050031,,confirmed,GUZAL KARA X S.V. 12-375,10.3103/S0095452718050031; 10.5073/vitis.2015.54.special-issue.73-76,none,10.3103/S0095452718050031,10.3103/S0095452718050031; 10.5073/vitis.2015.54.special-issue.73-76
MOLDOVA,S.V. 12-375,Parent 2,SSR,SSR,,,VIVC passport (pedigree confirmed by markers),10.3103/S0095452718050031,,confirmed,GUZAL KARA X S.V. 12-375,10.3103/S0095452718050031; 10.5073/vitis.2015.54.special-issue.73-76,none,10.3103/S0095452718050031,10.3103/S0095452718050031; 10.5073/vitis.2015.54.special-issue.73-76
MOLETTE,GRINGET,Parent 1,SSR,SSR,,,VIVC passport (via Lacombe 2013),10.1007/s00122-012-1988-2,,confirmed,GRINGET X HEUNISCH WEISS,10.1007/s00122-012-1988-2,Lacombe 2013,10.1007/s00122-012-1988-2,
MOLETTE,GOUAIS BLANC,Parent 2,SSR,SSR,,,VIVC passport (via Lacombe 2013),10.1007/s00122-012-1988-2,,confirmed,GRINGET X HEUNISCH WEISS,10.1007/s00122-012-1988-2,Lacombe 2013,10.1007/s00122-012-1988-2,
MONBADON,FOLLE BLANCHE,Parent 1,SSR,SSR,,,VIVC passport (via Lacombe 2013),10.1007/s00122-012-1988-2,,confirmed,FOLLE BLANCHE X TREBBIANO TOSCANO,10.1007/s00122-012-1988-2,Lacombe 2013,10.1007/s00122-012-1988-2,
MONBADON,UGNI BLANC,Parent 2,SSR,SSR,,,VIVC passport (via Lacombe 2013),10.1007/s00122-012-1988-2,,confirmed,FOLLE BLANCHE X TREBBIANO TOSCANO,10.1007/s00122-012-1988-2,Lacombe 2013,10.1007/s00122-012-1988-2,
MONDEUSE NOIRE,MONDEUSE BLANCHE,Parent 1,SSR,SSR,,,VIVC passport (via Lacombe & Emanuelli 2020; Lacombe 2013; Laucou 2018),10.1007/s00122-012-1988-2,,confirmed,MONDEUSE BLANCHE X TRESSOT,10.1007/s00122-012-1988-2; 10.1371/journal.pone.0192540; 10.3389/fpls.2020.605934,Lacombe & Emanuelli 2020; Lacombe 2013; Laucou 2018,10.1007/s00122-012-1988-2,
MONDEUSE NOIRE,TRESSOT,Parent 2,SSR,SSR,,,VIVC passport (via Lacombe & Emanuelli 2020; Lacombe 2013; Laucou 2018),10.1007/s00122-012-1988-2,,confirmed,MONDEUSE BLANCHE X TRESSOT,10.1007/s00122-012-1988-2; 10.1371/journal.pone.0192540; 10.3389/fpls.2020.605934,Lacombe & Emanuelli 2020; Lacombe 2013; Laucou 2018,10.1007/s00122-012-1988-2,
MONDRAGON,MOURISCO TINTO = MARUFO,Parent 1,SSR,SSR,,,VIVC passport (via Lacombe & Emanuelli 2020; Laucou 2018),10.3389/fpls.2020.605934,,confirmed,MOURISCO TINTO = MARUFO X MONASTRELL = MOURVÈDRE,10.1371/journal.pone.0192540; 10.3389/fpls.2020.605934,Lacombe & Emanuelli 2020; Laucou 2018,10.1371/journal.pone.0192540,
MONDRAGON,MONASTRELL = MOURVÈDRE,Parent 2,SSR,SSR,,,VIVC passport (via Lacombe & Emanuelli 2020; Laucou 2018),10.3389/fpls.2020.605934,,confirmed,MOURISCO TINTO = MARUFO X MONASTRELL = MOURVÈDRE,10.1371/journal.pone.0192540; 10.3389/fpls.2020.605934,Lacombe & Emanuelli 2020; Laucou 2018,10.1371/journal.pone.0192540,
MONERAC,ARAMON,Parent 1,SSR,SSR,,,VIVC passport (via Lacombe 2013),10.1007/s00122-012-1988-2,,confirmed,ARAMON X GRENACHE,10.1007/s00122-012-1988-2,Lacombe 2013,10.1007/s00122-012-1988-2,
MONERAC,GRENACHE NOIR,Parent 2,SSR,SSR,,,VIVC passport (via Lacombe 2013),10.1007/s00122-012-1988-2,,confirmed,ARAMON X GRENACHE,10.1007/s00122-012-1988-2,Lacombe 2013,10.1007/s00122-012-1988-2,
MONTAGNA,RIESLANER,Parent 1,SSR,SSR,,,VIVC passport (via Lacombe 2013),10.1007/s00122-012-1988-2,,confirmed,RIESLANER X MUELLER THURGAU,10.1007/s00122-012-1988-2,Lacombe 2013,10.1007/s00122-012-1988-2,
MONTAGNA,MUELLER THURGAU,Parent 2,SSR,SSR,,,VIVC passport (via Lacombe 2013),10.1007/s00122-012-1988-2,,confirmed,RIESLANER X MUELLER THURGAU,10.1007/s00122-012-1988-2,Lacombe 2013,10.1007/s00122-012-1988-2,
MONTE D'ORO,FRANKENTHAL,Parent 1,SSR,SSR,,,VIVC passport (via Lacombe 2013),10.1007/s00122-012-1988-2,,confirmed,FRANKENTHAL X PIROVANO 46A,10.1007/s00122-012-1988-2,Lacombe 2013,10.1007/s00122-012-1988-2,
MONTE D'ORO,PIROVANO 46A,Parent 2,SSR,SSR,,,VIVC passport (via Lacombe 2013),10.1007/s00122-012-1988-2,,confirmed,FRANKENTHAL X PIROVANO 46A,10.1007/s00122-012-1988-2,Lacombe 2013,10.1007/s00122-012-1988-2,
MONTERA,PALOMINO,Parent 1,SSR,SSR,,,VIVC passport (pedigree confirmed by markers),,,confirmed,PALOMINO X PEDRO XIMENEZ,,none,,
MONTERA,PEDRO XIMENEZ,Parent 2,SSR,SSR,,,VIVC passport (pedigree confirmed by markers),,,confirmed,PALOMINO X PEDRO XIMENEZ,,none,,
MONTUONICO,FOGARINA,Parent 1,SSR,SSR,,,VIVC passport (via Lacombe 2013),10.1007/s00122-012-1988-2,,confirmed,FOGARINA X ARGANT,10.1007/s00122-012-1988-2,Lacombe 2013,10.1007/s00122-012-1988-2,
MONTUONICO,ARGANT,Parent 2,SSR,SSR,,,VIVC passport (via Lacombe 2013),10.1007/s00122-012-1988-2,,confirmed,FOGARINA X ARGANT,10.1007/s00122-012-1988-2,Lacombe 2013,10.1007/s00122-012-1988-2,
MORETO,PARDINA = JAEN BLANCO,Parent 1,SSR,SSR,,,VIVC passport (via Cunha 2020; Lacombe 2013; Laucou 2018),10.1007/s00122-012-1988-2,,confirmed,PARDINA = JAEN BLANCO X ALFROCHEIRO PRETO,10.1007/s00122-012-1988-2; 10.1371/journal.pone.0192540; 10.3389/fpls.2020.00127; 10.5073/vitis.2015.54.special-issue.59-65,Cunha 2020; Lacombe 2013; Laucou 2018,10.1007/s00122-012-1988-2,10.5073/vitis.2015.54.special-issue.59-65
MORETO,ALFROCHEIRO PRETO,Parent 2,SSR,SSR,,,VIVC passport (via Cunha 2020; Lacombe 2013; Laucou 2018),10.1007/s00122-012-1988-2,,confirmed,PARDINA = JAEN BLANCO X ALFROCHEIRO PRETO,10.1007/s00122-012-1988-2; 10.1371/journal.pone.0192540; 10.3389/fpls.2020.00127; 10.5073/vitis.2015.54.special-issue.59-65,Cunha 2020; Lacombe 2013; Laucou 2018,10.1007/s00122-012-1988-2,10.5073/vitis.2015.54.special-issue.59-65
MORIO MUSKAT,SILVANER GRUEN,Parent 1,SSR,SSR,,,VIVC passport (via Lacombe 2013),10.1007/s00122-012-1988-2,,confirmed,SILVANER  GRUEN X MUSKATELLER GELB,10.1007/s00122-012-1988-2,Lacombe 2013,10.1007/s00122-012-1988-2,
MORIO MUSKAT,MUSKATELLER GELB,Parent 2,SSR,SSR,,,VIVC passport (via Lacombe 2013),10.1007/s00122-012-1988-2,,confirmed,SILVANER  GRUEN X MUSKATELLER GELB,10.1007/s00122-012-1988-2,Lacombe 2013,10.1007/s00122-012-1988-2,
MORRASTEL BOUSCHET,CARIGNAN NOIR,Parent 1,SSR,SSR,,,VIVC passport (via Lacombe 2013),10.1007/s00122-012-1988-2,,confirmed,CARIGNAN X BOUSCHET PETIT,10.1007/s00122-012-1988-2,Lacombe 2013,10.1007/s00122-012-1988-2,
MORRASTEL BOUSCHET,BOUSCHET PETIT,Parent 2,SSR,SSR,,,VIVC passport (via Lacombe 2013),10.1007/s00122-012-1988-2,,confirmed,CARIGNAN X BOUSCHET PETIT,10.1007/s00122-012-1988-2,Lacombe 2013,10.1007/s00122-012-1988-2,
MOSCATEL DE SANTO ILDEFONSO,TAMAREZ,Parent 1,SSR,SSR,,,VIVC passport (via Lacombe 2013),10.1007/s00122-012-1988-2,,confirmed,TAMAREZ X MUSCAT D'ALEXANDRIE,10.1007/s00122-012-1988-2,Lacombe 2013,10.1007/s00122-012-1988-2,
MOSCATEL DE SANTO ILDEFONSO,MUSCAT D'ALEXANDRIE,Parent 2,SSR,SSR,,,VIVC passport (via Lacombe 2013),10.1007/s00122-012-1988-2,,confirmed,TAMAREZ X MUSCAT D'ALEXANDRIE,10.1007/s00122-012-1988-2,Lacombe 2013,10.1007/s00122-012-1988-2,
MOSCATEL NATIVIDADE,DIAGALVES,Parent 1,SSR,SSR,,,VIVC passport (via Lacombe 2013),10.1007/s00122-012-1988-2,,confirmed,DIAGALVES X MUSCAT OF ALEXANDRIA,10.1007/s00122-012-1988-2,Lacombe 2013,10.1007/s00122-012-1988-2,
MOSCATEL NATIVIDADE,MUSCAT OF ALEXANDRIA,Parent 2,SSR,SSR,,,VIVC passport (via Lacombe 2013),10.1007/s00122-012-1988-2,,confirmed,DIAGALVES X MUSCAT OF ALEXANDRIA,10.1007/s00122-012-1988-2,Lacombe 2013,10.1007/s00122-012-1988-2,
MOSCATEL NAZARENO,MOSCATEL DE HAMBURGO,Parent 1,SSR,SSR,,,VIVC passport (pedigree confirmed by markers),,,confirmed,MOSCATEL DE HAMBURGO X JOAO SANTAREM,,none,,
MOSCATEL NAZARENO,JOAO SANTAREM,Parent 2,SSR,SSR,,,VIVC passport (pedigree confirmed by markers),,,confirmed,MOSCATEL DE HAMBURGO X JOAO SANTAREM,,none,,
MOSCATEL OEIRAS,DIAGALVES,Parent 1,SSR,SSR,,,VIVC passport (via Lacombe 2013),10.1007/s00122-012-1988-2,,confirmed,DIAGALVES X MUSCAT OF ALEXANDRIA,10.1007/s00122-012-1988-2,Lacombe 2013,10.1007/s00122-012-1988-2,
MOSCATEL OEIRAS,MUSCAT OF ALEXANDRIA,Parent 2,SSR,SSR,,,VIVC passport (via Lacombe 2013),10.1007/s00122-012-1988-2,,confirmed,DIAGALVES X MUSCAT OF ALEXANDRIA,10.1007/s00122-012-1988-2,Lacombe 2013,10.1007/s00122-012-1988-2,
MOSCATEL SOARES FRANCO,TAMAREZ,Parent 1,SSR,SSR,,,VIVC passport (via Lacombe 2013),10.1007/s00122-012-1988-2,,confirmed,TAMAREZ X MUSCAT D'ALEXANDRIE,10.1007/s00122-012-1988-2,Lacombe 2013,10.1007/s00122-012-1988-2,
MOSCATEL SOARES FRANCO,MUSCAT D'ALEXANDRIE,Parent 2,SSR,SSR,,,VIVC passport (via Lacombe 2013),10.1007/s00122-012-1988-2,,confirmed,TAMAREZ X MUSCAT D'ALEXANDRIE,10.1007/s00122-012-1988-2,Lacombe 2013,10.1007/s00122-012-1988-2,
MOSCATELLO SELVATICO,BOMBINO BIANCO,Parent 1,SSR,SSR,,,VIVC passport (via Cipriani 2010; Lacombe & Emanuelli 2020; Lacombe 2013),10.1007/s00122-012-1988-2,,confirmed,BOMBINO BIANCO X MUSCAT OF ALEXANDRIA,10.1007/s00122-010-1411-9; 10.1007/s00122-012-1988-2; 10.3389/fpls.2020.605934,Cipriani 2010; Lacombe & Emanuelli 2020; Lacombe 2013,10.1007/s00122-010-1411-9,
MOSCATELLO SELVATICO,MUSCAT OF ALEXANDRIA,Parent 2,SSR,SSR,,,VIVC passport (via Cipriani 2010; Lacombe & Emanuelli 2020; Lacombe 2013),10.1007/s00122-012-1988-2,,confirmed,BOMBINO BIANCO X MUSCAT OF ALEXANDRIA,10.1007/s00122-010-1411-9; 10.1007/s00122-012-1988-2; 10.3389/fpls.2020.605934,Cipriani 2010; Lacombe & Emanuelli 2020; Lacombe 2013,10.1007/s00122-010-1411-9,
MOSCATO CERLETTI,PARENT 1 WAS NOT CONFIRMED,Parent 1,SSR,SSR,,,VIVC passport (pedigree confirmed by markers),10.20870/oeno-one.2021.55.3.4605,,confirmed,PARENT 1 WAS NOT CONFIRMED X MUSCAT OF ALEXANDRIA,10.20870/oeno-one.2021.55.3.4605,none,10.20870/oeno-one.2021.55.3.4605,10.20870/oeno-one.2021.55.3.4605
MOSCATO CERLETTI,MUSCAT OF ALEXANDRIA,Parent 2,SSR,SSR,,,VIVC passport (pedigree confirmed by markers),10.20870/oeno-one.2021.55.3.4605,,confirmed,PARENT 1 WAS NOT CONFIRMED X MUSCAT OF ALEXANDRIA,10.20870/oeno-one.2021.55.3.4605,none,10.20870/oeno-one.2021.55.3.4605,10.20870/oeno-one.2021.55.3.4605
MOSCATO D'ADDA,PARENT 1 WAS NOT CONFIRMED,Parent 1,SSR,SSR,,,VIVC passport (via Laucou 2018),10.1371/journal.pone.0192540,,confirmed,PARENT 1 WAS NOT CONFIRMED X MUSCAT OF ALEXANDRIA,10.1371/journal.pone.0192540,Laucou 2018,10.1371/journal.pone.0192540,
MOSCATO D'ADDA,MUSCAT OF ALEXANDRIA,Parent 2,SSR,SSR,,,VIVC passport (via Laucou 2018),10.1371/journal.pone.0192540,,confirmed,PARENT 1 WAS NOT CONFIRMED X MUSCAT OF ALEXANDRIA,10.1371/journal.pone.0192540,Laucou 2018,10.1371/journal.pone.0192540,
MOSTOSA,RAGUSANO,Parent 1,SSR,SSR,,,VIVC passport (via Cipriani 2010),10.1007/s00122-010-1411-9,,confirmed,RAGUSANO X UVA FEMMINA,10.1007/s00122-010-1411-9,Cipriani 2010,10.1007/s00122-010-1411-9,
MOSTOSA,UVA FEMMINA,Parent 2,SSR,SSR,,,VIVC passport (via Cipriani 2010),10.1007/s00122-010-1411-9,,confirmed,RAGUSANO X UVA FEMMINA,10.1007/s00122-010-1411-9,Cipriani 2010,10.1007/s00122-010-1411-9,
MOURATON,CAYETANA BLANCA,Parent 1,SSR,SSR,,,VIVC passport (via Cunha 2020; Lacombe & Emanuelli 2020; Laucou 2018),10.3389/fpls.2020.605934,,confirmed,CAYETANA BLANCA X ALFROCHEIRO PRETO,10.1371/journal.pone.0192540; 10.3389/fpls.2020.00127; 10.3389/fpls.2020.605934; 10.5073/vitis.2015.54.special-issue.59-65; 10.5344/ajev.2011.11052,Cunha 2020; Lacombe & Emanuelli 2020; Laucou 2018,10.1371/journal.pone.0192540,10.5073/vitis.2015.54.special-issue.59-65; 10.5344/ajev.2011.11052
MOURATON,ALFROCHEIRO PRETO,Parent 2,SSR,SSR,,,VIVC passport (via Cunha 2020; Lacombe & Emanuelli 2020; Laucou 2018),10.3389/fpls.2020.605934,,confirmed,CAYETANA BLANCA X ALFROCHEIRO PRETO,10.1371/journal.pone.0192540; 10.3389/fpls.2020.00127; 10.3389/fpls.2020.605934; 10.5073/vitis.2015.54.special-issue.59-65; 10.5344/ajev.2011.11052,Cunha 2020; Lacombe & Emanuelli 2020; Laucou 2018,10.1371/journal.pone.0192540,10.5073/vitis.2015.54.special-issue.59-65; 10.5344/ajev.2011.11052
MOURVAISON,POUGAYEN,Parent 1,SSR,SSR,,,VIVC passport (via Lacombe 2013),10.1007/s00122-012-1988-2,,confirmed,POUGAYEN X AUBUN,10.1007/s00122-012-1988-2,Lacombe 2013,10.1007/s00122-012-1988-2,
MOURVAISON,AUBUN,Parent 2,SSR,SSR,,,VIVC passport (via Lacombe 2013),10.1007/s00122-012-1988-2,,confirmed,POUGAYEN X AUBUN,10.1007/s00122-012-1988-2,Lacombe 2013,10.1007/s00122-012-1988-2,
MURVEDR GULE,MOURVEDRE,Parent 1,SSR,SSR,,,VIVC passport (via Lacombe & Emanuelli 2020; Lacombe 2013; Laucou 2018),10.1007/s00122-012-1988-2,,confirmed,MOURVEDRE X PARENT 2 WAS NOT CONFIRMED,10.1007/s00122-012-1988-2; 10.1371/journal.pone.0192540; 10.3389/fpls.2020.605934,Lacombe & Emanuelli 2020; Lacombe 2013; Laucou 2018,10.1007/s00122-012-1988-2,
MURVEDR GULE,PARENT 2 WAS NOT CONFIRMED,Parent 2,SSR,SSR,,,VIVC passport (via Lacombe & Emanuelli 2020; Lacombe 2013; Laucou 2018),10.1007/s00122-012-1988-2,,confirmed,MOURVEDRE X PARENT 2 WAS NOT CONFIRMED,10.1007/s00122-012-1988-2; 10.1371/journal.pone.0192540; 10.3389/fpls.2020.605934,Lacombe & Emanuelli 2020; Lacombe 2013; Laucou 2018,10.1007/s00122-012-1988-2,
MRS. PEARSON,BLACK ALICANTE,Parent 1,SSR,SSR,,,VIVC passport (pedigree confirmed by markers),,,confirmed,BLACK ALICANTE X MUSCAT OF ALEXANDRIA,,none,,
MRS. PEARSON,MUSCAT OF ALEXANDRIA,Parent 2,SSR,SSR,,,VIVC passport (pedigree confirmed by markers),,,confirmed,BLACK ALICANTE X MUSCAT OF ALEXANDRIA,,none,,
MUELLER THURGAU WEISS,RIESLING,Parent 1,SSR,SSR,,,VIVC passport (via Lacombe 2013),10.1007/s00122-012-1988-2,,confirmed,RIESLING X MADELEINE ROYALE,10.1007/s00122-012-1988-2,Lacombe 2013,10.1007/s00122-012-1988-2,
MUELLER THURGAU WEISS,MADELEINE ROYALE,Parent 2,SSR,SSR,,,VIVC passport (via Lacombe 2013),10.1007/s00122-012-1988-2,,confirmed,RIESLING X MADELEINE ROYALE,10.1007/s00122-012-1988-2,Lacombe 2013,10.1007/s00122-012-1988-2,
MULATA,JOAO SANTAREM,Parent 1,SSR,SSR,,,VIVC passport (via Cunha 2020; Lacombe 2013),10.1007/s00122-012-1988-2,,confirmed,JOAO SANTAREM X ALICANTE HENRI BOUSCHET,10.1007/s00122-012-1988-2; 10.3389/fpls.2020.00127,Cunha 2020; Lacombe 2013,10.1007/s00122-012-1988-2,
MULATA,ALICANTE HENRI BOUSCHET,Parent 2,SSR,SSR,,,VIVC passport (via Cunha 2020; Lacombe 2013),10.1007/s00122-012-1988-2,,confirmed,JOAO SANTAREM X ALICANTE HENRI BOUSCHET,10.1007/s00122-012-1988-2; 10.3389/fpls.2020.00127,Cunha 2020; Lacombe 2013,10.1007/s00122-012-1988-2,
MULTANER,RIESLING WEISS,Parent 1,SSR,SSR,,,VIVC passport (pedigree confirmed by markers),,,confirmed,RIESLING WEISS X SILVANER GRUEN,,none,,
MULTANER,SILVANER GRUEN,Parent 2,SSR,SSR,,,VIVC passport (pedigree confirmed by markers),,,confirmed,RIESLING WEISS X SILVANER GRUEN,,none,,
MUNKATSY JOZSEF,DIAMANTTRAUBE,Parent 1,SSR,SSR,,,VIVC passport (via Lacombe 2013),10.1007/s00122-012-1988-2,,confirmed,DIAMANTTRAUBE X MUSCAT OF ALEXANDRIA,10.1007/s00122-012-1988-2,Lacombe 2013,10.1007/s00122-012-1988-2,
MUNKATSY JOZSEF,MUSCAT OF ALEXANDRIA,Parent 2,SSR,SSR,,,VIVC passport (via Lacombe 2013),10.1007/s00122-012-1988-2,,confirmed,DIAMANTTRAUBE X MUSCAT OF ALEXANDRIA,10.1007/s00122-012-1988-2,Lacombe 2013,10.1007/s00122-012-1988-2,
MUSC DELECTA,VILLARD BLANC,Parent 1,SSR,SSR,,,VIVC passport (pedigree confirmed by markers),,,confirmed,VILLARD BLANC X MUSCAT HAMBURG,,none,,
MUSC DELECTA,MUSCAT HAMBURG,Parent 2,SSR,SSR,,,VIVC passport (pedigree confirmed by markers),,,confirmed,VILLARD BLANC X MUSCAT HAMBURG,,none,,
MUSCABONA,SIEGERREBE,Parent 1,SSR,SSR,,,VIVC passport (pedigree confirmed by markers),,,confirmed,SIEGERREBE X MUELLER THURGAU,,none,,
MUSCABONA,MUELLER THURGAU,Parent 2,SSR,SSR,,,VIVC passport (pedigree confirmed by markers),,,confirmed,SIEGERREBE X MUELLER THURGAU,,none,,
MUSCADOULE,VILLARD BLANC,Parent 1,SSR,SSR,,,VIVC passport (pedigree confirmed by markers),,,confirmed,VILLARD BLANC X MUSCAT HAMBURG,,none,,
MUSCADOULE,MUSCAT HAMBURG,Parent 2,SSR,SSR,,,VIVC passport (pedigree confirmed by markers),,,confirmed,VILLARD BLANC X MUSCAT HAMBURG,,none,,
MUSCAT BAILEY A,BAILEY,Parent 1,SSR,SSR,,,VIVC passport (pedigree confirmed by markers),,,confirmed,BAILEY X MUSCAT HAMBURG,,none,,
MUSCAT BAILEY A,MUSCAT HAMBURG,Parent 2,SSR,SSR,,,VIVC passport (pedigree confirmed by markers),,,confirmed,BAILEY X MUSCAT HAMBURG,,none,,
MUSCAT BIFERE,BICANE,Parent 1,SSR,SSR,,,VIVC passport (via Lacombe 2013),10.1007/s00122-012-1988-2,,confirmed,BICANE X MUSCAT A PETITS GRAINS,10.1007/s00122-012-1988-2,Lacombe 2013,10.1007/s00122-012-1988-2,
MUSCAT BIFERE,MUSCAT A PETITS GRAINS,Parent 2,SSR,SSR,,,VIVC passport (via Lacombe 2013),10.1007/s00122-012-1988-2,,confirmed,BICANE X MUSCAT A PETITS GRAINS,10.1007/s00122-012-1988-2,Lacombe 2013,10.1007/s00122-012-1988-2,
MUSCAT BOUSCHET,MUSCAT FLEUR D'ORANGER,Parent 1,SSR,SSR,,,VIVC passport (via Lacombe 2013),10.1007/s00122-012-1988-2,,confirmed,MUSCAT FLEUR D'ORANGER X BOUSCHET PETIT,10.1007/s00122-012-1988-2,Lacombe 2013,10.1007/s00122-012-1988-2,
MUSCAT BOUSCHET,BOUSCHET PETIT,Parent 2,SSR,SSR,,,VIVC passport (via Lacombe 2013),10.1007/s00122-012-1988-2,,confirmed,MUSCAT FLEUR D'ORANGER X BOUSCHET PETIT,10.1007/s00122-012-1988-2,Lacombe 2013,10.1007/s00122-012-1988-2,
KAISERMUSKAT,RIESLING,Parent 1,SSR,SSR,,,VIVC passport (via Lacombe 2013),10.1007/s00122-012-1988-2,,confirmed,RIESLING X MUSCAT SAINT LAURENT,10.1007/s00122-012-1988-2,Lacombe 2013,10.1007/s00122-012-1988-2,
KAISERMUSKAT,MUSCAT SAINT LAURENT,Parent 2,SSR,SSR,,,VIVC passport (via Lacombe 2013),10.1007/s00122-012-1988-2,,confirmed,RIESLING X MUSCAT SAINT LAURENT,10.1007/s00122-012-1988-2,Lacombe 2013,10.1007/s00122-012-1988-2,
MUSCAT DE ST. CHRISTOL,VILLARD BLANC,Parent 1,SSR,SSR,,,VIVC passport (pedigree confirmed by markers),,,confirmed,VILLARD BLANC X KOENIGIN DER WEINGAERTEN,,none,,
MUSCAT DE ST. CHRISTOL,KOENIGIN DER WEINGAERTEN,Parent 2,SSR,SSR,,,VIVC passport (pedigree confirmed by markers),,,confirmed,VILLARD BLANC X KOENIGIN DER WEINGAERTEN,,none,,
MUSCAT DE ST. VALLIER BLANC,SEYVE VILLARD 12- 129,Parent 1,SSR,SSR,,,VIVC passport (pedigree confirmed by markers),,,confirmed,SEYVE VILLARD 12- 129  X MUSCAT HAMBURG,,none,,
MUSCAT DE ST. VALLIER BLANC,MUSCAT HAMBURG,Parent 2,SSR,SSR,,,VIVC passport (pedigree confirmed by markers),,,confirmed,SEYVE VILLARD 12- 129  X MUSCAT HAMBURG,,none,,
MISKET VARNENSKI,DIMYAT,Parent 1,SSR,SSR,,,VIVC passport (pedigree confirmed by markers),,,confirmed,DIMYAT X TRAMINER,,none,,
MISKET VARNENSKI,SAVAGNIN BLANC,Parent 2,SSR,SSR,,,VIVC passport (pedigree confirmed by markers),,,confirmed,DIMYAT X TRAMINER,,none,,
MUSCAT FLEUR D'ORANGER,MUSCAT A PETITS GRAINS,Parent 1,SSR,SSR,,,VIVC passport (pedigree confirmed by markers),10.5073/vitis.2001.40.23-30,,confirmed,MUSCAT A PETITS GRAINS X CHASSELAS BLANC,10.5073/vitis.2001.40.23-30,none,10.5073/vitis.2001.40.23-30,10.5073/vitis.2001.40.23-30
MUSCAT FLEUR D'ORANGER,CHASSELAS BLANC,Parent 2,SSR,SSR,,,VIVC passport (pedigree confirmed by markers),10.5073/vitis.2001.40.23-30,,confirmed,MUSCAT A PETITS GRAINS X CHASSELAS BLANC,10.5073/vitis.2001.40.23-30,none,10.5073/vitis.2001.40.23-30,10.5073/vitis.2001.40.23-30
MUSCAT GRIS DE LA CALMETTE,CHASSELAS,Parent 1,SSR,SSR,,,VIVC passport (via Lacombe 2013),10.1007/s00122-012-1988-2,,confirmed,CHASSELAS X MUSCAT D'EISENSTADT,10.1007/s00122-012-1988-2,Lacombe 2013,10.1007/s00122-012-1988-2,
MUSCAT GRIS DE LA CALMETTE,MUSCAT D'EISENSTADT,Parent 2,SSR,SSR,,,VIVC passport (via Lacombe 2013),10.1007/s00122-012-1988-2,,confirmed,CHASSELAS X MUSCAT D'EISENSTADT,10.1007/s00122-012-1988-2,Lacombe 2013,10.1007/s00122-012-1988-2,
MUSCAT HAMBURG,SCHIAVA GROSSA,Parent 1,SSR,SSR,,,VIVC passport (via Lacombe & Emanuelli 2020; Lacombe 2013),10.1007/s00122-012-1988-2,,confirmed,SCHIAVA GROSSA X MUSCAT OF ALEXANDRIA,10.1007/s00122-012-1988-2; 10.1007/s00122-019-03320-5; 10.1007/s11295-014-0746-9; 10.3103/S0095452718050031; 10.3389/fpls.2020.605934; 10.3390/plants10122696; 10.5073/vitis.2003.42.193-197,Lacombe & Emanuelli 2020; Lacombe 2013,10.1007/s00122-012-1988-2,10.1007/s00122-019-03320-5; 10.1007/s11295-014-0746-9; 10.3103/S0095452718050031; 10.3390/plants10122696; 10.5073/vitis.2003.42.193-197
MUSCAT HAMBURG,MUSCAT OF ALEXANDRIA,Parent 2,SSR,SSR,,,VIVC passport (via Lacombe & Emanuelli 2020; Lacombe 2013),10.1007/s00122-012-1988-2,,confirmed,SCHIAVA GROSSA X MUSCAT OF ALEXANDRIA,10.1007/s00122-012-1988-2; 10.1007/s00122-019-03320-5; 10.1007/s11295-014-0746-9; 10.3103/S0095452718050031; 10.3389/fpls.2020.605934; 10.3390/plants10122696; 10.5073/vitis.2003.42.193-197,Lacombe & Emanuelli 2020; Lacombe 2013,10.1007/s00122-012-1988-2,10.1007/s00122-019-03320-5; 10.1007/s11295-014-0746-9; 10.3103/S0095452718050031; 10.3390/plants10122696; 10.5073/vitis.2003.42.193-197
MUSCAT LASERELLE,CHASSELAS,Parent 1,SSR,SSR,,,VIVC passport (via Lacombe 2013),10.1007/s00122-012-1988-2,,confirmed,CHASSELAS X SCHIAVA GROSSA,10.1007/s00122-012-1988-2,Lacombe 2013,10.1007/s00122-012-1988-2,
MUSCAT LASERELLE,SCHIAVA GROSSA,Parent 2,SSR,SSR,,,VIVC passport (via Lacombe 2013),10.1007/s00122-012-1988-2,,confirmed,CHASSELAS X SCHIAVA GROSSA,10.1007/s00122-012-1988-2,Lacombe 2013,10.1007/s00122-012-1988-2,
MUSCAT LIERVAL,CHASSELAS,Parent 1,SSR,SSR,,,VIVC passport (via Lacombe 2013),10.1007/s00122-012-1988-2,,confirmed,CHASSELAS X MUSCAT D'EISENSTADT,10.1007/s00122-012-1988-2,Lacombe 2013,10.1007/s00122-012-1988-2,
MUSCAT LIERVAL,MUSCAT D'EISENSTADT,Parent 2,SSR,SSR,,,VIVC passport (via Lacombe 2013),10.1007/s00122-012-1988-2,,confirmed,CHASSELAS X MUSCAT D'EISENSTADT,10.1007/s00122-012-1988-2,Lacombe 2013,10.1007/s00122-012-1988-2,
MUSCAT MADRESFIELD COURT,BLACK MOROCCO,Parent 1,SSR,SSR,,,VIVC passport (via Lacombe 2013),10.1007/s00122-012-1988-2,,confirmed,BLACK MOROCCO X MUSCAT OF ALEXANDRIA,10.1007/s00122-012-1988-2,Lacombe 2013,10.1007/s00122-012-1988-2,
MUSCAT MADRESFIELD COURT,MUSCAT OF ALEXANDRIA,Parent 2,SSR,SSR,,,VIVC passport (via Lacombe 2013),10.1007/s00122-012-1988-2,,confirmed,BLACK MOROCCO X MUSCAT OF ALEXANDRIA,10.1007/s00122-012-1988-2,Lacombe 2013,10.1007/s00122-012-1988-2,
MUSCAT MIKVEH,VERICO,Parent 1,SSR,SSR,,,VIVC passport (via Lacombe 2013),10.1007/s00122-012-1988-2,,confirmed,VERICO X MUSCAT FLEUR D'ORANGER,10.1007/s00122-012-1988-2,Lacombe 2013,10.1007/s00122-012-1988-2,
MUSCAT MIKVEH,MUSCAT FLEUR D'ORANGER,Parent 2,SSR,SSR,,,VIVC passport (via Lacombe 2013),10.1007/s00122-012-1988-2,,confirmed,VERICO X MUSCAT FLEUR D'ORANGER,10.1007/s00122-012-1988-2,Lacombe 2013,10.1007/s00122-012-1988-2,
MUSCAT OF ALEXANDRIA,HEPTAKILO,Parent 1,SSR,SSR,,,VIVC passport (via Cipriani 2010; Lacombe & Emanuelli 2020; Lacombe 2013; Laucou 2018),10.1007/s00122-012-1988-2,,confirmed,HEPTAKILO X MUSCAT A PETITS GRAINS,10.1007/s00122-010-1411-9; 10.1007/s00122-012-1988-2; 10.1007/s11295-014-0746-9; 10.1038/s41598-020-72799-6; 10.1038/s41598-024-62774-w; 10.1371/journal.pone.0192540; 10.3389/fpls.2020.605934; 10.5344/ajev.2016.16068,Cipriani 2010; Lacombe & Emanuelli 2020; Lacombe 2013; Laucou 2018,10.1007/s00122-010-1411-9,10.1007/s11295-014-0746-9; 10.1038/s41598-020-72799-6; 10.1038/s41598-024-62774-w; 10.5344/ajev.2016.16068
MUSCAT OF ALEXANDRIA,MUSCAT A PETITS GRAINS,Parent 2,SSR,SSR,,,VIVC passport (via Cipriani 2010; Lacombe & Emanuelli 2020; Lacombe 2013; Laucou 2018),10.1007/s00122-012-1988-2,,confirmed,HEPTAKILO X MUSCAT A PETITS GRAINS,10.1007/s00122-010-1411-9; 10.1007/s00122-012-1988-2; 10.1007/s11295-014-0746-9; 10.1038/s41598-020-72799-6; 10.1038/s41598-024-62774-w; 10.1371/journal.pone.0192540; 10.3389/fpls.2020.605934; 10.5344/ajev.2016.16068,Cipriani 2010; Lacombe & Emanuelli 2020; Lacombe 2013; Laucou 2018,10.1007/s00122-010-1411-9,10.1007/s11295-014-0746-9; 10.1038/s41598-020-72799-6; 10.1038/s41598-024-62774-w; 10.5344/ajev.2016.16068
MUSCAT OTTONEL,MUSCAT D'EISENSTADT,Parent 1,SSR,SSR,,,VIVC passport (via Lacombe & Emanuelli 2020; Lacombe 2013; Laucou 2018),10.1007/s00122-012-1988-2,,confirmed,MUSCAT D'EISENSTADT X CHASSELAS,10.1007/s00122-012-1988-2; 10.1371/journal.pone.0192540; 10.20870/oeno-one.2021.55.4.4815; 10.3389/fpls.2020.605934,Lacombe & Emanuelli 2020; Lacombe 2013; Laucou 2018,10.1007/s00122-012-1988-2,10.20870/oeno-one.2021.55.4.4815
MUSCAT OTTONEL,CHASSELAS,Parent 2,SSR,SSR,,,VIVC passport (via Lacombe & Emanuelli 2020; Lacombe 2013; Laucou 2018),10.1007/s00122-012-1988-2,,confirmed,MUSCAT D'EISENSTADT X CHASSELAS,10.1007/s00122-012-1988-2; 10.1371/journal.pone.0192540; 10.20870/oeno-one.2021.55.4.4815; 10.3389/fpls.2020.605934,Lacombe & Emanuelli 2020; Lacombe 2013; Laucou 2018,10.1007/s00122-012-1988-2,10.20870/oeno-one.2021.55.4.4815
MUSCAT PRECOCE DE SAUMUR,PINOT,Parent 1,SSR,SSR,,,VIVC passport (via Lacombe 2013),10.1007/s00122-012-1988-2,,confirmed,PINOT X MUSCAT A PETITS GRAINS,10.1007/s00122-012-1988-2,Lacombe 2013,10.1007/s00122-012-1988-2,
MUSCAT PRECOCE DE SAUMUR,MUSCAT A PETITS GRAINS,Parent 2,SSR,SSR,,,VIVC passport (via Lacombe 2013),10.1007/s00122-012-1988-2,,confirmed,PINOT X MUSCAT A PETITS GRAINS,10.1007/s00122-012-1988-2,Lacombe 2013,10.1007/s00122-012-1988-2,
MUSCAT ROUGE DE MADERE,MUSCAT A PETITS GRAINS BLANCS,Parent 1,SSR,SSR,,,VIVC passport (via Lacombe & Emanuelli 2020; Lacombe 2013),10.1007/s00122-012-1988-2,,confirmed,MUSCAT A PETITS GRAINS BLANCS X MAMMOLO,10.1007/s00122-012-1988-2; 10.1038/s41598-020-72799-6; 10.20870/oeno-one.2021.55.3.4628; 10.21273/JASHS.132.4.514; 10.3389/fpls.2020.605934; 10.3390/genes11070737,Lacombe & Emanuelli 2020; Lacombe 2013,10.1007/s00122-012-1988-2,10.1038/s41598-020-72799-6; 10.20870/oeno-one.2021.55.3.4628; 10.21273/JASHS.132.4.514; 10.3390/genes11070737
MUSCAT ROUGE DE MADERE,MAMMOLO,Parent 2,SSR,SSR,,,VIVC passport (via Lacombe & Emanuelli 2020; Lacombe 2013),10.1007/s00122-012-1988-2,,confirmed,MUSCAT A PETITS GRAINS BLANCS X MAMMOLO,10.1007/s00122-012-1988-2; 10.1038/s41598-020-72799-6; 10.20870/oeno-one.2021.55.3.4628; 10.21273/JASHS.132.4.514; 10.3389/fpls.2020.605934; 10.3390/genes11070737,Lacombe & Emanuelli 2020; Lacombe 2013,10.1007/s00122-012-1988-2,10.1038/s41598-020-72799-6; 10.20870/oeno-one.2021.55.3.4628; 10.21273/JASHS.132.4.514; 10.3390/genes11070737
MUSCAT SEEDLESS,MUSCAT OF ALEXANDRIA,Parent 1,SSR,SSR,,,VIVC passport (via Lacombe 2013),10.1007/s00122-012-1988-2,,confirmed,MUSCAT OF ALEXANDRIA X PERLETTE,10.1007/s00122-012-1988-2; 10.21548/39-1-2053,Lacombe 2013,10.1007/s00122-012-1988-2,10.21548/39-1-2053
MUSCAT SEEDLESS,PERLETTE,Parent 2,SSR,SSR,,,VIVC passport (via Lacombe 2013),10.1007/s00122-012-1988-2,,confirmed,MUSCAT OF ALEXANDRIA X PERLETTE,10.1007/s00122-012-1988-2; 10.21548/39-1-2053,Lacombe 2013,10.1007/s00122-012-1988-2,10.21548/39-1-2053
MUSCAT ST. LAURENT,CHASSELAS,Parent 1,SSR,SSR,,,VIVC passport (via Lacombe 2013),10.1007/s00122-012-1988-2,,confirmed,CHASSELAS X MUSCAT D'EISENSTADT,10.1007/s00122-012-1988-2,Lacombe 2013,10.1007/s00122-012-1988-2,
MUSCAT ST. LAURENT,MUSCAT D'EISENSTADT,Parent 2,SSR,SSR,,,VIVC passport (via Lacombe 2013),10.1007/s00122-012-1988-2,,confirmed,CHASSELAS X MUSCAT D'EISENSTADT,10.1007/s00122-012-1988-2,Lacombe 2013,10.1007/s00122-012-1988-2,
MUSHKETNYI,BEKALNY,Parent 1,SSR,SSR,,,VIVC passport (via Lacombe 2013; Margaryan 2021),10.1007/s00122-012-1988-2,,confirmed,BEKALNY X PLAVAI,10.1007/s00122-012-1988-2; 10.3390/biology10121279,Lacombe 2013; Margaryan 2021,10.1007/s00122-012-1988-2,
MUSHKETNYI,PLAVAI,Parent 2,SSR,SSR,,,VIVC passport (via Lacombe 2013; Margaryan 2021),10.1007/s00122-012-1988-2,,confirmed,BEKALNY X PLAVAI,10.1007/s00122-012-1988-2; 10.3390/biology10121279,Lacombe 2013; Margaryan 2021,10.1007/s00122-012-1988-2,
MUSKAT DESERTNYI,MADELEINE ANGEVINE,Parent 1,SSR,SSR,,,VIVC passport (via Margaryan 2021),10.3390/biology10121279,,confirmed,MADELEINE ANGEVINE X MUSCAT OF ALEXANDRIA,10.3390/biology10121279,Margaryan 2021,10.3390/biology10121279,
MUSKAT DESERTNYI,MUSCAT OF ALEXANDRIA,Parent 2,SSR,SSR,,,VIVC passport (via Margaryan 2021),10.3390/biology10121279,,confirmed,MADELEINE ANGEVINE X MUSCAT OF ALEXANDRIA,10.3390/biology10121279,Margaryan 2021,10.3390/biology10121279,
MUSKAT DONSKOI,SEVERNYI,Parent 1,SSR,SSR,,,VIVC passport (pedigree confirmed by markers),,,confirmed,SEVERNYI X MUSCAT A PETITS GRAINS BLANCS,,none,,
MUSKAT DONSKOI,MUSCAT A PETITS GRAINS BLANCS,Parent 2,SSR,SSR,,,VIVC passport (pedigree confirmed by markers),,,confirmed,SEVERNYI X MUSCAT A PETITS GRAINS BLANCS,,none,,
MISKET RUSENSKI,MUSCAT HAMBURG,Parent 1,SSR,SSR,,,VIVC passport (via Lacombe & Emanuelli 2020; Lacombe 2013),10.1007/s00122-012-1988-2,,confirmed,MUSCAT HAMBURG X CARDINAL,10.1007/s00122-012-1988-2; 10.3389/fpls.2020.605934; 10.3390/plants10122696,Lacombe & Emanuelli 2020; Lacombe 2013,10.1007/s00122-012-1988-2,10.3390/plants10122696
MISKET RUSENSKI,CARDINAL,Parent 2,SSR,SSR,,,VIVC passport (via Lacombe & Emanuelli 2020; Lacombe 2013),10.1007/s00122-012-1988-2,,confirmed,MUSCAT HAMBURG X CARDINAL,10.1007/s00122-012-1988-2; 10.3389/fpls.2020.605934; 10.3390/plants10122696,Lacombe & Emanuelli 2020; Lacombe 2013,10.1007/s00122-012-1988-2,10.3390/plants10122696
MUSKAT SUSANNA,MADELEINE ANGEVINE,Parent 1,SSR,SSR,,,VIVC passport (via Lacombe 2013),10.1007/s00122-012-1988-2,,confirmed,MADELEINE ANGEVINE X MUSCAT A PETITS GRAINS,10.1007/s00122-012-1988-2,Lacombe 2013,10.1007/s00122-012-1988-2,
MUSKAT SUSANNA,MUSCAT A PETITS GRAINS,Parent 2,SSR,SSR,,,VIVC passport (via Lacombe 2013),10.1007/s00122-012-1988-2,,confirmed,MADELEINE ANGEVINE X MUSCAT A PETITS GRAINS,10.1007/s00122-012-1988-2,Lacombe 2013,10.1007/s00122-012-1988-2,
MISKET TRAKIJSKI,DIMYAT,Parent 1,SSR,SSR,,,VIVC passport (via Lacombe 2013),10.1007/s00122-012-1988-2,,confirmed,DIMYAT X PERLE VON CSABA,10.1007/s00122-012-1988-2,Lacombe 2013,10.1007/s00122-012-1988-2,
MISKET TRAKIJSKI,PERLE VON CSABA,Parent 2,SSR,SSR,,,VIVC passport (via Lacombe 2013),10.1007/s00122-012-1988-2,,confirmed,DIMYAT X PERLE VON CSABA,10.1007/s00122-012-1988-2,Lacombe 2013,10.1007/s00122-012-1988-2,
MUSKAT USBEKISTANSKII,KATTA KURGAN,Parent 1,SSR,SSR,,,VIVC passport (via Lacombe & Emanuelli 2020; Lacombe 2013; Margaryan 2021),10.1007/s00122-012-1988-2,,confirmed,KATTA KURGAN X MUSCAT OF ALEXANDRIA,10.1007/s00122-012-1988-2; 10.3389/fpls.2020.605934; 10.3390/biology10121279,Lacombe & Emanuelli 2020; Lacombe 2013; Margaryan 2021,10.1007/s00122-012-1988-2,
MUSKAT USBEKISTANSKII,MUSCAT OF ALEXANDRIA,Parent 2,SSR,SSR,,,VIVC passport (via Lacombe & Emanuelli 2020; Lacombe 2013; Margaryan 2021),10.1007/s00122-012-1988-2,,confirmed,KATTA KURGAN X MUSCAT OF ALEXANDRIA,10.1007/s00122-012-1988-2; 10.3389/fpls.2020.605934; 10.3390/biology10121279,Lacombe & Emanuelli 2020; Lacombe 2013; Margaryan 2021,10.1007/s00122-012-1988-2,
MUSKAT VIRA,MUSCAT A PETITS GRAINS,Parent 1,SSR,SSR,,,VIVC passport (via Lacombe 2013),10.1007/s00122-012-1988-2,,confirmed,MUSCAT A PETITS GRAINS  X MUSCAT DE HAMBOURG,10.1007/s00122-012-1988-2,Lacombe 2013,10.1007/s00122-012-1988-2,
MUSKAT VIRA,MUSCAT DE HAMBOURG,Parent 2,SSR,SSR,,,VIVC passport (via Lacombe 2013),10.1007/s00122-012-1988-2,,confirmed,MUSCAT A PETITS GRAINS  X MUSCAT DE HAMBOURG,10.1007/s00122-012-1988-2,Lacombe 2013,10.1007/s00122-012-1988-2,
MUSKATBLUME,RIESLING,Parent 1,SSR,SSR,,,VIVC passport (via Lacombe 2013),10.1007/s00122-012-1988-2,,confirmed,RIESLING X MUSCAT ST. LAURENT,10.1007/s00122-012-1988-2,Lacombe 2013,10.1007/s00122-012-1988-2,
MUSKATBLUME,MUSCAT ST. LAURENT,Parent 2,SSR,SSR,,,VIVC passport (via Lacombe 2013),10.1007/s00122-012-1988-2,,confirmed,RIESLING X MUSCAT ST. LAURENT,10.1007/s00122-012-1988-2,Lacombe 2013,10.1007/s00122-012-1988-2,
MUSKATRIESLING,RIESLING,Parent 1,SSR,SSR,,,VIVC passport (via Lacombe 2013),10.1007/s00122-012-1988-2,,confirmed,RIESLING X MUSCAT ST. LAURENT,10.1007/s00122-012-1988-2,Lacombe 2013,10.1007/s00122-012-1988-2,
MUSKATRIESLING,MUSCAT ST. LAURENT,Parent 2,SSR,SSR,,,VIVC passport (via Lacombe 2013),10.1007/s00122-012-1988-2,,confirmed,RIESLING X MUSCAT ST. LAURENT,10.1007/s00122-012-1988-2,Lacombe 2013,10.1007/s00122-012-1988-2,
NAGRADA,SALEM,Parent 1,SSR,SSR,,,VIVC passport (pedigree confirmed by markers),,,confirmed,SALEM X ARAKSENI BELYI,,none,,
NAGRADA,ARAKSENI BELYI,Parent 2,SSR,SSR,,,VIVC passport (pedigree confirmed by markers),,,confirmed,SALEM X ARAKSENI BELYI,,none,,
NAGSHABI,SHAANI BELYI,Parent 1,SSR,SSR,,,VIVC passport (pedigree confirmed by markers),,,confirmed,SHAANI BELYI X BAYAN SHIREI,,none,,
NAGSHABI,BAYAN SHIREI,Parent 2,SSR,SSR,,,VIVC passport (pedigree confirmed by markers),,,confirmed,SHAANI BELYI X BAYAN SHIREI,,none,,
NARINCE,KALECIK SIYAHI,Parent 1,SSR,SSR,,,VIVC passport (via Lacombe 2013),10.1007/s00122-012-1988-2,,confirmed,KALECIK SIYAHI X DIMRIT,10.1007/s00122-012-1988-2,Lacombe 2013,10.1007/s00122-012-1988-2,
NARINCE,DIMRIT,Parent 2,SSR,SSR,,,VIVC passport (via Lacombe 2013),10.1007/s00122-012-1988-2,,confirmed,KALECIK SIYAHI X DIMRIT,10.1007/s00122-012-1988-2,Lacombe 2013,10.1007/s00122-012-1988-2,
NAUMBURG 5004- 51,KOBER 125 AA,Parent 1,SSR,SSR,,,VIVC passport (pedigree confirmed by markers),,,confirmed,KOBER 125 AA  X CINEREA ARNOLD,,none,,
NAUMBURG 5004- 51,CINEREA ARNOLD,Parent 2,SSR,SSR,,,VIVC passport (pedigree confirmed by markers),,,confirmed,KOBER 125 AA  X CINEREA ARNOLD,,none,,
RICI,GEISENHEIM 183,Parent 1,SSR,SSR,,,VIVC passport (pedigree confirmed by markers),,,confirmed,GEISENHEIM 183 X CINEREA ARNOLD,,none,,
RICI,CINEREA ARNOLD,Parent 2,SSR,SSR,,,VIVC passport (pedigree confirmed by markers),,,confirmed,GEISENHEIM 183 X CINEREA ARNOLD,,none,,
NAVA,DABOUKI,Parent 1,SSR,SSR,,,VIVC passport (via Lacombe 2013),10.1007/s00122-012-1988-2,,confirmed,DABOUKI X ALPHONSE LAVALLEE,10.1007/s00122-012-1988-2,Lacombe 2013,10.1007/s00122-012-1988-2,
NAVA,ALPHONSE LAVALLEE,Parent 2,SSR,SSR,,,VIVC passport (via Lacombe 2013),10.1007/s00122-012-1988-2,,confirmed,DABOUKI X ALPHONSE LAVALLEE,10.1007/s00122-012-1988-2,Lacombe 2013,10.1007/s00122-012-1988-2,
NEBBIERA,CHATUS,Parent 1,SSR,SSR,,,VIVC passport (via Lacombe & Emanuelli 2020),10.3389/fpls.2020.605934,,confirmed,CHATUS X BARBERA,10.1016/j.scienta.2017.02.044; 10.3389/fpls.2020.605934,Lacombe & Emanuelli 2020,10.1016/j.scienta.2017.02.044,10.1016/j.scienta.2017.02.044
NEBBIERA,BARBERA,Parent 2,SSR,SSR,,,VIVC passport (via Lacombe & Emanuelli 2020),10.3389/fpls.2020.605934,,confirmed,CHATUS X BARBERA,10.1016/j.scienta.2017.02.044; 10.3389/fpls.2020.605934,Lacombe & Emanuelli 2020,10.1016/j.scienta.2017.02.044,10.1016/j.scienta.2017.02.044
NEGOTINSKI RUBIN,MUSCAT HAMBURG,Parent 1,SSR,SSR,,,VIVC passport (pedigree confirmed by markers),,,confirmed,MUSCAT HAMBURG X AFUS ALI,,none,,
NEGOTINSKI RUBIN,AFUS ALI,Parent 2,SSR,SSR,,,VIVC passport (pedigree confirmed by markers),,,confirmed,MUSCAT HAMBURG X AFUS ALI,,none,,
NEGRAL,FER,Parent 1,SSR,SSR,,,VIVC passport (via Lacombe 2013),10.1007/s00122-012-1988-2,,confirmed,FER X PRUNELARD,10.1007/s00122-012-1988-2,Lacombe 2013,10.1007/s00122-012-1988-2,
NEGRAL,PRUNELARD,Parent 2,SSR,SSR,,,VIVC passport (via Lacombe 2013),10.1007/s00122-012-1988-2,,confirmed,FER X PRUNELARD,10.1007/s00122-012-1988-2,Lacombe 2013,10.1007/s00122-012-1988-2,
NERELLO MASCALESE,SANGIOVESE,Parent 1,SSR,SSR,,,VIVC passport (via Cipriani 2010; Lacombe & Emanuelli 2020),10.3389/fpls.2020.605934,,confirmed,SANGIOVESE X MANTONICO BIANCO,10.1007/s00122-010-1411-9; 10.1007/s12033-012-9600-1; 10.3389/fpls.2020.605934; 10.5344/ajev.2016.16068,Cipriani 2010; Lacombe & Emanuelli 2020,10.1007/s00122-010-1411-9,10.1007/s12033-012-9600-1; 10.5344/ajev.2016.16068
NERELLO MASCALESE,MANTONICO BIANCO,Parent 2,SSR,SSR,,,VIVC passport (via Cipriani 2010; Lacombe & Emanuelli 2020),10.3389/fpls.2020.605934,,confirmed,SANGIOVESE X MANTONICO BIANCO,10.1007/s00122-010-1411-9; 10.1007/s12033-012-9600-1; 10.3389/fpls.2020.605934; 10.5344/ajev.2016.16068,Cipriani 2010; Lacombe & Emanuelli 2020,10.1007/s00122-010-1411-9,10.1007/s12033-012-9600-1; 10.5344/ajev.2016.16068
NERKARAT,SEYANETS S 1262,Parent 1,SSR,SSR,,,VIVC passport (via Margaryan 2021),10.3390/biology10121279,,confirmed,SEYANETS S 1262 X KARMRAHYUT,10.3390/biology10121279,Margaryan 2021,10.3390/biology10121279,
NERKARAT,KARMRAHYUT,Parent 2,SSR,SSR,,,VIVC passport (via Margaryan 2021),10.3390/biology10121279,,confirmed,SEYANETS S 1262 X KARMRAHYUT,10.3390/biology10121279,Margaryan 2021,10.3390/biology10121279,
NERON,MILLARDET ET GRASSET 101 O.P.,Parent 1,SSR,SSR,,,VIVC passport (pedigree confirmed by markers),,,confirmed,MILLARDET ET GRASSET  101 O.P. X KNIPPERLE,,none,,
NERON,KNIPPERLE,Parent 2,SSR,SSR,,,VIVC passport (pedigree confirmed by markers),,,confirmed,MILLARDET ET GRASSET  101 O.P. X KNIPPERLE,,none,,
NETTER,DABOUKI,Parent 1,SSR,SSR,,,VIVC passport (via Lacombe 2013),10.1007/s00122-012-1988-2,,confirmed,DABOUKI X MUSCAT HAMBURG,10.1007/s00122-012-1988-2,Lacombe 2013,10.1007/s00122-012-1988-2,
NETTER,MUSCAT HAMBURG,Parent 2,SSR,SSR,,,VIVC passport (via Lacombe 2013),10.1007/s00122-012-1988-2,,confirmed,DABOUKI X MUSCAT HAMBURG,10.1007/s00122-012-1988-2,Lacombe 2013,10.1007/s00122-012-1988-2,
NEUBURGER,VELTLINER ROT,Parent 1,SSR,SSR,,,VIVC passport (via Lacombe 2013),10.1007/s00122-012-1988-2,,confirmed,VELTLINER ROT  X SILVANER,10.1007/s00122-012-1988-2; 10.5073/vitis.1997.36.179-183,Lacombe 2013,10.1007/s00122-012-1988-2,10.5073/vitis.1997.36.179-183
NEUBURGER,SILVANER,Parent 2,SSR,SSR,,,VIVC passport (via Lacombe 2013),10.1007/s00122-012-1988-2,,confirmed,VELTLINER ROT  X SILVANER,10.1007/s00122-012-1988-2; 10.5073/vitis.1997.36.179-183,Lacombe 2013,10.1007/s00122-012-1988-2,10.5073/vitis.1997.36.179-183
NEW YORK MUSCAT,MUSCAT HAMBURG,Parent 1,SSR,SSR,,,VIVC passport (pedigree confirmed by markers),,,confirmed,MUSCAT HAMBURG X ONTARIO,,none,,
NEW YORK MUSCAT,ONTARIO,Parent 2,SSR,SSR,,,VIVC passport (pedigree confirmed by markers),,,confirmed,MUSCAT HAMBURG X ONTARIO,,none,,
NEZHNYI,COARNA NEAGRA,Parent 1,SSR,SSR,,,VIVC passport (pedigree confirmed by markers),,,confirmed,COARNA NEAGRA X DATTIER DE ST. VALLIER,,none,,
NEZHNYI,DATTIER DE ST. VALLIER,Parent 2,SSR,SSR,,,VIVC passport (pedigree confirmed by markers),,,confirmed,COARNA NEAGRA X DATTIER DE ST. VALLIER,,none,,
NIGRA,MERLOT,Parent 1,SSR,SSR,,,VIVC passport (via Cipriani 2010),10.1007/s00122-010-1411-9,,confirmed,MERLOT X BARBERA  96,10.1007/s00122-010-1411-9,Cipriani 2010,10.1007/s00122-010-1411-9,
NIGRA,BARBERA 96,Parent 2,SSR,SSR,,,VIVC passport (via Cipriani 2010),10.1007/s00122-010-1411-9,,confirmed,MERLOT X BARBERA  96,10.1007/s00122-010-1411-9,Cipriani 2010,10.1007/s00122-010-1411-9,
NINCUSA,PLAVAC MALI,Parent 1,SSR,SSR,,,VIVC passport (via Lacombe 2013),10.1007/s00122-012-1988-2,,confirmed,PLAVAC MALI X BOMBINO BIANCO,10.1007/s00122-012-1988-2; 10.3390/genes11070737,Lacombe 2013,10.1007/s00122-012-1988-2,10.3390/genes11070737
NINCUSA,BOMBINO BIANCO,Parent 2,SSR,SSR,,,VIVC passport (via Lacombe 2013),10.1007/s00122-012-1988-2,,confirmed,PLAVAC MALI X BOMBINO BIANCO,10.1007/s00122-012-1988-2; 10.3390/genes11070737,Lacombe 2013,10.1007/s00122-012-1988-2,10.3390/genes11070737
NOBLING,SILVANER,Parent 1,SSR,SSR,,,VIVC passport (via Lacombe 2013),10.1007/s00122-012-1988-2,,confirmed,SILVANER X CHASSELAS,10.1007/s00122-012-1988-2,Lacombe 2013,10.1007/s00122-012-1988-2,
NOBLING,CHASSELAS,Parent 2,SSR,SSR,,,VIVC passport (via Lacombe 2013),10.1007/s00122-012-1988-2,,confirmed,SILVANER X CHASSELAS,10.1007/s00122-012-1988-2,Lacombe 2013,10.1007/s00122-012-1988-2,
NOIR GLADY,MUSCAT ROUGE DE MADERE = MOSCATO VIOLETTO,Parent 1,SSR,SSR,,,VIVC passport (via Lacombe 2013),10.1007/s00122-012-1988-2,,confirmed,MUSCAT ROUGE DE MADERE = MOSCATO VIOLETTO X PINOT,10.1007/s00122-012-1988-2,Lacombe 2013,10.1007/s00122-012-1988-2,
NOIR GLADY,PINOT,Parent 2,SSR,SSR,,,VIVC passport (via Lacombe 2013),10.1007/s00122-012-1988-2,,confirmed,MUSCAT ROUGE DE MADERE = MOSCATO VIOLETTO X PINOT,10.1007/s00122-012-1988-2,Lacombe 2013,10.1007/s00122-012-1988-2,
NOIR HATIF DE MARSEILLE,MUSCAT ROUGE DE MADERE,Parent 1,SSR,SSR,,,VIVC passport (pedigree confirmed by markers),10.3390/genes11070737,,confirmed,MUSCAT ROUGE DE MADERE X PINOT,10.3390/genes11070737,none,10.3390/genes11070737,10.3390/genes11070737
NOIR HATIF DE MARSEILLE,PINOT,Parent 2,SSR,SSR,,,VIVC passport (pedigree confirmed by markers),10.3390/genes11070737,,confirmed,MUSCAT ROUGE DE MADERE X PINOT,10.3390/genes11070737,none,10.3390/genes11070737,10.3390/genes11070737
NOTARDOMENICO,SUSUMANIELLO,Parent 1,SSR,SSR,,,VIVC passport (via Lacombe & Emanuelli 2020; Lacombe 2013),10.1007/s00122-012-1988-2,,confirmed,SUSUMANIELLO X NERELLO CAPPUCCIO FAUX,10.1007/s00122-012-1988-2; 10.3389/fpls.2020.605934,Lacombe & Emanuelli 2020; Lacombe 2013,10.1007/s00122-012-1988-2,
NOTARDOMENICO,NERELLO CAPPUCCIO FAUX,Parent 2,SSR,SSR,,,VIVC passport (via Lacombe & Emanuelli 2020; Lacombe 2013),10.1007/s00122-012-1988-2,,confirmed,SUSUMANIELLO X NERELLO CAPPUCCIO FAUX,10.1007/s00122-012-1988-2; 10.3389/fpls.2020.605934,Lacombe & Emanuelli 2020; Lacombe 2013,10.1007/s00122-012-1988-2,
ODESSKII CHERNYI,ALICANTE HENRI BOUSCHET,Parent 1,SSR,SSR,,,VIVC passport (via Lacombe 2013),10.1007/s00122-012-1988-2,,confirmed,ALICANTE HENRI BOUSCHET X CABERNET SAUVIGNON,10.1007/s00122-012-1988-2; 10.3103/S0095452718050031,Lacombe 2013,10.1007/s00122-012-1988-2,10.3103/S0095452718050031
ODESSKII CHERNYI,CABERNET SAUVIGNON,Parent 2,SSR,SSR,,,VIVC passport (via Lacombe 2013),10.1007/s00122-012-1988-2,,confirmed,ALICANTE HENRI BOUSCHET X CABERNET SAUVIGNON,10.1007/s00122-012-1988-2; 10.3103/S0095452718050031,Lacombe 2013,10.1007/s00122-012-1988-2,10.3103/S0095452718050031
ODJU BATAK,MUSCATE,Parent 1,SSR,SSR,,,VIVC passport (via Lacombe 2013),10.1007/s00122-012-1988-2,,confirmed,MUSCATE X BEYLERCE,10.1007/s00122-012-1988-2,Lacombe 2013,10.1007/s00122-012-1988-2,
ODJU BATAK,BEYLERCE,Parent 2,SSR,SSR,,,VIVC passport (via Lacombe 2013),10.1007/s00122-012-1988-2,,confirmed,MUSCATE X BEYLERCE,10.1007/s00122-012-1988-2,Lacombe 2013,10.1007/s00122-012-1988-2,
ODOLA,BAROQUE,Parent 1,SSR,SSR,,,VIVC passport (via Lacombe 2013),10.1007/s00122-012-1988-2,,confirmed,BAROQUE X COT,10.1007/s00122-012-1988-2,Lacombe 2013,10.1007/s00122-012-1988-2,
ODOLA,MALBEC,Parent 2,SSR,SSR,,,VIVC passport (via Lacombe 2013),10.1007/s00122-012-1988-2,,confirmed,BAROQUE X COT,10.1007/s00122-012-1988-2,Lacombe 2013,10.1007/s00122-012-1988-2,
OEROEKKE PIROS,AIN EL BOUMA,Parent 1,SSR,SSR,,,VIVC passport (via Lacombe 2013),10.1007/s00122-012-1988-2,,confirmed,AIN EL BOUMA X MATHIASZ JANOSNE,10.1007/s00122-012-1988-2,Lacombe 2013,10.1007/s00122-012-1988-2,
OEROEKKE PIROS,MATHIASZ JANOSNE,Parent 2,SSR,SSR,,,VIVC passport (via Lacombe 2013),10.1007/s00122-012-1988-2,,confirmed,AIN EL BOUMA X MATHIASZ JANOSNE,10.1007/s00122-012-1988-2,Lacombe 2013,10.1007/s00122-012-1988-2,
OETFUERTUE,HARSLEVELUE,Parent 1,SSR,SSR,,,VIVC passport (via Lacombe 2013),10.1007/s00122-012-1988-2,,confirmed,HARSLEVELUE X MATHIASZ JANOSNE,10.1007/s00122-012-1988-2,Lacombe 2013,10.1007/s00122-012-1988-2,
OETFUERTUE,MATHIASZ JANOSNE,Parent 2,SSR,SSR,,,VIVC passport (via Lacombe 2013),10.1007/s00122-012-1988-2,,confirmed,HARSLEVELUE X MATHIASZ JANOSNE,10.1007/s00122-012-1988-2,Lacombe 2013,10.1007/s00122-012-1988-2,
OKATAC,VUGAVA,Parent 1,SSR,SSR,,,VIVC passport (via Lacombe 2013),10.1007/s00122-012-1988-2,,confirmed,VUGAVA X PLAVAC MALI,10.1007/s00122-012-1988-2; 10.3390/genes11070737,Lacombe 2013,10.1007/s00122-012-1988-2,10.3390/genes11070737
OKATAC,PLAVAC MALI,Parent 2,SSR,SSR,,,VIVC passport (via Lacombe 2013),10.1007/s00122-012-1988-2,,confirmed,VUGAVA X PLAVAC MALI,10.1007/s00122-012-1988-2; 10.3390/genes11070737,Lacombe 2013,10.1007/s00122-012-1988-2,10.3390/genes11070737
OKTYABRSKII,ANGOOR KALAN,Parent 1,SSR,SSR,,,VIVC passport (via Lacombe 2013),10.1007/s00122-012-1988-2,,confirmed,ANGOOR KALAN X GLACIERE,10.1007/s00122-012-1988-2,Lacombe 2013,10.1007/s00122-012-1988-2,
OKTYABRSKII,GLACIERE,Parent 2,SSR,SSR,,,VIVC passport (via Lacombe 2013),10.1007/s00122-012-1988-2,,confirmed,ANGOOR KALAN X GLACIERE,10.1007/s00122-012-1988-2,Lacombe 2013,10.1007/s00122-012-1988-2,
OLASZ KORAI,DIAMANTTRAUBE,Parent 1,SSR,SSR,,,VIVC passport (via Lacombe 2013),10.1007/s00122-012-1988-2,,confirmed,DIAMANTTRAUBE X PINOT,10.1007/s00122-012-1988-2,Lacombe 2013,10.1007/s00122-012-1988-2,
OLASZ KORAI,PINOT,Parent 2,SSR,SSR,,,VIVC passport (via Lacombe 2013),10.1007/s00122-012-1988-2,,confirmed,DIAMANTTRAUBE X PINOT,10.1007/s00122-012-1988-2,Lacombe 2013,10.1007/s00122-012-1988-2,
OLIVETTE BARTHELET,OLIVETTE BLANCHE,Parent 1,SSR,SSR,,,VIVC passport (via Lacombe 2013),10.1007/s00122-012-1988-2,,confirmed,OLIVETTE BLANCHE X BEBA,10.1007/s00122-012-1988-2,Lacombe 2013,10.1007/s00122-012-1988-2,
OLIVETTE BARTHELET,BEBA,Parent 2,SSR,SSR,,,VIVC passport (via Lacombe 2013),10.1007/s00122-012-1988-2,,confirmed,OLIVETTE BLANCHE X BEBA,10.1007/s00122-012-1988-2,Lacombe 2013,10.1007/s00122-012-1988-2,
OLKHOVSKII,COARNA ALBA,Parent 1,SSR,SSR,,,VIVC passport (pedigree confirmed by markers),10.1134/S2635167622050135,,confirmed,COARNA ALBA X BULANYI,10.1134/S2635167622050135,none,10.1134/S2635167622050135,10.1134/S2635167622050135
OLKHOVSKII,BULANYI,Parent 2,SSR,SSR,,,VIVC passport (pedigree confirmed by markers),10.1134/S2635167622050135,,confirmed,COARNA ALBA X BULANYI,10.1134/S2635167622050135,none,10.1134/S2635167622050135,10.1134/S2635167622050135
ONCHETTE,GOUAIS BLANC,Parent 1,SSR,SSR,,,VIVC passport (via Lacombe 2013),10.1007/s00122-012-1988-2,,confirmed,HEUNISCH WEISS X CHATUS,10.1007/s00122-012-1988-2,Lacombe 2013,10.1007/s00122-012-1988-2,
ONCHETTE,CHATUS,Parent 2,SSR,SSR,,,VIVC passport (via Lacombe 2013),10.1007/s00122-012-1988-2,,confirmed,HEUNISCH WEISS X CHATUS,10.1007/s00122-012-1988-2,Lacombe 2013,10.1007/s00122-012-1988-2,
ONTARIO,WINCHELL,Parent 1,SSR,SSR,,,VIVC passport (pedigree confirmed by markers),,,confirmed,WINCHELL X DIAMOND,,none,,
ONTARIO,DIAMOND,Parent 2,SSR,SSR,,,VIVC passport (pedigree confirmed by markers),,,confirmed,WINCHELL X DIAMOND,,none,,
OPSIMOS EDESSIS,ROSA MENNA DI VACCA,Parent 1,SSR,SSR,,,VIVC passport (via Lacombe & Emanuelli 2020; Lacombe 2013; Laucou 2018),10.1007/s00122-012-1988-2,,confirmed,ROSA MENNA DI VACCA X FERRAL = PRUNESTA ROSSO VIOLACEA,10.1007/s00122-012-1988-2; 10.1186/s12870-018-1576-y; 10.1371/journal.pone.0192540; 10.3389/fpls.2020.605934,Lacombe & Emanuelli 2020; Lacombe 2013; Laucou 2018,10.1007/s00122-012-1988-2,10.1186/s12870-018-1576-y
OPSIMOS EDESSIS,FERRAL = PRUNESTA ROSSO VIOLACEA,Parent 2,SSR,SSR,,,VIVC passport (via Lacombe & Emanuelli 2020; Lacombe 2013; Laucou 2018),10.1007/s00122-012-1988-2,,confirmed,ROSA MENNA DI VACCA X FERRAL = PRUNESTA ROSSO VIOLACEA,10.1007/s00122-012-1988-2; 10.1186/s12870-018-1576-y; 10.1371/journal.pone.0192540; 10.3389/fpls.2020.605934,Lacombe & Emanuelli 2020; Lacombe 2013; Laucou 2018,10.1007/s00122-012-1988-2,10.1186/s12870-018-1576-y
ORANIENSTEINER,RIESLING,Parent 1,SSR,SSR,,,VIVC passport (pedigree confirmed by markers),,,confirmed,RIESLING X SILVANER,,none,,
ORANIENSTEINER,SILVANER,Parent 2,SSR,SSR,,,VIVC passport (pedigree confirmed by markers),,,confirmed,RIESLING X SILVANER,,none,,
ORG TOKOS,MUSCAT ROUGE DE MADERE = MOSCATO VIOLETTO,Parent 1,SSR,SSR,,,VIVC passport (via Lacombe 2013),10.1007/s00122-012-1988-2,,confirmed,MUSCAT ROUGE DE MADERE = MOSCATO VIOLETTO X PRECOCE DE MALINGRE,10.1007/s00122-012-1988-2,Lacombe 2013,10.1007/s00122-012-1988-2,
ORG TOKOS,PRECOCE DE MALINGRE,Parent 2,SSR,SSR,,,VIVC passport (via Lacombe 2013),10.1007/s00122-012-1988-2,,confirmed,MUSCAT ROUGE DE MADERE = MOSCATO VIOLETTO X PRECOCE DE MALINGRE,10.1007/s00122-012-1988-2,Lacombe 2013,10.1007/s00122-012-1988-2,
ORLOVI NOKTI BELI,ROSA MENNA DIVACCA,Parent 1,SSR,SSR,,,VIVC passport (via Lacombe & Emanuelli 2020; Lacombe 2013; Laucou 2018),10.1007/s00122-012-1988-2,,confirmed,ROSA MENNA DIVACCA X TETA DE VACA,10.1007/s00122-012-1988-2; 10.1371/journal.pone.0192540; 10.3389/fpls.2020.605934,Lacombe & Emanuelli 2020; Lacombe 2013; Laucou 2018,10.1007/s00122-012-1988-2,
ORLOVI NOKTI BELI,TETA DE VACA,Parent 2,SSR,SSR,,,VIVC passport (via Lacombe & Emanuelli 2020; Lacombe 2013; Laucou 2018),10.1007/s00122-012-1988-2,,confirmed,ROSA MENNA DIVACCA X TETA DE VACA,10.1007/s00122-012-1988-2; 10.1371/journal.pone.0192540; 10.3389/fpls.2020.605934,Lacombe & Emanuelli 2020; Lacombe 2013; Laucou 2018,10.1007/s00122-012-1988-2,
ORTEGA,MUELLER THURGAU,Parent 1,SSR,SSR,,,VIVC passport (via Lacombe & Emanuelli 2020; Lacombe 2013; Laucou 2018),10.1007/s00122-012-1988-2,,confirmed,MUELLER THURGAU X SIEGERREBE,10.1007/s00122-012-1988-2; 10.1371/journal.pone.0192540; 10.3389/fpls.2020.605934,Lacombe & Emanuelli 2020; Lacombe 2013; Laucou 2018,10.1007/s00122-012-1988-2,
ORTEGA,SIEGERREBE,Parent 2,SSR,SSR,,,VIVC passport (via Lacombe & Emanuelli 2020; Lacombe 2013; Laucou 2018),10.1007/s00122-012-1988-2,,confirmed,MUELLER THURGAU X SIEGERREBE,10.1007/s00122-012-1988-2; 10.1371/journal.pone.0192540; 10.3389/fpls.2020.605934,Lacombe & Emanuelli 2020; Lacombe 2013; Laucou 2018,10.1007/s00122-012-1988-2,
OSENNII CHERNYI,KOZ OUZIOUM,Parent 1,SSR,SSR,,,VIVC passport (via Lacombe 2013),10.1007/s00122-012-1988-2,,confirmed,KOZ OUZIOUM X ASSYL KARA,10.1007/s00122-012-1988-2,Lacombe 2013,10.1007/s00122-012-1988-2,
OSENNII CHERNYI,ASSYL KARA,Parent 2,SSR,SSR,,,VIVC passport (via Lacombe 2013),10.1007/s00122-012-1988-2,,confirmed,KOZ OUZIOUM X ASSYL KARA,10.1007/s00122-012-1988-2,Lacombe 2013,10.1007/s00122-012-1988-2,
OSIRIS,RIESLING,Parent 1,SSR,SSR,,,VIVC passport (pedigree confirmed by markers),,,confirmed,RIESLING X MUELLER THURGAU,,none,,
OSIRIS,MUELLER THURGAU,Parent 2,SSR,SSR,,,VIVC passport (pedigree confirmed by markers),,,confirmed,RIESLING X MUELLER THURGAU,,none,,
OSTEINER,RIESLING,Parent 1,SSR,SSR,,,VIVC passport (via Lacombe & Emanuelli 2020; Lacombe 2013; Laucou 2018),10.1007/s00122-012-1988-2,,confirmed,RIESLING X SILVANER,10.1007/s00122-012-1988-2; 10.1371/journal.pone.0192540; 10.3389/fpls.2020.605934,Lacombe & Emanuelli 2020; Lacombe 2013; Laucou 2018,10.1007/s00122-012-1988-2,
OSTEINER,SILVANER,Parent 2,SSR,SSR,,,VIVC passport (via Lacombe & Emanuelli 2020; Lacombe 2013; Laucou 2018),10.1007/s00122-012-1988-2,,confirmed,RIESLING X SILVANER,10.1007/s00122-012-1988-2; 10.1371/journal.pone.0192540; 10.3389/fpls.2020.605934,Lacombe & Emanuelli 2020; Lacombe 2013; Laucou 2018,10.1007/s00122-012-1988-2,
OVIDIOPOLSKII,SEVERNII,Parent 1,SSR,SSR,,,VIVC passport (pedigree confirmed by markers),10.3103/S0095452718050031,,confirmed,SEVERNII X ODESKII STIIKII,10.3103/S0095452718050031,none,10.3103/S0095452718050031,10.3103/S0095452718050031
OVIDIOPOLSKII,ODESKII STIIKII,Parent 2,SSR,SSR,,,VIVC passport (pedigree confirmed by markers),10.3103/S0095452718050031,,confirmed,SEVERNII X ODESKII STIIKII,10.3103/S0095452718050031,none,10.3103/S0095452718050031,10.3103/S0095452718050031
OZANA,PERLE DE CSABA,Parent 1,SSR,SSR,,,VIVC passport (via Lacombe 2013),10.1007/s00122-012-1988-2,,confirmed,PERLE DE CSABA X AFUZ ALI,10.1007/s00122-012-1988-2,Lacombe 2013,10.1007/s00122-012-1988-2,
OZANA,AFUZ ALI,Parent 2,SSR,SSR,,,VIVC passport (via Lacombe 2013),10.1007/s00122-012-1988-2,,confirmed,PERLE DE CSABA X AFUZ ALI,10.1007/s00122-012-1988-2,Lacombe 2013,10.1007/s00122-012-1988-2,
DOURADINHA,AMARAL,Parent 1,SSR,SSR,,,VIVC passport (via Cunha 2020; Lacombe & Emanuelli 2020; Lacombe 2013; Laucou 2018),10.1007/s00122-012-1988-2,,confirmed,AMARAL X ALFROCHEIRO PRETO,10.1007/s00122-012-1988-2; 10.1371/journal.pone.0192540; 10.3389/fpls.2020.00127; 10.3389/fpls.2020.605934; 10.5073/vitis.2015.54.special-issue.59-65,Cunha 2020; Lacombe & Emanuelli 2020; Lacombe 2013; Laucou 2018,10.1007/s00122-012-1988-2,10.5073/vitis.2015.54.special-issue.59-65
DOURADINHA,ALFROCHEIRO PRETO,Parent 2,SSR,SSR,,,VIVC passport (via Cunha 2020; Lacombe & Emanuelli 2020; Lacombe 2013; Laucou 2018),10.1007/s00122-012-1988-2,,confirmed,AMARAL X ALFROCHEIRO PRETO,10.1007/s00122-012-1988-2; 10.1371/journal.pone.0192540; 10.3389/fpls.2020.00127; 10.3389/fpls.2020.605934; 10.5073/vitis.2015.54.special-issue.59-65,Cunha 2020; Lacombe & Emanuelli 2020; Lacombe 2013; Laucou 2018,10.1007/s00122-012-1988-2,10.5073/vitis.2015.54.special-issue.59-65
PALAVA,SAVAGNIN BLANC,Parent 1,SSR,SSR,,,VIVC passport (via Lacombe 2013),10.1007/s00122-012-1988-2,,confirmed,TRAMINER X MUELLER THURGAU,10.1007/s00122-012-1988-2,Lacombe 2013,10.1007/s00122-012-1988-2,
PALAVA,MUELLER THURGAU,Parent 2,SSR,SSR,,,VIVC passport (via Lacombe 2013),10.1007/s00122-012-1988-2,,confirmed,TRAMINER X MUELLER THURGAU,10.1007/s00122-012-1988-2,Lacombe 2013,10.1007/s00122-012-1988-2,
PALESTINA I,BICANE,Parent 1,SSR,SSR,,,VIVC passport (via Lacombe & Emanuelli 2020; Lacombe 2013; Laucou 2018),10.1007/s00122-012-1988-2,,confirmed,BICANE X LUGLIENGA BIANCA,10.1007/s00122-012-1988-2; 10.1371/journal.pone.0192540; 10.3389/fpls.2020.605934,Lacombe & Emanuelli 2020; Lacombe 2013; Laucou 2018,10.1007/s00122-012-1988-2,
PALESTINA I,LUGLIENGA BIANCA,Parent 2,SSR,SSR,,,VIVC passport (via Lacombe & Emanuelli 2020; Lacombe 2013; Laucou 2018),10.1007/s00122-012-1988-2,,confirmed,BICANE X LUGLIENGA BIANCA,10.1007/s00122-012-1988-2; 10.1371/journal.pone.0192540; 10.3389/fpls.2020.605934,Lacombe & Emanuelli 2020; Lacombe 2013; Laucou 2018,10.1007/s00122-012-1988-2,
PALESTINA II,VERJUS,Parent 1,SSR,SSR,,,VIVC passport (pedigree confirmed by markers),,,confirmed,VERJUS X PINOT,,none,,
PALESTINA II,PINOT,Parent 2,SSR,SSR,,,VIVC passport (pedigree confirmed by markers),,,confirmed,VERJUS X PINOT,,none,,
PALESTINA III,VERJUS,Parent 1,SSR,SSR,,,VIVC passport (pedigree confirmed by markers),,,confirmed,VERJUS X PINOT,,none,,
PALESTINA III,PINOT,Parent 2,SSR,SSR,,,VIVC passport (pedigree confirmed by markers),,,confirmed,VERJUS X PINOT,,none,,
PANNONIA KINCSE,CEGLED SZEPE,Parent 1,SSR,SSR,,,VIVC passport (via Lacombe 2013),10.1007/s00122-012-1988-2,,confirmed,CEGLED SZEPE X KOENIGIN DER WEINGAERTEN,10.1007/s00122-012-1988-2,Lacombe 2013,10.1007/s00122-012-1988-2,
PANNONIA KINCSE,KOENIGIN DER WEINGAERTEN,Parent 2,SSR,SSR,,,VIVC passport (via Lacombe 2013),10.1007/s00122-012-1988-2,,confirmed,CEGLED SZEPE X KOENIGIN DER WEINGAERTEN,10.1007/s00122-012-1988-2,Lacombe 2013,10.1007/s00122-012-1988-2,
PAPASKARASI,ALBA IMPUTOTATO,Parent 1,SSR,SSR,,,VIVC passport (via Lacombe & Emanuelli 2020; Lacombe 2013; Laucou 2018),10.1007/s00122-012-1988-2,,confirmed,ALBA IMPUTOTATO X PROKUPAC,10.1007/s00122-012-1988-2; 10.1371/journal.pone.0192540; 10.3389/fpls.2020.605934,Lacombe & Emanuelli 2020; Lacombe 2013; Laucou 2018,10.1007/s00122-012-1988-2,
PAPASKARASI,PROKUPAC,Parent 2,SSR,SSR,,,VIVC passport (via Lacombe & Emanuelli 2020; Lacombe 2013; Laucou 2018),10.1007/s00122-012-1988-2,,confirmed,ALBA IMPUTOTATO X PROKUPAC,10.1007/s00122-012-1988-2; 10.1371/journal.pone.0192540; 10.3389/fpls.2020.605934,Lacombe & Emanuelli 2020; Lacombe 2013; Laucou 2018,10.1007/s00122-012-1988-2,
PARDINA,CITRONELLE,Parent 1,SSR,SSR,,,VIVC passport (via Lacombe 2013),10.1007/s00122-012-1988-2,,confirmed,CITRONELLE X BLACK MONUKKA,10.1007/s00122-012-1988-2,Lacombe 2013,10.1007/s00122-012-1988-2,
PARDINA,BLACK MONUKKA,Parent 2,SSR,SSR,,,VIVC passport (via Lacombe 2013),10.1007/s00122-012-1988-2,,confirmed,CITRONELLE X BLACK MONUKKA,10.1007/s00122-012-1988-2,Lacombe 2013,10.1007/s00122-012-1988-2,
PASCALE DI CAGLIARI,HEBIEN,Parent 1,SSR,SSR,,,VIVC passport (via Lacombe 2013),10.1007/s00122-012-1988-2,,confirmed,HEBEN X MOURVEDRE = MONASTRELL,10.1007/s00122-012-1988-2,Lacombe 2013,10.1007/s00122-012-1988-2,
PASCALE DI CAGLIARI,MOURVEDRE = MONASTRELL,Parent 2,SSR,SSR,,,VIVC passport (via Lacombe 2013),10.1007/s00122-012-1988-2,,confirmed,HEBEN X MOURVEDRE = MONASTRELL,10.1007/s00122-012-1988-2,Lacombe 2013,10.1007/s00122-012-1988-2,
PASIGA,ALPHONSE LAVALLEE,Parent 1,SSR,SSR,,,VIVC passport (via Lacombe & Emanuelli 2020; Lacombe 2013; Laucou 2018),10.1007/s00122-012-1988-2,,confirmed,ALPHONSE LAVALLEE X SULTANINA,10.1007/s00122-012-1988-2; 10.1371/journal.pone.0192540; 10.3389/fpls.2020.605934,Lacombe & Emanuelli 2020; Lacombe 2013; Laucou 2018,10.1007/s00122-012-1988-2,
PASIGA,SULTANINA,Parent 2,SSR,SSR,,,VIVC passport (via Lacombe & Emanuelli 2020; Lacombe 2013; Laucou 2018),10.1007/s00122-012-1988-2,,confirmed,ALPHONSE LAVALLEE X SULTANINA,10.1007/s00122-012-1988-2; 10.1371/journal.pone.0192540; 10.3389/fpls.2020.605934,Lacombe & Emanuelli 2020; Lacombe 2013; Laucou 2018,10.1007/s00122-012-1988-2,
PASSAU,DOLCETTO,Parent 1,SSR,SSR,,,VIVC passport (via Lacombe & Emanuelli 2020),10.3389/fpls.2020.605934,,confirmed,DOLCETTO X CHATUS,10.1016/j.scienta.2017.02.044; 10.3389/fpls.2020.605934,Lacombe & Emanuelli 2020,10.1016/j.scienta.2017.02.044,10.1016/j.scienta.2017.02.044
PASSAU,CHATUS,Parent 2,SSR,SSR,,,VIVC passport (via Lacombe & Emanuelli 2020),10.3389/fpls.2020.605934,,confirmed,DOLCETTO X CHATUS,10.1016/j.scienta.2017.02.044; 10.3389/fpls.2020.605934,Lacombe & Emanuelli 2020,10.1016/j.scienta.2017.02.044,10.1016/j.scienta.2017.02.044
PATE NOIR,MUNSON,Parent 1,SSR,SSR,,,VIVC passport (pedigree confirmed by markers),,,confirmed,MUNSON X RAISINE,,none,,
PATE NOIR,RAISINE,Parent 2,SSR,SSR,,,VIVC passport (pedigree confirmed by markers),,,confirmed,MUNSON X RAISINE,,none,,
PAULISTINHA,NIAGARA BRANCA,Parent 1,SSR,SSR,,,VIVC passport (pedigree confirmed by markers),10.1371/journal.pone.0240665,,confirmed,NIAGARA BRANCA X SULTANINA,10.1371/journal.pone.0240665,none,10.1371/journal.pone.0240665,10.1371/journal.pone.0240665
PAULISTINHA,SULTANINA,Parent 2,SSR,SSR,,,VIVC passport (pedigree confirmed by markers),10.1371/journal.pone.0240665,,confirmed,NIAGARA BRANCA X SULTANINA,10.1371/journal.pone.0240665,none,10.1371/journal.pone.0240665,10.1371/journal.pone.0240665
PAULSEN 764,BERLANDIERI RESSEGUIER 2,Parent 1,SSR,SSR,,,VIVC passport (via Migliaro 2019),10.5344/ajev.2019.18054,,confirmed,BERLANDIERI RESSEGUIER 2 X RUPESTRIS DU LOT,10.5344/ajev.2019.18054,Migliaro 2019,10.5344/ajev.2019.18054,
PAULSEN 764,RUPESTRIS DU LOT,Parent 2,SSR,SSR,,,VIVC passport (via Migliaro 2019),10.5344/ajev.2019.18054,,confirmed,BERLANDIERI RESSEGUIER 2 X RUPESTRIS DU LOT,10.5344/ajev.2019.18054,Migliaro 2019,10.5344/ajev.2019.18054,
PAULSEN 775,BERLANDIERI RESSIGUIER 2,Parent 1,SSR,SSR,,,VIVC passport (via Migliaro 2019),10.5344/ajev.2019.18054,,confirmed,BERLANDIERI RESSIGUIER 2 X RUPESTRIS DU LOT,10.1007/s00122-019-03320-5; 10.5344/ajev.2019.18054,Migliaro 2019,10.1007/s00122-019-03320-5,10.1007/s00122-019-03320-5
PAULSEN 775,RUPESTRIS DU LOT,Parent 2,SSR,SSR,,,VIVC passport (via Migliaro 2019),10.5344/ajev.2019.18054,,confirmed,BERLANDIERI RESSIGUIER 2 X RUPESTRIS DU LOT,10.1007/s00122-019-03320-5; 10.5344/ajev.2019.18054,Migliaro 2019,10.1007/s00122-019-03320-5,10.1007/s00122-019-03320-5
PAULSEN 779,BERLANDIERI RESSEGUIER 2,Parent 1,SSR,SSR,,,VIVC passport (via Migliaro 2019),10.5344/ajev.2019.18054,,confirmed,BERLANDIERI RESSEGUIER 2 X RUPESTRIS DU LOT,10.5344/ajev.2019.18054,Migliaro 2019,10.5344/ajev.2019.18054,
PAULSEN 779,RUPESTRIS DU LOT,Parent 2,SSR,SSR,,,VIVC passport (via Migliaro 2019),10.5344/ajev.2019.18054,,confirmed,BERLANDIERI RESSEGUIER 2 X RUPESTRIS DU LOT,10.5344/ajev.2019.18054,Migliaro 2019,10.5344/ajev.2019.18054,
PAULSEN 782,BERLANDIERI RESSEGUIER 2,Parent 1,SSR,SSR,,,VIVC passport (via Migliaro 2019),10.5344/ajev.2019.18054,,confirmed,BERLANDIERI RESSEGUIER 2 X RUPESTRIS DU LOT,10.5344/ajev.2019.18054,Migliaro 2019,10.5344/ajev.2019.18054,
PAULSEN 782,RUPESTRIS DU LOT,Parent 2,SSR,SSR,,,VIVC passport (via Migliaro 2019),10.5344/ajev.2019.18054,,confirmed,BERLANDIERI RESSEGUIER 2 X RUPESTRIS DU LOT,10.5344/ajev.2019.18054,Migliaro 2019,10.5344/ajev.2019.18054,
PAULSEN 1045,BERLANDIERI RESSEGUIER 2,Parent 1,SSR,SSR,,,VIVC passport (via Migliaro 2019),10.5344/ajev.2019.18054,,confirmed,BERLANDIERI RESSEGUIER 2 X RUPESTRIS DU LOT,10.1007/s00122-019-03320-5; 10.5344/ajev.2019.18054,Migliaro 2019,10.1007/s00122-019-03320-5,10.1007/s00122-019-03320-5
PAULSEN 1045,RUPESTRIS DU LOT,Parent 2,SSR,SSR,,,VIVC passport (via Migliaro 2019),10.5344/ajev.2019.18054,,confirmed,BERLANDIERI RESSEGUIER 2 X RUPESTRIS DU LOT,10.1007/s00122-019-03320-5; 10.5344/ajev.2019.18054,Migliaro 2019,10.1007/s00122-019-03320-5,10.1007/s00122-019-03320-5
PAULSEN 1103,BERLANDIERI RESSEGUIER 2,Parent 1,SSR,SSR,,,VIVC passport (via Migliaro 2019),10.5344/ajev.2019.18054,,confirmed,BERLANDIERI RESSEGUIER 2 X RUPESTRIS DU LOT,10.1007/s00122-019-03320-5; 10.5344/ajev.2019.18054,Migliaro 2019,10.1007/s00122-019-03320-5,10.1007/s00122-019-03320-5
PAULSEN 1103,RUPESTRIS DU LOT,Parent 2,SSR,SSR,,,VIVC passport (via Migliaro 2019),10.5344/ajev.2019.18054,,confirmed,BERLANDIERI RESSEGUIER 2 X RUPESTRIS DU LOT,10.1007/s00122-019-03320-5; 10.5344/ajev.2019.18054,Migliaro 2019,10.1007/s00122-019-03320-5,10.1007/s00122-019-03320-5
PAULSEN 1119,BERLANDIERI RESSEGUIER 2,Parent 1,SSR,SSR,,,VIVC passport (via Migliaro 2019),10.5344/ajev.2019.18054,,confirmed,BERLANDIERI RESSEGUIER 2 X 1202 COUDERC,10.5344/ajev.2019.18054,Migliaro 2019,10.5344/ajev.2019.18054,
PAULSEN 1119,1202 COUDERC,Parent 2,SSR,SSR,,,VIVC passport (via Migliaro 2019),10.5344/ajev.2019.18054,,confirmed,BERLANDIERI RESSEGUIER 2 X 1202 COUDERC,10.5344/ajev.2019.18054,Migliaro 2019,10.5344/ajev.2019.18054,
PAULSEN 1331,BERLANDIERI RESSEGUIER 2,Parent 1,SSR,SSR,,,VIVC passport (via Migliaro 2019),10.5344/ajev.2019.18054,,confirmed,BERLANDIERI RESSEGUIER 2 X RUPESTRIS MARTIN,10.5344/ajev.2019.18054,Migliaro 2019,10.5344/ajev.2019.18054,
PAULSEN 1331,RUPESTRIS MARTIN,Parent 2,SSR,SSR,,,VIVC passport (via Migliaro 2019),10.5344/ajev.2019.18054,,confirmed,BERLANDIERI RESSEGUIER 2 X RUPESTRIS MARTIN,10.5344/ajev.2019.18054,Migliaro 2019,10.5344/ajev.2019.18054,
PAULSEN 1447,BERLANDIERI RESSEGUIER 2,Parent 1,SSR,SSR,,,VIVC passport (via Migliaro 2019),10.5344/ajev.2019.18054,,confirmed,BERLANDIERI RESSEGUIER 2 X RUPESTRIS DU LOT,10.5344/ajev.2019.18054,Migliaro 2019,10.5344/ajev.2019.18054,
PAULSEN 1447,RUPESTRIS DU LOT,Parent 2,SSR,SSR,,,VIVC passport (via Migliaro 2019),10.5344/ajev.2019.18054,,confirmed,BERLANDIERI RESSEGUIER 2 X RUPESTRIS DU LOT,10.5344/ajev.2019.18054,Migliaro 2019,10.5344/ajev.2019.18054,
PECSI SZAGOS,COARNA ALBA,Parent 1,SSR,SSR,,,VIVC passport (via Lacombe 2013),10.1007/s00122-012-1988-2,,confirmed,COARNA ALBA X MUSCAT A PETITS GRAINS,10.1007/s00122-012-1988-2,Lacombe 2013,10.1007/s00122-012-1988-2,
PECSI SZAGOS,MUSCAT A PETITS GRAINS,Parent 2,SSR,SSR,,,VIVC passport (via Lacombe 2013),10.1007/s00122-012-1988-2,,confirmed,COARNA ALBA X MUSCAT A PETITS GRAINS,10.1007/s00122-012-1988-2,Lacombe 2013,10.1007/s00122-012-1988-2,
PEJAC GROS,BOUCHALES,Parent 1,SSR,SSR,,,VIVC passport (via Lacombe 2013),10.1007/s00122-012-1988-2,,confirmed,BOUCHALES X VALDIGUIE PISSAIRE,10.1007/s00122-012-1988-2,Lacombe 2013,10.1007/s00122-012-1988-2,
PEJAC GROS,VALDIGUIE PISSAIRE,Parent 2,SSR,SSR,,,VIVC passport (via Lacombe 2013),10.1007/s00122-012-1988-2,,confirmed,BOUCHALES X VALDIGUIE PISSAIRE,10.1007/s00122-012-1988-2,Lacombe 2013,10.1007/s00122-012-1988-2,
PERDEA,RAFFIAT DE MONCADE,Parent 1,SSR,SSR,,,VIVC passport (via Lacombe 2013),10.1007/s00122-012-1988-2,,confirmed,RAFFIAT DE MONCADE X CHARDONNAY,10.1007/s00122-012-1988-2,Lacombe 2013,10.1007/s00122-012-1988-2,
PERDEA,CHARDONNAY,Parent 2,SSR,SSR,,,VIVC passport (via Lacombe 2013),10.1007/s00122-012-1988-2,,confirmed,RAFFIAT DE MONCADE X CHARDONNAY,10.1007/s00122-012-1988-2,Lacombe 2013,10.1007/s00122-012-1988-2,
PERGRANDIS,MUSCAT D'ALEXANDRIE,Parent 1,SSR,SSR,,,VIVC passport (via Lacombe 2013),10.1007/s00122-012-1988-2,,confirmed,MUSCAT D'ALEXANDRIE X CHASSELAS,10.1007/s00122-012-1988-2,Lacombe 2013,10.1007/s00122-012-1988-2,
PERGRANDIS,CHASSELAS,Parent 2,SSR,SSR,,,VIVC passport (via Lacombe 2013),10.1007/s00122-012-1988-2,,confirmed,MUSCAT D'ALEXANDRIE X CHASSELAS,10.1007/s00122-012-1988-2,Lacombe 2013,10.1007/s00122-012-1988-2,
PERLAUT,CINSAUT,Parent 1,SSR,SSR,,,VIVC passport (via Lacombe 2013),10.1007/s00122-012-1988-2,,confirmed,CINSAUT X PERLE VON CSABA,10.1007/s00122-012-1988-2,Lacombe 2013,10.1007/s00122-012-1988-2,
PERLAUT,PERLE VON CSABA,Parent 2,SSR,SSR,,,VIVC passport (via Lacombe 2013),10.1007/s00122-012-1988-2,,confirmed,CINSAUT X PERLE VON CSABA,10.1007/s00122-012-1988-2,Lacombe 2013,10.1007/s00122-012-1988-2,
PERLE,SAVAGNIN = TRAMINER,Parent 1,SSR,SSR,,,VIVC passport (via Lacombe 2013),10.1007/s00122-012-1988-2,,confirmed,SAVAGNIN = TRAMINER X  MUELLER THURGAU,10.1007/s00122-012-1988-2,Lacombe 2013,10.1007/s00122-012-1988-2,
PERLE,MUELLER THURGAU,Parent 2,SSR,SSR,,,VIVC passport (via Lacombe 2013),10.1007/s00122-012-1988-2,,confirmed,SAVAGNIN = TRAMINER X  MUELLER THURGAU,10.1007/s00122-012-1988-2,Lacombe 2013,10.1007/s00122-012-1988-2,
PERLE NOIRE,MUSCAT HAMBURG,Parent 1,SSR,SSR,,,VIVC passport (pedigree confirmed by markers),,,confirmed,MUSCAT HAMBURG X SEYVE VILLARD 12- 358,,none,,
PERLE NOIRE,SEYVE VILLARD 12- 358,Parent 2,SSR,SSR,,,VIVC passport (pedigree confirmed by markers),,,confirmed,MUSCAT HAMBURG X SEYVE VILLARD 12- 358,,none,,
CSABA GYOENGYE,MADELEINE ANGEVINE,Parent 1,SSR,SSR,,,VIVC passport (via Lacombe 2013; Margaryan 2021),10.1007/s00122-012-1988-2,,confirmed,MADELEINE ANGEVINE X MUSCAT FLEUR D'ORANGER,10.1007/s00122-012-1988-2; 10.3103/S0095452718050031; 10.3390/biology10121279,Lacombe 2013; Margaryan 2021,10.1007/s00122-012-1988-2,10.3103/S0095452718050031
CSABA GYOENGYE,MUSCAT FLEUR D'ORANGER,Parent 2,SSR,SSR,,,VIVC passport (via Lacombe 2013; Margaryan 2021),10.1007/s00122-012-1988-2,,confirmed,MADELEINE ANGEVINE X MUSCAT FLEUR D'ORANGER,10.1007/s00122-012-1988-2; 10.3103/S0095452718050031; 10.3390/biology10121279,Lacombe 2013; Margaryan 2021,10.1007/s00122-012-1988-2,10.3103/S0095452718050031
PERLETTE,KOENIGIN DER WEINGAERTEN,Parent 1,SSR,SSR,,,VIVC passport (via Cipriani 2010; Lacombe 2013),10.1007/s00122-012-1988-2,,confirmed,KOENIGIN DER WEINGAERTEN X SULTANINA,10.1007/s00122-010-1411-9; 10.1007/s00122-012-1988-2,Cipriani 2010; Lacombe 2013,10.1007/s00122-010-1411-9,
PERLETTE,SULTANINA,Parent 2,SSR,SSR,,,VIVC passport (via Cipriani 2010; Lacombe 2013),10.1007/s00122-012-1988-2,,confirmed,KOENIGIN DER WEINGAERTEN X SULTANINA,10.1007/s00122-010-1411-9; 10.1007/s00122-012-1988-2,Cipriani 2010; Lacombe 2013,10.1007/s00122-010-1411-9,
PERLON,EMPEROR,Parent 1,SSR,SSR,,,VIVC passport (via Lacombe 2013),10.1007/s00122-012-1988-2,,confirmed,EMPEROR X PERLETTE,10.1007/s00122-012-1988-2,Lacombe 2013,10.1007/s00122-012-1988-2,
PERLON,PERLETTE,Parent 2,SSR,SSR,,,VIVC passport (via Lacombe 2013),10.1007/s00122-012-1988-2,,confirmed,EMPEROR X PERLETTE,10.1007/s00122-012-1988-2,Lacombe 2013,10.1007/s00122-012-1988-2,
PERLONA,BICANE,Parent 1,SSR,SSR,,,VIVC passport (via Lacombe 2013),10.1007/s00122-012-1988-2,,confirmed,BICANE X MUSCAT HAMBURG,10.1007/s00122-012-1988-2,Lacombe 2013,10.1007/s00122-012-1988-2,
PERLONA,MUSCAT HAMBURG,Parent 2,SSR,SSR,,,VIVC passport (via Lacombe 2013),10.1007/s00122-012-1988-2,,confirmed,BICANE X MUSCAT HAMBURG,10.1007/s00122-012-1988-2,Lacombe 2013,10.1007/s00122-012-1988-2,
PERVENETS PRASKOVEISKII,GUIRAH,Parent 1,SSR,SSR,,,VIVC passport (via Lacombe 2013),10.1007/s00122-012-1988-2,,confirmed,GUIRAH X KHALILI BELYI,10.1007/s00122-012-1988-2,Lacombe 2013,10.1007/s00122-012-1988-2,
PERVENETS PRASKOVEISKII,KHALILI BELYI,Parent 2,SSR,SSR,,,VIVC passport (via Lacombe 2013),10.1007/s00122-012-1988-2,,confirmed,GUIRAH X KHALILI BELYI,10.1007/s00122-012-1988-2,Lacombe 2013,10.1007/s00122-012-1988-2,
PEURION,GOUAIS BLANC,Parent 1,SSR,SSR,,,VIVC passport (via Lacombe 2013),10.1007/s00122-012-1988-2,,confirmed,HEUNISCH WEISS X PINOT,10.1007/s00122-012-1988-2; 10.1126/science.285.5433.1562,Lacombe 2013,10.1007/s00122-012-1988-2,10.1126/science.285.5433.1562
PEURION,PINOT,Parent 2,SSR,SSR,,,VIVC passport (via Lacombe 2013),10.1007/s00122-012-1988-2,,confirmed,HEUNISCH WEISS X PINOT,10.1007/s00122-012-1988-2; 10.1126/science.285.5433.1562,Lacombe 2013,10.1007/s00122-012-1988-2,10.1126/science.285.5433.1562
PHOENIX,BACCHUS WEISS,Parent 1,SSR,SSR,,,VIVC passport (pedigree confirmed by markers),,,confirmed,BACCHUS WEISS X VILLARD BLANC,,none,,
PHOENIX,VILLARD BLANC,Parent 2,SSR,SSR,,,VIVC passport (pedigree confirmed by markers),,,confirmed,BACCHUS WEISS X VILLARD BLANC,,none,,
PICADOUL NOIR,S.V. 12375,Parent 1,SSR,SSR,,,VIVC passport (pedigree confirmed by markers),,,confirmed,S.V. 12375 X CINSAUT,,none,,
PICADOUL NOIR,CINSAUT,Parent 2,SSR,SSR,,,VIVC passport (pedigree confirmed by markers),,,confirmed,S.V. 12375 X CINSAUT,,none,,
PICCOLA NERA,GOUAIS BLANC,Parent 1,SSR,SSR,,,VIVC passport (via Lacombe 2013),10.1007/s00122-012-1988-2,,confirmed,HEUNISCH WEISS X VULPEA,10.1007/s00122-012-1988-2; 10.1038/s41598-020-64061-w,Lacombe 2013,10.1007/s00122-012-1988-2,10.1038/s41598-020-64061-w
PICCOLA NERA,VULPEA,Parent 2,SSR,SSR,,,VIVC passport (via Lacombe 2013),10.1007/s00122-012-1988-2,,confirmed,HEUNISCH WEISS X VULPEA,10.1007/s00122-012-1988-2; 10.1038/s41598-020-64061-w,Lacombe 2013,10.1007/s00122-012-1988-2,10.1038/s41598-020-64061-w
PIERRELLE,MUSCAT HAMBURG,Parent 1,SSR,SSR,,,VIVC passport (pedigree confirmed by markers),,,confirmed,MUSCAT HAMBURG X VILLARD BLANC,,none,,
PIERRELLE,VILLARD BLANC,Parent 2,SSR,SSR,,,VIVC passport (pedigree confirmed by markers),,,confirmed,MUSCAT HAMBURG X VILLARD BLANC,,none,,
PINARD,MILLARDET ET GRASSET 101 O.P.,Parent 1,SSR,SSR,,,VIVC passport (pedigree confirmed by markers),,,confirmed,MILLARDET ET GRASSET  101 O.P. X GOLDRIESLING,,none,,
PINARD,GOLDRIESLING,Parent 2,SSR,SSR,,,VIVC passport (pedigree confirmed by markers),,,confirmed,MILLARDET ET GRASSET  101 O.P. X GOLDRIESLING,,none,,
PINCE'S BLACK,BLACK MOROCCO,Parent 1,SSR,SSR,,,VIVC passport (via Lacombe 2013),10.1007/s00122-012-1988-2,,confirmed,BLACK MOROCCO X MUSCAT D'ALEXANDRIE,10.1007/s00122-012-1988-2; 10.1007/s11295-014-0746-9,Lacombe 2013,10.1007/s00122-012-1988-2,10.1007/s11295-014-0746-9
PINCE'S BLACK,MUSCAT D'ALEXANDRIE,Parent 2,SSR,SSR,,,VIVC passport (via Lacombe 2013),10.1007/s00122-012-1988-2,,confirmed,BLACK MOROCCO X MUSCAT D'ALEXANDRIE,10.1007/s00122-012-1988-2; 10.1007/s11295-014-0746-9,Lacombe 2013,10.1007/s00122-012-1988-2,10.1007/s11295-014-0746-9
PINOTAGE,CINSAUT,Parent 1,SSR,SSR,,,VIVC passport (via Lacombe & Emanuelli 2020; Lacombe 2013; Laucou 2018),10.1007/s00122-012-1988-2,,confirmed,CINSAUT X PINOT,10.1007/s00122-012-1988-2; 10.1371/journal.pone.0192540; 10.3389/fpls.2020.605934,Lacombe & Emanuelli 2020; Lacombe 2013; Laucou 2018,10.1007/s00122-012-1988-2,
PINOTAGE,PINOT,Parent 2,SSR,SSR,,,VIVC passport (via Lacombe & Emanuelli 2020; Lacombe 2013; Laucou 2018),10.1007/s00122-012-1988-2,,confirmed,CINSAUT X PINOT,10.1007/s00122-012-1988-2; 10.1371/journal.pone.0192540; 10.3389/fpls.2020.605934,Lacombe & Emanuelli 2020; Lacombe 2013; Laucou 2018,10.1007/s00122-012-1988-2,
PIQUEPOUL BOUSCHET,PIQUEPOUL,Parent 1,SSR,SSR,,,VIVC passport (via Lacombe 2013),10.1007/s00122-012-1988-2,,confirmed,PIQUEPOUL X BOUSCHET PETIT,10.1007/s00122-012-1988-2,Lacombe 2013,10.1007/s00122-012-1988-2,
PIQUEPOUL BOUSCHET,BOUSCHET PETIT,Parent 2,SSR,SSR,,,VIVC passport (via Lacombe 2013),10.1007/s00122-012-1988-2,,confirmed,PIQUEPOUL X BOUSCHET PETIT,10.1007/s00122-012-1988-2,Lacombe 2013,10.1007/s00122-012-1988-2,
ARANEL,GRENACHE NOIR,Parent 1,SSR,SSR,,,VIVC passport (via Lacombe 2013),10.1007/s00122-012-1988-2,,confirmed,GRENACHE X ST.PIERRE DORE,10.1007/s00122-012-1988-2,Lacombe 2013,10.1007/s00122-012-1988-2,
ARANEL,ST.PIERRE DORE,Parent 2,SSR,SSR,,,VIVC passport (via Lacombe 2013),10.1007/s00122-012-1988-2,,confirmed,GRENACHE X ST.PIERRE DORE,10.1007/s00122-012-1988-2,Lacombe 2013,10.1007/s00122-012-1988-2,
GRAVESAC,COUDERC 161-49,Parent 1,SSR,SSR,,,VIVC passport (via Migliaro 2019),10.5344/ajev.2019.18054,,confirmed,COUDERC 161-49 X COUDERC 3309,10.5344/ajev.2019.18054,Migliaro 2019,10.5344/ajev.2019.18054,
GRAVESAC,COUDERC 3309,Parent 2,SSR,SSR,,,VIVC passport (via Migliaro 2019),10.5344/ajev.2019.18054,,confirmed,COUDERC 161-49 X COUDERC 3309,10.5344/ajev.2019.18054,Migliaro 2019,10.5344/ajev.2019.18054,
PIROVANO 15,BELLINO,Parent 1,SSR,SSR,,,VIVC passport (pedigree confirmed by markers),,,confirmed,BELLINO X MALINGRE PRECOCE,,none,,
PIROVANO 15,MALINGRE PRECOCE,Parent 2,SSR,SSR,,,VIVC passport (pedigree confirmed by markers),,,confirmed,BELLINO X MALINGRE PRECOCE,,none,,
PIROVANO 16,BELLINO,Parent 1,SSR,SSR,,,VIVC passport (pedigree confirmed by markers),,,confirmed,BELLINO X MALINGRE PRECOCE,,none,,
PIROVANO 16,MALINGRE PRECOCE,Parent 2,SSR,SSR,,,VIVC passport (pedigree confirmed by markers),,,confirmed,BELLINO X MALINGRE PRECOCE,,none,,
FRUTTUOSA,TETA DE VACA,Parent 1,SSR,SSR,,,VIVC passport (via Lacombe 2013),10.1007/s00122-012-1988-2,,confirmed,TETA DE VACA X CITRONELLE,10.1007/s00122-012-1988-2,Lacombe 2013,10.1007/s00122-012-1988-2,
FRUTTUOSA,CITRONELLE,Parent 2,SSR,SSR,,,VIVC passport (via Lacombe 2013),10.1007/s00122-012-1988-2,,confirmed,TETA DE VACA X CITRONELLE,10.1007/s00122-012-1988-2,Lacombe 2013,10.1007/s00122-012-1988-2,
PIROVANO 93,ANGELO PIROVANO,Parent 1,SSR,SSR,,,VIVC passport (pedigree confirmed by markers),,,confirmed,ANGELO PIROVANO X VERDEA,,none,,
PIROVANO 93,VERDEA,Parent 2,SSR,SSR,,,VIVC passport (pedigree confirmed by markers),,,confirmed,ANGELO PIROVANO X VERDEA,,none,,
PIROVANO 159,DELIZIA DI VAPRIO,Parent 1,SSR,SSR,,,VIVC passport (pedigree confirmed by markers),,,confirmed,DELIZIA DI VAPRIO X ANGELO PIROVANO,,none,,
PIROVANO 159,ANGELO PIROVANO,Parent 2,SSR,SSR,,,VIVC passport (pedigree confirmed by markers),,,confirmed,DELIZIA DI VAPRIO X ANGELO PIROVANO,,none,,
PIROVANO 188,DELIZIA DI VAPRIO,Parent 1,SSR,SSR,,,VIVC passport (pedigree confirmed by markers),,,confirmed,DELIZIA DI VAPRIO X ANGELO PIROVANO,,none,,
PIROVANO 188,ANGELO PIROVANO,Parent 2,SSR,SSR,,,VIVC passport (pedigree confirmed by markers),,,confirmed,DELIZIA DI VAPRIO X ANGELO PIROVANO,,none,,
PIROVANO 190,DELIZIA DI VAPRIO,Parent 1,SSR,SSR,,,VIVC passport (via Lacombe 2013),10.1007/s00122-012-1988-2,,confirmed,DELIZIA DI VAPRIO X ANGELO PIROVANO,10.1007/s00122-012-1988-2,Lacombe 2013,10.1007/s00122-012-1988-2,
PIROVANO 190,ANGELO PIROVANO,Parent 2,SSR,SSR,,,VIVC passport (via Lacombe 2013),10.1007/s00122-012-1988-2,,confirmed,DELIZIA DI VAPRIO X ANGELO PIROVANO,10.1007/s00122-012-1988-2,Lacombe 2013,10.1007/s00122-012-1988-2,
PIROVANO 235,FRANKENTHAL,Parent 1,SSR,SSR,,,VIVC passport (pedigree confirmed by markers),,,confirmed,FRANKENTHAL X DELIZIA DI VAPRIO,,none,,
PIROVANO 235,DELIZIA DI VAPRIO,Parent 2,SSR,SSR,,,VIVC passport (pedigree confirmed by markers),,,confirmed,FRANKENTHAL X DELIZIA DI VAPRIO,,none,,
DELIZIA GIALLA,MUSCAT DE HAMBOURG,Parent 1,SSR,SSR,,,VIVC passport (via Lacombe 2013),10.1007/s00122-012-1988-2,,confirmed,MUSCAT DE HAMBOURG X CICLOPICA,10.1007/s00122-012-1988-2,Lacombe 2013,10.1007/s00122-012-1988-2,
DELIZIA GIALLA,CICLOPICA,Parent 2,SSR,SSR,,,VIVC passport (via Lacombe 2013),10.1007/s00122-012-1988-2,,confirmed,MUSCAT DE HAMBOURG X CICLOPICA,10.1007/s00122-012-1988-2,Lacombe 2013,10.1007/s00122-012-1988-2,
PIROVANO 315,MADELEINE ANGEVINE,Parent 1,SSR,SSR,,,VIVC passport (pedigree confirmed by markers),,,confirmed,MADELEINE ANGEVINE X DELIZIA DI VAPRIO,,none,,
PIROVANO 315,DELIZIA DI VAPRIO,Parent 2,SSR,SSR,,,VIVC passport (pedigree confirmed by markers),,,confirmed,MADELEINE ANGEVINE X DELIZIA DI VAPRIO,,none,,
PIROVANO 531,KHARISTVALA KOLKHURI,Parent 1,SSR,SSR,,,VIVC passport (pedigree confirmed by markers),,,confirmed,KHARISTVALA KOLKHURI X BARBABLEU,,none,,
PIROVANO 531,BARBABLEU,Parent 2,SSR,SSR,,,VIVC passport (pedigree confirmed by markers),,,confirmed,KHARISTVALA KOLKHURI X BARBABLEU,,none,,
MOSCATO TIAMMOR,PIROVANO 190,Parent 1,SSR,SSR,,,VIVC passport (via Lacombe 2013),10.1007/s00122-012-1988-2,,confirmed,PIROVANO 190 X PRINCIPESSA DI PIEMONTE,10.1007/s00122-012-1988-2,Lacombe 2013,10.1007/s00122-012-1988-2,
MOSCATO TIAMMOR,PRINCIPESSA DI PIEMONTE,Parent 2,SSR,SSR,,,VIVC passport (via Lacombe 2013),10.1007/s00122-012-1988-2,,confirmed,PIROVANO 190 X PRINCIPESSA DI PIEMONTE,10.1007/s00122-012-1988-2,Lacombe 2013,10.1007/s00122-012-1988-2,
PIZZUTELLO NERO,CORNICHON BLANC,Parent 1,SSR,SSR,,,VIVC passport (via Lacombe 2013),10.1007/s00122-012-1988-2,,confirmed,CORNICHON BLANC X PRUNE DE CAZOULS,10.1007/s00122-012-1988-2,Lacombe 2013,10.1007/s00122-012-1988-2,
PIZZUTELLO NERO,PRUNE DE CAZOULS,Parent 2,SSR,SSR,,,VIVC passport (via Lacombe 2013),10.1007/s00122-012-1988-2,,confirmed,CORNICHON BLANC X PRUNE DE CAZOULS,10.1007/s00122-012-1988-2,Lacombe 2013,10.1007/s00122-012-1988-2,
PLANT DE FLASSANS,GROS VERT,Parent 1,SSR,SSR,,,VIVC passport (pedigree confirmed by markers),,,confirmed,GROS VERT X MOURVEDRE = MONASTRELL,,none,,
PLANT DE FLASSANS,MOURVEDRE = MONASTRELL,Parent 2,SSR,SSR,,,VIVC passport (pedigree confirmed by markers),,,confirmed,GROS VERT X MOURVEDRE = MONASTRELL,,none,,
PLANTA NOVA,HEPTAKILO,Parent 1,SSR,SSR,,,VIVC passport (via Lacombe & Emanuelli 2020; Lacombe 2013; Laucou 2018),10.1007/s00122-012-1988-2,,confirmed,HEPTAKILO X ROYAL,10.1007/s00122-012-1988-2; 10.1371/journal.pone.0192540; 10.3389/fpls.2020.605934,Lacombe & Emanuelli 2020; Lacombe 2013; Laucou 2018,10.1007/s00122-012-1988-2,
PLANTA NOVA,ROYAL,Parent 2,SSR,SSR,,,VIVC passport (via Lacombe & Emanuelli 2020; Lacombe 2013; Laucou 2018),10.1007/s00122-012-1988-2,,confirmed,HEPTAKILO X ROYAL,10.1007/s00122-012-1988-2; 10.1371/journal.pone.0192540; 10.3389/fpls.2020.605934,Lacombe & Emanuelli 2020; Lacombe 2013; Laucou 2018,10.1007/s00122-012-1988-2,
PLAVAIE,BEALA DEBELA,Parent 1,SSR,SSR,,,VIVC passport (via Lacombe 2013),10.1007/s00122-012-1988-2,,confirmed,BEALA DEBELA X ZEMOASA = TIMPURIE,10.1007/s00122-012-1988-2,Lacombe 2013,10.1007/s00122-012-1988-2,
PLAVAIE,ZEMOASA = TIMPURIE,Parent 2,SSR,SSR,,,VIVC passport (via Lacombe 2013),10.1007/s00122-012-1988-2,,confirmed,BEALA DEBELA X ZEMOASA = TIMPURIE,10.1007/s00122-012-1988-2,Lacombe 2013,10.1007/s00122-012-1988-2,
PLAVINA CRNA,PRIMITIVO,Parent 1,SSR,SSR,,,VIVC passport (via Cipriani 2010; Lacombe & Emanuelli 2020; Lacombe 2013; Laucou 2018),10.1007/s00122-012-1988-2,,confirmed,PRIMITIVO X VERDECA,10.1007/s00122-010-1411-9; 10.1007/s00122-012-1988-2; 10.1038/s41598-020-71918-7; 10.1371/journal.pone.0192540; 10.3389/fpls.2020.605934; 10.3390/genes11070737,Cipriani 2010; Lacombe & Emanuelli 2020; Lacombe 2013; Laucou 2018,10.1007/s00122-010-1411-9,10.1038/s41598-020-71918-7; 10.3390/genes11070737
PLAVINA CRNA,VERDECA,Parent 2,SSR,SSR,,,VIVC passport (via Cipriani 2010; Lacombe & Emanuelli 2020; Lacombe 2013; Laucou 2018),10.1007/s00122-012-1988-2,,confirmed,PRIMITIVO X VERDECA,10.1007/s00122-010-1411-9; 10.1007/s00122-012-1988-2; 10.1038/s41598-020-71918-7; 10.1371/journal.pone.0192540; 10.3389/fpls.2020.605934; 10.3390/genes11070737,Cipriani 2010; Lacombe & Emanuelli 2020; Lacombe 2013; Laucou 2018,10.1007/s00122-010-1411-9,10.1038/s41598-020-71918-7; 10.3390/genes11070737
PLECHISTIK,TZIMLIANSKY BELYE,Parent 1,SSR,SSR,,,VIVC passport (via Lacombe 2013),10.1007/s00122-012-1988-2,,confirmed,TZIMLIANSKY BELYE X KRASNOSTOP ZOLOTOVSKII,10.1007/s00122-012-1988-2,Lacombe 2013,10.1007/s00122-012-1988-2,
PLECHISTIK,KRASNOSTOP ZOLOTOVSKII,Parent 2,SSR,SSR,,,VIVC passport (via Lacombe 2013),10.1007/s00122-012-1988-2,,confirmed,TZIMLIANSKY BELYE X KRASNOSTOP ZOLOTOVSKII,10.1007/s00122-012-1988-2,Lacombe 2013,10.1007/s00122-012-1988-2,
POBEDA,AHMAR DERANI,Parent 1,SSR,SSR,,,VIVC passport (via Lacombe 2013),10.1007/s00122-012-1988-2,,confirmed,AHMAR DERANI X MUSCAT HAMBURG,10.1007/s00122-012-1988-2,Lacombe 2013,10.1007/s00122-012-1988-2,
POBEDA,MUSCAT HAMBURG,Parent 2,SSR,SSR,,,VIVC passport (via Lacombe 2013),10.1007/s00122-012-1988-2,,confirmed,AHMAR DERANI X MUSCAT HAMBURG,10.1007/s00122-012-1988-2,Lacombe 2013,10.1007/s00122-012-1988-2,
POLKOVNIK IZYUM,MISGULI KARA,Parent 1,SSR,SSR,,,VIVC passport (via Lacombe 2013),10.1007/s00122-012-1988-2,,confirmed,MISGULI KARA X EKIM KARA FAUX,10.1007/s00122-012-1988-2,Lacombe 2013,10.1007/s00122-012-1988-2,
POLKOVNIK IZYUM,EKIM KARA FAUX,Parent 2,SSR,SSR,,,VIVC passport (via Lacombe 2013),10.1007/s00122-012-1988-2,,confirmed,MISGULI KARA X EKIM KARA FAUX,10.1007/s00122-012-1988-2,Lacombe 2013,10.1007/s00122-012-1988-2,
POMORIISKI BISER,MISKET CHERVEN,Parent 1,SSR,SSR,,,VIVC passport (pedigree confirmed by markers),,,confirmed,MISKET CHERVEN X S.V. 12375,,none,,
POMORIISKI BISER,S.V. 12375,Parent 2,SSR,SSR,,,VIVC passport (pedigree confirmed by markers),,,confirmed,MISKET CHERVEN X S.V. 12375,,none,,
MOSCARGO,CASTELAO,Parent 1,SSR,SSR,,,VIVC passport (via Cunha 2020),10.3389/fpls.2020.00127,,confirmed,CASTELAO X MUSCAT HAMBURG,10.3389/fpls.2020.00127,Cunha 2020,10.3389/fpls.2020.00127,
MOSCARGO,MUSCAT HAMBURG,Parent 2,SSR,SSR,,,VIVC passport (via Cunha 2020),10.3389/fpls.2020.00127,,confirmed,CASTELAO X MUSCAT HAMBURG,10.3389/fpls.2020.00127,Cunha 2020,10.3389/fpls.2020.00127,
PORTAN,GRENACHE NOIR,Parent 1,SSR,SSR,,,VIVC passport (via Lacombe 2013),10.1007/s00122-012-1988-2,,confirmed,GRENACHE X PORTUGIESER BLAU,10.1007/s00122-012-1988-2,Lacombe 2013,10.1007/s00122-012-1988-2,
PORTAN,PORTUGIESER BLAU,Parent 2,SSR,SSR,,,VIVC passport (via Lacombe 2013),10.1007/s00122-012-1988-2,,confirmed,GRENACHE X PORTUGIESER BLAU,10.1007/s00122-012-1988-2,Lacombe 2013,10.1007/s00122-012-1988-2,
PORTUGIESER BLAU,ZIMMETTRAUBE BLAU,Parent 1,SSR,SSR,,,VIVC passport (pedigree confirmed by markers),10.5073/vitis.2016.55.135-143,,confirmed,ZIMMETTRAUBE BLAU X SILVANER GRUEN,10.5073/vitis.2016.55.135-143,none,10.5073/vitis.2016.55.135-143,10.5073/vitis.2016.55.135-143
PORTUGIESER BLAU,SILVANER GRUEN,Parent 2,SSR,SSR,,,VIVC passport (pedigree confirmed by markers),10.5073/vitis.2016.55.135-143,,confirmed,ZIMMETTRAUBE BLAU X SILVANER GRUEN,10.5073/vitis.2016.55.135-143,none,10.5073/vitis.2016.55.135-143,10.5073/vitis.2016.55.135-143
PRACA,RABIGATO,Parent 1,SSR,SSR,,,VIVC passport (via Cunha 2020),10.3389/fpls.2020.00127,,confirmed,RABIGATO X CASTELLANA BLANCA,10.3389/fpls.2020.00127,Cunha 2020,10.3389/fpls.2020.00127,
PRACA,CASTELLANA BLANCA,Parent 2,SSR,SSR,,,VIVC passport (via Cunha 2020),10.3389/fpls.2020.00127,,confirmed,RABIGATO X CASTELLANA BLANCA,10.3389/fpls.2020.00127,Cunha 2020,10.3389/fpls.2020.00127,
PRACHTTRAUBE,GORDIN = ALIMCHAK,Parent 1,SSR,SSR,,,VIVC passport (via Lacombe 2013),10.1007/s00122-012-1988-2,,confirmed,GORDIN = ALIMCHAK X MADELEINE ROYALE,10.1007/s00122-012-1988-2,Lacombe 2013,10.1007/s00122-012-1988-2,
PRACHTTRAUBE,MADELEINE ROYALE,Parent 2,SSR,SSR,,,VIVC passport (via Lacombe 2013),10.1007/s00122-012-1988-2,,confirmed,GORDIN = ALIMCHAK X MADELEINE ROYALE,10.1007/s00122-012-1988-2,Lacombe 2013,10.1007/s00122-012-1988-2,
PRESIDENT CARNOT,MADELEINE ANGEVINE,Parent 1,SSR,SSR,,,VIVC passport (via Lacombe 2013),10.1007/s00122-012-1988-2,,confirmed,MADELEINE ANGEVINE X RIESLING,10.1007/s00122-012-1988-2,Lacombe 2013,10.1007/s00122-012-1988-2,
PRESIDENT CARNOT,RIESLING,Parent 2,SSR,SSR,,,VIVC passport (via Lacombe 2013),10.1007/s00122-012-1988-2,,confirmed,MADELEINE ANGEVINE X RIESLING,10.1007/s00122-012-1988-2,Lacombe 2013,10.1007/s00122-012-1988-2,
PRETO MARTINHO,MOURISCO TINTO = MARUFO,Parent 1,SSR,SSR,,,VIVC passport (via Cunha 2020; Lacombe 2013),10.1007/s00122-012-1988-2,,confirmed,MOURISCO TINTO = MARUFO X TINTA GROSSA D'ALENTEJO,10.1007/s00122-012-1988-2; 10.3389/fpls.2020.00127,Cunha 2020; Lacombe 2013,10.1007/s00122-012-1988-2,
PRETO MARTINHO,TINTA GROSSA D'ALENTEJO,Parent 2,SSR,SSR,,,VIVC passport (via Cunha 2020; Lacombe 2013),10.1007/s00122-012-1988-2,,confirmed,MOURISCO TINTO = MARUFO X TINTA GROSSA D'ALENTEJO,10.1007/s00122-012-1988-2; 10.3389/fpls.2020.00127,Cunha 2020; Lacombe 2013,10.1007/s00122-012-1988-2,
PRIGODNYI,SEVERNYI,Parent 1,SSR,SSR,,,VIVC passport (pedigree confirmed by markers),,,confirmed,SEVERNYI X MUSCAT A PETITS GRAINS BLANCS,,none,,
PRIGODNYI,MUSCAT A PETITS GRAINS BLANCS,Parent 2,SSR,SSR,,,VIVC passport (pedigree confirmed by markers),,,confirmed,SEVERNYI X MUSCAT A PETITS GRAINS BLANCS,,none,,
PRIMAVERA,CASTELAO,Parent 1,SSR,SSR,,,VIVC passport (via Cunha 2020),10.3389/fpls.2020.00127,,confirmed,CASTELAO X ALICANTE HENRI BOUSCHET,10.3389/fpls.2020.00127,Cunha 2020,10.3389/fpls.2020.00127,
PRIMAVERA,ALICANTE HENRI BOUSCHET,Parent 2,SSR,SSR,,,VIVC passport (via Cunha 2020),10.3389/fpls.2020.00127,,confirmed,CASTELAO X ALICANTE HENRI BOUSCHET,10.3389/fpls.2020.00127,Cunha 2020,10.3389/fpls.2020.00127,
PRIMIERA,MADELEINE ANGEVINE,Parent 1,SSR,SSR,,,VIVC passport (via Lacombe 2013),10.1007/s00122-012-1988-2,,confirmed,MADELEINE ANGEVINE X DELIZIA DI VAPRIO,10.1007/s00122-012-1988-2,Lacombe 2013,10.1007/s00122-012-1988-2,
PRIMIERA,DELIZIA DI VAPRIO,Parent 2,SSR,SSR,,,VIVC passport (via Lacombe 2013),10.1007/s00122-012-1988-2,,confirmed,MADELEINE ANGEVINE X DELIZIA DI VAPRIO,10.1007/s00122-012-1988-2,Lacombe 2013,10.1007/s00122-012-1988-2,
PRIMUS,MADELEINE ANGEVINE,Parent 1,SSR,SSR,,,VIVC passport (pedigree confirmed by markers),,,confirmed,MADELEINE ANGEVINE X FERDINAND DE LESSEPS,,none,,
PRIMUS,FERDINAND DE LESSEPS,Parent 2,SSR,SSR,,,VIVC passport (pedigree confirmed by markers),,,confirmed,MADELEINE ANGEVINE X FERDINAND DE LESSEPS,,none,,
PRINCEPS,MUSCAT HAMBURG,Parent 1,SSR,SSR,,,VIVC passport (via Lacombe 2013),10.1007/s00122-012-1988-2,,confirmed,MUSCAT HAMBURG X KHARISTVALA KOLKHURI,10.1007/s00122-012-1988-2,Lacombe 2013,10.1007/s00122-012-1988-2,
PRINCEPS,KHARISTVALA KOLKHURI,Parent 2,SSR,SSR,,,VIVC passport (via Lacombe 2013),10.1007/s00122-012-1988-2,,confirmed,MUSCAT HAMBURG X KHARISTVALA KOLKHURI,10.1007/s00122-012-1988-2,Lacombe 2013,10.1007/s00122-012-1988-2,
PRINCIPESSA DI PIEMONTE,PIROVANO 59,Parent 1,SSR,SSR,,,VIVC passport (via Lacombe 2013),10.1007/s00122-012-1988-2,,confirmed,PIROVANO 59 X ZIBIBBO,10.1007/s00122-012-1988-2,Lacombe 2013,10.1007/s00122-012-1988-2,
PRINCIPESSA DI PIEMONTE,ZIBIBBO,Parent 2,SSR,SSR,,,VIVC passport (via Lacombe 2013),10.1007/s00122-012-1988-2,,confirmed,PIROVANO 59 X ZIBIBBO,10.1007/s00122-012-1988-2,Lacombe 2013,10.1007/s00122-012-1988-2,
PRODIGIOSA,BICANE,Parent 1,SSR,SSR,,,VIVC passport (via Lacombe 2013),10.1007/s00122-012-1988-2,,confirmed,BICANE X HEPTAKILO,10.1007/s00122-012-1988-2,Lacombe 2013,10.1007/s00122-012-1988-2,
PRODIGIOSA,HEPTAKILO,Parent 2,SSR,SSR,,,VIVC passport (via Lacombe 2013),10.1007/s00122-012-1988-2,,confirmed,BICANE X HEPTAKILO,10.1007/s00122-012-1988-2,Lacombe 2013,10.1007/s00122-012-1988-2,
PROSPERI 285,MOSCATO DI TERRACINA,Parent 1,SSR,SSR,,,VIVC passport (pedigree confirmed by markers),,,confirmed,MOSCATO DI TERRACINA X MUSCAT OF ALEXANDRIA,,none,,
PROSPERI 285,MUSCAT OF ALEXANDRIA,Parent 2,SSR,SSR,,,VIVC passport (pedigree confirmed by markers),,,confirmed,MOSCATO DI TERRACINA X MUSCAT OF ALEXANDRIA,,none,,
PUKHLYAKOVSKII CHERNYI,COARNA ALBA,Parent 1,SSR,SSR,,,VIVC passport (pedigree confirmed by markers),10.1134/S2635167622050135,,confirmed,COARNA ALBA X BULANYI,10.1134/S2635167622050135,none,10.1134/S2635167622050135,10.1134/S2635167622050135
PUKHLYAKOVSKII CHERNYI,BULANYI,Parent 2,SSR,SSR,,,VIVC passport (pedigree confirmed by markers),10.1134/S2635167622050135,,confirmed,COARNA ALBA X BULANYI,10.1134/S2635167622050135,none,10.1134/S2635167622050135,10.1134/S2635167622050135
QUEBRANTA,MISSION,Parent 1,SSR,SSR,,,VIVC passport (via Lacombe 2013),10.1007/s00122-012-1988-2,,confirmed,MISSION X NEGRA MOLE,10.1007/s00122-012-1988-2; 10.1016/j.tig.2006.07.008; 10.1111/ajgw.12282,Lacombe 2013,10.1007/s00122-012-1988-2,10.1016/j.tig.2006.07.008; 10.1111/ajgw.12282
QUEBRANTA,NEGRA MOLE,Parent 2,SSR,SSR,,,VIVC passport (via Lacombe 2013),10.1007/s00122-012-1988-2,,confirmed,MISSION X NEGRA MOLE,10.1007/s00122-012-1988-2; 10.1016/j.tig.2006.07.008; 10.1111/ajgw.12282,Lacombe 2013,10.1007/s00122-012-1988-2,10.1016/j.tig.2006.07.008; 10.1111/ajgw.12282
QUEEN,MUSCAT HAMBURG,Parent 1,SSR,SSR,,,VIVC passport (via Cipriani 2010; Lacombe 2013),10.1007/s00122-012-1988-2,,confirmed,MUSCAT HAMBURG X SULTANINA,10.1007/s00122-010-1411-9; 10.1007/s00122-012-1988-2,Cipriani 2010; Lacombe 2013,10.1007/s00122-010-1411-9,
QUEEN,SULTANINA,Parent 2,SSR,SSR,,,VIVC passport (via Cipriani 2010; Lacombe 2013),10.1007/s00122-012-1988-2,,confirmed,MUSCAT HAMBURG X SULTANINA,10.1007/s00122-010-1411-9; 10.1007/s00122-012-1988-2,Cipriani 2010; Lacombe 2013,10.1007/s00122-010-1411-9,
QUIEBRATINAJAS TINTO,CASTELLANA BLANCA,Parent 1,SSR,SSR,,,VIVC passport (via Lacombe & Emanuelli 2020; Laucou 2018),10.3389/fpls.2020.605934,,confirmed,CASTELLANA BLANCA X BREVAL NEGRO,10.1371/journal.pone.0192540; 10.3389/fpls.2020.605934,Lacombe & Emanuelli 2020; Laucou 2018,10.1371/journal.pone.0192540,
QUIEBRATINAJAS TINTO,BREVAL NEGRO,Parent 2,SSR,SSR,,,VIVC passport (via Lacombe & Emanuelli 2020; Laucou 2018),10.3389/fpls.2020.605934,,confirmed,CASTELLANA BLANCA X BREVAL NEGRO,10.1371/journal.pone.0192540; 10.3389/fpls.2020.605934,Lacombe & Emanuelli 2020; Laucou 2018,10.1371/journal.pone.0192540,
RABANER,MUELLER-THURGAU,Parent 1,SSR,SSR,,,VIVC passport (pedigree confirmed by markers),,,confirmed,MUELLER-THURGAU X WEISSER GUTEDEL,,none,,
RABANER,WEISSER GUTEDEL,Parent 2,SSR,SSR,,,VIVC passport (pedigree confirmed by markers),,,confirmed,MUELLER-THURGAU X WEISSER GUTEDEL,,none,,
RABIGATO MORENO,HEBIEN,Parent 1,SSR,SSR,,,VIVC passport (via Cunha 2020),10.3389/fpls.2020.00127,,confirmed,HEBEN X RABIGATO,10.3389/fpls.2020.00127; 10.5073/vitis.2015.54.special-issue.81-86,Cunha 2020,10.3389/fpls.2020.00127,10.5073/vitis.2015.54.special-issue.81-86
RABIGATO MORENO,RABIGATO,Parent 2,SSR,SSR,,,VIVC passport (via Cunha 2020),10.3389/fpls.2020.00127,,confirmed,HEBEN X RABIGATO,10.3389/fpls.2020.00127; 10.5073/vitis.2015.54.special-issue.81-86,Cunha 2020,10.3389/fpls.2020.00127,10.5073/vitis.2015.54.special-issue.81-86
RABOSO VERONESE,RABOSO PIAVE,Parent 1,SSR,SSR,,,VIVC passport (pedigree confirmed by markers),10.5344/ajev.2016.16068,,confirmed,RABOSO PIAVE X MARZEMINA BIANCA,10.1038/s41598-020-64061-w; 10.1139/G08-064; 10.20870/oeno-one.2021.55.3.4628; 10.5344/ajev.2016.16068,none,10.1038/s41598-020-64061-w,10.1038/s41598-020-64061-w; 10.1139/G08-064; 10.20870/oeno-one.2021.55.3.4628; 10.5344/ajev.2016.16068
RABOSO VERONESE,MARZEMINA BIANCA,Parent 2,SSR,SSR,,,VIVC passport (pedigree confirmed by markers),10.5344/ajev.2016.16068,,confirmed,RABOSO PIAVE X MARZEMINA BIANCA,10.1038/s41598-020-64061-w; 10.1139/G08-064; 10.20870/oeno-one.2021.55.3.4628; 10.5344/ajev.2016.16068,none,10.1038/s41598-020-64061-w,10.1038/s41598-020-64061-w; 10.1139/G08-064; 10.20870/oeno-one.2021.55.3.4628; 10.5344/ajev.2016.16068
RAFFIAT DE MONCADE,GUAIS BLANC = HEUNISCH WEISS,Parent 1,SSR,SSR,,,VIVC passport (via Lacombe 2013),10.1007/s00122-012-1988-2,,confirmed,GUAIS BLANC = HEUNISCH WEISS X BOUCHALES,10.1007/s00122-012-1988-2,Lacombe 2013,10.1007/s00122-012-1988-2,
RAFFIAT DE MONCADE,BOUCHALES,Parent 2,SSR,SSR,,,VIVC passport (via Lacombe 2013),10.1007/s00122-012-1988-2,,confirmed,GUAIS BLANC = HEUNISCH WEISS X BOUCHALES,10.1007/s00122-012-1988-2,Lacombe 2013,10.1007/s00122-012-1988-2,
RAINHA,CHANCELLOR,Parent 1,SSR,SSR,,,VIVC passport (pedigree confirmed by markers),10.1371/journal.pone.0240665,,confirmed,CHANCELLOR X PINOT NOIR,10.1371/journal.pone.0240665,none,10.1371/journal.pone.0240665,10.1371/journal.pone.0240665
RAINHA,PINOT NOIR,Parent 2,SSR,SSR,,,VIVC passport (pedigree confirmed by markers),10.1371/journal.pone.0240665,,confirmed,CHANCELLOR X PINOT NOIR,10.1371/journal.pone.0240665,none,10.1371/journal.pone.0240665,10.1371/journal.pone.0240665
RAISAINE,RIBIER NOIR,Parent 1,SSR,SSR,,,VIVC passport (via Lacombe 2013),10.1007/s00122-012-1988-2,,confirmed,RIBIER NOIR X GREC ROUGE,10.1007/s00122-012-1988-2,Lacombe 2013,10.1007/s00122-012-1988-2,
RAISAINE,GREC ROUGE,Parent 2,SSR,SSR,,,VIVC passport (via Lacombe 2013),10.1007/s00122-012-1988-2,,confirmed,RIBIER NOIR X GREC ROUGE,10.1007/s00122-012-1988-2,Lacombe 2013,10.1007/s00122-012-1988-2,
RAMI,COLOMBARD,Parent 1,SSR,SSR,,,VIVC passport (via Lacombe 2013),10.1007/s00122-012-1988-2,,confirmed,COLOMBARD X SAINT-EMILION,10.1007/s00122-012-1988-2,Lacombe 2013,10.1007/s00122-012-1988-2,
RAMI,SAINT-EMILION,Parent 2,SSR,SSR,,,VIVC passport (via Lacombe 2013),10.1007/s00122-012-1988-2,,confirmed,COLOMBARD X SAINT-EMILION,10.1007/s00122-012-1988-2,Lacombe 2013,10.1007/s00122-012-1988-2,
RANFOL BELI,GOUAIS BLANC = HEUNISCH WEISS,Parent 1,SSR,SSR,,,VIVC passport (via Lacombe 2013),10.1007/s00122-012-1988-2,,confirmed,GOUAIS BLANC = HEUNISCH WEISS X BLANK BLAUER = VULPEA,10.1007/s00122-012-1988-2; 10.3390/genes11070737,Lacombe 2013,10.1007/s00122-012-1988-2,10.3390/genes11070737
RANFOL BELI,BLANK BLAUER = VULPEA,Parent 2,SSR,SSR,,,VIVC passport (via Lacombe 2013),10.1007/s00122-012-1988-2,,confirmed,GOUAIS BLANC = HEUNISCH WEISS X BLANK BLAUER = VULPEA,10.1007/s00122-012-1988-2; 10.3390/genes11070737,Lacombe 2013,10.1007/s00122-012-1988-2,10.3390/genes11070737
RANNII VIRA,CHAOUCH BLANC,Parent 1,SSR,SSR,,,VIVC passport (via Lacombe & Emanuelli 2020; Lacombe 2013; Laucou 2018),10.1007/s00122-012-1988-2,,confirmed,CHAOUCH BLANC X KISHMISH CHERNYI,10.1007/s00122-012-1988-2; 10.1371/journal.pone.0192540; 10.3389/fpls.2020.605934,Lacombe & Emanuelli 2020; Lacombe 2013; Laucou 2018,10.1007/s00122-012-1988-2,
RANNII VIRA,KISHMISH CHERNYI,Parent 2,SSR,SSR,,,VIVC passport (via Lacombe & Emanuelli 2020; Lacombe 2013; Laucou 2018),10.1007/s00122-012-1988-2,,confirmed,CHAOUCH BLANC X KISHMISH CHERNYI,10.1007/s00122-012-1988-2; 10.1371/journal.pone.0192540; 10.3389/fpls.2020.605934,Lacombe & Emanuelli 2020; Lacombe 2013; Laucou 2018,10.1007/s00122-012-1988-2,
RARA ALBA,SCHIRAS DR. HOUDBINE,Parent 1,SSR,SSR,,,VIVC passport (via Lacombe 2013),10.1007/s00122-012-1988-2,,confirmed,SCHIRAS DR. HOUDBINE X CHASSELAS,10.1007/s00122-012-1988-2,Lacombe 2013,10.1007/s00122-012-1988-2,
RARA ALBA,CHASSELAS,Parent 2,SSR,SSR,,,VIVC passport (via Lacombe 2013),10.1007/s00122-012-1988-2,,confirmed,SCHIRAS DR. HOUDBINE X CHASSELAS,10.1007/s00122-012-1988-2,Lacombe 2013,10.1007/s00122-012-1988-2,
RASSEGUI,HEPTAKILO,Parent 1,SSR,SSR,,,VIVC passport (via Lacombe & Emanuelli 2020; Lacombe 2013; Laucou 2018),10.1007/s00122-012-1988-2,,confirmed,HEPTAKILO X MAYORQUIN = FARANA,10.1007/s00122-012-1988-2; 10.1371/journal.pone.0192540; 10.3389/fpls.2020.605934,Lacombe & Emanuelli 2020; Lacombe 2013; Laucou 2018,10.1007/s00122-012-1988-2,
RASSEGUI,MAYORQUIN = FARANA,Parent 2,SSR,SSR,,,VIVC passport (via Lacombe & Emanuelli 2020; Lacombe 2013; Laucou 2018),10.1007/s00122-012-1988-2,,confirmed,HEPTAKILO X MAYORQUIN = FARANA,10.1007/s00122-012-1988-2; 10.1371/journal.pone.0192540; 10.3389/fpls.2020.605934,Lacombe & Emanuelli 2020; Lacombe 2013; Laucou 2018,10.1007/s00122-012-1988-2,
RATINHO,ARINTO DO DAO,Parent 1,SSR,SSR,,,VIVC passport (via Cunha 2020; Lacombe 2013),10.1007/s00122-012-1988-2,,confirmed,ARINTO DO DAO X SIRIA,10.1007/s00122-012-1988-2; 10.1007/s001220051291; 10.3389/fpls.2020.00127,Cunha 2020; Lacombe 2013,10.1007/s00122-012-1988-2,10.1007/s001220051291
RATINHO,SIRIA,Parent 2,SSR,SSR,,,VIVC passport (via Cunha 2020; Lacombe 2013),10.1007/s00122-012-1988-2,,confirmed,ARINTO DO DAO X SIRIA,10.1007/s00122-012-1988-2; 10.1007/s001220051291; 10.3389/fpls.2020.00127,Cunha 2020; Lacombe 2013,10.1007/s00122-012-1988-2,10.1007/s001220051291
RAVAT BLANC,SEIBEL 8724,Parent 1,SSR,SSR,,,VIVC passport (pedigree confirmed by markers),,,confirmed,SEIBEL 8724 X PLANTET,,none,,
RAVAT BLANC,PLANTET,Parent 2,SSR,SSR,,,VIVC passport (pedigree confirmed by markers),,,confirmed,SEIBEL 8724 X PLANTET,,none,,
RAVAT NOIR,SEIBEL 8365,Parent 1,SSR,SSR,,,VIVC passport (pedigree confirmed by markers),,,confirmed,SEIBEL 8365 X SEIBEL 8616,,none,,
RAVAT NOIR,SEIBEL 8616,Parent 2,SSR,SSR,,,VIVC passport (pedigree confirmed by markers),,,confirmed,SEIBEL 8365 X SEIBEL 8616,,none,,
RAYON D'OR,SEIBEL 405,Parent 1,SSR,SSR,,,VIVC passport (pedigree confirmed by markers),,,confirmed,SEIBEL 405 X SEIBEL  867,,none,,
RAYON D'OR,SEIBEL 867,Parent 2,SSR,SSR,,,VIVC passport (pedigree confirmed by markers),,,confirmed,SEIBEL 405 X SEIBEL  867,,none,,
RAZDANI,KARMIR KAKHANI,Parent 1,SSR,SSR,,,VIVC passport (via Lacombe 2013),10.1007/s00122-012-1988-2,,confirmed,KARMIR KAKHANI X VOSKEAT,10.1007/s00122-012-1988-2,Lacombe 2013,10.1007/s00122-012-1988-2,
RAZDANI,VOSKEAT,Parent 2,SSR,SSR,,,VIVC passport (via Lacombe 2013),10.1007/s00122-012-1988-2,,confirmed,KARMIR KAKHANI X VOSKEAT,10.1007/s00122-012-1988-2,Lacombe 2013,10.1007/s00122-012-1988-2,
REBO,MERLOT,Parent 1,SSR,SSR,,,VIVC passport (via Lacombe 2013),10.1007/s00122-012-1988-2,,confirmed,MERLOT X TEROLDEGO,10.1007/s00122-012-1988-2,Lacombe 2013,10.1007/s00122-012-1988-2,
REBO,TEROLDEGO,Parent 2,SSR,SSR,,,VIVC passport (via Lacombe 2013),10.1007/s00122-012-1988-2,,confirmed,MERLOT X TEROLDEGO,10.1007/s00122-012-1988-2,Lacombe 2013,10.1007/s00122-012-1988-2,
RED MAY,BICANE,Parent 1,SSR,SSR,,,VIVC passport (via Lacombe 2013),10.1007/s00122-012-1988-2,,confirmed,BICANE X MUSCAT DE HAMBOURG,10.1007/s00122-012-1988-2,Lacombe 2013,10.1007/s00122-012-1988-2,
RED MAY,MUSCAT DE HAMBOURG,Parent 2,SSR,SSR,,,VIVC passport (via Lacombe 2013),10.1007/s00122-012-1988-2,,confirmed,BICANE X MUSCAT DE HAMBOURG,10.1007/s00122-012-1988-2,Lacombe 2013,10.1007/s00122-012-1988-2,
REDORA,PEDRO XIMENEZ,Parent 1,SSR,SSR,,,VIVC passport (pedigree confirmed by markers),,,confirmed,PEDRO XIMENEZ X PALOMINO FINO,,none,,
REDORA,PALOMINO FINO,Parent 2,SSR,SSR,,,VIVC passport (pedigree confirmed by markers),,,confirmed,PEDRO XIMENEZ X PALOMINO FINO,,none,,
REFLEX,PANNONIA KINCSE,Parent 1,SSR,SSR,,,VIVC passport (pedigree confirmed by markers),,,confirmed,PANNONIA KINCSE X SEIBEL 5279,,none,,
REFLEX,SEIBEL 5279,Parent 2,SSR,SSR,,,VIVC passport (pedigree confirmed by markers),,,confirmed,PANNONIA KINCSE X SEIBEL 5279,,none,,
REFORM,ZALA GYOENGYE,Parent 1,SSR,SSR,,,VIVC passport (pedigree confirmed by markers),,,confirmed,ZALA GYOENGYE X AURORE,,none,,
REFORM,AURORE,Parent 2,SSR,SSR,,,VIVC passport (pedigree confirmed by markers),,,confirmed,ZALA GYOENGYE X AURORE,,none,,
REFREN,GLORIA HUNGARIAE,Parent 1,SSR,SSR,,,VIVC passport (pedigree confirmed by markers),,,confirmed,GLORIA HUNGARIAE X SEIBEL 5279,,none,,
REFREN,SEIBEL 5279,Parent 2,SSR,SSR,,,VIVC passport (pedigree confirmed by markers),,,confirmed,GLORIA HUNGARIAE X SEIBEL 5279,,none,,
REGALE,PARENT 1 WAS NOT CONFIRMED,Parent 1,SSR,SSR,,,VIVC passport (pedigree confirmed by markers),10.21273/JASHS.133.4.559,,confirmed,PARENT 1 WAS NOT CONFIRMED X MAGNOLIA,10.21273/JASHS.133.4.559,none,10.21273/JASHS.133.4.559,10.21273/JASHS.133.4.559
REGALE,MAGNOLIA,Parent 2,SSR,SSR,,,VIVC passport (pedigree confirmed by markers),10.21273/JASHS.133.4.559,,confirmed,PARENT 1 WAS NOT CONFIRMED X MAGNOLIA,10.21273/JASHS.133.4.559,none,10.21273/JASHS.133.4.559,10.21273/JASHS.133.4.559
REGNER,MUSCAT D'EISENSTADT,Parent 1,SSR,SSR,,,VIVC passport (via Lacombe 2013),10.1007/s00122-012-1988-2,,confirmed,MUSCAT D'EISENSTADT X MUELLER THURGAU,10.1007/s00122-012-1988-2,Lacombe 2013,10.1007/s00122-012-1988-2,
REGNER,MUELLER THURGAU,Parent 2,SSR,SSR,,,VIVC passport (via Lacombe 2013),10.1007/s00122-012-1988-2,,confirmed,MUSCAT D'EISENSTADT X MUELLER THURGAU,10.1007/s00122-012-1988-2,Lacombe 2013,10.1007/s00122-012-1988-2,
RELIANCE,ONTARIO,Parent 1,SSR,SSR,,,VIVC passport (pedigree confirmed by markers),,,confirmed,ONTARIO X SUFFOLK RED,,none,,
RELIANCE,SUFFOLK RED,Parent 2,SSR,SSR,,,VIVC passport (pedigree confirmed by markers),,,confirmed,ONTARIO X SUFFOLK RED,,none,,
RIBOL,OLIVETTE BLANC,Parent 1,SSR,SSR,,,VIVC passport (via Lacombe 2013),10.1007/s00122-012-1988-2,,confirmed,OLIVETTE BLANC X ALPHONSE LAVALLEE,10.1007/s00122-012-1988-2,Lacombe 2013,10.1007/s00122-012-1988-2,
RIBOL,ALPHONSE LAVALLEE,Parent 2,SSR,SSR,,,VIVC passport (via Lacombe 2013),10.1007/s00122-012-1988-2,,confirmed,OLIVETTE BLANC X ALPHONSE LAVALLEE,10.1007/s00122-012-1988-2,Lacombe 2013,10.1007/s00122-012-1988-2,
RICHTER 31,BERLANDIERI RESSEGUIER 2,Parent 1,SSR,SSR,,,VIVC passport (via Migliaro 2019),10.5344/ajev.2019.18054,,confirmed,BERLANDIERI RESSEGUIER 2 X NOVO MEXICANA,10.5344/ajev.2019.18054,Migliaro 2019,10.5344/ajev.2019.18054,
RICHTER 31,NOVO MEXICANA,Parent 2,SSR,SSR,,,VIVC passport (via Migliaro 2019),10.5344/ajev.2019.18054,,confirmed,BERLANDIERI RESSEGUIER 2 X NOVO MEXICANA,10.5344/ajev.2019.18054,Migliaro 2019,10.5344/ajev.2019.18054,
RICHTER 44,BERLANDIERI RESSEGUIER 2,Parent 1,SSR,SSR,,,VIVC passport (via Migliaro 2019),10.5344/ajev.2019.18054,,confirmed,BERLANDIERI RESSEGUIER 2 X RUPESTRIS MARTIN,10.5344/ajev.2019.18054,Migliaro 2019,10.5344/ajev.2019.18054,
RICHTER 44,RUPESTRIS MARTIN,Parent 2,SSR,SSR,,,VIVC passport (via Migliaro 2019),10.5344/ajev.2019.18054,,confirmed,BERLANDIERI RESSEGUIER 2 X RUPESTRIS MARTIN,10.5344/ajev.2019.18054,Migliaro 2019,10.5344/ajev.2019.18054,
RICHTER 57,BERLANDIERI RESSEGUIER 1,Parent 1,SSR,SSR,,,VIVC passport (via Migliaro 2019),10.5344/ajev.2019.18054,,confirmed,BERLANDIERI RESSEGUIER 1 X RUPESTRIS MARTIN,10.5344/ajev.2019.18054,Migliaro 2019,10.5344/ajev.2019.18054,
RICHTER 57,RUPESTRIS MARTIN,Parent 2,SSR,SSR,,,VIVC passport (via Migliaro 2019),10.5344/ajev.2019.18054,,confirmed,BERLANDIERI RESSEGUIER 1 X RUPESTRIS MARTIN,10.5344/ajev.2019.18054,Migliaro 2019,10.5344/ajev.2019.18054,
RICHTER 99,BERLANDIERI RESSEGUIER 2,Parent 1,SSR,SSR,,,VIVC passport (via Migliaro 2019),10.5344/ajev.2019.18054,,confirmed,BERLANDIERI RESSEGUIER 2 X RUPESTRIS DU LOT,10.1007/s00122-019-03320-5; 10.5344/ajev.2019.18054,Migliaro 2019,10.1007/s00122-019-03320-5,10.1007/s00122-019-03320-5
RICHTER 99,RUPESTRIS DU LOT,Parent 2,SSR,SSR,,,VIVC passport (via Migliaro 2019),10.5344/ajev.2019.18054,,confirmed,BERLANDIERI RESSEGUIER 2 X RUPESTRIS DU LOT,10.1007/s00122-019-03320-5; 10.5344/ajev.2019.18054,Migliaro 2019,10.1007/s00122-019-03320-5,10.1007/s00122-019-03320-5
RICHTER 110,BERLANDIERI BOUTIN B,Parent 1,SSR,SSR,,,VIVC passport (pedigree confirmed by markers),10.1007/s00122-019-03320-5,,confirmed,BERLANDIERI BOUTIN B X RUPESTRIS DU LOT,10.1007/s00122-019-03320-5,none,10.1007/s00122-019-03320-5,10.1007/s00122-019-03320-5
RICHTER 110,RUPESTRIS DU LOT,Parent 2,SSR,SSR,,,VIVC passport (pedigree confirmed by markers),10.1007/s00122-019-03320-5,,confirmed,BERLANDIERI BOUTIN B X RUPESTRIS DU LOT,10.1007/s00122-019-03320-5,none,10.1007/s00122-019-03320-5,10.1007/s00122-019-03320-5
RIESLANER,SILVANER,Parent 1,SSR,SSR,,,VIVC passport (via Lacombe 2013),10.1007/s00122-012-1988-2,,confirmed,SILVANER X RIESLING,10.1007/s00122-012-1988-2; 10.5073/vitis.1998.37.79-82,Lacombe 2013,10.1007/s00122-012-1988-2,10.5073/vitis.1998.37.79-82
RIESLANER,RIESLING,Parent 2,SSR,SSR,,,VIVC passport (via Lacombe 2013),10.1007/s00122-012-1988-2,,confirmed,SILVANER X RIESLING,10.1007/s00122-012-1988-2; 10.5073/vitis.1998.37.79-82,Lacombe 2013,10.1007/s00122-012-1988-2,10.5073/vitis.1998.37.79-82
GOLDTRAMINER,UGNI BLANC,Parent 1,SSR,SSR,,,VIVC passport (pedigree confirmed by markers),,,confirmed,TREBBIANO TOSCANO X TRAMINER,,none,,
GOLDTRAMINER,SAVAGNIN BLANC,Parent 2,SSR,SSR,,,VIVC passport (pedigree confirmed by markers),,,confirmed,TREBBIANO TOSCANO X TRAMINER,,none,,
RIGOTTI 95- 5,CARMENERE,Parent 1,SSR,SSR,,,VIVC passport (pedigree confirmed by markers),,,confirmed,CARMENERE X MERLOT,,none,,
RIGOTTI 95- 5,MERLOT,Parent 2,SSR,SSR,,,VIVC passport (pedigree confirmed by markers),,,confirmed,CARMENERE X MERLOT,,none,,
RIGOTTI 97- 2,CARMENERE,Parent 1,SSR,SSR,,,VIVC passport (pedigree confirmed by markers),,,confirmed,CARMENERE X TEROLDEGO,,none,,
RIGOTTI 97- 2,TEROLDEGO,Parent 2,SSR,SSR,,,VIVC passport (pedigree confirmed by markers),,,confirmed,CARMENERE X TEROLDEGO,,none,,
RIGOTTI 102- 3,VERDOT,Parent 1,SSR,SSR,,,VIVC passport (pedigree confirmed by markers),,,confirmed,VERDOT X PINOT NOIR,,none,,
RIGOTTI 102- 3,PINOT NOIR,Parent 2,SSR,SSR,,,VIVC passport (pedigree confirmed by markers),,,confirmed,VERDOT X PINOT NOIR,,none,,
RIGOTTI 103- 2,VERDOT,Parent 1,SSR,SSR,,,VIVC passport (pedigree confirmed by markers),,,confirmed,VERDOT X TEROLDEGO,,none,,
RIGOTTI 103- 2,TEROLDEGO,Parent 2,SSR,SSR,,,VIVC passport (pedigree confirmed by markers),,,confirmed,VERDOT X TEROLDEGO,,none,,
SENNEN,MERLOT,Parent 1,SSR,SSR,,,VIVC passport (via Cipriani 2010),10.1007/s00122-010-1411-9,,confirmed,MERLOT X TEROLDEGO,10.1007/s00122-010-1411-9,Cipriani 2010,10.1007/s00122-010-1411-9,
SENNEN,TEROLDEGO,Parent 2,SSR,SSR,,,VIVC passport (via Cipriani 2010),10.1007/s00122-010-1411-9,,confirmed,MERLOT X TEROLDEGO,10.1007/s00122-010-1411-9,Cipriani 2010,10.1007/s00122-010-1411-9,
RIGOTTI 123- 3,CARMENERE,Parent 1,SSR,SSR,,,VIVC passport (pedigree confirmed by markers),,,confirmed,CARMENERE X TEROLDEGO,,none,,
RIGOTTI 123- 3,TEROLDEGO,Parent 2,SSR,SSR,,,VIVC passport (pedigree confirmed by markers),,,confirmed,CARMENERE X TEROLDEGO,,none,,
GOSEN,CARMENERE,Parent 1,SSR,SSR,,,VIVC passport (pedigree confirmed by markers),,,confirmed,CARMENERE X TEROLDEGO,,none,,
GOSEN,TEROLDEGO,Parent 2,SSR,SSR,,,VIVC passport (pedigree confirmed by markers),,,confirmed,CARMENERE X TEROLDEGO,,none,,
RIO GRANDE,FERNAO PIRES,Parent 1,SSR,SSR,,,VIVC passport (via Cunha 2020),10.3389/fpls.2020.00127,,confirmed,FERNAO PIRES X MONTUA,10.3389/fpls.2020.00127,Cunha 2020,10.3389/fpls.2020.00127,
RIO GRANDE,MONTUA,Parent 2,SSR,SSR,,,VIVC passport (via Cunha 2020),10.3389/fpls.2020.00127,,confirmed,FERNAO PIRES X MONTUA,10.3389/fpls.2020.00127,Cunha 2020,10.3389/fpls.2020.00127,
RIZAMAT,KATTA KURGAN,Parent 1,SSR,SSR,,,VIVC passport (via Margaryan 2021),10.3390/biology10121279,,confirmed,KATTA KURGAN X PARKENT,10.3390/biology10121279,Margaryan 2021,10.3390/biology10121279,
RIZAMAT,PARKENT,Parent 2,SSR,SSR,,,VIVC passport (via Margaryan 2021),10.3390/biology10121279,,confirmed,KATTA KURGAN X PARKENT,10.3390/biology10121279,Margaryan 2021,10.3390/biology10121279,
RIZENS,SEMILLON,Parent 1,SSR,SSR,,,VIVC passport (via Lacombe 2013),10.1007/s00122-012-1988-2,,confirmed,SEMILLON X UGNI BLANC = TREBBIANO TOSCANO,10.1007/s00122-012-1988-2,Lacombe 2013,10.1007/s00122-012-1988-2,
RIZENS,UGNI BLANC = TREBBIANO TOSCANO,Parent 2,SSR,SSR,,,VIVC passport (via Lacombe 2013),10.1007/s00122-012-1988-2,,confirmed,SEMILLON X UGNI BLANC = TREBBIANO TOSCANO,10.1007/s00122-012-1988-2,Lacombe 2013,10.1007/s00122-012-1988-2,
ROBIN NOIR,MONDEUSE BLANCHE,Parent 1,SSR,SSR,,,VIVC passport (via Lacombe 2013),10.1007/s00122-012-1988-2,,confirmed,MONDEUSE BLANCHE X TRESSOT,10.1007/s00122-012-1988-2,Lacombe 2013,10.1007/s00122-012-1988-2,
ROBIN NOIR,TRESSOT,Parent 2,SSR,SSR,,,VIVC passport (via Lacombe 2013),10.1007/s00122-012-1988-2,,confirmed,MONDEUSE BLANCHE X TRESSOT,10.1007/s00122-012-1988-2,Lacombe 2013,10.1007/s00122-012-1988-2,
RODI,MUSCAT OF ALEXANDRIA,Parent 1,SSR,SSR,,,VIVC passport (via Lacombe 2013),10.1007/s00122-012-1988-2,,confirmed,MUSCAT OF ALEXANDRIA X SULTANINA BIANCA,10.1007/s00122-012-1988-2,Lacombe 2013,10.1007/s00122-012-1988-2,
RODI,SULTANINA BIANCA,Parent 2,SSR,SSR,,,VIVC passport (via Lacombe 2013),10.1007/s00122-012-1988-2,,confirmed,MUSCAT OF ALEXANDRIA X SULTANINA BIANCA,10.1007/s00122-012-1988-2,Lacombe 2013,10.1007/s00122-012-1988-2,
ROI DES PRECOCES,CINSAUT,Parent 1,SSR,SSR,,,VIVC passport (via Lacombe & Emanuelli 2020; Lacombe 2013; Laucou 2018),10.1007/s00122-012-1988-2,,confirmed,CINSAUT X PINOT NOIR,10.1007/s00122-012-1988-2; 10.1371/journal.pone.0192540; 10.3389/fpls.2020.605934,Lacombe & Emanuelli 2020; Lacombe 2013; Laucou 2018,10.1007/s00122-012-1988-2,
ROI DES PRECOCES,PINOT NOIR,Parent 2,SSR,SSR,,,VIVC passport (via Lacombe & Emanuelli 2020; Lacombe 2013; Laucou 2018),10.1007/s00122-012-1988-2,,confirmed,CINSAUT X PINOT NOIR,10.1007/s00122-012-1988-2; 10.1371/journal.pone.0192540; 10.3389/fpls.2020.605934,Lacombe & Emanuelli 2020; Lacombe 2013; Laucou 2018,10.1007/s00122-012-1988-2,
ROMEIKO,LADIKINO = PSAROSSYRIKO,Parent 1,SSR,SSR,,,VIVC passport (via Lacombe & Emanuelli 2020; Lacombe 2013; Laucou 2018),10.1007/s00122-012-1988-2,,confirmed,LADIKINO = PSAROSSYRIKO X VERDECA = LAGORTHI,10.1007/s00122-012-1988-2; 10.1371/journal.pone.0192540; 10.3389/fpls.2020.605934,Lacombe & Emanuelli 2020; Lacombe 2013; Laucou 2018,10.1007/s00122-012-1988-2,
ROMEIKO,VERDECA = LAGORTHI,Parent 2,SSR,SSR,,,VIVC passport (via Lacombe & Emanuelli 2020; Lacombe 2013; Laucou 2018),10.1007/s00122-012-1988-2,,confirmed,LADIKINO = PSAROSSYRIKO X VERDECA = LAGORTHI,10.1007/s00122-012-1988-2; 10.1371/journal.pone.0192540; 10.3389/fpls.2020.605934,Lacombe & Emanuelli 2020; Lacombe 2013; Laucou 2018,10.1007/s00122-012-1988-2,
ROMORANTIN,GOUAIS BLANC,Parent 1,SSR,SSR,,,VIVC passport (via Lacombe 2013),10.1007/s00122-012-1988-2,,confirmed,HEUNISCH WEISS X PINOT MEUNIER OR PINOT TEINTURIER,10.1007/s00122-012-1988-2; 10.1126/science.285.5433.1562,Lacombe 2013,10.1007/s00122-012-1988-2,10.1126/science.285.5433.1562
ROMORANTIN,PINOT MEUNIER OR PINOT TEINTURIER,Parent 2,SSR,SSR,,,VIVC passport (via Lacombe 2013),10.1007/s00122-012-1988-2,,confirmed,HEUNISCH WEISS X PINOT MEUNIER OR PINOT TEINTURIER,10.1007/s00122-012-1988-2; 10.1126/science.285.5433.1562,Lacombe 2013,10.1007/s00122-012-1988-2,10.1126/science.285.5433.1562
ROMULUS,ONTARIO,Parent 1,SSR,SSR,,,VIVC passport (pedigree confirmed by markers),10.3103/S0095452718050031,,confirmed,ONTARIO X SULTANINA,10.3103/S0095452718050031,none,10.3103/S0095452718050031,10.3103/S0095452718050031
ROMULUS,SULTANINA,Parent 2,SSR,SSR,,,VIVC passport (pedigree confirmed by markers),10.3103/S0095452718050031,,confirmed,ONTARIO X SULTANINA,10.3103/S0095452718050031,none,10.3103/S0095452718050031,10.3103/S0095452718050031
RONELLE,BARLINKA,Parent 1,SSR,SSR,,,VIVC passport (via Lacombe 2013),10.1007/s00122-012-1988-2,,confirmed,BARLINKA X KOENIGIN DER WEINGAERTEN,10.1007/s00122-012-1988-2,Lacombe 2013,10.1007/s00122-012-1988-2,
RONELLE,KOENIGIN DER WEINGAERTEN,Parent 2,SSR,SSR,,,VIVC passport (via Lacombe 2013),10.1007/s00122-012-1988-2,,confirmed,BARLINKA X KOENIGIN DER WEINGAERTEN,10.1007/s00122-012-1988-2,Lacombe 2013,10.1007/s00122-012-1988-2,
ROSENMUSKAT,VERJUS,Parent 1,SSR,SSR,,,VIVC passport (via Lacombe 2013),10.1007/s00122-012-1988-2,,confirmed,VERJUS X PINOT NOIR,10.1007/s00122-012-1988-2,Lacombe 2013,10.1007/s00122-012-1988-2,
ROSENMUSKAT,PINOT NOIR,Parent 2,SSR,SSR,,,VIVC passport (via Lacombe 2013),10.1007/s00122-012-1988-2,,confirmed,VERJUS X PINOT NOIR,10.1007/s00122-012-1988-2,Lacombe 2013,10.1007/s00122-012-1988-2,
ROTBERGER,SCHIAVA GROSSA,Parent 1,SSR,SSR,,,VIVC passport (via Lacombe 2013),10.1007/s00122-012-1988-2,,confirmed,SCHIAVA GROSSA X RIESLING,10.1007/s00122-012-1988-2; 10.5073/vitis.1998.37.79-82,Lacombe 2013,10.1007/s00122-012-1988-2,10.5073/vitis.1998.37.79-82
ROTBERGER,RIESLING,Parent 2,SSR,SSR,,,VIVC passport (via Lacombe 2013),10.1007/s00122-012-1988-2,,confirmed,SCHIAVA GROSSA X RIESLING,10.1007/s00122-012-1988-2; 10.5073/vitis.1998.37.79-82,Lacombe 2013,10.1007/s00122-012-1988-2,10.5073/vitis.1998.37.79-82
ROTGIPFLER,SAVAGNIN BLANC,Parent 1,SSR,SSR,,,VIVC passport (pedigree confirmed by markers),,,confirmed,TRAMINER X ROTER VELTLINER,,none,,
ROTGIPFLER,ROTER VELTLINER,Parent 2,SSR,SSR,,,VIVC passport (pedigree confirmed by markers),,,confirmed,TRAMINER X ROTER VELTLINER,,none,,
ROUBLOT,PINOT NOIR,Parent 1,SSR,SSR,,,VIVC passport (via Lacombe & Emanuelli 2020; Lacombe 2013; Laucou 2018),10.1007/s00122-012-1988-2,,confirmed,PINOT NOIR X HEUNISCH WEISS,10.1007/s00122-012-1988-2; 10.1126/science.285.5433.1562; 10.1371/journal.pone.0192540; 10.3389/fpls.2020.605934,Lacombe & Emanuelli 2020; Lacombe 2013; Laucou 2018,10.1007/s00122-012-1988-2,10.1126/science.285.5433.1562
ROUBLOT,GOUAIS BLANC,Parent 2,SSR,SSR,,,VIVC passport (via Lacombe & Emanuelli 2020; Lacombe 2013; Laucou 2018),10.1007/s00122-012-1988-2,,confirmed,PINOT NOIR X HEUNISCH WEISS,10.1007/s00122-012-1988-2; 10.1126/science.285.5433.1562; 10.1371/journal.pone.0192540; 10.3389/fpls.2020.605934,Lacombe & Emanuelli 2020; Lacombe 2013; Laucou 2018,10.1007/s00122-012-1988-2,10.1126/science.285.5433.1562
RUEN,SHIROKA MELNISHKA,Parent 1,SSR,SSR,,,VIVC passport (pedigree confirmed by markers),10.1080/13102818.2005.10817291,,confirmed,SHIROKA MELNISHKA X CABERNET SAUVIGNON,10.1080/13102818.2005.10817291,none,10.1080/13102818.2005.10817291,10.1080/13102818.2005.10817291
RUEN,CABERNET SAUVIGNON,Parent 2,SSR,SSR,,,VIVC passport (pedigree confirmed by markers),10.1080/13102818.2005.10817291,,confirmed,SHIROKA MELNISHKA X CABERNET SAUVIGNON,10.1080/13102818.2005.10817291,none,10.1080/13102818.2005.10817291,10.1080/13102818.2005.10817291
ROUGE DU PAYS,MAYOLET,Parent 1,SSR,SSR,,,VIVC passport (via Lacombe & Emanuelli 2020),10.3389/fpls.2020.605934,,confirmed,MAYOLET X PETIT ROUGE,10.1007/s00122-003-1265-5; 10.3389/fpls.2020.605934,Lacombe & Emanuelli 2020,10.1007/s00122-003-1265-5,10.1007/s00122-003-1265-5
ROUGE DU PAYS,PETIT ROUGE,Parent 2,SSR,SSR,,,VIVC passport (via Lacombe & Emanuelli 2020),10.3389/fpls.2020.605934,,confirmed,MAYOLET X PETIT ROUGE,10.1007/s00122-003-1265-5; 10.3389/fpls.2020.605934,Lacombe & Emanuelli 2020,10.1007/s00122-003-1265-5,10.1007/s00122-003-1265-5
ROUSSANNE DU VAR,OULIVEN,Parent 1,SSR,SSR,,,VIVC passport (via Lacombe 2013),10.1007/s00122-012-1988-2,,confirmed,OULIVEN X GOUAIS B,10.1007/s00122-012-1988-2,Lacombe 2013,10.1007/s00122-012-1988-2,
ROUSSANNE DU VAR,GOUAIS B,Parent 2,SSR,SSR,,,VIVC passport (via Lacombe 2013),10.1007/s00122-012-1988-2,,confirmed,OULIVEN X GOUAIS B,10.1007/s00122-012-1988-2,Lacombe 2013,10.1007/s00122-012-1988-2,
ROXO REI,MARUFO,Parent 1,SSR,SSR,,,VIVC passport (via Cunha 2020),10.3389/fpls.2020.00127,,confirmed,MARUFO X ALVARELHAO,10.3389/fpls.2020.00127,Cunha 2020,10.3389/fpls.2020.00127,
ROXO REI,ALVARELHAO,Parent 2,SSR,SSR,,,VIVC passport (via Cunha 2020),10.3389/fpls.2020.00127,,confirmed,MARUFO X ALVARELHAO,10.3389/fpls.2020.00127,Cunha 2020,10.3389/fpls.2020.00127,
RUBI,GOUAIS BLANC,Parent 1,SSR,SSR,,,VIVC passport (via Lacombe 2013),10.1007/s00122-012-1988-2,,confirmed,HEUNISCH WEISS X PINOT,10.1007/s00122-012-1988-2,Lacombe 2013,10.1007/s00122-012-1988-2,
RUBI,PINOT,Parent 2,SSR,SSR,,,VIVC passport (via Lacombe 2013),10.1007/s00122-012-1988-2,,confirmed,HEUNISCH WEISS X PINOT,10.1007/s00122-012-1988-2,Lacombe 2013,10.1007/s00122-012-1988-2,
RUBIRED,ALICANTE GANZIN,Parent 1,SSR,SSR,,,VIVC passport (pedigree confirmed by markers),,,confirmed,ALICANTE GANZIN X TINTO CAO,,none,,
RUBIRED,TINTO CAO,Parent 2,SSR,SSR,,,VIVC passport (pedigree confirmed by markers),,,confirmed,ALICANTE GANZIN X TINTO CAO,,none,,
RUBY CABERNET,CARIGNAN NOIR,Parent 1,SSR,SSR,,,VIVC passport (via Lacombe & Emanuelli 2020; Lacombe 2013),10.1007/s00122-012-1988-2,,confirmed,CARIGNAN X CABERNET SAUVIGNON,10.1007/s00122-012-1988-2; 10.3389/fpls.2020.605934; 10.5344/ajev.2010.09129,Lacombe & Emanuelli 2020; Lacombe 2013,10.1007/s00122-012-1988-2,10.5344/ajev.2010.09129
RUBY CABERNET,CABERNET SAUVIGNON,Parent 2,SSR,SSR,,,VIVC passport (via Lacombe & Emanuelli 2020; Lacombe 2013),10.1007/s00122-012-1988-2,,confirmed,CARIGNAN X CABERNET SAUVIGNON,10.1007/s00122-012-1988-2; 10.3389/fpls.2020.605934; 10.5344/ajev.2010.09129,Lacombe & Emanuelli 2020; Lacombe 2013,10.1007/s00122-012-1988-2,10.5344/ajev.2010.09129
RUBY SEEDLESS,EMPEROR,Parent 1,SSR,SSR,,,VIVC passport (via Lacombe 2013),10.1007/s00122-012-1988-2,,confirmed,EMPEROR X SULTANA MOSCATA,10.1007/s00122-012-1988-2,Lacombe 2013,10.1007/s00122-012-1988-2,
RUBY SEEDLESS,SULTANA MOSCATA,Parent 2,SSR,SSR,,,VIVC passport (via Lacombe 2013),10.1007/s00122-012-1988-2,,confirmed,EMPEROR X SULTANA MOSCATA,10.1007/s00122-012-1988-2,Lacombe 2013,10.1007/s00122-012-1988-2,
RUBY STAR,KOENIGIN DER WEINBGAERTEN,Parent 1,SSR,SSR,,,VIVC passport (via Lacombe 2013),10.1007/s00122-012-1988-2,,confirmed,KOENIGIN DER WEINBGAERTEN X MUSCAT HAMBURG,10.1007/s00122-012-1988-2,Lacombe 2013,10.1007/s00122-012-1988-2,
RUBY STAR,MUSCAT HAMBURG,Parent 2,SSR,SSR,,,VIVC passport (via Lacombe 2013),10.1007/s00122-012-1988-2,,confirmed,KOENIGIN DER WEINBGAERTEN X MUSCAT HAMBURG,10.1007/s00122-012-1988-2,Lacombe 2013,10.1007/s00122-012-1988-2,
RUFETE,PEREPINHAO PORTALEGRE,Parent 1,SSR,SSR,,,VIVC passport (via Cunha 2020; Lacombe 2013),10.1007/s00122-012-1988-2,,confirmed,PEREPINHAO PORTALEGRE X TINTA MADEIRA,10.1007/s00122-012-1988-2; 10.3389/fpls.2020.00127,Cunha 2020; Lacombe 2013,10.1007/s00122-012-1988-2,
RUFETE,TINTA MADEIRA,Parent 2,SSR,SSR,,,VIVC passport (via Cunha 2020; Lacombe 2013),10.1007/s00122-012-1988-2,,confirmed,PEREPINHAO PORTALEGRE X TINTA MADEIRA,10.1007/s00122-012-1988-2; 10.3389/fpls.2020.00127,Cunha 2020; Lacombe 2013,10.1007/s00122-012-1988-2,
RUGGERI 140,BERLANDIERI BOUTIN B,Parent 1,SSR,SSR,,,VIVC passport (pedigree confirmed by markers),10.1007/s00122-019-03320-5,,confirmed,BERLANDIERI BOUTIN B X RUPESTRIS DU LOT,10.1007/s00122-019-03320-5,none,10.1007/s00122-019-03320-5,10.1007/s00122-019-03320-5
RUGGERI 140,RUPESTRIS DU LOT,Parent 2,SSR,SSR,,,VIVC passport (pedigree confirmed by markers),10.1007/s00122-019-03320-5,,confirmed,BERLANDIERI BOUTIN B X RUPESTRIS DU LOT,10.1007/s00122-019-03320-5,none,10.1007/s00122-019-03320-5,10.1007/s00122-019-03320-5
RUGGERI 225,RESSEGUIER 2,Parent 1,SSR,SSR,,,VIVC passport (pedigree confirmed by markers),10.1007/s00122-019-03320-5,,confirmed,RESSEGUIER 2 X GLOIRE DE MONTPELLIER,10.1007/s00122-019-03320-5,none,10.1007/s00122-019-03320-5,10.1007/s00122-019-03320-5
RUGGERI 225,RIPARIA GLOIRE DE MONTPELLIER,Parent 2,SSR,SSR,,,VIVC passport (pedigree confirmed by markers),10.1007/s00122-019-03320-5,,confirmed,RESSEGUIER 2 X GLOIRE DE MONTPELLIER,10.1007/s00122-019-03320-5,none,10.1007/s00122-019-03320-5,10.1007/s00122-019-03320-5
RUGGERI 240,BERLANDIERI RESSEGUIER 2,Parent 1,SSR,SSR,,,VIVC passport (via Migliaro 2019),10.5344/ajev.2019.18054,,confirmed,BERLANDIERI RESSEGUIER 2 X PARENT 2 IS MOST LIKELY EXTINCT,10.5344/ajev.2019.18054,Migliaro 2019,10.5344/ajev.2019.18054,
RUGGERI 240,PARENT 2 IS MOST LIKELY EXTINCT,Parent 2,SSR,SSR,,,VIVC passport (via Migliaro 2019),10.5344/ajev.2019.18054,,confirmed,BERLANDIERI RESSEGUIER 2 X PARENT 2 IS MOST LIKELY EXTINCT,10.5344/ajev.2019.18054,Migliaro 2019,10.5344/ajev.2019.18054,
RUGGERI 300,RESSEGUIER N. 2,Parent 1,SSR,SSR,,,VIVC passport (via Migliaro 2019),10.5344/ajev.2019.18054,,confirmed,RESSEGUIER N. 2 X GLOIRE DE MONTPELLIER,10.5344/ajev.2019.18054,Migliaro 2019,10.5344/ajev.2019.18054,
RUGGERI 300,RIPARIA GLOIRE DE MONTPELLIER,Parent 2,SSR,SSR,,,VIVC passport (via Migliaro 2019),10.5344/ajev.2019.18054,,confirmed,RESSEGUIER N. 2 X GLOIRE DE MONTPELLIER,10.5344/ajev.2019.18054,Migliaro 2019,10.5344/ajev.2019.18054,
RUGGERI 325,BERLANDIERI RESSEGUIER 2,Parent 1,SSR,SSR,,,VIVC passport (via Migliaro 2019),10.5344/ajev.2019.18054,,confirmed,BERLANDIERI RESSEGUIER 2 X GLOIRE DE MONTPELLIER,10.5344/ajev.2019.18054,Migliaro 2019,10.5344/ajev.2019.18054,
RUGGERI 325,RIPARIA GLOIRE DE MONTPELLIER,Parent 2,SSR,SSR,,,VIVC passport (via Migliaro 2019),10.5344/ajev.2019.18054,,confirmed,BERLANDIERI RESSEGUIER 2 X GLOIRE DE MONTPELLIER,10.5344/ajev.2019.18054,Migliaro 2019,10.5344/ajev.2019.18054,
RUGGERI 333,BERLANDIERI RESSEGUIER 2,Parent 1,SSR,SSR,,,VIVC passport (via Migliaro 2019),10.5344/ajev.2019.18054,,confirmed,BERLANDIERI RESSEGUIER 2 X GLOIRE DE MONTPELLIER,10.5344/ajev.2019.18054,Migliaro 2019,10.5344/ajev.2019.18054,
RUGGERI 333,RIPARIA GLOIRE DE MONTPELLIER,Parent 2,SSR,SSR,,,VIVC passport (via Migliaro 2019),10.5344/ajev.2019.18054,,confirmed,BERLANDIERI RESSEGUIER 2 X GLOIRE DE MONTPELLIER,10.5344/ajev.2019.18054,Migliaro 2019,10.5344/ajev.2019.18054,
ROUMI NOIR,DARKEIA NOIR,Parent 1,SSR,SSR,,,VIVC passport (via Lacombe & Emanuelli 2020; Lacombe 2013),10.1007/s00122-012-1988-2,,confirmed,DARKEIA NOIR X MUSCAT DE HAMBOURG,10.1007/s00122-012-1988-2; 10.3389/fpls.2020.605934; 10.3390/plants10122696,Lacombe & Emanuelli 2020; Lacombe 2013,10.1007/s00122-012-1988-2,10.3390/plants10122696
ROUMI NOIR,MUSCAT DE HAMBOURG,Parent 2,SSR,SSR,,,VIVC passport (via Lacombe & Emanuelli 2020; Lacombe 2013),10.1007/s00122-012-1988-2,,confirmed,DARKEIA NOIR X MUSCAT DE HAMBOURG,10.1007/s00122-012-1988-2; 10.3389/fpls.2020.605934; 10.3390/plants10122696,Lacombe & Emanuelli 2020; Lacombe 2013,10.1007/s00122-012-1988-2,10.3390/plants10122696
RUSENSKO EDRO,REINE DES VIGNES,Parent 1,SSR,SSR,,,VIVC passport (via Lacombe 2013),10.1007/s00122-012-1988-2,,confirmed,REINE DES VIGNES X ITALIA,10.1007/s00122-012-1988-2,Lacombe 2013,10.1007/s00122-012-1988-2,
RUSENSKO EDRO,ITALIA,Parent 2,SSR,SSR,,,VIVC passport (via Lacombe 2013),10.1007/s00122-012-1988-2,,confirmed,REINE DES VIGNES X ITALIA,10.1007/s00122-012-1988-2,Lacombe 2013,10.1007/s00122-012-1988-2,
HRUSHAKI,MSKHALI,Parent 1,SSR,SSR,,,VIVC passport (via Lacombe 2013; Margaryan 2021),10.1007/s00122-012-1988-2,,confirmed,MSKHALI X SULTANINE,10.1007/s00122-012-1988-2; 10.3103/S0095452718050031; 10.3390/biology10121279,Lacombe 2013; Margaryan 2021,10.1007/s00122-012-1988-2,10.3103/S0095452718050031
HRUSHAKI,SULTANINE,Parent 2,SSR,SSR,,,VIVC passport (via Lacombe 2013; Margaryan 2021),10.1007/s00122-012-1988-2,,confirmed,MSKHALI X SULTANINE,10.1007/s00122-012-1988-2; 10.3103/S0095452718050031; 10.3390/biology10121279,Lacombe 2013; Margaryan 2021,10.1007/s00122-012-1988-2,10.3103/S0095452718050031
RUZEVINA,BOMBINO BIANCO,Parent 1,SSR,SSR,,,VIVC passport (via Lacombe 2013),10.1007/s00122-012-1988-2,,confirmed,BOMBINO BIANCO X LASINA,10.1007/s00122-012-1988-2; 10.3390/genes11070737,Lacombe 2013,10.1007/s00122-012-1988-2,10.3390/genes11070737
RUZEVINA,LASINA,Parent 2,SSR,SSR,,,VIVC passport (via Lacombe 2013),10.1007/s00122-012-1988-2,,confirmed,BOMBINO BIANCO X LASINA,10.1007/s00122-012-1988-2; 10.3390/genes11070737,Lacombe 2013,10.1007/s00122-012-1988-2,10.3390/genes11070737
SAN LUNARDO,ALBANA BORDINI,Parent 1,SSR,SSR,,,VIVC passport (via Cipriani 2010),10.1007/s00122-010-1411-9,,confirmed,ALBANA BORDINI X BIANCOLELLA,10.1007/s00122-010-1411-9,Cipriani 2010,10.1007/s00122-010-1411-9,
SAN LUNARDO,BIANCOLELLA,Parent 2,SSR,SSR,,,VIVC passport (via Cipriani 2010),10.1007/s00122-010-1411-9,,confirmed,ALBANA BORDINI X BIANCOLELLA,10.1007/s00122-010-1411-9,Cipriani 2010,10.1007/s00122-010-1411-9,
SACY,PINOT,Parent 2,SSR,SSR,,,VIVC passport (via Lacombe 2013),10.1007/s00122-012-1988-2,,confirmed,HEUNISCH WEISS X PINOT,10.1007/s00122-012-1988-2; 10.1126/science.285.5433.1562,Lacombe 2013,10.1007/s00122-012-1988-2,10.1126/science.285.5433.1562
SAINT COME,GOUAIS B,Parent 1,SSR,SSR,,,VIVC passport (via Lacombe 2013),10.1007/s00122-012-1988-2,,confirmed,GOUAIS B X MOURAL,10.1007/s00122-012-1988-2,Lacombe 2013,10.1007/s00122-012-1988-2,
SAINT COME,MOURAL,Parent 2,SSR,SSR,,,VIVC passport (via Lacombe 2013),10.1007/s00122-012-1988-2,,confirmed,GOUAIS B X MOURAL,10.1007/s00122-012-1988-2,Lacombe 2013,10.1007/s00122-012-1988-2,
SAINT FIACRE,SULTANINE,Parent 1,SSR,SSR,,,VIVC passport (via Lacombe 2013),10.1007/s00122-012-1988-2,,confirmed,SULTANINE X GROS COLMAN,10.1007/s00122-012-1988-2,Lacombe 2013,10.1007/s00122-012-1988-2,
SAINT FIACRE,GROS COLMAN,Parent 2,SSR,SSR,,,VIVC passport (via Lacombe 2013),10.1007/s00122-012-1988-2,,confirmed,SULTANINE X GROS COLMAN,10.1007/s00122-012-1988-2,Lacombe 2013,10.1007/s00122-012-1988-2,
SAINT PIERRE DORE,GOUAIS B,Parent 1,SSR,SSR,,,VIVC passport (via Lacombe 2013),10.1007/s00122-012-1988-2,,confirmed,GOUAIS B X SAUVIGNONASSE,10.1007/s00122-012-1988-2,Lacombe 2013,10.1007/s00122-012-1988-2,
SAINT PIERRE DORE,SAUVIGNONASSE,Parent 2,SSR,SSR,,,VIVC passport (via Lacombe 2013),10.1007/s00122-012-1988-2,,confirmed,GOUAIS B X SAUVIGNONASSE,10.1007/s00122-012-1988-2,Lacombe 2013,10.1007/s00122-012-1988-2,
SAINTON,ONDENC,Parent 1,SSR,SSR,,,VIVC passport (via Lacombe 2013),10.1007/s00122-012-1988-2,,confirmed,ONDENC X TREBBIANO TOSCANO,10.1007/s00122-012-1988-2,Lacombe 2013,10.1007/s00122-012-1988-2,
SAINTON,UGNI BLANC,Parent 2,SSR,SSR,,,VIVC passport (via Lacombe 2013),10.1007/s00122-012-1988-2,,confirmed,ONDENC X TREBBIANO TOSCANO,10.1007/s00122-012-1988-2,Lacombe 2013,10.1007/s00122-012-1988-2,
SALICETTE (COLLECTION PARC DE LA TETE D'OR),PRECOCE DE MALINGRE,Parent 1,SSR,SSR,,,VIVC passport (via Lacombe 2013),10.1007/s00122-012-1988-2,,confirmed,PRECOCE DE MALINGRE X PRECOCE DE MALINGRE,10.1007/s00122-012-1988-2,Lacombe 2013,10.1007/s00122-012-1988-2,
SALICETTE (COLLECTION PARC DE LA TETE D'OR),PRECOCE DE MALINGRE,Parent 2,SSR,SSR,,,VIVC passport (via Lacombe 2013),10.1007/s00122-012-1988-2,,confirmed,PRECOCE DE MALINGRE X PRECOCE DE MALINGRE,10.1007/s00122-012-1988-2,Lacombe 2013,10.1007/s00122-012-1988-2,
MORGENTINO,FORCESE,Parent 1,SSR,SSR,,,VIVC passport (pedigree confirmed by markers),10.20870/oeno-one.2021.55.3.4628,,confirmed,FORCESE X SCIACCARELLO,10.20870/oeno-one.2021.55.3.4628,none,10.20870/oeno-one.2021.55.3.4628,10.20870/oeno-one.2021.55.3.4628
MORGENTINO,SCIACCARELLO,Parent 2,SSR,SSR,,,VIVC passport (pedigree confirmed by markers),10.20870/oeno-one.2021.55.3.4628,,confirmed,FORCESE X SCIACCARELLO,10.20870/oeno-one.2021.55.3.4628,none,10.20870/oeno-one.2021.55.3.4628,10.20870/oeno-one.2021.55.3.4628
BELAIR,BARLINKA,Parent 1,SSR,SSR,,,VIVC passport (via Lacombe 2013),10.1007/s00122-012-1988-2,,confirmed,BARLINKA X ALPHONSE LAVALLEE,10.1007/s00122-012-1988-2,Lacombe 2013,10.1007/s00122-012-1988-2,
BELAIR,ALPHONSE LAVALLEE,Parent 2,SSR,SSR,,,VIVC passport (via Lacombe 2013),10.1007/s00122-012-1988-2,,confirmed,BARLINKA X ALPHONSE LAVALLEE,10.1007/s00122-012-1988-2,Lacombe 2013,10.1007/s00122-012-1988-2,
SAN MARTINO,CHATUS,Parent 1,SSR,SSR,,,VIVC passport (pedigree confirmed by markers),10.1016/j.scienta.2017.02.044,,confirmed,CHATUS X DOLCETTO,10.1016/j.scienta.2017.02.044,none,10.1016/j.scienta.2017.02.044,10.1016/j.scienta.2017.02.044
SAN MARTINO,DOLCETTO,Parent 2,SSR,SSR,,,VIVC passport (pedigree confirmed by markers),10.1016/j.scienta.2017.02.044,,confirmed,CHATUS X DOLCETTO,10.1016/j.scienta.2017.02.044,none,10.1016/j.scienta.2017.02.044,10.1016/j.scienta.2017.02.044
SAN MICHELE,CHATUS,Parent 1,SSR,SSR,,,VIVC passport (via Lacombe & Emanuelli 2020),10.3389/fpls.2020.605934,,confirmed,CHATUS X BARBERA,10.1016/j.scienta.2017.02.044; 10.3389/fpls.2020.605934,Lacombe & Emanuelli 2020,10.1016/j.scienta.2017.02.044,10.1016/j.scienta.2017.02.044
SAN MICHELE,BARBERA,Parent 2,SSR,SSR,,,VIVC passport (via Lacombe & Emanuelli 2020),10.3389/fpls.2020.605934,,confirmed,CHATUS X BARBERA,10.1016/j.scienta.2017.02.044; 10.3389/fpls.2020.605934,Lacombe & Emanuelli 2020,10.1016/j.scienta.2017.02.044,10.1016/j.scienta.2017.02.044
SANTA MAGDALENA,PLANTA FINA DE PEDRALBA,Parent 1,SSR,SSR,,,VIVC passport (via Lacombe & Emanuelli 2020; Lacombe 2013; Laucou 2018),10.1007/s00122-012-1988-2,,confirmed,PLANTA FINA DE PEDRALBA X LEGIRUELA,10.1007/s00122-012-1988-2; 10.1007/s10722-011-9706-5; 10.1007/s11295-014-0746-9; 10.1371/journal.pone.0192540; 10.3389/fpls.2020.605934,Lacombe & Emanuelli 2020; Lacombe 2013; Laucou 2018,10.1007/s00122-012-1988-2,10.1007/s10722-011-9706-5; 10.1007/s11295-014-0746-9
SANTA MAGDALENA,LEGIRUELA,Parent 2,SSR,SSR,,,VIVC passport (via Lacombe & Emanuelli 2020; Lacombe 2013; Laucou 2018),10.1007/s00122-012-1988-2,,confirmed,PLANTA FINA DE PEDRALBA X LEGIRUELA,10.1007/s00122-012-1988-2; 10.1007/s10722-011-9706-5; 10.1007/s11295-014-0746-9; 10.1371/journal.pone.0192540; 10.3389/fpls.2020.605934,Lacombe & Emanuelli 2020; Lacombe 2013; Laucou 2018,10.1007/s00122-012-1988-2,10.1007/s10722-011-9706-5; 10.1007/s11295-014-0746-9
SARBA,RIESLING ITALICO,Parent 1,SSR,SSR,,,VIVC passport (via Lacombe 2013),10.1007/s00122-012-1988-2,,confirmed,RIESLING ITALICO  X MUSCAT DE HAMBOURG,10.1007/s00122-012-1988-2,Lacombe 2013,10.1007/s00122-012-1988-2,
SARBA,MUSCAT DE HAMBOURG,Parent 2,SSR,SSR,,,VIVC passport (via Lacombe 2013),10.1007/s00122-012-1988-2,,confirmed,RIESLING ITALICO  X MUSCAT DE HAMBOURG,10.1007/s00122-012-1988-2,Lacombe 2013,10.1007/s00122-012-1988-2,
SAUTERNE BLANC,SEMILLON,Parent 1,SSR,SSR,,,VIVC passport (via Lacombe 2013),10.1007/s00122-012-1988-2,,confirmed,SEMILLON X JURANCON BLANC,10.1007/s00122-012-1988-2,Lacombe 2013,10.1007/s00122-012-1988-2,
SAUTERNE BLANC,JURANCON BLANC,Parent 2,SSR,SSR,,,VIVC passport (via Lacombe 2013),10.1007/s00122-012-1988-2,,confirmed,SEMILLON X JURANCON BLANC,10.1007/s00122-012-1988-2,Lacombe 2013,10.1007/s00122-012-1988-2,
SAVVATIANO,RHODITIS,Parent 1,SSR,SSR,,,VIVC passport (via Lacombe 2013),10.1007/s00122-012-1988-2,,confirmed,RHODITIS X KARYSTINO,10.1007/s00122-012-1988-2,Lacombe 2013,10.1007/s00122-012-1988-2,
SAVVATIANO,KARYSTINO,Parent 2,SSR,SSR,,,VIVC passport (via Lacombe 2013),10.1007/s00122-012-1988-2,,confirmed,RHODITIS X KARYSTINO,10.1007/s00122-012-1988-2,Lacombe 2013,10.1007/s00122-012-1988-2,
SCACCO,FORCESE D ASCOLI,Parent 1,SSR,SSR,,,VIVC passport (via Cipriani 2010),10.1007/s00122-010-1411-9,,confirmed,FORCESE D ASCOLI X QUAIARA,10.1007/s00122-010-1411-9,Cipriani 2010,10.1007/s00122-010-1411-9,
SCACCO,QUAIARA,Parent 2,SSR,SSR,,,VIVC passport (via Cipriani 2010),10.1007/s00122-010-1411-9,,confirmed,FORCESE D ASCOLI X QUAIARA,10.1007/s00122-010-1411-9,Cipriani 2010,10.1007/s00122-010-1411-9,
SCHEUREBE,RIESLING,Parent 1,SSR,SSR,,,VIVC passport (via Lacombe 2013),10.1007/s00122-012-1988-2,,confirmed,RIESLING X BUKETTREBE,10.1007/s00122-012-1988-2,Lacombe 2013,10.1007/s00122-012-1988-2,
SCHEUREBE,BUKETTREBE,Parent 2,SSR,SSR,,,VIVC passport (via Lacombe 2013),10.1007/s00122-012-1988-2,,confirmed,RIESLING X BUKETTREBE,10.1007/s00122-012-1988-2,Lacombe 2013,10.1007/s00122-012-1988-2,
SCHOENBURGER,PINOT NOIR,Parent 1,SSR,SSR,,,VIVC passport (pedigree confirmed by markers),,,confirmed,PINOT NOIR X PIROVANO 1,,none,,
SCHOENBURGER,PIROVANO 1,Parent 2,SSR,SSR,,,VIVC passport (pedigree confirmed by markers),,,confirmed,PINOT NOIR X PIROVANO 1,,none,,
SCHUYLER,ZINFANDEL,Parent 1,SSR,SSR,,,VIVC passport (pedigree confirmed by markers),,,confirmed,ZINFANDEL X ONTARIO,,none,,
SCHUYLER,ONTARIO,Parent 2,SSR,SSR,,,VIVC passport (pedigree confirmed by markers),,,confirmed,ZINFANDEL X ONTARIO,,none,,
SCIACCARELLO,BOGGIONE ROSSO,Parent 1,SSR,SSR,,,VIVC passport (via Cipriani 2010),10.1007/s00122-010-1411-9,,confirmed,BOGGIONE ROSSO X UVA DEI VECCHI,10.1007/s00122-010-1411-9,Cipriani 2010,10.1007/s00122-010-1411-9,
SCIACCARELLO,UVA DEI VECCHI,Parent 2,SSR,SSR,,,VIVC passport (via Cipriani 2010),10.1007/s00122-010-1411-9,,confirmed,BOGGIONE ROSSO X UVA DEI VECCHI,10.1007/s00122-010-1411-9,Cipriani 2010,10.1007/s00122-010-1411-9,
SEGALIN,JURANCON NOIR,Parent 1,SSR,SSR,,,VIVC passport (via Lacombe 2013),10.1007/s00122-012-1988-2,,confirmed,JURANCON NOIR X PORTUGIESER BLAU,10.1007/s00122-012-1988-2,Lacombe 2013,10.1007/s00122-012-1988-2,
SEGALIN,PORTUGIESER BLAU,Parent 2,SSR,SSR,,,VIVC passport (via Lacombe 2013),10.1007/s00122-012-1988-2,,confirmed,JURANCON NOIR X PORTUGIESER BLAU,10.1007/s00122-012-1988-2,Lacombe 2013,10.1007/s00122-012-1988-2,
SEIBEL 57,MUNSON,Parent 1,SSR,SSR,,,VIVC passport (pedigree confirmed by markers),,,confirmed,MUNSON X GANZIN 1,,none,,
SEIBEL 57,GANZIN 1,Parent 2,SSR,SSR,,,VIVC passport (pedigree confirmed by markers),,,confirmed,MUNSON X GANZIN 1,,none,,
SEIBEL 110,MUNSON,Parent 1,SSR,SSR,,,VIVC passport (pedigree confirmed by markers),,,confirmed,MUNSON X DURIF,,none,,
SEIBEL 110,PETITE SIRAH,Parent 2,SSR,SSR,,,VIVC passport (pedigree confirmed by markers),,,confirmed,MUNSON X DURIF,,none,,
SEIBEL 149,MUNSON,Parent 1,SSR,SSR,,,VIVC passport (pedigree confirmed by markers),,,confirmed,MUNSON X CINSAUT,,none,,
SEIBEL 149,CINSAUT,Parent 2,SSR,SSR,,,VIVC passport (pedigree confirmed by markers),,,confirmed,MUNSON X CINSAUT,,none,,
SEIBEL 428,MUNSON,Parent 1,SSR,SSR,,,VIVC passport (pedigree confirmed by markers),,,confirmed,MUNSON X GANZIN 1,,none,,
SEIBEL 428,GANZIN 1,Parent 2,SSR,SSR,,,VIVC passport (pedigree confirmed by markers),,,confirmed,MUNSON X GANZIN 1,,none,,
SEIBEL 437,MUNSON,Parent 1,SSR,SSR,,,VIVC passport (pedigree confirmed by markers),,,confirmed,MUNSON X GANZIN 1,,none,,
SEIBEL 437,GANZIN 1,Parent 2,SSR,SSR,,,VIVC passport (pedigree confirmed by markers),,,confirmed,MUNSON X GANZIN 1,,none,,
SEIBEL 600,SEIBEL 209,Parent 1,SSR,SSR,,,VIVC passport (pedigree confirmed by markers),,,confirmed,SEIBEL 209 X GANZIN 1,,none,,
SEIBEL 600,GANZIN 1,Parent 2,SSR,SSR,,,VIVC passport (pedigree confirmed by markers),,,confirmed,SEIBEL 209 X GANZIN 1,,none,,
SEIBEL 626,MUNSON,Parent 1,SSR,SSR,,,VIVC passport (pedigree confirmed by markers),,,confirmed,MUNSON X GANZIN 1,,none,,
SEIBEL 626,GANZIN 1,Parent 2,SSR,SSR,,,VIVC passport (pedigree confirmed by markers),,,confirmed,MUNSON X GANZIN 1,,none,,
SEIBEL 867,VIVARAIS,Parent 1,SSR,SSR,,,VIVC passport (pedigree confirmed by markers),10.5073/vitis.2021.60.189-193,,confirmed,VIVARAIS X NOAH,10.5073/vitis.2021.60.189-193,none,10.5073/vitis.2021.60.189-193,10.5073/vitis.2021.60.189-193
SEIBEL 867,NOAH,Parent 2,SSR,SSR,,,VIVC passport (pedigree confirmed by markers),10.5073/vitis.2021.60.189-193,,confirmed,VIVARAIS X NOAH,10.5073/vitis.2021.60.189-193,none,10.5073/vitis.2021.60.189-193,10.5073/vitis.2021.60.189-193
SEIBEL 880,PARENT 1 WAS NOT CONFIRMED,Parent 1,SSR,SSR,,,VIVC passport (pedigree confirmed by markers),10.5073/vitis.2021.60.189-193,,confirmed,PARENT 1 WAS NOT CONFIRMED X VIVARAIS,10.5073/vitis.2021.60.189-193,none,10.5073/vitis.2021.60.189-193,10.5073/vitis.2021.60.189-193
SEIBEL 880,VIVARAIS,Parent 2,SSR,SSR,,,VIVC passport (pedigree confirmed by markers),10.5073/vitis.2021.60.189-193,,confirmed,PARENT 1 WAS NOT CONFIRMED X VIVARAIS,10.5073/vitis.2021.60.189-193,none,10.5073/vitis.2021.60.189-193,10.5073/vitis.2021.60.189-193
SEIBEL 8724,SEIBEL 5163,Parent 1,SSR,SSR,,,VIVC passport (pedigree confirmed by markers),,,confirmed,SEIBEL 5163 X SEIBEL 880,,none,,
SEIBEL 8724,SEIBEL 880,Parent 2,SSR,SSR,,,VIVC passport (pedigree confirmed by markers),,,confirmed,SEIBEL 5163 X SEIBEL 880,,none,,
SELECT,BICANE,Parent 1,SSR,SSR,,,VIVC passport (via Lacombe 2013),10.1007/s00122-012-1988-2,,confirmed,BICANE X DATTIER DE BEYROUTH = AFUZ ALI,10.1007/s00122-012-1988-2,Lacombe 2013,10.1007/s00122-012-1988-2,
SELECT,DATTIER DE BEYROUTH = AFUZ ALI,Parent 2,SSR,SSR,,,VIVC passport (via Lacombe 2013),10.1007/s00122-012-1988-2,,confirmed,BICANE X DATTIER DE BEYROUTH = AFUZ ALI,10.1007/s00122-012-1988-2,Lacombe 2013,10.1007/s00122-012-1988-2,
SELEKTION OPPENHEIM 4,BERLANDIERI RESSEGUIER 2,Parent 1,SSR,SSR,,,VIVC passport (via Migliaro 2019),10.5344/ajev.2019.18054,,confirmed,BERLANDIERI RESSEGUIER 2 X GLOIRE DE MONTPELLIER,10.1007/s00122-019-03320-5; 10.5344/ajev.2019.18054,Migliaro 2019,10.1007/s00122-019-03320-5,10.1007/s00122-019-03320-5
SELEKTION OPPENHEIM 4,RIPARIA GLOIRE DE MONTPELLIER,Parent 2,SSR,SSR,,,VIVC passport (via Migliaro 2019),10.5344/ajev.2019.18054,,confirmed,BERLANDIERI RESSEGUIER 2 X GLOIRE DE MONTPELLIER,10.1007/s00122-019-03320-5; 10.5344/ajev.2019.18054,Migliaro 2019,10.1007/s00122-019-03320-5,10.1007/s00122-019-03320-5
SEMEBAT,BAROQUE,Parent 1,SSR,SSR,,,VIVC passport (via Lacombe 2013),10.1007/s00122-012-1988-2,,confirmed,BAROQUE X COT,10.1007/s00122-012-1988-2,Lacombe 2013,10.1007/s00122-012-1988-2,
SEMEBAT,MALBEC,Parent 2,SSR,SSR,,,VIVC passport (via Lacombe 2013),10.1007/s00122-012-1988-2,,confirmed,BAROQUE X COT,10.1007/s00122-012-1988-2,Lacombe 2013,10.1007/s00122-012-1988-2,
SENA,HEBIEN,Parent 1,SSR,SSR,,,VIVC passport (via Lacombe & Emanuelli 2020; Laucou 2018),10.3389/fpls.2020.605934,,confirmed,HEBEN X MANSENG NOIR,10.1371/journal.pone.0192540; 10.3389/fpls.2020.605934; 10.5073/vitis.2015.54.special-issue.81-86,Lacombe & Emanuelli 2020; Laucou 2018,10.1371/journal.pone.0192540,10.5073/vitis.2015.54.special-issue.81-86
SENA,MANSENG NOIR,Parent 2,SSR,SSR,,,VIVC passport (via Lacombe & Emanuelli 2020; Laucou 2018),10.3389/fpls.2020.605934,,confirmed,HEBEN X MANSENG NOIR,10.1371/journal.pone.0192540; 10.3389/fpls.2020.605934; 10.5073/vitis.2015.54.special-issue.81-86,Lacombe & Emanuelli 2020; Laucou 2018,10.1371/journal.pone.0192540,10.5073/vitis.2015.54.special-issue.81-86
SEPTIMER,SAVAGNIN BLANC,Parent 1,SSR,SSR,,,VIVC passport (via Lacombe 2013),10.1007/s00122-012-1988-2,,confirmed,TRAMINER X MUELLER THURGAU,10.1007/s00122-012-1988-2,Lacombe 2013,10.1007/s00122-012-1988-2,
SEPTIMER,MUELLER THURGAU,Parent 2,SSR,SSR,,,VIVC passport (via Lacombe 2013),10.1007/s00122-012-1988-2,,confirmed,TRAMINER X MUELLER THURGAU,10.1007/s00122-012-1988-2,Lacombe 2013,10.1007/s00122-012-1988-2,
SERCEALINHO,VITAL,Parent 1,SSR,SSR,,,VIVC passport (via Cunha 2020),10.3389/fpls.2020.00127,,confirmed,VITAL X UVA CAO,10.3389/fpls.2020.00127,Cunha 2020,10.3389/fpls.2020.00127,
SERCEALINHO,UVA CAO,Parent 2,SSR,SSR,,,VIVC passport (via Cunha 2020),10.3389/fpls.2020.00127,,confirmed,VITAL X UVA CAO,10.3389/fpls.2020.00127,Cunha 2020,10.3389/fpls.2020.00127,
SERENEZE,GOUAIS BLANC,Parent 1,SSR,SSR,,,VIVC passport (via Lacombe 2013),10.1007/s00122-012-1988-2,,confirmed,HEUNISCH WEISS X CHATUS,10.1007/s00122-012-1988-2,Lacombe 2013,10.1007/s00122-012-1988-2,
SERENEZE,CHATUS,Parent 2,SSR,SSR,,,VIVC passport (via Lacombe 2013),10.1007/s00122-012-1988-2,,confirmed,HEUNISCH WEISS X CHATUS,10.1007/s00122-012-1988-2,Lacombe 2013,10.1007/s00122-012-1988-2,
SERVANT,WILDBACHER DE HONGRIE,Parent 1,SSR,SSR,,,VIVC passport (via Lacombe & Emanuelli 2020; Lacombe 2013; Laucou 2018),10.1007/s00122-012-1988-2,,confirmed,WILDBACHER DE HONGRIE X FERRAL = PRUNESTA ROSSO VIOLACEA,10.1007/s00122-012-1988-2; 10.1371/journal.pone.0192540; 10.3389/fpls.2020.605934,Lacombe & Emanuelli 2020; Lacombe 2013; Laucou 2018,10.1007/s00122-012-1988-2,
SERVANT,FERRAL = PRUNESTA ROSSO VIOLACEA,Parent 2,SSR,SSR,,,VIVC passport (via Lacombe & Emanuelli 2020; Lacombe 2013; Laucou 2018),10.1007/s00122-012-1988-2,,confirmed,WILDBACHER DE HONGRIE X FERRAL = PRUNESTA ROSSO VIOLACEA,10.1007/s00122-012-1988-2; 10.1371/journal.pone.0192540; 10.3389/fpls.2020.605934,Lacombe & Emanuelli 2020; Lacombe 2013; Laucou 2018,10.1007/s00122-012-1988-2,
SEVAN,KARMIR KAKHANI,Parent 1,SSR,SSR,,,VIVC passport (via Lacombe 2013),10.1007/s00122-012-1988-2,,confirmed,KARMIR KAKHANI X ZHELUDEVYI,10.1007/s00122-012-1988-2,Lacombe 2013,10.1007/s00122-012-1988-2,
SEVAN,ZHELUDEVYI,Parent 2,SSR,SSR,,,VIVC passport (via Lacombe 2013),10.1007/s00122-012-1988-2,,confirmed,KARMIR KAKHANI X ZHELUDEVYI,10.1007/s00122-012-1988-2,Lacombe 2013,10.1007/s00122-012-1988-2,
SEYVAL BLANC,SEIBEL 5656,Parent 1,SSR,SSR,,,VIVC passport (pedigree confirmed by markers),,,confirmed,SEIBEL 5656 X RAYON D'OR,,none,,
SEYVAL BLANC,RAYON D'OR,Parent 2,SSR,SSR,,,VIVC passport (pedigree confirmed by markers),,,confirmed,SEIBEL 5656 X RAYON D'OR,,none,,
SEYVAL NOIR,SEIBEL 5656,Parent 1,SSR,SSR,,,VIVC passport (pedigree confirmed by markers),,,confirmed,SEIBEL 5656 X SEIBEL 4986,,none,,
SEYVAL NOIR,SEIBEL 4986,Parent 2,SSR,SSR,,,VIVC passport (pedigree confirmed by markers),,,confirmed,SEIBEL 5656 X SEIBEL 4986,,none,,
SEYVE VILLARD 12- 286,SEIBEL 6468,Parent 1,SSR,SSR,,,VIVC passport (pedigree confirmed by markers),,,confirmed,SEIBEL 6468 X SUBEREUX,,none,,
SEYVE VILLARD 12- 286,SUBEREUX,Parent 2,SSR,SSR,,,VIVC passport (pedigree confirmed by markers),,,confirmed,SEIBEL 6468 X SUBEREUX,,none,,
SEYVE VILLARD 12- 303,SEIBEL 6468,Parent 1,SSR,SSR,,,VIVC passport (pedigree confirmed by markers),,,confirmed,SEIBEL 6468 X SEIBEL 6905,,none,,
SEYVE VILLARD 12- 303,SEIBEL 6905,Parent 2,SSR,SSR,,,VIVC passport (pedigree confirmed by markers),,,confirmed,SEIBEL 6468 X SEIBEL 6905,,none,,
SEYVE VILLARD 12- 308,SEIBEL 6468,Parent 1,SSR,SSR,,,VIVC passport (pedigree confirmed by markers),,,confirmed,SEIBEL 6468 X SEIBEL 6905,,none,,
SEYVE VILLARD 12- 308,SEIBEL 6905,Parent 2,SSR,SSR,,,VIVC passport (pedigree confirmed by markers),,,confirmed,SEIBEL 6468 X SEIBEL 6905,,none,,
SEYVE VILLARD 12- 327,SEIBEL 6468,Parent 1,SSR,SSR,,,VIVC passport (pedigree confirmed by markers),,,confirmed,SEIBEL 6468 X SEIBEL 6905,,none,,
SEYVE VILLARD 12- 327,SEIBEL 6905,Parent 2,SSR,SSR,,,VIVC passport (pedigree confirmed by markers),,,confirmed,SEIBEL 6468 X SEIBEL 6905,,none,,
SEYVE VILLARD 12- 347,SEIBEL 6468,Parent 1,SSR,SSR,,,VIVC passport (pedigree confirmed by markers),,,confirmed,SEIBEL 6468 X SEIBEL 6905,,none,,
SEYVE VILLARD 12- 347,SEIBEL 6905,Parent 2,SSR,SSR,,,VIVC passport (pedigree confirmed by markers),,,confirmed,SEIBEL 6468 X SEIBEL 6905,,none,,
SEYVE VILLARD 12- 358,SEIBEL 6468,Parent 1,SSR,SSR,,,VIVC passport (pedigree confirmed by markers),,,confirmed,SEIBEL 6468 X SUBEREUX,,none,,
SEYVE VILLARD 12- 358,SUBEREUX,Parent 2,SSR,SSR,,,VIVC passport (pedigree confirmed by markers),,,confirmed,SEIBEL 6468 X SUBEREUX,,none,,
SEYVE VILLARD 12- 391,SEIBEL 6468,Parent 1,SSR,SSR,,,VIVC passport (pedigree confirmed by markers),,,confirmed,SEIBEL 6468 X SEIBEL 6905,,none,,
SEYVE VILLARD 12- 391,SEIBEL 6905,Parent 2,SSR,SSR,,,VIVC passport (pedigree confirmed by markers),,,confirmed,SEIBEL 6468 X SEIBEL 6905,,none,,
SEYVE VILLARD 12- 397,SEIBEL 6468,Parent 1,SSR,SSR,,,VIVC passport (pedigree confirmed by markers),,,confirmed,SEIBEL 6468 X SEIBEL 6905,,none,,
SEYVE VILLARD 12- 397,SEIBEL 6905,Parent 2,SSR,SSR,,,VIVC passport (pedigree confirmed by markers),,,confirmed,SEIBEL 6468 X SEIBEL 6905,,none,,
SEYVE VILLARD 12- 417,SEIBEL 6468,Parent 1,SSR,SSR,,,VIVC passport (pedigree confirmed by markers),10.5073/vitis.2021.60.189-193,,confirmed,SEIBEL 6468 X SUBEREUX,10.5073/vitis.2021.60.189-193,none,10.5073/vitis.2021.60.189-193,10.5073/vitis.2021.60.189-193
SEYVE VILLARD 12- 417,SUBEREUX,Parent 2,SSR,SSR,,,VIVC passport (pedigree confirmed by markers),10.5073/vitis.2021.60.189-193,,confirmed,SEIBEL 6468 X SUBEREUX,10.5073/vitis.2021.60.189-193,none,10.5073/vitis.2021.60.189-193,10.5073/vitis.2021.60.189-193
SEYVE VILLARD 27- 531,COARNA NEAGRA,Parent 1,SSR,SSR,,,VIVC passport (pedigree confirmed by markers),,,confirmed,COARNA NEAGRA X VILLARD BLANC,,none,,
SEYVE VILLARD 27- 531,VILLARD BLANC,Parent 2,SSR,SSR,,,VIVC passport (pedigree confirmed by markers),,,confirmed,COARNA NEAGRA X VILLARD BLANC,,none,,
SHAKAR ANGUR TASHKENTSKII,MATRASSA BLANC FAUX,Parent 1,SSR,SSR,,,VIVC passport (via Lacombe 2013),10.1007/s00122-012-1988-2,,confirmed,MATRASSA BLANC FAUX X KHOUSSAINE BLANC,10.1007/s00122-012-1988-2,Lacombe 2013,10.1007/s00122-012-1988-2,
SHAKAR ANGUR TASHKENTSKII,KHOUSSAINE BLANC,Parent 2,SSR,SSR,,,VIVC passport (via Lacombe 2013),10.1007/s00122-012-1988-2,,confirmed,MATRASSA BLANC FAUX X KHOUSSAINE BLANC,10.1007/s00122-012-1988-2,Lacombe 2013,10.1007/s00122-012-1988-2,
SHAMPANCHIK BESSERGENEVSKII,COARNA ALBA,Parent 1,SSR,SSR,,,VIVC passport (pedigree confirmed by markers),10.1134/S2635167622050135,,confirmed,COARNA ALBA X BULANYI,10.1134/S2635167622050135,none,10.1134/S2635167622050135,10.1134/S2635167622050135
SHAMPANCHIK BESSERGENEVSKII,BULANYI,Parent 2,SSR,SSR,,,VIVC passport (pedigree confirmed by markers),10.1134/S2635167622050135,,confirmed,COARNA ALBA X BULANYI,10.1134/S2635167622050135,none,10.1134/S2635167622050135,10.1134/S2635167622050135
SHIRVAN SHAKHI,CHIRVAN CHAKHI FAUX,Parent 1,SSR,SSR,,,VIVC passport (via Lacombe 2013),10.1007/s00122-012-1988-2,,confirmed,CHIRVAN CHAKHI FAUX X ALII TIERSKII,10.1007/s00122-012-1988-2,Lacombe 2013,10.1007/s00122-012-1988-2,
SHIRVAN SHAKHI,ALII TIERSKII,Parent 2,SSR,SSR,,,VIVC passport (via Lacombe 2013),10.1007/s00122-012-1988-2,,confirmed,CHIRVAN CHAKHI FAUX X ALII TIERSKII,10.1007/s00122-012-1988-2,Lacombe 2013,10.1007/s00122-012-1988-2,
SIBIRKOVYI,COARNA ALBA,Parent 1,SSR,SSR,,,VIVC passport (pedigree confirmed by markers),10.1134/S2635167622050135,,confirmed,COARNA ALBA X BULANYI,10.1134/S2635167622050135,none,10.1134/S2635167622050135,10.1134/S2635167622050135
SIBIRKOVYI,BULANYI,Parent 2,SSR,SSR,,,VIVC passport (pedigree confirmed by markers),10.1134/S2635167622050135,,confirmed,COARNA ALBA X BULANYI,10.1134/S2635167622050135,none,10.1134/S2635167622050135,10.1134/S2635167622050135
SICILIEN,BICANE,Parent 1,SSR,SSR,,,VIVC passport (via Lacombe 2013),10.1007/s00122-012-1988-2,,confirmed,BICANE X PASCAL,10.1007/s00122-012-1988-2,Lacombe 2013,10.1007/s00122-012-1988-2,
SICILIEN,PASCAL,Parent 2,SSR,SSR,,,VIVC passport (via Lacombe 2013),10.1007/s00122-012-1988-2,,confirmed,BICANE X PASCAL,10.1007/s00122-012-1988-2,Lacombe 2013,10.1007/s00122-012-1988-2,
SIEGERREBE,MADELEINE ANGEVINE,Parent 1,SSR,SSR,,,VIVC passport (via Lacombe & Emanuelli 2020; Lacombe 2013; Laucou 2018),10.1007/s00122-012-1988-2,,confirmed,MADELEINE ANGEVINE X TRAMINER,10.1007/s00122-012-1988-2; 10.1371/journal.pone.0192540; 10.3389/fpls.2020.605934,Lacombe & Emanuelli 2020; Lacombe 2013; Laucou 2018,10.1007/s00122-012-1988-2,
SIEGERREBE,SAVAGNIN BLANC,Parent 2,SSR,SSR,,,VIVC passport (via Lacombe & Emanuelli 2020; Lacombe 2013; Laucou 2018),10.1007/s00122-012-1988-2,,confirmed,MADELEINE ANGEVINE X TRAMINER,10.1007/s00122-012-1988-2; 10.1371/journal.pone.0192540; 10.3389/fpls.2020.605934,Lacombe & Emanuelli 2020; Lacombe 2013; Laucou 2018,10.1007/s00122-012-1988-2,
SIEGFRIEDREBE,GEILWEILERHOF VI. 5861,Parent 1,SSR,SSR,,,VIVC passport (pedigree confirmed by markers),,,confirmed,GEILWEILERHOF VI. 5861 X RIESLING WEISS,,none,,
SIEGFRIEDREBE,RIESLING WEISS,Parent 2,SSR,SSR,,,VIVC passport (pedigree confirmed by markers),,,confirmed,GEILWEILERHOF VI. 5861 X RIESLING WEISS,,none,,
SILCHER,KERNER,Parent 1,SSR,SSR,,,VIVC passport (via Lacombe 2013),10.1007/s00122-012-1988-2,,confirmed,KERNER X SILVANER GRUEN,10.1007/s00122-012-1988-2,Lacombe 2013,10.1007/s00122-012-1988-2,
SILCHER,SILVANER GRUEN,Parent 2,SSR,SSR,,,VIVC passport (via Lacombe 2013),10.1007/s00122-012-1988-2,,confirmed,KERNER X SILVANER GRUEN,10.1007/s00122-012-1988-2,Lacombe 2013,10.1007/s00122-012-1988-2,
SILVANER GRUEN,SAVAGNIN BLANC,Parent 1,SSR,SSR,,,VIVC passport (pedigree confirmed by markers),,,confirmed,TRAMINER X OESTERREICHISCH WEISS,,none,,
SILVANER GRUEN,OESTERREICHISCH WEISS,Parent 2,SSR,SSR,,,VIVC passport (pedigree confirmed by markers),,,confirmed,TRAMINER X OESTERREICHISCH WEISS,,none,,
SILVANIA,BICANE,Parent 1,SSR,SSR,,,VIVC passport (via Lacombe 2013),10.1007/s00122-012-1988-2,,confirmed,BICANE X LIMBERGER = BLAUFRÄNKISCH,10.1007/s00122-012-1988-2,Lacombe 2013,10.1007/s00122-012-1988-2,
SILVANIA,LIMBERGER = BLAUFRÄNKISCH,Parent 2,SSR,SSR,,,VIVC passport (via Lacombe 2013),10.1007/s00122-012-1988-2,,confirmed,BICANE X LIMBERGER = BLAUFRÄNKISCH,10.1007/s00122-012-1988-2,Lacombe 2013,10.1007/s00122-012-1988-2,
SIRIO,VERDISO,Parent 1,SSR,SSR,,,VIVC passport (pedigree confirmed by markers),10.1016/j.scienta.2017.02.044,,confirmed,VERDISO X MADELEINE ROYALE,10.1016/j.scienta.2017.02.044,none,10.1016/j.scienta.2017.02.044,10.1016/j.scienta.2017.02.044
SIRIO,MADELEINE ROYALE,Parent 2,SSR,SSR,,,VIVC passport (pedigree confirmed by markers),10.1016/j.scienta.2017.02.044,,confirmed,VERDISO X MADELEINE ROYALE,10.1016/j.scienta.2017.02.044,none,10.1016/j.scienta.2017.02.044,10.1016/j.scienta.2017.02.044
SIRMIUM,SAUVIGNON BLANC,Parent 1,SSR,SSR,,,VIVC passport (pedigree confirmed by markers),,,confirmed,SAUVIGNON BLANC X DIMYAT,,none,,
SIRMIUM,DIMYAT,Parent 2,SSR,SSR,,,VIVC passport (pedigree confirmed by markers),,,confirmed,SAUVIGNON BLANC X DIMYAT,,none,,
SISI,SILVANER,Parent 1,SSR,SSR,,,VIVC passport (pedigree confirmed by markers),,,confirmed,SILVANER X SIEGERREBE,,none,,
SISI,SIEGERREBE,Parent 2,SSR,SSR,,,VIVC passport (pedigree confirmed by markers),,,confirmed,SILVANER X SIEGERREBE,,none,,
SLANKAMENKA BELA,BALINT,Parent 1,SSR,SSR,,,VIVC passport (via Lacombe 2013),10.1007/s00122-012-1988-2,,confirmed,BALINT X RAZACHIE ROSIE,10.1007/s00122-012-1988-2,Lacombe 2013,10.1007/s00122-012-1988-2,
SLANKAMENKA BELA,RAZACHIE ROSIE,Parent 2,SSR,SSR,,,VIVC passport (via Lacombe 2013),10.1007/s00122-012-1988-2,,confirmed,BALINT X RAZACHIE ROSIE,10.1007/s00122-012-1988-2,Lacombe 2013,10.1007/s00122-012-1988-2,
SOLFERINO,REGINA,Parent 1,SSR,SSR,,,VIVC passport (via Lacombe 2013),10.1007/s00122-012-1988-2,,confirmed,REGINA X ANGELO PIROVANO,10.1007/s00122-012-1988-2,Lacombe 2013,10.1007/s00122-012-1988-2,
SOLFERINO,ANGELO PIROVANO,Parent 2,SSR,SSR,,,VIVC passport (via Lacombe 2013),10.1007/s00122-012-1988-2,,confirmed,REGINA X ANGELO PIROVANO,10.1007/s00122-012-1988-2,Lacombe 2013,10.1007/s00122-012-1988-2,
SOPERNIK,SEVERNYI,Parent 1,SSR,SSR,,,VIVC passport (pedigree confirmed by markers),,,confirmed,SEVERNYI X MUSCAT A PETITS GRAINS BLANCS,,none,,
SOPERNIK,MUSCAT A PETITS GRAINS BLANCS,Parent 2,SSR,SSR,,,VIVC passport (pedigree confirmed by markers),,,confirmed,SEVERNYI X MUSCAT A PETITS GRAINS BLANCS,,none,,
SOROK LYET OKTYABRYA,KOPCHAK,Parent 1,SSR,SSR,,,VIVC passport (via Lacombe 2013),10.1007/s00122-012-1988-2,,confirmed,KOPCHAK X ALICANTE HENRI BOUSCHET,10.1007/s00122-012-1988-2; 10.3103/S0095452718050031,Lacombe 2013,10.1007/s00122-012-1988-2,10.3103/S0095452718050031
SOROK LYET OKTYABRYA,ALICANTE HENRI BOUSCHET,Parent 2,SSR,SSR,,,VIVC passport (via Lacombe 2013),10.1007/s00122-012-1988-2,,confirmed,KOPCHAK X ALICANTE HENRI BOUSCHET,10.1007/s00122-012-1988-2; 10.3103/S0095452718050031,Lacombe 2013,10.1007/s00122-012-1988-2,10.3103/S0095452718050031
SOUTHLAND,THOMAS,Parent 1,SSR,SSR,,,VIVC passport (pedigree confirmed by markers),10.21273/JASHS.133.4.559,,confirmed,THOMAS X PARENT 2 WAS NOT CONFIRMED,10.21273/JASHS.133.4.559,none,10.21273/JASHS.133.4.559,10.21273/JASHS.133.4.559
SOUTHLAND,PARENT 2 WAS NOT CONFIRMED,Parent 2,SSR,SSR,,,VIVC passport (pedigree confirmed by markers),10.21273/JASHS.133.4.559,,confirmed,THOMAS X PARENT 2 WAS NOT CONFIRMED,10.21273/JASHS.133.4.559,none,10.21273/JASHS.133.4.559,10.21273/JASHS.133.4.559
SOUVENIR DU CONGRES,COARNA ALBA,Parent 1,SSR,SSR,,,VIVC passport (via Lacombe 2013),10.1007/s00122-012-1988-2,,confirmed,COARNA ALBA X CHASSELAS,10.1007/s00122-012-1988-2,Lacombe 2013,10.1007/s00122-012-1988-2,
SOUVENIR DU CONGRES,CHASSELAS,Parent 2,SSR,SSR,,,VIVC passport (via Lacombe 2013),10.1007/s00122-012-1988-2,,confirmed,COARNA ALBA X CHASSELAS,10.1007/s00122-012-1988-2,Lacombe 2013,10.1007/s00122-012-1988-2,
SOVEREIGN NOIR,MARECHAL FOCH,Parent 1,SSR,SSR,,,VIVC passport (pedigree confirmed by markers),,,confirmed,MARECHAL FOCH X SCHUYLER,,none,,
SOVEREIGN NOIR,SCHUYLER,Parent 2,SSR,SSR,,,VIVC passport (pedigree confirmed by markers),,,confirmed,MARECHAL FOCH X SCHUYLER,,none,,
SOVEREIGN OPAL,GOLDEN MUSCAT,Parent 1,SSR,SSR,,,VIVC passport (pedigree confirmed by markers),,,confirmed,GOLDEN MUSCAT X MARECHAL FOCH,,none,,
SOVEREIGN OPAL,MARECHAL FOCH,Parent 2,SSR,SSR,,,VIVC passport (pedigree confirmed by markers),,,confirmed,GOLDEN MUSCAT X MARECHAL FOCH,,none,,
SOVEREIGN TIARA,GOLDEN MUSCAT,Parent 1,SSR,SSR,,,VIVC passport (pedigree confirmed by markers),,,confirmed,GOLDEN MUSCAT X MARECHAL FOCH,,none,,
SOVEREIGN TIARA,MARECHAL FOCH,Parent 2,SSR,SSR,,,VIVC passport (pedigree confirmed by markers),,,confirmed,GOLDEN MUSCAT X MARECHAL FOCH,,none,,
SOVRANA,FRANKENTHAL,Parent 1,SSR,SSR,,,VIVC passport (via Lacombe 2013),10.1007/s00122-012-1988-2,,confirmed,FRANKENTHAL X DELIZIA DI VAPRIO,10.1007/s00122-012-1988-2,Lacombe 2013,10.1007/s00122-012-1988-2,
SOVRANA,DELIZIA DI VAPRIO,Parent 2,SSR,SSR,,,VIVC passport (via Lacombe 2013),10.1007/s00122-012-1988-2,,confirmed,FRANKENTHAL X DELIZIA DI VAPRIO,10.1007/s00122-012-1988-2,Lacombe 2013,10.1007/s00122-012-1988-2,
STERLING,PARENT 1 WAS NOT CONFIRMED,Parent 1,SSR,SSR,,,VIVC passport (pedigree confirmed by markers),10.21273/JASHS.133.4.559,,confirmed,PARENT 1 WAS NOT CONFIRMED X MAGNOLIA,10.21273/JASHS.133.4.559,none,10.21273/JASHS.133.4.559,10.21273/JASHS.133.4.559
STERLING,MAGNOLIA,Parent 2,SSR,SSR,,,VIVC passport (pedigree confirmed by markers),10.21273/JASHS.133.4.559,,confirmed,PARENT 1 WAS NOT CONFIRMED X MAGNOLIA,10.21273/JASHS.133.4.559,none,10.21273/JASHS.133.4.559,10.21273/JASHS.133.4.559
SUFFOLK RED,FREDONIA,Parent 1,SSR,SSR,,,VIVC passport (pedigree confirmed by markers),,,confirmed,FREDONIA X KISHMISH CHERNYI,,none,,
SUFFOLK RED,KISHMISH CHERNYI,Parent 2,SSR,SSR,,,VIVC passport (pedigree confirmed by markers),,,confirmed,FREDONIA X KISHMISH CHERNYI,,none,,
SUGARGATE,FRY,Parent 1,SSR,SSR,,,VIVC passport (pedigree confirmed by markers),10.21273/JASHS.133.4.559,,confirmed,FRY X PARENT 2 WAS NOT CONFIRMED,10.21273/JASHS.133.4.559,none,10.21273/JASHS.133.4.559,10.21273/JASHS.133.4.559
SUGARGATE,PARENT 2 WAS NOT CONFIRMED,Parent 2,SSR,SSR,,,VIVC passport (pedigree confirmed by markers),10.21273/JASHS.133.4.559,,confirmed,FRY X PARENT 2 WAS NOT CONFIRMED,10.21273/JASHS.133.4.559,none,10.21273/JASHS.133.4.559,10.21273/JASHS.133.4.559
SUKHOLIMANSKII BELYI,CHARDONNAY,Parent 1,SSR,SSR,,,VIVC passport (via Lacombe 2013),10.1007/s00122-012-1988-2,,confirmed,CHARDONNAY X PLAVAI,10.1007/s00122-012-1988-2; 10.3103/S0095452718050031,Lacombe 2013,10.1007/s00122-012-1988-2,10.3103/S0095452718050031
SUKHOLIMANSKII BELYI,PLAVAI,Parent 2,SSR,SSR,,,VIVC passport (via Lacombe 2013),10.1007/s00122-012-1988-2,,confirmed,CHARDONNAY X PLAVAI,10.1007/s00122-012-1988-2; 10.3103/S0095452718050031,Lacombe 2013,10.1007/s00122-012-1988-2,10.3103/S0095452718050031
SULIVAN BLANC,SCHIRAS,Parent 1,SSR,SSR,,,VIVC passport (via Lacombe 2013),10.1007/s00122-012-1988-2,,confirmed,SCHIRAS X CHASSELAS,10.1007/s00122-012-1988-2,Lacombe 2013,10.1007/s00122-012-1988-2,
SULIVAN BLANC,CHASSELAS,Parent 2,SSR,SSR,,,VIVC passport (via Lacombe 2013),10.1007/s00122-012-1988-2,,confirmed,SCHIRAS X CHASSELAS,10.1007/s00122-012-1988-2,Lacombe 2013,10.1007/s00122-012-1988-2,
SULMER,BLAUFRAENKISCH,Parent 1,SSR,SSR,,,VIVC passport (pedigree confirmed by markers),,,confirmed,BLAUFRAENKISCH X PINOT SALOMON,,none,,
SULMER,PINOT SALOMON,Parent 2,SSR,SSR,,,VIVC passport (pedigree confirmed by markers),,,confirmed,BLAUFRAENKISCH X PINOT SALOMON,,none,,
SULTANA MOSCATA,MUSCAT OF ALEXANDRIA,Parent 1,SSR,SSR,,,VIVC passport (via Lacombe & Emanuelli 2020; Lacombe 2013; Laucou 2018),10.1007/s00122-012-1988-2,,confirmed,MUSCAT OF ALEXANDRIA X SULTANINE,10.1007/s00122-012-1988-2; 10.1371/journal.pone.0192540; 10.3389/fpls.2020.605934,Lacombe & Emanuelli 2020; Lacombe 2013; Laucou 2018,10.1007/s00122-012-1988-2,
SULTANA MOSCATA,SULTANINE,Parent 2,SSR,SSR,,,VIVC passport (via Lacombe & Emanuelli 2020; Lacombe 2013; Laucou 2018),10.1007/s00122-012-1988-2,,confirmed,MUSCAT OF ALEXANDRIA X SULTANINE,10.1007/s00122-012-1988-2; 10.1371/journal.pone.0192540; 10.3389/fpls.2020.605934,Lacombe & Emanuelli 2020; Lacombe 2013; Laucou 2018,10.1007/s00122-012-1988-2,
SUMMIT,FRY,Parent 1,SSR,SSR,,,VIVC passport (pedigree confirmed by markers),10.21273/JASHS.133.4.559,,confirmed,FRY X PARENT 2 WAS NOT CONFIRMED,10.21273/JASHS.133.4.559,none,10.21273/JASHS.133.4.559,10.21273/JASHS.133.4.559
SUMMIT,PARENT 2 WAS NOT CONFIRMED,Parent 2,SSR,SSR,,,VIVC passport (pedigree confirmed by markers),10.21273/JASHS.133.4.559,,confirmed,FRY X PARENT 2 WAS NOT CONFIRMED,10.21273/JASHS.133.4.559,none,10.21273/JASHS.133.4.559,10.21273/JASHS.133.4.559
SOPERGA,BARBERA,Parent 1,SSR,SSR,,,VIVC passport (pedigree confirmed by markers),10.1016/j.scienta.2017.02.044,,confirmed,BARBERA X CHATUS,10.1016/j.scienta.2017.02.044,none,10.1016/j.scienta.2017.02.044,10.1016/j.scienta.2017.02.044
SOPERGA,CHATUS,Parent 2,SSR,SSR,,,VIVC passport (pedigree confirmed by markers),10.1016/j.scienta.2017.02.044,,confirmed,BARBERA X CHATUS,10.1016/j.scienta.2017.02.044,none,10.1016/j.scienta.2017.02.044,10.1016/j.scienta.2017.02.044
SYKIOTIS,KONTEGALO,Parent 1,SSR,SSR,,,VIVC passport (via Lacombe 2013),10.1007/s00122-012-1988-2,,confirmed,KONTEGALO X VRADYANO,10.1007/s00122-012-1988-2,Lacombe 2013,10.1007/s00122-012-1988-2,
SYKIOTIS,VRADYANO,Parent 2,SSR,SSR,,,VIVC passport (via Lacombe 2013),10.1007/s00122-012-1988-2,,confirmed,KONTEGALO X VRADYANO,10.1007/s00122-012-1988-2,Lacombe 2013,10.1007/s00122-012-1988-2,
SZAGOS BAJNAR,HALHOLYAG,Parent 1,SSR,SSR,,,VIVC passport (via Lacombe 2013),10.1007/s00122-012-1988-2,,confirmed,HALHOLYAG X LISZTES FEHER,10.1007/s00122-012-1988-2,Lacombe 2013,10.1007/s00122-012-1988-2,
SZAGOS BAJNAR,LISZTES FEHER,Parent 2,SSR,SSR,,,VIVC passport (via Lacombe 2013),10.1007/s00122-012-1988-2,,confirmed,HALHOLYAG X LISZTES FEHER,10.1007/s00122-012-1988-2,Lacombe 2013,10.1007/s00122-012-1988-2,
SZAUTER GUSZTAV,CALABRE,Parent 1,SSR,SSR,,,VIVC passport (via Lacombe 2013),10.1007/s00122-012-1988-2,,confirmed,CALABRE X MUSCAT D'ALEXANDRIE,10.1007/s00122-012-1988-2; 10.1007/s11295-014-0746-9,Lacombe 2013,10.1007/s00122-012-1988-2,10.1007/s11295-014-0746-9
SZAUTER GUSZTAV,MUSCAT D'ALEXANDRIE,Parent 2,SSR,SSR,,,VIVC passport (via Lacombe 2013),10.1007/s00122-012-1988-2,,confirmed,CALABRE X MUSCAT D'ALEXANDRIE,10.1007/s00122-012-1988-2; 10.1007/s11295-014-0746-9,Lacombe 2013,10.1007/s00122-012-1988-2,10.1007/s11295-014-0746-9
SZEGENY EMBER SZOELOEJE,ROSA MENNA DI VACCA,Parent 1,SSR,SSR,,,VIVC passport (via Lacombe 2013),10.1007/s00122-012-1988-2,,confirmed,ROSA MENNA DI VACCA X MATHIASZ JANOSNE,10.1007/s00122-012-1988-2,Lacombe 2013,10.1007/s00122-012-1988-2,
SZEGENY EMBER SZOELOEJE,MATHIASZ JANOSNE,Parent 2,SSR,SSR,,,VIVC passport (via Lacombe 2013),10.1007/s00122-012-1988-2,,confirmed,ROSA MENNA DI VACCA X MATHIASZ JANOSNE,10.1007/s00122-012-1988-2,Lacombe 2013,10.1007/s00122-012-1988-2,
TAMAREZ MOSCATEL,TAMAREZ,Parent 1,SSR,SSR,,,VIVC passport (via Lacombe 2013),10.1007/s00122-012-1988-2,,confirmed,TAMAREZ X MUSCAT D'ALEXANDRIE,10.1007/s00122-012-1988-2,Lacombe 2013,10.1007/s00122-012-1988-2,
TAMAREZ MOSCATEL,MUSCAT D'ALEXANDRIE,Parent 2,SSR,SSR,,,VIVC passport (via Lacombe 2013),10.1007/s00122-012-1988-2,,confirmed,TAMAREZ X MUSCAT D'ALEXANDRIE,10.1007/s00122-012-1988-2,Lacombe 2013,10.1007/s00122-012-1988-2,
TANDANYA,BICANE,Parent 1,SSR,SSR,,,VIVC passport (via Lacombe 2013),10.1007/s00122-012-1988-2,,confirmed,BICANE X HEPTAKILO,10.1007/s00122-012-1988-2,Lacombe 2013,10.1007/s00122-012-1988-2,
TANDANYA,HEPTAKILO,Parent 2,SSR,SSR,,,VIVC passport (via Lacombe 2013),10.1007/s00122-012-1988-2,,confirmed,BICANE X HEPTAKILO,10.1007/s00122-012-1988-2,Lacombe 2013,10.1007/s00122-012-1988-2,
TARNAU,ANGOOR KALAN,Parent 1,SSR,SSR,,,VIVC passport (via Lacombe 2013),10.1007/s00122-012-1988-2,,confirmed,ANGOOR KALAN X KICHMICH ROND,10.1007/s00122-012-1988-2,Lacombe 2013,10.1007/s00122-012-1988-2,
TARNAU,KICHMICH ROND,Parent 2,SSR,SSR,,,VIVC passport (via Lacombe 2013),10.1007/s00122-012-1988-2,,confirmed,ANGOOR KALAN X KICHMICH ROND,10.1007/s00122-012-1988-2,Lacombe 2013,10.1007/s00122-012-1988-2,
TARRANGO,TOURIGA NACIONAL,Parent 1,SSR,SSR,,,VIVC passport (via Lacombe & Emanuelli 2020; Lacombe 2013; Laucou 2018),10.1007/s00122-012-1988-2,,confirmed,TOURIGA NACIONAL X SULTANA,10.1007/s00122-012-1988-2; 10.1371/journal.pone.0192540; 10.3389/fpls.2020.605934,Lacombe & Emanuelli 2020; Lacombe 2013; Laucou 2018,10.1007/s00122-012-1988-2,
TARRANGO,SULTANA,Parent 2,SSR,SSR,,,VIVC passport (via Lacombe & Emanuelli 2020; Lacombe 2013; Laucou 2018),10.1007/s00122-012-1988-2,,confirmed,TOURIGA NACIONAL X SULTANA,10.1007/s00122-012-1988-2; 10.1371/journal.pone.0192540; 10.3389/fpls.2020.605934,Lacombe & Emanuelli 2020; Lacombe 2013; Laucou 2018,10.1007/s00122-012-1988-2,
TAVRIDA,SAPERAVI,Parent 1,SSR,SSR,,,VIVC passport (via Lacombe 2013),10.1007/s00122-012-1988-2,,confirmed,SAPERAVI X CABERNET SAUVIGNON,10.1007/s00122-012-1988-2,Lacombe 2013,10.1007/s00122-012-1988-2,
TAVRIDA,CABERNET SAUVIGNON,Parent 2,SSR,SSR,,,VIVC passport (via Lacombe 2013),10.1007/s00122-012-1988-2,,confirmed,SAPERAVI X CABERNET SAUVIGNON,10.1007/s00122-012-1988-2,Lacombe 2013,10.1007/s00122-012-1988-2,
CUBRICA,COARNA ALB,Parent 1,SSR,SSR,,,VIVC passport (pedigree confirmed by markers),10.1038/s41598-020-71918-7,,confirmed,COARNA ALB X KRATOSIJA,10.1038/s41598-020-71918-7,none,10.1038/s41598-020-71918-7,10.1038/s41598-020-71918-7
CUBRICA,KRATOSIJA,Parent 2,SSR,SSR,,,VIVC passport (pedigree confirmed by markers),10.1038/s41598-020-71918-7,,confirmed,COARNA ALB X KRATOSIJA,10.1038/s41598-020-71918-7,none,10.1038/s41598-020-71918-7,10.1038/s41598-020-71918-7
TELEKI 5 A,BERLANDIERI RESSEGUIER 2,Parent 1,SSR,SSR,,,VIVC passport (pedigree confirmed by markers),10.1007/s00122-019-03320-5,,confirmed,BERLANDIERI RESSEGUIER 2 X GLOIRE DE MONTPELLIER,10.1007/s00122-019-03320-5,none,10.1007/s00122-019-03320-5,10.1007/s00122-019-03320-5
TELEKI 5 A,RIPARIA GLOIRE DE MONTPELLIER,Parent 2,SSR,SSR,,,VIVC passport (pedigree confirmed by markers),10.1007/s00122-019-03320-5,,confirmed,BERLANDIERI RESSEGUIER 2 X GLOIRE DE MONTPELLIER,10.1007/s00122-019-03320-5,none,10.1007/s00122-019-03320-5,10.1007/s00122-019-03320-5
TELEKI 5 C,BERLANDIERI RESSEGUIER 2,Parent 1,SSR,SSR,,,VIVC passport (via Migliaro 2019),10.5344/ajev.2019.18054,,confirmed,BERLANDIERI RESSEGUIER 2 X GLOIRE DE MONTPELLIER,10.1007/s00122-019-03320-5; 10.5344/ajev.2019.18054,Migliaro 2019,10.1007/s00122-019-03320-5,10.1007/s00122-019-03320-5
TELEKI 5 C,RIPARIA GLOIRE DE MONTPELLIER,Parent 2,SSR,SSR,,,VIVC passport (via Migliaro 2019),10.5344/ajev.2019.18054,,confirmed,BERLANDIERI RESSEGUIER 2 X GLOIRE DE MONTPELLIER,10.1007/s00122-019-03320-5; 10.5344/ajev.2019.18054,Migliaro 2019,10.1007/s00122-019-03320-5,10.1007/s00122-019-03320-5
TELEKI 8 B,RESSEGUIER 2,Parent 1,SSR,SSR,,,VIVC passport (via Migliaro 2019),10.5344/ajev.2019.18054,,confirmed,RESSEGUIER 2 X GLOIRE DE MONTPELLIER,10.1007/s00122-019-03320-5; 10.5344/ajev.2019.18054,Migliaro 2019,10.1007/s00122-019-03320-5,10.1007/s00122-019-03320-5
TELEKI 8 B,RIPARIA GLOIRE DE MONTPELLIER,Parent 2,SSR,SSR,,,VIVC passport (via Migliaro 2019),10.5344/ajev.2019.18054,,confirmed,RESSEGUIER 2 X GLOIRE DE MONTPELLIER,10.1007/s00122-019-03320-5; 10.5344/ajev.2019.18054,Migliaro 2019,10.1007/s00122-019-03320-5,10.1007/s00122-019-03320-5
TELEKI 8 B SEL. FERRARI,RESSEGUIER N. 2,Parent 1,SSR,SSR,,,VIVC passport (via Migliaro 2019),10.5344/ajev.2019.18054,,confirmed,RESSEGUIER N. 2 X GLOIRE DE MONTPELLIER,10.5344/ajev.2019.18054,Migliaro 2019,10.5344/ajev.2019.18054,
TELEKI 8 B SEL. FERRARI,RIPARIA GLOIRE DE MONTPELLIER,Parent 2,SSR,SSR,,,VIVC passport (via Migliaro 2019),10.5344/ajev.2019.18054,,confirmed,RESSEGUIER N. 2 X GLOIRE DE MONTPELLIER,10.5344/ajev.2019.18054,Migliaro 2019,10.5344/ajev.2019.18054,
TELEKI 10 A,SOLONIS,Parent 1,SSR,SSR,,,VIVC passport (via Migliaro 2019),10.5344/ajev.2019.18054,,confirmed,SOLONIS X PARENT 2 IS MOST LIKELY EXTINCT,10.5344/ajev.2019.18054,Migliaro 2019,10.5344/ajev.2019.18054,
TELEKI 10 A,PARENT 2 IS MOST LIKELY EXTINCT,Parent 2,SSR,SSR,,,VIVC passport (via Migliaro 2019),10.5344/ajev.2019.18054,,confirmed,SOLONIS X PARENT 2 IS MOST LIKELY EXTINCT,10.5344/ajev.2019.18054,Migliaro 2019,10.5344/ajev.2019.18054,
KOBER 125 AA,RESSEGUIER 2,Parent 1,SSR,SSR,,,VIVC passport (via Migliaro 2019),10.5344/ajev.2019.18054,,confirmed,RESSEGUIER 2 X GLOIRE DE MONTPELLIER,10.1007/s00122-019-03320-5; 10.5344/ajev.2019.18054,Migliaro 2019,10.1007/s00122-019-03320-5,10.1007/s00122-019-03320-5
KOBER 125 AA,RIPARIA GLOIRE DE MONTPELLIER,Parent 2,SSR,SSR,,,VIVC passport (via Migliaro 2019),10.5344/ajev.2019.18054,,confirmed,RESSEGUIER 2 X GLOIRE DE MONTPELLIER,10.1007/s00122-019-03320-5; 10.5344/ajev.2019.18054,Migliaro 2019,10.1007/s00122-019-03320-5,10.1007/s00122-019-03320-5
TEMPRANILLO TINTO,ALBILLO MAYOR,Parent 1,SSR,SSR,,,VIVC passport (via Cunha 2020; Lacombe & Emanuelli 2020; Laucou 2018),10.3389/fpls.2020.605934,,confirmed,ALBILLO MAYOR X BENEDICTO,10.1007/s10722-013-0064-3; 10.1371/journal.pone.0192540; 10.3389/fpls.2020.00127; 10.3389/fpls.2020.605934; 10.5344/ajev.2012.12012,Cunha 2020; Lacombe & Emanuelli 2020; Laucou 2018,10.1007/s10722-013-0064-3,10.1007/s10722-013-0064-3; 10.5344/ajev.2012.12012
TEMPRANILLO TINTO,BENEDICTO,Parent 2,SSR,SSR,,,VIVC passport (via Cunha 2020; Lacombe & Emanuelli 2020; Laucou 2018),10.3389/fpls.2020.605934,,confirmed,ALBILLO MAYOR X BENEDICTO,10.1007/s10722-013-0064-3; 10.1371/journal.pone.0192540; 10.3389/fpls.2020.00127; 10.3389/fpls.2020.605934; 10.5344/ajev.2012.12012,Cunha 2020; Lacombe & Emanuelli 2020; Laucou 2018,10.1007/s10722-013-0064-3,10.1007/s10722-013-0064-3; 10.5344/ajev.2012.12012
TEOULIER BLANC FEMELLE,CLAIRETTE,Parent 1,SSR,SSR,,,VIVC passport (via Lacombe 2013),10.1007/s00122-012-1988-2,,confirmed,CLAIRETTE X PASCAL,10.1007/s00122-012-1988-2,Lacombe 2013,10.1007/s00122-012-1988-2,
TEOULIER BLANC FEMELLE,PASCAL,Parent 2,SSR,SSR,,,VIVC passport (via Lacombe 2013),10.1007/s00122-012-1988-2,,confirmed,CLAIRETTE X PASCAL,10.1007/s00122-012-1988-2,Lacombe 2013,10.1007/s00122-012-1988-2,
TEOULIER NOIR,POUGAYEN,Parent 1,SSR,SSR,,,VIVC passport (via Lacombe 2013),10.1007/s00122-012-1988-2,,confirmed,POUGAYEN X PLANT D'ENTRECHAUX,10.1007/s00122-012-1988-2,Lacombe 2013,10.1007/s00122-012-1988-2,
TEOULIER NOIR,PLANT D'ENTRECHAUX,Parent 2,SSR,SSR,,,VIVC passport (via Lacombe 2013),10.1007/s00122-012-1988-2,,confirmed,POUGAYEN X PLANT D'ENTRECHAUX,10.1007/s00122-012-1988-2,Lacombe 2013,10.1007/s00122-012-1988-2,
TERESITA,MUSCAT HAMBURG,Parent 1,SSR,SSR,,,VIVC passport (via Lacombe 2013),10.1007/s00122-012-1988-2,,confirmed,MUSCAT HAMBURG X CICLOPICA,10.1007/s00122-012-1988-2,Lacombe 2013,10.1007/s00122-012-1988-2,
TERESITA,CICLOPICA,Parent 2,SSR,SSR,,,VIVC passport (via Lacombe 2013),10.1007/s00122-012-1988-2,,confirmed,MUSCAT HAMBURG X CICLOPICA,10.1007/s00122-012-1988-2,Lacombe 2013,10.1007/s00122-012-1988-2,
TERRAMON ROND,TERRET BLANC,Parent 1,SSR,SSR,,,VIVC passport (via Lacombe 2013),10.1007/s00122-012-1988-2,,confirmed,TERRET BLANC X ARAMON GRIS,10.1007/s00122-012-1988-2,Lacombe 2013,10.1007/s00122-012-1988-2,
TERRAMON ROND,ARAMON GRIS,Parent 2,SSR,SSR,,,VIVC passport (via Lacombe 2013),10.1007/s00122-012-1988-2,,confirmed,TERRET BLANC X ARAMON GRIS,10.1007/s00122-012-1988-2,Lacombe 2013,10.1007/s00122-012-1988-2,
TERRET BOUSCHET,TERRET,Parent 1,SSR,SSR,,,VIVC passport (via Lacombe 2013),10.1007/s00122-012-1988-2,,confirmed,TERRET X BOUSCHET PETIT,10.1007/s00122-012-1988-2,Lacombe 2013,10.1007/s00122-012-1988-2,
TERRET BOUSCHET,BOUSCHET PETIT,Parent 2,SSR,SSR,,,VIVC passport (via Lacombe 2013),10.1007/s00122-012-1988-2,,confirmed,TERRET X BOUSCHET PETIT,10.1007/s00122-012-1988-2,Lacombe 2013,10.1007/s00122-012-1988-2,
TERZI 1,BARBERA,Parent 1,SSR,SSR,,,VIVC passport (via Cipriani 2010; Lacombe & Emanuelli 2020),10.3389/fpls.2020.605934,,confirmed,BARBERA X MERLOT,10.1007/s00122-010-1411-9; 10.3389/fpls.2020.605934,Cipriani 2010; Lacombe & Emanuelli 2020,10.1007/s00122-010-1411-9,
TERZI 1,MERLOT,Parent 2,SSR,SSR,,,VIVC passport (via Cipriani 2010; Lacombe & Emanuelli 2020),10.3389/fpls.2020.605934,,confirmed,BARBERA X MERLOT,10.1007/s00122-010-1411-9; 10.3389/fpls.2020.605934,Cipriani 2010; Lacombe & Emanuelli 2020,10.1007/s00122-010-1411-9,
THALLOCZY LAJOS,SICILIEN,Parent 1,SSR,SSR,,,VIVC passport (via Lacombe 2013),10.1007/s00122-012-1988-2,,confirmed,SICILIEN X MUSCAT OF ALEXANDRIA,10.1007/s00122-012-1988-2; 10.1007/s11295-014-0746-9,Lacombe 2013,10.1007/s00122-012-1988-2,10.1007/s11295-014-0746-9
THALLOCZY LAJOS,MUSCAT OF ALEXANDRIA,Parent 2,SSR,SSR,,,VIVC passport (via Lacombe 2013),10.1007/s00122-012-1988-2,,confirmed,SICILIEN X MUSCAT OF ALEXANDRIA,10.1007/s00122-012-1988-2; 10.1007/s11295-014-0746-9,Lacombe 2013,10.1007/s00122-012-1988-2,10.1007/s11295-014-0746-9
THERME,CINSAUT,Parent 1,SSR,SSR,,,VIVC passport (via Lacombe 2013),10.1007/s00122-012-1988-2,,confirmed,CINSAUT X KOENIGIN DER WEINGAERTEN,10.1007/s00122-012-1988-2,Lacombe 2013,10.1007/s00122-012-1988-2,
THERME,KOENIGIN DER WEINGAERTEN,Parent 2,SSR,SSR,,,VIVC passport (via Lacombe 2013),10.1007/s00122-012-1988-2,,confirmed,CINSAUT X KOENIGIN DER WEINGAERTEN,10.1007/s00122-012-1988-2,Lacombe 2013,10.1007/s00122-012-1988-2,
THOMUSCAT,MUSCAT OF ALEXANDRIA,Parent 1,SSR,SSR,,,VIVC passport (pedigree confirmed by markers),10.5073/vitis.2001.40.23-30,,confirmed,MUSCAT OF ALEXANDRIA X THOMPSON SEEDLESS,10.5073/vitis.2001.40.23-30,none,10.5073/vitis.2001.40.23-30,10.5073/vitis.2001.40.23-30
THOMUSCAT,THOMPSON SEEDLESS,Parent 2,SSR,SSR,,,VIVC passport (pedigree confirmed by markers),10.5073/vitis.2001.40.23-30,,confirmed,MUSCAT OF ALEXANDRIA X THOMPSON SEEDLESS,10.5073/vitis.2001.40.23-30,none,10.5073/vitis.2001.40.23-30,10.5073/vitis.2001.40.23-30
TIGRANI,SAPERAVI,Parent 1,SSR,SSR,,,VIVC passport (via Margaryan 2021),10.3390/biology10121279,,confirmed,SAPERAVI X ARENI SEV,10.3390/biology10121279,Margaryan 2021,10.3390/biology10121279,
TIGRANI,ARENI SEV,Parent 2,SSR,SSR,,,VIVC passport (via Margaryan 2021),10.3390/biology10121279,,confirmed,SAPERAVI X ARENI SEV,10.3390/biology10121279,Margaryan 2021,10.3390/biology10121279,
TINOS,MUSCAT DE HAMBOURG,Parent 1,SSR,SSR,,,VIVC passport (via Lacombe 2013),10.1007/s00122-012-1988-2,,confirmed,MUSCAT DE HAMBOURG X DATTIER DE BEYROUTH,10.1007/s00122-012-1988-2,Lacombe 2013,10.1007/s00122-012-1988-2,
TINOS,DATTIER DE BEYROUTH,Parent 2,SSR,SSR,,,VIVC passport (via Lacombe 2013),10.1007/s00122-012-1988-2,,confirmed,MUSCAT DE HAMBOURG X DATTIER DE BEYROUTH,10.1007/s00122-012-1988-2,Lacombe 2013,10.1007/s00122-012-1988-2,
TINTA AGUIAR,MARUFO,Parent 1,SSR,SSR,,,VIVC passport (via Cunha 2020),10.3389/fpls.2020.00127,,confirmed,MARUFO X TOURIGA NACIONAL,10.3389/fpls.2020.00127,Cunha 2020,10.3389/fpls.2020.00127,
TINTA AGUIAR,TOURIGA NACIONAL,Parent 2,SSR,SSR,,,VIVC passport (via Cunha 2020),10.3389/fpls.2020.00127,,confirmed,MARUFO X TOURIGA NACIONAL,10.3389/fpls.2020.00127,Cunha 2020,10.3389/fpls.2020.00127,
VALDOSA,MARUFO,Parent 1,SSR,SSR,,,VIVC passport (via Cunha 2020),10.3389/fpls.2020.00127,,confirmed,MARUFO X CORNIFESTO,10.3389/fpls.2020.00127,Cunha 2020,10.3389/fpls.2020.00127,
VALDOSA,CORNIFESTO,Parent 2,SSR,SSR,,,VIVC passport (via Cunha 2020),10.3389/fpls.2020.00127,,confirmed,MARUFO X CORNIFESTO,10.3389/fpls.2020.00127,Cunha 2020,10.3389/fpls.2020.00127,
TINTA BARROCA,MARUFO,Parent 1,SSR,SSR,,,VIVC passport (via Cunha 2020; Lacombe & Emanuelli 2020; Lacombe 2013; Laucou 2018),10.1007/s00122-012-1988-2,,confirmed,MARUFO X TOURIGA NACIONAL,10.1007/s00122-012-1988-2; 10.1016/j.scienta.2010.11.018; 10.1371/journal.pone.0192540; 10.3389/fpls.2020.00127; 10.3389/fpls.2020.605934,Cunha 2020; Lacombe & Emanuelli 2020; Lacombe 2013; Laucou 2018,10.1007/s00122-012-1988-2,10.1016/j.scienta.2010.11.018
TINTA BARROCA,TOURIGA NACIONAL,Parent 2,SSR,SSR,,,VIVC passport (via Cunha 2020; Lacombe & Emanuelli 2020; Lacombe 2013; Laucou 2018),10.1007/s00122-012-1988-2,,confirmed,MARUFO X TOURIGA NACIONAL,10.1007/s00122-012-1988-2; 10.1016/j.scienta.2010.11.018; 10.1371/journal.pone.0192540; 10.3389/fpls.2020.00127; 10.3389/fpls.2020.605934,Cunha 2020; Lacombe & Emanuelli 2020; Lacombe 2013; Laucou 2018,10.1007/s00122-012-1988-2,10.1016/j.scienta.2010.11.018
TINTA CARVALHA,CAINHO DA TERRA,Parent 1,SSR,SSR,,,VIVC passport (via Cunha 2020),10.3389/fpls.2020.00127,,confirmed,CAINHO DA TERRA X CAYETANA BLANCA,10.3389/fpls.2020.00127,Cunha 2020,10.3389/fpls.2020.00127,
TINTA CARVALHA,CAYETANA BLANCA,Parent 2,SSR,SSR,,,VIVC passport (via Cunha 2020),10.3389/fpls.2020.00127,,confirmed,CAINHO DA TERRA X CAYETANA BLANCA,10.3389/fpls.2020.00127,Cunha 2020,10.3389/fpls.2020.00127,
MOURISCO DE SEMENTE,MOURISCO TINTO = MARUFO,Parent 1,SSR,SSR,,,VIVC passport (via Cunha 2020; Lacombe 2013),10.1007/s00122-012-1988-2,,confirmed,MOURISCO TINTO = MARUFO X BORRACAL,10.1007/s00122-012-1988-2; 10.3389/fpls.2020.00127,Cunha 2020; Lacombe 2013,10.1007/s00122-012-1988-2,
MOURISCO DE SEMENTE,BORRACAL,Parent 2,SSR,SSR,,,VIVC passport (via Cunha 2020; Lacombe 2013),10.1007/s00122-012-1988-2,,confirmed,MOURISCO TINTO = MARUFO X BORRACAL,10.1007/s00122-012-1988-2; 10.3389/fpls.2020.00127,Cunha 2020; Lacombe 2013,10.1007/s00122-012-1988-2,
MELRA,MARUFO,Parent 1,SSR,SSR,,,VIVC passport (via Cunha 2020),10.3389/fpls.2020.00127,,confirmed,MARUFO X TOURIGA NACIONAL,10.3389/fpls.2020.00127,Cunha 2020,10.3389/fpls.2020.00127,
MELRA,TOURIGA NACIONAL,Parent 2,SSR,SSR,,,VIVC passport (via Cunha 2020),10.3389/fpls.2020.00127,,confirmed,MARUFO X TOURIGA NACIONAL,10.3389/fpls.2020.00127,Cunha 2020,10.3389/fpls.2020.00127,
ALCOA,GRAND NOIR,Parent 1,SSR,SSR,,,VIVC passport (via Cunha 2020),10.3389/fpls.2020.00127,,confirmed,GRAND NOIR X CASTELAO,10.3389/fpls.2020.00127,Cunha 2020,10.3389/fpls.2020.00127,
ALCOA,CASTELAO,Parent 2,SSR,SSR,,,VIVC passport (via Cunha 2020),10.3389/fpls.2020.00127,,confirmed,GRAND NOIR X CASTELAO,10.3389/fpls.2020.00127,Cunha 2020,10.3389/fpls.2020.00127,
CIDADELHE,MARUFO,Parent 1,SSR,SSR,,,VIVC passport (via Cunha 2020),10.3389/fpls.2020.00127,,confirmed,MARUFO X CASTELOA,10.3389/fpls.2020.00127,Cunha 2020,10.3389/fpls.2020.00127,
CIDADELHE,CASTELOA,Parent 2,SSR,SSR,,,VIVC passport (via Cunha 2020),10.3389/fpls.2020.00127,,confirmed,MARUFO X CASTELOA,10.3389/fpls.2020.00127,Cunha 2020,10.3389/fpls.2020.00127,
TINTA DE TABUACO,TROUSSEAU NOIR,Parent 1,SSR,SSR,,,VIVC passport (via Cunha 2020),10.3389/fpls.2020.00127,,confirmed,TROUSSEAU NOIR X CASTELLANA BLANCA,10.3389/fpls.2020.00127,Cunha 2020,10.3389/fpls.2020.00127,
TINTA DE TABUACO,CASTELLANA BLANCA,Parent 2,SSR,SSR,,,VIVC passport (via Cunha 2020),10.3389/fpls.2020.00127,,confirmed,TROUSSEAU NOIR X CASTELLANA BLANCA,10.3389/fpls.2020.00127,Cunha 2020,10.3389/fpls.2020.00127,
TINTA MESQUITA,MARUFO,Parent 1,SSR,SSR,,,VIVC passport (via Cunha 2020),10.3389/fpls.2020.00127,,confirmed,MARUFO X VINHAO,10.3389/fpls.2020.00127,Cunha 2020,10.3389/fpls.2020.00127,
TINTA MESQUITA,VINHAO,Parent 2,SSR,SSR,,,VIVC passport (via Cunha 2020),10.3389/fpls.2020.00127,,confirmed,MARUFO X VINHAO,10.3389/fpls.2020.00127,Cunha 2020,10.3389/fpls.2020.00127,
RICOCA,MARUFO,Parent 1,SSR,SSR,,,VIVC passport (via Cunha 2020),10.3389/fpls.2020.00127,,confirmed,MARUFO X TROUSSEAU NOIR,10.3389/fpls.2020.00127,Cunha 2020,10.3389/fpls.2020.00127,
RICOCA,TROUSSEAU NOIR,Parent 2,SSR,SSR,,,VIVC passport (via Cunha 2020),10.3389/fpls.2020.00127,,confirmed,MARUFO X TROUSSEAU NOIR,10.3389/fpls.2020.00127,Cunha 2020,10.3389/fpls.2020.00127,
TINTO DE PEGOES,CASTELAO,Parent 1,SSR,SSR,,,VIVC passport (via Cunha 2020),10.3389/fpls.2020.00127,,confirmed,CASTELAO X ALICANTE HENRI BOUSCHET,10.3389/fpls.2020.00127,Cunha 2020,10.3389/fpls.2020.00127,
TINTO DE PEGOES,ALICANTE HENRI BOUSCHET,Parent 2,SSR,SSR,,,VIVC passport (via Cunha 2020),10.3389/fpls.2020.00127,,confirmed,CASTELAO X ALICANTE HENRI BOUSCHET,10.3389/fpls.2020.00127,Cunha 2020,10.3389/fpls.2020.00127,
TINTORA,GERUSALEMME,Parent 1,SSR,SSR,,,VIVC passport (via Cipriani 2010),10.1007/s00122-010-1411-9,,confirmed,GERUSALEMME X AGLIANICO,10.1007/s00122-010-1411-9,Cipriani 2010,10.1007/s00122-010-1411-9,
TINTORA,AGLIANICO,Parent 2,SSR,SSR,,,VIVC passport (via Cipriani 2010),10.1007/s00122-010-1411-9,,confirmed,GERUSALEMME X AGLIANICO,10.1007/s00122-010-1411-9,Cipriani 2010,10.1007/s00122-010-1411-9,
TISSERAND,CABERNET SAUVIGNON,Parent 1,SSR,SSR,,,VIVC passport (pedigree confirmed by markers),10.1007/s00122-019-03320-5,,confirmed,CABERNET SAUVIGNON X PARENT 2 IS MOST LIKELY EXTINCT,10.1007/s00122-019-03320-5,none,10.1007/s00122-019-03320-5,10.1007/s00122-019-03320-5
TISSERAND,PARENT 2 IS MOST LIKELY EXTINCT,Parent 2,SSR,SSR,,,VIVC passport (pedigree confirmed by markers),10.1007/s00122-019-03320-5,,confirmed,CABERNET SAUVIGNON X PARENT 2 IS MOST LIKELY EXTINCT,10.1007/s00122-019-03320-5,none,10.1007/s00122-019-03320-5,10.1007/s00122-019-03320-5
TOEKOES PIROS,BEREGI ROZSAS,Parent 1,SSR,SSR,,,VIVC passport (via Lacombe 2013),10.1007/s00122-012-1988-2,,confirmed,BEREGI ROZSAS X FURMINT,10.1007/s00122-012-1988-2,Lacombe 2013,10.1007/s00122-012-1988-2,
TOEKOES PIROS,FURMINT,Parent 2,SSR,SSR,,,VIVC passport (via Lacombe 2013),10.1007/s00122-012-1988-2,,confirmed,BEREGI ROZSAS X FURMINT,10.1007/s00122-012-1988-2,Lacombe 2013,10.1007/s00122-012-1988-2,
HEUNISCH SCHWARZ,SUESSSCHWARZ,Parent 1,SSR,SSR,,,VIVC passport (pedigree confirmed by markers),,,confirmed,SUESSSCHWARZ X HEUNISCH WEISS,,none,,
HEUNISCH SCHWARZ,GOUAIS BLANC,Parent 2,SSR,SSR,,,VIVC passport (pedigree confirmed by markers),,,confirmed,SUESSSCHWARZ X HEUNISCH WEISS,,none,,
TOKUN,ARAKSENI BELYI,Parent 1,SSR,SSR,,,VIVC passport (via Margaryan 2021),10.3390/biology10121279,,confirmed,ARAKSENI BELYI X ARARATI,10.3390/biology10121279,Margaryan 2021,10.3390/biology10121279,
TOKUN,ARARATI,Parent 2,SSR,SSR,,,VIVC passport (via Margaryan 2021),10.3390/biology10121279,,confirmed,ARAKSENI BELYI X ARARATI,10.3390/biology10121279,Margaryan 2021,10.3390/biology10121279,
TOMPA MIHALY,QUEEN VICTORIA,Parent 1,SSR,SSR,,,VIVC passport (via Lacombe 2013),10.1007/s00122-012-1988-2,,confirmed,QUEEN VICTORIA X MUSCAT D'ALEXANDRIE,10.1007/s00122-012-1988-2,Lacombe 2013,10.1007/s00122-012-1988-2,
TOMPA MIHALY,MUSCAT D'ALEXANDRIE,Parent 2,SSR,SSR,,,VIVC passport (via Lacombe 2013),10.1007/s00122-012-1988-2,,confirmed,QUEEN VICTORIA X MUSCAT D'ALEXANDRIE,10.1007/s00122-012-1988-2,Lacombe 2013,10.1007/s00122-012-1988-2,
TOPSAIL,LATHAM,Parent 1,SSR,SSR,,,VIVC passport (pedigree confirmed by markers),10.21273/JASHS.133.4.559,,confirmed,LATHAM X PARENT 2 WAS NOT CONFIRMED,10.21273/JASHS.133.4.559,none,10.21273/JASHS.133.4.559,10.21273/JASHS.133.4.559
TOPSAIL,PARENT 2 WAS NOT CONFIRMED,Parent 2,SSR,SSR,,,VIVC passport (pedigree confirmed by markers),10.21273/JASHS.133.4.559,,confirmed,LATHAM X PARENT 2 WAS NOT CONFIRMED,10.21273/JASHS.133.4.559,none,10.21273/JASHS.133.4.559,10.21273/JASHS.133.4.559
TORRALBA,GIBI = HEBEN,Parent 1,SSR,SSR,,,VIVC passport (via Lacombe & Emanuelli 2020; Laucou 2018),10.3389/fpls.2020.605934,,confirmed,GIBI = HEBEN X BREVAL NEGRO,10.1371/journal.pone.0192540; 10.3389/fpls.2020.605934,Lacombe & Emanuelli 2020; Laucou 2018,10.1371/journal.pone.0192540,
TORRALBA,BREVAL NEGRO,Parent 2,SSR,SSR,,,VIVC passport (via Lacombe & Emanuelli 2020; Laucou 2018),10.3389/fpls.2020.605934,,confirmed,GIBI = HEBEN X BREVAL NEGRO,10.1371/journal.pone.0192540; 10.3389/fpls.2020.605934,Lacombe & Emanuelli 2020; Laucou 2018,10.1371/journal.pone.0192540,
TOTIKA,BAJOR KEK,Parent 1,SSR,SSR,,,VIVC passport (via Lacombe & Emanuelli 2020; Lacombe 2013; Laucou 2018),10.1007/s00122-012-1988-2,,confirmed,BAJOR KEK X KADARKA,10.1007/s00122-012-1988-2; 10.1371/journal.pone.0192540; 10.3389/fpls.2020.605934,Lacombe & Emanuelli 2020; Lacombe 2013; Laucou 2018,10.1007/s00122-012-1988-2,
TOTIKA,KADARKA,Parent 2,SSR,SSR,,,VIVC passport (via Lacombe & Emanuelli 2020; Lacombe 2013; Laucou 2018),10.1007/s00122-012-1988-2,,confirmed,BAJOR KEK X KADARKA,10.1007/s00122-012-1988-2; 10.1371/journal.pone.0192540; 10.3389/fpls.2020.605934,Lacombe & Emanuelli 2020; Lacombe 2013; Laucou 2018,10.1007/s00122-012-1988-2,
TOURIGA FEMEA,TOURIGA NACIONAL,Parent 1,SSR,SSR,,,VIVC passport (via Cunha 2020; Lacombe 2013),10.1007/s00122-012-1988-2,,confirmed,TOURIGA NACIONAL X ARINTO DO DAO,10.1007/s00122-012-1988-2; 10.3389/fpls.2020.00127,Cunha 2020; Lacombe 2013,10.1007/s00122-012-1988-2,
TOURIGA FEMEA,ARINTO DO DAO,Parent 2,SSR,SSR,,,VIVC passport (via Cunha 2020; Lacombe 2013),10.1007/s00122-012-1988-2,,confirmed,TOURIGA NACIONAL X ARINTO DO DAO,10.1007/s00122-012-1988-2; 10.3389/fpls.2020.00127,Cunha 2020; Lacombe 2013,10.1007/s00122-012-1988-2,
TOURIGA FRANCA,MARUFO,Parent 1,SSR,SSR,,,VIVC passport (via Cunha 2020; Lacombe & Emanuelli 2020; Laucou 2018),10.3389/fpls.2020.605934,,confirmed,MARUFO X TOURIGA NACIONAL,10.1016/j.scienta.2010.11.018; 10.1371/journal.pone.0192540; 10.3389/fpls.2020.00127; 10.3389/fpls.2020.605934,Cunha 2020; Lacombe & Emanuelli 2020; Laucou 2018,10.1016/j.scienta.2010.11.018,10.1016/j.scienta.2010.11.018
TOURIGA FRANCA,TOURIGA NACIONAL,Parent 2,SSR,SSR,,,VIVC passport (via Cunha 2020; Lacombe & Emanuelli 2020; Laucou 2018),10.3389/fpls.2020.605934,,confirmed,MARUFO X TOURIGA NACIONAL,10.1016/j.scienta.2010.11.018; 10.1371/journal.pone.0192540; 10.3389/fpls.2020.00127; 10.3389/fpls.2020.605934,Cunha 2020; Lacombe & Emanuelli 2020; Laucou 2018,10.1016/j.scienta.2010.11.018,10.1016/j.scienta.2010.11.018
TRICANA,DIAGALVES,Parent 1,SSR,SSR,,,VIVC passport (via Lacombe 2013),10.1007/s00122-012-1988-2,,confirmed,DIAGALVES X SULTANINA,10.1007/s00122-012-1988-2,Lacombe 2013,10.1007/s00122-012-1988-2,
TRICANA,SULTANINA,Parent 2,SSR,SSR,,,VIVC passport (via Lacombe 2013),10.1007/s00122-012-1988-2,,confirmed,DIAGALVES X SULTANINA,10.1007/s00122-012-1988-2,Lacombe 2013,10.1007/s00122-012-1988-2,
TRIOMPHE D'ALSACE,MILLARDET ET GRASSET 101 O.P.,Parent 1,SSR,SSR,,,VIVC passport (pedigree confirmed by markers),,,confirmed,MILLARDET ET GRASSET  101 O.P. X KNIPPERLE,,none,,
TRIOMPHE D'ALSACE,KNIPPERLE,Parent 2,SSR,SSR,,,VIVC passport (pedigree confirmed by markers),,,confirmed,MILLARDET ET GRASSET  101 O.P. X KNIPPERLE,,none,,
ELBLING BLAU,RIESLING WEISS,Parent 1,SSR,SSR,,,VIVC passport (via Lacombe 2013),10.1007/s00122-012-1988-2,,confirmed,RIESLING WEISS X SCHIAVA GROSSA,10.1007/s00122-012-1988-2,Lacombe 2013,10.1007/s00122-012-1988-2,
ELBLING BLAU,SCHIAVA GROSSA,Parent 2,SSR,SSR,,,VIVC passport (via Lacombe 2013),10.1007/s00122-012-1988-2,,confirmed,RIESLING WEISS X SCHIAVA GROSSA,10.1007/s00122-012-1988-2,Lacombe 2013,10.1007/s00122-012-1988-2,
TRIPOLI,ANGELO PIROVANO,Parent 1,SSR,SSR,,,VIVC passport (via Lacombe 2013),10.1007/s00122-012-1988-2,,confirmed,ANGELO PIROVANO X ITALIA,10.1007/s00122-012-1988-2; 10.1007/s11295-014-0746-9,Lacombe 2013,10.1007/s00122-012-1988-2,10.1007/s11295-014-0746-9
TRIPOLI,ITALIA,Parent 2,SSR,SSR,,,VIVC passport (via Lacombe 2013),10.1007/s00122-012-1988-2,,confirmed,ANGELO PIROVANO X ITALIA,10.1007/s00122-012-1988-2; 10.1007/s11295-014-0746-9,Lacombe 2013,10.1007/s00122-012-1988-2,10.1007/s11295-014-0746-9
TRIUNFO,CASTELAO,Parent 1,SSR,SSR,,,VIVC passport (via Cunha 2020),10.3389/fpls.2020.00127,,confirmed,CASTELAO X MUSCAT HAMBURG,10.3389/fpls.2020.00127,Cunha 2020,10.3389/fpls.2020.00127,
TRIUNFO,MUSCAT HAMBURG,Parent 2,SSR,SSR,,,VIVC passport (via Cunha 2020),10.3389/fpls.2020.00127,,confirmed,CASTELAO X MUSCAT HAMBURG,10.3389/fpls.2020.00127,Cunha 2020,10.3389/fpls.2020.00127,
TROYEN,PINOT,Parent 1,SSR,SSR,,,VIVC passport (via Lacombe 2013),10.1007/s00122-012-1988-2,,confirmed,PINOT X GOUAIS BLANC = HEUNISCH WEISS,10.1007/s00122-012-1988-2,Lacombe 2013,10.1007/s00122-012-1988-2,
TROYEN,GOUAIS BLANC = HEUNISCH WEISS,Parent 2,SSR,SSR,,,VIVC passport (via Lacombe 2013),10.1007/s00122-012-1988-2,,confirmed,PINOT X GOUAIS BLANC = HEUNISCH WEISS,10.1007/s00122-012-1988-2,Lacombe 2013,10.1007/s00122-012-1988-2,
TSIMLADAR,BURYI 2,Parent 1,SSR,SSR,,,VIVC passport (pedigree confirmed by markers),10.1134/S2635167622050135,,confirmed,BURYI 2 X TSIMLYANSKIY CHERNYI,10.1134/S2635167622050135,none,10.1134/S2635167622050135,10.1134/S2635167622050135
TSIMLADAR,TSIMLYANSKIY CHERNYI,Parent 2,SSR,SSR,,,VIVC passport (pedigree confirmed by markers),10.1134/S2635167622050135,,confirmed,BURYI 2 X TSIMLYANSKIY CHERNYI,10.1134/S2635167622050135,none,10.1134/S2635167622050135,10.1134/S2635167622050135
TSIMLYANSKII CHERNYI,PLETCHISTIK,Parent 1,SSR,SSR,,,VIVC passport (via Lacombe 2013),10.1007/s00122-012-1988-2,,confirmed,PLETCHISTIK X KOKOUR BELY,10.1007/s00122-012-1988-2; 10.1134/S2635167622050135,Lacombe 2013,10.1007/s00122-012-1988-2,10.1134/S2635167622050135
TSIMLYANSKII CHERNYI,KOKOUR BELY,Parent 2,SSR,SSR,,,VIVC passport (via Lacombe 2013),10.1007/s00122-012-1988-2,,confirmed,PLETCHISTIK X KOKOUR BELY,10.1007/s00122-012-1988-2; 10.1134/S2635167622050135,Lacombe 2013,10.1007/s00122-012-1988-2,10.1134/S2635167622050135
TSNORIS TETRI,KHARISTVALA TETRI,Parent 1,SSR,SSR,,,VIVC passport (pedigree confirmed by markers),,,confirmed,KHARISTVALA TETRI X RKATSITELI,,none,,
TSNORIS TETRI,RKATSITELI,Parent 2,SSR,SSR,,,VIVC passport (pedigree confirmed by markers),,,confirmed,KHARISTVALA TETRI X RKATSITELI,,none,,
TSVETOCHNYI,SEVERNYI,Parent 1,SSR,SSR,,,VIVC passport (pedigree confirmed by markers),,,confirmed,SEVERNYI X MUSCAT A PETITS GRAINS BLANCS,,none,,
TSVETOCHNYI,MUSCAT A PETITS GRAINS BLANCS,Parent 2,SSR,SSR,,,VIVC passport (pedigree confirmed by markers),,,confirmed,SEVERNYI X MUSCAT A PETITS GRAINS BLANCS,,none,,
TULILLAH,MACABEO,Parent 1,SSR,SSR,,,VIVC passport (via Lacombe 2013),10.1007/s00122-012-1988-2,,confirmed,MACABEO X SULTANA,10.1007/s00122-012-1988-2,Lacombe 2013,10.1007/s00122-012-1988-2,
TULILLAH,SULTANA,Parent 2,SSR,SSR,,,VIVC passport (via Lacombe 2013),10.1007/s00122-012-1988-2,,confirmed,MACABEO X SULTANA,10.1007/s00122-012-1988-2,Lacombe 2013,10.1007/s00122-012-1988-2,
TURKI,KARYSTINO,Parent 1,SSR,SSR,,,VIVC passport (via Lacombe 2013),10.1007/s00122-012-1988-2,,confirmed,KARYSTINO X HEPTAKILO,10.1007/s00122-012-1988-2,Lacombe 2013,10.1007/s00122-012-1988-2,
TURKI,HEPTAKILO,Parent 2,SSR,SSR,,,VIVC passport (via Lacombe 2013),10.1007/s00122-012-1988-2,,confirmed,KARYSTINO X HEPTAKILO,10.1007/s00122-012-1988-2,Lacombe 2013,10.1007/s00122-012-1988-2,
UBAKLURI,SAPENA,Parent 1,SSR,SSR,,,VIVC passport (pedigree confirmed by markers),,,confirmed,SAPENA X MTSVANE KAKHURI,,none,,
UBAKLURI,MTSVANE KAKHURI,Parent 2,SSR,SSR,,,VIVC passport (pedigree confirmed by markers),,,confirmed,SAPENA X MTSVANE KAKHURI,,none,,
URRETI,HARSLEVELUE,Parent 1,SSR,SSR,,,VIVC passport (via Lacombe 2013),10.1007/s00122-012-1988-2,,confirmed,HARSLEVELUE X SAUVIGNON,10.1007/s00122-012-1988-2,Lacombe 2013,10.1007/s00122-012-1988-2,
URRETI,SAUVIGNON,Parent 2,SSR,SSR,,,VIVC passport (via Lacombe 2013),10.1007/s00122-012-1988-2,,confirmed,HARSLEVELUE X SAUVIGNON,10.1007/s00122-012-1988-2,Lacombe 2013,10.1007/s00122-012-1988-2,
USHAHAS NAZELI,TEBRIZI,Parent 1,SSR,SSR,,,VIVC passport (via Margaryan 2021),10.3390/biology10121279,,confirmed,TEBRIZI X ESKERI,10.3390/biology10121279,Margaryan 2021,10.3390/biology10121279,
USHAHAS NAZELI,ESKERI,Parent 2,SSR,SSR,,,VIVC passport (via Margaryan 2021),10.3390/biology10121279,,confirmed,TEBRIZI X ESKERI,10.3390/biology10121279,Margaryan 2021,10.3390/biology10121279,
UVA DI TROIA,BOMBINO BIANCO,Parent 1,SSR,SSR,,,VIVC passport (via Lacombe & Emanuelli 2020; Lacombe 2013),10.1007/s00122-012-1988-2,,confirmed,BOMBINO BIANCO X BOUTEILLAN NOIR,10.1007/s00122-012-1988-2; 10.1186/s40064-016-3228-8; 10.3389/fpls.2020.605934,Lacombe & Emanuelli 2020; Lacombe 2013,10.1007/s00122-012-1988-2,10.1186/s40064-016-3228-8
UVA DI TROIA,BOUTEILLAN NOIR,Parent 2,SSR,SSR,,,VIVC passport (via Lacombe & Emanuelli 2020; Lacombe 2013),10.1007/s00122-012-1988-2,,confirmed,BOMBINO BIANCO X BOUTEILLAN NOIR,10.1007/s00122-012-1988-2; 10.1186/s40064-016-3228-8; 10.3389/fpls.2020.605934,Lacombe & Emanuelli 2020; Lacombe 2013,10.1007/s00122-012-1988-2,10.1186/s40064-016-3228-8
UVA TOSCA,CREPALLOCCHI,Parent 1,SSR,SSR,,,VIVC passport (via Cipriani 2010),10.1007/s00122-010-1411-9,,confirmed,CREPALLOCCHI X SCHIAVA GROSSA,10.1007/s00122-010-1411-9,Cipriani 2010,10.1007/s00122-010-1411-9,
UVA TOSCA,SCHIAVA GROSSA,Parent 2,SSR,SSR,,,VIVC passport (via Cipriani 2010),10.1007/s00122-010-1411-9,,confirmed,CREPALLOCCHI X SCHIAVA GROSSA,10.1007/s00122-010-1411-9,Cipriani 2010,10.1007/s00122-010-1411-9,
KARMIR ARARATI,KARMIR KAKHANI,Parent 1,SSR,SSR,,,VIVC passport (via Margaryan 2021),10.3390/biology10121279,,confirmed,KARMIR KAKHANI X ARARATI,10.3390/biology10121279,Margaryan 2021,10.3390/biology10121279,
KARMIR ARARATI,ARARATI,Parent 2,SSR,SSR,,,VIVC passport (via Margaryan 2021),10.3390/biology10121279,,confirmed,KARMIR KAKHANI X ARARATI,10.3390/biology10121279,Margaryan 2021,10.3390/biology10121279,
VALENTINO NERO,CHATUS,Parent 1,SSR,SSR,,,VIVC passport (via Lacombe & Emanuelli 2020),10.3389/fpls.2020.605934,,confirmed,CHATUS X DOLCETTO,10.1016/j.scienta.2017.02.044; 10.3389/fpls.2020.605934,Lacombe & Emanuelli 2020,10.1016/j.scienta.2017.02.044,10.1016/j.scienta.2017.02.044
VALENTINO NERO,DOLCETTO,Parent 2,SSR,SSR,,,VIVC passport (via Lacombe & Emanuelli 2020),10.3389/fpls.2020.605934,,confirmed,CHATUS X DOLCETTO,10.1016/j.scienta.2017.02.044; 10.3389/fpls.2020.605934,Lacombe & Emanuelli 2020,10.1016/j.scienta.2017.02.044,10.1016/j.scienta.2017.02.044
VANI,NIMRANG,Parent 1,SSR,SSR,,,VIVC passport (pedigree confirmed by markers),,,confirmed,NIMRANG X ITALIA,,none,,
VANI,ITALIA,Parent 2,SSR,SSR,,,VIVC passport (pedigree confirmed by markers),,,confirmed,NIMRANG X ITALIA,,none,,
KARMIR YEREVANI,AREVIK SPITAK,Parent 1,SSR,SSR,,,VIVC passport (via Margaryan 2021),10.3390/biology10121279,,confirmed,AREVIK SPITAK X SULTANINA,10.3390/biology10121279,Margaryan 2021,10.3390/biology10121279,
KARMIR YEREVANI,SULTANINA,Parent 2,SSR,SSR,,,VIVC passport (via Margaryan 2021),10.3390/biology10121279,,confirmed,AREVIK SPITAK X SULTANINA,10.3390/biology10121279,Margaryan 2021,10.3390/biology10121279,
VEGA,FURMINT,Parent 1,SSR,SSR,,,VIVC passport (via Lacombe & Emanuelli 2020),10.3389/fpls.2020.605934,,confirmed,FURMINT X MALVASIA ISTRIANA,10.1016/j.scienta.2017.02.044; 10.3389/fpls.2020.605934,Lacombe & Emanuelli 2020,10.1016/j.scienta.2017.02.044,10.1016/j.scienta.2017.02.044
VEGA,MALVASIA ISTRIANA,Parent 2,SSR,SSR,,,VIVC passport (via Lacombe & Emanuelli 2020),10.3389/fpls.2020.605934,,confirmed,FURMINT X MALVASIA ISTRIANA,10.1016/j.scienta.2017.02.044; 10.3389/fpls.2020.605934,Lacombe & Emanuelli 2020,10.1016/j.scienta.2017.02.044,10.1016/j.scienta.2017.02.044
VEKONYHEJU,BLANK BLAUER,Parent 1,SSR,SSR,,,VIVC passport (via Lacombe 2013),10.1007/s00122-012-1988-2,,confirmed,BLANK BLAUER X GOUAIS BLANC,10.1007/s00122-012-1988-2,Lacombe 2013,10.1007/s00122-012-1988-2,
VEKONYHEJU,GOUAIS BLANC,Parent 2,SSR,SSR,,,VIVC passport (via Lacombe 2013),10.1007/s00122-012-1988-2,,confirmed,BLANK BLAUER X GOUAIS BLANC,10.1007/s00122-012-1988-2,Lacombe 2013,10.1007/s00122-012-1988-2,
VENGERSKII SINII,MADELEINE ANGEVINE,Parent 1,SSR,SSR,,,VIVC passport (pedigree confirmed by markers),10.1134/S2635167622050135,,confirmed,MADELEINE ANGEVINE X MUSCAT HAMBURG,10.1134/S2635167622050135,none,10.1134/S2635167622050135,10.1134/S2635167622050135
VENGERSKII SINII,MUSCAT HAMBURG,Parent 2,SSR,SSR,,,VIVC passport (pedigree confirmed by markers),10.1134/S2635167622050135,,confirmed,MADELEINE ANGEVINE X MUSCAT HAMBURG,10.1134/S2635167622050135,none,10.1134/S2635167622050135,10.1134/S2635167622050135
VERDEJO BLANCO,CASTELLANA BLANCA,Parent 1,SSR,SSR,,,VIVC passport (via Lacombe & Emanuelli 2020; Lacombe 2013; Laucou 2018),10.1007/s00122-012-1988-2,,confirmed,CASTELLANA BLANCA X SAVAGNIN = TRAMINER,10.1007/s00122-012-1988-2; 10.1007/s10722-013-0064-3; 10.1111/ajgw.12353; 10.1371/journal.pone.0192540; 10.3389/fpls.2020.605934,Lacombe & Emanuelli 2020; Lacombe 2013; Laucou 2018,10.1007/s00122-012-1988-2,10.1007/s10722-013-0064-3; 10.1111/ajgw.12353
VERDEJO BLANCO,SAVAGNIN = TRAMINER,Parent 2,SSR,SSR,,,VIVC passport (via Lacombe & Emanuelli 2020; Lacombe 2013; Laucou 2018),10.1007/s00122-012-1988-2,,confirmed,CASTELLANA BLANCA X SAVAGNIN = TRAMINER,10.1007/s00122-012-1988-2; 10.1007/s10722-013-0064-3; 10.1111/ajgw.12353; 10.1371/journal.pone.0192540; 10.3389/fpls.2020.605934,Lacombe & Emanuelli 2020; Lacombe 2013; Laucou 2018,10.1007/s00122-012-1988-2,10.1007/s10722-013-0064-3; 10.1111/ajgw.12353
VERDELET,CINSAUT,Parent 1,SSR,SSR,,,VIVC passport (via Lacombe & Emanuelli 2020),10.3389/fpls.2020.605934,,confirmed,CINSAUT X PARENT 2 IS MOST LIKELY EXTINCT,10.3389/fpls.2020.605934,Lacombe & Emanuelli 2020,10.3389/fpls.2020.605934,
VERDELET,PARENT 2 IS MOST LIKELY EXTINCT,Parent 2,SSR,SSR,,,VIVC passport (via Lacombe & Emanuelli 2020),10.3389/fpls.2020.605934,,confirmed,CINSAUT X PARENT 2 IS MOST LIKELY EXTINCT,10.3389/fpls.2020.605934,Lacombe & Emanuelli 2020,10.3389/fpls.2020.605934,
GOUVEIO,CASTELLANA BLANCA,Parent 1,SSR,SSR,,,VIVC passport (via Cunha 2020; Lacombe & Emanuelli 2020; Lacombe 2013),10.1007/s00122-012-1988-2,,confirmed,CASTELLANA BLANCA X SAVAGNIN = TRAMINER,10.1007/s00122-012-1988-2; 10.1111/ajgw.12353; 10.3389/fpls.2020.00127; 10.3389/fpls.2020.605934,Cunha 2020; Lacombe & Emanuelli 2020; Lacombe 2013,10.1007/s00122-012-1988-2,10.1111/ajgw.12353
GOUVEIO,SAVAGNIN = TRAMINER,Parent 2,SSR,SSR,,,VIVC passport (via Cunha 2020; Lacombe & Emanuelli 2020; Lacombe 2013),10.1007/s00122-012-1988-2,,confirmed,CASTELLANA BLANCA X SAVAGNIN = TRAMINER,10.1007/s00122-012-1988-2; 10.1111/ajgw.12353; 10.3389/fpls.2020.00127; 10.3389/fpls.2020.605934,Cunha 2020; Lacombe & Emanuelli 2020; Lacombe 2013,10.1007/s00122-012-1988-2,10.1111/ajgw.12353
VERTES CSILLAGA,SEVYVE VILLARD 12286,Parent 1,SSR,SSR,,,VIVC passport (pedigree confirmed by markers),,,confirmed,SEVYVE VILLARD 12286 X MEDOC NOIR,,none,,
VERTES CSILLAGA,MEDOC NOIR,Parent 2,SSR,SSR,,,VIVC passport (pedigree confirmed by markers),,,confirmed,SEVYVE VILLARD 12286 X MEDOC NOIR,,none,,
VICTOIRE,MILLARDET ET GRASSET 101 O.P.,Parent 1,SSR,SSR,,,VIVC passport (pedigree confirmed by markers),,,confirmed,MILLARDET ET GRASSET  101 O.P. X KNIPPERLE,,none,,
VICTOIRE,KNIPPERLE,Parent 2,SSR,SSR,,,VIVC passport (pedigree confirmed by markers),,,confirmed,MILLARDET ET GRASSET  101 O.P. X KNIPPERLE,,none,,
VICTOR,PANSE PRECOCE,Parent 1,SSR,SSR,,,VIVC passport (via Lacombe 2013),10.1007/s00122-012-1988-2,,confirmed,PANSE PRECOCE X MOSCATO D'ADDA,10.1007/s00122-012-1988-2,Lacombe 2013,10.1007/s00122-012-1988-2,
VICTOR,MOSCATO D'ADDA,Parent 2,SSR,SSR,,,VIVC passport (via Lacombe 2013),10.1007/s00122-012-1988-2,,confirmed,PANSE PRECOCE X MOSCATO D'ADDA,10.1007/s00122-012-1988-2,Lacombe 2013,10.1007/s00122-012-1988-2,
VICTORIA,CARDINAL,Parent 1,SSR,SSR,,,VIVC passport (via Cipriani 2010; Lacombe & Emanuelli 2020; Lacombe 2013; Laucou 2018),10.1007/s00122-012-1988-2,,confirmed,CARDINAL X AFUS ALI,10.1007/s00122-010-1411-9; 10.1007/s00122-012-1988-2; 10.1007/s11295-014-0746-9; 10.1371/journal.pone.0192540; 10.3389/fpls.2020.605934; 10.5073/vitis.2002.41.183-187,Cipriani 2010; Lacombe & Emanuelli 2020; Lacombe 2013; Laucou 2018,10.1007/s00122-010-1411-9,10.1007/s11295-014-0746-9; 10.5073/vitis.2002.41.183-187
VICTORIA,AFUS ALI,Parent 2,SSR,SSR,,,VIVC passport (via Cipriani 2010; Lacombe & Emanuelli 2020; Lacombe 2013; Laucou 2018),10.1007/s00122-012-1988-2,,confirmed,CARDINAL X AFUS ALI,10.1007/s00122-010-1411-9; 10.1007/s00122-012-1988-2; 10.1007/s11295-014-0746-9; 10.1371/journal.pone.0192540; 10.3389/fpls.2020.605934; 10.5073/vitis.2002.41.183-187,Cipriani 2010; Lacombe & Emanuelli 2020; Lacombe 2013; Laucou 2018,10.1007/s00122-010-1411-9,10.1007/s11295-014-0746-9; 10.5073/vitis.2002.41.183-187
SAINTONGE,FOLLE BLANCHE,Parent 1,SSR,SSR,,,VIVC passport (via Lacombe 2013),10.1007/s00122-012-1988-2,,confirmed,FOLLE BLANCHE X TREBBIANO TOSCANO,10.1007/s00122-012-1988-2,Lacombe 2013,10.1007/s00122-012-1988-2,
SAINTONGE,UGNI BLANC,Parent 2,SSR,SSR,,,VIVC passport (via Lacombe 2013),10.1007/s00122-012-1988-2,,confirmed,FOLLE BLANCHE X TREBBIANO TOSCANO,10.1007/s00122-012-1988-2,Lacombe 2013,10.1007/s00122-012-1988-2,
VIDAL 36,FOLLE BLANCHE,Parent 1,SSR,SSR,,,VIVC passport (via Lacombe 2013),10.1007/s00122-012-1988-2,,confirmed,FOLLE BLANCHE X UGNI BLANC,10.1007/s00122-012-1988-2,Lacombe 2013,10.1007/s00122-012-1988-2,
VIDAL 36,UGNI BLANC,Parent 2,SSR,SSR,,,VIVC passport (via Lacombe 2013),10.1007/s00122-012-1988-2,,confirmed,FOLLE BLANCHE X UGNI BLANC,10.1007/s00122-012-1988-2,Lacombe 2013,10.1007/s00122-012-1988-2,
BEAUSOLEIL,JURANCON BLANC,Parent 1,SSR,SSR,,,VIVC passport (via Lacombe 2013),10.1007/s00122-012-1988-2,,confirmed,JURANCON BLANC X TREBBIANO TOSCANO,10.1007/s00122-012-1988-2,Lacombe 2013,10.1007/s00122-012-1988-2,
BEAUSOLEIL,UGNI BLANC,Parent 2,SSR,SSR,,,VIVC passport (via Lacombe 2013),10.1007/s00122-012-1988-2,,confirmed,JURANCON BLANC X TREBBIANO TOSCANO,10.1007/s00122-012-1988-2,Lacombe 2013,10.1007/s00122-012-1988-2,
VIDAL 98 T,JURANCON BLANC,Parent 1,SSR,SSR,,,VIVC passport (via Lacombe 2013),10.1007/s00122-012-1988-2,,confirmed,JURANCON BLANC X UGNI BLANC,10.1007/s00122-012-1988-2,Lacombe 2013,10.1007/s00122-012-1988-2,
VIDAL 98 T,UGNI BLANC,Parent 2,SSR,SSR,,,VIVC passport (via Lacombe 2013),10.1007/s00122-012-1988-2,,confirmed,JURANCON BLANC X UGNI BLANC,10.1007/s00122-012-1988-2,Lacombe 2013,10.1007/s00122-012-1988-2,
VIDAL 99 T,JURANCON,Parent 1,SSR,SSR,,,VIVC passport (via Lacombe 2013),10.1007/s00122-012-1988-2,,confirmed,JURANCON X UGNI BLANC,10.1007/s00122-012-1988-2,Lacombe 2013,10.1007/s00122-012-1988-2,
VIDAL 99 T,UGNI BLANC,Parent 2,SSR,SSR,,,VIVC passport (via Lacombe 2013),10.1007/s00122-012-1988-2,,confirmed,JURANCON X UGNI BLANC,10.1007/s00122-012-1988-2,Lacombe 2013,10.1007/s00122-012-1988-2,
VIDAL 117,COLOMBARD,Parent 1,SSR,SSR,,,VIVC passport (via Lacombe 2013),10.1007/s00122-012-1988-2,,confirmed,COLOMBARD X UGNI BLANC,10.1007/s00122-012-1988-2,Lacombe 2013,10.1007/s00122-012-1988-2,
VIDAL 117,UGNI BLANC,Parent 2,SSR,SSR,,,VIVC passport (via Lacombe 2013),10.1007/s00122-012-1988-2,,confirmed,COLOMBARD X UGNI BLANC,10.1007/s00122-012-1988-2,Lacombe 2013,10.1007/s00122-012-1988-2,
VIDAL BLANC,UGNI BLANC,Parent 1,SSR,SSR,,,VIVC passport (pedigree confirmed by markers),,,confirmed,UGNI BLANC X RAYON D'OR,,none,,
VIDAL BLANC,RAYON D'OR,Parent 2,SSR,SSR,,,VIVC passport (pedigree confirmed by markers),,,confirmed,UGNI BLANC X RAYON D'OR,,none,,
VIDAL 662,FOLLE BLANCHE,Parent 1,SSR,SSR,,,VIVC passport (via Lacombe 2013),10.1007/s00122-012-1988-2,,confirmed,FOLLE BLANCHE X UGNI BLANC,10.1007/s00122-012-1988-2,Lacombe 2013,10.1007/s00122-012-1988-2,
VIDAL 662,UGNI BLANC,Parent 2,SSR,SSR,,,VIVC passport (via Lacombe 2013),10.1007/s00122-012-1988-2,,confirmed,FOLLE BLANCHE X UGNI BLANC,10.1007/s00122-012-1988-2,Lacombe 2013,10.1007/s00122-012-1988-2,
VIDAL 678,MUSCAT D'ALEXANDRIE,Parent 1,SSR,SSR,,,VIVC passport (via Lacombe 2013),10.1007/s00122-012-1988-2,,confirmed,MUSCAT D'ALEXANDRIE X UGNI BLANC,10.1007/s00122-012-1988-2,Lacombe 2013,10.1007/s00122-012-1988-2,
VIDAL 678,UGNI BLANC,Parent 2,SSR,SSR,,,VIVC passport (via Lacombe 2013),10.1007/s00122-012-1988-2,,confirmed,MUSCAT D'ALEXANDRIE X UGNI BLANC,10.1007/s00122-012-1988-2,Lacombe 2013,10.1007/s00122-012-1988-2,
VILLARD BLANC,SEIBEL 6468,Parent 1,SSR,SSR,,,VIVC passport (pedigree confirmed by markers),,,confirmed,SEIBEL 6468 X SUBEREUX,,none,,
VILLARD BLANC,SUBEREUX,Parent 2,SSR,SSR,,,VIVC passport (pedigree confirmed by markers),,,confirmed,SEIBEL 6468 X SUBEREUX,,none,,
VILLARD NOIR,CHANCELLOR,Parent 1,SSR,SSR,,,VIVC passport (pedigree confirmed by markers),,,confirmed,CHANCELLOR X SUBEREUX,,none,,
VILLARD NOIR,SUBEREUX,Parent 2,SSR,SSR,,,VIVC passport (pedigree confirmed by markers),,,confirmed,CHANCELLOR X SUBEREUX,,none,,
VITAL,ARINTO DO DAO,Parent 1,SSR,SSR,,,VIVC passport (pedigree confirmed by markers),,,confirmed,ARINTO DO DAO X RABIGATO,,none,,
VITAL,RABIGATO,Parent 2,SSR,SSR,,,VIVC passport (pedigree confirmed by markers),,,confirmed,ARINTO DO DAO X RABIGATO,,none,,
VIURA,HEBIEN,Parent 1,SSR,SSR,,,VIVC passport (pedigree confirmed by markers),,,confirmed,HEBEN X BRUSTIANO FAUX,,none,,
VIURA,BRUSTIANO FAUX,Parent 2,SSR,SSR,,,VIVC passport (pedigree confirmed by markers),,,confirmed,HEBEN X BRUSTIANO FAUX,,none,,
VIVONA 378,MUSCAT OF ALEXANDRIA,Parent 1,SSR,SSR,,,VIVC passport (pedigree confirmed by markers),,,confirmed,MUSCAT OF ALEXANDRIA X BRUNI 415,,none,,
VIVONA 378,BRUNI 415,Parent 2,SSR,SSR,,,VIVC passport (pedigree confirmed by markers),,,confirmed,MUSCAT OF ALEXANDRIA X BRUNI 415,,none,,
VOLTA,MOSCATO NERO DI ACQUI,Parent 1,SSR,SSR,,,VIVC passport (pedigree confirmed by markers),,,confirmed,MOSCATO NERO DI ACQUI X PIROVANO 17,,none,,
VOLTA,PIROVANO 17,Parent 2,SSR,SSR,,,VIVC passport (pedigree confirmed by markers),,,confirmed,MOSCATO NERO DI ACQUI X PIROVANO 17,,none,,
VOSTOK,NIMRANG,Parent 1,SSR,SSR,,,VIVC passport (pedigree confirmed by markers),,,confirmed,NIMRANG X MATHIASZ JANOS,,none,,
VOSTOK,MATHIASZ JANOS,Parent 2,SSR,SSR,,,VIVC passport (pedigree confirmed by markers),,,confirmed,NIMRANG X MATHIASZ JANOS,,none,,
VRANAC,DULJENGA,Parent 1,SSR,SSR,,,VIVC passport (pedigree confirmed by markers),,,confirmed,DULJENGA X KRATOSJIA,,none,,
VRANAC,KRATOSJIA,Parent 2,SSR,SSR,,,VIVC passport (pedigree confirmed by markers),,,confirmed,DULJENGA X KRATOSJIA,,none,,
VYDVIZHENETS,SEVERNYI,Parent 1,SSR,SSR,,,VIVC passport (pedigree confirmed by markers),,,confirmed,SEVERNYI X MUSCAT A PETITS GRAINS BLANCS,,none,,
VYDVIZHENETS,MUSCAT A PETITS GRAINS BLANCS,Parent 2,SSR,SSR,,,VIVC passport (pedigree confirmed by markers),,,confirmed,SEVERNYI X MUSCAT A PETITS GRAINS BLANCS,,none,,
HEGEL,HELFENSTEINER,Parent 1,SSR,SSR,,,VIVC passport (pedigree confirmed by markers),,,confirmed,HELFENSTEINER X HEROLDREBE,,none,,
HEGEL,HEROLDREBE,Parent 2,SSR,SSR,,,VIVC passport (pedigree confirmed by markers),,,confirmed,HELFENSTEINER X HEROLDREBE,,none,,
JUWEL,KERNER,Parent 1,SSR,SSR,,,VIVC passport (pedigree confirmed by markers),,,confirmed,KERNER X PARENT 2 WAS NOT CONFIRMED,,none,,
JUWEL,PARENT 2 WAS NOT CONFIRMED,Parent 2,SSR,SSR,,,VIVC passport (pedigree confirmed by markers),,,confirmed,KERNER X PARENT 2 WAS NOT CONFIRMED,,none,,
WESTFRISIA,BICANE,Parent 1,SSR,SSR,,,VIVC passport (pedigree confirmed by markers),,,confirmed,BICANE X GROS COLMAN,,none,,
WESTFRISIA,GROS COLMAN,Parent 2,SSR,SSR,,,VIVC passport (pedigree confirmed by markers),,,confirmed,BICANE X GROS COLMAN,,none,,
WITBERGER,TROLLINGER,Parent 1,SSR,SSR,,,VIVC passport (pedigree confirmed by markers),,,confirmed,TROLLINGER X RIESLING,,none,,
WITBERGER,RIESLING,Parent 2,SSR,SSR,,,VIVC passport (pedigree confirmed by markers),,,confirmed,TROLLINGER X RIESLING,,none,,
WUERZER,TRAMINER ROT,Parent 1,SSR,SSR,,,VIVC passport (via Cipriani 2010; Lacombe 2013),10.1007/s00122-012-1988-2,,confirmed,TRAMINER ROT X MUELLER THURGAU,10.1007/s00122-010-1411-9; 10.1007/s00122-012-1988-2,Cipriani 2010; Lacombe 2013,10.1007/s00122-010-1411-9,
WUERZER,MUELLER THURGAU,Parent 2,SSR,SSR,,,VIVC passport (via Cipriani 2010; Lacombe 2013),10.1007/s00122-012-1988-2,,confirmed,TRAMINER ROT X MUELLER THURGAU,10.1007/s00122-010-1411-9; 10.1007/s00122-012-1988-2,Cipriani 2010; Lacombe 2013,10.1007/s00122-010-1411-9,
XARELLO,GIBI,Parent 1,SSR,SSR,,,VIVC passport (via Lacombe 2013),10.1007/s00122-012-1988-2,,confirmed,GIBI X BRUSTIANO FAUX,10.1007/s00122-012-1988-2; 10.5073/vitis.2015.54.special-issue.81-86,Lacombe 2013,10.1007/s00122-012-1988-2,10.5073/vitis.2015.54.special-issue.81-86
XARELLO,BRUSTIANO FAUX,Parent 2,SSR,SSR,,,VIVC passport (via Lacombe 2013),10.1007/s00122-012-1988-2,,confirmed,GIBI X BRUSTIANO FAUX,10.1007/s00122-012-1988-2; 10.5073/vitis.2015.54.special-issue.81-86,Lacombe 2013,10.1007/s00122-012-1988-2,10.5073/vitis.2015.54.special-issue.81-86
YUGA,SANMONTA,Parent 1,SSR,SSR,,,VIVC passport (pedigree confirmed by markers),10.21273/JASHS.133.4.559,,confirmed,SANMONTA X PARENT 2 WAS NOT CONFIRMED,10.21273/JASHS.133.4.559,none,10.21273/JASHS.133.4.559,10.21273/JASHS.133.4.559
YUGA,PARENT 2 WAS NOT CONFIRMED,Parent 2,SSR,SSR,,,VIVC passport (pedigree confirmed by markers),10.21273/JASHS.133.4.559,,confirmed,SANMONTA X PARENT 2 WAS NOT CONFIRMED,10.21273/JASHS.133.4.559,none,10.21273/JASHS.133.4.559,10.21273/JASHS.133.4.559
ZAEHRINGER,SAVAGNIN BLANC,Parent 1,SSR,SSR,,,VIVC passport (pedigree confirmed by markers),,,confirmed,TRAMINER X RIESLING,,none,,
ZAEHRINGER,RIESLING,Parent 2,SSR,SSR,,,VIVC passport (pedigree confirmed by markers),,,confirmed,TRAMINER X RIESLING,,none,,
ZALA GYOENGYE,ROUCANEUF,Parent 1,SSR,SSR,,,VIVC passport (pedigree confirmed by markers),,,confirmed,ROUCANEUF X CSABA GYOENGYE,,none,,
ZALA GYOENGYE,CSABA GYOENGYE,Parent 2,SSR,SSR,,,VIVC passport (pedigree confirmed by markers),,,confirmed,ROUCANEUF X CSABA GYOENGYE,,none,,
ZAMPARA,FURJMONY FEHER,Parent 1,SSR,SSR,,,VIVC passport (via Lacombe 2013),10.1007/s00122-012-1988-2,,confirmed,FURJMONY FEHER X KECSKECSECSU ROSZAS PIROS,10.1007/s00122-012-1988-2,Lacombe 2013,10.1007/s00122-012-1988-2,
ZAMPARA,KECSKECSECSU ROSZAS PIROS,Parent 2,SSR,SSR,,,VIVC passport (via Lacombe 2013),10.1007/s00122-012-1988-2,,confirmed,FURJMONY FEHER X KECSKECSECSU ROSZAS PIROS,10.1007/s00122-012-1988-2,Lacombe 2013,10.1007/s00122-012-1988-2,
ZARDENI,VOSKEAT,Parent 1,SSR,SSR,,,VIVC passport (via Margaryan 2021),10.3390/biology10121279,,confirmed,VOSKEAT X SAPERAVI,10.3390/biology10121279,Margaryan 2021,10.3390/biology10121279,
ZARDENI,SAPERAVI,Parent 2,SSR,SSR,,,VIVC passport (via Margaryan 2021),10.3390/biology10121279,,confirmed,VOSKEAT X SAPERAVI,10.3390/biology10121279,Margaryan 2021,10.3390/biology10121279,
ZOELDFUERTUE,MATHIAS JANOSNE,Parent 1,SSR,SSR,,,VIVC passport (via Lacombe 2013),10.1007/s00122-012-1988-2,,confirmed,MATHIAS JANOSNE X HARSLEVELU,10.1007/s00122-012-1988-2,Lacombe 2013,10.1007/s00122-012-1988-2,
ZOELDFUERTUE,HARSLEVELU,Parent 2,SSR,SSR,,,VIVC passport (via Lacombe 2013),10.1007/s00122-012-1988-2,,confirmed,MATHIAS JANOSNE X HARSLEVELU,10.1007/s00122-012-1988-2,Lacombe 2013,10.1007/s00122-012-1988-2,
ZRINYI ILONA,MUSCAT D'ALEXANDRIE,Parent 1,SSR,SSR,,,VIVC passport (via Lacombe 2013),10.1007/s00122-012-1988-2,,confirmed,MUSCAT D'ALEXANDRIE X CHASSELAS,10.1007/s00122-012-1988-2,Lacombe 2013,10.1007/s00122-012-1988-2,
ZRINYI ILONA,CHASSELAS,Parent 2,SSR,SSR,,,VIVC passport (via Lacombe 2013),10.1007/s00122-012-1988-2,,confirmed,MUSCAT D'ALEXANDRIE X CHASSELAS,10.1007/s00122-012-1988-2,Lacombe 2013,10.1007/s00122-012-1988-2,
ZSITVAI DINKA,KOEVIDINKA,Parent 1,SSR,SSR,,,VIVC passport (via Lacombe 2013),10.1007/s00122-012-1988-2,,confirmed,KOEVIDINKA X MATHIASZ JANOSNE,10.1007/s00122-012-1988-2,Lacombe 2013,10.1007/s00122-012-1988-2,
ZSITVAI DINKA,MATHIASZ JANOSNE,Parent 2,SSR,SSR,,,VIVC passport (via Lacombe 2013),10.1007/s00122-012-1988-2,,confirmed,KOEVIDINKA X MATHIASZ JANOSNE,10.1007/s00122-012-1988-2,Lacombe 2013,10.1007/s00122-012-1988-2,
ZUPLJANKA,PROKUPAC,Parent 1,SSR,SSR,,,VIVC passport (pedigree confirmed by markers),10.1038/s41598-020-71918-7,,confirmed,PROKUPAC X PINOT NOIR,10.1038/s41598-020-71918-7,none,10.1038/s41598-020-71918-7,10.1038/s41598-020-71918-7
ZUPLJANKA,PINOT NOIR,Parent 2,SSR,SSR,,,VIVC passport (pedigree confirmed by markers),10.1038/s41598-020-71918-7,,confirmed,PROKUPAC X PINOT NOIR,10.1038/s41598-020-71918-7,none,10.1038/s41598-020-71918-7,10.1038/s41598-020-71918-7
ZVARTNOTS,KARMIR KAKHANI,Parent 1,SSR,SSR,,,VIVC passport (via Margaryan 2021),10.3390/biology10121279,,confirmed,KARMIR KAKHANI X ARARATI,10.3390/biology10121279,Margaryan 2021,10.3390/biology10121279,
ZVARTNOTS,ARARATI,Parent 2,SSR,SSR,,,VIVC passport (via Margaryan 2021),10.3390/biology10121279,,confirmed,KARMIR KAKHANI X ARARATI,10.3390/biology10121279,Margaryan 2021,10.3390/biology10121279,
ZWEIGELTREBE BLAU,ST.LAURENT,Parent 1,SSR,SSR,,,VIVC passport (via Lacombe & Emanuelli 2020; Lacombe 2013; Laucou 2018),10.1007/s00122-012-1988-2,,confirmed,ST.LAURENT X BLAUFRAENKISCH,10.1007/s00122-012-1988-2; 10.1371/journal.pone.0192540; 10.3389/fpls.2020.605934; 10.5073/vitis.1997.36.179-183,Lacombe & Emanuelli 2020; Lacombe 2013; Laucou 2018,10.1007/s00122-012-1988-2,10.5073/vitis.1997.36.179-183
ZWEIGELTREBE BLAU,BLAUFRAENKISCH,Parent 2,SSR,SSR,,,VIVC passport (via Lacombe & Emanuelli 2020; Lacombe 2013; Laucou 2018),10.1007/s00122-012-1988-2,,confirmed,ST.LAURENT X BLAUFRAENKISCH,10.1007/s00122-012-1988-2; 10.1371/journal.pone.0192540; 10.3389/fpls.2020.605934; 10.5073/vitis.1997.36.179-183,Lacombe & Emanuelli 2020; Lacombe 2013; Laucou 2018,10.1007/s00122-012-1988-2,10.5073/vitis.1997.36.179-183
MUSKAT ZHEMCHUZHNYI,CHAOUCH ROSE,Parent 1,SSR,SSR,,,VIVC passport (pedigree confirmed by markers),10.3103/S0095452718050031,,confirmed,CHAOUCH ROSE X ZHEMCHUG SABA,10.3103/S0095452718050031,none,10.3103/S0095452718050031,10.3103/S0095452718050031
MUSKAT ZHEMCHUZHNYI,ZHEMCHUG SABA,Parent 2,SSR,SSR,,,VIVC passport (pedigree confirmed by markers),10.3103/S0095452718050031,,confirmed,CHAOUCH ROSE X ZHEMCHUG SABA,10.3103/S0095452718050031,none,10.3103/S0095452718050031,10.3103/S0095452718050031
TAIR,COARNA NEAGRA,Parent 1,SSR,SSR,,,VIVC passport (pedigree confirmed by markers),10.3103/S0095452718050031,,confirmed,COARNA NEAGRA X DATTIER DE SAINT VALLIER,10.3103/S0095452718050031,none,10.3103/S0095452718050031,10.3103/S0095452718050031
TAIR,DATTIER DE SAINT VALLIER,Parent 2,SSR,SSR,,,VIVC passport (pedigree confirmed by markers),10.3103/S0095452718050031,,confirmed,COARNA NEAGRA X DATTIER DE SAINT VALLIER,10.3103/S0095452718050031,none,10.3103/S0095452718050031,10.3103/S0095452718050031
ORIGINAL,CHAOUCH ROSE,Parent 1,SSR,SSR,,,VIVC passport (pedigree confirmed by markers),10.3103/S0095452718050031,,confirmed,CHAOUCH ROSE X DATTIER DE SAINT VALLIER,10.3103/S0095452718050031,none,10.3103/S0095452718050031,10.3103/S0095452718050031
ORIGINAL,DATTIER DE SAINT VALLIER,Parent 2,SSR,SSR,,,VIVC passport (pedigree confirmed by markers),10.3103/S0095452718050031,,confirmed,CHAOUCH ROSE X DATTIER DE SAINT VALLIER,10.3103/S0095452718050031,none,10.3103/S0095452718050031,10.3103/S0095452718050031
SUZI,SEYVE VILLARD 12375,Parent 1,SSR,SSR,,,VIVC passport (pedigree confirmed by markers),,,confirmed,SEYVE VILLARD 12375 X PANNONIA KINCSE,,none,,
SUZI,PANNONIA KINCSE,Parent 2,SSR,SSR,,,VIVC passport (pedigree confirmed by markers),,,confirmed,SEYVE VILLARD 12375 X PANNONIA KINCSE,,none,,
PALATINA,SEYVE VILLARD 12375,Parent 1,SSR,SSR,,,VIVC passport (pedigree confirmed by markers),,,confirmed,SEYVE VILLARD 12375 X SZOELOESKERTEK KIRALYNOEJE,,none,,
PALATINA,SZOELOESKERTEK KIRALYNOEJE,Parent 2,SSR,SSR,,,VIVC passport (pedigree confirmed by markers),,,confirmed,SEYVE VILLARD 12375 X SZOELOESKERTEK KIRALYNOEJE,,none,,
KISHMISH MOLDAVSKII,POBEDA,Parent 1,SSR,SSR,,,VIVC passport (via Margaryan 2021),10.3390/biology10121279,,confirmed,POBEDA X KISHMISH ROZOVYI,10.3390/biology10121279,Margaryan 2021,10.3390/biology10121279,
KISHMISH MOLDAVSKII,KISHMISH ROZOVYI,Parent 2,SSR,SSR,,,VIVC passport (via Margaryan 2021),10.3390/biology10121279,,confirmed,POBEDA X KISHMISH ROZOVYI,10.3390/biology10121279,Margaryan 2021,10.3390/biology10121279,
NRNENI,SEMENAC 1-17-1,Parent 1,SSR,SSR,,,VIVC passport (via Margaryan 2021),10.3390/biology10121279,,confirmed,SEMENAC 1-17-1 X SAPERAVI,10.3390/biology10121279,Margaryan 2021,10.3390/biology10121279,
NRNENI,SAPERAVI,Parent 2,SSR,SSR,,,VIVC passport (via Margaryan 2021),10.3390/biology10121279,,confirmed,SEMENAC 1-17-1 X SAPERAVI,10.3390/biology10121279,Margaryan 2021,10.3390/biology10121279,
PARVANA,KATTA KURGAN,Parent 1,SSR,SSR,,,VIVC passport (via Margaryan 2021),10.3390/biology10121279,,confirmed,KATTA KURGAN X KISHMISH KHISHRAU,10.3390/biology10121279,Margaryan 2021,10.3390/biology10121279,
PARVANA,KISHMISH KHISHRAU,Parent 2,SSR,SSR,,,VIVC passport (via Margaryan 2021),10.3390/biology10121279,,confirmed,KATTA KURGAN X KISHMISH KHISHRAU,10.3390/biology10121279,Margaryan 2021,10.3390/biology10121279,
HYUGA (4N),KYOHOU,Parent 1,SSR,SSR,,,VIVC passport (pedigree confirmed by markers),,,confirmed,KYOHOU X MASE 8,,none,,
HYUGA (4N),MASE 8,Parent 2,SSR,SSR,,,VIVC passport (pedigree confirmed by markers),,,confirmed,KYOHOU X MASE 8,,none,,
TRINCADEIRA BRANCA,HEBIEN,Parent 1,SSR,SSR,,,VIVC passport (via Cunha 2020),10.3389/fpls.2020.00127,,confirmed,HEBEN X TROUSSEAU NOIR,10.3389/fpls.2020.00127; 10.5073/vitis.2015.54.special-issue.81-86,Cunha 2020,10.3389/fpls.2020.00127,10.5073/vitis.2015.54.special-issue.81-86
TRINCADEIRA BRANCA,TROUSSEAU NOIR,Parent 2,SSR,SSR,,,VIVC passport (via Cunha 2020),10.3389/fpls.2020.00127,,confirmed,HEBEN X TROUSSEAU NOIR,10.3389/fpls.2020.00127; 10.5073/vitis.2015.54.special-issue.81-86,Cunha 2020,10.3389/fpls.2020.00127,10.5073/vitis.2015.54.special-issue.81-86
MALVASIA BABOSA,HEBIEN,Parent 1,SSR,SSR,,,VIVC passport (via Cunha 2020),10.3389/fpls.2020.00127,,confirmed,HEBEN X MALVASIA DI SARDEGNA,10.3389/fpls.2020.00127; 10.5073/vitis.2015.54.special-issue.81-86,Cunha 2020,10.3389/fpls.2020.00127,10.5073/vitis.2015.54.special-issue.81-86
MALVASIA BABOSA,MALVASIA DI SARDEGNA,Parent 2,SSR,SSR,,,VIVC passport (via Cunha 2020),10.3389/fpls.2020.00127,,confirmed,HEBEN X MALVASIA DI SARDEGNA,10.3389/fpls.2020.00127; 10.5073/vitis.2015.54.special-issue.81-86,Cunha 2020,10.3389/fpls.2020.00127,10.5073/vitis.2015.54.special-issue.81-86
CONCIEIRA,ALFROCHEIRO,Parent 1,SSR,SSR,,,VIVC passport (via Cunha 2020),10.3389/fpls.2020.00127,,confirmed,ALFROCHEIRO X RAMISCO,10.3389/fpls.2020.00127; 10.5073/vitis.2015.54.special-issue.59-65,Cunha 2020,10.3389/fpls.2020.00127,10.5073/vitis.2015.54.special-issue.59-65
CONCIEIRA,RAMISCO,Parent 2,SSR,SSR,,,VIVC passport (via Cunha 2020),10.3389/fpls.2020.00127,,confirmed,ALFROCHEIRO X RAMISCO,10.3389/fpls.2020.00127; 10.5073/vitis.2015.54.special-issue.59-65,Cunha 2020,10.3389/fpls.2020.00127,10.5073/vitis.2015.54.special-issue.59-65
CASCULHO,ALFROCHEIRO,Parent 1,SSR,SSR,,,VIVC passport (via Cunha 2020),10.3389/fpls.2020.00127,,confirmed,ALFROCHEIRO X CAYETANA BLANCA,10.3389/fpls.2020.00127; 10.5073/vitis.2015.54.special-issue.59-65,Cunha 2020,10.3389/fpls.2020.00127,10.5073/vitis.2015.54.special-issue.59-65
CASCULHO,CAYETANA BLANCA,Parent 2,SSR,SSR,,,VIVC passport (via Cunha 2020),10.3389/fpls.2020.00127,,confirmed,ALFROCHEIRO X CAYETANA BLANCA,10.3389/fpls.2020.00127; 10.5073/vitis.2015.54.special-issue.59-65,Cunha 2020,10.3389/fpls.2020.00127,10.5073/vitis.2015.54.special-issue.59-65
BOAL VENCEDOR,ARINTO DO DAO,Parent 1,SSR,SSR,,,VIVC passport (via Cunha 2020; Lacombe 2013),10.1007/s00122-012-1988-2,,confirmed,ARINTO DO DAO X PARDINA,10.1007/s00122-012-1988-2; 10.3389/fpls.2020.00127,Cunha 2020; Lacombe 2013,10.1007/s00122-012-1988-2,
BOAL VENCEDOR,PARDINA,Parent 2,SSR,SSR,,,VIVC passport (via Cunha 2020; Lacombe 2013),10.1007/s00122-012-1988-2,,confirmed,ARINTO DO DAO X PARDINA,10.1007/s00122-012-1988-2; 10.3389/fpls.2020.00127,Cunha 2020; Lacombe 2013,10.1007/s00122-012-1988-2,
BOAL ESPINHO,HEBIEN,Parent 1,SSR,SSR,,,VIVC passport (via Cunha 2020),10.3389/fpls.2020.00127,,confirmed,HEBEN X MAVASIA FINA,10.3389/fpls.2020.00127; 10.5073/vitis.2015.54.special-issue.81-86,Cunha 2020,10.3389/fpls.2020.00127,10.5073/vitis.2015.54.special-issue.81-86
BOAL ESPINHO,MAVASIA FINA,Parent 2,SSR,SSR,,,VIVC passport (via Cunha 2020),10.3389/fpls.2020.00127,,confirmed,HEBEN X MAVASIA FINA,10.3389/fpls.2020.00127; 10.5073/vitis.2015.54.special-issue.81-86,Cunha 2020,10.3389/fpls.2020.00127,10.5073/vitis.2015.54.special-issue.81-86
AUTUMN BLACK,CALMERIA,Parent 1,SSR,SSR,,,VIVC passport (via Lacombe 2013),10.1007/s00122-012-1988-2,,confirmed,CALMERIA X BLACK ROSE,10.1007/s00122-012-1988-2,Lacombe 2013,10.1007/s00122-012-1988-2,
AUTUMN BLACK,BLACK ROSE,Parent 2,SSR,SSR,,,VIVC passport (via Lacombe 2013),10.1007/s00122-012-1988-2,,confirmed,CALMERIA X BLACK ROSE,10.1007/s00122-012-1988-2,Lacombe 2013,10.1007/s00122-012-1988-2,
RONDO,SEVERNYI,Parent 1,SSR,SSR,,,VIVC passport (pedigree confirmed by markers),,,confirmed,SEVERNYI X SAINT LAURENT,,none,,
RONDO,SAINT LAURENT,Parent 2,SSR,SSR,,,VIVC passport (pedigree confirmed by markers),,,confirmed,SEVERNYI X SAINT LAURENT,,none,,
CSILLAM,RAYON D'OR,Parent 1,SSR,SSR,,,VIVC passport (pedigree confirmed by markers),,,confirmed,RAYON D'OR X BLAUFRAENKISCH,,none,,
CSILLAM,BLAUFRAENKISCH,Parent 2,SSR,SSR,,,VIVC passport (pedigree confirmed by markers),,,confirmed,RAYON D'OR X BLAUFRAENKISCH,,none,,
TRAMINETTE,JOANNES SEYVE 23416,Parent 1,SSR,SSR,,,VIVC passport (pedigree confirmed by markers),,,confirmed,JOANNES SEYVE 23416 X TRAMINER ROT,,none,,
TRAMINETTE,TRAMINER ROT,Parent 2,SSR,SSR,,,VIVC passport (pedigree confirmed by markers),,,confirmed,JOANNES SEYVE 23416 X TRAMINER ROT,,none,,
TEREZ,SEYVE VILLARD 12375,Parent 1,SSR,SSR,,,VIVC passport (pedigree confirmed by markers),,,confirmed,SEYVE VILLARD 12375 X OLIMPIA,,none,,
TEREZ,OLIMPIA,Parent 2,SSR,SSR,,,VIVC passport (pedigree confirmed by markers),,,confirmed,SEYVE VILLARD 12375 X OLIMPIA,,none,,
CANELON,LISTAN PRIETO,Parent 1,SSR,SSR,,,VIVC passport (pedigree confirmed by markers),10.1111/ajgw.12282,,confirmed,LISTAN PRIETO X MUSCAT OF ALEXANDRIA,10.1111/ajgw.12282,none,10.1111/ajgw.12282,10.1111/ajgw.12282
CANELON,MUSCAT OF ALEXANDRIA,Parent 2,SSR,SSR,,,VIVC passport (pedigree confirmed by markers),10.1111/ajgw.12282,,confirmed,LISTAN PRIETO X MUSCAT OF ALEXANDRIA,10.1111/ajgw.12282,none,10.1111/ajgw.12282,10.1111/ajgw.12282
CONEGLIANO 120,ITALIA = PIROVANO 65,Parent 1,SSR,SSR,,,VIVC passport (via Lacombe 2013),10.1007/s00122-012-1988-2,,confirmed,ITALIA = PIROVANO 65 X ITALIA = PIROVANO 65,10.1007/s00122-012-1988-2,Lacombe 2013,10.1007/s00122-012-1988-2,
CONEGLIANO 120,ITALIA = PIROVANO 65,Parent 2,SSR,SSR,,,VIVC passport (via Lacombe 2013),10.1007/s00122-012-1988-2,,confirmed,ITALIA = PIROVANO 65 X ITALIA = PIROVANO 65,10.1007/s00122-012-1988-2,Lacombe 2013,10.1007/s00122-012-1988-2,
EVEX 13- 16,BERLANDIERI RESSEGUIER 2,Parent 1,SSR,SSR,,,VIVC passport (via Migliaro 2019),10.5344/ajev.2019.18054,,confirmed,BERLANDIERI RESSEGUIER 2 X ECOLE MONTPELLIER 34,10.5344/ajev.2019.18054,Migliaro 2019,10.5344/ajev.2019.18054,
EVEX 13- 16,ECOLE MONTPELLIER 34,Parent 2,SSR,SSR,,,VIVC passport (via Migliaro 2019),10.5344/ajev.2019.18054,,confirmed,BERLANDIERI RESSEGUIER 2 X ECOLE MONTPELLIER 34,10.5344/ajev.2019.18054,Migliaro 2019,10.5344/ajev.2019.18054,
EVEX 13- 44,BERLANDIERI RESSEGUIER,Parent 1,SSR,SSR,,,VIVC passport (via Migliaro 2019),10.5344/ajev.2019.18054,,confirmed,BERLANDIERI RESSEGUIER X ECOLE MONTPELLIER 34,10.5344/ajev.2019.18054,Migliaro 2019,10.5344/ajev.2019.18054,
EVEX 13- 44,ECOLE MONTPELLIER 34,Parent 2,SSR,SSR,,,VIVC passport (via Migliaro 2019),10.5344/ajev.2019.18054,,confirmed,BERLANDIERI RESSEGUIER X ECOLE MONTPELLIER 34,10.5344/ajev.2019.18054,Migliaro 2019,10.5344/ajev.2019.18054,
MANSONNET,RIBIER NOIR,Parent 1,SSR,SSR,,,VIVC passport (via Lacombe 2013),10.1007/s00122-012-1988-2,,confirmed,RIBIER NOIR X GREC BLANC DE SEMIS,10.1007/s00122-012-1988-2,Lacombe 2013,10.1007/s00122-012-1988-2,
MANSONNET,GREC BLANC DE SEMIS,Parent 2,SSR,SSR,,,VIVC passport (via Lacombe 2013),10.1007/s00122-012-1988-2,,confirmed,RIBIER NOIR X GREC BLANC DE SEMIS,10.1007/s00122-012-1988-2,Lacombe 2013,10.1007/s00122-012-1988-2,
ARAMON BOUSCHET 4,PETIT BOUSCHET,Parent 1,SSR,SSR,,,VIVC passport (via Lacombe 2013),10.1007/s00122-012-1988-2,,confirmed,PETIT BOUSCHET X MORRASTEL = GRACIANO,10.1007/s00122-012-1988-2,Lacombe 2013,10.1007/s00122-012-1988-2,
ARAMON BOUSCHET 4,MORRASTEL = GRACIANO,Parent 2,SSR,SSR,,,VIVC passport (via Lacombe 2013),10.1007/s00122-012-1988-2,,confirmed,PETIT BOUSCHET X MORRASTEL = GRACIANO,10.1007/s00122-012-1988-2,Lacombe 2013,10.1007/s00122-012-1988-2,
AUGUSTA,ITALIA,Parent 1,SSR,SSR,,,VIVC passport (via Lacombe 2013),10.1007/s00122-012-1988-2,,confirmed,ITALIA X KOENIGIN DER WEINGAERTEN,10.1007/s00122-012-1988-2,Lacombe 2013,10.1007/s00122-012-1988-2,
AUGUSTA,KOENIGIN DER WEINGAERTEN,Parent 2,SSR,SSR,,,VIVC passport (via Lacombe 2013),10.1007/s00122-012-1988-2,,confirmed,ITALIA X KOENIGIN DER WEINGAERTEN,10.1007/s00122-012-1988-2,Lacombe 2013,10.1007/s00122-012-1988-2,
BALATON KINCSE,FURMINT,Parent 1,SSR,SSR,,,VIVC passport (via Lacombe 2013),10.1007/s00122-012-1988-2,,confirmed,FURMINT X MATHIASZ JANOSNE MUSKOTALY,10.1007/s00122-012-1988-2,Lacombe 2013,10.1007/s00122-012-1988-2,
BALATON KINCSE,MATHIASZ JANOSNE MUSKOTALY,Parent 2,SSR,SSR,,,VIVC passport (via Lacombe 2013),10.1007/s00122-012-1988-2,,confirmed,FURMINT X MATHIASZ JANOSNE MUSKOTALY,10.1007/s00122-012-1988-2,Lacombe 2013,10.1007/s00122-012-1988-2,
BALOUZME,DATTIER NOIR,Parent 1,SSR,SSR,,,VIVC passport (via Lacombe 2013),10.1007/s00122-012-1988-2,,confirmed,DATTIER NOIR X KAISI ROMI,10.1007/s00122-012-1988-2,Lacombe 2013,10.1007/s00122-012-1988-2,
BALOUZME,KAISI ROMI,Parent 2,SSR,SSR,,,VIVC passport (via Lacombe 2013),10.1007/s00122-012-1988-2,,confirmed,DATTIER NOIR X KAISI ROMI,10.1007/s00122-012-1988-2,Lacombe 2013,10.1007/s00122-012-1988-2,
BEKALNY,KOZ OUZIOUM,Parent 1,SSR,SSR,,,VIVC passport (via Lacombe 2013),10.1007/s00122-012-1988-2,,confirmed,KOZ OUZIOUM X ASYL KARA,10.1007/s00122-012-1988-2,Lacombe 2013,10.1007/s00122-012-1988-2,
BEKALNY,ASYL KARA,Parent 2,SSR,SSR,,,VIVC passport (via Lacombe 2013),10.1007/s00122-012-1988-2,,confirmed,KOZ OUZIOUM X ASYL KARA,10.1007/s00122-012-1988-2,Lacombe 2013,10.1007/s00122-012-1988-2,
BOURDIER 2-04-58,CHARDONNAY,Parent 1,SSR,SSR,,,VIVC passport (via Lacombe 2013),10.1007/s00122-012-1988-2,,confirmed,CHARDONNAY X CHENIN,10.1007/s00122-012-1988-2,Lacombe 2013,10.1007/s00122-012-1988-2,
BOURDIER 2-04-58,CHENIN BLANC,Parent 2,SSR,SSR,,,VIVC passport (via Lacombe 2013),10.1007/s00122-012-1988-2,,confirmed,CHARDONNAY X CHENIN,10.1007/s00122-012-1988-2,Lacombe 2013,10.1007/s00122-012-1988-2,
CABERNET MALBEC 1,CABERNET SAUVIGNON,Parent 1,SSR,SSR,,,VIVC passport (via Lacombe 2013),10.1007/s00122-012-1988-2,,confirmed,CABERNET SAUVIGNON X MALBEC,10.1007/s00122-012-1988-2,Lacombe 2013,10.1007/s00122-012-1988-2,
CABERNET MALBEC 1,MALBEC,Parent 2,SSR,SSR,,,VIVC passport (via Lacombe 2013),10.1007/s00122-012-1988-2,,confirmed,CABERNET SAUVIGNON X MALBEC,10.1007/s00122-012-1988-2,Lacombe 2013,10.1007/s00122-012-1988-2,
CABERNET MALBEC 2,CABERNET SAUVIGNON,Parent 1,SSR,SSR,,,VIVC passport (via Lacombe 2013),10.1007/s00122-012-1988-2,,confirmed,CABERNET SAUVIGNON X MALBEC,10.1007/s00122-012-1988-2,Lacombe 2013,10.1007/s00122-012-1988-2,
CABERNET MALBEC 2,MALBEC,Parent 2,SSR,SSR,,,VIVC passport (via Lacombe 2013),10.1007/s00122-012-1988-2,,confirmed,CABERNET SAUVIGNON X MALBEC,10.1007/s00122-012-1988-2,Lacombe 2013,10.1007/s00122-012-1988-2,
CABERNET MALBEC 4,CABERNET SAUVIGNON,Parent 1,SSR,SSR,,,VIVC passport (via Lacombe 2013),10.1007/s00122-012-1988-2,,confirmed,CABERNET SAUVIGNON X MALBEC,10.1007/s00122-012-1988-2,Lacombe 2013,10.1007/s00122-012-1988-2,
CABERNET MALBEC 4,MALBEC,Parent 2,SSR,SSR,,,VIVC passport (via Lacombe 2013),10.1007/s00122-012-1988-2,,confirmed,CABERNET SAUVIGNON X MALBEC,10.1007/s00122-012-1988-2,Lacombe 2013,10.1007/s00122-012-1988-2,
CLAVERIE COULARD,ARDONNET,Parent 1,SSR,SSR,,,VIVC passport (via Lacombe 2013),10.1007/s00122-012-1988-2,,confirmed,ARDONNET X CROUCHEN,10.1007/s00122-012-1988-2,Lacombe 2013,10.1007/s00122-012-1988-2,
CLAVERIE COULARD,CROUCHEN,Parent 2,SSR,SSR,,,VIVC passport (via Lacombe 2013),10.1007/s00122-012-1988-2,,confirmed,ARDONNET X CROUCHEN,10.1007/s00122-012-1988-2,Lacombe 2013,10.1007/s00122-012-1988-2,
CLERC,PINOT,Parent 1,SSR,SSR,,,VIVC passport (via Lacombe 2013),10.1007/s00122-012-1988-2,,confirmed,PINOT X POULSARD,10.1007/s00122-012-1988-2,Lacombe 2013,10.1007/s00122-012-1988-2,
CLERC,POULSARD,Parent 2,SSR,SSR,,,VIVC passport (via Lacombe 2013),10.1007/s00122-012-1988-2,,confirmed,PINOT X POULSARD,10.1007/s00122-012-1988-2,Lacombe 2013,10.1007/s00122-012-1988-2,
COUTINHO 6,MENCIA,Parent 1,SSR,SSR,,,VIVC passport (pedigree confirmed by markers),,,confirmed,MENCIA X RAYON D'OR,,none,,
COUTINHO 6,RAYON D'OR,Parent 2,SSR,SSR,,,VIVC passport (pedigree confirmed by markers),,,confirmed,MENCIA X RAYON D'OR,,none,,
DIRECTEUR GROSJEAN,MILLARDET ET GRASSET 101 O.P.,Parent 1,SSR,SSR,,,VIVC passport (pedigree confirmed by markers),,,confirmed,MILLARDET ET GRASSET  101 O.P. X MADELEINE ROYALE,,none,,
DIRECTEUR GROSJEAN,MADELEINE ROYALE,Parent 2,SSR,SSR,,,VIVC passport (pedigree confirmed by markers),,,confirmed,MILLARDET ET GRASSET  101 O.P. X MADELEINE ROYALE,,none,,
FARATO GRIMALDI,COUDERC 1615,Parent 1,SSR,SSR,,,VIVC passport (pedigree confirmed by markers),,,confirmed,COUDERC 1615 X RUPESTRIS FORTWORTH 1,,none,,
FARATO GRIMALDI,RUPESTRIS FORTWORTH 1,Parent 2,SSR,SSR,,,VIVC passport (pedigree confirmed by markers),,,confirmed,COUDERC 1615 X RUPESTRIS FORTWORTH 1,,none,,
GALEGO DE MONTEMOR,HEBIEN,Parent 1,SSR,SSR,,,VIVC passport (via Lacombe 2013),10.1007/s00122-012-1988-2,,confirmed,HEBEN X TROUSSEAU = BASTARDO,10.1007/s00122-012-1988-2,Lacombe 2013,10.1007/s00122-012-1988-2,
GALEGO DE MONTEMOR,TROUSSEAU = BASTARDO,Parent 2,SSR,SSR,,,VIVC passport (via Lacombe 2013),10.1007/s00122-012-1988-2,,confirmed,HEBEN X TROUSSEAU = BASTARDO,10.1007/s00122-012-1988-2,Lacombe 2013,10.1007/s00122-012-1988-2,
GASPARD,HEBIEN,Parent 1,SSR,SSR,,,VIVC passport (via Lacombe 2013),10.1007/s00122-012-1988-2,,confirmed,HEBEN X ALICANTE HENRI BOUSCHET,10.1007/s00122-012-1988-2,Lacombe 2013,10.1007/s00122-012-1988-2,
GASPARD,ALICANTE HENRI BOUSCHET,Parent 2,SSR,SSR,,,VIVC passport (via Lacombe 2013),10.1007/s00122-012-1988-2,,confirmed,HEBEN X ALICANTE HENRI BOUSCHET,10.1007/s00122-012-1988-2,Lacombe 2013,10.1007/s00122-012-1988-2,
GIBERT,MALBEC,Parent 1,SSR,SSR,,,VIVC passport (via Lacombe 2013),10.1007/s00122-012-1988-2,,confirmed,COT X COLOMBAUD,10.1007/s00122-012-1988-2,Lacombe 2013,10.1007/s00122-012-1988-2,
GIBERT,COLOMBAUD,Parent 2,SSR,SSR,,,VIVC passport (via Lacombe 2013),10.1007/s00122-012-1988-2,,confirmed,COT X COLOMBAUD,10.1007/s00122-012-1988-2,Lacombe 2013,10.1007/s00122-012-1988-2,
GUIGNARD DE SAINTOURS,MAGDELEINE NOIRE DES CHARANTES,Parent 1,SSR,SSR,,,VIVC passport (via Lacombe 2013),10.1007/s00122-012-1988-2,,confirmed,MAGDELEINE NOIRE DES CHARANTES X HEUNISCH,10.1007/s00122-012-1988-2; 10.1111/j.1755-0238.2008.00041.x,Lacombe 2013,10.1007/s00122-012-1988-2,10.1111/j.1755-0238.2008.00041.x
GUIGNARD DE SAINTOURS,GOUAIS BLANC,Parent 2,SSR,SSR,,,VIVC passport (via Lacombe 2013),10.1007/s00122-012-1988-2,,confirmed,MAGDELEINE NOIRE DES CHARANTES X HEUNISCH,10.1007/s00122-012-1988-2; 10.1111/j.1755-0238.2008.00041.x,Lacombe 2013,10.1007/s00122-012-1988-2,10.1111/j.1755-0238.2008.00041.x
HOCHBERG 48,XINISTERI,Parent 1,SSR,SSR,,,VIVC passport (pedigree confirmed by markers),,,confirmed,XINISTERI X BERLANDIERI MAZADE,,none,,
HOCHBERG 48,BERLANDIERI MAZADE,Parent 2,SSR,SSR,,,VIVC passport (pedigree confirmed by markers),,,confirmed,XINISTERI X BERLANDIERI MAZADE,,none,,
LISTAN NEGRO,NEGRA MOLE = MOLLAR,Parent 1,SSR,SSR,,,VIVC passport (via Lacombe & Emanuelli 2020; Lacombe 2013; Laucou 2018),10.1007/s00122-012-1988-2,,confirmed,NEGRA MOLE = MOLLAR X LISTAN = PALOMINO FINO,10.1007/s00122-012-1988-2; 10.1371/journal.pone.0192540; 10.3389/fpls.2020.605934,Lacombe & Emanuelli 2020; Lacombe 2013; Laucou 2018,10.1007/s00122-012-1988-2,
LISTAN NEGRO,LISTAN = PALOMINO FINO,Parent 2,SSR,SSR,,,VIVC passport (via Lacombe & Emanuelli 2020; Lacombe 2013; Laucou 2018),10.1007/s00122-012-1988-2,,confirmed,NEGRA MOLE = MOLLAR X LISTAN = PALOMINO FINO,10.1007/s00122-012-1988-2; 10.1371/journal.pone.0192540; 10.3389/fpls.2020.605934,Lacombe & Emanuelli 2020; Lacombe 2013; Laucou 2018,10.1007/s00122-012-1988-2,
MOSCATEL ROSA,FERRAL ROUGE,Parent 1,SSR,SSR,,,VIVC passport (via Lacombe 2013),10.1007/s00122-012-1988-2,,confirmed,FERRAL ROUGE X MUSCAT DE HAMBOURG,10.1007/s00122-012-1988-2,Lacombe 2013,10.1007/s00122-012-1988-2,
MOSCATEL ROSA,MUSCAT DE HAMBOURG,Parent 2,SSR,SSR,,,VIVC passport (via Lacombe 2013),10.1007/s00122-012-1988-2,,confirmed,FERRAL ROUGE X MUSCAT DE HAMBOURG,10.1007/s00122-012-1988-2,Lacombe 2013,10.1007/s00122-012-1988-2,
MALVASIA MOSCATEL FONTE GRANDE,MUSCAT D'ALEXANDRIE,Parent 1,SSR,SSR,,,VIVC passport (via Lacombe 2013),10.1007/s00122-012-1988-2,,confirmed,MUSCAT D'ALEXANDRIE X MANTHEUDO,10.1007/s00122-012-1988-2,Lacombe 2013,10.1007/s00122-012-1988-2,
MALVASIA MOSCATEL FONTE GRANDE,MANTHEUDO,Parent 2,SSR,SSR,,,VIVC passport (via Lacombe 2013),10.1007/s00122-012-1988-2,,confirmed,MUSCAT D'ALEXANDRIE X MANTHEUDO,10.1007/s00122-012-1988-2,Lacombe 2013,10.1007/s00122-012-1988-2,
MANDREGUE,BLACK MOROCCO,Parent 1,SSR,SSR,,,VIVC passport (via Lacombe 2013),10.1007/s00122-012-1988-2,,confirmed,BLACK MOROCCO X CORTEZA NERA,10.1007/s00122-012-1988-2,Lacombe 2013,10.1007/s00122-012-1988-2,
MANDREGUE,CORTEZA NERA,Parent 2,SSR,SSR,,,VIVC passport (via Lacombe 2013),10.1007/s00122-012-1988-2,,confirmed,BLACK MOROCCO X CORTEZA NERA,10.1007/s00122-012-1988-2,Lacombe 2013,10.1007/s00122-012-1988-2,
MANSENG GROS DE LUCQ,CABERNET FRANC,Parent 1,SSR,SSR,,,VIVC passport (via Lacombe 2013),10.1007/s00122-012-1988-2,,confirmed,CABERNET FRANC X GROS MANSENG,10.1007/s00122-012-1988-2,Lacombe 2013,10.1007/s00122-012-1988-2,
MANSENG GROS DE LUCQ,GROS MANSENG,Parent 2,SSR,SSR,,,VIVC passport (via Lacombe 2013),10.1007/s00122-012-1988-2,,confirmed,CABERNET FRANC X GROS MANSENG,10.1007/s00122-012-1988-2,Lacombe 2013,10.1007/s00122-012-1988-2,
MAREN,NEGRARA TRENTINA,Parent 1,SSR,SSR,,,VIVC passport (via Lacombe 2013),10.1007/s00122-012-1988-2,,confirmed,NEGRARA TRENTINA X BLANK BLAUER = VULPEA,10.1007/s00122-012-1988-2,Lacombe 2013,10.1007/s00122-012-1988-2,
MAREN,BLANK BLAUER = VULPEA,Parent 2,SSR,SSR,,,VIVC passport (via Lacombe 2013),10.1007/s00122-012-1988-2,,confirmed,NEGRARA TRENTINA X BLANK BLAUER = VULPEA,10.1007/s00122-012-1988-2,Lacombe 2013,10.1007/s00122-012-1988-2,
MARSANNE DE PAYS,POUGAYEN,Parent 1,SSR,SSR,,,VIVC passport (via Lacombe 2013),10.1007/s00122-012-1988-2,,confirmed,POUGAYEN X PLANT DE MAVAULT,10.1007/s00122-012-1988-2,Lacombe 2013,10.1007/s00122-012-1988-2,
MARSANNE DE PAYS,PLANT DE MAVAULT,Parent 2,SSR,SSR,,,VIVC passport (via Lacombe 2013),10.1007/s00122-012-1988-2,,confirmed,POUGAYEN X PLANT DE MAVAULT,10.1007/s00122-012-1988-2,Lacombe 2013,10.1007/s00122-012-1988-2,
MEZI,PINOT,Parent 1,SSR,SSR,,,VIVC passport (via Lacombe 2013),10.1007/s00122-012-1988-2,,confirmed,PINOT X HEUNISCH WEISS,10.1007/s00122-012-1988-2,Lacombe 2013,10.1007/s00122-012-1988-2,
MEZI,GOUAIS BLANC,Parent 2,SSR,SSR,,,VIVC passport (via Lacombe 2013),10.1007/s00122-012-1988-2,,confirmed,PINOT X HEUNISCH WEISS,10.1007/s00122-012-1988-2,Lacombe 2013,10.1007/s00122-012-1988-2,
MOLDOVANKA,KARKEIA OIR,Parent 1,SSR,SSR,,,VIVC passport (via Lacombe 2013),10.1007/s00122-012-1988-2,,confirmed,KARKEIA OIR X TSITSA KAPREI,10.1007/s00122-012-1988-2,Lacombe 2013,10.1007/s00122-012-1988-2,
MOLDOVANKA,TSITSA KAPREI,Parent 2,SSR,SSR,,,VIVC passport (via Lacombe 2013),10.1007/s00122-012-1988-2,,confirmed,KARKEIA OIR X TSITSA KAPREI,10.1007/s00122-012-1988-2,Lacombe 2013,10.1007/s00122-012-1988-2,
MOSCATEL DE CAMARATE,TAMAREZ,Parent 1,SSR,SSR,,,VIVC passport (via Lacombe 2013),10.1007/s00122-012-1988-2,,confirmed,TAMAREZ X MUSCAT D'ALEXANDRIE,10.1007/s00122-012-1988-2,Lacombe 2013,10.1007/s00122-012-1988-2,
MOSCATEL DE CAMARATE,MUSCAT D'ALEXANDRIE,Parent 2,SSR,SSR,,,VIVC passport (via Lacombe 2013),10.1007/s00122-012-1988-2,,confirmed,TAMAREZ X MUSCAT D'ALEXANDRIE,10.1007/s00122-012-1988-2,Lacombe 2013,10.1007/s00122-012-1988-2,
MOSCATO PAULSEN,EZEREVES MAGYAROSZAG EMLEKE,Parent 1,SSR,SSR,,,VIVC passport (via Lacombe 2013),10.1007/s00122-012-1988-2,,confirmed,EZEREVES MAGYAROSZAG EMLEKE X MUSCAT D'ALEXANDRIA,10.1007/s00122-012-1988-2,Lacombe 2013,10.1007/s00122-012-1988-2,
MOSCATO PAULSEN,MUSCAT D'ALEXANDRIA,Parent 2,SSR,SSR,,,VIVC passport (via Lacombe 2013),10.1007/s00122-012-1988-2,,confirmed,EZEREVES MAGYAROSZAG EMLEKE X MUSCAT D'ALEXANDRIA,10.1007/s00122-012-1988-2,Lacombe 2013,10.1007/s00122-012-1988-2,
MOURTES,MAGDELEINE NOIRE DES CHARENTES,Parent 1,SSR,SSR,,,VIVC passport (via Lacombe 2013),10.1007/s00122-012-1988-2,,confirmed,MAGDELEINE NOIRE DES CHARENTES X PENOUILLE,10.1007/s00122-012-1988-2; 10.1111/j.1755-0238.2008.00041.x,Lacombe 2013,10.1007/s00122-012-1988-2,10.1111/j.1755-0238.2008.00041.x
MOURTES,PENOUILLE,Parent 2,SSR,SSR,,,VIVC passport (via Lacombe 2013),10.1007/s00122-012-1988-2,,confirmed,MAGDELEINE NOIRE DES CHARENTES X PENOUILLE,10.1007/s00122-012-1988-2; 10.1111/j.1755-0238.2008.00041.x,Lacombe 2013,10.1007/s00122-012-1988-2,10.1111/j.1755-0238.2008.00041.x
NUNO GOMES,HEBIEN,Parent 1,SSR,SSR,,,VIVC passport (via Lacombe 2013),10.1007/s00122-012-1988-2,,confirmed,HEBEN X MUSCAT D'ALEXANDRIE,10.1007/s00122-012-1988-2,Lacombe 2013,10.1007/s00122-012-1988-2,
NUNO GOMES,MUSCAT D'ALEXANDRIE,Parent 2,SSR,SSR,,,VIVC passport (via Lacombe 2013),10.1007/s00122-012-1988-2,,confirmed,HEBEN X MUSCAT D'ALEXANDRIE,10.1007/s00122-012-1988-2,Lacombe 2013,10.1007/s00122-012-1988-2,
PINOT SALOMON,PINOT,Parent 1,SSR,SSR,,,VIVC passport (via Lacombe 2013),10.1007/s00122-012-1988-2,,confirmed,PINOT X ELBLING,10.1007/s00122-012-1988-2,Lacombe 2013,10.1007/s00122-012-1988-2,
PINOT SALOMON,ELBLING,Parent 2,SSR,SSR,,,VIVC passport (via Lacombe 2013),10.1007/s00122-012-1988-2,,confirmed,PINOT X ELBLING,10.1007/s00122-012-1988-2,Lacombe 2013,10.1007/s00122-012-1988-2,
ROXO DOS PINTOS,HEBIEN,Parent 1,SSR,SSR,,,VIVC passport (via Lacombe 2013),10.1007/s00122-012-1988-2,,confirmed,HEBEN X AHMEUR BOU AHMEUR,10.1007/s00122-012-1988-2,Lacombe 2013,10.1007/s00122-012-1988-2,
ROXO DOS PINTOS,AHMEUR BOU AHMEUR,Parent 2,SSR,SSR,,,VIVC passport (via Lacombe 2013),10.1007/s00122-012-1988-2,,confirmed,HEBEN X AHMEUR BOU AHMEUR,10.1007/s00122-012-1988-2,Lacombe 2013,10.1007/s00122-012-1988-2,
RUGGERI 205,RESSEGUIER N. 2,Parent 1,SSR,SSR,,,VIVC passport (via Migliaro 2019),10.5344/ajev.2019.18054,,confirmed,RESSEGUIER N. 2 X GLOIRE DE MONTPELLIER,10.5344/ajev.2019.18054,Migliaro 2019,10.5344/ajev.2019.18054,
RUGGERI 205,RIPARIA GLOIRE DE MONTPELLIER,Parent 2,SSR,SSR,,,VIVC passport (via Migliaro 2019),10.5344/ajev.2019.18054,,confirmed,RESSEGUIER N. 2 X GLOIRE DE MONTPELLIER,10.5344/ajev.2019.18054,Migliaro 2019,10.5344/ajev.2019.18054,
ROPOGOS SARGA,COARNA ALBA,Parent 1,SSR,SSR,,,VIVC passport (via Lacombe 2013),10.1007/s00122-012-1988-2,,confirmed,COARNA ALBA X PROKUPAC,10.1007/s00122-012-1988-2,Lacombe 2013,10.1007/s00122-012-1988-2,
ROPOGOS SARGA,PROKUPAC,Parent 2,SSR,SSR,,,VIVC passport (via Lacombe 2013),10.1007/s00122-012-1988-2,,confirmed,COARNA ALBA X PROKUPAC,10.1007/s00122-012-1988-2,Lacombe 2013,10.1007/s00122-012-1988-2,
SHIRAZI,SULTANINE,Parent 1,SSR,SSR,,,VIVC passport (via Lacombe 2013),10.1007/s00122-012-1988-2,,confirmed,SULTANINE X BLANC D'IRAN,10.1007/s00122-012-1988-2,Lacombe 2013,10.1007/s00122-012-1988-2,
SHIRAZI,BLANC D'IRAN,Parent 2,SSR,SSR,,,VIVC passport (via Lacombe 2013),10.1007/s00122-012-1988-2,,confirmed,SULTANINE X BLANC D'IRAN,10.1007/s00122-012-1988-2,Lacombe 2013,10.1007/s00122-012-1988-2,
SINKAVAKE ZLUTE,BLANK BLAUER = VULPEA,Parent 1,SSR,SSR,,,VIVC passport (via Lacombe 2013),10.1007/s00122-012-1988-2,,confirmed,BLANK BLAUER = VULPEA X GOUAIS BLANC = HEUNISCH WEISS,10.1007/s00122-012-1988-2,Lacombe 2013,10.1007/s00122-012-1988-2,
SINKAVAKE ZLUTE,GOUAIS BLANC = HEUNISCH WEISS,Parent 2,SSR,SSR,,,VIVC passport (via Lacombe 2013),10.1007/s00122-012-1988-2,,confirmed,BLANK BLAUER = VULPEA X GOUAIS BLANC = HEUNISCH WEISS,10.1007/s00122-012-1988-2,Lacombe 2013,10.1007/s00122-012-1988-2,
TINTA TINTO,GRENACHE NOIR,Parent 1,SSR,SSR,,,VIVC passport (via Lacombe 2013),10.1007/s00122-012-1988-2,,confirmed,GRENACHE X PETIT BOUSCHET,10.1007/s00122-012-1988-2,Lacombe 2013,10.1007/s00122-012-1988-2,
TINTA TINTO,PETIT BOUSCHET,Parent 2,SSR,SSR,,,VIVC passport (via Lacombe 2013),10.1007/s00122-012-1988-2,,confirmed,GRENACHE X PETIT BOUSCHET,10.1007/s00122-012-1988-2,Lacombe 2013,10.1007/s00122-012-1988-2,
TORRONTES RIOJANO,CRIOLLA CHICA,Parent 1,SSR,SSR,,,VIVC passport (via Lacombe & Emanuelli 2020; Lacombe 2013; Laucou 2018),10.1007/s00122-012-1988-2,,confirmed,CRIOLLA CHICA X MUSCAT D'ALEXANDRIE,10.1007/s00122-012-1988-2; 10.1016/j.tig.2006.07.008; 10.1111/ajgw.12282; 10.1111/ajgw.12561; 10.1371/journal.pone.0192540; 10.3389/fpls.2020.605934,Lacombe & Emanuelli 2020; Lacombe 2013; Laucou 2018,10.1007/s00122-012-1988-2,10.1016/j.tig.2006.07.008; 10.1111/ajgw.12282; 10.1111/ajgw.12561
TORRONTES RIOJANO,MUSCAT D'ALEXANDRIE,Parent 2,SSR,SSR,,,VIVC passport (via Lacombe & Emanuelli 2020; Lacombe 2013; Laucou 2018),10.1007/s00122-012-1988-2,,confirmed,CRIOLLA CHICA X MUSCAT D'ALEXANDRIE,10.1007/s00122-012-1988-2; 10.1016/j.tig.2006.07.008; 10.1111/ajgw.12282; 10.1111/ajgw.12561; 10.1371/journal.pone.0192540; 10.3389/fpls.2020.605934,Lacombe & Emanuelli 2020; Lacombe 2013; Laucou 2018,10.1007/s00122-012-1988-2,10.1016/j.tig.2006.07.008; 10.1111/ajgw.12282; 10.1111/ajgw.12561
URMI DINKA,IZSAKI SARFEHER,Parent 1,SSR,SSR,,,VIVC passport (via Lacombe & Emanuelli 2020; Lacombe 2013; Laucou 2018),10.1007/s00122-012-1988-2,,confirmed,IZSAKI SARFEHER X KADARKA,10.1007/s00122-012-1988-2; 10.1371/journal.pone.0192540; 10.3389/fpls.2020.605934,Lacombe & Emanuelli 2020; Lacombe 2013; Laucou 2018,10.1007/s00122-012-1988-2,
URMI DINKA,KADARKA,Parent 2,SSR,SSR,,,VIVC passport (via Lacombe & Emanuelli 2020; Lacombe 2013; Laucou 2018),10.1007/s00122-012-1988-2,,confirmed,IZSAKI SARFEHER X KADARKA,10.1007/s00122-012-1988-2; 10.1371/journal.pone.0192540; 10.3389/fpls.2020.605934,Lacombe & Emanuelli 2020; Lacombe 2013; Laucou 2018,10.1007/s00122-012-1988-2,
ZANTER GILBERT,GIBI,Parent 1,SSR,SSR,,,VIVC passport (via Lacombe 2013),10.1007/s00122-012-1988-2,,confirmed,GIBI X PIQUEPOUL,10.1007/s00122-012-1988-2,Lacombe 2013,10.1007/s00122-012-1988-2,
ZANTER GILBERT,PIQUEPOUL,Parent 2,SSR,SSR,,,VIVC passport (via Lacombe 2013),10.1007/s00122-012-1988-2,,confirmed,GIBI X PIQUEPOUL,10.1007/s00122-012-1988-2,Lacombe 2013,10.1007/s00122-012-1988-2,
FLORA,SEMILLON,Parent 1,SSR,SSR,,,VIVC passport (via Lacombe & Emanuelli 2020; Lacombe 2013; Laucou 2018),10.1007/s00122-012-1988-2,,confirmed,SEMILLON X TRAMINER,10.1007/s00122-012-1988-2; 10.1371/journal.pone.0192540; 10.3389/fpls.2020.605934,Lacombe & Emanuelli 2020; Lacombe 2013; Laucou 2018,10.1007/s00122-012-1988-2,
FLORA,SAVAGNIN BLANC,Parent 2,SSR,SSR,,,VIVC passport (via Lacombe & Emanuelli 2020; Lacombe 2013; Laucou 2018),10.1007/s00122-012-1988-2,,confirmed,SEMILLON X TRAMINER,10.1007/s00122-012-1988-2; 10.1371/journal.pone.0192540; 10.3389/fpls.2020.605934,Lacombe & Emanuelli 2020; Lacombe 2013; Laucou 2018,10.1007/s00122-012-1988-2,
PATRICIA NEGRA,SORAYA,Parent 1,SSR,SSR,,,VIVC passport (pedigree confirmed by markers),10.1371/journal.pone.0240665,,confirmed,SORAYA X IAC 544-14,10.1371/journal.pone.0240665,none,10.1371/journal.pone.0240665,10.1371/journal.pone.0240665
PATRICIA NEGRA,IAC 544-14,Parent 2,SSR,SSR,,,VIVC passport (pedigree confirmed by markers),10.1371/journal.pone.0240665,,confirmed,SORAYA X IAC 544-14,10.1371/journal.pone.0240665,none,10.1371/journal.pone.0240665,10.1371/journal.pone.0240665
A DONA,SORAYA,Parent 1,SSR,SSR,,,VIVC passport (pedigree confirmed by markers),10.1371/journal.pone.0240665,,confirmed,SORAYA X IAC 544-14,10.1371/journal.pone.0240665,none,10.1371/journal.pone.0240665,10.1371/journal.pone.0240665
A DONA,IAC 544-14,Parent 2,SSR,SSR,,,VIVC passport (pedigree confirmed by markers),10.1371/journal.pone.0240665,,confirmed,SORAYA X IAC 544-14,10.1371/journal.pone.0240665,none,10.1371/journal.pone.0240665,10.1371/journal.pone.0240665
IAC 74- 2,SEIBEL 10096,Parent 1,SSR,SSR,,,VIVC passport (pedigree confirmed by markers),10.1371/journal.pone.0240665,,confirmed,SEIBEL 10096 X SYRAH,10.1371/journal.pone.0240665,none,10.1371/journal.pone.0240665,10.1371/journal.pone.0240665
IAC 74- 2,SYRAH,Parent 2,SSR,SSR,,,VIVC passport (pedigree confirmed by markers),10.1371/journal.pone.0240665,,confirmed,SEIBEL 10096 X SYRAH,10.1371/journal.pone.0240665,none,10.1371/journal.pone.0240665,10.1371/journal.pone.0240665
MADALENA,RAVAT 34,Parent 1,SSR,SSR,,,VIVC passport (pedigree confirmed by markers),10.1371/journal.pone.0240665,,confirmed,RAVAT 34 X MOSCATO GIALLO,10.1371/journal.pone.0240665,none,10.1371/journal.pone.0240665,10.1371/journal.pone.0240665
MADALENA,MOSCATO GIALLO,Parent 2,SSR,SSR,,,VIVC passport (pedigree confirmed by markers),10.1371/journal.pone.0240665,,confirmed,RAVAT 34 X MOSCATO GIALLO,10.1371/journal.pone.0240665,none,10.1371/journal.pone.0240665,10.1371/journal.pone.0240665
EMPERATRIZ,EMPEROR,Parent 1,SSR,SSR,,,VIVC passport (via Lacombe 2013),10.1007/s00122-012-1988-2,,confirmed,EMPEROR X SULTANINA,10.1007/s00122-012-1988-2,Lacombe 2013,10.1007/s00122-012-1988-2,
EMPERATRIZ,SULTANINA,Parent 2,SSR,SSR,,,VIVC passport (via Lacombe 2013),10.1007/s00122-012-1988-2,,confirmed,EMPEROR X SULTANINA,10.1007/s00122-012-1988-2,Lacombe 2013,10.1007/s00122-012-1988-2,
RUMENIKA,PROKUPAC,Parent 1,SSR,SSR,,,VIVC passport (pedigree confirmed by markers),,,confirmed,PROKUPAC X TERRANO,,none,,
RUMENIKA,TERRANO,Parent 2,SSR,SSR,,,VIVC passport (pedigree confirmed by markers),,,confirmed,PROKUPAC X TERRANO,,none,,
CABERNET MITOS,BLAUFRAENKISCH,Parent 1,SSR,SSR,,,VIVC passport (pedigree confirmed by markers),,,confirmed,BLAUFRAENKISCH X TEINTURIER,,none,,
CABERNET MITOS,TEINTURIER,Parent 2,SSR,SSR,,,VIVC passport (pedigree confirmed by markers),,,confirmed,BLAUFRAENKISCH X TEINTURIER,,none,,
FERLE 76,FERLONGO,Parent 1,SSR,SSR,,,VIVC passport (via Lacombe 2013),10.1007/s00122-012-1988-2,,confirmed,FERLONGO X ALPHONSE LAVALLEE,10.1007/s00122-012-1988-2,Lacombe 2013,10.1007/s00122-012-1988-2,
FERLE 76,ALPHONSE LAVALLEE,Parent 2,SSR,SSR,,,VIVC passport (via Lacombe 2013),10.1007/s00122-012-1988-2,,confirmed,FERLONGO X ALPHONSE LAVALLEE,10.1007/s00122-012-1988-2,Lacombe 2013,10.1007/s00122-012-1988-2,
FERLE DE MOCAMEDES,FERRAL,Parent 1,SSR,SSR,,,VIVC passport (via Lacombe 2013),10.1007/s00122-012-1988-2,,confirmed,FERRAL X ALPHONSE LAVALLEE,10.1007/s00122-012-1988-2,Lacombe 2013,10.1007/s00122-012-1988-2,
FERLE DE MOCAMEDES,ALPHONSE LAVALLEE,Parent 2,SSR,SSR,,,VIVC passport (via Lacombe 2013),10.1007/s00122-012-1988-2,,confirmed,FERRAL X ALPHONSE LAVALLEE,10.1007/s00122-012-1988-2,Lacombe 2013,10.1007/s00122-012-1988-2,
MALVASIA PRETA,CAYETANA BLANCA,Parent 1,SSR,SSR,,,VIVC passport (via Cunha 2020; Lacombe & Emanuelli 2020; Lacombe 2013),10.1007/s00122-012-1988-2,,confirmed,CAYETANA BLANCA X ALFROCHEIRO PRETO,10.1007/s00122-012-1988-2; 10.3389/fpls.2020.00127; 10.3389/fpls.2020.605934; 10.5073/vitis.2015.54.special-issue.59-65; 10.5344/ajev.2011.11052,Cunha 2020; Lacombe & Emanuelli 2020; Lacombe 2013,10.1007/s00122-012-1988-2,10.5073/vitis.2015.54.special-issue.59-65; 10.5344/ajev.2011.11052
MALVASIA PRETA,ALFROCHEIRO PRETO,Parent 2,SSR,SSR,,,VIVC passport (via Cunha 2020; Lacombe & Emanuelli 2020; Lacombe 2013),10.1007/s00122-012-1988-2,,confirmed,CAYETANA BLANCA X ALFROCHEIRO PRETO,10.1007/s00122-012-1988-2; 10.3389/fpls.2020.00127; 10.3389/fpls.2020.605934; 10.5073/vitis.2015.54.special-issue.59-65; 10.5344/ajev.2011.11052,Cunha 2020; Lacombe & Emanuelli 2020; Lacombe 2013,10.1007/s00122-012-1988-2,10.5073/vitis.2015.54.special-issue.59-65; 10.5344/ajev.2011.11052
CASTELA,ALFROCHEIRO,Parent 1,SSR,SSR,,,VIVC passport (via Cunha 2020),10.3389/fpls.2020.00127,,confirmed,ALFROCHEIRO X CAYETANA BLANCA,10.3389/fpls.2020.00127; 10.5073/vitis.2015.54.special-issue.59-65,Cunha 2020,10.3389/fpls.2020.00127,10.5073/vitis.2015.54.special-issue.59-65
CASTELA,CAYETANA BLANCA,Parent 2,SSR,SSR,,,VIVC passport (via Cunha 2020),10.3389/fpls.2020.00127,,confirmed,ALFROCHEIRO X CAYETANA BLANCA,10.3389/fpls.2020.00127; 10.5073/vitis.2015.54.special-issue.59-65,Cunha 2020,10.3389/fpls.2020.00127,10.5073/vitis.2015.54.special-issue.59-65
MOLAR,PRIETO PICUDO TINTO,Parent 1,SSR,SSR,,,VIVC passport (via Cunha 2020),10.3389/fpls.2020.00127,,confirmed,PRIETO PICUDO TINTO X SAVAGNIN = TRAMINER,10.3389/fpls.2020.00127,Cunha 2020,10.3389/fpls.2020.00127,
MOLAR,SAVAGNIN = TRAMINER,Parent 2,SSR,SSR,,,VIVC passport (via Cunha 2020),10.3389/fpls.2020.00127,,confirmed,PRIETO PICUDO TINTO X SAVAGNIN = TRAMINER,10.3389/fpls.2020.00127,Cunha 2020,10.3389/fpls.2020.00127,
MOSCATEL NUNES,HEBIEN,Parent 1,SSR,SSR,,,VIVC passport (via Cunha 2020),10.3389/fpls.2020.00127,,confirmed,HEBEN X MUSCAT OF ALEXANDRIA,10.3389/fpls.2020.00127; 10.5073/vitis.2015.54.special-issue.81-86,Cunha 2020,10.3389/fpls.2020.00127,10.5073/vitis.2015.54.special-issue.81-86
MOSCATEL NUNES,MUSCAT OF ALEXANDRIA,Parent 2,SSR,SSR,,,VIVC passport (via Cunha 2020),10.3389/fpls.2020.00127,,confirmed,HEBEN X MUSCAT OF ALEXANDRIA,10.3389/fpls.2020.00127; 10.5073/vitis.2015.54.special-issue.81-86,Cunha 2020,10.3389/fpls.2020.00127,10.5073/vitis.2015.54.special-issue.81-86
PARREIRA MATIAS,ALFROCHEIRO,Parent 1,SSR,SSR,,,VIVC passport (via Cunha 2020),10.3389/fpls.2020.00127,,confirmed,ALFROCHEIRO X AIREN,10.3389/fpls.2020.00127; 10.5073/vitis.2015.54.special-issue.59-65,Cunha 2020,10.3389/fpls.2020.00127,10.5073/vitis.2015.54.special-issue.59-65
PARREIRA MATIAS,AIREN,Parent 2,SSR,SSR,,,VIVC passport (via Cunha 2020),10.3389/fpls.2020.00127,,confirmed,ALFROCHEIRO X AIREN,10.3389/fpls.2020.00127; 10.5073/vitis.2015.54.special-issue.59-65,Cunha 2020,10.3389/fpls.2020.00127,10.5073/vitis.2015.54.special-issue.59-65
TRINCADEIRA DAS PRATAS,HEBIEN,Parent 1,SSR,SSR,,,VIVC passport (via Cunha 2020; Lacombe & Emanuelli 2020; Laucou 2018),10.3389/fpls.2020.605934,,confirmed,HEBEN X ALFROCHEIRO,10.1371/journal.pone.0192540; 10.3389/fpls.2020.00127; 10.3389/fpls.2020.605934; 10.5073/vitis.2015.54.special-issue.59-65; 10.5073/vitis.2015.54.special-issue.81-86,Cunha 2020; Lacombe & Emanuelli 2020; Laucou 2018,10.1371/journal.pone.0192540,10.5073/vitis.2015.54.special-issue.59-65; 10.5073/vitis.2015.54.special-issue.81-86
TRINCADEIRA DAS PRATAS,ALFROCHEIRO,Parent 2,SSR,SSR,,,VIVC passport (via Cunha 2020; Lacombe & Emanuelli 2020; Laucou 2018),10.3389/fpls.2020.605934,,confirmed,HEBEN X ALFROCHEIRO,10.1371/journal.pone.0192540; 10.3389/fpls.2020.00127; 10.3389/fpls.2020.605934; 10.5073/vitis.2015.54.special-issue.59-65; 10.5073/vitis.2015.54.special-issue.81-86,Cunha 2020; Lacombe & Emanuelli 2020; Laucou 2018,10.1371/journal.pone.0192540,10.5073/vitis.2015.54.special-issue.59-65; 10.5073/vitis.2015.54.special-issue.81-86
SAO ROQUE 496- 25,SEIBEL 7053,Parent 1,SSR,SSR,,,VIVC passport (pedigree confirmed by markers),10.1371/journal.pone.0240665,,confirmed,SEIBEL 7053 X TRAMINER ROT,10.1371/journal.pone.0240665,none,10.1371/journal.pone.0240665,10.1371/journal.pone.0240665
SAO ROQUE 496- 25,TRAMINER ROT,Parent 2,SSR,SSR,,,VIVC passport (pedigree confirmed by markers),10.1371/journal.pone.0240665,,confirmed,SEIBEL 7053 X TRAMINER ROT,10.1371/journal.pone.0240665,none,10.1371/journal.pone.0240665,10.1371/journal.pone.0240665
SAO ROQUE 5010- 8,CHANCELLOR,Parent 1,SSR,SSR,,,VIVC passport (pedigree confirmed by markers),10.1371/journal.pone.0240665,,confirmed,CHANCELLOR X FARELIA,10.1371/journal.pone.0240665,none,10.1371/journal.pone.0240665,10.1371/journal.pone.0240665
SAO ROQUE 5010- 8,FARELIA,Parent 2,SSR,SSR,,,VIVC passport (pedigree confirmed by markers),10.1371/journal.pone.0240665,,confirmed,CHANCELLOR X FARELIA,10.1371/journal.pone.0240665,none,10.1371/journal.pone.0240665,10.1371/journal.pone.0240665
IAC RIBAS,SEIBEL 7053,Parent 1,SSR,SSR,,,VIVC passport (pedigree confirmed by markers),10.1371/journal.pone.0240665,,confirmed,SEIBEL 7053 X SYRAH,10.1371/journal.pone.0240665,none,10.1371/journal.pone.0240665,10.1371/journal.pone.0240665
IAC RIBAS,SYRAH,Parent 2,SSR,SSR,,,VIVC passport (pedigree confirmed by markers),10.1371/journal.pone.0240665,,confirmed,SEIBEL 7053 X SYRAH,10.1371/journal.pone.0240665,none,10.1371/journal.pone.0240665,10.1371/journal.pone.0240665
AGUNA,MUSCAT OF ALEXANDRIA,Parent 1,SSR,SSR,,,VIVC passport (pedigree confirmed by markers),,,confirmed,MUSCAT OF ALEXANDRIA X TEBRIZI,,none,,
AGUNA,TEBRIZI,Parent 2,SSR,SSR,,,VIVC passport (pedigree confirmed by markers),,,confirmed,MUSCAT OF ALEXANDRIA X TEBRIZI,,none,,
TOPAS,DUNAVSKI MISKET,Parent 1,SSR,SSR,,,VIVC passport (pedigree confirmed by markers),,,confirmed,DUNAVSKI MISKET X CARDINAL,,none,,
TOPAS,CARDINAL,Parent 2,SSR,SSR,,,VIVC passport (pedigree confirmed by markers),,,confirmed,DUNAVSKI MISKET X CARDINAL,,none,,
RUSALKA 3,MIRNII,Parent 1,SSR,SSR,,,VIVC passport (pedigree confirmed by markers),10.3103/S0095452718050031,,confirmed,MIRNII X NEDEL'CHEV MAGVATLANA,10.3103/S0095452718050031,none,10.3103/S0095452718050031,10.3103/S0095452718050031
RUSALKA 3,NEDEL'CHEV MAGVATLANA,Parent 2,SSR,SSR,,,VIVC passport (pedigree confirmed by markers),10.3103/S0095452718050031,,confirmed,MIRNII X NEDEL'CHEV MAGVATLANA,10.3103/S0095452718050031,none,10.3103/S0095452718050031,10.3103/S0095452718050031
MAVROUD MK 4,MAVROUD,Parent 1,SSR,SSR,,,VIVC passport (pedigree confirmed by markers),10.1080/13102818.2005.10817291,,confirmed,MAVROUD X RUPESTRIS DU LOT,10.1080/13102818.2005.10817291; 10.1080/13102818.2007.10817414,none,10.1080/13102818.2005.10817291,10.1080/13102818.2005.10817291; 10.1080/13102818.2007.10817414
MAVROUD MK 4,RUPESTRIS DU LOT,Parent 2,SSR,SSR,,,VIVC passport (pedigree confirmed by markers),10.1080/13102818.2005.10817291,,confirmed,MAVROUD X RUPESTRIS DU LOT,10.1080/13102818.2005.10817291; 10.1080/13102818.2007.10817414,none,10.1080/13102818.2005.10817291,10.1080/13102818.2005.10817291; 10.1080/13102818.2007.10817414
ROOBERNET,CABERNET SAUVIGNON,Parent 1,SSR,SSR,,,VIVC passport (pedigree confirmed by markers),,,confirmed,CABERNET SAUVIGNON X ALICANE BOUSCHET,,none,,
ROOBERNET,ALICANE BOUSCHET,Parent 2,SSR,SSR,,,VIVC passport (pedigree confirmed by markers),,,confirmed,CABERNET SAUVIGNON X ALICANE BOUSCHET,,none,,
CHARMONT,CHASSELAS,Parent 1,SSR,SSR,,,VIVC passport (via Lacombe 2013),10.1007/s00122-012-1988-2,,confirmed,CHASSELAS X CHARDONNAY,10.1007/s00122-012-1988-2; 10.1038/s41598-020-72799-6,Lacombe 2013,10.1007/s00122-012-1988-2,10.1038/s41598-020-72799-6
CHARMONT,CHARDONNAY,Parent 2,SSR,SSR,,,VIVC passport (via Lacombe 2013),10.1007/s00122-012-1988-2,,confirmed,CHASSELAS X CHARDONNAY,10.1007/s00122-012-1988-2; 10.1038/s41598-020-72799-6,Lacombe 2013,10.1007/s00122-012-1988-2,10.1038/s41598-020-72799-6
FRUEHFEIN,MUSCAT FLEUR D'ORANGER,Parent 1,SSR,SSR,,,VIVC passport (pedigree confirmed by markers),,,confirmed,MUSCAT FLEUR D'ORANGER X GIERNEOLAT,,none,,
FRUEHFEIN,GIERNEOLAT,Parent 2,SSR,SSR,,,VIVC passport (pedigree confirmed by markers),,,confirmed,MUSCAT FLEUR D'ORANGER X GIERNEOLAT,,none,,
MATRAI MUSKOTALY,IZSAKI SARFEHER,Parent 1,SSR,SSR,,,VIVC passport (pedigree confirmed by markers),,,confirmed,IZSAKI SARFEHER X MUSCAT OTTONEL,,none,,
MATRAI MUSKOTALY,MUSCAT OTTONEL,Parent 2,SSR,SSR,,,VIVC passport (pedigree confirmed by markers),,,confirmed,IZSAKI SARFEHER X MUSCAT OTTONEL,,none,,
SREMSKA ZELENIKA,PURCSIN,Parent 1,SSR,SSR,,,VIVC passport (via Lacombe 2013),10.1007/s00122-012-1988-2,,confirmed,PURCSIN X FRANCUSE,10.1007/s00122-012-1988-2,Lacombe 2013,10.1007/s00122-012-1988-2,
SREMSKA ZELENIKA,FRANCUSE,Parent 2,SSR,SSR,,,VIVC passport (via Lacombe 2013),10.1007/s00122-012-1988-2,,confirmed,PURCSIN X FRANCUSE,10.1007/s00122-012-1988-2,Lacombe 2013,10.1007/s00122-012-1988-2,
DIOLINOIR,ROUGE DE DIOLLY,Parent 1,SSR,SSR,,,VIVC passport (via Lacombe 2013),10.1007/s00122-012-1988-2,,confirmed,ROUGE DE DIOLLY X PINOT,10.1007/s00122-012-1988-2,Lacombe 2013,10.1007/s00122-012-1988-2,
DIOLINOIR,PINOT,Parent 2,SSR,SSR,,,VIVC passport (via Lacombe 2013),10.1007/s00122-012-1988-2,,confirmed,ROUGE DE DIOLLY X PINOT,10.1007/s00122-012-1988-2,Lacombe 2013,10.1007/s00122-012-1988-2,
GODOMINKA,DIMYAT,Parent 1,SSR,SSR,,,VIVC passport (pedigree confirmed by markers),,,confirmed,DIMYAT X MUSCAT OTTONEL,,none,,
GODOMINKA,MUSCAT OTTONEL,Parent 2,SSR,SSR,,,VIVC passport (pedigree confirmed by markers),,,confirmed,DIMYAT X MUSCAT OTTONEL,,none,,
POSIP BIJELI,ZLATARICA BLATSKA BIJELI,Parent 1,SSR,SSR,,,VIVC passport (pedigree confirmed by markers),10.3390/genes11070737,,confirmed,ZLATARICA BLATSKA BIJELI X BRATKOVINA BIJELI,10.3390/genes11070737; 10.5073/vitis.2002.41.83-87,none,10.3390/genes11070737,10.3390/genes11070737; 10.5073/vitis.2002.41.83-87
POSIP BIJELI,BRATKOVINA BIJELI,Parent 2,SSR,SSR,,,VIVC passport (pedigree confirmed by markers),10.3390/genes11070737,,confirmed,ZLATARICA BLATSKA BIJELI X BRATKOVINA BIJELI,10.3390/genes11070737; 10.5073/vitis.2002.41.83-87,none,10.3390/genes11070737,10.3390/genes11070737; 10.5073/vitis.2002.41.83-87
GAMARET,GAMAY,Parent 1,SSR,SSR,,,VIVC passport (via Lacombe 2013),10.1007/s00122-012-1988-2,,confirmed,GAMAY X REICHENSTEINER,10.1007/s00122-012-1988-2,Lacombe 2013,10.1007/s00122-012-1988-2,
GAMARET,REICHENSTEINER,Parent 2,SSR,SSR,,,VIVC passport (via Lacombe 2013),10.1007/s00122-012-1988-2,,confirmed,GAMAY X REICHENSTEINER,10.1007/s00122-012-1988-2,Lacombe 2013,10.1007/s00122-012-1988-2,
CHARDONEL,SEYVAL,Parent 1,SSR,SSR,,,VIVC passport (pedigree confirmed by markers),,,confirmed,SEYVAL X CHARDONNAY,,none,,
CHARDONEL,CHARDONNAY,Parent 2,SSR,SSR,,,VIVC passport (pedigree confirmed by markers),,,confirmed,SEYVAL X CHARDONNAY,,none,,
TAUBERSCHWARZ,GOUAIS BLANC,Parent 1,SSR,SSR,,,VIVC passport (pedigree confirmed by markers),,,confirmed,HEUNISCH WEISS X SUESSSCHWARZ,,none,,
TAUBERSCHWARZ,SUESSSCHWARZ,Parent 2,SSR,SSR,,,VIVC passport (pedigree confirmed by markers),,,confirmed,HEUNISCH WEISS X SUESSSCHWARZ,,none,,
VELTLINER FRUEHROT,SILVANER,Parent 1,SSR,SSR,,,VIVC passport (pedigree confirmed by markers),,,confirmed,SILVANER X ROTER VELTLINER,,none,,
VELTLINER FRUEHROT,ROTER VELTLINER,Parent 2,SSR,SSR,,,VIVC passport (pedigree confirmed by markers),,,confirmed,SILVANER X ROTER VELTLINER,,none,,
NEYRET,MAYOLET,Parent 1,SSR,SSR,,,VIVC passport (via Cipriani 2010),10.1007/s00122-010-1411-9,,confirmed,MAYOLET X ROUSSIN,10.1007/s00122-010-1411-9,Cipriani 2010,10.1007/s00122-010-1411-9,
NEYRET,ROUSSIN,Parent 2,SSR,SSR,,,VIVC passport (via Cipriani 2010),10.1007/s00122-010-1411-9,,confirmed,MAYOLET X ROUSSIN,10.1007/s00122-010-1411-9,Cipriani 2010,10.1007/s00122-010-1411-9,
RAZAKLIJA CRNA,RAZAKLIJA,Parent 1,SSR,SSR,,,VIVC passport (pedigree confirmed by markers),10.1038/s41598-020-71918-7,,confirmed,RAZAKLIJA X ALPHONSE LAVALLEE,10.1038/s41598-020-71918-7,none,10.1038/s41598-020-71918-7,10.1038/s41598-020-71918-7
RAZAKLIJA CRNA,ALPHONSE LAVALLEE,Parent 2,SSR,SSR,,,VIVC passport (pedigree confirmed by markers),10.1038/s41598-020-71918-7,,confirmed,RAZAKLIJA X ALPHONSE LAVALLEE,10.1038/s41598-020-71918-7,none,10.1038/s41598-020-71918-7,10.1038/s41598-020-71918-7
SVEGEST,BOLGAR,Parent 1,SSR,SSR,,,VIVC passport (via Lacombe 2013),10.1007/s00122-012-1988-2,,confirmed,BOLGAR X MUSCAT DE THRACE,10.1007/s00122-012-1988-2,Lacombe 2013,10.1007/s00122-012-1988-2,
SVEGEST,MUSCAT DE THRACE,Parent 2,SSR,SSR,,,VIVC passport (via Lacombe 2013),10.1007/s00122-012-1988-2,,confirmed,BOLGAR X MUSCAT DE THRACE,10.1007/s00122-012-1988-2,Lacombe 2013,10.1007/s00122-012-1988-2,
AGARAKI,SEYANETS 1563/1+21,Parent 1,SSR,SSR,,,VIVC passport (via Margaryan 2021),10.3390/biology10121279,,confirmed,SEYANETS 1563/1+21 X KARMRAHYUT,10.3390/biology10121279,Margaryan 2021,10.3390/biology10121279,
AGARAKI,KARMRAHYUT,Parent 2,SSR,SSR,,,VIVC passport (via Margaryan 2021),10.3390/biology10121279,,confirmed,SEYANETS 1563/1+21 X KARMRAHYUT,10.3390/biology10121279,Margaryan 2021,10.3390/biology10121279,
CSARENCI,KARMRAHYUT,Parent 1,SSR,SSR,,,VIVC passport (via Margaryan 2021),10.3390/biology10121279,,confirmed,KARMRAHYUT X SEYANETS S 1262,10.3390/biology10121279,Margaryan 2021,10.3390/biology10121279,
CSARENCI,SEYANETS S 1262,Parent 2,SSR,SSR,,,VIVC passport (via Margaryan 2021),10.3390/biology10121279,,confirmed,KARMRAHYUT X SEYANETS S 1262,10.3390/biology10121279,Margaryan 2021,10.3390/biology10121279,
BENI CARLO,GIBI = HEBEN,Parent 1,SSR,SSR,,,VIVC passport (via Lacombe 2013),10.1007/s00122-012-1988-2,,confirmed,GIBI = HEBEN X TERRET,10.1007/s00122-012-1988-2,Lacombe 2013,10.1007/s00122-012-1988-2,
BENI CARLO,TERRET,Parent 2,SSR,SSR,,,VIVC passport (via Lacombe 2013),10.1007/s00122-012-1988-2,,confirmed,GIBI = HEBEN X TERRET,10.1007/s00122-012-1988-2,Lacombe 2013,10.1007/s00122-012-1988-2,
ORA,PARENT 1 IS MOST LIKELY EXTINCT,Parent 1,SSR,SSR,,,VIVC passport (via Lacombe 2013),10.1007/s00122-012-1988-2,,confirmed,PARENT 1 IS MOST LIKELY EXTINCT X CARDINAL,10.1007/s00122-012-1988-2,Lacombe 2013,10.1007/s00122-012-1988-2,
ORA,CARDINAL,Parent 2,SSR,SSR,,,VIVC passport (via Lacombe 2013),10.1007/s00122-012-1988-2,,confirmed,PARENT 1 IS MOST LIKELY EXTINCT X CARDINAL,10.1007/s00122-012-1988-2,Lacombe 2013,10.1007/s00122-012-1988-2,
MADINA,CARDINAL,Parent 1,SSR,SSR,,,VIVC passport (via Lacombe 2013),10.1007/s00122-012-1988-2,,confirmed,CARDINAL X SULTANINA,10.1007/s00122-012-1988-2,Lacombe 2013,10.1007/s00122-012-1988-2,
MADINA,SULTANINA,Parent 2,SSR,SSR,,,VIVC passport (via Lacombe 2013),10.1007/s00122-012-1988-2,,confirmed,CARDINAL X SULTANINA,10.1007/s00122-012-1988-2,Lacombe 2013,10.1007/s00122-012-1988-2,
EXALTA,MUSCAT OF HAMBURG,Parent 1,SSR,SSR,,,VIVC passport (via Lacombe 2013),10.1007/s00122-012-1988-2,,confirmed,MUSCAT OF HAMBURG X PERLETTE,10.1007/s00122-012-1988-2; 10.5344/ajev.2016.16068,Lacombe 2013,10.1007/s00122-012-1988-2,10.5344/ajev.2016.16068
EXALTA,PERLETTE,Parent 2,SSR,SSR,,,VIVC passport (via Lacombe 2013),10.1007/s00122-012-1988-2,,confirmed,MUSCAT OF HAMBURG X PERLETTE,10.1007/s00122-012-1988-2; 10.5344/ajev.2016.16068,Lacombe 2013,10.1007/s00122-012-1988-2,10.5344/ajev.2016.16068
MARSELAN,CABERNET SAUVIGNON,Parent 1,SSR,SSR,,,VIVC passport (via Lacombe & Emanuelli 2020; Lacombe 2013),10.1007/s00122-012-1988-2,,confirmed,CABERNET SAUVIGNON X GRENACHE = GARNACHA,10.1007/s00122-012-1988-2; 10.3389/fpls.2020.605934,Lacombe & Emanuelli 2020; Lacombe 2013,10.1007/s00122-012-1988-2,
MARSELAN,GRENACHE = GARNACHA,Parent 2,SSR,SSR,,,VIVC passport (via Lacombe & Emanuelli 2020; Lacombe 2013),10.1007/s00122-012-1988-2,,confirmed,CABERNET SAUVIGNON X GRENACHE = GARNACHA,10.1007/s00122-012-1988-2; 10.3389/fpls.2020.605934,Lacombe & Emanuelli 2020; Lacombe 2013,10.1007/s00122-012-1988-2,
ALVINA,ALPHONSE LAVALLEE,Parent 1,SSR,SSR,,,VIVC passport (via Lacombe 2013),10.1007/s00122-012-1988-2,,confirmed,ALPHONSE LAVALLEE X SULTANINA,10.1007/s00122-012-1988-2,Lacombe 2013,10.1007/s00122-012-1988-2,
ALVINA,SULTANINA,Parent 2,SSR,SSR,,,VIVC passport (via Lacombe 2013),10.1007/s00122-012-1988-2,,confirmed,ALPHONSE LAVALLEE X SULTANINA,10.1007/s00122-012-1988-2,Lacombe 2013,10.1007/s00122-012-1988-2,
CARLA,CARDINAL,Parent 1,SSR,SSR,,,VIVC passport (via Lacombe 2013),10.1007/s00122-012-1988-2,,confirmed,CARDINAL X ALPHONSE LAVALLEE,10.1007/s00122-012-1988-2,Lacombe 2013,10.1007/s00122-012-1988-2,
CARLA,ALPHONSE LAVALLEE,Parent 2,SSR,SSR,,,VIVC passport (via Lacombe 2013),10.1007/s00122-012-1988-2,,confirmed,CARDINAL X ALPHONSE LAVALLEE,10.1007/s00122-012-1988-2,Lacombe 2013,10.1007/s00122-012-1988-2,
DANUTA,DATTIER DE BEYROUTH,Parent 1,SSR,SSR,,,VIVC passport (via Lacombe 2013),10.1007/s00122-012-1988-2,,confirmed,DATTIER DE BEYROUTH X SULTANINE MOSCATA,10.1007/s00122-012-1988-2,Lacombe 2013,10.1007/s00122-012-1988-2,
DANUTA,SULTANINE MOSCATA,Parent 2,SSR,SSR,,,VIVC passport (via Lacombe 2013),10.1007/s00122-012-1988-2,,confirmed,DATTIER DE BEYROUTH X SULTANINE MOSCATA,10.1007/s00122-012-1988-2,Lacombe 2013,10.1007/s00122-012-1988-2,
CERCIAL,SERCIAL,Parent 1,SSR,SSR,,,VIVC passport (via Cunha 2020),10.3389/fpls.2020.00127,,confirmed,SERCIAL X MALVASIA FINA,10.1016/j.jbiotec.2006.06.006; 10.3389/fpls.2020.00127,Cunha 2020,10.1016/j.jbiotec.2006.06.006,10.1016/j.jbiotec.2006.06.006
CERCIAL,MALVASIA FINA,Parent 2,SSR,SSR,,,VIVC passport (via Cunha 2020),10.3389/fpls.2020.00127,,confirmed,SERCIAL X MALVASIA FINA,10.1016/j.jbiotec.2006.06.006; 10.3389/fpls.2020.00127,Cunha 2020,10.1016/j.jbiotec.2006.06.006,10.1016/j.jbiotec.2006.06.006
HAYRENIQ,ANGUR KALAN,Parent 1,SSR,SSR,,,VIVC passport (via Margaryan 2021),10.3390/biology10121279,,confirmed,ANGUR KALAN X ALPHONSE LAVALLEE,10.20870/oeno-one.2021.55.4.4815; 10.3390/biology10121279,Margaryan 2021,10.20870/oeno-one.2021.55.4.4815,10.20870/oeno-one.2021.55.4.4815
HAYRENIQ,ALPHONSE LAVALLEE,Parent 2,SSR,SSR,,,VIVC passport (via Margaryan 2021),10.3390/biology10121279,,confirmed,ANGUR KALAN X ALPHONSE LAVALLEE,10.20870/oeno-one.2021.55.4.4815; 10.3390/biology10121279,Margaryan 2021,10.20870/oeno-one.2021.55.4.4815,10.20870/oeno-one.2021.55.4.4815
ANUSH,ARMENIA,Parent 1,SSR,SSR,,,VIVC passport (via Margaryan 2021),10.3390/biology10121279,,confirmed,ARMENIA X ESKERI,10.3390/biology10121279,Margaryan 2021,10.3390/biology10121279,
ANUSH,ESKERI,Parent 2,SSR,SSR,,,VIVC passport (via Margaryan 2021),10.3390/biology10121279,,confirmed,ARMENIA X ESKERI,10.3390/biology10121279,Margaryan 2021,10.3390/biology10121279,
ARPA,SEYANETS S 1262,Parent 1,SSR,SSR,,,VIVC passport (via Margaryan 2021),10.3390/biology10121279,,confirmed,SEYANETS S 1262 X KARMRAHYUT,10.3390/biology10121279,Margaryan 2021,10.3390/biology10121279,
ARPA,KARMRAHYUT,Parent 2,SSR,SSR,,,VIVC passport (via Margaryan 2021),10.3390/biology10121279,,confirmed,SEYANETS S 1262 X KARMRAHYUT,10.3390/biology10121279,Margaryan 2021,10.3390/biology10121279,
DAISI,SHAANI BELYI,Parent 1,SSR,SSR,,,VIVC passport (pedigree confirmed by markers),,,confirmed,SHAANI BELYI X SAPERAVI,,none,,
DAISI,SAPERAVI,Parent 2,SSR,SSR,,,VIVC passport (pedigree confirmed by markers),,,confirmed,SHAANI BELYI X SAPERAVI,,none,,
MERDZAVAN,SEYANETS S 1262,Parent 1,SSR,SSR,,,VIVC passport (via Margaryan 2021),10.3390/biology10121279,,confirmed,SEYANETS S 1262 X KARMRAHYUT,10.3390/biology10121279,Margaryan 2021,10.3390/biology10121279,
MERDZAVAN,KARMRAHYUT,Parent 2,SSR,SSR,,,VIVC passport (via Margaryan 2021),10.3390/biology10121279,,confirmed,SEYANETS S 1262 X KARMRAHYUT,10.3390/biology10121279,Margaryan 2021,10.3390/biology10121279,
BLACK ALICANTE,BLACK MOROCCO,Parent 1,SSR,SSR,,,VIVC passport (via Lacombe 2013),10.1007/s00122-012-1988-2,,confirmed,BLACK MOROCCO X VERJUS,10.1007/s00122-012-1988-2,Lacombe 2013,10.1007/s00122-012-1988-2,
BLACK ALICANTE,VERJUS,Parent 2,SSR,SSR,,,VIVC passport (via Lacombe 2013),10.1007/s00122-012-1988-2,,confirmed,BLACK MOROCCO X VERJUS,10.1007/s00122-012-1988-2,Lacombe 2013,10.1007/s00122-012-1988-2,
CNC 30-4,COARNA NEAGRA,Parent 1,SSR,SSR,,,VIVC passport (pedigree confirmed by markers),,,confirmed,COARNA NEAGRA X CARDINAL,,none,,
CNC 30-4,CARDINAL,Parent 2,SSR,SSR,,,VIVC passport (pedigree confirmed by markers),,,confirmed,COARNA NEAGRA X CARDINAL,,none,,
ORANGETRAUBE,PINOT,Parent 1,SSR,SSR,,,VIVC passport (via Lacombe & Emanuelli 2020; Lacombe 2013; Laucou 2018),10.1007/s00122-012-1988-2,,confirmed,PINOT X CHASSELAS,10.1007/s00122-012-1988-2; 10.1371/journal.pone.0192540; 10.3389/fpls.2020.605934,Lacombe & Emanuelli 2020; Lacombe 2013; Laucou 2018,10.1007/s00122-012-1988-2,
ORANGETRAUBE,CHASSELAS,Parent 2,SSR,SSR,,,VIVC passport (via Lacombe & Emanuelli 2020; Lacombe 2013; Laucou 2018),10.1007/s00122-012-1988-2,,confirmed,PINOT X CHASSELAS,10.1007/s00122-012-1988-2; 10.1371/journal.pone.0192540; 10.3389/fpls.2020.605934,Lacombe & Emanuelli 2020; Lacombe 2013; Laucou 2018,10.1007/s00122-012-1988-2,
BONNITA,BARLINKA,Parent 1,SSR,SSR,,,VIVC passport (via Lacombe 2013),10.1007/s00122-012-1988-2,,confirmed,BARLINKA X ALPHONSE LAVALLEE,10.1007/s00122-012-1988-2,Lacombe 2013,10.1007/s00122-012-1988-2,
BONNITA,ALPHONSE LAVALLEE,Parent 2,SSR,SSR,,,VIVC passport (via Lacombe 2013),10.1007/s00122-012-1988-2,,confirmed,BARLINKA X ALPHONSE LAVALLEE,10.1007/s00122-012-1988-2,Lacombe 2013,10.1007/s00122-012-1988-2,
OESTERREICHISCH WEISS,ALBA IMPUTOTATO,Parent 1,SSR,SSR,,,VIVC passport (via Lacombe & Emanuelli 2020),10.3389/fpls.2020.605934,,confirmed,ALBA IMPUTOTATO X HEUNISCH WEISS,10.3389/fpls.2020.605934,Lacombe & Emanuelli 2020,10.3389/fpls.2020.605934,
OESTERREICHISCH WEISS,GOUAIS BLANC,Parent 2,SSR,SSR,,,VIVC passport (via Lacombe & Emanuelli 2020),10.3389/fpls.2020.605934,,confirmed,ALBA IMPUTOTATO X HEUNISCH WEISS,10.3389/fpls.2020.605934,Lacombe & Emanuelli 2020,10.3389/fpls.2020.605934,
EKIGAINA,TANNAT,Parent 1,SSR,SSR,,,VIVC passport (via Lacombe 2013),10.1007/s00122-012-1988-2,,confirmed,TANNAT X CABERNET SAUVIGNON,10.1007/s00122-012-1988-2,Lacombe 2013,10.1007/s00122-012-1988-2,
EKIGAINA,CABERNET SAUVIGNON,Parent 2,SSR,SSR,,,VIVC passport (via Lacombe 2013),10.1007/s00122-012-1988-2,,confirmed,TANNAT X CABERNET SAUVIGNON,10.1007/s00122-012-1988-2,Lacombe 2013,10.1007/s00122-012-1988-2,
TRAKYA ILKEREN,ALPHONSE LAVALLEE,Parent 1,SSR,SSR,,,VIVC passport (via Lacombe 2013),10.1007/s00122-012-1988-2,,confirmed,ALPHONSE LAVALLEE X PERLETTE,10.1007/s00122-012-1988-2,Lacombe 2013,10.1007/s00122-012-1988-2,
TRAKYA ILKEREN,PERLETTE,Parent 2,SSR,SSR,,,VIVC passport (via Lacombe 2013),10.1007/s00122-012-1988-2,,confirmed,ALPHONSE LAVALLEE X PERLETTE,10.1007/s00122-012-1988-2,Lacombe 2013,10.1007/s00122-012-1988-2,
YALOVA CEKIRDEKSIZI,PERLETTE,Parent 1,SSR,SSR,,,VIVC passport (via Lacombe 2013),10.1007/s00122-012-1988-2,,confirmed,PERLETTE X KEKHLIBAR,10.1007/s00122-012-1988-2,Lacombe 2013,10.1007/s00122-012-1988-2,
YALOVA CEKIRDEKSIZI,KEKHLIBAR,Parent 2,SSR,SSR,,,VIVC passport (via Lacombe 2013),10.1007/s00122-012-1988-2,,confirmed,PERLETTE X KEKHLIBAR,10.1007/s00122-012-1988-2,Lacombe 2013,10.1007/s00122-012-1988-2,
SELECT,UGNI BLANC = TREBBIANO TOSCANO,Parent 1,SSR,SSR,,,VIVC passport (via Lacombe 2013),10.1007/s00122-012-1988-2,,confirmed,UGNI BLANC = TREBBIANO TOSCANO X JURANCON BLANC,10.1007/s00122-012-1988-2,Lacombe 2013,10.1007/s00122-012-1988-2,
SELECT,JURANCON BLANC,Parent 2,SSR,SSR,,,VIVC passport (via Lacombe 2013),10.1007/s00122-012-1988-2,,confirmed,UGNI BLANC = TREBBIANO TOSCANO X JURANCON BLANC,10.1007/s00122-012-1988-2,Lacombe 2013,10.1007/s00122-012-1988-2,
DORAL,CHASSELAS,Parent 1,SSR,SSR,,,VIVC passport (via Lacombe 2013),10.1007/s00122-012-1988-2,,confirmed,CHASSELAS X CHARDONNAY,10.1007/s00122-012-1988-2,Lacombe 2013,10.1007/s00122-012-1988-2,
DORAL,CHARDONNAY,Parent 2,SSR,SSR,,,VIVC passport (via Lacombe 2013),10.1007/s00122-012-1988-2,,confirmed,CHASSELAS X CHARDONNAY,10.1007/s00122-012-1988-2,Lacombe 2013,10.1007/s00122-012-1988-2,
GARANOIR,GAMAY,Parent 1,SSR,SSR,,,VIVC passport (via Lacombe 2013),10.1007/s00122-012-1988-2,,confirmed,GAMAY X REICHENSTEINER,10.1007/s00122-012-1988-2,Lacombe 2013,10.1007/s00122-012-1988-2,
GARANOIR,REICHENSTEINER,Parent 2,SSR,SSR,,,VIVC passport (via Lacombe 2013),10.1007/s00122-012-1988-2,,confirmed,GAMAY X REICHENSTEINER,10.1007/s00122-012-1988-2,Lacombe 2013,10.1007/s00122-012-1988-2,
PALAS,BLAUFRANKISCH,Parent 1,SSR,SSR,,,VIVC passport (pedigree confirmed by markers),,,confirmed,BLAUER LIMBERGER X RUBINTRAUBE,,none,,
PALAS,RUBINTRAUBE,Parent 2,SSR,SSR,,,VIVC passport (pedigree confirmed by markers),,,confirmed,BLAUER LIMBERGER X RUBINTRAUBE,,none,,
KISHMISH OSKHI,CAOUCH ROSE,Parent 1,SSR,SSR,,,VIVC passport (pedigree confirmed by markers),10.3103/S0095452718050031,,confirmed,CAOUCH ROSE X KISHMISH BLACK,10.3103/S0095452718050031,none,10.3103/S0095452718050031,10.3103/S0095452718050031
KISHMISH OSKHI,KISHMISH BLACK,Parent 2,SSR,SSR,,,VIVC passport (pedigree confirmed by markers),10.3103/S0095452718050031,,confirmed,CAOUCH ROSE X KISHMISH BLACK,10.3103/S0095452718050031,none,10.3103/S0095452718050031,10.3103/S0095452718050031
TROPICAL,GOLIA,Parent 1,SSR,SSR,,,VIVC passport (pedigree confirmed by markers),10.1371/journal.pone.0240665,,confirmed,GOLIA X VITIS CINEREA ENGELMANN VAR. CINEREA,10.1371/journal.pone.0240665,none,10.1371/journal.pone.0240665,10.1371/journal.pone.0240665
TROPICAL,VITIS CINEREA ENGELMANN VAR. CINEREA,Parent 2,SSR,SSR,,,VIVC passport (pedigree confirmed by markers),10.1371/journal.pone.0240665,,confirmed,GOLIA X VITIS CINEREA ENGELMANN VAR. CINEREA,10.1371/journal.pone.0240665,none,10.1371/journal.pone.0240665,10.1371/journal.pone.0240665
NESBITT,FRY,Parent 1,SSR,SSR,,,VIVC passport (pedigree confirmed by markers),10.21273/JASHS.133.4.559,,confirmed,FRY X COWART,10.21273/JASHS.133.4.559,none,10.21273/JASHS.133.4.559,10.21273/JASHS.133.4.559
NESBITT,COWART,Parent 2,SSR,SSR,,,VIVC passport (pedigree confirmed by markers),10.21273/JASHS.133.4.559,,confirmed,FRY X COWART,10.21273/JASHS.133.4.559,none,10.21273/JASHS.133.4.559,10.21273/JASHS.133.4.559
SOUTHERN HOME,SUMMIT,Parent 1,SSR,SSR,,,VIVC passport (pedigree confirmed by markers),10.21273/JASHS.133.4.559,,confirmed,SUMMIT X FLA. P9-15,10.21273/JASHS.133.4.559,none,10.21273/JASHS.133.4.559,10.21273/JASHS.133.4.559
SOUTHERN HOME,FLA. P9-15,Parent 2,SSR,SSR,,,VIVC passport (pedigree confirmed by markers),10.21273/JASHS.133.4.559,,confirmed,SUMMIT X FLA. P9-15,10.21273/JASHS.133.4.559,none,10.21273/JASHS.133.4.559,10.21273/JASHS.133.4.559
DIKA II,DIAGALVES,Parent 1,SSR,SSR,,,VIVC passport (via Lacombe 2013),10.1007/s00122-012-1988-2,,confirmed,DIAGALVES X BLACK MONUKKA,10.1007/s00122-012-1988-2,Lacombe 2013,10.1007/s00122-012-1988-2,
DIKA II,BLACK MONUKKA,Parent 2,SSR,SSR,,,VIVC passport (via Lacombe 2013),10.1007/s00122-012-1988-2,,confirmed,DIAGALVES X BLACK MONUKKA,10.1007/s00122-012-1988-2,Lacombe 2013,10.1007/s00122-012-1988-2,
RUBIN GOLODRIGI,RUBINOVY MAGARACHA,Parent 1,SSR,SSR,,,VIVC passport (pedigree confirmed by markers),10.3103/S0095452710020040,,confirmed,RUBINOVY MAGARACHA X M 6-68-27,10.3103/S0095452710020040,none,10.3103/S0095452710020040,10.3103/S0095452710020040
RUBIN GOLODRIGI,M 6-68-27,Parent 2,SSR,SSR,,,VIVC passport (pedigree confirmed by markers),10.3103/S0095452710020040,,confirmed,RUBINOVY MAGARACHA X M 6-68-27,10.3103/S0095452710020040,none,10.3103/S0095452710020040,10.3103/S0095452710020040
HOSSZUNYELUE,BRAGHINA = DINKA VOEROES,Parent 1,SSR,SSR,,,VIVC passport (via Lacombe 2013),10.1007/s00122-012-1988-2,,confirmed,BRAGHINA = DINKA VOEROES X LISZTES FEHER,10.1007/s00122-012-1988-2,Lacombe 2013,10.1007/s00122-012-1988-2,
HOSSZUNYELUE,LISZTES FEHER,Parent 2,SSR,SSR,,,VIVC passport (via Lacombe 2013),10.1007/s00122-012-1988-2,,confirmed,BRAGHINA = DINKA VOEROES X LISZTES FEHER,10.1007/s00122-012-1988-2,Lacombe 2013,10.1007/s00122-012-1988-2,
IARA,SEIBEL 10096,Parent 1,SSR,SSR,,,VIVC passport (pedigree confirmed by markers),10.1371/journal.pone.0240665,,confirmed,SEIBEL 10096 X SYRAH,10.1371/journal.pone.0240665,none,10.1371/journal.pone.0240665,10.1371/journal.pone.0240665
IARA,SYRAH,Parent 2,SSR,SSR,,,VIVC passport (pedigree confirmed by markers),10.1371/journal.pone.0240665,,confirmed,SEIBEL 10096 X SYRAH,10.1371/journal.pone.0240665,none,10.1371/journal.pone.0240665,10.1371/journal.pone.0240665
ACOLON,BLAUFRANKISCH,Parent 1,SSR,SSR,,,VIVC passport (pedigree confirmed by markers),,,confirmed,BLAUER LIMBERGER X DORNFELDER,,none,,
ACOLON,DORNFELDER,Parent 2,SSR,SSR,,,VIVC passport (pedigree confirmed by markers),,,confirmed,BLAUER LIMBERGER X DORNFELDER,,none,,
CINA,KOBER 125 AA,Parent 1,SSR,SSR,,,VIVC passport (via Migliaro 2019),10.5344/ajev.2019.18054,,confirmed,KOBER 125 AA X CINEREA ARNOLD,10.5344/ajev.2019.18054,Migliaro 2019,10.5344/ajev.2019.18054,
CINA,CINEREA ARNOLD,Parent 2,SSR,SSR,,,VIVC passport (via Migliaro 2019),10.5344/ajev.2019.18054,,confirmed,KOBER 125 AA X CINEREA ARNOLD,10.5344/ajev.2019.18054,Migliaro 2019,10.5344/ajev.2019.18054,
WILDMUSKAT,SULMER,Parent 1,SSR,SSR,,,VIVC passport (pedigree confirmed by markers),,,confirmed,SULMER X NOIR HATIF DER MARSEILLE,,none,,
WILDMUSKAT,NOIR HATIF DER MARSEILLE,Parent 2,SSR,SSR,,,VIVC passport (pedigree confirmed by markers),,,confirmed,SULMER X NOIR HATIF DER MARSEILLE,,none,,
PERRANTRAUBE,MADELEINE ANGEVINE,Parent 1,SSR,SSR,,,VIVC passport (via Lacombe 2013),10.1007/s00122-012-1988-2,,confirmed,MADELEINE ANGEVINE X PRECOCE DE MALINGRE,10.1007/s00122-012-1988-2,Lacombe 2013,10.1007/s00122-012-1988-2,
PERRANTRAUBE,PRECOCE DE MALINGRE,Parent 2,SSR,SSR,,,VIVC passport (via Lacombe 2013),10.1007/s00122-012-1988-2,,confirmed,MADELEINE ANGEVINE X PRECOCE DE MALINGRE,10.1007/s00122-012-1988-2,Lacombe 2013,10.1007/s00122-012-1988-2,
MALVARISCO,ALFROCHEIRO,Parent 1,SSR,SSR,,,VIVC passport (via Cunha 2020),10.3389/fpls.2020.00127,,confirmed,ALFROCHEIRO X TINTO CAO,10.3389/fpls.2020.00127; 10.5073/vitis.2015.54.special-issue.59-65,Cunha 2020,10.3389/fpls.2020.00127,10.5073/vitis.2015.54.special-issue.59-65
MALVARISCO,TINTO CAO,Parent 2,SSR,SSR,,,VIVC passport (via Cunha 2020),10.3389/fpls.2020.00127,,confirmed,ALFROCHEIRO X TINTO CAO,10.3389/fpls.2020.00127; 10.5073/vitis.2015.54.special-issue.59-65,Cunha 2020,10.3389/fpls.2020.00127,10.5073/vitis.2015.54.special-issue.59-65
TRIGUEIRA,NAPARO,Parent 1,SSR,SSR,,,VIVC passport (via Cunha 2020),10.3389/fpls.2020.00127,,confirmed,NAPARO X TROUSSEAU NOIR,10.3389/fpls.2020.00127,Cunha 2020,10.3389/fpls.2020.00127,
TRIGUEIRA,TROUSSEAU NOIR,Parent 2,SSR,SSR,,,VIVC passport (via Cunha 2020),10.3389/fpls.2020.00127,,confirmed,NAPARO X TROUSSEAU NOIR,10.3389/fpls.2020.00127,Cunha 2020,10.3389/fpls.2020.00127,
DONA JOAQUINA,MUSCAT OF ALEXANDRIA,Parent 1,SSR,SSR,,,VIVC passport (via Cunha 2020),10.3389/fpls.2020.00127,,confirmed,MUSCAT OF ALEXANDRIA X TAMAREZ,10.3389/fpls.2020.00127,Cunha 2020,10.3389/fpls.2020.00127,
DONA JOAQUINA,TAMAREZ,Parent 2,SSR,SSR,,,VIVC passport (via Cunha 2020),10.3389/fpls.2020.00127,,confirmed,MUSCAT OF ALEXANDRIA X TAMAREZ,10.3389/fpls.2020.00127,Cunha 2020,10.3389/fpls.2020.00127,
MARQUIS,ATHENS,Parent 1,SSR,SSR,,,VIVC passport (pedigree confirmed by markers),,,confirmed,ATHENS X EMERALD SEEDLESS,,none,,
MARQUIS,EMERALD SEEDLESS,Parent 2,SSR,SSR,,,VIVC passport (pedigree confirmed by markers),,,confirmed,ATHENS X EMERALD SEEDLESS,,none,,
PRIMA,LIVAL,Parent 1,SSR,SSR,,,VIVC passport (via Lacombe 2013),10.1007/s00122-012-1988-2,,confirmed,LIVAL X CARDINAL,10.1007/s00122-012-1988-2,Lacombe 2013,10.1007/s00122-012-1988-2,
PRIMA,CARDINAL,Parent 2,SSR,SSR,,,VIVC passport (via Lacombe 2013),10.1007/s00122-012-1988-2,,confirmed,LIVAL X CARDINAL,10.1007/s00122-012-1988-2,Lacombe 2013,10.1007/s00122-012-1988-2,
ISA,GLORIA HUNGARIAE,Parent 1,SSR,SSR,,,VIVC passport (via Lacombe 2013),10.1007/s00122-012-1988-2,,confirmed,GLORIA HUNGARIAE X CARDINAL,10.1007/s00122-012-1988-2,Lacombe 2013,10.1007/s00122-012-1988-2,
ISA,CARDINAL,Parent 2,SSR,SSR,,,VIVC passport (via Lacombe 2013),10.1007/s00122-012-1988-2,,confirmed,GLORIA HUNGARIAE X CARDINAL,10.1007/s00122-012-1988-2,Lacombe 2013,10.1007/s00122-012-1988-2,
ATTIKA SEEDLESS,ALPHONSE LAVALLEE,Parent 1,SSR,SSR,,,VIVC passport (via Lacombe & Emanuelli 2020; Lacombe 2013; Laucou 2018),10.1007/s00122-012-1988-2,,confirmed,ALPHONSE LAVALLEE X BLACK MONUKKA,10.1007/s00122-012-1988-2; 10.1371/journal.pone.0192540; 10.3389/fpls.2020.605934,Lacombe & Emanuelli 2020; Lacombe 2013; Laucou 2018,10.1007/s00122-012-1988-2,
ATTIKA SEEDLESS,BLACK MONUKKA,Parent 2,SSR,SSR,,,VIVC passport (via Lacombe & Emanuelli 2020; Lacombe 2013; Laucou 2018),10.1007/s00122-012-1988-2,,confirmed,ALPHONSE LAVALLEE X BLACK MONUKKA,10.1007/s00122-012-1988-2; 10.1371/journal.pone.0192540; 10.3389/fpls.2020.605934,Lacombe & Emanuelli 2020; Lacombe 2013; Laucou 2018,10.1007/s00122-012-1988-2,
MEDOC NOIR,CHASSELAS,Parent 1,SSR,SSR,,,VIVC passport (via Lacombe 2013),10.1007/s00122-012-1988-2,,confirmed,CHASSELAS X MUSCAT D'EISENSTADT,10.1007/s00122-012-1988-2,Lacombe 2013,10.1007/s00122-012-1988-2,
MEDOC NOIR,MUSCAT D'EISENSTADT,Parent 2,SSR,SSR,,,VIVC passport (via Lacombe 2013),10.1007/s00122-012-1988-2,,confirmed,CHASSELAS X MUSCAT D'EISENSTADT,10.1007/s00122-012-1988-2,Lacombe 2013,10.1007/s00122-012-1988-2,
ORNOVE,UGNI BLANC,Parent 1,SSR,SSR,,,VIVC passport (via Lacombe 2013),10.1007/s00122-012-1988-2,,confirmed,TREBBIANO TOSCANO X TREBBIANO TOSCANO,10.1007/s00122-012-1988-2,Lacombe 2013,10.1007/s00122-012-1988-2,
ORNOVE,UGNI BLANC,Parent 2,SSR,SSR,,,VIVC passport (via Lacombe 2013),10.1007/s00122-012-1988-2,,confirmed,TREBBIANO TOSCANO X TREBBIANO TOSCANO,10.1007/s00122-012-1988-2,Lacombe 2013,10.1007/s00122-012-1988-2,
PIGEONNET,GREC ROUGE,Parent 1,SSR,SSR,,,VIVC passport (via Lacombe 2013),10.1007/s00122-012-1988-2,,confirmed,GREC ROUGE X MUSCAT D'EISENSTADT,10.1007/s00122-012-1988-2,Lacombe 2013,10.1007/s00122-012-1988-2,
PIGEONNET,MUSCAT D'EISENSTADT,Parent 2,SSR,SSR,,,VIVC passport (via Lacombe 2013),10.1007/s00122-012-1988-2,,confirmed,GREC ROUGE X MUSCAT D'EISENSTADT,10.1007/s00122-012-1988-2,Lacombe 2013,10.1007/s00122-012-1988-2,
PLANT DE COUSTON,GRENACHE NOIR,Parent 1,SSR,SSR,,,VIVC passport (via Lacombe 2013),10.1007/s00122-012-1988-2,,confirmed,GRENACHE X AUBUN,10.1007/s00122-012-1988-2,Lacombe 2013,10.1007/s00122-012-1988-2,
PLANT DE COUSTON,AUBUN,Parent 2,SSR,SSR,,,VIVC passport (via Lacombe 2013),10.1007/s00122-012-1988-2,,confirmed,GRENACHE X AUBUN,10.1007/s00122-012-1988-2,Lacombe 2013,10.1007/s00122-012-1988-2,
SCHIRAS DR. HOUDBINE,CHAOUCH,Parent 1,SSR,SSR,,,VIVC passport (via Lacombe 2013),10.1007/s00122-012-1988-2,,confirmed,CHAOUCH X KECSKECSCU ROSZAS PIROS,10.1007/s00122-012-1988-2,Lacombe 2013,10.1007/s00122-012-1988-2,
SCHIRAS DR. HOUDBINE,KECSKECSCU ROSZAS PIROS,Parent 2,SSR,SSR,,,VIVC passport (via Lacombe 2013),10.1007/s00122-012-1988-2,,confirmed,CHAOUCH X KECSKECSCU ROSZAS PIROS,10.1007/s00122-012-1988-2,Lacombe 2013,10.1007/s00122-012-1988-2,
TORRONTES SANJUANINO,CRIOLLA CHICA,Parent 1,SSR,SSR,,,VIVC passport (via Lacombe 2013),10.1007/s00122-012-1988-2,,confirmed,CRIOLLA CHICA X MUSCAT OF ALEXANDRIA,10.1007/s00122-012-1988-2; 10.1016/j.tig.2006.07.008; 10.1111/ajgw.12282,Lacombe 2013,10.1007/s00122-012-1988-2,10.1016/j.tig.2006.07.008; 10.1111/ajgw.12282
TORRONTES SANJUANINO,MUSCAT OF ALEXANDRIA,Parent 2,SSR,SSR,,,VIVC passport (via Lacombe 2013),10.1007/s00122-012-1988-2,,confirmed,CRIOLLA CHICA X MUSCAT OF ALEXANDRIA,10.1007/s00122-012-1988-2; 10.1016/j.tig.2006.07.008; 10.1111/ajgw.12282,Lacombe 2013,10.1007/s00122-012-1988-2,10.1016/j.tig.2006.07.008; 10.1111/ajgw.12282
PRETO CARDANA,CAYETANA BLANCA,Parent 1,SSR,SSR,,,VIVC passport (via Cunha 2020),10.3389/fpls.2020.00127,,confirmed,CAYETANA BLANCA X MOLAR,10.3389/fpls.2020.00127,Cunha 2020,10.3389/fpls.2020.00127,
PRETO CARDANA,MOLAR,Parent 2,SSR,SSR,,,VIVC passport (via Cunha 2020),10.3389/fpls.2020.00127,,confirmed,CAYETANA BLANCA X MOLAR,10.3389/fpls.2020.00127,Cunha 2020,10.3389/fpls.2020.00127,
BARCA,MOURISCO TINTO,Parent 1,SSR,SSR,,,VIVC passport (via Cunha 2020; Lacombe 2013),10.1007/s00122-012-1988-2,,confirmed,MOURISCO TINTO X TOURIGA NACIONAL,10.1007/s00122-012-1988-2; 10.3389/fpls.2020.00127,Cunha 2020; Lacombe 2013,10.1007/s00122-012-1988-2,
BARCA,TOURIGA NACIONAL,Parent 2,SSR,SSR,,,VIVC passport (via Cunha 2020; Lacombe 2013),10.1007/s00122-012-1988-2,,confirmed,MOURISCO TINTO X TOURIGA NACIONAL,10.1007/s00122-012-1988-2; 10.3389/fpls.2020.00127,Cunha 2020; Lacombe 2013,10.1007/s00122-012-1988-2,
PADEIRO,HEBIEN,Parent 1,SSR,SSR,,,VIVC passport (via Cunha 2020; Lacombe 2013),10.1007/s00122-012-1988-2,,confirmed,HEBEN X VINHAO = SOUZAO,10.1007/s00122-012-1988-2; 10.3389/fpls.2020.00127; 10.5073/vitis.2015.54.special-issue.81-86,Cunha 2020; Lacombe 2013,10.1007/s00122-012-1988-2,10.5073/vitis.2015.54.special-issue.81-86
PADEIRO,VINHAO = SOUZAO,Parent 2,SSR,SSR,,,VIVC passport (via Cunha 2020; Lacombe 2013),10.1007/s00122-012-1988-2,,confirmed,HEBEN X VINHAO = SOUZAO,10.1007/s00122-012-1988-2; 10.3389/fpls.2020.00127; 10.5073/vitis.2015.54.special-issue.81-86,Cunha 2020; Lacombe 2013,10.1007/s00122-012-1988-2,10.5073/vitis.2015.54.special-issue.81-86
TSAOUSSI,BARESANA,Parent 1,SSR,SSR,,,VIVC passport (via Lacombe 2013),10.1007/s00122-012-1988-2,,confirmed,BARESANA X MAVRODAPHNI,10.1007/s00122-012-1988-2,Lacombe 2013,10.1007/s00122-012-1988-2,
TSAOUSSI,MAVRODAPHNI,Parent 2,SSR,SSR,,,VIVC passport (via Lacombe 2013),10.1007/s00122-012-1988-2,,confirmed,BARESANA X MAVRODAPHNI,10.1007/s00122-012-1988-2,Lacombe 2013,10.1007/s00122-012-1988-2,
AIVAZ,MOLDOVA,Parent 1,SSR,SSR,,,VIVC passport (pedigree confirmed by markers),10.21548/39-1-2053,,confirmed,MOLDOVA X CARDINAL,10.21548/39-1-2053,none,10.21548/39-1-2053,10.21548/39-1-2053
AIVAZ,CARDINAL,Parent 2,SSR,SSR,,,VIVC passport (pedigree confirmed by markers),10.21548/39-1-2053,,confirmed,MOLDOVA X CARDINAL,10.21548/39-1-2053,none,10.21548/39-1-2053,10.21548/39-1-2053
ARKADIA,MOLDOVA,Parent 1,SSR,SSR,,,VIVC passport (pedigree confirmed by markers),10.3103/S0095452718050031,,confirmed,MOLDOVA  X CARDINAL,10.3103/S0095452718050031,none,10.3103/S0095452718050031,10.3103/S0095452718050031
ARKADIA,CARDINAL,Parent 2,SSR,SSR,,,VIVC passport (pedigree confirmed by markers),10.3103/S0095452718050031,,confirmed,MOLDOVA  X CARDINAL,10.3103/S0095452718050031,none,10.3103/S0095452718050031,10.3103/S0095452718050031
AIN EL BOUMA,OLIVETTE BLANCHE,Parent 1,SSR,SSR,,,VIVC passport (via Lacombe & Emanuelli 2020; Lacombe 2013),10.1007/s00122-012-1988-2,,confirmed,OLIVETTE BLANCHE X TREBBIANO TOSCANO,10.1007/s00122-012-1988-2; 10.3389/fpls.2020.605934,Lacombe & Emanuelli 2020; Lacombe 2013,10.1007/s00122-012-1988-2,
AIN EL BOUMA,UGNI BLANC,Parent 2,SSR,SSR,,,VIVC passport (via Lacombe & Emanuelli 2020; Lacombe 2013),10.1007/s00122-012-1988-2,,confirmed,OLIVETTE BLANCHE X TREBBIANO TOSCANO,10.1007/s00122-012-1988-2; 10.3389/fpls.2020.605934,Lacombe & Emanuelli 2020; Lacombe 2013,10.1007/s00122-012-1988-2,
ARDONA,CARDINAL,Parent 1,SSR,SSR,,,VIVC passport (via Lacombe 2013),10.1007/s00122-012-1988-2,,confirmed,CARDINAL X VERONA,10.1007/s00122-012-1988-2,Lacombe 2013,10.1007/s00122-012-1988-2,
ARDONA,VERONA,Parent 2,SSR,SSR,,,VIVC passport (via Lacombe 2013),10.1007/s00122-012-1988-2,,confirmed,CARDINAL X VERONA,10.1007/s00122-012-1988-2,Lacombe 2013,10.1007/s00122-012-1988-2,
BESTS M,BICANE,Parent 1,SSR,SSR,,,VIVC passport (via Lacombe 2013),10.1007/s00122-012-1988-2,,confirmed,BICANE X MUSCAT DE HAMBOURG,10.1007/s00122-012-1988-2,Lacombe 2013,10.1007/s00122-012-1988-2,
BESTS M,MUSCAT DE HAMBOURG,Parent 2,SSR,SSR,,,VIVC passport (via Lacombe 2013),10.1007/s00122-012-1988-2,,confirmed,BICANE X MUSCAT DE HAMBOURG,10.1007/s00122-012-1988-2,Lacombe 2013,10.1007/s00122-012-1988-2,
BONARDA DI PIAVA,TRIUMPH TRAUBE,Parent 1,SSR,SSR,,,VIVC passport (via Lacombe 2013),10.1007/s00122-012-1988-2,,confirmed,TRIUMPH TRAUBE X SCHIAVA GROSSA,10.1007/s00122-012-1988-2,Lacombe 2013,10.1007/s00122-012-1988-2,
BONARDA DI PIAVA,SCHIAVA GROSSA,Parent 2,SSR,SSR,,,VIVC passport (via Lacombe 2013),10.1007/s00122-012-1988-2,,confirmed,TRIUMPH TRAUBE X SCHIAVA GROSSA,10.1007/s00122-012-1988-2,Lacombe 2013,10.1007/s00122-012-1988-2,
BLACK MONUKKA,ICHKIMAR,Parent 1,SSR,SSR,,,VIVC passport (via Lacombe & Emanuelli 2020; Lacombe 2013; Laucou 2018),10.1007/s00122-012-1988-2,,confirmed,ICHKIMAR X SULTANINA,10.1007/s00122-012-1988-2; 10.1371/journal.pone.0192540; 10.3389/fpls.2020.605934,Lacombe & Emanuelli 2020; Lacombe 2013; Laucou 2018,10.1007/s00122-012-1988-2,
BLACK MONUKKA,SULTANINA,Parent 2,SSR,SSR,,,VIVC passport (via Lacombe & Emanuelli 2020; Lacombe 2013; Laucou 2018),10.1007/s00122-012-1988-2,,confirmed,ICHKIMAR X SULTANINA,10.1007/s00122-012-1988-2; 10.1371/journal.pone.0192540; 10.3389/fpls.2020.605934,Lacombe & Emanuelli 2020; Lacombe 2013; Laucou 2018,10.1007/s00122-012-1988-2,
CITRONELLE X ARAMON,ARAMON NOIR,Parent 1,SSR,SSR,,,VIVC passport (via Lacombe 2013),10.1007/s00122-012-1988-2,,confirmed,ARAMON NOIR X CINSAUT,10.1007/s00122-012-1988-2,Lacombe 2013,10.1007/s00122-012-1988-2,
CITRONELLE X ARAMON,CINSAUT,Parent 2,SSR,SSR,,,VIVC passport (via Lacombe 2013),10.1007/s00122-012-1988-2,,confirmed,ARAMON NOIR X CINSAUT,10.1007/s00122-012-1988-2,Lacombe 2013,10.1007/s00122-012-1988-2,
DAMERET,HUMAGNE BLANC,Parent 1,SSR,SSR,,,VIVC passport (via Lacombe 2013),10.1007/s00122-012-1988-2,,confirmed,HUMAGNE BLANC X HEUNISCH WEISS,10.1007/s00122-012-1988-2,Lacombe 2013,10.1007/s00122-012-1988-2,
DAMERET,GOUAIS BLANC,Parent 2,SSR,SSR,,,VIVC passport (via Lacombe 2013),10.1007/s00122-012-1988-2,,confirmed,HUMAGNE BLANC X HEUNISCH WEISS,10.1007/s00122-012-1988-2,Lacombe 2013,10.1007/s00122-012-1988-2,
DIAMANTTRAUBE,COARNA ALBA,Parent 1,SSR,SSR,,,VIVC passport (via Lacombe 2013),10.1007/s00122-012-1988-2,,confirmed,COARNA ALBA X EZERJO,10.1007/s00122-012-1988-2,Lacombe 2013,10.1007/s00122-012-1988-2,
DIAMANTTRAUBE,EZERJO,Parent 2,SSR,SSR,,,VIVC passport (via Lacombe 2013),10.1007/s00122-012-1988-2,,confirmed,COARNA ALBA X EZERJO,10.1007/s00122-012-1988-2,Lacombe 2013,10.1007/s00122-012-1988-2,
FONDO DE ORZA,HUEVO DE GATO NEGRO,Parent 1,SSR,SSR,,,VIVC passport (via Lacombe 2013),10.1007/s00122-012-1988-2,,confirmed,HUEVO DE GATO NEGRO X MUSCAT A PETITS GRAINS,10.1007/s00122-012-1988-2,Lacombe 2013,10.1007/s00122-012-1988-2,
FONDO DE ORZA,MUSCAT A PETITS GRAINS,Parent 2,SSR,SSR,,,VIVC passport (via Lacombe 2013),10.1007/s00122-012-1988-2,,confirmed,HUEVO DE GATO NEGRO X MUSCAT A PETITS GRAINS,10.1007/s00122-012-1988-2,Lacombe 2013,10.1007/s00122-012-1988-2,
FRANCOIS NOIR,GOUAIS BLANC,Parent 1,SSR,SSR,,,VIVC passport (via Lacombe 2013),10.1007/s00122-012-1988-2,,confirmed,HEUNISCH WEISS X PINOT,10.1007/s00122-012-1988-2,Lacombe 2013,10.1007/s00122-012-1988-2,
FRANCOIS NOIR,PINOT,Parent 2,SSR,SSR,,,VIVC passport (via Lacombe 2013),10.1007/s00122-012-1988-2,,confirmed,HEUNISCH WEISS X PINOT,10.1007/s00122-012-1988-2,Lacombe 2013,10.1007/s00122-012-1988-2,
GALIBERT COULONDRE 201 (F),COUDERC 161-49,Parent 1,SSR,SSR,,,VIVC passport (pedigree confirmed by markers),,,confirmed,COUDERC 161-49 X RUPESTRIS DU LOT,,none,,
GALIBERT COULONDRE 201 (F),RUPESTRIS DU LOT,Parent 2,SSR,SSR,,,VIVC passport (pedigree confirmed by markers),,,confirmed,COUDERC 161-49 X RUPESTRIS DU LOT,,none,,
MADELEINE SAEMLING 18,MADELEINE ANGEVINE,Parent 1,SSR,SSR,,,VIVC passport (via Lacombe 2013),10.1007/s00122-012-1988-2,,confirmed,MADELEINE ANGEVINE X RIESLING,10.1007/s00122-012-1988-2,Lacombe 2013,10.1007/s00122-012-1988-2,
MADELEINE SAEMLING 18,RIESLING,Parent 2,SSR,SSR,,,VIVC passport (via Lacombe 2013),10.1007/s00122-012-1988-2,,confirmed,MADELEINE ANGEVINE X RIESLING,10.1007/s00122-012-1988-2,Lacombe 2013,10.1007/s00122-012-1988-2,
MALAGA II,MUSCAT D'ALEXANDRIE,Parent 1,SSR,SSR,,,VIVC passport (via Lacombe 2013),10.1007/s00122-012-1988-2,,confirmed,MUSCAT D'ALEXANDRIE X MUSCAT D'ALEXANDRIE,10.1007/s00122-012-1988-2,Lacombe 2013,10.1007/s00122-012-1988-2,
MALAGA II,MUSCAT D'ALEXANDRIE,Parent 2,SSR,SSR,,,VIVC passport (via Lacombe 2013),10.1007/s00122-012-1988-2,,confirmed,MUSCAT D'ALEXANDRIE X MUSCAT D'ALEXANDRIE,10.1007/s00122-012-1988-2,Lacombe 2013,10.1007/s00122-012-1988-2,
MALMASIE,HUMAGNE BLANC,Parent 1,SSR,SSR,,,VIVC passport (via Lacombe 2013),10.1007/s00122-012-1988-2,,confirmed,HUMAGNE BLANC X CLAIRETTE,10.1007/s00122-012-1988-2,Lacombe 2013,10.1007/s00122-012-1988-2,
MALMASIE,CLAIRETTE,Parent 2,SSR,SSR,,,VIVC passport (via Lacombe 2013),10.1007/s00122-012-1988-2,,confirmed,HUMAGNE BLANC X CLAIRETTE,10.1007/s00122-012-1988-2,Lacombe 2013,10.1007/s00122-012-1988-2,
MUSCAT D'ISTAMBUL,VALENCI BLANCO = BEBA,Parent 1,SSR,SSR,,,VIVC passport (via Lacombe & Emanuelli 2020; Lacombe 2013; Laucou 2018),10.1007/s00122-012-1988-2,,confirmed,VALENCI BLANCO = BEBA X MUSCAT D'ALEXANDRIE,10.1007/s00122-012-1988-2; 10.1007/s10722-013-0064-3; 10.1371/journal.pone.0192540; 10.3389/fpls.2020.605934,Lacombe & Emanuelli 2020; Lacombe 2013; Laucou 2018,10.1007/s00122-012-1988-2,10.1007/s10722-013-0064-3
MUSCAT D'ISTAMBUL,MUSCAT D'ALEXANDRIE,Parent 2,SSR,SSR,,,VIVC passport (via Lacombe & Emanuelli 2020; Lacombe 2013; Laucou 2018),10.1007/s00122-012-1988-2,,confirmed,VALENCI BLANCO = BEBA X MUSCAT D'ALEXANDRIE,10.1007/s00122-012-1988-2; 10.1007/s10722-013-0064-3; 10.1371/journal.pone.0192540; 10.3389/fpls.2020.605934,Lacombe & Emanuelli 2020; Lacombe 2013; Laucou 2018,10.1007/s00122-012-1988-2,10.1007/s10722-013-0064-3
OLHO DE COCCO,GRENACHE NOIR,Parent 1,SSR,SSR,,,VIVC passport (via Lacombe 2013),10.1007/s00122-012-1988-2,,confirmed,GRENACHE X PLANT DROIT,10.1007/s00122-012-1988-2,Lacombe 2013,10.1007/s00122-012-1988-2,
OLHO DE COCCO,PLANT DROIT,Parent 2,SSR,SSR,,,VIVC passport (via Lacombe 2013),10.1007/s00122-012-1988-2,,confirmed,GRENACHE X PLANT DROIT,10.1007/s00122-012-1988-2,Lacombe 2013,10.1007/s00122-012-1988-2,
RAZAKIIA MIRISLIVA,RAZACHIE ROSIE,Parent 1,SSR,SSR,,,VIVC passport (via Lacombe 2013),10.1007/s00122-012-1988-2,,confirmed,RAZACHIE ROSIE X PROKUPAC,10.1007/s00122-012-1988-2,Lacombe 2013,10.1007/s00122-012-1988-2,
RAZAKIIA MIRISLIVA,PROKUPAC,Parent 2,SSR,SSR,,,VIVC passport (via Lacombe 2013),10.1007/s00122-012-1988-2,,confirmed,RAZACHIE ROSIE X PROKUPAC,10.1007/s00122-012-1988-2,Lacombe 2013,10.1007/s00122-012-1988-2,
SCHEU 10514,SAVAGNIN = TRAMINER,Parent 1,SSR,SSR,,,VIVC passport (via Lacombe 2013),10.1007/s00122-012-1988-2,,confirmed,SAVAGNIN = TRAMINER X RIESLING,10.1007/s00122-012-1988-2,Lacombe 2013,10.1007/s00122-012-1988-2,
SCHEU 10514,RIESLING,Parent 2,SSR,SSR,,,VIVC passport (via Lacombe 2013),10.1007/s00122-012-1988-2,,confirmed,SAVAGNIN = TRAMINER X RIESLING,10.1007/s00122-012-1988-2,Lacombe 2013,10.1007/s00122-012-1988-2,
VIGNE DE WOOD,KOZ OUZIOUM,Parent 1,SSR,SSR,,,VIVC passport (via Lacombe 2013),10.1007/s00122-012-1988-2,,confirmed,KOZ OUZIOUM X ASSYL KARA,10.1007/s00122-012-1988-2,Lacombe 2013,10.1007/s00122-012-1988-2,
VIGNE DE WOOD,ASSYL KARA,Parent 2,SSR,SSR,,,VIVC passport (via Lacombe 2013),10.1007/s00122-012-1988-2,,confirmed,KOZ OUZIOUM X ASSYL KARA,10.1007/s00122-012-1988-2,Lacombe 2013,10.1007/s00122-012-1988-2,
ZIZINE,OULIVEN,Parent 1,SSR,SSR,,,VIVC passport (via Lacombe 2013),10.1007/s00122-012-1988-2,,confirmed,OULIVEN X MAROCAIN NOIR,10.1007/s00122-012-1988-2,Lacombe 2013,10.1007/s00122-012-1988-2,
ZIZINE,MAROCAIN NOIR,Parent 2,SSR,SSR,,,VIVC passport (via Lacombe 2013),10.1007/s00122-012-1988-2,,confirmed,OULIVEN X MAROCAIN NOIR,10.1007/s00122-012-1988-2,Lacombe 2013,10.1007/s00122-012-1988-2,
USTOICHIVYI DOKUCHAEVOI,GERKULES,Parent 1,SSR,SSR,,,VIVC passport (pedigree confirmed by markers),10.3103/S0095452718050031,,confirmed,GERKULES X DATTIER DE SAINT VALLIER,10.3103/S0095452718050031,none,10.3103/S0095452718050031,10.3103/S0095452718050031
USTOICHIVYI DOKUCHAEVOI,DATTIER DE SAINT VALLIER,Parent 2,SSR,SSR,,,VIVC passport (pedigree confirmed by markers),10.3103/S0095452718050031,,confirmed,GERKULES X DATTIER DE SAINT VALLIER,10.3103/S0095452718050031,none,10.3103/S0095452718050031,10.3103/S0095452718050031
RIGOTTI 125,CARMENERE,Parent 1,SSR,SSR,,,VIVC passport (pedigree confirmed by markers),,,confirmed,CARMENERE X MERLOT,,none,,
RIGOTTI 125,MERLOT,Parent 2,SSR,SSR,,,VIVC passport (pedigree confirmed by markers),,,confirmed,CARMENERE X MERLOT,,none,,
RIGOTTI 81- 6,SCHIAVA GROSSA,Parent 1,SSR,SSR,,,VIVC passport (pedigree confirmed by markers),,,confirmed,SCHIAVA GROSSA X MERLOT,,none,,
RIGOTTI 81- 6,MERLOT,Parent 2,SSR,SSR,,,VIVC passport (pedigree confirmed by markers),,,confirmed,SCHIAVA GROSSA X MERLOT,,none,,
SUNRED SEEDLESS,DATAL,Parent 1,SSR,SSR,,,VIVC passport (pedigree confirmed by markers),10.21548/39-1-2053,,confirmed,DATAL X RUBY SEEDLESS,10.21548/39-1-2053,none,10.21548/39-1-2053,10.21548/39-1-2053
SUNRED SEEDLESS,RUBY SEEDLESS,Parent 2,SSR,SSR,,,VIVC passport (pedigree confirmed by markers),10.21548/39-1-2053,,confirmed,DATAL X RUBY SEEDLESS,10.21548/39-1-2053,none,10.21548/39-1-2053,10.21548/39-1-2053
SUNDANCE,DAUPHINE,Parent 1,SSR,SSR,,,VIVC passport (pedigree confirmed by markers),10.21548/39-1-2053,,confirmed,DAUPHINE X DAWN SEEDLESS,10.21548/39-1-2053,none,10.21548/39-1-2053,10.21548/39-1-2053
SUNDANCE,DAWN SEEDLESS,Parent 2,SSR,SSR,,,VIVC passport (pedigree confirmed by markers),10.21548/39-1-2053,,confirmed,DAUPHINE X DAWN SEEDLESS,10.21548/39-1-2053,none,10.21548/39-1-2053,10.21548/39-1-2053
ERVI,BARBERA,Parent 1,SSR,SSR,,,VIVC passport (via Lacombe & Emanuelli 2020),10.3389/fpls.2020.605934,,confirmed,BARBERA X CROATINA,10.3389/fpls.2020.605934,Lacombe & Emanuelli 2020,10.3389/fpls.2020.605934,
ERVI,CROATINA,Parent 2,SSR,SSR,,,VIVC passport (via Lacombe & Emanuelli 2020),10.3389/fpls.2020.605934,,confirmed,BARBERA X CROATINA,10.3389/fpls.2020.605934,Lacombe & Emanuelli 2020,10.3389/fpls.2020.605934,
BARRETO,MARUFO,Parent 1,SSR,SSR,,,VIVC passport (via Cunha 2020),10.3389/fpls.2020.00127,,confirmed,MARUFO X GOUVEIO,10.3389/fpls.2020.00127,Cunha 2020,10.3389/fpls.2020.00127,
BARRETO,GOUVEIO,Parent 2,SSR,SSR,,,VIVC passport (via Cunha 2020),10.3389/fpls.2020.00127,,confirmed,MARUFO X GOUVEIO,10.3389/fpls.2020.00127,Cunha 2020,10.3389/fpls.2020.00127,
BRANCO GUIMARAES,RABIGATO,Parent 1,SSR,SSR,,,VIVC passport (via Cunha 2020),10.3389/fpls.2020.00127,,confirmed,RABIGATO X CASTELLANA BLANCA,10.3389/fpls.2020.00127,Cunha 2020,10.3389/fpls.2020.00127,
BRANCO GUIMARAES,CASTELLANA BLANCA,Parent 2,SSR,SSR,,,VIVC passport (via Cunha 2020),10.3389/fpls.2020.00127,,confirmed,RABIGATO X CASTELLANA BLANCA,10.3389/fpls.2020.00127,Cunha 2020,10.3389/fpls.2020.00127,
DONZELINHO ROXO,MARUFO,Parent 1,SSR,SSR,,,VIVC passport (via Cunha 2020),10.3389/fpls.2020.00127,,confirmed,MARUFO X GOUVEIO,10.3389/fpls.2020.00127,Cunha 2020,10.3389/fpls.2020.00127,
DONZELINHO ROXO,GOUVEIO,Parent 2,SSR,SSR,,,VIVC passport (via Cunha 2020),10.3389/fpls.2020.00127,,confirmed,MARUFO X GOUVEIO,10.3389/fpls.2020.00127,Cunha 2020,10.3389/fpls.2020.00127,
MALVASIA BRANCA DE SAO JORGE,VITAL,Parent 1,SSR,SSR,,,VIVC passport (via Cunha 2020),10.3389/fpls.2020.00127,,confirmed,VITAL X UVA CAO,10.3389/fpls.2020.00127,Cunha 2020,10.3389/fpls.2020.00127,
MALVASIA BRANCA DE SAO JORGE,UVA CAO,Parent 2,SSR,SSR,,,VIVC passport (via Cunha 2020),10.3389/fpls.2020.00127,,confirmed,VITAL X UVA CAO,10.3389/fpls.2020.00127,Cunha 2020,10.3389/fpls.2020.00127,
MOSCATEL GALEGO TINTO,MUSCAT A PETITS GRAINS BLANCS,Parent 1,SSR,SSR,,,VIVC passport (via Cunha 2020),10.3389/fpls.2020.00127,,confirmed,MUSCAT A PETITS GRAINS BLANCS X ALVARELHAO,10.3389/fpls.2020.00127,Cunha 2020,10.3389/fpls.2020.00127,
MOSCATEL GALEGO TINTO,ALVARELHAO,Parent 2,SSR,SSR,,,VIVC passport (via Cunha 2020),10.3389/fpls.2020.00127,,confirmed,MUSCAT A PETITS GRAINS BLANCS X ALVARELHAO,10.3389/fpls.2020.00127,Cunha 2020,10.3389/fpls.2020.00127,
AYVAZYANI MUSKATENI,ANGUR KALAN,Parent 1,SSR,SSR,,,VIVC passport (pedigree confirmed by markers),,,confirmed,ANGUR KALAN X MUSCAT HAMBURG,,none,,
AYVAZYANI MUSKATENI,MUSCAT HAMBURG,Parent 2,SSR,SSR,,,VIVC passport (pedigree confirmed by markers),,,confirmed,ANGUR KALAN X MUSCAT HAMBURG,,none,,
ANUSHIK,ANGUR KALAN,Parent 1,SSR,SSR,,,VIVC passport (via Margaryan 2021),10.3390/biology10121279,,confirmed,ANGUR KALAN X CSABA GYOENGYE,10.3390/biology10121279,Margaryan 2021,10.3390/biology10121279,
ANUSHIK,CSABA GYOENGYE,Parent 2,SSR,SSR,,,VIVC passport (via Margaryan 2021),10.3390/biology10121279,,confirmed,ANGUR KALAN X CSABA GYOENGYE,10.3390/biology10121279,Margaryan 2021,10.3390/biology10121279,
ROUPEIRO BRANCO,HEBIEN,Parent 1,SSR,SSR,,,VIVC passport (via Cunha 2020),10.3389/fpls.2020.00127,,confirmed,HEBEN X FOLGASAO,10.3389/fpls.2020.00127; 10.5073/vitis.2015.54.special-issue.81-86,Cunha 2020,10.3389/fpls.2020.00127,10.5073/vitis.2015.54.special-issue.81-86
ROUPEIRO BRANCO,FOLGASAO,Parent 2,SSR,SSR,,,VIVC passport (via Cunha 2020),10.3389/fpls.2020.00127,,confirmed,HEBEN X FOLGASAO,10.3389/fpls.2020.00127; 10.5073/vitis.2015.54.special-issue.81-86,Cunha 2020,10.3389/fpls.2020.00127,10.5073/vitis.2015.54.special-issue.81-86
ROXO FLOR,MARUFO,Parent 1,SSR,SSR,,,VIVC passport (via Cunha 2020),10.3389/fpls.2020.00127,,confirmed,MARUFO X GOUVEIO,10.3389/fpls.2020.00127,Cunha 2020,10.3389/fpls.2020.00127,
ROXO FLOR,GOUVEIO,Parent 2,SSR,SSR,,,VIVC passport (via Cunha 2020),10.3389/fpls.2020.00127,,confirmed,MARUFO X GOUVEIO,10.3389/fpls.2020.00127,Cunha 2020,10.3389/fpls.2020.00127,
TINTA DE LISBOA,SIRIA,Parent 1,SSR,SSR,,,VIVC passport (via Cunha 2020; Lacombe 2013),10.1007/s00122-012-1988-2,,confirmed,SIRIA X TROUSSEAU,10.1007/s00122-012-1988-2; 10.3389/fpls.2020.00127,Cunha 2020; Lacombe 2013,10.1007/s00122-012-1988-2,
TINTA DE LISBOA,TROUSSEAU,Parent 2,SSR,SSR,,,VIVC passport (via Cunha 2020; Lacombe 2013),10.1007/s00122-012-1988-2,,confirmed,SIRIA X TROUSSEAU,10.1007/s00122-012-1988-2; 10.3389/fpls.2020.00127,Cunha 2020; Lacombe 2013,10.1007/s00122-012-1988-2,
TINTA AURELIO,MARUFO,Parent 1,SSR,SSR,,,VIVC passport (via Cunha 2020),10.3389/fpls.2020.00127,,confirmed,MARUFO X TINTA POMAR,10.3389/fpls.2020.00127,Cunha 2020,10.3389/fpls.2020.00127,
TINTA AURELIO,TINTA POMAR,Parent 2,SSR,SSR,,,VIVC passport (via Cunha 2020),10.3389/fpls.2020.00127,,confirmed,MARUFO X TINTA POMAR,10.3389/fpls.2020.00127,Cunha 2020,10.3389/fpls.2020.00127,
TINTA MARTINS,MARUFO,Parent 1,SSR,SSR,,,VIVC passport (via Cunha 2020),10.3389/fpls.2020.00127,,confirmed,MARUFO X GRACIANO,10.3389/fpls.2020.00127,Cunha 2020,10.3389/fpls.2020.00127,
TINTA MARTINS,MORRASTEL,Parent 2,SSR,SSR,,,VIVC passport (via Cunha 2020),10.3389/fpls.2020.00127,,confirmed,MARUFO X GRACIANO,10.3389/fpls.2020.00127,Cunha 2020,10.3389/fpls.2020.00127,
ILICHEVSKII RANNII,SEVERNII,Parent 1,SSR,SSR,,,VIVC passport (pedigree confirmed by markers),10.3103/S0095452718050031,,confirmed,SEVERNII X ODES'KII STIIKII,10.3103/S0095452718050031,none,10.3103/S0095452718050031,10.3103/S0095452718050031
ILICHEVSKII RANNII,ODES'KII STIIKII,Parent 2,SSR,SSR,,,VIVC passport (pedigree confirmed by markers),10.3103/S0095452718050031,,confirmed,SEVERNII X ODES'KII STIIKII,10.3103/S0095452718050031,none,10.3103/S0095452718050031,10.3103/S0095452718050031
FOLIGNAN,UGNI BLANC,Parent 1,SSR,SSR,,,VIVC passport (via Lacombe 2013),10.1007/s00122-012-1988-2,,confirmed,UGNI BLANC X FOLLE BLANCHE,10.1007/s00122-012-1988-2,Lacombe 2013,10.1007/s00122-012-1988-2,
FOLIGNAN,FOLLE BLANCHE,Parent 2,SSR,SSR,,,VIVC passport (via Lacombe 2013),10.1007/s00122-012-1988-2,,confirmed,UGNI BLANC X FOLLE BLANCHE,10.1007/s00122-012-1988-2,Lacombe 2013,10.1007/s00122-012-1988-2,
NEW YORK 8536,GOFF,Parent 1,SSR,SSR,,,VIVC passport (pedigree confirmed by markers),,,confirmed,GOFF X IONA,,none,,
NEW YORK 8536,IONA,Parent 2,SSR,SSR,,,VIVC passport (pedigree confirmed by markers),,,confirmed,GOFF X IONA,,none,,
BLANCHARD 1 B,BERLANDIERI LAFONT 9,Parent 1,SSR,SSR,,,VIVC passport (pedigree confirmed by markers),10.5073/vitis.2008.47.163-167,,confirmed,BERLANDIERI LAFONT 9 X UGNI BLANC,10.5073/vitis.2008.47.163-167,none,10.5073/vitis.2008.47.163-167,10.5073/vitis.2008.47.163-167
BLANCHARD 1 B,UGNI BLANC,Parent 2,SSR,SSR,,,VIVC passport (pedigree confirmed by markers),10.5073/vitis.2008.47.163-167,,confirmed,BERLANDIERI LAFONT 9 X UGNI BLANC,10.5073/vitis.2008.47.163-167,none,10.5073/vitis.2008.47.163-167,10.5073/vitis.2008.47.163-167
PINOTIN,CABERNET SAUVIGNON,Parent 1,SSR,SSR,,,VIVC passport (pedigree confirmed by markers),10.5073/vitis.2021.60.189-193,,confirmed,CABERNET SAUVIGNON X REGENT,10.5073/vitis.2021.60.189-193,none,10.5073/vitis.2021.60.189-193,10.5073/vitis.2021.60.189-193
PINOTIN,REGENT,Parent 2,SSR,SSR,,,VIVC passport (pedigree confirmed by markers),10.5073/vitis.2021.60.189-193,,confirmed,CABERNET SAUVIGNON X REGENT,10.5073/vitis.2021.60.189-193,none,10.5073/vitis.2021.60.189-193,10.5073/vitis.2021.60.189-193
MONARCH,SOLARIS,Parent 1,SSR,SSR,,,VIVC passport (pedigree confirmed by markers),,,confirmed,SOLARIS X DORNFELDER,,none,,
MONARCH,DORNFELDER,Parent 2,SSR,SSR,,,VIVC passport (pedigree confirmed by markers),,,confirmed,SOLARIS X DORNFELDER,,none,,
REBERGER,REGENT,Parent 1,SSR,SSR,,,VIVC passport (pedigree confirmed by markers),10.5073/vitis.2021.60.189-193,,confirmed,REGENT X BLAUFRAENKISCH,10.5073/vitis.2021.60.189-193,none,10.5073/vitis.2021.60.189-193,10.5073/vitis.2021.60.189-193
REBERGER,BLAUFRAENKISCH,Parent 2,SSR,SSR,,,VIVC passport (pedigree confirmed by markers),10.5073/vitis.2021.60.189-193,,confirmed,REGENT X BLAUFRAENKISCH,10.5073/vitis.2021.60.189-193,none,10.5073/vitis.2021.60.189-193,10.5073/vitis.2021.60.189-193
CARMINOIR,PINOT NOIR,Parent 1,SSR,SSR,,,VIVC passport (via Lacombe 2013),10.1007/s00122-012-1988-2,,confirmed,PINOT NOIR X CABERNET SAUVIGNON,10.1007/s00122-012-1988-2,Lacombe 2013,10.1007/s00122-012-1988-2,
CARMINOIR,CABERNET SAUVIGNON,Parent 2,SSR,SSR,,,VIVC passport (via Lacombe 2013),10.1007/s00122-012-1988-2,,confirmed,PINOT NOIR X CABERNET SAUVIGNON,10.1007/s00122-012-1988-2,Lacombe 2013,10.1007/s00122-012-1988-2,
CABERNET DORSA,BLAUFRANKISCH,Parent 1,SSR,SSR,,,VIVC passport (pedigree confirmed by markers),,,confirmed,BLAUER LIMBERGER X DORNFELDER,,none,,
CABERNET DORSA,DORNFELDER,Parent 2,SSR,SSR,,,VIVC passport (pedigree confirmed by markers),,,confirmed,BLAUER LIMBERGER X DORNFELDER,,none,,
CABERNET DORIO,BLAUFRANKISCH,Parent 1,SSR,SSR,,,VIVC passport (pedigree confirmed by markers),,,confirmed,BLAUER LIMBERGER X DORNFELDER,,none,,
CABERNET DORIO,DORNFELDER,Parent 2,SSR,SSR,,,VIVC passport (pedigree confirmed by markers),,,confirmed,BLAUER LIMBERGER X DORNFELDER,,none,,
CABERNET CUBIN,LIMBERGER BLAU,Parent 1,SSR,SSR,,,VIVC passport (pedigree confirmed by markers),,,confirmed,LIMBERGER BLAU X CABERNET SAUVIGNON,,none,,
CABERNET CUBIN,CABERNET SAUVIGNON,Parent 2,SSR,SSR,,,VIVC passport (pedigree confirmed by markers),,,confirmed,LIMBERGER BLAU X CABERNET SAUVIGNON,,none,,
CABERNET CORTIS,CABERNET SAUVIGNON,Parent 1,SSR,SSR,,,VIVC passport (pedigree confirmed by markers),,,confirmed,CABERNET SAUVIGNON X SOLARIS,,none,,
CABERNET CORTIS,SOLARIS,Parent 2,SSR,SSR,,,VIVC passport (pedigree confirmed by markers),,,confirmed,CABERNET SAUVIGNON X SOLARIS,,none,,
SEYANETS S 484,MADELEINE ANGEVINE,Parent 1,SSR,SSR,,,VIVC passport (via Margaryan 2021),10.3390/biology10121279,,confirmed,MADELEINE ANGEVINE X MUSCAT OF ALEXANDRIA,10.3390/biology10121279,Margaryan 2021,10.3390/biology10121279,
SEYANETS S 484,MUSCAT OF ALEXANDRIA,Parent 2,SSR,SSR,,,VIVC passport (via Margaryan 2021),10.3390/biology10121279,,confirmed,MADELEINE ANGEVINE X MUSCAT OF ALEXANDRIA,10.3390/biology10121279,Margaryan 2021,10.3390/biology10121279,
ESTHER,SEYVE VILLARD 12375,Parent 1,SSR,SSR,,,VIVC passport (pedigree confirmed by markers),,,confirmed,SEYVE VILLARD 12375 X MAGARACSI CSEMEGE,,none,,
ESTHER,MAGARACSI CSEMEGE,Parent 2,SSR,SSR,,,VIVC passport (pedigree confirmed by markers),,,confirmed,SEYVE VILLARD 12375 X MAGARACSI CSEMEGE,,none,,
FANNY,SEYVE VILLARD 12375,Parent 1,SSR,SSR,,,VIVC passport (pedigree confirmed by markers),,,confirmed,SEYVE VILLARD 12375 X PARENT 2 WAS NOT CONFIRMED,,none,,
FANNY,PARENT 2 WAS NOT CONFIRMED,Parent 2,SSR,SSR,,,VIVC passport (pedigree confirmed by markers),,,confirmed,SEYVE VILLARD 12375 X PARENT 2 WAS NOT CONFIRMED,,none,,
VILLARIS,SIRIUS,Parent 1,SSR,SSR,,,VIVC passport (pedigree confirmed by markers),,,confirmed,SIRIUS X VIDAL BLANC,,none,,
VILLARIS,VIDAL BLANC,Parent 2,SSR,SSR,,,VIVC passport (pedigree confirmed by markers),,,confirmed,SIRIUS X VIDAL BLANC,,none,,
FELICIA,SIRIUS,Parent 1,SSR,SSR,,,VIVC passport (pedigree confirmed by markers),,,confirmed,SIRIUS X VIDAL BLANC,,none,,
FELICIA,VIDAL BLANC,Parent 2,SSR,SSR,,,VIVC passport (pedigree confirmed by markers),,,confirmed,SIRIUS X VIDAL BLANC,,none,,
LAGARINO BIANCO,TERLANER,Parent 1,SSR,SSR,,,VIVC passport (via Lacombe 2013),10.1007/s00122-012-1988-2,,confirmed,TERLANER X VALDERBARA,10.1007/s00122-012-1988-2,Lacombe 2013,10.1007/s00122-012-1988-2,
LAGARINO BIANCO,VALDERBARA,Parent 2,SSR,SSR,,,VIVC passport (via Lacombe 2013),10.1007/s00122-012-1988-2,,confirmed,TERLANER X VALDERBARA,10.1007/s00122-012-1988-2,Lacombe 2013,10.1007/s00122-012-1988-2,
ACCENT,KOLOR,Parent 1,SSR,SSR,,,VIVC passport (pedigree confirmed by markers),,,confirmed,KOLOR X CHANCELLOR,,none,,
ACCENT,CHANCELLOR,Parent 2,SSR,SSR,,,VIVC passport (pedigree confirmed by markers),,,confirmed,KOLOR X CHANCELLOR,,none,,
DAHOMEEN,PORTUGIESER,Parent 1,SSR,SSR,,,VIVC passport (via Lacombe 2013),10.1007/s00122-012-1988-2,,confirmed,PORTUGIESER X LASKA,10.1007/s00122-012-1988-2,Lacombe 2013,10.1007/s00122-012-1988-2,
DAHOMEEN,LASKA,Parent 2,SSR,SSR,,,VIVC passport (via Lacombe 2013),10.1007/s00122-012-1988-2,,confirmed,PORTUGIESER X LASKA,10.1007/s00122-012-1988-2,Lacombe 2013,10.1007/s00122-012-1988-2,
AROMATNY,VERTES CSILLAGA,Parent 1,SSR,SSR,,,VIVC passport (pedigree confirmed by markers),10.3103/S0095452718050031,,confirmed,VERTES CSILLAGA X ROMULUS,10.3103/S0095452718050031,none,10.3103/S0095452718050031,10.3103/S0095452718050031
AROMATNY,ROMULUS,Parent 2,SSR,SSR,,,VIVC passport (pedigree confirmed by markers),10.3103/S0095452718050031,,confirmed,VERTES CSILLAGA X ROMULUS,10.3103/S0095452718050031,none,10.3103/S0095452718050031,10.3103/S0095452718050031
BOURGOUNDSKY,BURYI 2,Parent 1,SSR,SSR,,,VIVC passport (pedigree confirmed by markers),10.1134/S2635167622050135,,confirmed,BURYI 2 X TSIMLYANSKIY CHERNYI,10.1134/S2635167622050135,none,10.1134/S2635167622050135,10.1134/S2635167622050135
BOURGOUNDSKY,TSIMLYANSKIY CHERNYI,Parent 2,SSR,SSR,,,VIVC passport (pedigree confirmed by markers),10.1134/S2635167622050135,,confirmed,BURYI 2 X TSIMLYANSKIY CHERNYI,10.1134/S2635167622050135,none,10.1134/S2635167622050135,10.1134/S2635167622050135
CRNKA CRNA,BRATKOVINA CRVENA,Parent 1,SSR,SSR,,,VIVC passport (pedigree confirmed by markers),10.3390/genes11070737,,confirmed,BRATKOVINA CRVENA X PLAVAC MALI,10.3390/genes11070737,none,10.3390/genes11070737,10.3390/genes11070737
CRNKA CRNA,PLAVAC MALI,Parent 2,SSR,SSR,,,VIVC passport (pedigree confirmed by markers),10.3390/genes11070737,,confirmed,BRATKOVINA CRVENA X PLAVAC MALI,10.3390/genes11070737,none,10.3390/genes11070737,10.3390/genes11070737
BASILIKUM,PINOT,Parent 1,SSR,SSR,,,VIVC passport (via Lacombe & Emanuelli 2020; Lacombe 2013; Laucou 2018),10.1007/s00122-012-1988-2,,confirmed,PINOT X CHASSELAS,10.1007/s00122-012-1988-2; 10.1371/journal.pone.0192540; 10.3389/fpls.2020.605934,Lacombe & Emanuelli 2020; Lacombe 2013; Laucou 2018,10.1007/s00122-012-1988-2,
BASILIKUM,CHASSELAS,Parent 2,SSR,SSR,,,VIVC passport (via Lacombe & Emanuelli 2020; Lacombe 2013; Laucou 2018),10.1007/s00122-012-1988-2,,confirmed,PINOT X CHASSELAS,10.1007/s00122-012-1988-2; 10.1371/journal.pone.0192540; 10.3389/fpls.2020.605934,Lacombe & Emanuelli 2020; Lacombe 2013; Laucou 2018,10.1007/s00122-012-1988-2,
KRSTAC CRNI,KRATOSIJA,Parent 1,SSR,SSR,,,VIVC passport (pedigree confirmed by markers),10.1038/s41598-020-71918-7,,confirmed,KRATOSIJA X BIOKA,10.1038/s41598-020-71918-7,none,10.1038/s41598-020-71918-7,10.1038/s41598-020-71918-7
KRSTAC CRNI,BIOKA,Parent 2,SSR,SSR,,,VIVC passport (pedigree confirmed by markers),10.1038/s41598-020-71918-7,,confirmed,KRATOSIJA X BIOKA,10.1038/s41598-020-71918-7,none,10.1038/s41598-020-71918-7,10.1038/s41598-020-71918-7
CALANDRO,DOMINA,Parent 1,SSR,SSR,,,VIVC passport (pedigree confirmed by markers),10.5073/vitis.2021.60.189-193,,confirmed,DOMINA X REGENT,10.5073/vitis.2021.60.189-193,none,10.5073/vitis.2021.60.189-193,10.5073/vitis.2021.60.189-193
CALANDRO,REGENT,Parent 2,SSR,SSR,,,VIVC passport (pedigree confirmed by markers),10.5073/vitis.2021.60.189-193,,confirmed,DOMINA X REGENT,10.5073/vitis.2021.60.189-193,none,10.5073/vitis.2021.60.189-193,10.5073/vitis.2021.60.189-193
EFREMOVSKII VTOROI,COARNA ALBA,Parent 1,SSR,SSR,,,VIVC passport (via Lacombe 2013),10.1007/s00122-012-1988-2,,confirmed,COARNA ALBA X PLAVAI,10.1007/s00122-012-1988-2,Lacombe 2013,10.1007/s00122-012-1988-2,
EFREMOVSKII VTOROI,PLAVAI,Parent 2,SSR,SSR,,,VIVC passport (via Lacombe 2013),10.1007/s00122-012-1988-2,,confirmed,COARNA ALBA X PLAVAI,10.1007/s00122-012-1988-2,Lacombe 2013,10.1007/s00122-012-1988-2,
TCHROGHA MUSKATI,MUSCAT OF ALEXANDRIA,Parent 1,SSR,SSR,,,VIVC passport (pedigree confirmed by markers),,,confirmed,MUSCAT OF ALEXANDRIA X PARENT 2 WAS NOT CONFIRMED,,none,,
TCHROGHA MUSKATI,PARENT 2 WAS NOT CONFIRMED,Parent 2,SSR,SSR,,,VIVC passport (pedigree confirmed by markers),,,confirmed,MUSCAT OF ALEXANDRIA X PARENT 2 WAS NOT CONFIRMED,,none,,
HAYASTAN,ANGUR KALAN,Parent 1,SSR,SSR,,,VIVC passport (via Margaryan 2021),10.3390/biology10121279,,confirmed,ANGUR KALAN X ITALIA,10.20870/oeno-one.2021.55.4.4815; 10.3390/biology10121279,Margaryan 2021,10.20870/oeno-one.2021.55.4.4815,10.20870/oeno-one.2021.55.4.4815
HAYASTAN,ITALIA,Parent 2,SSR,SSR,,,VIVC passport (via Margaryan 2021),10.3390/biology10121279,,confirmed,ANGUR KALAN X ITALIA,10.20870/oeno-one.2021.55.4.4815; 10.3390/biology10121279,Margaryan 2021,10.20870/oeno-one.2021.55.4.4815,10.20870/oeno-one.2021.55.4.4815
MUSKAT YEREVANYAN,SEYANETS S 484,Parent 1,SSR,SSR,,,VIVC passport (via Margaryan 2021),10.3390/biology10121279,,confirmed,SEYANETS S 484 X RIZAMAT,10.3390/biology10121279,Margaryan 2021,10.3390/biology10121279,
MUSKAT YEREVANYAN,RIZAMAT,Parent 2,SSR,SSR,,,VIVC passport (via Margaryan 2021),10.3390/biology10121279,,confirmed,SEYANETS S 484 X RIZAMAT,10.3390/biology10121279,Margaryan 2021,10.3390/biology10121279,
SHIRELI,SHAANI BELYI,Parent 1,SSR,SSR,,,VIVC passport (pedigree confirmed by markers),,,confirmed,SHAANI BELYI X BAYAN SHIREI,,none,,
SHIRELI,BAYAN SHIREI,Parent 2,SSR,SSR,,,VIVC passport (pedigree confirmed by markers),,,confirmed,SHAANI BELYI X BAYAN SHIREI,,none,,
TSULUKIDZIS TETRA,BLANK BLAUER,Parent 1,SSR,SSR,,,VIVC passport (via Lacombe 2013),10.1007/s00122-012-1988-2,,confirmed,BLANK BLAUER X GOUAIS BLANC,10.1007/s00122-012-1988-2,Lacombe 2013,10.1007/s00122-012-1988-2,
TSULUKIDZIS TETRA,GOUAIS BLANC,Parent 2,SSR,SSR,,,VIVC passport (via Lacombe 2013),10.1007/s00122-012-1988-2,,confirmed,BLANK BLAUER X GOUAIS BLANC,10.1007/s00122-012-1988-2,Lacombe 2013,10.1007/s00122-012-1988-2,
CABERNET JURA,MEDINA,Parent 1,SSR,SSR,,,VIVC passport (pedigree confirmed by markers),,,confirmed,MEDINA X KABERNE SEVERNYI,,none,,
CABERNET JURA,KABERNE SEVERNYI,Parent 2,SSR,SSR,,,VIVC passport (pedigree confirmed by markers),,,confirmed,MEDINA X KABERNE SEVERNYI,,none,,
CABERTIN,CABERNET SAUVIGNON,Parent 1,SSR,SSR,,,VIVC passport (pedigree confirmed by markers),10.5073/vitis.2021.60.189-193,,confirmed,CABERNET SAUVIGNON X REGENT,10.5073/vitis.2021.60.189-193,none,10.5073/vitis.2021.60.189-193,10.5073/vitis.2021.60.189-193
CABERTIN,REGENT,Parent 2,SSR,SSR,,,VIVC passport (pedigree confirmed by markers),10.5073/vitis.2021.60.189-193,,confirmed,CABERNET SAUVIGNON X REGENT,10.5073/vitis.2021.60.189-193,none,10.5073/vitis.2021.60.189-193,10.5073/vitis.2021.60.189-193
DUNIA,SEYVE VILLARD 12375,Parent 1,SSR,SSR,,,VIVC passport (pedigree confirmed by markers),,,confirmed,SEYVE VILLARD 12375 X MAGARACSI CSEMEGE III,,none,,
DUNIA,MAGARACSI CSEMEGE III,Parent 2,SSR,SSR,,,VIVC passport (pedigree confirmed by markers),,,confirmed,SEYVE VILLARD 12375 X MAGARACSI CSEMEGE III,,none,,
LIDI,SEYVE VILLARD 12375,Parent 1,SSR,SSR,,,VIVC passport (pedigree confirmed by markers),,,confirmed,SEYVE VILLARD 12375 X MAGARACSI CSEMEGE III,,none,,
LIDI,MAGARACSI CSEMEGE III,Parent 2,SSR,SSR,,,VIVC passport (pedigree confirmed by markers),,,confirmed,SEYVE VILLARD 12375 X MAGARACSI CSEMEGE III,,none,,
CABERNET BLANC,CABERNET SAUVIGNON,Parent 1,SSR,SSR,,,VIVC passport (pedigree confirmed by markers),10.5073/vitis.2021.60.189-193,,confirmed,CABERNET SAUVIGNON X REGENT,10.5073/vitis.2021.60.189-193,none,10.5073/vitis.2021.60.189-193,10.5073/vitis.2021.60.189-193
CABERNET BLANC,REGENT,Parent 2,SSR,SSR,,,VIVC passport (pedigree confirmed by markers),10.5073/vitis.2021.60.189-193,,confirmed,CABERNET SAUVIGNON X REGENT,10.5073/vitis.2021.60.189-193,none,10.5073/vitis.2021.60.189-193,10.5073/vitis.2021.60.189-193
LORENA,MALVASIA BIANCA,Parent 1,SSR,SSR,,,VIVC passport (pedigree confirmed by markers),10.1371/journal.pone.0240665,,confirmed,MALVASIA BIANCA X SEYVAL,10.1371/journal.pone.0240665,none,10.1371/journal.pone.0240665,10.1371/journal.pone.0240665
LORENA,SEYVAL,Parent 2,SSR,SSR,,,VIVC passport (pedigree confirmed by markers),10.1371/journal.pone.0240665,,confirmed,MALVASIA BIANCA X SEYVAL,10.1371/journal.pone.0240665,none,10.1371/journal.pone.0240665,10.1371/journal.pone.0240665
NEGRET CASTRAIS,MAUZAC,Parent 1,SSR,SSR,,,VIVC passport (via Lacombe & Emanuelli 2020; Lacombe 2013; Laucou 2018),10.1007/s00122-012-1988-2,,confirmed,MAUZAC X MORRASTEL = GRACIANO,10.1007/s00122-012-1988-2; 10.1371/journal.pone.0192540; 10.3389/fpls.2020.605934,Lacombe & Emanuelli 2020; Lacombe 2013; Laucou 2018,10.1007/s00122-012-1988-2,
NEGRET CASTRAIS,MORRASTEL = GRACIANO,Parent 2,SSR,SSR,,,VIVC passport (via Lacombe & Emanuelli 2020; Lacombe 2013; Laucou 2018),10.1007/s00122-012-1988-2,,confirmed,MAUZAC X MORRASTEL = GRACIANO,10.1007/s00122-012-1988-2; 10.1371/journal.pone.0192540; 10.3389/fpls.2020.605934,Lacombe & Emanuelli 2020; Lacombe 2013; Laucou 2018,10.1007/s00122-012-1988-2,
NEGRET DE BANHARS,FER,Parent 1,SSR,SSR,,,VIVC passport (via Lacombe 2013),10.1007/s00122-012-1988-2,,confirmed,FER X MANSENG NOIR,10.1007/s00122-012-1988-2,Lacombe 2013,10.1007/s00122-012-1988-2,
NEGRET DE BANHARS,MANSENG NOIR,Parent 2,SSR,SSR,,,VIVC passport (via Lacombe 2013),10.1007/s00122-012-1988-2,,confirmed,FER X MANSENG NOIR,10.1007/s00122-012-1988-2,Lacombe 2013,10.1007/s00122-012-1988-2,
JAKOB GERHARDT BLANC,VELTLINER ROT,Parent 1,SSR,SSR,,,VIVC passport (pedigree confirmed by markers),,,confirmed,VELTLINER ROT X GEWUERZTRAMINER,,none,,
JAKOB GERHARDT BLANC,GEWUERZTRAMINER,Parent 2,SSR,SSR,,,VIVC passport (pedigree confirmed by markers),,,confirmed,VELTLINER ROT X GEWUERZTRAMINER,,none,,
NOIRET,NY 65.0467.08,Parent 1,SSR,SSR,,,VIVC passport (pedigree confirmed by markers),,,confirmed,NY 65.0467.08 X STEUBEN,,none,,
NOIRET,STEUBEN,Parent 2,SSR,SSR,,,VIVC passport (pedigree confirmed by markers),,,confirmed,NY 65.0467.08 X STEUBEN,,none,,
COROT NOIR,SEYVE VILLARD 18-307,Parent 1,SSR,SSR,,,VIVC passport (pedigree confirmed by markers),,,confirmed,SEYVE VILLARD 18-307 X STEUBEN,,none,,
COROT NOIR,STEUBEN,Parent 2,SSR,SSR,,,VIVC passport (pedigree confirmed by markers),,,confirmed,SEYVE VILLARD 18-307 X STEUBEN,,none,,
VALVIN MUSCAT,COUDERC 299-35,Parent 1,SSR,SSR,,,VIVC passport (pedigree confirmed by markers),,,confirmed,COUDERC 299-35 X MUSCAT OTTONEL,,none,,
VALVIN MUSCAT,MUSCAT OTTONEL,Parent 2,SSR,SSR,,,VIVC passport (pedigree confirmed by markers),,,confirmed,COUDERC 299-35 X MUSCAT OTTONEL,,none,,
AROMELLA,TRAMINETTE,Parent 1,SSR,SSR,,,VIVC passport (pedigree confirmed by markers),,,confirmed,TRAMINETTE X RAVAT 34,,none,,
AROMELLA,RAVAT 34,Parent 2,SSR,SSR,,,VIVC passport (pedigree confirmed by markers),,,confirmed,TRAMINETTE X RAVAT 34,,none,,
SOUVIGNIER GRIS,SEYVAL,Parent 1,SSR,SSR,,,VIVC passport (pedigree confirmed by markers),,,confirmed,SEYVAL X ZAEHRINGER,,none,,
SOUVIGNIER GRIS,ZAEHRINGER,Parent 2,SSR,SSR,,,VIVC passport (pedigree confirmed by markers),,,confirmed,SEYVAL X ZAEHRINGER,,none,,
ALVAL,DABOUKI,Parent 1,SSR,SSR,,,VIVC passport (via Lacombe 2013),10.1007/s00122-012-1988-2,,confirmed,DABOUKI X ALPHONSE LAVALLEE,10.1007/s00122-012-1988-2,Lacombe 2013,10.1007/s00122-012-1988-2,
ALVAL,ALPHONSE LAVALLEE,Parent 2,SSR,SSR,,,VIVC passport (via Lacombe 2013),10.1007/s00122-012-1988-2,,confirmed,DABOUKI X ALPHONSE LAVALLEE,10.1007/s00122-012-1988-2,Lacombe 2013,10.1007/s00122-012-1988-2,
MUSCAT CENDRE,PINOT,Parent 1,SSR,SSR,,,VIVC passport (via Lacombe 2013),10.1007/s00122-012-1988-2,,confirmed,PINOT X MUSCAT OTTONEL,10.1007/s00122-012-1988-2,Lacombe 2013,10.1007/s00122-012-1988-2,
MUSCAT CENDRE,MUSCAT OTTONEL,Parent 2,SSR,SSR,,,VIVC passport (via Lacombe 2013),10.1007/s00122-012-1988-2,,confirmed,PINOT X MUSCAT OTTONEL,10.1007/s00122-012-1988-2,Lacombe 2013,10.1007/s00122-012-1988-2,
NEW YORK 84.0101.04,NEW YORK 62.0136.01,Parent 1,SSR,SSR,,,VIVC passport (pedigree confirmed by markers),,,confirmed,NEW YORK 62.0136.01 X RAVAT 34,,none,,
NEW YORK 84.0101.04,RAVAT 34,Parent 2,SSR,SSR,,,VIVC passport (pedigree confirmed by markers),,,confirmed,NEW YORK 62.0136.01 X RAVAT 34,,none,,
NEW YORK 70.0834.06,VIGNOLES,Parent 1,SSR,SSR,,,VIVC passport (pedigree confirmed by markers),,,confirmed,VIGNOLES X CAYUGA WHITE,,none,,
NEW YORK 70.0834.06,CAYUGA WHITE,Parent 2,SSR,SSR,,,VIVC passport (pedigree confirmed by markers),,,confirmed,VIGNOLES X CAYUGA WHITE,,none,,
NEW YORK 63.0970.07,CHANCELLOR,Parent 1,SSR,SSR,,,VIVC passport (pedigree confirmed by markers),,,confirmed,CHANCELLOR X PINOT NOIR,,none,,
NEW YORK 63.0970.07,PINOT NOIR,Parent 2,SSR,SSR,,,VIVC passport (pedigree confirmed by markers),,,confirmed,CHANCELLOR X PINOT NOIR,,none,,
MALVASIA VOLCANICA,MALVASIA DI SARDEGNA,Parent 1,SSR,SSR,,,VIVC passport (via Lacombe & Emanuelli 2020; Laucou 2018),10.3389/fpls.2020.605934,,confirmed,MALVASIA DI SARDEGNA X MARMAJUELO,10.1371/journal.pone.0192540; 10.3389/fpls.2020.605934,Lacombe & Emanuelli 2020; Laucou 2018,10.1371/journal.pone.0192540,
MALVASIA VOLCANICA,MARMAJUELO,Parent 2,SSR,SSR,,,VIVC passport (via Lacombe & Emanuelli 2020; Laucou 2018),10.3389/fpls.2020.605934,,confirmed,MALVASIA DI SARDEGNA X MARMAJUELO,10.1371/journal.pone.0192540; 10.3389/fpls.2020.605934,Lacombe & Emanuelli 2020; Laucou 2018,10.1371/journal.pone.0192540,
ALMERIA NERA,OHANES,Parent 1,SSR,SSR,,,VIVC passport (via Laucou 2018),10.1371/journal.pone.0192540,,confirmed,OHANES X PRUNESTA,10.1371/journal.pone.0192540,Laucou 2018,10.1371/journal.pone.0192540,
ALMERIA NERA,PRUNESTA,Parent 2,SSR,SSR,,,VIVC passport (via Laucou 2018),10.1371/journal.pone.0192540,,confirmed,OHANES X PRUNESTA,10.1371/journal.pone.0192540,Laucou 2018,10.1371/journal.pone.0192540,
IMPERIAL ROJA,OHANES,Parent 1,SSR,SSR,,,VIVC passport (pedigree confirmed by markers),,,confirmed,OHANES X RAGOL,,none,,
IMPERIAL ROJA,RAGOL,Parent 2,SSR,SSR,,,VIVC passport (pedigree confirmed by markers),,,confirmed,OHANES X RAGOL,,none,,
BUBBIERASCO,NEBBIOLO,Parent 1,SSR,SSR,,,VIVC passport (pedigree confirmed by markers),10.1038/s41598-020-72799-6,,confirmed,NEBBIOLO X BIANCHETTO DI SALUZZO,10.1038/s41598-020-72799-6,none,10.1038/s41598-020-72799-6,10.1038/s41598-020-72799-6
BUBBIERASCO,BIANCHETTO DI SALUZZO,Parent 2,SSR,SSR,,,VIVC passport (pedigree confirmed by markers),10.1038/s41598-020-72799-6,,confirmed,NEBBIOLO X BIANCHETTO DI SALUZZO,10.1038/s41598-020-72799-6,none,10.1038/s41598-020-72799-6,10.1038/s41598-020-72799-6
PIROVANO 166 A,DELIZIA DI VAPRIO,Parent 1,SSR,SSR,,,VIVC passport (pedigree confirmed by markers),,,confirmed,DELIZIA DI VAPRIO X BLACK MONUCCA,,none,,
PIROVANO 166 A,BLACK MONUCCA,Parent 2,SSR,SSR,,,VIVC passport (pedigree confirmed by markers),,,confirmed,DELIZIA DI VAPRIO X BLACK MONUCCA,,none,,
NORIA,EZERJO,Parent 1,SSR,SSR,,,VIVC passport (via Lacombe 2013),10.1007/s00122-012-1988-2,,confirmed,EZERJO X SAVAGNIN =TRAMINER,10.1007/s00122-012-1988-2,Lacombe 2013,10.1007/s00122-012-1988-2,
NORIA,SAVAGNIN =TRAMINER,Parent 2,SSR,SSR,,,VIVC passport (via Lacombe 2013),10.1007/s00122-012-1988-2,,confirmed,EZERJO X SAVAGNIN =TRAMINER,10.1007/s00122-012-1988-2,Lacombe 2013,10.1007/s00122-012-1988-2,
CABERNET COLONJES,CABERNET SAUVIGNON,Parent 1,SSR,SSR,,,VIVC passport (pedigree confirmed by markers),10.5073/vitis.2021.60.189-193,,confirmed,CABERNET SAUVIGNON X REGENT,10.5073/vitis.2021.60.189-193,none,10.5073/vitis.2021.60.189-193,10.5073/vitis.2021.60.189-193
CABERNET COLONJES,REGENT,Parent 2,SSR,SSR,,,VIVC passport (pedigree confirmed by markers),10.5073/vitis.2021.60.189-193,,confirmed,CABERNET SAUVIGNON X REGENT,10.5073/vitis.2021.60.189-193,none,10.5073/vitis.2021.60.189-193,10.5073/vitis.2021.60.189-193
CALARDIS BLANC,CALARDIS MUSQUE,Parent 1,SSR,SSR,,,VIVC passport (pedigree confirmed by markers),,,confirmed,CALARDIS MUSQUE X SEYVE VILLARD 39- 639,,none,,
CALARDIS BLANC,SEYVE VILLARD 39- 639,Parent 2,SSR,SSR,,,VIVC passport (pedigree confirmed by markers),,,confirmed,CALARDIS MUSQUE X SEYVE VILLARD 39- 639,,none,,
VINYATER,HEBIEN,Parent 1,SSR,SSR,,,VIVC passport (pedigree confirmed by markers),,,confirmed,HEBEN X ALBILLO MAYOR,,none,,
VINYATER,ALBILLO MAYOR,Parent 2,SSR,SSR,,,VIVC passport (pedigree confirmed by markers),,,confirmed,HEBEN X ALBILLO MAYOR,,none,,
TINTO DE NAVALCARNERO,CASTELLANA BLANCA,Parent 1,SSR,SSR,,,VIVC passport (pedigree confirmed by markers),10.1007/s10722-013-0064-3,,confirmed,CASTELLANA BLANCA X TINTO FRAGOSO,10.1007/s10722-013-0064-3,none,10.1007/s10722-013-0064-3,10.1007/s10722-013-0064-3
TINTO DE NAVALCARNERO,TINTO FRAGOSO,Parent 2,SSR,SSR,,,VIVC passport (pedigree confirmed by markers),10.1007/s10722-013-0064-3,,confirmed,CASTELLANA BLANCA X TINTO FRAGOSO,10.1007/s10722-013-0064-3,none,10.1007/s10722-013-0064-3,10.1007/s10722-013-0064-3
KORINKA RUSSKAYA,SEVERNYI,Parent 1,SSR,SSR,,,VIVC passport (pedigree confirmed by markers),10.18699/VJGB-23-18,,confirmed,SEVERNYI X KISHMISH CHERNYI,10.18699/VJGB-23-18,none,10.18699/VJGB-23-18,10.18699/VJGB-23-18
KORINKA RUSSKAYA,KISHMISH CHERNYI,Parent 2,SSR,SSR,,,VIVC passport (pedigree confirmed by markers),10.18699/VJGB-23-18,,confirmed,SEVERNYI X KISHMISH CHERNYI,10.18699/VJGB-23-18,none,10.18699/VJGB-23-18,10.18699/VJGB-23-18
MANZONI MOSCATO,RABOSO VERONESE,Parent 1,SSR,SSR,,,VIVC passport (via Cipriani 2010),10.1007/s00122-010-1411-9,,confirmed,RABOSO VERONESE X MOSCATO D'AMBURGO,10.1007/s00122-010-1411-9,Cipriani 2010,10.1007/s00122-010-1411-9,
MANZONI MOSCATO,MOSCATO D'AMBURGO,Parent 2,SSR,SSR,,,VIVC passport (via Cipriani 2010),10.1007/s00122-010-1411-9,,confirmed,RABOSO VERONESE X MOSCATO D'AMBURGO,10.1007/s00122-010-1411-9,Cipriani 2010,10.1007/s00122-010-1411-9,
AGLIANICO GRANA GROSSA,SANGIOVESE,Parent 1,SSR,SSR,,,VIVC passport (via Cipriani 2010),10.1007/s00122-010-1411-9,,confirmed,SANGIOVESE X GUARDAVALLE,10.1007/s00122-010-1411-9,Cipriani 2010,10.1007/s00122-010-1411-9,
AGLIANICO GRANA GROSSA,GUARDAVALLE,Parent 2,SSR,SSR,,,VIVC passport (via Cipriani 2010),10.1007/s00122-010-1411-9,,confirmed,SANGIOVESE X GUARDAVALLE,10.1007/s00122-010-1411-9,Cipriani 2010,10.1007/s00122-010-1411-9,
MALVASIA NERA DI BOLZANO,PERERA,Parent 1,SSR,SSR,,,VIVC passport (via Cipriani 2010),10.1007/s00122-010-1411-9,,confirmed,PERERA X SCHIAVA GENTILE,10.1007/s00122-010-1411-9,Cipriani 2010,10.1007/s00122-010-1411-9,
MALVASIA NERA DI BOLZANO,SCHIAVA GENTILE,Parent 2,SSR,SSR,,,VIVC passport (via Cipriani 2010),10.1007/s00122-010-1411-9,,confirmed,PERERA X SCHIAVA GENTILE,10.1007/s00122-010-1411-9,Cipriani 2010,10.1007/s00122-010-1411-9,
MARCHIONE,RAGUSANO,Parent 1,SSR,SSR,,,VIVC passport (via Cipriani 2010; Lacombe & Emanuelli 2020),10.3389/fpls.2020.605934,,confirmed,RAGUSANO X MONTONICO BIANCO,10.1007/s00122-010-1411-9; 10.3389/fpls.2020.605934,Cipriani 2010; Lacombe & Emanuelli 2020,10.1007/s00122-010-1411-9,
MARCHIONE,MONTONICO BIANCO,Parent 2,SSR,SSR,,,VIVC passport (via Cipriani 2010; Lacombe & Emanuelli 2020),10.3389/fpls.2020.605934,,confirmed,RAGUSANO X MONTONICO BIANCO,10.1007/s00122-010-1411-9; 10.3389/fpls.2020.605934,Cipriani 2010; Lacombe & Emanuelli 2020,10.1007/s00122-010-1411-9,
MOSCATO DI SPAGNA,DURAGUZA,Parent 1,SSR,SSR,,,VIVC passport (via Cipriani 2010),10.1007/s00122-010-1411-9,,confirmed,DURAGUZA X SCACCO,10.1007/s00122-010-1411-9,Cipriani 2010,10.1007/s00122-010-1411-9,
MOSCATO DI SPAGNA,SCACCO,Parent 2,SSR,SSR,,,VIVC passport (via Cipriani 2010),10.1007/s00122-010-1411-9,,confirmed,DURAGUZA X SCACCO,10.1007/s00122-010-1411-9,Cipriani 2010,10.1007/s00122-010-1411-9,
GRILLONE,FORTANA,Parent 1,SSR,SSR,,,VIVC passport (via Cipriani 2010),10.1007/s00122-010-1411-9,,confirmed,FORTANA X UVA ACETO,10.1007/s00122-010-1411-9,Cipriani 2010,10.1007/s00122-010-1411-9,
GRILLONE,UVA ACETO,Parent 2,SSR,SSR,,,VIVC passport (via Cipriani 2010),10.1007/s00122-010-1411-9,,confirmed,FORTANA X UVA ACETO,10.1007/s00122-010-1411-9,Cipriani 2010,10.1007/s00122-010-1411-9,
SALVATICO,CASENTINO,Parent 1,SSR,SSR,,,VIVC passport (via Cipriani 2010),10.1007/s00122-010-1411-9,,confirmed,CASENTINO X LUGLIOLA ROSSA,10.1007/s00122-010-1411-9,Cipriani 2010,10.1007/s00122-010-1411-9,
SALVATICO,LUGLIOLA ROSSA,Parent 2,SSR,SSR,,,VIVC passport (via Cipriani 2010),10.1007/s00122-010-1411-9,,confirmed,CASENTINO X LUGLIOLA ROSSA,10.1007/s00122-010-1411-9,Cipriani 2010,10.1007/s00122-010-1411-9,
FRESNO 1613- 59,COUDERC 1613,Parent 1,SSR,SSR,,,VIVC passport (pedigree confirmed by markers),10.1007/s00122-019-03320-5,,confirmed,COUDERC 1613 X COUDERC 3306,10.1007/s00122-019-03320-5,none,10.1007/s00122-019-03320-5,10.1007/s00122-019-03320-5
FRESNO 1613- 59,COUDERC 3306,Parent 2,SSR,SSR,,,VIVC passport (pedigree confirmed by markers),10.1007/s00122-019-03320-5,,confirmed,COUDERC 1613 X COUDERC 3306,10.1007/s00122-019-03320-5,none,10.1007/s00122-019-03320-5,10.1007/s00122-019-03320-5
GARAI,MGUERGUEB,Parent 1,SSR,SSR,,,VIVC passport (pedigree confirmed by markers),10.1007/s11295-014-0746-9,,confirmed,MGUERGUEB X BEZOUL EL KHADEM DE TUNISIE,10.1007/s11295-014-0746-9,none,10.1007/s11295-014-0746-9,10.1007/s11295-014-0746-9
GARAI,BEZOUL EL KHADEM DE TUNISIE,Parent 2,SSR,SSR,,,VIVC passport (pedigree confirmed by markers),10.1007/s11295-014-0746-9,,confirmed,MGUERGUEB X BEZOUL EL KHADEM DE TUNISIE,10.1007/s11295-014-0746-9,none,10.1007/s11295-014-0746-9,10.1007/s11295-014-0746-9
MARSAOUI,PLANTA FINA,Parent 1,SSR,SSR,,,VIVC passport (pedigree confirmed by markers),10.1007/s11295-014-0746-9,,confirmed,PLANTA FINA X HEPTAKILO,10.1007/s11295-014-0746-9,none,10.1007/s11295-014-0746-9,10.1007/s11295-014-0746-9
MARSAOUI,HEPTAKILO,Parent 2,SSR,SSR,,,VIVC passport (pedigree confirmed by markers),10.1007/s11295-014-0746-9,,confirmed,PLANTA FINA X HEPTAKILO,10.1007/s11295-014-0746-9,none,10.1007/s11295-014-0746-9,10.1007/s11295-014-0746-9
CATARRATTO BIANCO FAUX,SANGIOVESE,Parent 1,SSR,SSR,,,VIVC passport (via Lacombe 2013),10.1007/s00122-012-1988-2,,confirmed,SANGIOVESE X CATARRATTO BIANCO,10.1007/s00122-012-1988-2; 10.21273/JASHS.132.4.514,Lacombe 2013,10.1007/s00122-012-1988-2,10.21273/JASHS.132.4.514
CATARRATTO BIANCO FAUX,CATARRATTO BIANCO,Parent 2,SSR,SSR,,,VIVC passport (via Lacombe 2013),10.1007/s00122-012-1988-2,,confirmed,SANGIOVESE X CATARRATTO BIANCO,10.1007/s00122-012-1988-2; 10.21273/JASHS.132.4.514,Lacombe 2013,10.1007/s00122-012-1988-2,10.21273/JASHS.132.4.514
CALABRESE FAUX,GARGANEGA,Parent 1,SSR,SSR,,,VIVC passport (pedigree confirmed by markers),10.21273/JASHS.132.4.514,,confirmed,GARGANEGA X MAMMOLO,10.21273/JASHS.132.4.514,none,10.21273/JASHS.132.4.514,10.21273/JASHS.132.4.514
CALABRESE FAUX,MAMMOLO,Parent 2,SSR,SSR,,,VIVC passport (pedigree confirmed by markers),10.21273/JASHS.132.4.514,,confirmed,GARGANEGA X MAMMOLO,10.21273/JASHS.132.4.514,none,10.21273/JASHS.132.4.514,10.21273/JASHS.132.4.514
ROUSSETTE GROSSE,ALTESSE,Parent 1,SSR,SSR,,,VIVC passport (via Lacombe 2013),10.1007/s00122-012-1988-2,,confirmed,ALTESSE X HEUNISCH WEISS,10.1007/s00122-012-1988-2,Lacombe 2013,10.1007/s00122-012-1988-2,
ROUSSETTE GROSSE,GOUAIS BLANC,Parent 2,SSR,SSR,,,VIVC passport (via Lacombe 2013),10.1007/s00122-012-1988-2,,confirmed,ALTESSE X HEUNISCH WEISS,10.1007/s00122-012-1988-2,Lacombe 2013,10.1007/s00122-012-1988-2,
MALVASIA,GIBI,Parent 1,SSR,SSR,,,VIVC passport (via Cunha 2020; Lacombe 2013),10.1007/s00122-012-1988-2,,confirmed,GIBI X AMARAL,10.1007/s00122-012-1988-2; 10.3389/fpls.2020.00127; 10.5073/vitis.2015.54.special-issue.81-86,Cunha 2020; Lacombe 2013,10.1007/s00122-012-1988-2,10.5073/vitis.2015.54.special-issue.81-86
MALVASIA,AMARAL,Parent 2,SSR,SSR,,,VIVC passport (via Cunha 2020; Lacombe 2013),10.1007/s00122-012-1988-2,,confirmed,GIBI X AMARAL,10.1007/s00122-012-1988-2; 10.3389/fpls.2020.00127; 10.5073/vitis.2015.54.special-issue.81-86,Cunha 2020; Lacombe 2013,10.1007/s00122-012-1988-2,10.5073/vitis.2015.54.special-issue.81-86
GALOTTA,ANCELLOTTA,Parent 1,SSR,SSR,,,VIVC passport (via Lacombe & Emanuelli 2020; Lacombe 2013; Laucou 2018),10.1007/s00122-012-1988-2,,confirmed,ANCELLOTTA X GAMAY,10.1007/s00122-012-1988-2; 10.1371/journal.pone.0192540; 10.3389/fpls.2020.605934,Lacombe & Emanuelli 2020; Lacombe 2013; Laucou 2018,10.1007/s00122-012-1988-2,
GALOTTA,GAMAY,Parent 2,SSR,SSR,,,VIVC passport (via Lacombe & Emanuelli 2020; Lacombe 2013; Laucou 2018),10.1007/s00122-012-1988-2,,confirmed,ANCELLOTTA X GAMAY,10.1007/s00122-012-1988-2; 10.1371/journal.pone.0192540; 10.3389/fpls.2020.605934,Lacombe & Emanuelli 2020; Lacombe 2013; Laucou 2018,10.1007/s00122-012-1988-2,
PLANT DE BRUNEL,GRENACHE = GARNACHA,Parent 1,SSR,SSR,,,VIVC passport (via Lacombe 2013),10.1007/s00122-012-1988-2,,confirmed,GRENACHE = GARNACHA X JURANCON NOIR,10.1007/s00122-012-1988-2,Lacombe 2013,10.1007/s00122-012-1988-2,
PLANT DE BRUNEL,JURANCON NOIR,Parent 2,SSR,SSR,,,VIVC passport (via Lacombe 2013),10.1007/s00122-012-1988-2,,confirmed,GRENACHE = GARNACHA X JURANCON NOIR,10.1007/s00122-012-1988-2,Lacombe 2013,10.1007/s00122-012-1988-2,
BIDH EL H'MEM (RAF RAF),HEPTAKILO,Parent 1,SSR,SSR,,,VIVC passport (via Lacombe 2013),10.1007/s00122-012-1988-2,,confirmed,HEPTAKILO X MAYORQUIN = FARANA,10.1007/s00122-012-1988-2,Lacombe 2013,10.1007/s00122-012-1988-2,
BIDH EL H'MEM (RAF RAF),MAYORQUIN = FARANA,Parent 2,SSR,SSR,,,VIVC passport (via Lacombe 2013),10.1007/s00122-012-1988-2,,confirmed,HEPTAKILO X MAYORQUIN = FARANA,10.1007/s00122-012-1988-2,Lacombe 2013,10.1007/s00122-012-1988-2,
SANTA MARIA,VERNACCIA DI ORISTANO,Parent 1,SSR,SSR,,,VIVC passport (via Cipriani 2010),10.1007/s00122-010-1411-9,,confirmed,VERNACCIA DI ORISTANO X PENSICATO,10.1007/s00122-010-1411-9,Cipriani 2010,10.1007/s00122-010-1411-9,
SANTA MARIA,PENSICATO,Parent 2,SSR,SSR,,,VIVC passport (via Cipriani 2010),10.1007/s00122-010-1411-9,,confirmed,VERNACCIA DI ORISTANO X PENSICATO,10.1007/s00122-010-1411-9,Cipriani 2010,10.1007/s00122-010-1411-9,
CELTICA,RIESLING ITALICO,Parent 1,SSR,SSR,,,VIVC passport (via Lacombe & Emanuelli 2020),10.3389/fpls.2020.605934,,confirmed,RIESLING ITALICO X CHARDONNAY,10.3389/fpls.2020.605934,Lacombe & Emanuelli 2020,10.3389/fpls.2020.605934,
CELTICA,CHARDONNAY,Parent 2,SSR,SSR,,,VIVC passport (via Lacombe & Emanuelli 2020),10.3389/fpls.2020.605934,,confirmed,RIESLING ITALICO X CHARDONNAY,10.3389/fpls.2020.605934,Lacombe & Emanuelli 2020,10.3389/fpls.2020.605934,
ALZEY 7672,MADELEINE ANGEVINE,Parent 1,SSR,SSR,,,VIVC passport (pedigree confirmed by markers),,,confirmed,MADELEINE ANGEVINE X RIESLING WEISS,,none,,
ALZEY 7672,RIESLING WEISS,Parent 2,SSR,SSR,,,VIVC passport (pedigree confirmed by markers),,,confirmed,MADELEINE ANGEVINE X RIESLING WEISS,,none,,
CASTELOA,ALFROCHEIRO,Parent 1,SSR,SSR,,,VIVC passport (via Cunha 2020),10.3389/fpls.2020.00127,,confirmed,ALFROCHEIRO X CAYETANA BLANCA,10.3389/fpls.2020.00127; 10.5073/vitis.2015.54.special-issue.59-65,Cunha 2020,10.3389/fpls.2020.00127,10.5073/vitis.2015.54.special-issue.59-65
CASTELOA,CAYETANA BLANCA,Parent 2,SSR,SSR,,,VIVC passport (via Cunha 2020),10.3389/fpls.2020.00127,,confirmed,ALFROCHEIRO X CAYETANA BLANCA,10.3389/fpls.2020.00127; 10.5073/vitis.2015.54.special-issue.59-65,Cunha 2020,10.3389/fpls.2020.00127,10.5073/vitis.2015.54.special-issue.59-65
DUNA GYOENGYE,SEIBEL 4986,Parent 1,SSR,SSR,,,VIVC passport (pedigree confirmed by markers),,,confirmed,SEIBEL 4986 X PARENT 2 WAS NOT CONFIRMED,,none,,
DUNA GYOENGYE,PARENT 2 WAS NOT CONFIRMED,Parent 2,SSR,SSR,,,VIVC passport (pedigree confirmed by markers),,,confirmed,SEIBEL 4986 X PARENT 2 WAS NOT CONFIRMED,,none,,
MORAVIA DULCE,MOURISCO TINTO = MARUFO,Parent 1,SSR,SSR,,,VIVC passport (via Lacombe 2013),10.1007/s00122-012-1988-2,,confirmed,MOURISCO TINTO = MARUFO X VALENCI BLANCO = BEBA,10.1007/s00122-012-1988-2; 10.1007/s10722-013-0064-3,Lacombe 2013,10.1007/s00122-012-1988-2,10.1007/s10722-013-0064-3
MORAVIA DULCE,VALENCI BLANCO = BEBA,Parent 2,SSR,SSR,,,VIVC passport (via Lacombe 2013),10.1007/s00122-012-1988-2,,confirmed,MOURISCO TINTO = MARUFO X VALENCI BLANCO = BEBA,10.1007/s00122-012-1988-2; 10.1007/s10722-013-0064-3,Lacombe 2013,10.1007/s00122-012-1988-2,10.1007/s10722-013-0064-3
VERDIAL TINTO,MARUFO,Parent 1,SSR,SSR,,,VIVC passport (via Cunha 2020),10.3389/fpls.2020.00127,,confirmed,MARUFO X MALVASIA FINA,10.3389/fpls.2020.00127,Cunha 2020,10.3389/fpls.2020.00127,
VERDIAL TINTO,MALVASIA FINA,Parent 2,SSR,SSR,,,VIVC passport (via Cunha 2020),10.3389/fpls.2020.00127,,confirmed,MARUFO X MALVASIA FINA,10.3389/fpls.2020.00127,Cunha 2020,10.3389/fpls.2020.00127,
ROGER'S RED,VITIS CALIFORNICA,Parent 1,SSR,SSR,,,VIVC passport (pedigree confirmed by markers),,,confirmed,VITIS CALIFORNICA X ALICANTE BOUSCHET,,none,,
ROGER'S RED,ALICANTE BOUSCHET,Parent 2,SSR,SSR,,,VIVC passport (pedigree confirmed by markers),,,confirmed,VITIS CALIFORNICA X ALICANTE BOUSCHET,,none,,
MARGOT,MERLOT,Parent 1,SSR,SSR,,,VIVC passport (pedigree confirmed by markers),10.1371/journal.pone.0240665,,confirmed,MERLOT X VILLARD NOIR,10.1371/journal.pone.0240665,none,10.1371/journal.pone.0240665,10.1371/journal.pone.0240665
MARGOT,VILLARD NOIR,Parent 2,SSR,SSR,,,VIVC passport (pedigree confirmed by markers),10.1371/journal.pone.0240665,,confirmed,MERLOT X VILLARD NOIR,10.1371/journal.pone.0240665,none,10.1371/journal.pone.0240665,10.1371/journal.pone.0240665
SAGRESTANA,PICOLIT,Parent 1,SSR,SSR,,,VIVC passport (pedigree confirmed by markers),10.1038/s41598-020-64061-w,,confirmed,PICOLIT X VERDUZZO FRIULANO,10.1038/s41598-020-64061-w,none,10.1038/s41598-020-64061-w,10.1038/s41598-020-64061-w
SAGRESTANA,VERDUZZO FRIULANO,Parent 2,SSR,SSR,,,VIVC passport (pedigree confirmed by markers),10.1038/s41598-020-64061-w,,confirmed,PICOLIT X VERDUZZO FRIULANO,10.1038/s41598-020-64061-w,none,10.1038/s41598-020-64061-w,10.1038/s41598-020-64061-w
FRUEHER BLAUER WAELSCHER X FARBTRAUBE NR. 4,LASKA,Parent 1,SSR,SSR,,,VIVC passport (pedigree confirmed by markers),,,confirmed,LASKA X TEINTURIER,,none,,
FRUEHER BLAUER WAELSCHER X FARBTRAUBE NR. 4,TEINTURIER,Parent 2,SSR,SSR,,,VIVC passport (pedigree confirmed by markers),,,confirmed,LASKA X TEINTURIER,,none,,
CALLET NEGRELLA,BEBA,Parent 1,SSR,SSR,,,VIVC passport (via Lacombe 2013),10.1007/s00122-012-1988-2,,confirmed,BEBA X GIRO SARDO,10.1007/s00122-012-1988-2; 10.1007/s10722-011-9706-5,Lacombe 2013,10.1007/s00122-012-1988-2,10.1007/s10722-011-9706-5
CALLET NEGRELLA,GIRO SARDO,Parent 2,SSR,SSR,,,VIVC passport (via Lacombe 2013),10.1007/s00122-012-1988-2,,confirmed,BEBA X GIRO SARDO,10.1007/s00122-012-1988-2; 10.1007/s10722-011-9706-5,Lacombe 2013,10.1007/s00122-012-1988-2,10.1007/s10722-011-9706-5
GAFARRO,CALLET CAS CONCOS,Parent 1,SSR,SSR,,,VIVC passport (pedigree confirmed by markers),10.1007/s10722-011-9706-5,,confirmed,CALLET CAS CONCOS X FOGENEU,10.1007/s10722-011-9706-5,none,10.1007/s10722-011-9706-5,10.1007/s10722-011-9706-5
GAFARRO,FOGENEU,Parent 2,SSR,SSR,,,VIVC passport (pedigree confirmed by markers),10.1007/s10722-011-9706-5,,confirmed,CALLET CAS CONCOS X FOGENEU,10.1007/s10722-011-9706-5,none,10.1007/s10722-011-9706-5,10.1007/s10722-011-9706-5
CABESTREL,MOURVEDRE,Parent 1,SSR,SSR,,,VIVC passport (via Lacombe 2013),10.1007/s00122-012-1988-2,,confirmed,MOURVEDRE X CABERNET SAUVIGNON,10.1007/s00122-012-1988-2,Lacombe 2013,10.1007/s00122-012-1988-2,
CABESTREL,CABERNET SAUVIGNON,Parent 2,SSR,SSR,,,VIVC passport (via Lacombe 2013),10.1007/s00122-012-1988-2,,confirmed,MOURVEDRE X CABERNET SAUVIGNON,10.1007/s00122-012-1988-2,Lacombe 2013,10.1007/s00122-012-1988-2,
ALBILLA DORADA,MORAVIA DULCE,Parent 1,SSR,SSR,,,VIVC passport (pedigree confirmed by markers),10.1007/s10722-013-0064-3,,confirmed,MORAVIA DULCE X TEMPRANILLO,10.1007/s10722-013-0064-3,none,10.1007/s10722-013-0064-3,10.1007/s10722-013-0064-3
ALBILLA DORADA,TEMPRANILLO,Parent 2,SSR,SSR,,,VIVC passport (pedigree confirmed by markers),10.1007/s10722-013-0064-3,,confirmed,MORAVIA DULCE X TEMPRANILLO,10.1007/s10722-013-0064-3,none,10.1007/s10722-013-0064-3,10.1007/s10722-013-0064-3
AG BEILAGANI,SHAANI BELYI,Parent 1,SSR,SSR,,,VIVC passport (pedigree confirmed by markers),,,confirmed,SHAANI BELYI X TAIFI ROZOVYI,,none,,
AG BEILAGANI,TAIFI ROZOVYI,Parent 2,SSR,SSR,,,VIVC passport (pedigree confirmed by markers),,,confirmed,SHAANI BELYI X TAIFI ROZOVYI,,none,,
NOVRAST,SHAFEI,Parent 1,SSR,SSR,,,VIVC passport (pedigree confirmed by markers),,,confirmed,SHAFEI X SATENI BELYI,,none,,
NOVRAST,SATENI BELYI,Parent 2,SSR,SSR,,,VIVC passport (pedigree confirmed by markers),,,confirmed,SHAFEI X SATENI BELYI,,none,,
SUPREME,PARENT 1 WAS NOT CONFIRMED,Parent 1,SSR,SSR,,,VIVC passport (pedigree confirmed by markers),10.21273/JASHS.133.4.559,,confirmed,PARENT 1 WAS NOT CONFIRMED X DIXIELAND,10.21273/JASHS.133.4.559,none,10.21273/JASHS.133.4.559,10.21273/JASHS.133.4.559
SUPREME,DIXIELAND,Parent 2,SSR,SSR,,,VIVC passport (pedigree confirmed by markers),10.21273/JASHS.133.4.559,,confirmed,PARENT 1 WAS NOT CONFIRMED X DIXIELAND,10.21273/JASHS.133.4.559,none,10.21273/JASHS.133.4.559,10.21273/JASHS.133.4.559
SMENA,DATTIER DE SAINT VALLIER,Parent 1,SSR,SSR,,,VIVC passport (pedigree confirmed by markers),10.3103/S0095452718050031,,confirmed,DATTIER DE SAINT VALLIER X DEKORATIVNII,10.3103/S0095452718050031,none,10.3103/S0095452718050031,10.3103/S0095452718050031
SMENA,DEKORATIVNII,Parent 2,SSR,SSR,,,VIVC passport (pedigree confirmed by markers),10.3103/S0095452718050031,,confirmed,DATTIER DE SAINT VALLIER X DEKORATIVNII,10.3103/S0095452718050031,none,10.3103/S0095452718050031,10.3103/S0095452718050031
KUMBULLOR I ZI,TAJKA E KUQE/TAJKA ROZE,Parent 1,SSR,SSR,,,VIVC passport (pedigree confirmed by markers),10.5073/vitis.2015.54.special-issue.127-131,,confirmed,TAJKA E KUQE/TAJKA ROZE X KOSINJOT,10.5073/vitis.2015.54.special-issue.127-131,none,10.5073/vitis.2015.54.special-issue.127-131,10.5073/vitis.2015.54.special-issue.127-131
KUMBULLOR I ZI,KOSINJOT,Parent 2,SSR,SSR,,,VIVC passport (pedigree confirmed by markers),10.5073/vitis.2015.54.special-issue.127-131,,confirmed,TAJKA E KUQE/TAJKA ROZE X KOSINJOT,10.5073/vitis.2015.54.special-issue.127-131,none,10.5073/vitis.2015.54.special-issue.127-131,10.5073/vitis.2015.54.special-issue.127-131
LAMBRUSCA PIGNATA,DOUX D'HENRY N.,Parent 1,SSR,SSR,,,VIVC passport (pedigree confirmed by markers),10.1038/s41598-020-72799-6,,confirmed,DOUX D'HENRY N. X CHATUS N.,10.1038/s41598-020-72799-6,none,10.1038/s41598-020-72799-6,10.1038/s41598-020-72799-6
LAMBRUSCA PIGNATA,CHATUS N.,Parent 2,SSR,SSR,,,VIVC passport (pedigree confirmed by markers),10.1038/s41598-020-72799-6,,confirmed,DOUX D'HENRY N. X CHATUS N.,10.1038/s41598-020-72799-6,none,10.1038/s41598-020-72799-6,10.1038/s41598-020-72799-6
NEBBIOLO GABARDIN,CHATUS N.,Parent 1,SSR,SSR,,,VIVC passport (pedigree confirmed by markers),10.1038/s41598-020-72799-6,,confirmed,CHATUS N. X NERETTA CUNEESE N.,10.1038/s41598-020-72799-6,none,10.1038/s41598-020-72799-6,10.1038/s41598-020-72799-6
NEBBIOLO GABARDIN,NERETTA CUNEESE N.,Parent 2,SSR,SSR,,,VIVC passport (pedigree confirmed by markers),10.1038/s41598-020-72799-6,,confirmed,CHATUS N. X NERETTA CUNEESE N.,10.1038/s41598-020-72799-6,none,10.1038/s41598-020-72799-6,10.1038/s41598-020-72799-6
PRIMATICCIA,CROATINA N.,Parent 1,SSR,SSR,,,VIVC passport (pedigree confirmed by markers),10.1038/s41598-020-72799-6,,confirmed,CROATINA N. X LAMBRUSCA DI ALESSANDRIA N.,10.1038/s41598-020-72799-6,none,10.1038/s41598-020-72799-6,10.1038/s41598-020-72799-6
PRIMATICCIA,LAMBRUSCA DI ALESSANDRIA N.,Parent 2,SSR,SSR,,,VIVC passport (pedigree confirmed by markers),10.1038/s41598-020-72799-6,,confirmed,CROATINA N. X LAMBRUSCA DI ALESSANDRIA N.,10.1038/s41598-020-72799-6,none,10.1038/s41598-020-72799-6,10.1038/s41598-020-72799-6
CASTELO BRANCO,FERNAO PIRES,Parent 1,SSR,SSR,,,VIVC passport (via Cunha 2020),10.3389/fpls.2020.00127,,confirmed,FERNAO PIRES X DIAGALVES,10.3389/fpls.2020.00127,Cunha 2020,10.3389/fpls.2020.00127,
CASTELO BRANCO,DIAGALVES,Parent 2,SSR,SSR,,,VIVC passport (via Cunha 2020),10.3389/fpls.2020.00127,,confirmed,FERNAO PIRES X DIAGALVES,10.3389/fpls.2020.00127,Cunha 2020,10.3389/fpls.2020.00127,
DIVICO,GAMARET,Parent 1,SSR,SSR,,,VIVC passport (pedigree confirmed by markers),,,confirmed,GAMARET X BRONNER,,none,,
DIVICO,BRONNER,Parent 2,SSR,SSR,,,VIVC passport (pedigree confirmed by markers),,,confirmed,GAMARET X BRONNER,,none,,
TAVKVERI CARTALINSKY,DIAMANTTRAUBE,Parent 1,SSR,SSR,,,VIVC passport (via Lacombe 2013),10.1007/s00122-012-1988-2,,confirmed,DIAMANTTRAUBE X OLIVETTE ROSE,10.1007/s00122-012-1988-2,Lacombe 2013,10.1007/s00122-012-1988-2,
TAVKVERI CARTALINSKY,OLIVETTE ROSE,Parent 2,SSR,SSR,,,VIVC passport (via Lacombe 2013),10.1007/s00122-012-1988-2,,confirmed,DIAMANTTRAUBE X OLIVETTE ROSE,10.1007/s00122-012-1988-2,Lacombe 2013,10.1007/s00122-012-1988-2,
ZAGADKA,GERKULES,Parent 1,SSR,SSR,,,VIVC passport (pedigree confirmed by markers),10.3103/S0095452718050031,,confirmed,GERKULES X DATTIER DE SAINT VALLIER,10.3103/S0095452718050031,none,10.3103/S0095452718050031,10.3103/S0095452718050031
ZAGADKA,DATTIER DE SAINT VALLIER,Parent 2,SSR,SSR,,,VIVC passport (pedigree confirmed by markers),10.3103/S0095452718050031,,confirmed,GERKULES X DATTIER DE SAINT VALLIER,10.3103/S0095452718050031,none,10.3103/S0095452718050031,10.3103/S0095452718050031
DOBRINIA,CABERNET SAUVIGNON,Parent 1,SSR,SSR,,,VIVC passport (pedigree confirmed by markers),10.3103/S0095452718050031,,confirmed,CABERNET SAUVIGNON X RUPESTRIS DU LOT,10.3103/S0095452718050031,none,10.3103/S0095452718050031,10.3103/S0095452718050031
DOBRINIA,RUPESTRIS DU LOT,Parent 2,SSR,SSR,,,VIVC passport (pedigree confirmed by markers),10.3103/S0095452718050031,,confirmed,CABERNET SAUVIGNON X RUPESTRIS DU LOT,10.3103/S0095452718050031,none,10.3103/S0095452718050031,10.3103/S0095452718050031
ETUD,DATTIER DE SAINT VALLIER,Parent 1,SSR,SSR,,,VIVC passport (pedigree confirmed by markers),10.3103/S0095452718050031,,confirmed,DATTIER DE SAINT VALLIER X DEKORATIVNII,10.3103/S0095452718050031,none,10.3103/S0095452718050031,10.3103/S0095452718050031
ETUD,DEKORATIVNII,Parent 2,SSR,SSR,,,VIVC passport (pedigree confirmed by markers),10.3103/S0095452718050031,,confirmed,DATTIER DE SAINT VALLIER X DEKORATIVNII,10.3103/S0095452718050031,none,10.3103/S0095452718050031,10.3103/S0095452718050031
JANTAR TAIROVSKIY,ZAGADKA,Parent 1,SSR,SSR,,,VIVC passport (pedigree confirmed by markers),10.3103/S0095452718050031,,confirmed,ZAGADKA X VOSTORG,10.3103/S0095452718050031,none,10.3103/S0095452718050031,10.3103/S0095452718050031
JANTAR TAIROVSKIY,VOSTORG,Parent 2,SSR,SSR,,,VIVC passport (pedigree confirmed by markers),10.3103/S0095452718050031,,confirmed,ZAGADKA X VOSTORG,10.3103/S0095452718050031,none,10.3103/S0095452718050031,10.3103/S0095452718050031
JARILO,GOECSEJI ZAMATOS,Parent 1,SSR,SSR,,,VIVC passport (pedigree confirmed by markers),10.3103/S0095452718050031,,confirmed,GOECSEJI ZAMATOS X RODNICHOK,10.3103/S0095452718050031,none,10.3103/S0095452718050031,10.3103/S0095452718050031
JARILO,RODNICHOK,Parent 2,SSR,SSR,,,VIVC passport (pedigree confirmed by markers),10.3103/S0095452718050031,,confirmed,GOECSEJI ZAMATOS X RODNICHOK,10.3103/S0095452718050031,none,10.3103/S0095452718050031,10.3103/S0095452718050031
ODISSEY,ZAGADKA,Parent 1,SSR,SSR,,,VIVC passport (pedigree confirmed by markers),10.3103/S0095452718050031,,confirmed,ZAGADKA X VOSTORG,10.3103/S0095452718050031,none,10.3103/S0095452718050031,10.3103/S0095452718050031
ODISSEY,VOSTORG,Parent 2,SSR,SSR,,,VIVC passport (pedigree confirmed by markers),10.3103/S0095452718050031,,confirmed,ZAGADKA X VOSTORG,10.3103/S0095452718050031,none,10.3103/S0095452718050031,10.3103/S0095452718050031
OGONIOK TAIROVSKIY,DATTIER DE SAINT VALLIER,Parent 1,SSR,SSR,,,VIVC passport (pedigree confirmed by markers),10.3103/S0095452718050031,,confirmed,DATTIER DE SAINT VALLIER X DEKORATIVNII,10.3103/S0095452718050031,none,10.3103/S0095452718050031,10.3103/S0095452718050031
OGONIOK TAIROVSKIY,DEKORATIVNII,Parent 2,SSR,SSR,,,VIVC passport (pedigree confirmed by markers),10.3103/S0095452718050031,,confirmed,DATTIER DE SAINT VALLIER X DEKORATIVNII,10.3103/S0095452718050031,none,10.3103/S0095452718050031,10.3103/S0095452718050031
ORIGINAL BELIY,CHAOUCH BILII,Parent 1,SSR,SSR,,,VIVC passport (pedigree confirmed by markers),10.3103/S0095452718050031,,confirmed,CHAOUCH BILII X DATTIER DE SAINT VALLIER,10.3103/S0095452718050031,none,10.3103/S0095452718050031,10.3103/S0095452718050031
ORIGINAL BELIY,DATTIER DE SAINT VALLIER,Parent 2,SSR,SSR,,,VIVC passport (pedigree confirmed by markers),10.3103/S0095452718050031,,confirmed,CHAOUCH BILII X DATTIER DE SAINT VALLIER,10.3103/S0095452718050031,none,10.3103/S0095452718050031,10.3103/S0095452718050031
PODAROK SELEKCIONERA,AGAT DONSKII,Parent 1,SSR,SSR,,,VIVC passport (pedigree confirmed by markers),10.3103/S0095452718050031,,confirmed,AGAT DONSKII X KOBZAR,10.3103/S0095452718050031,none,10.3103/S0095452718050031,10.3103/S0095452718050031
PODAROK SELEKCIONERA,KOBZAR,Parent 2,SSR,SSR,,,VIVC passport (pedigree confirmed by markers),10.3103/S0095452718050031,,confirmed,AGAT DONSKII X KOBZAR,10.3103/S0095452718050031,none,10.3103/S0095452718050031,10.3103/S0095452718050031
UKRAINSKII 85,CHAOUCH ROSE,Parent 1,SSR,SSR,,,VIVC passport (pedigree confirmed by markers),10.3103/S0095452718050031,,confirmed,CHAOUCH ROSE X IRSAI OLIVER,10.3103/S0095452718050031,none,10.3103/S0095452718050031,10.3103/S0095452718050031
UKRAINSKII 85,IRSAI OLIVER,Parent 2,SSR,SSR,,,VIVC passport (pedigree confirmed by markers),10.3103/S0095452718050031,,confirmed,CHAOUCH ROSE X IRSAI OLIVER,10.3103/S0095452718050031,none,10.3103/S0095452718050031,10.3103/S0095452718050031
ZAGREY,ALIGOTE,Parent 1,SSR,SSR,,,VIVC passport (pedigree confirmed by markers),10.3103/S0095452718050031,,confirmed,ALIGOTE X OVIDIOPOL'SKII,10.3103/S0095452718050031,none,10.3103/S0095452718050031,10.3103/S0095452718050031
ZAGREY,OVIDIOPOL'SKII,Parent 2,SSR,SSR,,,VIVC passport (pedigree confirmed by markers),10.3103/S0095452718050031,,confirmed,ALIGOTE X OVIDIOPOL'SKII,10.3103/S0095452718050031,none,10.3103/S0095452718050031,10.3103/S0095452718050031
EBADI I 21,RAJABI,Parent 1,SSR,SSR,,,VIVC passport (pedigree confirmed by markers),,,confirmed,RAJABI X YAGHUTI,,none,,
EBADI I 21,YAGHUTI,Parent 2,SSR,SSR,,,VIVC passport (pedigree confirmed by markers),,,confirmed,RAJABI X YAGHUTI,,none,,
EBADI K 67,ALIBABA,Parent 1,SSR,SSR,,,VIVC passport (pedigree confirmed by markers),,,confirmed,ALIBABA X RED SULTANA,,none,,
EBADI K 67,RED SULTANA,Parent 2,SSR,SSR,,,VIVC passport (pedigree confirmed by markers),,,confirmed,ALIBABA X RED SULTANA,,none,,
EBADI R 80,DIZMARI,Parent 1,SSR,SSR,,,VIVC passport (pedigree confirmed by markers),,,confirmed,DIZMARI X ASKARI,,none,,
EBADI R 80,ASKARI,Parent 2,SSR,SSR,,,VIVC passport (pedigree confirmed by markers),,,confirmed,DIZMARI X ASKARI,,none,,
EBADI I 73,RAJABI SEFID,Parent 1,SSR,SSR,,,VIVC passport (pedigree confirmed by markers),,,confirmed,RAJABI SEFID X YAGHOOTI,,none,,
EBADI I 73,YAGHOOTI,Parent 2,SSR,SSR,,,VIVC passport (pedigree confirmed by markers),,,confirmed,RAJABI SEFID X YAGHOOTI,,none,,
EBADI A 119,MUSCAT,Parent 1,SSR,SSR,,,VIVC passport (pedigree confirmed by markers),,,confirmed,MUSCAT X ASKARI,,none,,
EBADI A 119,ASKARI,Parent 2,SSR,SSR,,,VIVC passport (pedigree confirmed by markers),,,confirmed,MUSCAT X ASKARI,,none,,
EBADI R 84,ALIBABA,Parent 1,SSR,SSR,,,VIVC passport (pedigree confirmed by markers),,,confirmed,ALIBABA X ASKARI,,none,,
EBADI R 84,ASKARI,Parent 2,SSR,SSR,,,VIVC passport (pedigree confirmed by markers),,,confirmed,ALIBABA X ASKARI,,none,,
EBADI B 98,RAJABI SEFID,Parent 1,SSR,SSR,,,VIVC passport (pedigree confirmed by markers),,,confirmed,RAJABI SEFID X SULTANA,,none,,
EBADI B 98,SULTANA,Parent 2,SSR,SSR,,,VIVC passport (pedigree confirmed by markers),,,confirmed,RAJABI SEFID X SULTANA,,none,,
EBADI S 40,ALHAGI,Parent 1,SSR,SSR,,,VIVC passport (pedigree confirmed by markers),,,confirmed,ALHAGI X YAGHOOTI,,none,,
EBADI S 40,YAGHOOTI,Parent 2,SSR,SSR,,,VIVC passport (pedigree confirmed by markers),,,confirmed,ALHAGI X YAGHOOTI,,none,,
EBADI K 93,DIZMARY,Parent 1,SSR,SSR,,,VIVC passport (pedigree confirmed by markers),,,confirmed,DIZMARY X SULTANA,,none,,
EBADI K 93,SULTANA,Parent 2,SSR,SSR,,,VIVC passport (pedigree confirmed by markers),,,confirmed,DIZMARY X SULTANA,,none,,
EBADI S 55,ALIBABA,Parent 1,SSR,SSR,,,VIVC passport (pedigree confirmed by markers),,,confirmed,ALIBABA X YAGHOOTI,,none,,
EBADI S 55,YAGHOOTI,Parent 2,SSR,SSR,,,VIVC passport (pedigree confirmed by markers),,,confirmed,ALIBABA X YAGHOOTI,,none,,
EBADI L 125,RAJABI SEFID,Parent 1,SSR,SSR,,,VIVC passport (pedigree confirmed by markers),,,confirmed,RAJABI SEFID X RED SULTANA,,none,,
EBADI L 125,RED SULTANA,Parent 2,SSR,SSR,,,VIVC passport (pedigree confirmed by markers),,,confirmed,RAJABI SEFID X RED SULTANA,,none,,
EBADI S 54,ALIBABA,Parent 1,SSR,SSR,,,VIVC passport (pedigree confirmed by markers),,,confirmed,ALIBABA  X YAGHOOTI,,none,,
EBADI S 54,YAGHOOTI,Parent 2,SSR,SSR,,,VIVC passport (pedigree confirmed by markers),,,confirmed,ALIBABA  X YAGHOOTI,,none,,
AIT HAMAMA,AMOKRANE,Parent 1,SSR,SSR,,,VIVC passport (via Lacombe 2013),10.1007/s00122-012-1988-2,,confirmed,AMOKRANE X AREKAK,10.1007/s00122-012-1988-2,Lacombe 2013,10.1007/s00122-012-1988-2,
AIT HAMAMA,AREKAK,Parent 2,SSR,SSR,,,VIVC passport (via Lacombe 2013),10.1007/s00122-012-1988-2,,confirmed,AMOKRANE X AREKAK,10.1007/s00122-012-1988-2,Lacombe 2013,10.1007/s00122-012-1988-2,
AROMATICA ROSE,CARDINAL,Parent 1,SSR,SSR,,,VIVC passport (via Lacombe 2013),10.1007/s00122-012-1988-2,,confirmed,CARDINAL X SULTANINA,10.1007/s00122-012-1988-2,Lacombe 2013,10.1007/s00122-012-1988-2,
AROMATICA ROSE,SULTANINA,Parent 2,SSR,SSR,,,VIVC passport (via Lacombe 2013),10.1007/s00122-012-1988-2,,confirmed,CARDINAL X SULTANINA,10.1007/s00122-012-1988-2,Lacombe 2013,10.1007/s00122-012-1988-2,
ASSARIO BLANC FEMELLE,HEBIEN,Parent 1,SSR,SSR,,,VIVC passport (via Lacombe 2013),10.1007/s00122-012-1988-2,,confirmed,HEBEN X MUSCAT D'ALEXANDRIE,10.1007/s00122-012-1988-2,Lacombe 2013,10.1007/s00122-012-1988-2,
ASSARIO BLANC FEMELLE,MUSCAT D'ALEXANDRIE,Parent 2,SSR,SSR,,,VIVC passport (via Lacombe 2013),10.1007/s00122-012-1988-2,,confirmed,HEBEN X MUSCAT D'ALEXANDRIE,10.1007/s00122-012-1988-2,Lacombe 2013,10.1007/s00122-012-1988-2,
ATOMIC,CRIOLLA GRANDE SANJUANINA,Parent 1,SSR,SSR,,,VIVC passport (via Lacombe 2013),10.1007/s00122-012-1988-2,,confirmed,CRIOLLA GRANDE SANJUANINA X GROS COLMAN,10.1007/s00122-012-1988-2,Lacombe 2013,10.1007/s00122-012-1988-2,
ATOMIC,GROS COLMAN,Parent 2,SSR,SSR,,,VIVC passport (via Lacombe 2013),10.1007/s00122-012-1988-2,,confirmed,CRIOLLA GRANDE SANJUANINA X GROS COLMAN,10.1007/s00122-012-1988-2,Lacombe 2013,10.1007/s00122-012-1988-2,
AUTOFECONDATION CHASSELAS ROSE 18 FAUX,MUSCAT A PETITS GRAINS,Parent 1,SSR,SSR,,,VIVC passport (via Lacombe 2013),10.1007/s00122-012-1988-2,,confirmed,MUSCAT A PETITS GRAINS X CHASSELAS,10.1007/s00122-012-1988-2,Lacombe 2013,10.1007/s00122-012-1988-2,
AUTOFECONDATION CHASSELAS ROSE 18 FAUX,CHASSELAS,Parent 2,SSR,SSR,,,VIVC passport (via Lacombe 2013),10.1007/s00122-012-1988-2,,confirmed,MUSCAT A PETITS GRAINS X CHASSELAS,10.1007/s00122-012-1988-2,Lacombe 2013,10.1007/s00122-012-1988-2,
AUTOFECONDATION CHASSELAS ROSE 59,CHASSELAS,Parent 1,SSR,SSR,,,VIVC passport (via Lacombe 2013),10.1007/s00122-012-1988-2,,confirmed,CHASSELAS X CHASSELAS,10.1007/s00122-012-1988-2,Lacombe 2013,10.1007/s00122-012-1988-2,
AUTOFECONDATION CHASSELAS ROSE 59,CHASSELAS,Parent 2,SSR,SSR,,,VIVC passport (via Lacombe 2013),10.1007/s00122-012-1988-2,,confirmed,CHASSELAS X CHASSELAS,10.1007/s00122-012-1988-2,Lacombe 2013,10.1007/s00122-012-1988-2,
AUTOFECONDATION SAUVIGNON 106,SAUVIGNON,Parent 1,SSR,SSR,,,VIVC passport (via Lacombe 2013),10.1007/s00122-012-1988-2,,confirmed,SAUVIGNON X SAUVIGNON,10.1007/s00122-012-1988-2,Lacombe 2013,10.1007/s00122-012-1988-2,
AUTOFECONDATION SAUVIGNON 106,SAUVIGNON,Parent 2,SSR,SSR,,,VIVC passport (via Lacombe 2013),10.1007/s00122-012-1988-2,,confirmed,SAUVIGNON X SAUVIGNON,10.1007/s00122-012-1988-2,Lacombe 2013,10.1007/s00122-012-1988-2,
AUTOFECONDATION SYRAH 1992,SYRAH,Parent 1,SSR,SSR,,,VIVC passport (via Lacombe 2013),10.1007/s00122-012-1988-2,,confirmed,SYRAH  X SYRAH,10.1007/s00122-012-1988-2,Lacombe 2013,10.1007/s00122-012-1988-2,
AUTOFECONDATION SYRAH 1992,SYRAH,Parent 2,SSR,SSR,,,VIVC passport (via Lacombe 2013),10.1007/s00122-012-1988-2,,confirmed,SYRAH  X SYRAH,10.1007/s00122-012-1988-2,Lacombe 2013,10.1007/s00122-012-1988-2,
AUTOFECONDATION VIOGNIER 1992,VIOGNIER,Parent 1,SSR,SSR,,,VIVC passport (via Lacombe 2013),10.1007/s00122-012-1988-2,,confirmed,VIOGNIER X VIOGNIER,10.1007/s00122-012-1988-2,Lacombe 2013,10.1007/s00122-012-1988-2,
AUTOFECONDATION VIOGNIER 1992,VIOGNIER,Parent 2,SSR,SSR,,,VIVC passport (via Lacombe 2013),10.1007/s00122-012-1988-2,,confirmed,VIOGNIER X VIOGNIER,10.1007/s00122-012-1988-2,Lacombe 2013,10.1007/s00122-012-1988-2,
BASTARDO DOS FRADES DE BOLONIO,GIBI = HEBEN,Parent 1,SSR,SSR,,,VIVC passport (via Lacombe 2013),10.1007/s00122-012-1988-2,,confirmed,GIBI = HEBEN X TROUSSEAU = BASTARDO,10.1007/s00122-012-1988-2,Lacombe 2013,10.1007/s00122-012-1988-2,
BASTARDO DOS FRADES DE BOLONIO,TROUSSEAU = BASTARDO,Parent 2,SSR,SSR,,,VIVC passport (via Lacombe 2013),10.1007/s00122-012-1988-2,,confirmed,GIBI = HEBEN X TROUSSEAU = BASTARDO,10.1007/s00122-012-1988-2,Lacombe 2013,10.1007/s00122-012-1988-2,
BELLE DENISE,PELOURSIN,Parent 1,SSR,SSR,,,VIVC passport (via Lacombe 2013),10.1007/s00122-012-1988-2,,confirmed,PELOURSIN X GUEUCHE NOIR,10.1007/s00122-012-1988-2,Lacombe 2013,10.1007/s00122-012-1988-2,
BELLE DENISE,GUEUCHE NOIR,Parent 2,SSR,SSR,,,VIVC passport (via Lacombe 2013),10.1007/s00122-012-1988-2,,confirmed,PELOURSIN X GUEUCHE NOIR,10.1007/s00122-012-1988-2,Lacombe 2013,10.1007/s00122-012-1988-2,
BREIDER 5-6,SIEGERREBE,Parent 1,SSR,SSR,,,VIVC passport (via Lacombe 2013; Laucou 2018),10.1007/s00122-012-1988-2,,confirmed,SIEGERREBE X SIEGERREBE,10.1007/s00122-012-1988-2; 10.1371/journal.pone.0192540,Lacombe 2013; Laucou 2018,10.1007/s00122-012-1988-2,
BREIDER 5-6,SIEGERREBE,Parent 2,SSR,SSR,,,VIVC passport (via Lacombe 2013; Laucou 2018),10.1007/s00122-012-1988-2,,confirmed,SIEGERREBE X SIEGERREBE,10.1007/s00122-012-1988-2; 10.1371/journal.pone.0192540,Lacombe 2013; Laucou 2018,10.1007/s00122-012-1988-2,
BRUXELLOISE BLANCHE,MADELEINE ANGEVINE,Parent 1,SSR,SSR,,,VIVC passport (via Lacombe 2013),10.1007/s00122-012-1988-2,,confirmed,MADELEINE ANGEVINE X SYLVANER,10.1007/s00122-012-1988-2,Lacombe 2013,10.1007/s00122-012-1988-2,
BRUXELLOISE BLANCHE,SYLVANER,Parent 2,SSR,SSR,,,VIVC passport (via Lacombe 2013),10.1007/s00122-012-1988-2,,confirmed,MADELEINE ANGEVINE X SYLVANER,10.1007/s00122-012-1988-2,Lacombe 2013,10.1007/s00122-012-1988-2,
CAMARAOU FEMELLE,CAMARALET FEMELLE,Parent 1,SSR,SSR,,,VIVC passport (via Lacombe 2013),10.1007/s00122-012-1988-2,,confirmed,CAMARALET FEMELLE X COURBU,10.1007/s00122-012-1988-2,Lacombe 2013,10.1007/s00122-012-1988-2,
CAMARAOU FEMELLE,COURBU,Parent 2,SSR,SSR,,,VIVC passport (via Lacombe 2013),10.1007/s00122-012-1988-2,,confirmed,CAMARALET FEMELLE X COURBU,10.1007/s00122-012-1988-2,Lacombe 2013,10.1007/s00122-012-1988-2,
CHASSELAS QUEEN VICTORIA,CHASSELAS,Parent 1,SSR,SSR,,,VIVC passport (via Lacombe 2013),10.1007/s00122-012-1988-2,,confirmed,CHASSELAS X FRANKENTHAL,10.1007/s00122-012-1988-2,Lacombe 2013,10.1007/s00122-012-1988-2,
CHASSELAS QUEEN VICTORIA,FRANKENTHAL,Parent 2,SSR,SSR,,,VIVC passport (via Lacombe 2013),10.1007/s00122-012-1988-2,,confirmed,CHASSELAS X FRANKENTHAL,10.1007/s00122-012-1988-2,Lacombe 2013,10.1007/s00122-012-1988-2,
CRIOLLA 5,PAIS,Parent 1,SSR,SSR,,,VIVC passport (via Lacombe 2013),10.1007/s00122-012-1988-2,,confirmed,PAIS X MUSCAT D'ALEXANDRIE,10.1007/s00122-012-1988-2,Lacombe 2013,10.1007/s00122-012-1988-2,
CRIOLLA 5,MUSCAT D'ALEXANDRIE,Parent 2,SSR,SSR,,,VIVC passport (via Lacombe 2013),10.1007/s00122-012-1988-2,,confirmed,PAIS X MUSCAT D'ALEXANDRIE,10.1007/s00122-012-1988-2,Lacombe 2013,10.1007/s00122-012-1988-2,
CRVENA SLAUBANIC,KAUKA BLAU,Parent 1,SSR,SSR,,,VIVC passport (via Lacombe 2013),10.1007/s00122-012-1988-2,,confirmed,KAUKA BLAU X MUSCAT A PETITS GRAINS,10.1007/s00122-012-1988-2,Lacombe 2013,10.1007/s00122-012-1988-2,
CRVENA SLAUBANIC,MUSCAT A PETITS GRAINS,Parent 2,SSR,SSR,,,VIVC passport (via Lacombe 2013),10.1007/s00122-012-1988-2,,confirmed,KAUKA BLAU X MUSCAT A PETITS GRAINS,10.1007/s00122-012-1988-2,Lacombe 2013,10.1007/s00122-012-1988-2,
FECONDATION LIBRE LAGLEYSE,UGNI BLANC = TREBBIANO TOSCANO,Parent 1,SSR,SSR,,,VIVC passport (via Lacombe 2013),10.1007/s00122-012-1988-2,,confirmed,UGNI BLANC = TREBBIANO TOSCANO X UGNI BLANC = TREBBIANO TOSCANO,10.1007/s00122-012-1988-2,Lacombe 2013,10.1007/s00122-012-1988-2,
FECONDATION LIBRE LAGLEYSE,UGNI BLANC = TREBBIANO TOSCANO,Parent 2,SSR,SSR,,,VIVC passport (via Lacombe 2013),10.1007/s00122-012-1988-2,,confirmed,UGNI BLANC = TREBBIANO TOSCANO X UGNI BLANC = TREBBIANO TOSCANO,10.1007/s00122-012-1988-2,Lacombe 2013,10.1007/s00122-012-1988-2,
FERRADOU,MERLOT,Parent 1,SSR,SSR,,,VIVC passport (via Lacombe 2013),10.1007/s00122-012-1988-2,,confirmed,MERLOT X FER,10.1007/s00122-012-1988-2,Lacombe 2013,10.1007/s00122-012-1988-2,
FERRADOU,FER,Parent 2,SSR,SSR,,,VIVC passport (via Lacombe 2013),10.1007/s00122-012-1988-2,,confirmed,MERLOT X FER,10.1007/s00122-012-1988-2,Lacombe 2013,10.1007/s00122-012-1988-2,
FROELICH X 4 2,MADELEINE ANGEVINE,Parent 1,SSR,SSR,,,VIVC passport (via Lacombe 2013),10.1007/s00122-012-1988-2,,confirmed,MADELEINE ANGEVINE X SAINT-LAURENT,10.1007/s00122-012-1988-2,Lacombe 2013,10.1007/s00122-012-1988-2,
FROELICH X 4 2,SAINT-LAURENT,Parent 2,SSR,SSR,,,VIVC passport (via Lacombe 2013),10.1007/s00122-012-1988-2,,confirmed,MADELEINE ANGEVINE X SAINT-LAURENT,10.1007/s00122-012-1988-2,Lacombe 2013,10.1007/s00122-012-1988-2,
FRUMOASA DE GHIOROC X CARDINAL,TOMPA MIHALY,Parent 1,SSR,SSR,,,VIVC passport (via Lacombe 2013),10.1007/s00122-012-1988-2,,confirmed,TOMPA MIHALY X CARDINAL,10.1007/s00122-012-1988-2,Lacombe 2013,10.1007/s00122-012-1988-2,
FRUMOASA DE GHIOROC X CARDINAL,CARDINAL,Parent 2,SSR,SSR,,,VIVC passport (via Lacombe 2013),10.1007/s00122-012-1988-2,,confirmed,TOMPA MIHALY X CARDINAL,10.1007/s00122-012-1988-2,Lacombe 2013,10.1007/s00122-012-1988-2,
GROS COURBU DE SEMIS,AOUILLAT,Parent 1,SSR,SSR,,,VIVC passport (via Lacombe 2013),10.1007/s00122-012-1988-2,,confirmed,AOUILLAT X COURBU,10.1007/s00122-012-1988-2,Lacombe 2013,10.1007/s00122-012-1988-2,
GROS COURBU DE SEMIS,COURBU,Parent 2,SSR,SSR,,,VIVC passport (via Lacombe 2013),10.1007/s00122-012-1988-2,,confirmed,AOUILLAT X COURBU,10.1007/s00122-012-1988-2,Lacombe 2013,10.1007/s00122-012-1988-2,
GROS MANSOIS,CAHOURS,Parent 1,SSR,SSR,,,VIVC passport (via Lacombe 2013),10.1007/s00122-012-1988-2,,confirmed,CAHOURS X FER,10.1007/s00122-012-1988-2,Lacombe 2013,10.1007/s00122-012-1988-2,
GROS MANSOIS,FER,Parent 2,SSR,SSR,,,VIVC passport (via Lacombe 2013),10.1007/s00122-012-1988-2,,confirmed,CAHOURS X FER,10.1007/s00122-012-1988-2,Lacombe 2013,10.1007/s00122-012-1988-2,
GYOENGY SZOELOE,MATHIASZ JANOSNE,Parent 1,SSR,SSR,,,VIVC passport (via Lacombe 2013),10.1007/s00122-012-1988-2,,confirmed,MATHIASZ JANOSNE X AIN EL BOUMA,10.1007/s00122-012-1988-2,Lacombe 2013,10.1007/s00122-012-1988-2,
GYOENGY SZOELOE,AIN EL BOUMA,Parent 2,SSR,SSR,,,VIVC passport (via Lacombe 2013),10.1007/s00122-012-1988-2,,confirmed,MATHIASZ JANOSNE X AIN EL BOUMA,10.1007/s00122-012-1988-2,Lacombe 2013,10.1007/s00122-012-1988-2,
HEGOA,SAVAGNIN = TRAMINER,Parent 1,SSR,SSR,,,VIVC passport (via Lacombe 2013),10.1007/s00122-012-1988-2,,confirmed,SAVAGNIN = TRAMINER X PETIT COURBU,10.1007/s00122-012-1988-2,Lacombe 2013,10.1007/s00122-012-1988-2,
HEGOA,PETIT COURBU,Parent 2,SSR,SSR,,,VIVC passport (via Lacombe 2013),10.1007/s00122-012-1988-2,,confirmed,SAVAGNIN = TRAMINER X PETIT COURBU,10.1007/s00122-012-1988-2,Lacombe 2013,10.1007/s00122-012-1988-2,
MAINGONNAT BELDI X UGNI BLANC,MAYORQUIN = FARANA,Parent 1,SSR,SSR,,,VIVC passport (via Lacombe 2013),10.1007/s00122-012-1988-2,,confirmed,MAYORQUIN = FARANA X UGNI BLANC = TREBBIANO TOSCANO,10.1007/s00122-012-1988-2,Lacombe 2013,10.1007/s00122-012-1988-2,
MAINGONNAT BELDI X UGNI BLANC,UGNI BLANC = TREBBIANO TOSCANO,Parent 2,SSR,SSR,,,VIVC passport (via Lacombe 2013),10.1007/s00122-012-1988-2,,confirmed,MAYORQUIN = FARANA X UGNI BLANC = TREBBIANO TOSCANO,10.1007/s00122-012-1988-2,Lacombe 2013,10.1007/s00122-012-1988-2,
MALVOISIE DE MADERA,BLACK MOROCCO,Parent 1,SSR,SSR,,,VIVC passport (via Lacombe 2013),10.1007/s00122-012-1988-2,,confirmed,BLACK MOROCCO X YAPINCAK,10.1007/s00122-012-1988-2,Lacombe 2013,10.1007/s00122-012-1988-2,
MALVOISIE DE MADERA,YAPINCAK,Parent 2,SSR,SSR,,,VIVC passport (via Lacombe 2013),10.1007/s00122-012-1988-2,,confirmed,BLACK MOROCCO X YAPINCAK,10.1007/s00122-012-1988-2,Lacombe 2013,10.1007/s00122-012-1988-2,
MOURTAOU,PLANT DE PEDEBERNADE 4,Parent 1,SSR,SSR,,,VIVC passport (via Lacombe 2013),10.1007/s00122-012-1988-2,,confirmed,PLANT DE PEDEBERNADE  4 X MOURAL,10.1007/s00122-012-1988-2,Lacombe 2013,10.1007/s00122-012-1988-2,
MOURTAOU,MOURAL,Parent 2,SSR,SSR,,,VIVC passport (via Lacombe 2013),10.1007/s00122-012-1988-2,,confirmed,PLANT DE PEDEBERNADE  4 X MOURAL,10.1007/s00122-012-1988-2,Lacombe 2013,10.1007/s00122-012-1988-2,
MUSCAT DORE DE SEMIS,RIESLING,Parent 1,SSR,SSR,,,VIVC passport (via Lacombe 2013),10.1007/s00122-012-1988-2,,confirmed,RIESLING X MUSCAT SAINT-LAURENT,10.1007/s00122-012-1988-2,Lacombe 2013,10.1007/s00122-012-1988-2,
MUSCAT DORE DE SEMIS,MUSCAT SAINT-LAURENT,Parent 2,SSR,SSR,,,VIVC passport (via Lacombe 2013),10.1007/s00122-012-1988-2,,confirmed,RIESLING X MUSCAT SAINT-LAURENT,10.1007/s00122-012-1988-2,Lacombe 2013,10.1007/s00122-012-1988-2,
PICOLIN,UGNI BLANC,Parent 1,SSR,SSR,,,VIVC passport (via Lacombe 2013),10.1007/s00122-012-1988-2,,confirmed,UGNI BLANC X UGNI BLANC,10.1007/s00122-012-1988-2,Lacombe 2013,10.1007/s00122-012-1988-2,
PICOLIN,UGNI BLANC,Parent 2,SSR,SSR,,,VIVC passport (via Lacombe 2013),10.1007/s00122-012-1988-2,,confirmed,UGNI BLANC X UGNI BLANC,10.1007/s00122-012-1988-2,Lacombe 2013,10.1007/s00122-012-1988-2,
PLANT DE BANDOL,MOURVEDRE = MONASTRELL,Parent 1,SSR,SSR,,,VIVC passport (via Lacombe 2013),10.1007/s00122-012-1988-2,,confirmed,MOURVEDRE = MONASTRELL X PLANT DROIT,10.1007/s00122-012-1988-2,Lacombe 2013,10.1007/s00122-012-1988-2,
PLANT DE BANDOL,PLANT DROIT,Parent 2,SSR,SSR,,,VIVC passport (via Lacombe 2013),10.1007/s00122-012-1988-2,,confirmed,MOURVEDRE = MONASTRELL X PLANT DROIT,10.1007/s00122-012-1988-2,Lacombe 2013,10.1007/s00122-012-1988-2,
PLANT DE BANYULS,HEBIEN,Parent 1,SSR,SSR,,,VIVC passport (via Lacombe 2013),10.1007/s00122-012-1988-2,,confirmed,HEBEN X CLAIRETTE,10.1007/s00122-012-1988-2,Lacombe 2013,10.1007/s00122-012-1988-2,
PLANT DE BANYULS,CLAIRETTE,Parent 2,SSR,SSR,,,VIVC passport (via Lacombe 2013),10.1007/s00122-012-1988-2,,confirmed,HEBEN X CLAIRETTE,10.1007/s00122-012-1988-2,Lacombe 2013,10.1007/s00122-012-1988-2,
PLANT DE CERVERA 06 B 1,HEBIEN,Parent 1,SSR,SSR,,,VIVC passport (via Lacombe 2013),10.1007/s00122-012-1988-2,,confirmed,HEBEN X BRUSTIANO FAUX,10.1007/s00122-012-1988-2,Lacombe 2013,10.1007/s00122-012-1988-2,
PLANT DE CERVERA 06 B 1,BRUSTIANO FAUX,Parent 2,SSR,SSR,,,VIVC passport (via Lacombe 2013),10.1007/s00122-012-1988-2,,confirmed,HEBEN X BRUSTIANO FAUX,10.1007/s00122-012-1988-2,Lacombe 2013,10.1007/s00122-012-1988-2,
PLANT DE CHUSCLAN,PLANT D'ALERIA 11,Parent 1,SSR,SSR,,,VIVC passport (via Lacombe 2013),10.1007/s00122-012-1988-2,,confirmed,PLANT D'ALERIA 11 X AUBUN,10.1007/s00122-012-1988-2,Lacombe 2013,10.1007/s00122-012-1988-2,
PLANT DE CHUSCLAN,AUBUN,Parent 2,SSR,SSR,,,VIVC passport (via Lacombe 2013),10.1007/s00122-012-1988-2,,confirmed,PLANT D'ALERIA 11 X AUBUN,10.1007/s00122-012-1988-2,Lacombe 2013,10.1007/s00122-012-1988-2,
PLANT DE DEKKER,RIESLING,Parent 1,SSR,SSR,,,VIVC passport (via Lacombe 2013),10.1007/s00122-012-1988-2,,confirmed,RIESLING X PRECOCE DE MALINGRE,10.1007/s00122-012-1988-2,Lacombe 2013,10.1007/s00122-012-1988-2,
PLANT DE DEKKER,PRECOCE DE MALINGRE,Parent 2,SSR,SSR,,,VIVC passport (via Lacombe 2013),10.1007/s00122-012-1988-2,,confirmed,RIESLING X PRECOCE DE MALINGRE,10.1007/s00122-012-1988-2,Lacombe 2013,10.1007/s00122-012-1988-2,
PLANT DE MAVAULT,GOUAIS BLANC,Parent 1,SSR,SSR,,,VIVC passport (pedigree confirmed by markers),,,confirmed,HEUNISCH WEISS X TROUSSEAU = BASTARDO,,none,,
PLANT DE MAVAULT,TROUSSEAU = BASTARDO,Parent 2,SSR,SSR,,,VIVC passport (pedigree confirmed by markers),,,confirmed,HEUNISCH WEISS X TROUSSEAU = BASTARDO,,none,,
PLANT DE QUEROL 98 N 2,PLANT DE VIC 98-4,Parent 1,SSR,SSR,,,VIVC passport (pedigree confirmed by markers),,,confirmed,PLANT DE VIC 98-4 X PLANT DE VIC 98-N-1,,none,,
PLANT DE QUEROL 98 N 2,PLANT DE VIC 98-N-1,Parent 2,SSR,SSR,,,VIVC passport (pedigree confirmed by markers),,,confirmed,PLANT DE VIC 98-4 X PLANT DE VIC 98-N-1,,none,,
PLANT DE SECHEX,GOUAIS BLANC,Parent 1,SSR,SSR,,,VIVC passport (pedigree confirmed by markers),,,confirmed,HEUNISCH WEISS X CHASSELAS,,none,,
PLANT DE SECHEX,CHASSELAS,Parent 2,SSR,SSR,,,VIVC passport (pedigree confirmed by markers),,,confirmed,HEUNISCH WEISS X CHASSELAS,,none,,
PLANT DE TUNISIE 22,CARIGNAN NOIR,Parent 1,SSR,SSR,,,VIVC passport (via Lacombe 2013),10.1007/s00122-012-1988-2,,confirmed,CARIGNAN X MUSCAT A PETITS GRAINS,10.1007/s00122-012-1988-2,Lacombe 2013,10.1007/s00122-012-1988-2,
PLANT DE TUNISIE 22,MUSCAT A PETITS GRAINS,Parent 2,SSR,SSR,,,VIVC passport (via Lacombe 2013),10.1007/s00122-012-1988-2,,confirmed,CARIGNAN X MUSCAT A PETITS GRAINS,10.1007/s00122-012-1988-2,Lacombe 2013,10.1007/s00122-012-1988-2,
PLANT DE VINCELLES,GOUAIS BLANC,Parent 1,SSR,SSR,,,VIVC passport (via Lacombe 2013),10.1007/s00122-012-1988-2,,confirmed,HEUNISCH WEISS X CHASSELAS,10.1007/s00122-012-1988-2,Lacombe 2013,10.1007/s00122-012-1988-2,
PLANT DE VINCELLES,CHASSELAS,Parent 2,SSR,SSR,,,VIVC passport (via Lacombe 2013),10.1007/s00122-012-1988-2,,confirmed,HEUNISCH WEISS X CHASSELAS,10.1007/s00122-012-1988-2,Lacombe 2013,10.1007/s00122-012-1988-2,
PLANT D'IMPERS,GRENACHE NOIR,Parent 1,SSR,SSR,,,VIVC passport (via Lacombe 2013),10.1007/s00122-012-1988-2,,confirmed,GRENACHE X PETIT BOUSCHET,10.1007/s00122-012-1988-2,Lacombe 2013,10.1007/s00122-012-1988-2,
PLANT D'IMPERS,PETIT BOUSCHET,Parent 2,SSR,SSR,,,VIVC passport (via Lacombe 2013),10.1007/s00122-012-1988-2,,confirmed,GRENACHE X PETIT BOUSCHET,10.1007/s00122-012-1988-2,Lacombe 2013,10.1007/s00122-012-1988-2,
TROLLINGER VON SUPPEE,MADELEINE ANGEVINE,Parent 1,SSR,SSR,,,VIVC passport (via Lacombe 2013),10.1007/s00122-012-1988-2,,confirmed,MADELEINE ANGEVINE X BEQUIGNOL,10.1007/s00122-012-1988-2,Lacombe 2013,10.1007/s00122-012-1988-2,
TROLLINGER VON SUPPEE,BEQUIGNOL,Parent 2,SSR,SSR,,,VIVC passport (via Lacombe 2013),10.1007/s00122-012-1988-2,,confirmed,MADELEINE ANGEVINE X BEQUIGNOL,10.1007/s00122-012-1988-2,Lacombe 2013,10.1007/s00122-012-1988-2,
PLANT TEINTURIER DU PLANTOU,PETIT BOUSCHET,Parent 1,SSR,SSR,,,VIVC passport (via Lacombe 2013),10.1007/s00122-012-1988-2,,confirmed,PETIT BOUSCHET X GRACIANO,10.1007/s00122-012-1988-2,Lacombe 2013,10.1007/s00122-012-1988-2,
PLANT TEINTURIER DU PLANTOU,MORRASTEL,Parent 2,SSR,SSR,,,VIVC passport (via Lacombe 2013),10.1007/s00122-012-1988-2,,confirmed,PETIT BOUSCHET X GRACIANO,10.1007/s00122-012-1988-2,Lacombe 2013,10.1007/s00122-012-1988-2,
RAISIN DE GENES,OLIVETTE BLANCHE,Parent 1,SSR,SSR,,,VIVC passport (via Lacombe 2013),10.1007/s00122-012-1988-2,,confirmed,OLIVETTE BLANCHE X TERRET,10.1007/s00122-012-1988-2,Lacombe 2013,10.1007/s00122-012-1988-2,
RAISIN DE GENES,TERRET,Parent 2,SSR,SSR,,,VIVC passport (via Lacombe 2013),10.1007/s00122-012-1988-2,,confirmed,OLIVETTE BLANCHE X TERRET,10.1007/s00122-012-1988-2,Lacombe 2013,10.1007/s00122-012-1988-2,
RAJOULAN,CHAOUCH BLANC,Parent 1,SSR,SSR,,,VIVC passport (via Lacombe 2013),10.1007/s00122-012-1988-2,,confirmed,CHAOUCH BLANC X MANTEUDO,10.1007/s00122-012-1988-2,Lacombe 2013,10.1007/s00122-012-1988-2,
RAJOULAN,MANTEUDO,Parent 2,SSR,SSR,,,VIVC passport (via Lacombe 2013),10.1007/s00122-012-1988-2,,confirmed,CHAOUCH BLANC X MANTEUDO,10.1007/s00122-012-1988-2,Lacombe 2013,10.1007/s00122-012-1988-2,
REICHRIESLING,GAMAY,Parent 1,SSR,SSR,,,VIVC passport (via Lacombe 2013),10.1007/s00122-012-1988-2,,confirmed,GAMAY X MADELEINE ROYALE,10.1007/s00122-012-1988-2,Lacombe 2013,10.1007/s00122-012-1988-2,
REICHRIESLING,MADELEINE ROYALE,Parent 2,SSR,SSR,,,VIVC passport (via Lacombe 2013),10.1007/s00122-012-1988-2,,confirmed,GAMAY X MADELEINE ROYALE,10.1007/s00122-012-1988-2,Lacombe 2013,10.1007/s00122-012-1988-2,
ROUSSAOU,CHANRONGE,Parent 1,SSR,SSR,,,VIVC passport (via Lacombe 2013),10.1007/s00122-012-1988-2,,confirmed,CHANRONGE X HEUNISCH WEISS,10.1007/s00122-012-1988-2,Lacombe 2013,10.1007/s00122-012-1988-2,
ROUSSAOU,GOUAIS BLANC,Parent 2,SSR,SSR,,,VIVC passport (via Lacombe 2013),10.1007/s00122-012-1988-2,,confirmed,CHANRONGE X HEUNISCH WEISS,10.1007/s00122-012-1988-2,Lacombe 2013,10.1007/s00122-012-1988-2,
SABRA FEMELLE,HEBIEN,Parent 1,SSR,SSR,,,VIVC passport (via Lacombe 2013),10.1007/s00122-012-1988-2,,confirmed,HEBEN X PARDINA,10.1007/s00122-012-1988-2,Lacombe 2013,10.1007/s00122-012-1988-2,
SABRA FEMELLE,PARDINA,Parent 2,SSR,SSR,,,VIVC passport (via Lacombe 2013),10.1007/s00122-012-1988-2,,confirmed,HEBEN X PARDINA,10.1007/s00122-012-1988-2,Lacombe 2013,10.1007/s00122-012-1988-2,
GRANDE SAINTE MARIE,GOUAIS BLANC = HEUNISCH WEISS,Parent 1,SSR,SSR,,,VIVC passport (pedigree confirmed by markers),,,confirmed,GOUAIS BLANC = HEUNISCH WEISS X CHASSELAS,,none,,
GRANDE SAINTE MARIE,CHASSELAS,Parent 2,SSR,SSR,,,VIVC passport (pedigree confirmed by markers),,,confirmed,GOUAIS BLANC = HEUNISCH WEISS X CHASSELAS,,none,,
MUSKATDUFT,RIESLING,Parent 1,SSR,SSR,,,VIVC passport (via Lacombe 2013),10.1007/s00122-012-1988-2,,confirmed,RIESLING X MUSCAT SAINT-LAURENT,10.1007/s00122-012-1988-2,Lacombe 2013,10.1007/s00122-012-1988-2,
MUSKATDUFT,MUSCAT SAINT-LAURENT,Parent 2,SSR,SSR,,,VIVC passport (via Lacombe 2013),10.1007/s00122-012-1988-2,,confirmed,RIESLING X MUSCAT SAINT-LAURENT,10.1007/s00122-012-1988-2,Lacombe 2013,10.1007/s00122-012-1988-2,
TARRANT ROT,PERIDAC,Parent 1,SSR,SSR,,,VIVC passport (via Lacombe 2013),10.1007/s00122-012-1988-2,,confirmed,PERIDAC X VELTELINER ROUGE,10.1007/s00122-012-1988-2,Lacombe 2013,10.1007/s00122-012-1988-2,
TARRANT ROT,VELTELINER ROUGE,Parent 2,SSR,SSR,,,VIVC passport (via Lacombe 2013),10.1007/s00122-012-1988-2,,confirmed,PERIDAC X VELTELINER ROUGE,10.1007/s00122-012-1988-2,Lacombe 2013,10.1007/s00122-012-1988-2,
VARIETE D'OASIS TOZEUR 7,RASSEGUI,Parent 1,SSR,SSR,,,VIVC passport (via Lacombe 2013),10.1007/s00122-012-1988-2,,confirmed,RASSEGUI X VARIETE D'OASIS TOZEUR 1,10.1007/s00122-012-1988-2,Lacombe 2013,10.1007/s00122-012-1988-2,
VARIETE D'OASIS TOZEUR 7,VARIETE D'OASIS TOZEUR 1,Parent 2,SSR,SSR,,,VIVC passport (via Lacombe 2013),10.1007/s00122-012-1988-2,,confirmed,RASSEGUI X VARIETE D'OASIS TOZEUR 1,10.1007/s00122-012-1988-2,Lacombe 2013,10.1007/s00122-012-1988-2,
VARIETE D'OASIS TOZEUR 9,RASSEGUI,Parent 1,SSR,SSR,,,VIVC passport (via Lacombe 2013),10.1007/s00122-012-1988-2,,confirmed,RASSEGUI X VARIETE D'OASIS DEGACHE 28,10.1007/s00122-012-1988-2,Lacombe 2013,10.1007/s00122-012-1988-2,
VARIETE D'OASIS TOZEUR 9,VARIETE D'OASIS DEGACHE 28,Parent 2,SSR,SSR,,,VIVC passport (via Lacombe 2013),10.1007/s00122-012-1988-2,,confirmed,RASSEGUI X VARIETE D'OASIS DEGACHE 28,10.1007/s00122-012-1988-2,Lacombe 2013,10.1007/s00122-012-1988-2,
WHITE WORTLEY HALL,SULTANINE,Parent 1,SSR,SSR,,,VIVC passport (pedigree confirmed by markers),,,confirmed,SULTANINE X HEPTAKILO,,none,,
WHITE WORTLEY HALL,HEPTAKILO,Parent 2,SSR,SSR,,,VIVC passport (pedigree confirmed by markers),,,confirmed,SULTANINE X HEPTAKILO,,none,,
PLANT DE BUFFARD,PRECOCE DE MALINGRE,Parent 1,SSR,SSR,,,VIVC passport (via Lacombe 2013),10.1007/s00122-012-1988-2,,confirmed,PRECOCE DE MALINGRE X PRECOCE DE MALINGRE,10.1007/s00122-012-1988-2,Lacombe 2013,10.1007/s00122-012-1988-2,
PLANT DE BUFFARD,PRECOCE DE MALINGRE,Parent 2,SSR,SSR,,,VIVC passport (via Lacombe 2013),10.1007/s00122-012-1988-2,,confirmed,PRECOCE DE MALINGRE X PRECOCE DE MALINGRE,10.1007/s00122-012-1988-2,Lacombe 2013,10.1007/s00122-012-1988-2,
ROYAL VINEYARD,MUSCAT OF ALEXANDRIE,Parent 1,SSR,SSR,,,VIVC passport (via Lacombe 2013),10.1007/s00122-012-1988-2,,confirmed,MUSCAT OF ALEXANDRIE X VERJUS,10.1007/s00122-012-1988-2,Lacombe 2013,10.1007/s00122-012-1988-2,
ROYAL VINEYARD,VERJUS,Parent 2,SSR,SSR,,,VIVC passport (via Lacombe 2013),10.1007/s00122-012-1988-2,,confirmed,MUSCAT OF ALEXANDRIE X VERJUS,10.1007/s00122-012-1988-2,Lacombe 2013,10.1007/s00122-012-1988-2,
TINTINHA (COLLECTION ESPORAO),CASTELAO,Parent 1,SSR,SSR,,,VIVC passport (via Cunha 2020; Lacombe 2013),10.1007/s00122-012-1988-2,,confirmed,CASTELAO X ALICANTE HENRI BOUSCHET,10.1007/s00122-012-1988-2; 10.3389/fpls.2020.00127,Cunha 2020; Lacombe 2013,10.1007/s00122-012-1988-2,
TINTINHA (COLLECTION ESPORAO),ALICANTE HENRI BOUSCHET,Parent 2,SSR,SSR,,,VIVC passport (via Cunha 2020; Lacombe 2013),10.1007/s00122-012-1988-2,,confirmed,CASTELAO X ALICANTE HENRI BOUSCHET,10.1007/s00122-012-1988-2; 10.3389/fpls.2020.00127,Cunha 2020; Lacombe 2013,10.1007/s00122-012-1988-2,
NOUVEAU GIBRALTAR,GREC ROUGE,Parent 1,SSR,SSR,,,VIVC passport (via Lacombe 2013),10.1007/s00122-012-1988-2,,confirmed,GREC ROUGE X FRANKENTHAL,10.1007/s00122-012-1988-2,Lacombe 2013,10.1007/s00122-012-1988-2,
NOUVEAU GIBRALTAR,FRANKENTHAL,Parent 2,SSR,SSR,,,VIVC passport (via Lacombe 2013),10.1007/s00122-012-1988-2,,confirmed,GREC ROUGE X FRANKENTHAL,10.1007/s00122-012-1988-2,Lacombe 2013,10.1007/s00122-012-1988-2,
BLACK PRINCE (MERBEIN),BLACK MOROCCO,Parent 1,SSR,SSR,,,VIVC passport (via Lacombe 2013),10.1007/s00122-012-1988-2,,confirmed,BLACK MOROCCO X MUSCAT OF ALEXANDRIA,10.1007/s00122-012-1988-2,Lacombe 2013,10.1007/s00122-012-1988-2,
BLACK PRINCE (MERBEIN),MUSCAT OF ALEXANDRIA,Parent 2,SSR,SSR,,,VIVC passport (via Lacombe 2013),10.1007/s00122-012-1988-2,,confirmed,BLACK MOROCCO X MUSCAT OF ALEXANDRIA,10.1007/s00122-012-1988-2,Lacombe 2013,10.1007/s00122-012-1988-2,
BALSAMINA,MUSCAT SAINT LAURENT,Parent 1,SSR,SSR,,,VIVC passport (via Lacombe 2013),10.1007/s00122-012-1988-2,,confirmed,MUSCAT SAINT LAURENT X MADELEINE ROYALE,10.1007/s00122-012-1988-2,Lacombe 2013,10.1007/s00122-012-1988-2,
BALSAMINA,MADELEINE ROYALE,Parent 2,SSR,SSR,,,VIVC passport (via Lacombe 2013),10.1007/s00122-012-1988-2,,confirmed,MUSCAT SAINT LAURENT X MADELEINE ROYALE,10.1007/s00122-012-1988-2,Lacombe 2013,10.1007/s00122-012-1988-2,
VITOVSKA,PROSECCO,Parent 1,SSR,SSR,,,VIVC passport (pedigree confirmed by markers),,,confirmed,PROSECCO X MALVASIA BIANCA LUNGA,,none,,
VITOVSKA,MALVASIA BIANCA LUNGA,Parent 2,SSR,SSR,,,VIVC passport (pedigree confirmed by markers),,,confirmed,PROSECCO X MALVASIA BIANCA LUNGA,,none,,
GRAN RAP NERI,AGHEDENE,Parent 1,SSR,SSR,,,VIVC passport (pedigree confirmed by markers),10.1038/s41598-020-64061-w,,confirmed,AGHEDENE X CORBINA,10.1038/s41598-020-64061-w,none,10.1038/s41598-020-64061-w,10.1038/s41598-020-64061-w
GRAN RAP NERI,CORBINA,Parent 2,SSR,SSR,,,VIVC passport (pedigree confirmed by markers),10.1038/s41598-020-64061-w,,confirmed,AGHEDENE X CORBINA,10.1038/s41598-020-64061-w,none,10.1038/s41598-020-64061-w,10.1038/s41598-020-64061-w
PELENA,GLERA,Parent 1,SSR,SSR,,,VIVC passport (pedigree confirmed by markers),10.1038/s41598-020-64061-w,,confirmed,GLERA X MALVASIA BIANCA LUNGA,10.1038/s41598-020-64061-w,none,10.1038/s41598-020-64061-w,10.1038/s41598-020-64061-w
PELENA,MALVASIA BIANCA LUNGA,Parent 2,SSR,SSR,,,VIVC passport (pedigree confirmed by markers),10.1038/s41598-020-64061-w,,confirmed,GLERA X MALVASIA BIANCA LUNGA,10.1038/s41598-020-64061-w,none,10.1038/s41598-020-64061-w,10.1038/s41598-020-64061-w
POLPOSA,REFOSCO NOSTRANO,Parent 1,SSR,SSR,,,VIVC passport (pedigree confirmed by markers),10.1038/s41598-020-64061-w,,confirmed,REFOSCO NOSTRANO X VERDUZZO FRIULANO,10.1038/s41598-020-64061-w,none,10.1038/s41598-020-64061-w,10.1038/s41598-020-64061-w
POLPOSA,VERDUZZO FRIULANO,Parent 2,SSR,SSR,,,VIVC passport (pedigree confirmed by markers),10.1038/s41598-020-64061-w,,confirmed,REFOSCO NOSTRANO X VERDUZZO FRIULANO,10.1038/s41598-020-64061-w,none,10.1038/s41598-020-64061-w,10.1038/s41598-020-64061-w
VENERE,PICOLIT,Parent 1,SSR,SSR,,,VIVC passport (pedigree confirmed by markers),10.1038/s41598-020-64061-w,,confirmed,PICOLIT X VERDUZZO FRIULANO,10.1038/s41598-020-64061-w,none,10.1038/s41598-020-64061-w,10.1038/s41598-020-64061-w
VENERE,VERDUZZO FRIULANO,Parent 2,SSR,SSR,,,VIVC passport (pedigree confirmed by markers),10.1038/s41598-020-64061-w,,confirmed,PICOLIT X VERDUZZO FRIULANO,10.1038/s41598-020-64061-w,none,10.1038/s41598-020-64061-w,10.1038/s41598-020-64061-w
DORONADU,CANNONAU,Parent 1,SSR,SSR,,,VIVC passport (pedigree confirmed by markers),,,confirmed,CANNONAU X GRANATZA,,none,,
DORONADU,GRANATZA,Parent 2,SSR,SSR,,,VIVC passport (pedigree confirmed by markers),,,confirmed,CANNONAU X GRANATZA,,none,,
SINNIDANU,GALOPPU,Parent 1,SSR,SSR,,,VIVC passport (pedigree confirmed by markers),,,confirmed,GALOPPU X CANNONAU,,none,,
SINNIDANU,CANNONAU,Parent 2,SSR,SSR,,,VIVC passport (pedigree confirmed by markers),,,confirmed,GALOPPU X CANNONAU,,none,,
LAGLER WEISS,HARTBLAU,Parent 1,SSR,SSR,,,VIVC passport (pedigree confirmed by markers),,,confirmed,HARTBLAU X HEUNISCH WEISS,,none,,
LAGLER WEISS,GOUAIS BLANC,Parent 2,SSR,SSR,,,VIVC passport (pedigree confirmed by markers),,,confirmed,HARTBLAU X HEUNISCH WEISS,,none,,
PLAVEC ZUTI,BELINA STARORVATSKA,Parent 1,SSR,SSR,,,VIVC passport (pedigree confirmed by markers),10.3390/genes11070737,,confirmed,BELINA STARORVATSKA X BLJUZGAVAC,10.3390/genes11070737,none,10.3390/genes11070737,10.3390/genes11070737
PLAVEC ZUTI,BLJUZGAVAC,Parent 2,SSR,SSR,,,VIVC passport (pedigree confirmed by markers),10.3390/genes11070737,,confirmed,BELINA STARORVATSKA X BLJUZGAVAC,10.3390/genes11070737,none,10.3390/genes11070737,10.3390/genes11070737
CARRASQUENHO,PARRALETA,Parent 1,SSR,SSR,,,VIVC passport (via Cunha 2020),10.3389/fpls.2020.00127,,confirmed,PARRALETA X MALVASIA FINA,10.3389/fpls.2020.00127,Cunha 2020,10.3389/fpls.2020.00127,
CARRASQUENHO,MALVASIA FINA,Parent 2,SSR,SSR,,,VIVC passport (via Cunha 2020),10.3389/fpls.2020.00127,,confirmed,PARRALETA X MALVASIA FINA,10.3389/fpls.2020.00127,Cunha 2020,10.3389/fpls.2020.00127,
MORIBEL,MORAVIA DULCE,Parent 1,SSR,SSR,,,VIVC passport (pedigree confirmed by markers),10.1007/s10722-013-0064-3,,confirmed,MORAVIA DULCE X TEMPRANILLO,10.1007/s10722-013-0064-3,none,10.1007/s10722-013-0064-3,10.1007/s10722-013-0064-3
MORIBEL,TEMPRANILLO,Parent 2,SSR,SSR,,,VIVC passport (pedigree confirmed by markers),10.1007/s10722-013-0064-3,,confirmed,MORAVIA DULCE X TEMPRANILLO,10.1007/s10722-013-0064-3,none,10.1007/s10722-013-0064-3,10.1007/s10722-013-0064-3
HALUQUI,MORAVIA DULCE,Parent 1,SSR,SSR,,,VIVC passport (pedigree confirmed by markers),10.1007/s10722-013-0064-3,,confirmed,MORAVIA DULCE X PARDILLO,10.1007/s10722-013-0064-3,none,10.1007/s10722-013-0064-3,10.1007/s10722-013-0064-3
HALUQUI,PARDILLO,Parent 2,SSR,SSR,,,VIVC passport (pedigree confirmed by markers),10.1007/s10722-013-0064-3,,confirmed,MORAVIA DULCE X PARDILLO,10.1007/s10722-013-0064-3,none,10.1007/s10722-013-0064-3,10.1007/s10722-013-0064-3
SOMARELLO NERO,UVA SACRA,Parent 1,SSR,SSR,,,VIVC passport (via Lacombe & Emanuelli 2020; Lacombe 2013),10.1007/s00122-012-1988-2,,confirmed,UVA SACRA X GARGANEGA,10.1007/s00122-012-1988-2; 10.21273/JASHS.132.4.514; 10.3389/fpls.2020.605934,Lacombe & Emanuelli 2020; Lacombe 2013,10.1007/s00122-012-1988-2,10.21273/JASHS.132.4.514
SOMARELLO NERO,GARGANEGA,Parent 2,SSR,SSR,,,VIVC passport (via Lacombe & Emanuelli 2020; Lacombe 2013),10.1007/s00122-012-1988-2,,confirmed,UVA SACRA X GARGANEGA,10.1007/s00122-012-1988-2; 10.21273/JASHS.132.4.514; 10.3389/fpls.2020.605934,Lacombe & Emanuelli 2020; Lacombe 2013,10.1007/s00122-012-1988-2,10.21273/JASHS.132.4.514
LOUALI,OUL B'OUZGUEUR,Parent 1,SSR,SSR,,,VIVC passport (via Lacombe 2013),10.1007/s00122-012-1988-2,,confirmed,OUL B'OUZGUEUR X CHIKKI,10.1007/s00122-012-1988-2,Lacombe 2013,10.1007/s00122-012-1988-2,
LOUALI,CHIKKI,Parent 2,SSR,SSR,,,VIVC passport (via Lacombe 2013),10.1007/s00122-012-1988-2,,confirmed,OUL B'OUZGUEUR X CHIKKI,10.1007/s00122-012-1988-2,Lacombe 2013,10.1007/s00122-012-1988-2,
GROS BEC,GOUAIS BLANC,Parent 1,SSR,SSR,,,VIVC passport (via Lacombe 2013),10.1007/s00122-012-1988-2,,confirmed,HEUNISCH WEISS X PINOT,10.1007/s00122-012-1988-2,Lacombe 2013,10.1007/s00122-012-1988-2,
GROS BEC,PINOT,Parent 2,SSR,SSR,,,VIVC passport (via Lacombe 2013),10.1007/s00122-012-1988-2,,confirmed,HEUNISCH WEISS X PINOT,10.1007/s00122-012-1988-2,Lacombe 2013,10.1007/s00122-012-1988-2,
MATHILDE (COLLECTION TREVES),BOUQUETRAUBE,Parent 1,SSR,SSR,,,VIVC passport (via Lacombe 2013),10.1007/s00122-012-1988-2,,confirmed,BOUQUETRAUBE X MADELEINE ROYALE,10.1007/s00122-012-1988-2,Lacombe 2013,10.1007/s00122-012-1988-2,
MATHILDE (COLLECTION TREVES),MADELEINE ROYALE,Parent 2,SSR,SSR,,,VIVC passport (via Lacombe 2013),10.1007/s00122-012-1988-2,,confirmed,BOUQUETRAUBE X MADELEINE ROYALE,10.1007/s00122-012-1988-2,Lacombe 2013,10.1007/s00122-012-1988-2,
MUSKAT OBERLIN,BOUQUETTRAUBE,Parent 1,SSR,SSR,,,VIVC passport (via Lacombe 2013),10.1007/s00122-012-1988-2,,confirmed,BOUQUETTRAUBE X MUSCAT PRECOCE DE SAUMUR,10.1007/s00122-012-1988-2,Lacombe 2013,10.1007/s00122-012-1988-2,
MUSKAT OBERLIN,MUSCAT PRECOCE DE SAUMUR,Parent 2,SSR,SSR,,,VIVC passport (via Lacombe 2013),10.1007/s00122-012-1988-2,,confirmed,BOUQUETTRAUBE X MUSCAT PRECOCE DE SAUMUR,10.1007/s00122-012-1988-2,Lacombe 2013,10.1007/s00122-012-1988-2,
SULTANSHIRA,TAVKVERI,Parent 1,SSR,SSR,,,VIVC passport (pedigree confirmed by markers),,,confirmed,TAVKVERI X LKENY CHERNYI,,none,,
SULTANSHIRA,LKENY CHERNYI,Parent 2,SSR,SSR,,,VIVC passport (pedigree confirmed by markers),,,confirmed,TAVKVERI X LKENY CHERNYI,,none,,
MUSKATBOUQUET,RIESLING,Parent 1,SSR,SSR,,,VIVC passport (via Lacombe 2013),10.1007/s00122-012-1988-2,,confirmed,RIESLING  X MUSCAT SAINT LAURENT,10.1007/s00122-012-1988-2,Lacombe 2013,10.1007/s00122-012-1988-2,
MUSKATBOUQUET,MUSCAT SAINT LAURENT,Parent 2,SSR,SSR,,,VIVC passport (via Lacombe 2013),10.1007/s00122-012-1988-2,,confirmed,RIESLING  X MUSCAT SAINT LAURENT,10.1007/s00122-012-1988-2,Lacombe 2013,10.1007/s00122-012-1988-2,
URBAN SCHWARZ,SCHIAVA GROSSA,Parent 1,SSR,SSR,,,VIVC passport (pedigree confirmed by markers),,,confirmed,SCHIAVA GROSSA X SAINT LAURENT,,none,,
URBAN SCHWARZ,SAINT LAURENT,Parent 2,SSR,SSR,,,VIVC passport (pedigree confirmed by markers),,,confirmed,SCHIAVA GROSSA X SAINT LAURENT,,none,,
TRIUMPHTRAUBE,MADELEINE ANGEVINE,Parent 1,SSR,SSR,,,VIVC passport (via Lacombe 2013),10.1007/s00122-012-1988-2,,confirmed,MADELEINE ANGEVINE X PRECOCE DE MALINGRE,10.1007/s00122-012-1988-2,Lacombe 2013,10.1007/s00122-012-1988-2,
TRIUMPHTRAUBE,PRECOCE DE MALINGRE,Parent 2,SSR,SSR,,,VIVC passport (via Lacombe 2013),10.1007/s00122-012-1988-2,,confirmed,MADELEINE ANGEVINE X PRECOCE DE MALINGRE,10.1007/s00122-012-1988-2,Lacombe 2013,10.1007/s00122-012-1988-2,
RIESLING HEILIGENSTEIN,RIESLING,Parent 1,SSR,SSR,,,VIVC passport (via Lacombe 2013),10.1007/s00122-012-1988-2,,confirmed,RIESLING X FRANKENTHAL = SCHIAVA GROSSA,10.1007/s00122-012-1988-2,Lacombe 2013,10.1007/s00122-012-1988-2,
RIESLING HEILIGENSTEIN,FRANKENTHAL = SCHIAVA GROSSA,Parent 2,SSR,SSR,,,VIVC passport (via Lacombe 2013),10.1007/s00122-012-1988-2,,confirmed,RIESLING X FRANKENTHAL = SCHIAVA GROSSA,10.1007/s00122-012-1988-2,Lacombe 2013,10.1007/s00122-012-1988-2,
STEITZ 1,PINOT NOIR,Parent 1,SSR,SSR,,,VIVC passport (pedigree confirmed by markers),,,confirmed,PINOT NOIR X ZALA GYOENGUE,,none,,
STEITZ 1,ZALA GYOENGUE,Parent 2,SSR,SSR,,,VIVC passport (pedigree confirmed by markers),,,confirmed,PINOT NOIR X ZALA GYOENGUE,,none,,
STEITZ 2,PINOT NOIR,Parent 1,SSR,SSR,,,VIVC passport (pedigree confirmed by markers),,,confirmed,PINOT NOIR X ZALA GYOENGUE,,none,,
STEITZ 2,ZALA GYOENGUE,Parent 2,SSR,SSR,,,VIVC passport (pedigree confirmed by markers),,,confirmed,PINOT NOIR X ZALA GYOENGUE,,none,,
VELTLINER ROT X ELBLING,VELTLINER ROT,Parent 1,SSR,SSR,,,VIVC passport (pedigree confirmed by markers),,,confirmed,VELTLINER ROT X ELBLING,,none,,
VELTLINER ROT X ELBLING,ELBLING,Parent 2,SSR,SSR,,,VIVC passport (pedigree confirmed by markers),,,confirmed,VELTLINER ROT X ELBLING,,none,,
GARZUELA,GRENACHE NOIR,Parent 1,SSR,SSR,,,VIVC passport (pedigree confirmed by markers),10.1016/j.scienta.2015.04.029,,confirmed,GARNACHA TINTA X MAZUELO,10.1016/j.scienta.2015.04.029,none,10.1016/j.scienta.2015.04.029,10.1016/j.scienta.2015.04.029
GARZUELA,CARIGNAN NOIR,Parent 2,SSR,SSR,,,VIVC passport (pedigree confirmed by markers),10.1016/j.scienta.2015.04.029,,confirmed,GARNACHA TINTA X MAZUELO,10.1016/j.scienta.2015.04.029,none,10.1016/j.scienta.2015.04.029,10.1016/j.scienta.2015.04.029
KADARKA OREG,FURJMONY FEHER,Parent 1,SSR,SSR,,,VIVC passport (via Lacombe 2013),10.1007/s00122-012-1988-2,,confirmed,FURJMONY FEHER X KADARKA,10.1007/s00122-012-1988-2,Lacombe 2013,10.1007/s00122-012-1988-2,
KADARKA OREG,KADARKA,Parent 2,SSR,SSR,,,VIVC passport (via Lacombe 2013),10.1007/s00122-012-1988-2,,confirmed,FURJMONY FEHER X KADARKA,10.1007/s00122-012-1988-2,Lacombe 2013,10.1007/s00122-012-1988-2,
ZACRETSKA BELINA,ALBA IMPUTOTATO,Parent 1,SSR,SSR,,,VIVC passport (pedigree confirmed by markers),10.3390/genes11070737,,confirmed,ALBA IMPUTOTATO X BELINA STAROHRVATSKA,10.3390/genes11070737,none,10.3390/genes11070737,10.3390/genes11070737
ZACRETSKA BELINA,BELINA STAROHRVATSKA,Parent 2,SSR,SSR,,,VIVC passport (pedigree confirmed by markers),10.3390/genes11070737,,confirmed,ALBA IMPUTOTATO X BELINA STAROHRVATSKA,10.3390/genes11070737,none,10.3390/genes11070737,10.3390/genes11070737
SVJETLAK,BELINA STAROHRVATSKA,Parent 1,SSR,SSR,,,VIVC passport (pedigree confirmed by markers),10.3390/genes11070737,,confirmed,BELINA STAROHRVATSKA X BLJUZGAVAC,10.3390/genes11070737,none,10.3390/genes11070737,10.3390/genes11070737
SVJETLAK,BLJUZGAVAC,Parent 2,SSR,SSR,,,VIVC passport (pedigree confirmed by markers),10.3390/genes11070737,,confirmed,BELINA STAROHRVATSKA X BLJUZGAVAC,10.3390/genes11070737,none,10.3390/genes11070737,10.3390/genes11070737
JAVOR WEISS,ALBA IMPUTOTATO,Parent 1,SSR,SSR,,,VIVC passport (via Lacombe & Emanuelli 2020; Laucou 2018),10.3389/fpls.2020.605934,,confirmed,ALBA IMPUTOTATO X HEUNISCH WEISS,10.1371/journal.pone.0192540; 10.3389/fpls.2020.605934,Lacombe & Emanuelli 2020; Laucou 2018,10.1371/journal.pone.0192540,
JAVOR WEISS,GOUAIS BLANC,Parent 2,SSR,SSR,,,VIVC passport (via Lacombe & Emanuelli 2020; Laucou 2018),10.3389/fpls.2020.605934,,confirmed,ALBA IMPUTOTATO X HEUNISCH WEISS,10.1371/journal.pone.0192540; 10.3389/fpls.2020.605934,Lacombe & Emanuelli 2020; Laucou 2018,10.1371/journal.pone.0192540,
JACQUERE GROSSE,GRAIN,Parent 1,SSR,SSR,,,VIVC passport (via Lacombe 2013),10.1007/s00122-012-1988-2,,confirmed,GRAIN X HEUNISCH WEISS,10.1007/s00122-012-1988-2,Lacombe 2013,10.1007/s00122-012-1988-2,
JACQUERE GROSSE,GOUAIS BLANC,Parent 2,SSR,SSR,,,VIVC passport (via Lacombe 2013),10.1007/s00122-012-1988-2,,confirmed,GRAIN X HEUNISCH WEISS,10.1007/s00122-012-1988-2,Lacombe 2013,10.1007/s00122-012-1988-2,
MANZONI 2- 3,SAVAGNIN,Parent 1,SSR,SSR,,,VIVC passport (via Lacombe & Emanuelli 2020),10.3389/fpls.2020.605934,,confirmed,SAVAGNIN X TREBBIANO TOSCANO,10.3389/fpls.2020.605934,Lacombe & Emanuelli 2020,10.3389/fpls.2020.605934,
MANZONI 2- 3,UGNI BLANC,Parent 2,SSR,SSR,,,VIVC passport (via Lacombe & Emanuelli 2020),10.3389/fpls.2020.605934,,confirmed,SAVAGNIN X TREBBIANO TOSCANO,10.3389/fpls.2020.605934,Lacombe & Emanuelli 2020,10.3389/fpls.2020.605934,
PEDRO GIMENEZ,CRIOLLA CHICA,Parent 1,SSR,SSR,,,VIVC passport (via Lacombe 2013),10.1007/s00122-012-1988-2,,confirmed,CRIOLLA CHICA X MUSCAT OF ALEXANDRIA,10.1007/s00122-012-1988-2; 10.1111/ajgw.12282; 10.1111/ajgw.12561,Lacombe 2013,10.1007/s00122-012-1988-2,10.1111/ajgw.12282; 10.1111/ajgw.12561
PEDRO GIMENEZ,MUSCAT OF ALEXANDRIA,Parent 2,SSR,SSR,,,VIVC passport (via Lacombe 2013),10.1007/s00122-012-1988-2,,confirmed,CRIOLLA CHICA X MUSCAT OF ALEXANDRIA,10.1007/s00122-012-1988-2; 10.1111/ajgw.12282; 10.1111/ajgw.12561,Lacombe 2013,10.1007/s00122-012-1988-2,10.1111/ajgw.12282; 10.1111/ajgw.12561
LIEVUSO,SANGIOVESE,Parent 1,SSR,SSR,,,VIVC passport (via Lacombe & Emanuelli 2020),10.3389/fpls.2020.605934,,confirmed,SANGIOVESE X MANTONICO BIANCO,10.1186/s12870-018-1576-y; 10.3389/fpls.2020.605934,Lacombe & Emanuelli 2020,10.1186/s12870-018-1576-y,10.1186/s12870-018-1576-y
LIEVUSO,MANTONICO BIANCO,Parent 2,SSR,SSR,,,VIVC passport (via Lacombe & Emanuelli 2020),10.3389/fpls.2020.605934,,confirmed,SANGIOVESE X MANTONICO BIANCO,10.1186/s12870-018-1576-y; 10.3389/fpls.2020.605934,Lacombe & Emanuelli 2020,10.1186/s12870-018-1576-y,10.1186/s12870-018-1576-y
ROMAINE,PINOT,Parent 1,SSR,SSR,,,VIVC passport (via Lacombe 2013),10.1007/s00122-012-1988-2,,confirmed,PINOT X HEUNISCH WEISS,10.1007/s00122-012-1988-2,Lacombe 2013,10.1007/s00122-012-1988-2,
ROMAINE,GOUAIS BLANC,Parent 2,SSR,SSR,,,VIVC passport (via Lacombe 2013),10.1007/s00122-012-1988-2,,confirmed,PINOT X HEUNISCH WEISS,10.1007/s00122-012-1988-2,Lacombe 2013,10.1007/s00122-012-1988-2,
BALOUTI (ABBAYE DE LATROUN),UGNI BLANC,Parent 1,SSR,SSR,,,VIVC passport (via Lacombe & Emanuelli 2020; Lacombe 2013; Laucou 2018),10.1007/s00122-012-1988-2,,confirmed,TREBBIANO TOSCANO X GRENACHE,10.1007/s00122-012-1988-2; 10.1371/journal.pone.0192540; 10.3389/fpls.2020.605934,Lacombe & Emanuelli 2020; Lacombe 2013; Laucou 2018,10.1007/s00122-012-1988-2,
BALOUTI (ABBAYE DE LATROUN),GRENACHE NOIR,Parent 2,SSR,SSR,,,VIVC passport (via Lacombe & Emanuelli 2020; Lacombe 2013; Laucou 2018),10.1007/s00122-012-1988-2,,confirmed,TREBBIANO TOSCANO X GRENACHE,10.1007/s00122-012-1988-2; 10.1371/journal.pone.0192540; 10.3389/fpls.2020.605934,Lacombe & Emanuelli 2020; Lacombe 2013; Laucou 2018,10.1007/s00122-012-1988-2,
GRUENFRAENKISCH,KOEVIDINKA,Parent 1,SSR,SSR,,,VIVC passport (pedigree confirmed by markers),,,confirmed,KOEVIDINKA X AUXERROIS,,none,,
GRUENFRAENKISCH,AUXERROIS BLANC,Parent 2,SSR,SSR,,,VIVC passport (pedigree confirmed by markers),,,confirmed,KOEVIDINKA X AUXERROIS,,none,,
CANAMELO,MORAVIA DULCE,Parent 1,SSR,SSR,,,VIVC passport (pedigree confirmed by markers),10.1007/s10722-013-0064-3,,confirmed,MORAVIA DULCE X MONASTRELL,10.1007/s10722-013-0064-3,none,10.1007/s10722-013-0064-3,10.1007/s10722-013-0064-3
CANAMELO,MOURVEDRE,Parent 2,SSR,SSR,,,VIVC passport (pedigree confirmed by markers),10.1007/s10722-013-0064-3,,confirmed,MORAVIA DULCE X MONASTRELL,10.1007/s10722-013-0064-3,none,10.1007/s10722-013-0064-3,10.1007/s10722-013-0064-3
CREPA,GRANADERA,Parent 1,SSR,SSR,,,VIVC passport (pedigree confirmed by markers),10.1007/s10722-013-0064-3,,confirmed,GRANADERA X PARDINA,10.1007/s10722-013-0064-3,none,10.1007/s10722-013-0064-3,10.1007/s10722-013-0064-3
CREPA,PARDINA,Parent 2,SSR,SSR,,,VIVC passport (pedigree confirmed by markers),10.1007/s10722-013-0064-3,,confirmed,GRANADERA X PARDINA,10.1007/s10722-013-0064-3,none,10.1007/s10722-013-0064-3,10.1007/s10722-013-0064-3
PANZUDA,MORAVIA DULCE,Parent 1,SSR,SSR,,,VIVC passport (pedigree confirmed by markers),10.1007/s10722-013-0064-3,,confirmed,MORAVIA DULCE X PARDINA,10.1007/s10722-013-0064-3,none,10.1007/s10722-013-0064-3,10.1007/s10722-013-0064-3
PANZUDA,PARDINA,Parent 2,SSR,SSR,,,VIVC passport (pedigree confirmed by markers),10.1007/s10722-013-0064-3,,confirmed,MORAVIA DULCE X PARDINA,10.1007/s10722-013-0064-3,none,10.1007/s10722-013-0064-3,10.1007/s10722-013-0064-3
CORAL,GALLERA DORADA,Parent 1,SSR,SSR,,,VIVC passport (pedigree confirmed by markers),10.1007/s10722-013-0064-3,,confirmed,GALLERA DORADA X TEMPRANILLO,10.1007/s10722-013-0064-3,none,10.1007/s10722-013-0064-3,10.1007/s10722-013-0064-3
CORAL,TEMPRANILLO,Parent 2,SSR,SSR,,,VIVC passport (pedigree confirmed by markers),10.1007/s10722-013-0064-3,,confirmed,GALLERA DORADA X TEMPRANILLO,10.1007/s10722-013-0064-3,none,10.1007/s10722-013-0064-3,10.1007/s10722-013-0064-3
ALLAREN,HEBIEN,Parent 1,SSR,SSR,,,VIVC passport (via Lacombe & Emanuelli 2020; Laucou 2018),10.3389/fpls.2020.605934,,confirmed,HEBEN X ALFROCHEIRO,10.1371/journal.pone.0192540; 10.3389/fpls.2020.605934; 10.5073/vitis.2015.54.special-issue.59-65; 10.5073/vitis.2015.54.special-issue.81-86,Lacombe & Emanuelli 2020; Laucou 2018,10.1371/journal.pone.0192540,10.5073/vitis.2015.54.special-issue.59-65; 10.5073/vitis.2015.54.special-issue.81-86
ALLAREN,ALFROCHEIRO,Parent 2,SSR,SSR,,,VIVC passport (via Lacombe & Emanuelli 2020; Laucou 2018),10.3389/fpls.2020.605934,,confirmed,HEBEN X ALFROCHEIRO,10.1371/journal.pone.0192540; 10.3389/fpls.2020.605934; 10.5073/vitis.2015.54.special-issue.59-65; 10.5073/vitis.2015.54.special-issue.81-86,Lacombe & Emanuelli 2020; Laucou 2018,10.1371/journal.pone.0192540,10.5073/vitis.2015.54.special-issue.59-65; 10.5073/vitis.2015.54.special-issue.81-86
MOSCATO BIANCO PRECOCE,DOLCETTO BIANCO,Parent 1,SSR,SSR,,,VIVC passport (pedigree confirmed by markers),10.1038/s41598-020-72799-6,,confirmed,DOLCETTO BIANCO X MOSCATO BIANCO B.,10.1038/s41598-020-72799-6,none,10.1038/s41598-020-72799-6,10.1038/s41598-020-72799-6
MOSCATO BIANCO PRECOCE,MOSCATO BIANCO B.,Parent 2,SSR,SSR,,,VIVC passport (pedigree confirmed by markers),10.1038/s41598-020-72799-6,,confirmed,DOLCETTO BIANCO X MOSCATO BIANCO B.,10.1038/s41598-020-72799-6,none,10.1038/s41598-020-72799-6,10.1038/s41598-020-72799-6
MEJSKO BELO,DURANIJA,Parent 1,SSR,SSR,,,VIVC passport (pedigree confirmed by markers),10.3390/genes11070737,,confirmed,DURANIJA X ZUMIC,10.3390/genes11070737,none,10.3390/genes11070737,10.3390/genes11070737
MEJSKO BELO,ZUMIC,Parent 2,SSR,SSR,,,VIVC passport (pedigree confirmed by markers),10.3390/genes11070737,,confirmed,DURANIJA X ZUMIC,10.3390/genes11070737,none,10.3390/genes11070737,10.3390/genes11070737
DAVIS U 62- 56,THOMAS,Parent 1,SSR,SSR,,,VIVC passport (pedigree confirmed by markers),10.21273/JASHS.133.4.559,,confirmed,THOMAS X TRAYSHED,10.21273/JASHS.133.4.559,none,10.21273/JASHS.133.4.559,10.21273/JASHS.133.4.559
DAVIS U 62- 56,TRAYSHED,Parent 2,SSR,SSR,,,VIVC passport (pedigree confirmed by markers),10.21273/JASHS.133.4.559,,confirmed,THOMAS X TRAYSHED,10.21273/JASHS.133.4.559,none,10.21273/JASHS.133.4.559,10.21273/JASHS.133.4.559
DAVIS U 62- 61,THOMAS,Parent 1,SSR,SSR,,,VIVC passport (pedigree confirmed by markers),10.21273/JASHS.133.4.559,,confirmed,THOMAS X TRAYSHED,10.21273/JASHS.133.4.559,none,10.21273/JASHS.133.4.559,10.21273/JASHS.133.4.559
DAVIS U 62- 61,TRAYSHED,Parent 2,SSR,SSR,,,VIVC passport (pedigree confirmed by markers),10.21273/JASHS.133.4.559,,confirmed,THOMAS X TRAYSHED,10.21273/JASHS.133.4.559,none,10.21273/JASHS.133.4.559,10.21273/JASHS.133.4.559
MILANO 1,KOBER 5 BB,Parent 1,SSR,SSR,,,VIVC passport (via Migliaro 2019),10.5344/ajev.2019.18054,,confirmed,KOBER 5 BB X TELEKI 5 C,10.5344/ajev.2019.18054,Migliaro 2019,10.5344/ajev.2019.18054,
MILANO 1,TELEKI 5 C,Parent 2,SSR,SSR,,,VIVC passport (via Migliaro 2019),10.5344/ajev.2019.18054,,confirmed,KOBER 5 BB X TELEKI 5 C,10.5344/ajev.2019.18054,Migliaro 2019,10.5344/ajev.2019.18054,
MILANO 2,COSMO 10,Parent 1,SSR,SSR,,,VIVC passport (via Migliaro 2019),10.5344/ajev.2019.18054,,confirmed,COSMO 10 X 140 RUGGERI,10.5344/ajev.2019.18054,Migliaro 2019,10.5344/ajev.2019.18054,
MILANO 2,140 RUGGERI,Parent 2,SSR,SSR,,,VIVC passport (via Migliaro 2019),10.5344/ajev.2019.18054,,confirmed,COSMO 10 X 140 RUGGERI,10.5344/ajev.2019.18054,Migliaro 2019,10.5344/ajev.2019.18054,
MILANO 3,KOBER 5 BB,Parent 1,SSR,SSR,,,VIVC passport (via Migliaro 2019),10.5344/ajev.2019.18054,,confirmed,KOBER 5 BB X TELEKI 5 C,10.5344/ajev.2019.18054,Migliaro 2019,10.5344/ajev.2019.18054,
MILANO 3,TELEKI 5 C,Parent 2,SSR,SSR,,,VIVC passport (via Migliaro 2019),10.5344/ajev.2019.18054,,confirmed,KOBER 5 BB X TELEKI 5 C,10.5344/ajev.2019.18054,Migliaro 2019,10.5344/ajev.2019.18054,
UCD GRN 1,RUPESTRIS ALPHONSE DE SERRES,Parent 1,SSR,SSR,,,VIVC passport (pedigree confirmed by markers),,,confirmed,RUPESTRIS ALPHONSE DE SERRES X COWART,,none,,
UCD GRN 1,COWART,Parent 2,SSR,SSR,,,VIVC passport (pedigree confirmed by markers),,,confirmed,RUPESTRIS ALPHONSE DE SERRES X COWART,,none,,
GIOSANA,STRINTO PORCINO,Parent 1,SSR,SSR,,,VIVC passport (via Lacombe & Emanuelli 2020),10.3389/fpls.2020.605934,,confirmed,STRINTO PORCINO X VISPAROLA,10.1186/s12870-018-1576-y; 10.3389/fpls.2020.605934,Lacombe & Emanuelli 2020,10.1186/s12870-018-1576-y,10.1186/s12870-018-1576-y
GIOSANA,VISPAROLA,Parent 2,SSR,SSR,,,VIVC passport (via Lacombe & Emanuelli 2020),10.3389/fpls.2020.605934,,confirmed,STRINTO PORCINO X VISPAROLA,10.1186/s12870-018-1576-y; 10.3389/fpls.2020.605934,Lacombe & Emanuelli 2020,10.1186/s12870-018-1576-y,10.1186/s12870-018-1576-y
GUISANA,STRINTO PORCINO,Parent 1,SSR,SSR,,,VIVC passport (via Lacombe & Emanuelli 2020),10.3389/fpls.2020.605934,,confirmed,STRINTO PORCINO X VISPAROLA,10.1186/s12870-018-1576-y; 10.3389/fpls.2020.605934,Lacombe & Emanuelli 2020,10.1186/s12870-018-1576-y,10.1186/s12870-018-1576-y
GUISANA,VISPAROLA,Parent 2,SSR,SSR,,,VIVC passport (via Lacombe & Emanuelli 2020),10.3389/fpls.2020.605934,,confirmed,STRINTO PORCINO X VISPAROLA,10.1186/s12870-018-1576-y; 10.3389/fpls.2020.605934,Lacombe & Emanuelli 2020,10.1186/s12870-018-1576-y,10.1186/s12870-018-1576-y
COLATAMURRO,ASPRINIO NERO,Parent 1,SSR,SSR,,,VIVC passport (via Lacombe & Emanuelli 2020),10.3389/fpls.2020.605934,,confirmed,ASPRINIO NERO X BOMBINO BIANCO,10.1186/s12870-018-1576-y; 10.3389/fpls.2020.605934,Lacombe & Emanuelli 2020,10.1186/s12870-018-1576-y,10.1186/s12870-018-1576-y
COLATAMURRO,BOMBINO BIANCO,Parent 2,SSR,SSR,,,VIVC passport (via Lacombe & Emanuelli 2020),10.3389/fpls.2020.605934,,confirmed,ASPRINIO NERO X BOMBINO BIANCO,10.1186/s12870-018-1576-y; 10.3389/fpls.2020.605934,Lacombe & Emanuelli 2020,10.1186/s12870-018-1576-y,10.1186/s12870-018-1576-y
CABERNET JURA 2,MEDINA,Parent 1,SSR,SSR,,,VIVC passport (pedigree confirmed by markers),,,confirmed,MEDINA X KABERNE SEVERNYI,,none,,
CABERNET JURA 2,KABERNE SEVERNYI,Parent 2,SSR,SSR,,,VIVC passport (pedigree confirmed by markers),,,confirmed,MEDINA X KABERNE SEVERNYI,,none,,
GREGU NIEDDU,HEBIEN,Parent 1,SSR,SSR,,,VIVC passport (pedigree confirmed by markers),,,confirmed,HEBEN X MOURVEDRE = MONASTRELL,,none,,
GREGU NIEDDU,MOURVEDRE = MONASTRELL,Parent 2,SSR,SSR,,,VIVC passport (pedigree confirmed by markers),,,confirmed,HEBEN X MOURVEDRE = MONASTRELL,,none,,
BASTARDO ESPANHOL,HEBIEN,Parent 1,SSR,SSR,,,VIVC passport (via Lacombe & Emanuelli 2020; Lacombe 2013; Laucou 2018),10.1007/s00122-012-1988-2,,confirmed,HEBEN X TROUSSEAU,10.1007/s00122-012-1988-2; 10.1371/journal.pone.0192540; 10.3389/fpls.2020.605934,Lacombe & Emanuelli 2020; Lacombe 2013; Laucou 2018,10.1007/s00122-012-1988-2,
BASTARDO ESPANHOL,TROUSSEAU,Parent 2,SSR,SSR,,,VIVC passport (via Lacombe & Emanuelli 2020; Lacombe 2013; Laucou 2018),10.1007/s00122-012-1988-2,,confirmed,HEBEN X TROUSSEAU,10.1007/s00122-012-1988-2; 10.1371/journal.pone.0192540; 10.3389/fpls.2020.605934,Lacombe & Emanuelli 2020; Lacombe 2013; Laucou 2018,10.1007/s00122-012-1988-2,
UVA ANIS,LISTAN PRIETO,Parent 1,SSR,SSR,,,VIVC passport (via Lacombe 2013),10.1007/s00122-012-1988-2,,confirmed,LISTAN PRIETO X MUSCAT OF ALEXANDRIA,10.1007/s00122-012-1988-2; 10.1111/ajgw.12282,Lacombe 2013,10.1007/s00122-012-1988-2,10.1111/ajgw.12282
UVA ANIS,MUSCAT OF ALEXANDRIA,Parent 2,SSR,SSR,,,VIVC passport (via Lacombe 2013),10.1007/s00122-012-1988-2,,confirmed,LISTAN PRIETO X MUSCAT OF ALEXANDRIA,10.1007/s00122-012-1988-2; 10.1111/ajgw.12282,Lacombe 2013,10.1007/s00122-012-1988-2,10.1111/ajgw.12282
CANELON GRANDE,LISTAN PRIETO,Parent 1,SSR,SSR,,,VIVC passport (pedigree confirmed by markers),10.1111/ajgw.12282,,confirmed,LISTAN PRIETO X MUSCAT OF ALEXANDIRA,10.1111/ajgw.12282,none,10.1111/ajgw.12282,10.1111/ajgw.12282
CANELON GRANDE,MUSCAT OF ALEXANDIRA,Parent 2,SSR,SSR,,,VIVC passport (pedigree confirmed by markers),10.1111/ajgw.12282,,confirmed,LISTAN PRIETO X MUSCAT OF ALEXANDIRA,10.1111/ajgw.12282,none,10.1111/ajgw.12282,10.1111/ajgw.12282
CRIOLLA 1,CRIOLLA GRANDE,Parent 1,SSR,SSR,,,VIVC passport (pedigree confirmed by markers),10.1111/ajgw.12282,,confirmed,CRIOLLA GRANDE X MALBEC,10.1111/ajgw.12282,none,10.1111/ajgw.12282,10.1111/ajgw.12282
CRIOLLA 1,MALBEC,Parent 2,SSR,SSR,,,VIVC passport (pedigree confirmed by markers),10.1111/ajgw.12282,,confirmed,CRIOLLA GRANDE X MALBEC,10.1111/ajgw.12282,none,10.1111/ajgw.12282,10.1111/ajgw.12282
CRIOLLA 6,LISTAN PRIETO,Parent 1,SSR,SSR,,,VIVC passport (pedigree confirmed by markers),10.1111/ajgw.12282,,confirmed,LISTAN PRIETO X MUSCAT OF ALEXANDRIA,10.1111/ajgw.12282,none,10.1111/ajgw.12282,10.1111/ajgw.12282
CRIOLLA 6,MUSCAT OF ALEXANDRIA,Parent 2,SSR,SSR,,,VIVC passport (pedigree confirmed by markers),10.1111/ajgw.12282,,confirmed,LISTAN PRIETO X MUSCAT OF ALEXANDRIA,10.1111/ajgw.12282,none,10.1111/ajgw.12282,10.1111/ajgw.12282
CRIOLLA BLANCA,LISTAN PRIETO,Parent 1,SSR,SSR,,,VIVC passport (via Lacombe 2013),10.1007/s00122-012-1988-2,,confirmed,LISTAN PRIETO X MUSCAT OF ALEXANDRIA,10.1007/s00122-012-1988-2; 10.1111/ajgw.12282,Lacombe 2013,10.1007/s00122-012-1988-2,10.1111/ajgw.12282
CRIOLLA BLANCA,MUSCAT OF ALEXANDRIA,Parent 2,SSR,SSR,,,VIVC passport (via Lacombe 2013),10.1007/s00122-012-1988-2,,confirmed,LISTAN PRIETO X MUSCAT OF ALEXANDRIA,10.1007/s00122-012-1988-2; 10.1111/ajgw.12282,Lacombe 2013,10.1007/s00122-012-1988-2,10.1111/ajgw.12282
MALVASIA CRIOLLA,LISTAN PRIETO,Parent 1,SSR,SSR,,,VIVC passport (pedigree confirmed by markers),10.1111/ajgw.12282,,confirmed,LISTAN PRIETO X MUSCAT OF ALEXANDRIA,10.1111/ajgw.12282,none,10.1111/ajgw.12282,10.1111/ajgw.12282
MALVASIA CRIOLLA,MUSCAT OF ALEXANDRIA,Parent 2,SSR,SSR,,,VIVC passport (pedigree confirmed by markers),10.1111/ajgw.12282,,confirmed,LISTAN PRIETO X MUSCAT OF ALEXANDRIA,10.1111/ajgw.12282,none,10.1111/ajgw.12282,10.1111/ajgw.12282
MOSCATEL APICIA,CANELA,Parent 1,SSR,SSR,,,VIVC passport (pedigree confirmed by markers),10.1111/ajgw.12282,,confirmed,CANELA X MUSCAT A PETITS GRAINS,10.1111/ajgw.12282,none,10.1111/ajgw.12282,10.1111/ajgw.12282
MOSCATEL APICIA,MUSCAT A PETITS GRAINS,Parent 2,SSR,SSR,,,VIVC passport (pedigree confirmed by markers),10.1111/ajgw.12282,,confirmed,CANELA X MUSCAT A PETITS GRAINS,10.1111/ajgw.12282,none,10.1111/ajgw.12282,10.1111/ajgw.12282
CEREZA ELIPSOIDAL,CEREZA,Parent 1,SSR,SSR,,,VIVC passport (pedigree confirmed by markers),10.1111/ajgw.12282,,confirmed,CEREZA X LISTAN PRIETO,10.1111/ajgw.12282,none,10.1111/ajgw.12282,10.1111/ajgw.12282
CEREZA ELIPSOIDAL,LISTAN PRIETO,Parent 2,SSR,SSR,,,VIVC passport (pedigree confirmed by markers),10.1111/ajgw.12282,,confirmed,CEREZA X LISTAN PRIETO,10.1111/ajgw.12282,none,10.1111/ajgw.12282,10.1111/ajgw.12282
BLANCA OVAL,LISTAN PRIETO,Parent 1,SSR,SSR,,,VIVC passport (pedigree confirmed by markers),10.1111/ajgw.12282,,confirmed,LISTAN PRIETO X MUSCAT OF ALEXANDRIA,10.1111/ajgw.12282,none,10.1111/ajgw.12282,10.1111/ajgw.12282
BLANCA OVAL,MUSCAT OF ALEXANDRIA,Parent 2,SSR,SSR,,,VIVC passport (pedigree confirmed by markers),10.1111/ajgw.12282,,confirmed,LISTAN PRIETO X MUSCAT OF ALEXANDRIA,10.1111/ajgw.12282,none,10.1111/ajgw.12282,10.1111/ajgw.12282
TORRONTES SANJUANINO GLABRO,LISTAN PRIETO,Parent 1,SSR,SSR,,,VIVC passport (pedigree confirmed by markers),10.1111/ajgw.12282,,confirmed,LISTAN PRIETO X MUSCAT OF ALEXANDRIA,10.1111/ajgw.12282,none,10.1111/ajgw.12282,10.1111/ajgw.12282
TORRONTES SANJUANINO GLABRO,MUSCAT OF ALEXANDRIA,Parent 2,SSR,SSR,,,VIVC passport (pedigree confirmed by markers),10.1111/ajgw.12282,,confirmed,LISTAN PRIETO X MUSCAT OF ALEXANDRIA,10.1111/ajgw.12282,none,10.1111/ajgw.12282,10.1111/ajgw.12282
BELKA,RAZAKLIJA,Parent 1,SSR,SSR,,,VIVC passport (pedigree confirmed by markers),10.1038/s41598-020-71918-7,,confirmed,RAZAKLIJA X KRSTAC,10.1038/s41598-020-71918-7,none,10.1038/s41598-020-71918-7,10.1038/s41598-020-71918-7
BELKA,KRSTAC,Parent 2,SSR,SSR,,,VIVC passport (pedigree confirmed by markers),10.1038/s41598-020-71918-7,,confirmed,RAZAKLIJA X KRSTAC,10.1038/s41598-020-71918-7,none,10.1038/s41598-020-71918-7,10.1038/s41598-020-71918-7
RACESKA,RAZAKLIJA,Parent 1,SSR,SSR,,,VIVC passport (pedigree confirmed by markers),10.1038/s41598-020-71918-7,,confirmed,RAZAKLIJA X KRATOSIJA,10.1038/s41598-020-71918-7,none,10.1038/s41598-020-71918-7,10.1038/s41598-020-71918-7
RACESKA,KRATOSIJA,Parent 2,SSR,SSR,,,VIVC passport (pedigree confirmed by markers),10.1038/s41598-020-71918-7,,confirmed,RAZAKLIJA X KRATOSIJA,10.1038/s41598-020-71918-7,none,10.1038/s41598-020-71918-7,10.1038/s41598-020-71918-7
ARTABAN,VRH3082- 1- 42,Parent 1,SSR,SSR,,,VIVC passport (pedigree confirmed by markers),10.5073/vitis.2021.60.189-193,,confirmed,VRH3082-  1- 42 X REGENT,10.5073/vitis.2021.60.189-193,none,10.5073/vitis.2021.60.189-193,10.5073/vitis.2021.60.189-193
ARTABAN,REGENT,Parent 2,SSR,SSR,,,VIVC passport (pedigree confirmed by markers),10.5073/vitis.2021.60.189-193,,confirmed,VRH3082-  1- 42 X REGENT,10.5073/vitis.2021.60.189-193,none,10.5073/vitis.2021.60.189-193,10.5073/vitis.2021.60.189-193
VIDOC,VRH3082- 1- 42,Parent 1,SSR,SSR,,,VIVC passport (pedigree confirmed by markers),,,confirmed,VRH3082-  1- 42 X REGENT,,none,,
VIDOC,REGENT,Parent 2,SSR,SSR,,,VIVC passport (pedigree confirmed by markers),,,confirmed,VRH3082-  1- 42 X REGENT,,none,,
MOSCATEL BLANCO,LISTAN PRIETO,Parent 1,SSR,SSR,,,VIVC passport (pedigree confirmed by markers),10.1111/ajgw.12282,,confirmed,LISTAN PRIETO X MUSCAT OF ALEXANDRIA,10.1111/ajgw.12282,none,10.1111/ajgw.12282,10.1111/ajgw.12282
MOSCATEL BLANCO,MUSCAT OF ALEXANDRIA,Parent 2,SSR,SSR,,,VIVC passport (pedigree confirmed by markers),10.1111/ajgw.12282,,confirmed,LISTAN PRIETO X MUSCAT OF ALEXANDRIA,10.1111/ajgw.12282,none,10.1111/ajgw.12282,10.1111/ajgw.12282
MOSCATEL AMARILLO,CRIOLLA CHICA,Parent 1,SSR,SSR,,,VIVC passport (pedigree confirmed by markers),10.1111/ajgw.12282,,confirmed,CRIOLLA CHICA X MUSCAT OF ALEXANDRIA,10.1111/ajgw.12282,none,10.1111/ajgw.12282,10.1111/ajgw.12282
MOSCATEL AMARILLO,MUSCAT OF ALEXANDRIA,Parent 2,SSR,SSR,,,VIVC passport (pedigree confirmed by markers),10.1111/ajgw.12282,,confirmed,CRIOLLA CHICA X MUSCAT OF ALEXANDRIA,10.1111/ajgw.12282,none,10.1111/ajgw.12282,10.1111/ajgw.12282
TERRANTEZ DO PICO,VERDELHO,Parent 1,SSR,SSR,,,VIVC passport (via Cunha 2020),10.3389/fpls.2020.00127,,confirmed,VERDELHO X BASTARDO,10.1051/ctv/20163102063; 10.1111/ajgw.12353; 10.3389/fpls.2020.00127,Cunha 2020,10.1051/ctv/20163102063,10.1051/ctv/20163102063; 10.1111/ajgw.12353
TERRANTEZ DO PICO,BASTARDO,Parent 2,SSR,SSR,,,VIVC passport (via Cunha 2020),10.3389/fpls.2020.00127,,confirmed,VERDELHO X BASTARDO,10.1051/ctv/20163102063; 10.1111/ajgw.12353; 10.3389/fpls.2020.00127,Cunha 2020,10.1051/ctv/20163102063,10.1051/ctv/20163102063; 10.1111/ajgw.12353
OSENNII CIORNAI,ALPHONSE LAVALLEE,Parent 1,SSR,SSR,,,VIVC passport (pedigree confirmed by markers),,,confirmed,ALPHONSE LAVALLEE X DATTIER DE ST. VALLIER,,none,,
OSENNII CIORNAI,DATTIER DE ST. VALLIER,Parent 2,SSR,SSR,,,VIVC passport (pedigree confirmed by markers),,,confirmed,ALPHONSE LAVALLEE X DATTIER DE ST. VALLIER,,none,,
ZAGARESE DI PUGLIA,NEGRO AMARO,Parent 1,SSR,SSR,,,VIVC passport (via Lacombe & Emanuelli 2020),10.3389/fpls.2020.605934,,confirmed,NEGRO AMARO X KOSINJOT,10.3389/fpls.2020.605934,Lacombe & Emanuelli 2020,10.3389/fpls.2020.605934,
ZAGARESE DI PUGLIA,KOSINJOT,Parent 2,SSR,SSR,,,VIVC passport (via Lacombe & Emanuelli 2020),10.3389/fpls.2020.605934,,confirmed,NEGRO AMARO X KOSINJOT,10.3389/fpls.2020.605934,Lacombe & Emanuelli 2020,10.3389/fpls.2020.605934,
SANGUINELLA,BOMBINO BIANCO,Parent 1,SSR,SSR,,,VIVC passport (via Lacombe & Emanuelli 2020),10.3389/fpls.2020.605934,,confirmed,BOMBINO BIANCO X MOSTOSA,10.3389/fpls.2020.605934,Lacombe & Emanuelli 2020,10.3389/fpls.2020.605934,
SANGUINELLA,MOSTOSA,Parent 2,SSR,SSR,,,VIVC passport (via Lacombe & Emanuelli 2020),10.3389/fpls.2020.605934,,confirmed,BOMBINO BIANCO X MOSTOSA,10.3389/fpls.2020.605934,Lacombe & Emanuelli 2020,10.3389/fpls.2020.605934,
MUSCAT VARDAGUYN AYGAVANI,ANGUR KALAN,Parent 1,SSR,SSR,,,VIVC passport (via Margaryan 2021),10.3390/biology10121279,,confirmed,ANGUR KALAN X MUSCAT HAMBURG,10.3390/biology10121279,Margaryan 2021,10.3390/biology10121279,
MUSCAT VARDAGUYN AYGAVANI,MUSCAT HAMBURG,Parent 2,SSR,SSR,,,VIVC passport (via Margaryan 2021),10.3390/biology10121279,,confirmed,ANGUR KALAN X MUSCAT HAMBURG,10.3390/biology10121279,Margaryan 2021,10.3390/biology10121279,
MUSCAT AYGAVANI,ANGUR KALAN,Parent 1,SSR,SSR,,,VIVC passport (via Margaryan 2021),10.3390/biology10121279,,confirmed,ANGUR KALAN X MUSCAT HAMBURG,10.3390/biology10121279,Margaryan 2021,10.3390/biology10121279,
MUSCAT AYGAVANI,MUSCAT HAMBURG,Parent 2,SSR,SSR,,,VIVC passport (via Margaryan 2021),10.3390/biology10121279,,confirmed,ANGUR KALAN X MUSCAT HAMBURG,10.3390/biology10121279,Margaryan 2021,10.3390/biology10121279,
BLACK VELVET,KISHMISH MOLDAVSKII,Parent 1,SSR,SSR,,,VIVC passport (pedigree confirmed by markers),10.21548/39-1-2053,,confirmed,KISHMISH MOLDAVSKII X MARROO SEEDLESS,10.21548/39-1-2053,none,10.21548/39-1-2053,10.21548/39-1-2053
BLACK VELVET,MARROO SEEDLESS,Parent 2,SSR,SSR,,,VIVC passport (pedigree confirmed by markers),10.21548/39-1-2053,,confirmed,KISHMISH MOLDAVSKII X MARROO SEEDLESS,10.21548/39-1-2053,none,10.21548/39-1-2053,10.21548/39-1-2053
BLUE SATIN,SUNRED SEEDLESS,Parent 1,SSR,SSR,,,VIVC passport (pedigree confirmed by markers),10.21548/39-1-2053,,confirmed,SUNRED SEEDLESS X KISHMISH MOLDAVSKII,10.21548/39-1-2053,none,10.21548/39-1-2053,10.21548/39-1-2053
BLUE SATIN,KISHMISH MOLDAVSKII,Parent 2,SSR,SSR,,,VIVC passport (pedigree confirmed by markers),10.21548/39-1-2053,,confirmed,SUNRED SEEDLESS X KISHMISH MOLDAVSKII,10.21548/39-1-2053,none,10.21548/39-1-2053,10.21548/39-1-2053
PATAGONIA,SULTANINE,Parent 1,SSR,SSR,,,VIVC passport (via Lacombe 2013),10.1007/s00122-012-1988-2,,confirmed,SULTANINE X VALENCI BLANCO = BEBA,10.1007/s00122-012-1988-2,Lacombe 2013,10.1007/s00122-012-1988-2,
PATAGONIA,VALENCI BLANCO = BEBA,Parent 2,SSR,SSR,,,VIVC passport (via Lacombe 2013),10.1007/s00122-012-1988-2,,confirmed,SULTANINE X VALENCI BLANCO = BEBA,10.1007/s00122-012-1988-2,Lacombe 2013,10.1007/s00122-012-1988-2,
RAMISHVILI 20/14,GORULA,Parent 1,SSR,SSR,,,VIVC passport (pedigree confirmed by markers),,,confirmed,GORULA X MUSCAT OF ALEXANDRIA,,none,,
RAMISHVILI 20/14,MUSCAT OF ALEXANDRIA,Parent 2,SSR,SSR,,,VIVC passport (pedigree confirmed by markers),,,confirmed,GORULA X MUSCAT OF ALEXANDRIA,,none,,
FORM NO 31,RKATSITELI,Parent 1,SSR,SSR,,,VIVC passport (pedigree confirmed by markers),,,confirmed,RKATSITELI X MUSCAT OF ALEXANDRIA,,none,,
FORM NO 31,MUSCAT OF ALEXANDRIA,Parent 2,SSR,SSR,,,VIVC passport (pedigree confirmed by markers),,,confirmed,RKATSITELI X MUSCAT OF ALEXANDRIA,,none,,
FORM NO 5,RKATSITELI,Parent 1,SSR,SSR,,,VIVC passport (pedigree confirmed by markers),,,confirmed,RKATSITELI X MUSCAT OF ALEXANDRIA,,none,,
FORM NO 5,MUSCAT OF ALEXANDRIA,Parent 2,SSR,SSR,,,VIVC passport (pedigree confirmed by markers),,,confirmed,RKATSITELI X MUSCAT OF ALEXANDRIA,,none,,
FORM NO 32,RKATSITELI,Parent 1,SSR,SSR,,,VIVC passport (pedigree confirmed by markers),,,confirmed,RKATSITELI X MUSCAT OF ALEXANDRIA,,none,,
FORM NO 32,MUSCAT OF ALEXANDRIA,Parent 2,SSR,SSR,,,VIVC passport (pedigree confirmed by markers),,,confirmed,RKATSITELI X MUSCAT OF ALEXANDRIA,,none,,
RAMISHVILI 15/97,TEBRIZI,Parent 1,SSR,SSR,,,VIVC passport (pedigree confirmed by markers),,,confirmed,TEBRIZI X MUSCAT OF ALEXANDRIA,,none,,
RAMISHVILI 15/97,MUSCAT OF ALEXANDRIA,Parent 2,SSR,SSR,,,VIVC passport (pedigree confirmed by markers),,,confirmed,TEBRIZI X MUSCAT OF ALEXANDRIA,,none,,
SOUVINIER,COARNA NEAGRA,Parent 1,SSR,SSR,,,VIVC passport (pedigree confirmed by markers),10.3103/S0095452718050031,,confirmed,COARNA NEAGRA X MUSCAT HAMBURG,10.3103/S0095452718050031,none,10.3103/S0095452718050031,10.3103/S0095452718050031
SOUVINIER,MUSCAT HAMBURG,Parent 2,SSR,SSR,,,VIVC passport (pedigree confirmed by markers),10.3103/S0095452718050031,,confirmed,COARNA NEAGRA X MUSCAT HAMBURG,10.3103/S0095452718050031,none,10.3103/S0095452718050031,10.3103/S0095452718050031
SAN PIETRO E PAOLO (EX TRUNZO),BICANE,Parent 1,SSR,SSR,,,VIVC passport (via Cipriani 2010),10.1007/s00122-010-1411-9,,confirmed,BICANE X MOSCATO BIANCO,10.1007/s00122-010-1411-9,Cipriani 2010,10.1007/s00122-010-1411-9,
SAN PIETRO E PAOLO (EX TRUNZO),MOSCATO BIANCO,Parent 2,SSR,SSR,,,VIVC passport (via Cipriani 2010),10.1007/s00122-010-1411-9,,confirmed,BICANE X MOSCATO BIANCO,10.1007/s00122-010-1411-9,Cipriani 2010,10.1007/s00122-010-1411-9,
CRNA LOZA,RAZAKLIJA,Parent 1,SSR,SSR,,,VIVC passport (pedigree confirmed by markers),10.1038/s41598-020-71918-7,,confirmed,RAZAKLIJA X KRATOSIA,10.1038/s41598-020-71918-7,none,10.1038/s41598-020-71918-7,10.1038/s41598-020-71918-7
CRNA LOZA,KRATOSIA,Parent 2,SSR,SSR,,,VIVC passport (pedigree confirmed by markers),10.1038/s41598-020-71918-7,,confirmed,RAZAKLIJA X KRATOSIA,10.1038/s41598-020-71918-7,none,10.1038/s41598-020-71918-7,10.1038/s41598-020-71918-7
MOSCATEL DE ANGUES,HEBIEN,Parent 1,SSR,SSR,,,VIVC passport (via Lacombe & Emanuelli 2020; Laucou 2018),10.3389/fpls.2020.605934,,confirmed,HEBEN X MUSCAT OF ALEXANDRIA,10.1371/journal.pone.0192540; 10.3389/fpls.2020.605934; 10.5073/vitis.2015.54.special-issue.81-86,Lacombe & Emanuelli 2020; Laucou 2018,10.1371/journal.pone.0192540,10.5073/vitis.2015.54.special-issue.81-86
MOSCATEL DE ANGUES,MUSCAT OF ALEXANDRIA,Parent 2,SSR,SSR,,,VIVC passport (via Lacombe & Emanuelli 2020; Laucou 2018),10.3389/fpls.2020.605934,,confirmed,HEBEN X MUSCAT OF ALEXANDRIA,10.1371/journal.pone.0192540; 10.3389/fpls.2020.605934; 10.5073/vitis.2015.54.special-issue.81-86,Lacombe & Emanuelli 2020; Laucou 2018,10.1371/journal.pone.0192540,10.5073/vitis.2015.54.special-issue.81-86
FIUDEDDA,PANSALE,Parent 1,SSR,SSR,,,VIVC passport (pedigree confirmed by markers),,,confirmed,PANSALE X MURISTELLU,,none,,
FIUDEDDA,MURISTELLU,Parent 2,SSR,SSR,,,VIVC passport (pedigree confirmed by markers),,,confirmed,PANSALE X MURISTELLU,,none,,
OPALOVII,RUBIN TAIROVSKII,Parent 1,SSR,SSR,,,VIVC passport (pedigree confirmed by markers),10.3103/S0095452718050031,,confirmed,RUBIN TAIROVSKII X MUSKAT ZHEMCHUZHNII,10.3103/S0095452718050031,none,10.3103/S0095452718050031,10.3103/S0095452718050031
OPALOVII,MUSKAT ZHEMCHUZHNII,Parent 2,SSR,SSR,,,VIVC passport (pedigree confirmed by markers),10.3103/S0095452718050031,,confirmed,RUBIN TAIROVSKII X MUSKAT ZHEMCHUZHNII,10.3103/S0095452718050031,none,10.3103/S0095452718050031,10.3103/S0095452718050031
PERSEI,ZAGRAVA,Parent 1,SSR,SSR,,,VIVC passport (pedigree confirmed by markers),10.3103/S0095452718050031,,confirmed,ZAGRAVA X KARDINSHAKH,10.3103/S0095452718050031,none,10.3103/S0095452718050031,10.3103/S0095452718050031
PERSEI,KARDINSHAKH,Parent 2,SSR,SSR,,,VIVC passport (pedigree confirmed by markers),10.3103/S0095452718050031,,confirmed,ZAGRAVA X KARDINSHAKH,10.3103/S0095452718050031,none,10.3103/S0095452718050031,10.3103/S0095452718050031
SHKODA,RUBIN TAIROVSKII,Parent 1,SSR,SSR,,,VIVC passport (pedigree confirmed by markers),10.3103/S0095452718050031,,confirmed,RUBIN TAIROVSKII X MUSKAT ZHEMCHUZHNII,10.3103/S0095452718050031,none,10.3103/S0095452718050031,10.3103/S0095452718050031
SHKODA,MUSKAT ZHEMCHUZHNII,Parent 2,SSR,SSR,,,VIVC passport (pedigree confirmed by markers),10.3103/S0095452718050031,,confirmed,RUBIN TAIROVSKII X MUSKAT ZHEMCHUZHNII,10.3103/S0095452718050031,none,10.3103/S0095452718050031,10.3103/S0095452718050031
ROSONADU,APESORGIA BIANCA,Parent 1,SSR,SSR,,,VIVC passport (pedigree confirmed by markers),,,confirmed,APESORGIA BIANCA X CANNONAU,,none,,
ROSONADU,CANNONAU,Parent 2,SSR,SSR,,,VIVC passport (pedigree confirmed by markers),,,confirmed,APESORGIA BIANCA X CANNONAU,,none,,
APESORGIA BIANCA,APESORGIA NERA,Parent 1,SSR,SSR,,,VIVC passport (pedigree confirmed by markers),,,confirmed,APESORGIA NERA X AXINA DE TRES BIAS,,none,,
APESORGIA BIANCA,AXINA DE TRES BIAS,Parent 2,SSR,SSR,,,VIVC passport (pedigree confirmed by markers),,,confirmed,APESORGIA NERA X AXINA DE TRES BIAS,,none,,
ISABELLA DI SARDEGNA,APESORGIA BIANCA,Parent 1,SSR,SSR,,,VIVC passport (pedigree confirmed by markers),,,confirmed,APESORGIA BIANCA X GALOPPU,,none,,
ISABELLA DI SARDEGNA,GALOPPU,Parent 2,SSR,SSR,,,VIVC passport (pedigree confirmed by markers),,,confirmed,APESORGIA BIANCA X GALOPPU,,none,,
ISABELLA DI SERDIANA,APESORGIA BIANCA,Parent 1,SSR,SSR,,,VIVC passport (pedigree confirmed by markers),,,confirmed,APESORGIA BIANCA X GALOPPU,,none,,
ISABELLA DI SERDIANA,GALOPPU,Parent 2,SSR,SSR,,,VIVC passport (pedigree confirmed by markers),,,confirmed,APESORGIA BIANCA X GALOPPU,,none,,
GIRO DI BOSA,HEBIEN,Parent 1,SSR,SSR,,,VIVC passport (pedigree confirmed by markers),,,confirmed,HEBEN X PARRALETA,,none,,
GIRO DI BOSA,PARRALETA,Parent 2,SSR,SSR,,,VIVC passport (pedigree confirmed by markers),,,confirmed,HEBEN X PARRALETA,,none,,
NERA DEL PONTE,MURISTELLU,Parent 1,SSR,SSR,,,VIVC passport (pedigree confirmed by markers),,,confirmed,MURISTELLU X CANNONAU,,none,,
NERA DEL PONTE,CANNONAU,Parent 2,SSR,SSR,,,VIVC passport (pedigree confirmed by markers),,,confirmed,MURISTELLU X CANNONAU,,none,,
GABRIELLA,APESORGIA BIANCA,Parent 1,SSR,SSR,,,VIVC passport (pedigree confirmed by markers),,,confirmed,APESORGIA BIANCA X MOSCATO BIANCO,,none,,
GABRIELLA,MOSCATO BIANCO,Parent 2,SSR,SSR,,,VIVC passport (pedigree confirmed by markers),,,confirmed,APESORGIA BIANCA X MOSCATO BIANCO,,none,,
SAN LORENZO,CABERNET SAUVIGNON,Parent 1,SSR,SSR,,,VIVC passport (via Lacombe & Emanuelli 2020),10.3389/fpls.2020.605934,,confirmed,CABERNET SAUVIGNON X TREBBIANO TOSCANO,10.3389/fpls.2020.605934,Lacombe & Emanuelli 2020,10.3389/fpls.2020.605934,
SAN LORENZO,UGNI BLANC,Parent 2,SSR,SSR,,,VIVC passport (via Lacombe & Emanuelli 2020),10.3389/fpls.2020.605934,,confirmed,CABERNET SAUVIGNON X TREBBIANO TOSCANO,10.3389/fpls.2020.605934,Lacombe & Emanuelli 2020,10.3389/fpls.2020.605934,
TINTA FONTES,ARINTO,Parent 1,SSR,SSR,,,VIVC passport (via Cunha 2020),10.3389/fpls.2020.00127,,confirmed,ARINTO X TROUSSEAU NOIR,10.3389/fpls.2020.00127,Cunha 2020,10.3389/fpls.2020.00127,
TINTA FONTES,TROUSSEAU NOIR,Parent 2,SSR,SSR,,,VIVC passport (via Cunha 2020),10.3389/fpls.2020.00127,,confirmed,ARINTO X TROUSSEAU NOIR,10.3389/fpls.2020.00127,Cunha 2020,10.3389/fpls.2020.00127,
JERBI KERKENNAH,BEZOUL EL KHADEM DE TUNISIE,Parent 1,SSR,SSR,,,VIVC passport (pedigree confirmed by markers),10.1007/s11295-014-0746-9,,confirmed,BEZOUL EL KHADEM DE TUNISIE X MAHDOUI,10.1007/s11295-014-0746-9,none,10.1007/s11295-014-0746-9,10.1007/s11295-014-0746-9
JERBI KERKENNAH,MAHDOUI,Parent 2,SSR,SSR,,,VIVC passport (pedigree confirmed by markers),10.1007/s11295-014-0746-9,,confirmed,BEZOUL EL KHADEM DE TUNISIE X MAHDOUI,10.1007/s11295-014-0746-9,none,10.1007/s11295-014-0746-9,10.1007/s11295-014-0746-9
BELINA SEMNICKA,KOVACS KREGER,Parent 1,SSR,SSR,,,VIVC passport (pedigree confirmed by markers),10.3390/genes11070737,,confirmed,KOVACS KREGER X BELINA STAROHRVATSKA,10.3390/genes11070737,none,10.3390/genes11070737,10.3390/genes11070737
BELINA SEMNICKA,BELINA STAROHRVATSKA,Parent 2,SSR,SSR,,,VIVC passport (pedigree confirmed by markers),10.3390/genes11070737,,confirmed,KOVACS KREGER X BELINA STAROHRVATSKA,10.3390/genes11070737,none,10.3390/genes11070737,10.3390/genes11070737
BIJELA KRUPNA SR,RAZAKLIJA,Parent 1,SSR,SSR,,,VIVC passport (pedigree confirmed by markers),10.1038/s41598-020-71918-7,,confirmed,RAZAKLIJA X HEPTAKILO,10.1038/s41598-020-71918-7,none,10.1038/s41598-020-71918-7,10.1038/s41598-020-71918-7
BIJELA KRUPNA SR,HEPTAKILO,Parent 2,SSR,SSR,,,VIVC passport (pedigree confirmed by markers),10.1038/s41598-020-71918-7,,confirmed,RAZAKLIJA X HEPTAKILO,10.1038/s41598-020-71918-7,none,10.1038/s41598-020-71918-7,10.1038/s41598-020-71918-7
BIJELA NEPOZNATA,RAZAKLIJA,Parent 1,SSR,SSR,,,VIVC passport (pedigree confirmed by markers),10.1038/s41598-020-71918-7,,confirmed,RAZAKLIJA X KRATOSIJA,10.1038/s41598-020-71918-7,none,10.1038/s41598-020-71918-7,10.1038/s41598-020-71918-7
BIJELA NEPOZNATA,KRATOSIJA,Parent 2,SSR,SSR,,,VIVC passport (pedigree confirmed by markers),10.1038/s41598-020-71918-7,,confirmed,RAZAKLIJA X KRATOSIJA,10.1038/s41598-020-71918-7,none,10.1038/s41598-020-71918-7,10.1038/s41598-020-71918-7
BIJELA SLATKA IZ OPEKE,KRATOSIJA,Parent 1,SSR,SSR,,,VIVC passport (pedigree confirmed by markers),10.1038/s41598-020-71918-7,,confirmed,KRATOSIJA X LAGORTHI,10.1038/s41598-020-71918-7,none,10.1038/s41598-020-71918-7,10.1038/s41598-020-71918-7
BIJELA SLATKA IZ OPEKE,LAGORTHI,Parent 2,SSR,SSR,,,VIVC passport (pedigree confirmed by markers),10.1038/s41598-020-71918-7,,confirmed,KRATOSIJA X LAGORTHI,10.1038/s41598-020-71918-7,none,10.1038/s41598-020-71918-7,10.1038/s41598-020-71918-7
CRNA NEPOZNATA MASLINE,COARNA ALBA,Parent 1,SSR,SSR,,,VIVC passport (pedigree confirmed by markers),10.1038/s41598-020-71918-7,,confirmed,COARNA ALBA X VOLOVINA IZ OPEKE,10.1038/s41598-020-71918-7,none,10.1038/s41598-020-71918-7,10.1038/s41598-020-71918-7
CRNA NEPOZNATA MASLINE,VOLOVINA IZ OPEKE,Parent 2,SSR,SSR,,,VIVC passport (pedigree confirmed by markers),10.1038/s41598-020-71918-7,,confirmed,COARNA ALBA X VOLOVINA IZ OPEKE,10.1038/s41598-020-71918-7,none,10.1038/s41598-020-71918-7,10.1038/s41598-020-71918-7
CRNA TOMBA,RAZAKLIJA,Parent 1,SSR,SSR,,,VIVC passport (pedigree confirmed by markers),10.1038/s41598-020-71918-7,,confirmed,RAZAKLIJA X KRATOSIJA,10.1038/s41598-020-71918-7,none,10.1038/s41598-020-71918-7,10.1038/s41598-020-71918-7
CRNA TOMBA,KRATOSIJA,Parent 2,SSR,SSR,,,VIVC passport (pedigree confirmed by markers),10.1038/s41598-020-71918-7,,confirmed,RAZAKLIJA X KRATOSIJA,10.1038/s41598-020-71918-7,none,10.1038/s41598-020-71918-7,10.1038/s41598-020-71918-7
CRVENA KRIVAJA,RAZAKLIJA,Parent 1,SSR,SSR,,,VIVC passport (pedigree confirmed by markers),10.1038/s41598-020-71918-7,,confirmed,RAZAKLIJA X KRIVALJABIJELA,10.1038/s41598-020-71918-7,none,10.1038/s41598-020-71918-7,10.1038/s41598-020-71918-7
CRVENA KRIVAJA,KRIVALJABIJELA,Parent 2,SSR,SSR,,,VIVC passport (pedigree confirmed by markers),10.1038/s41598-020-71918-7,,confirmed,RAZAKLIJA X KRIVALJABIJELA,10.1038/s41598-020-71918-7,none,10.1038/s41598-020-71918-7,10.1038/s41598-020-71918-7
GOGOLJ,RAZAKLIJA,Parent 1,SSR,SSR,,,VIVC passport (pedigree confirmed by markers),10.1038/s41598-020-71918-7,,confirmed,RAZAKLIJA X RADOVACA,10.1038/s41598-020-71918-7,none,10.1038/s41598-020-71918-7,10.1038/s41598-020-71918-7
GOGOLJ,RADOVACA,Parent 2,SSR,SSR,,,VIVC passport (pedigree confirmed by markers),10.1038/s41598-020-71918-7,,confirmed,RAZAKLIJA X RADOVACA,10.1038/s41598-020-71918-7,none,10.1038/s41598-020-71918-7,10.1038/s41598-020-71918-7
LISICA 2,COARNA ALBA,Parent 1,SSR,SSR,,,VIVC passport (pedigree confirmed by markers),10.1038/s41598-020-71918-7,,confirmed,COARNA ALBA X LISICA,10.1038/s41598-020-71918-7,none,10.1038/s41598-020-71918-7,10.1038/s41598-020-71918-7
LISICA 2,LISICA,Parent 2,SSR,SSR,,,VIVC passport (pedigree confirmed by markers),10.1038/s41598-020-71918-7,,confirmed,COARNA ALBA X LISICA,10.1038/s41598-020-71918-7,none,10.1038/s41598-020-71918-7,10.1038/s41598-020-71918-7
LOZA SVETOG VASILIJA OSTROZKOG,RAZAKLIJA,Parent 1,SSR,SSR,,,VIVC passport (pedigree confirmed by markers),10.1038/s41598-020-71918-7,,confirmed,RAZAKLIJA X VELA PERGOLA,10.1038/s41598-020-71918-7,none,10.1038/s41598-020-71918-7,10.1038/s41598-020-71918-7
LOZA SVETOG VASILIJA OSTROZKOG,VELA PERGOLA,Parent 2,SSR,SSR,,,VIVC passport (pedigree confirmed by markers),10.1038/s41598-020-71918-7,,confirmed,RAZAKLIJA X VELA PERGOLA,10.1038/s41598-020-71918-7,none,10.1038/s41598-020-71918-7,10.1038/s41598-020-71918-7
NEPOZNATA KUCI,RAZAKLIJA,Parent 1,SSR,SSR,,,VIVC passport (pedigree confirmed by markers),10.1038/s41598-020-71918-7,,confirmed,RAZAKLIJA X CUBRICA,10.1038/s41598-020-71918-7,none,10.1038/s41598-020-71918-7,10.1038/s41598-020-71918-7
NEPOZNATA KUCI,CUBRICA,Parent 2,SSR,SSR,,,VIVC passport (pedigree confirmed by markers),10.1038/s41598-020-71918-7,,confirmed,RAZAKLIJA X CUBRICA,10.1038/s41598-020-71918-7,none,10.1038/s41598-020-71918-7,10.1038/s41598-020-71918-7
ZITKOVINA,BRATKOVINA BIJELA,Parent 1,SSR,SSR,,,VIVC passport (pedigree confirmed by markers),10.1038/s41598-020-71918-7,,confirmed,BRATKOVINA BIJELA X KRATOSIJA,10.1038/s41598-020-71918-7,none,10.1038/s41598-020-71918-7,10.1038/s41598-020-71918-7
ZITKOVINA,KRATOSIJA,Parent 2,SSR,SSR,,,VIVC passport (pedigree confirmed by markers),10.1038/s41598-020-71918-7,,confirmed,BRATKOVINA BIJELA X KRATOSIJA,10.1038/s41598-020-71918-7,none,10.1038/s41598-020-71918-7,10.1038/s41598-020-71918-7
BIESTRO,DOLCETTO BIANCO,Parent 1,SSR,SSR,,,VIVC passport (pedigree confirmed by markers),10.1038/s41598-020-72799-6,,confirmed,DOLCETTO BIANCO X MOISSAN,10.1038/s41598-020-72799-6,none,10.1038/s41598-020-72799-6,10.1038/s41598-020-72799-6
BIESTRO,MOISSAN,Parent 2,SSR,SSR,,,VIVC passport (pedigree confirmed by markers),10.1038/s41598-020-72799-6,,confirmed,DOLCETTO BIANCO X MOISSAN,10.1038/s41598-020-72799-6,none,10.1038/s41598-020-72799-6,10.1038/s41598-020-72799-6
GRIS,AVARENGO N.,Parent 1,SSR,SSR,,,VIVC passport (pedigree confirmed by markers),10.1038/s41598-020-72799-6,,confirmed,AVARENGO N. X MOISSAN,10.1038/s41598-020-72799-6,none,10.1038/s41598-020-72799-6,10.1038/s41598-020-72799-6
GRIS,MOISSAN,Parent 2,SSR,SSR,,,VIVC passport (pedigree confirmed by markers),10.1038/s41598-020-72799-6,,confirmed,AVARENGO N. X MOISSAN,10.1038/s41598-020-72799-6,none,10.1038/s41598-020-72799-6,10.1038/s41598-020-72799-6
IAC 16- 2,RAVAT 34,Parent 1,SSR,SSR,,,VIVC passport (pedigree confirmed by markers),10.1016/j.scienta.2023.111825,,confirmed,RAVAT 34 X MUSCAT HAMBURG,10.1016/j.scienta.2023.111825,none,10.1016/j.scienta.2023.111825,10.1016/j.scienta.2023.111825
IAC 16- 2,MUSCAT HAMBURG,Parent 2,SSR,SSR,,,VIVC passport (pedigree confirmed by markers),10.1016/j.scienta.2023.111825,,confirmed,RAVAT 34 X MUSCAT HAMBURG,10.1016/j.scienta.2023.111825,none,10.1016/j.scienta.2023.111825,10.1016/j.scienta.2023.111825
AREVABUYR,ANGUR KALAN,Parent 1,SSR,SSR,,,VIVC passport (via Margaryan 2021),10.3390/biology10121279,,confirmed,ANGUR KALAN X ITALIA,10.3390/biology10121279,Margaryan 2021,10.3390/biology10121279,
AREVABUYR,ITALIA,Parent 2,SSR,SSR,,,VIVC passport (via Margaryan 2021),10.3390/biology10121279,,confirmed,ANGUR KALAN X ITALIA,10.3390/biology10121279,Margaryan 2021,10.3390/biology10121279,
MUSCAT KARMIR,ANGUR KALAN,Parent 1,SSR,SSR,,,VIVC passport (pedigree confirmed by markers),10.20870/oeno-one.2021.55.4.4815,,confirmed,ANGUR KALAN X MATHIASZ JANOSNE,10.20870/oeno-one.2021.55.4.4815,none,10.20870/oeno-one.2021.55.4.4815,10.20870/oeno-one.2021.55.4.4815
MUSCAT KARMIR,MATHIASZ JANOSNE,Parent 2,SSR,SSR,,,VIVC passport (pedigree confirmed by markers),10.20870/oeno-one.2021.55.4.4815,,confirmed,ANGUR KALAN X MATHIASZ JANOSNE,10.20870/oeno-one.2021.55.4.4815,none,10.20870/oeno-one.2021.55.4.4815,10.20870/oeno-one.2021.55.4.4815
MUSCAT MERDZAVANI,MUSCAT HAYKAKAN,Parent 1,SSR,SSR,,,VIVC passport (via Margaryan 2021),10.3390/biology10121279,,confirmed,MUSCAT HAYKAKAN X MOSCHATO MAVRO,10.3390/biology10121279,Margaryan 2021,10.3390/biology10121279,
MUSCAT MERDZAVANI,MOSCHATO MAVRO,Parent 2,SSR,SSR,,,VIVC passport (via Margaryan 2021),10.3390/biology10121279,,confirmed,MUSCAT HAYKAKAN X MOSCHATO MAVRO,10.3390/biology10121279,Margaryan 2021,10.3390/biology10121279,
GRILLA,STRINTO PORCINO,Parent 1,SSR,SSR,,,VIVC passport (via Lacombe & Emanuelli 2020),10.3389/fpls.2020.605934,,confirmed,STRINTO PORCINO X VISPAROLA,10.3389/fpls.2020.605934,Lacombe & Emanuelli 2020,10.3389/fpls.2020.605934,
GRILLA,VISPAROLA,Parent 2,SSR,SSR,,,VIVC passport (via Lacombe & Emanuelli 2020),10.3389/fpls.2020.605934,,confirmed,STRINTO PORCINO X VISPAROLA,10.3389/fpls.2020.605934,Lacombe & Emanuelli 2020,10.3389/fpls.2020.605934,
CHRAGI SPITAK,SHAFEI,Parent 1,SSR,SSR,,,VIVC passport (pedigree confirmed by markers),,,confirmed,SHAFEI X CHRAGI ERKSER,,none,,
CHRAGI SPITAK,CHRAGI ERKSER,Parent 2,SSR,SSR,,,VIVC passport (pedigree confirmed by markers),,,confirmed,SHAFEI X CHRAGI ERKSER,,none,,
UVA DEL PADRE,LISTAN PRIETO,Parent 1,SSR,SSR,,,VIVC passport (pedigree confirmed by markers),,,confirmed,LISTAN PRIETO X MUSCAT OF ALEXANDRIA,,none,,
UVA DEL PADRE,MUSCAT OF ALEXANDRIA,Parent 2,SSR,SSR,,,VIVC passport (pedigree confirmed by markers),,,confirmed,LISTAN PRIETO X MUSCAT OF ALEXANDRIA,,none,,
HUASQUINA PISQUERA,LISTAN PRIETO,Parent 1,SSR,SSR,,,VIVC passport (pedigree confirmed by markers),,,confirmed,LISTAN PRIETO X MUSCAT OF ALEXANDRIA,,none,,
HUASQUINA PISQUERA,MUSCAT OF ALEXANDRIA,Parent 2,SSR,SSR,,,VIVC passport (pedigree confirmed by markers),,,confirmed,LISTAN PRIETO X MUSCAT OF ALEXANDRIA,,none,,
CRIOLLA MEDIANA,LISTAN PRIETO,Parent 1,SSR,SSR,,,VIVC passport (pedigree confirmed by markers),,,confirmed,LISTAN PRIETO X MUSCAT OF ALEXANDRIA,,none,,
CRIOLLA MEDIANA,MUSCAT OF ALEXANDRIA,Parent 2,SSR,SSR,,,VIVC passport (pedigree confirmed by markers),,,confirmed,LISTAN PRIETO X MUSCAT OF ALEXANDRIA,,none,,
KARMRAHAT,SEYANETS S 1262,Parent 1,SSR,SSR,,,VIVC passport (via Margaryan 2021),10.3390/biology10121279,,confirmed,SEYANETS S 1262 X KARMRAHYUT,10.3390/biology10121279,Margaryan 2021,10.3390/biology10121279,
KARMRAHAT,KARMRAHYUT,Parent 2,SSR,SSR,,,VIVC passport (via Margaryan 2021),10.3390/biology10121279,,confirmed,SEYANETS S 1262 X KARMRAHYUT,10.3390/biology10121279,Margaryan 2021,10.3390/biology10121279,
ALFREDO MARCHETTI,MATURANO BIANCO,Parent 1,SSR,SSR,,,VIVC passport (pedigree confirmed by markers),10.20870/oeno-one.2021.55.3.4628,,confirmed,MATURANO BIANCO X MATURANO BIANCO,10.20870/oeno-one.2021.55.3.4628,none,10.20870/oeno-one.2021.55.3.4628,10.20870/oeno-one.2021.55.3.4628
ALFREDO MARCHETTI,MATURANO BIANCO,Parent 2,SSR,SSR,,,VIVC passport (pedigree confirmed by markers),10.20870/oeno-one.2021.55.3.4628,,confirmed,MATURANO BIANCO X MATURANO BIANCO,10.20870/oeno-one.2021.55.3.4628,none,10.20870/oeno-one.2021.55.3.4628,10.20870/oeno-one.2021.55.3.4628
SPITAK LERNATU,MADELEINE ANGEVINE,Parent 1,SSR,SSR,,,VIVC passport (via Margaryan 2021),10.3390/biology10121279,,confirmed,MADELEINE ANGEVINE X SATENI BELYI,10.3390/biology10121279,Margaryan 2021,10.3390/biology10121279,
SPITAK LERNATU,SATENI BELYI,Parent 2,SSR,SSR,,,VIVC passport (via Margaryan 2021),10.3390/biology10121279,,confirmed,MADELEINE ANGEVINE X SATENI BELYI,10.3390/biology10121279,Margaryan 2021,10.3390/biology10121279,
CABERNET LABRUSCO,CABERNET SAUVIGNON,Parent 1,SSR,SSR,,,VIVC passport (pedigree confirmed by markers),,,confirmed,CABERNET SAUVIGNON X DANUGUE,,none,,
CABERNET LABRUSCO,DANUGUE,Parent 2,SSR,SSR,,,VIVC passport (pedigree confirmed by markers),,,confirmed,CABERNET SAUVIGNON X DANUGUE,,none,,
PINORE,PINOT NOIR,Parent 1,SSR,SSR,,,VIVC passport (pedigree confirmed by markers),10.3390/plants10122666,,confirmed,PINOT NOIR X REGENT,10.3390/plants10122666,none,10.3390/plants10122666,10.3390/plants10122666
PINORE,REGENT,Parent 2,SSR,SSR,,,VIVC passport (pedigree confirmed by markers),10.3390/plants10122666,,confirmed,PINOT NOIR X REGENT,10.3390/plants10122666,none,10.3390/plants10122666,10.3390/plants10122666
ROSADA,MARUFO,Parent 1,SSR,SSR,,,VIVC passport (pedigree confirmed by markers),10.3390/plants10122755,,confirmed,MARUFO X GOUVEIO,10.3390/plants10122755,none,10.3390/plants10122755,10.3390/plants10122755
ROSADA,GOUVEIO,Parent 2,SSR,SSR,,,VIVC passport (pedigree confirmed by markers),10.3390/plants10122755,,confirmed,MARUFO X GOUVEIO,10.3390/plants10122755,none,10.3390/plants10122755,10.3390/plants10122755
NEPOZNATA 2,RAZAKLIJA,Parent 1,SSR,SSR,,,VIVC passport (pedigree confirmed by markers),10.1038/s41598-020-71918-7,,confirmed,RAZAKLIJA X ALPHONSE LAVALLEE,10.1038/s41598-020-71918-7,none,10.1038/s41598-020-71918-7,10.1038/s41598-020-71918-7
NEPOZNATA 2,ALPHONSE LAVALLEE,Parent 2,SSR,SSR,,,VIVC passport (pedigree confirmed by markers),10.1038/s41598-020-71918-7,,confirmed,RAZAKLIJA X ALPHONSE LAVALLEE,10.1038/s41598-020-71918-7,none,10.1038/s41598-020-71918-7,10.1038/s41598-020-71918-7
MOLLAR DE ICA,MOLLAR CANO,Parent 1,SSR,SSR,,,VIVC passport (pedigree confirmed by markers),10.5073/vitis.2022.61.47-51,,confirmed,MOLLAR CANO X QUEBRANTA,10.5073/vitis.2022.61.47-51,none,10.5073/vitis.2022.61.47-51,10.5073/vitis.2022.61.47-51
MOLLAR DE ICA,QUEBRANTA,Parent 2,SSR,SSR,,,VIVC passport (pedigree confirmed by markers),10.5073/vitis.2022.61.47-51,,confirmed,MOLLAR CANO X QUEBRANTA,10.5073/vitis.2022.61.47-51,none,10.5073/vitis.2022.61.47-51,10.5073/vitis.2022.61.47-51
MOSCATEL ROSADA DE CANETE,MOSCATEL ROSADO,Parent 1,SSR,SSR,,,VIVC passport (pedigree confirmed by markers),10.5073/vitis.2022.61.47-51,,confirmed,MOSCATEL ROSADO X LISTAN PRIETO,10.5073/vitis.2022.61.47-51,none,10.5073/vitis.2022.61.47-51,10.5073/vitis.2022.61.47-51
MOSCATEL ROSADA DE CANETE,LISTAN PRIETO,Parent 2,SSR,SSR,,,VIVC passport (pedigree confirmed by markers),10.5073/vitis.2022.61.47-51,,confirmed,MOSCATEL ROSADO X LISTAN PRIETO,10.5073/vitis.2022.61.47-51,none,10.5073/vitis.2022.61.47-51,10.5073/vitis.2022.61.47-51
PRIETA MOLLAR,LISTAN PRIETO,Parent 1,SSR,SSR,,,VIVC passport (pedigree confirmed by markers),10.5073/vitis.2022.61.47-51,,confirmed,LISTAN PRIETO X QUEBRANTA,10.5073/vitis.2022.61.47-51,none,10.5073/vitis.2022.61.47-51,10.5073/vitis.2022.61.47-51
PRIETA MOLLAR,QUEBRANTA,Parent 2,SSR,SSR,,,VIVC passport (pedigree confirmed by markers),10.5073/vitis.2022.61.47-51,,confirmed,LISTAN PRIETO X QUEBRANTA,10.5073/vitis.2022.61.47-51,none,10.5073/vitis.2022.61.47-51,10.5073/vitis.2022.61.47-51
TORONTEL PERUANO,MUSCAT OF ALEXANDRIA,Parent 1,SSR,SSR,,,VIVC passport (pedigree confirmed by markers),10.5073/vitis.2022.61.47-51,,confirmed,MUSCAT OF ALEXANDRIA X LISTAN PRIETO,10.5073/vitis.2022.61.47-51,none,10.5073/vitis.2022.61.47-51,10.5073/vitis.2022.61.47-51
TORONTEL PERUANO,LISTAN PRIETO,Parent 2,SSR,SSR,,,VIVC passport (pedigree confirmed by markers),10.5073/vitis.2022.61.47-51,,confirmed,MUSCAT OF ALEXANDRIA X LISTAN PRIETO,10.5073/vitis.2022.61.47-51,none,10.5073/vitis.2022.61.47-51,10.5073/vitis.2022.61.47-51
SEMENAC 1-17-1,ALICANTE HENRI BOUSCHET,Parent 1,SSR,SSR,,,VIVC passport (via Margaryan 2021),10.3390/biology10121279,,confirmed,ALICANTE HENRI BOUSCHET X CABERNET SAUVIGNON,10.3390/biology10121279,Margaryan 2021,10.3390/biology10121279,
SEMENAC 1-17-1,CABERNET SAUVIGNON,Parent 2,SSR,SSR,,,VIVC passport (via Margaryan 2021),10.3390/biology10121279,,confirmed,ALICANTE HENRI BOUSCHET X CABERNET SAUVIGNON,10.3390/biology10121279,Margaryan 2021,10.3390/biology10121279,
ACHALA NOIR,LISTAN PRIETO,Parent 1,SSR,SSR,,,VIVC passport (pedigree confirmed by markers),10.1111/ajgw.12561,,confirmed,LISTAN PRIETO X MUSCAT OF ALEXANDRIA,10.1111/ajgw.12561,none,10.1111/ajgw.12561,10.1111/ajgw.12561
ACHALA NOIR,MUSCAT OF ALEXANDRIA,Parent 2,SSR,SSR,,,VIVC passport (pedigree confirmed by markers),10.1111/ajgw.12561,,confirmed,LISTAN PRIETO X MUSCAT OF ALEXANDRIA,10.1111/ajgw.12561,none,10.1111/ajgw.12561,10.1111/ajgw.12561
ANGUALASTO,LISTAN PRIETO,Parent 1,SSR,SSR,,,VIVC passport (pedigree confirmed by markers),10.1111/ajgw.12561,,confirmed,LISTAN PRIETO X MUSCAT OF ALEXANDRIA,10.1111/ajgw.12561,none,10.1111/ajgw.12561,10.1111/ajgw.12561
ANGUALASTO,MUSCAT OF ALEXANDRIA,Parent 2,SSR,SSR,,,VIVC passport (pedigree confirmed by markers),10.1111/ajgw.12561,,confirmed,LISTAN PRIETO X MUSCAT OF ALEXANDRIA,10.1111/ajgw.12561,none,10.1111/ajgw.12561,10.1111/ajgw.12561
BLANCA CHICA,CRIOLLA GRANDE SANJUANINA,Parent 1,SSR,SSR,,,VIVC passport (pedigree confirmed by markers),10.1111/ajgw.12561,,confirmed,CRIOLLA GRANDE SANJUANINA X TORRONTES RIOJANO,10.1111/ajgw.12561,none,10.1111/ajgw.12561,10.1111/ajgw.12561
BLANCA CHICA,TORRONTES RIOJANO,Parent 2,SSR,SSR,,,VIVC passport (pedigree confirmed by markers),10.1111/ajgw.12561,,confirmed,CRIOLLA GRANDE SANJUANINA X TORRONTES RIOJANO,10.1111/ajgw.12561,none,10.1111/ajgw.12561,10.1111/ajgw.12561
BOTIJA,MOSCATEL ROSADO,Parent 1,SSR,SSR,,,VIVC passport (pedigree confirmed by markers),10.1111/ajgw.12561,,confirmed,MOSCATEL ROSADO X CEREZA,10.1111/ajgw.12561,none,10.1111/ajgw.12561,10.1111/ajgw.12561
BOTIJA,CEREZA,Parent 2,SSR,SSR,,,VIVC passport (pedigree confirmed by markers),10.1111/ajgw.12561,,confirmed,MOSCATEL ROSADO X CEREZA,10.1111/ajgw.12561,none,10.1111/ajgw.12561,10.1111/ajgw.12561
COSTENA,LISTAN PRIETO,Parent 1,SSR,SSR,,,VIVC passport (pedigree confirmed by markers),10.1111/ajgw.12561,,confirmed,LISTAN PRIETO X MUSCAT OF ALEXANDRIA,10.1111/ajgw.12561,none,10.1111/ajgw.12561,10.1111/ajgw.12561
COSTENA,MUSCAT OF ALEXANDRIA,Parent 2,SSR,SSR,,,VIVC passport (pedigree confirmed by markers),10.1111/ajgw.12561,,confirmed,LISTAN PRIETO X MUSCAT OF ALEXANDRIA,10.1111/ajgw.12561,none,10.1111/ajgw.12561,10.1111/ajgw.12561
CRIOLLA DE SIJAN,LISTAN PRIETO,Parent 1,SSR,SSR,,,VIVC passport (pedigree confirmed by markers),10.1111/ajgw.12561,,confirmed,LISTAN PRIETO X MUSCAT OF ALEXANDRIA,10.1111/ajgw.12561,none,10.1111/ajgw.12561,10.1111/ajgw.12561
CRIOLLA DE SIJAN,MUSCAT OF ALEXANDRIA,Parent 2,SSR,SSR,,,VIVC passport (pedigree confirmed by markers),10.1111/ajgw.12561,,confirmed,LISTAN PRIETO X MUSCAT OF ALEXANDRIA,10.1111/ajgw.12561,none,10.1111/ajgw.12561,10.1111/ajgw.12561
CRIOLLA DE TINOGASTA,LISTAN PRIETO,Parent 1,SSR,SSR,,,VIVC passport (pedigree confirmed by markers),10.1111/ajgw.12561,,confirmed,LISTAN PRIETO X MUSCAT OF ALEXANDRIA,10.1111/ajgw.12561,none,10.1111/ajgw.12561,10.1111/ajgw.12561
CRIOLLA DE TINOGASTA,MUSCAT OF ALEXANDRIA,Parent 2,SSR,SSR,,,VIVC passport (pedigree confirmed by markers),10.1111/ajgw.12561,,confirmed,LISTAN PRIETO X MUSCAT OF ALEXANDRIA,10.1111/ajgw.12561,none,10.1111/ajgw.12561,10.1111/ajgw.12561
DEOLINDA,LISTAN PRIETO,Parent 1,SSR,SSR,,,VIVC passport (pedigree confirmed by markers),10.1111/ajgw.12561,,confirmed,LISTAN PRIETO X MUSCAT OF ALEXANDRIA,10.1111/ajgw.12561,none,10.1111/ajgw.12561,10.1111/ajgw.12561
DEOLINDA,MUSCAT OF ALEXANDRIA,Parent 2,SSR,SSR,,,VIVC passport (pedigree confirmed by markers),10.1111/ajgw.12561,,confirmed,LISTAN PRIETO X MUSCAT OF ALEXANDRIA,10.1111/ajgw.12561,none,10.1111/ajgw.12561,10.1111/ajgw.12561
MOSCATEL TINTO,LISTAN PRIETO,Parent 1,SSR,SSR,,,VIVC passport (pedigree confirmed by markers),10.1111/ajgw.12561,,confirmed,LISTAN PRIETO X MUSCAT OF ALEXANDRIA,10.1111/ajgw.12561,none,10.1111/ajgw.12561,10.1111/ajgw.12561
MOSCATEL TINTO,MUSCAT OF ALEXANDRIA,Parent 2,SSR,SSR,,,VIVC passport (pedigree confirmed by markers),10.1111/ajgw.12561,,confirmed,LISTAN PRIETO X MUSCAT OF ALEXANDRIA,10.1111/ajgw.12561,none,10.1111/ajgw.12561,10.1111/ajgw.12561
PALO BLANCO,LISTAN PRIETO,Parent 1,SSR,SSR,,,VIVC passport (pedigree confirmed by markers),10.1111/ajgw.12561,,confirmed,LISTAN PRIETO X MUSCAT OF ALEXANDRIA,10.1111/ajgw.12561,none,10.1111/ajgw.12561,10.1111/ajgw.12561
PALO BLANCO,MUSCAT OF ALEXANDRIA,Parent 2,SSR,SSR,,,VIVC passport (pedigree confirmed by markers),10.1111/ajgw.12561,,confirmed,LISTAN PRIETO X MUSCAT OF ALEXANDRIA,10.1111/ajgw.12561,none,10.1111/ajgw.12561,10.1111/ajgw.12561
ROSADA FIAMBALA,LISTAN PRIETO,Parent 1,SSR,SSR,,,VIVC passport (pedigree confirmed by markers),10.1111/ajgw.12561,,confirmed,LISTAN PRIETO X MUSCAT OF ALEXANDRIA,10.1111/ajgw.12561,none,10.1111/ajgw.12561,10.1111/ajgw.12561
ROSADA FIAMBALA,MUSCAT OF ALEXANDRIA,Parent 2,SSR,SSR,,,VIVC passport (pedigree confirmed by markers),10.1111/ajgw.12561,,confirmed,LISTAN PRIETO X MUSCAT OF ALEXANDRIA,10.1111/ajgw.12561,none,10.1111/ajgw.12561,10.1111/ajgw.12561
TORRONTES TATON,LISTAN PRIETO,Parent 1,SSR,SSR,,,VIVC passport (pedigree confirmed by markers),10.1111/ajgw.12561,,confirmed,LISTAN PRIETO X MUSCAT OF ALEXANDRIA,10.1111/ajgw.12561,none,10.1111/ajgw.12561,10.1111/ajgw.12561
TORRONTES TATON,MUSCAT OF ALEXANDRIA,Parent 2,SSR,SSR,,,VIVC passport (pedigree confirmed by markers),10.1111/ajgw.12561,,confirmed,LISTAN PRIETO X MUSCAT OF ALEXANDRIA,10.1111/ajgw.12561,none,10.1111/ajgw.12561,10.1111/ajgw.12561
TINTA DE TINOGASTA,LISTAN PRIETO,Parent 1,SSR,SSR,,,VIVC passport (pedigree confirmed by markers),10.1111/ajgw.12561,,confirmed,LISTAN PRIETO X MUSCAT OF ALEXANDRIA,10.1111/ajgw.12561,none,10.1111/ajgw.12561,10.1111/ajgw.12561
TINTA DE TINOGASTA,MUSCAT OF ALEXANDRIA,Parent 2,SSR,SSR,,,VIVC passport (pedigree confirmed by markers),10.1111/ajgw.12561,,confirmed,LISTAN PRIETO X MUSCAT OF ALEXANDRIA,10.1111/ajgw.12561,none,10.1111/ajgw.12561,10.1111/ajgw.12561
UVA MARIA,LISTAN PRIETO,Parent 1,SSR,SSR,,,VIVC passport (pedigree confirmed by markers),10.1111/ajgw.12561,,confirmed,LISTAN PRIETO X MUSCAT OF ALEXANDRIA,10.1111/ajgw.12561,none,10.1111/ajgw.12561,10.1111/ajgw.12561
UVA MARIA,MUSCAT OF ALEXANDRIA,Parent 2,SSR,SSR,,,VIVC passport (pedigree confirmed by markers),10.1111/ajgw.12561,,confirmed,LISTAN PRIETO X MUSCAT OF ALEXANDRIA,10.1111/ajgw.12561,none,10.1111/ajgw.12561,10.1111/ajgw.12561
UVA PASCUA,LISTAN PRIETO,Parent 1,SSR,SSR,,,VIVC passport (pedigree confirmed by markers),10.1111/ajgw.12561,,confirmed,LISTAN PRIETO X MUSCAT BLANC A PETITS GRAINS,10.1111/ajgw.12561,none,10.1111/ajgw.12561,10.1111/ajgw.12561
UVA PASCUA,MUSCAT BLANC A PETITS GRAINS,Parent 2,SSR,SSR,,,VIVC passport (pedigree confirmed by markers),10.1111/ajgw.12561,,confirmed,LISTAN PRIETO X MUSCAT BLANC A PETITS GRAINS,10.1111/ajgw.12561,none,10.1111/ajgw.12561,10.1111/ajgw.12561
DAVIS 12305- 55,DAVIS B 46-43,Parent 1,SSR,SSR,,,VIVC passport (pedigree confirmed by markers),10.1007/s00122-018-3100-z,,confirmed,DAVIS B 46-43 X V.VINIVERA,10.1007/s00122-018-3100-z,none,10.1007/s00122-018-3100-z,10.1007/s00122-018-3100-z
DAVIS 12305- 55,V.VINIVERA,Parent 2,SSR,SSR,,,VIVC passport (pedigree confirmed by markers),10.1007/s00122-018-3100-z,,confirmed,DAVIS B 46-43 X V.VINIVERA,10.1007/s00122-018-3100-z,none,10.1007/s00122-018-3100-z,10.1007/s00122-018-3100-z
DAVIS 12340- 13,DAVIS B 40-29,Parent 1,SSR,SSR,,,VIVC passport (pedigree confirmed by markers),10.1007/s00122-018-3100-z,,confirmed,DAVIS B 40-29 X V.VINIFERA,10.1007/s00122-018-3100-z,none,10.1007/s00122-018-3100-z,10.1007/s00122-018-3100-z
DAVIS 12340- 13,V.VINIFERA,Parent 2,SSR,SSR,,,VIVC passport (pedigree confirmed by markers),10.1007/s00122-018-3100-z,,confirmed,DAVIS B 40-29 X V.VINIFERA,10.1007/s00122-018-3100-z,none,10.1007/s00122-018-3100-z,10.1007/s00122-018-3100-z
DAVIS 12340- 14,DAVIS B 40-29,Parent 1,SSR,SSR,,,VIVC passport (pedigree confirmed by markers),10.1007/s00122-018-3100-z,,confirmed,DAVIS B 40-29 X V.VINIFERA,10.1007/s00122-018-3100-z,none,10.1007/s00122-018-3100-z,10.1007/s00122-018-3100-z
DAVIS 12340- 14,V.VINIFERA,Parent 2,SSR,SSR,,,VIVC passport (pedigree confirmed by markers),10.1007/s00122-018-3100-z,,confirmed,DAVIS B 40-29 X V.VINIFERA,10.1007/s00122-018-3100-z,none,10.1007/s00122-018-3100-z,10.1007/s00122-018-3100-z
DAVIS 12305- 56,"DAVIS B 46,43",Parent 1,SSR,SSR,,,VIVC passport (pedigree confirmed by markers),10.1007/s00122-018-3100-z,,confirmed,"DAVIS B 46,43 X V- VINIVERA",10.1007/s00122-018-3100-z,none,10.1007/s00122-018-3100-z,10.1007/s00122-018-3100-z
DAVIS 12305- 56,V- VINIVERA,Parent 2,SSR,SSR,,,VIVC passport (pedigree confirmed by markers),10.1007/s00122-018-3100-z,,confirmed,"DAVIS B 46,43 X V- VINIVERA",10.1007/s00122-018-3100-z,none,10.1007/s00122-018-3100-z,10.1007/s00122-018-3100-z
DAVIS 12305- 83,DAVS B 46-43,Parent 1,SSR,SSR,,,VIVC passport (pedigree confirmed by markers),10.1007/s00122-018-3100-z,,confirmed,DAVS B 46-43 X V.VINIFERA,10.1007/s00122-018-3100-z,none,10.1007/s00122-018-3100-z,10.1007/s00122-018-3100-z
DAVIS 12305- 83,V.VINIFERA,Parent 2,SSR,SSR,,,VIVC passport (pedigree confirmed by markers),10.1007/s00122-018-3100-z,,confirmed,DAVS B 46-43 X V.VINIFERA,10.1007/s00122-018-3100-z,none,10.1007/s00122-018-3100-z,10.1007/s00122-018-3100-z
RAMISHVILI 17/11,TEBRIZI,Parent 1,SSR,SSR,,,VIVC passport (pedigree confirmed by markers),,,confirmed,TEBRIZI X MUSCAT OF ALEXANDRIA,,none,,
RAMISHVILI 17/11,MUSCAT OF ALEXANDRIA,Parent 2,SSR,SSR,,,VIVC passport (pedigree confirmed by markers),,,confirmed,TEBRIZI X MUSCAT OF ALEXANDRIA,,none,,
RAMISHVILI CROSS (NON IDENTIFIED),MADELEINE ANGEVINE,Parent 1,SSR,SSR,,,VIVC passport (pedigree confirmed by markers),,,confirmed,MADELEINE ANGEVINE X AGOSTENGA,,none,,
RAMISHVILI CROSS (NON IDENTIFIED),AGOSTENGA,Parent 2,SSR,SSR,,,VIVC passport (pedigree confirmed by markers),,,confirmed,MADELEINE ANGEVINE X AGOSTENGA,,none,,
EBONY STAR,REDGLOBE,Parent 1,SSR,SSR,,,VIVC passport (pedigree confirmed by markers),10.21548/39-1-2053,,confirmed,REDGLOBE X LA ROCHELLE,10.21548/39-1-2053,none,10.21548/39-1-2053,10.21548/39-1-2053
EBONY STAR,LA ROCHELLE,Parent 2,SSR,SSR,,,VIVC passport (pedigree confirmed by markers),10.21548/39-1-2053,,confirmed,REDGLOBE X LA ROCHELLE,10.21548/39-1-2053,none,10.21548/39-1-2053,10.21548/39-1-2053
WHITE GEM,DATAL,Parent 1,SSR,SSR,,,VIVC passport (pedigree confirmed by markers),,,confirmed,DATAL X CENTENNIAL SEEDLESS,,none,,
WHITE GEM,CENTENNIAL SEEDLESS,Parent 2,SSR,SSR,,,VIVC passport (pedigree confirmed by markers),,,confirmed,DATAL X CENTENNIAL SEEDLESS,,none,,
KABASHNYI,COARNA ALBA,Parent 1,SSR,SSR,,,VIVC passport (pedigree confirmed by markers),10.1134/S2635167622050135,,confirmed,COARNA ALBA X BULANYI,10.1134/S2635167622050135,none,10.1134/S2635167622050135,10.1134/S2635167622050135
KABASHNYI,BULANYI,Parent 2,SSR,SSR,,,VIVC passport (pedigree confirmed by markers),10.1134/S2635167622050135,,confirmed,COARNA ALBA X BULANYI,10.1134/S2635167622050135,none,10.1134/S2635167622050135,10.1134/S2635167622050135
SIVOLISTYI,COARNA ALBA,Parent 1,SSR,SSR,,,VIVC passport (pedigree confirmed by markers),10.1134/S2635167622050135,,confirmed,COARNA ALBA X BULANYI,10.1134/S2635167622050135,none,10.1134/S2635167622050135,10.1134/S2635167622050135
SIVOLISTYI,BULANYI,Parent 2,SSR,SSR,,,VIVC passport (pedigree confirmed by markers),10.1134/S2635167622050135,,confirmed,COARNA ALBA X BULANYI,10.1134/S2635167622050135,none,10.1134/S2635167622050135,10.1134/S2635167622050135
ELINCE,AREVIK SPITAK,Parent 1,SSR,SSR,,,VIVC passport (pedigree confirmed by markers),,,confirmed,AREVIK SPITAK X ARRARATI,,none,,
ELINCE,ARRARATI,Parent 2,SSR,SSR,,,VIVC passport (pedigree confirmed by markers),,,confirmed,AREVIK SPITAK X ARRARATI,,none,,
SULTANY KISHMISHI,ANGUR KALAN,Parent 1,SSR,SSR,,,VIVC passport (pedigree confirmed by markers),,,confirmed,ANGUR KALAN X KISHMISH CHERNYI,,none,,
SULTANY KISHMISHI,KISHMISH CHERNYI,Parent 2,SSR,SSR,,,VIVC passport (pedigree confirmed by markers),,,confirmed,ANGUR KALAN X KISHMISH CHERNYI,,none,,
ELMIN,CHAOUCH ROZOVYI,Parent 1,SSR,SSR,,,VIVC passport (pedigree confirmed by markers),,,confirmed,CHAOUCH ROZOVYI X DATTIER DE ST. VALLIER,,none,,
ELMIN,DATTIER DE ST. VALLIER,Parent 2,SSR,SSR,,,VIVC passport (pedigree confirmed by markers),,,confirmed,CHAOUCH ROZOVYI X DATTIER DE ST. VALLIER,,none,,
CALABRESERTRAUBE (COLLECTION RODRIAN),BICANE,Parent 1,SSR,SSR,,,VIVC passport (pedigree confirmed by markers),,,confirmed,BICANE X PINOT,,none,,
CALABRESERTRAUBE (COLLECTION RODRIAN),PINOT,Parent 2,SSR,SSR,,,VIVC passport (pedigree confirmed by markers),,,confirmed,BICANE X PINOT,,none,,
SHATIN,ANGUR KALAN,Parent 1,SSR,SSR,,,VIVC passport (via Margaryan 2021),10.3390/biology10121279,,confirmed,ANGUR KALAN X CSABA GYOENGYE,10.3390/biology10121279,Margaryan 2021,10.3390/biology10121279,
SHATIN,CSABA GYOENGYE,Parent 2,SSR,SSR,,,VIVC passport (via Margaryan 2021),10.3390/biology10121279,,confirmed,ANGUR KALAN X CSABA GYOENGYE,10.3390/biology10121279,Margaryan 2021,10.3390/biology10121279,
PATOUJA,CHIAVENNASCA BIANCA,Parent 1,SSR,SSR,,,VIVC passport (pedigree confirmed by markers),10.1038/s41598-020-72799-6,,confirmed,CHIAVENNASCA BIANCA X MOISSAN,10.1038/s41598-020-72799-6,none,10.1038/s41598-020-72799-6,10.1038/s41598-020-72799-6
PATOUJA,MOISSAN,Parent 2,SSR,SSR,,,VIVC passport (pedigree confirmed by markers),10.1038/s41598-020-72799-6,,confirmed,CHIAVENNASCA BIANCA X MOISSAN,10.1038/s41598-020-72799-6,none,10.1038/s41598-020-72799-6,10.1038/s41598-020-72799-6
JERDI,BLANC DE DELLYS,Parent 1,SSR,SSR,,,VIVC passport (pedigree confirmed by markers),10.1007/s10722-024-02203-z,,confirmed,BLANC DE DELLYS X ASSOUED KERE,10.1007/s10722-024-02203-z,none,10.1007/s10722-024-02203-z,10.1007/s10722-024-02203-z
JERDI,ASSOUED KERE,Parent 2,SSR,SSR,,,VIVC passport (pedigree confirmed by markers),10.1007/s10722-024-02203-z,,confirmed,BLANC DE DELLYS X ASSOUED KERE,10.1007/s10722-024-02203-z,none,10.1007/s10722-024-02203-z,10.1007/s10722-024-02203-z
OLHATI,MARINI,Parent 1,SSR,SSR,,,VIVC passport (pedigree confirmed by markers),10.1007/s10722-024-02203-z,,confirmed,MARINI X ASSOUED KERE,10.1007/s10722-024-02203-z,none,10.1007/s10722-024-02203-z,10.1007/s10722-024-02203-z
OLHATI,ASSOUED KERE,Parent 2,SSR,SSR,,,VIVC passport (pedigree confirmed by markers),10.1007/s10722-024-02203-z,,confirmed,MARINI X ASSOUED KERE,10.1007/s10722-024-02203-z,none,10.1007/s10722-024-02203-z,10.1007/s10722-024-02203-z
CHATAWI BAROUK,AHMAR MAWARDI,Parent 1,SSR,SSR,,,VIVC passport (pedigree confirmed by markers),10.1007/s10722-024-02203-z,,confirmed,AHMAR MAWARDI X KEHLIBAR,10.1007/s10722-024-02203-z,none,10.1007/s10722-024-02203-z,10.1007/s10722-024-02203-z
CHATAWI BAROUK,KEHLIBAR,Parent 2,SSR,SSR,,,VIVC passport (pedigree confirmed by markers),10.1007/s10722-024-02203-z,,confirmed,AHMAR MAWARDI X KEHLIBAR,10.1007/s10722-024-02203-z,none,10.1007/s10722-024-02203-z,10.1007/s10722-024-02203-z
DOIGHT DU NEIGNE,ASSWAD ABOU KHISLE,Parent 1,SSR,SSR,,,VIVC passport (via Lacombe & Emanuelli 2020; Lacombe 2013; Laucou 2018),10.1007/s00122-012-1988-2,,confirmed,ASSWAD ABOU KHISLE X ASSOUED KERE,10.1007/s00122-012-1988-2; 10.1371/journal.pone.0192540; 10.3389/fpls.2020.605934,Lacombe & Emanuelli 2020; Lacombe 2013; Laucou 2018,10.1007/s00122-012-1988-2,
DOIGHT DU NEIGNE,ASSOUED KERE,Parent 2,SSR,SSR,,,VIVC passport (via Lacombe & Emanuelli 2020; Lacombe 2013; Laucou 2018),10.1007/s00122-012-1988-2,,confirmed,ASSWAD ABOU KHISLE X ASSOUED KERE,10.1007/s00122-012-1988-2; 10.1371/journal.pone.0192540; 10.3389/fpls.2020.605934,Lacombe & Emanuelli 2020; Lacombe 2013; Laucou 2018,10.1007/s00122-012-1988-2,
CORASON DE KABRITTE,ELBLING,Parent 1,SSR,SSR,,,VIVC passport (via Lacombe 2013),10.1007/s00122-012-1988-2,,confirmed,ELBLING X MUSCAT PRECOCE DE SAUMUR,10.1007/s00122-012-1988-2,Lacombe 2013,10.1007/s00122-012-1988-2,
CORASON DE KABRITTE,MUSCAT PRECOCE DE SAUMUR,Parent 2,SSR,SSR,,,VIVC passport (via Lacombe 2013),10.1007/s00122-012-1988-2,,confirmed,ELBLING X MUSCAT PRECOCE DE SAUMUR,10.1007/s00122-012-1988-2,Lacombe 2013,10.1007/s00122-012-1988-2,
DURAN,MOURVEDRE,Parent 1,SSR,SSR,,,VIVC passport (via Lacombe 2013),10.1007/s00122-012-1988-2,,confirmed,MONASTRELL X GREC ROUGE,10.1007/s00122-012-1988-2,Lacombe 2013,10.1007/s00122-012-1988-2,
DURAN,GREC ROUGE,Parent 2,SSR,SSR,,,VIVC passport (via Lacombe 2013),10.1007/s00122-012-1988-2,,confirmed,MONASTRELL X GREC ROUGE,10.1007/s00122-012-1988-2,Lacombe 2013,10.1007/s00122-012-1988-2,
CIAVARELLA FRANCESE,S. GIUSEPPE NERO,Parent 1,SSR,SSR,,,VIVC passport (via Cipriani 2010),10.1007/s00122-010-1411-9,,confirmed,S. GIUSEPPE NERO X PAMPANARO GRANDE,10.1007/s00122-010-1411-9,Cipriani 2010,10.1007/s00122-010-1411-9,
CIAVARELLA FRANCESE,PAMPANARO GRANDE,Parent 2,SSR,SSR,,,VIVC passport (via Cipriani 2010),10.1007/s00122-010-1411-9,,confirmed,S. GIUSEPPE NERO X PAMPANARO GRANDE,10.1007/s00122-010-1411-9,Cipriani 2010,10.1007/s00122-010-1411-9,
GAMBUGLIANA,FULIGNO,Parent 1,SSR,SSR,,,VIVC passport (via Cipriani 2010),10.1007/s00122-010-1411-9,,confirmed,FULIGNO X UVA GATTA,10.1007/s00122-010-1411-9,Cipriani 2010,10.1007/s00122-010-1411-9,
GAMBUGLIANA,UVA GATTA,Parent 2,SSR,SSR,,,VIVC passport (via Cipriani 2010),10.1007/s00122-010-1411-9,,confirmed,FULIGNO X UVA GATTA,10.1007/s00122-010-1411-9,Cipriani 2010,10.1007/s00122-010-1411-9,
OSERIE DU FARODE,BICANE,Parent 1,SSR,SSR,,,VIVC passport (via Cipriani 2010),10.1007/s00122-010-1411-9,,confirmed,BICANE X CHASSELAS DORATO,10.1007/s00122-010-1411-9,Cipriani 2010,10.1007/s00122-010-1411-9,
OSERIE DU FARODE,CHASSELAS DORATO,Parent 2,SSR,SSR,,,VIVC passport (via Cipriani 2010),10.1007/s00122-010-1411-9,,confirmed,BICANE X CHASSELAS DORATO,10.1007/s00122-010-1411-9,Cipriani 2010,10.1007/s00122-010-1411-9,
PORCINA BIANCA,BIANCONE DELL ANTELLA,Parent 1,SSR,SSR,,,VIVC passport (via Cipriani 2010),10.1007/s00122-010-1411-9,,confirmed,BIANCONE DELL ANTELLA X CARRICANTE,10.1007/s00122-010-1411-9,Cipriani 2010,10.1007/s00122-010-1411-9,
PORCINA BIANCA,CARRICANTE,Parent 2,SSR,SSR,,,VIVC passport (via Cipriani 2010),10.1007/s00122-010-1411-9,,confirmed,BIANCONE DELL ANTELLA X CARRICANTE,10.1007/s00122-010-1411-9,Cipriani 2010,10.1007/s00122-010-1411-9,
VERDELLO DI BRACCIANO,NOCCHIANELLO PELOSO SPIGA GRANO,Parent 1,SSR,SSR,,,VIVC passport (via Cipriani 2010),10.1007/s00122-010-1411-9,,confirmed,NOCCHIANELLO PELOSO SPIGA GRANO X VERDICCHIO BIANCO,10.1007/s00122-010-1411-9,Cipriani 2010,10.1007/s00122-010-1411-9,
VERDELLO DI BRACCIANO,VERDICCHIO BIANCO,Parent 2,SSR,SSR,,,VIVC passport (via Cipriani 2010),10.1007/s00122-010-1411-9,,confirmed,NOCCHIANELLO PELOSO SPIGA GRANO X VERDICCHIO BIANCO,10.1007/s00122-010-1411-9,Cipriani 2010,10.1007/s00122-010-1411-9,
MANTONICONE,SANGIOVESE,Parent 1,SSR,SSR,,,VIVC passport (via Cipriani 2010; Lacombe & Emanuelli 2020),10.3389/fpls.2020.605934,,confirmed,SANGIOVESE X MANTONICO BIANCO,10.1007/s00122-010-1411-9; 10.1007/s12033-012-9600-1; 10.3389/fpls.2020.605934; 10.5344/ajev.2016.16068,Cipriani 2010; Lacombe & Emanuelli 2020,10.1007/s00122-010-1411-9,10.1007/s12033-012-9600-1; 10.5344/ajev.2016.16068
MANTONICONE,MANTONICO BIANCO,Parent 2,SSR,SSR,,,VIVC passport (via Cipriani 2010; Lacombe & Emanuelli 2020),10.3389/fpls.2020.605934,,confirmed,SANGIOVESE X MANTONICO BIANCO,10.1007/s00122-010-1411-9; 10.1007/s12033-012-9600-1; 10.3389/fpls.2020.605934; 10.5344/ajev.2016.16068,Cipriani 2010; Lacombe & Emanuelli 2020,10.1007/s00122-010-1411-9,10.1007/s12033-012-9600-1; 10.5344/ajev.2016.16068
VERDEJO DE SALAMANCA,HEBIEN,Parent 1,SSR,SSR,,,VIVC passport (via Lacombe & Emanuelli 2020; Laucou 2018),10.3389/fpls.2020.605934,,confirmed,HEBEN X LISTAN PRIETO,10.1371/journal.pone.0192540; 10.3389/fpls.2020.605934; 10.5073/vitis.2015.54.special-issue.81-86,Lacombe & Emanuelli 2020; Laucou 2018,10.1371/journal.pone.0192540,10.5073/vitis.2015.54.special-issue.81-86
VERDEJO DE SALAMANCA,LISTAN PRIETO,Parent 2,SSR,SSR,,,VIVC passport (via Lacombe & Emanuelli 2020; Laucou 2018),10.3389/fpls.2020.605934,,confirmed,HEBEN X LISTAN PRIETO,10.1371/journal.pone.0192540; 10.3389/fpls.2020.605934; 10.5073/vitis.2015.54.special-issue.81-86,Lacombe & Emanuelli 2020; Laucou 2018,10.1371/journal.pone.0192540,10.5073/vitis.2015.54.special-issue.81-86
PALESTINA V OR VI,VERJUS,Parent 1,SSR,SSR,,,VIVC passport (pedigree confirmed by markers),,,confirmed,VERJUS X PINOT PRECOCE NOIR,,none,,
PALESTINA V OR VI,PINOT PRECOCE NOIR,Parent 2,SSR,SSR,,,VIVC passport (pedigree confirmed by markers),,,confirmed,VERJUS X PINOT PRECOCE NOIR,,none,,
LACRIMA CRISTI,DOUX D'HENRY N.,Parent 1,SSR,SSR,,,VIVC passport (pedigree confirmed by markers),10.1038/s41598-020-72799-6,,confirmed,DOUX D'HENRY N. X AVARENGO N.,10.1038/s41598-020-72799-6,none,10.1038/s41598-020-72799-6,10.1038/s41598-020-72799-6
LACRIMA CRISTI,AVARENGO N.,Parent 2,SSR,SSR,,,VIVC passport (pedigree confirmed by markers),10.1038/s41598-020-72799-6,,confirmed,DOUX D'HENRY N. X AVARENGO N.,10.1038/s41598-020-72799-6,none,10.1038/s41598-020-72799-6,10.1038/s41598-020-72799-6
NEBBIOLO DI DRONERO (NON IDENTIFIED),DOUX D'HENRY N.,Parent 1,SSR,SSR,,,VIVC passport (pedigree confirmed by markers),10.1038/s41598-020-72799-6,,confirmed,DOUX D'HENRY N. X CHATUS N.,10.1038/s41598-020-72799-6,none,10.1038/s41598-020-72799-6,10.1038/s41598-020-72799-6
NEBBIOLO DI DRONERO (NON IDENTIFIED),CHATUS N.,Parent 2,SSR,SSR,,,VIVC passport (pedigree confirmed by markers),10.1038/s41598-020-72799-6,,confirmed,DOUX D'HENRY N. X CHATUS N.,10.1038/s41598-020-72799-6,none,10.1038/s41598-020-72799-6,10.1038/s41598-020-72799-6
ALICANTE BLANC FAUX,FRANKENTHAL = SCHIAVA GROSSA,Parent 1,SSR,SSR,,,VIVC passport (via Lacombe 2013),10.1007/s00122-012-1988-2,,confirmed,FRANKENTHAL = SCHIAVA GROSSA X FRANKENTHAL = SCHIAVA GROSSA,10.1007/s00122-012-1988-2,Lacombe 2013,10.1007/s00122-012-1988-2,
ALICANTE BLANC FAUX,FRANKENTHAL = SCHIAVA GROSSA,Parent 2,SSR,SSR,,,VIVC passport (via Lacombe 2013),10.1007/s00122-012-1988-2,,confirmed,FRANKENTHAL = SCHIAVA GROSSA X FRANKENTHAL = SCHIAVA GROSSA,10.1007/s00122-012-1988-2,Lacombe 2013,10.1007/s00122-012-1988-2,
BAKATOR TUEDOESZINUE FAUX,BLANC D'AMBRE,Parent 1,SSR,SSR,,,VIVC passport (via Lacombe 2013),10.1007/s00122-012-1988-2,,confirmed,BLANC D'AMBRE X MADELEINE SALOMON = AGOSTENGA BLANC,10.1007/s00122-012-1988-2,Lacombe 2013,10.1007/s00122-012-1988-2,
BAKATOR TUEDOESZINUE FAUX,MADELEINE SALOMON = AGOSTENGA BLANC,Parent 2,SSR,SSR,,,VIVC passport (via Lacombe 2013),10.1007/s00122-012-1988-2,,confirmed,BLANC D'AMBRE X MADELEINE SALOMON = AGOSTENGA BLANC,10.1007/s00122-012-1988-2,Lacombe 2013,10.1007/s00122-012-1988-2,
BARLINKA FAUX,ASSWAD ANOUNI,Parent 1,SSR,SSR,,,VIVC passport (via Lacombe 2013),10.1007/s00122-012-1988-2,,confirmed,ASSWAD ANOUNI X ALPHONSE LAVALLEE,10.1007/s00122-012-1988-2,Lacombe 2013,10.1007/s00122-012-1988-2,
BARLINKA FAUX,ALPHONSE LAVALLEE,Parent 2,SSR,SSR,,,VIVC passport (via Lacombe 2013),10.1007/s00122-012-1988-2,,confirmed,ASSWAD ANOUNI X ALPHONSE LAVALLEE,10.1007/s00122-012-1988-2,Lacombe 2013,10.1007/s00122-012-1988-2,
CAMARALET FAUX,CABERNET FRANC,Parent 1,SSR,SSR,,,VIVC passport (via Lacombe 2013),10.1007/s00122-012-1988-2,,confirmed,CABERNET FRANC X COURBU,10.1007/s00122-012-1988-2,Lacombe 2013,10.1007/s00122-012-1988-2,
CAMARALET FAUX,COURBU,Parent 2,SSR,SSR,,,VIVC passport (via Lacombe 2013),10.1007/s00122-012-1988-2,,confirmed,CABERNET FRANC X COURBU,10.1007/s00122-012-1988-2,Lacombe 2013,10.1007/s00122-012-1988-2,
CEAUS ROZ FAUX,COARNA ALBA,Parent 1,SSR,SSR,,,VIVC passport (via Lacombe 2013),10.1007/s00122-012-1988-2,,confirmed,COARNA ALBA X CRUCIULITA,10.1007/s00122-012-1988-2,Lacombe 2013,10.1007/s00122-012-1988-2,
CEAUS ROZ FAUX,CRUCIULITA,Parent 2,SSR,SSR,,,VIVC passport (via Lacombe 2013),10.1007/s00122-012-1988-2,,confirmed,COARNA ALBA X CRUCIULITA,10.1007/s00122-012-1988-2,Lacombe 2013,10.1007/s00122-012-1988-2,
DAMAS BLANC PRECOCE,BERMESTIA BIANCA,Parent 1,SSR,SSR,,,VIVC passport (via Lacombe 2013),10.1007/s00122-012-1988-2,,confirmed,BERMESTIA BIANCA X MADELEINE SALOMON,10.1007/s00122-012-1988-2,Lacombe 2013,10.1007/s00122-012-1988-2,
DAMAS BLANC PRECOCE,MADELEINE SALOMON,Parent 2,SSR,SSR,,,VIVC passport (via Lacombe 2013),10.1007/s00122-012-1988-2,,confirmed,BERMESTIA BIANCA X MADELEINE SALOMON,10.1007/s00122-012-1988-2,Lacombe 2013,10.1007/s00122-012-1988-2,
DIAGALVES FAUX,GIBI,Parent 1,SSR,SSR,,,VIVC passport (via Lacombe 2013),10.1007/s00122-012-1988-2,,confirmed,GIBI X ALFROCHEIRO PRETO,10.1007/s00122-012-1988-2,Lacombe 2013,10.1007/s00122-012-1988-2,
DIAGALVES FAUX,ALFROCHEIRO PRETO,Parent 2,SSR,SSR,,,VIVC passport (via Lacombe 2013),10.1007/s00122-012-1988-2,,confirmed,GIBI X ALFROCHEIRO PRETO,10.1007/s00122-012-1988-2,Lacombe 2013,10.1007/s00122-012-1988-2,
DIAMANT BLANC DE CRIMEE,DIAMANTTRAUBE,Parent 1,SSR,SSR,,,VIVC passport (via Lacombe 2013),10.1007/s00122-012-1988-2,,confirmed,DIAMANTTRAUBE X AHMAR DERANI,10.1007/s00122-012-1988-2,Lacombe 2013,10.1007/s00122-012-1988-2,
DIAMANT BLANC DE CRIMEE,AHMAR DERANI,Parent 2,SSR,SSR,,,VIVC passport (via Lacombe 2013),10.1007/s00122-012-1988-2,,confirmed,DIAMANTTRAUBE X AHMAR DERANI,10.1007/s00122-012-1988-2,Lacombe 2013,10.1007/s00122-012-1988-2,
EUGENIA,BOUQUETTTRAUBE,Parent 1,SSR,SSR,,,VIVC passport (via Lacombe 2013),10.1007/s00122-012-1988-2,,confirmed,BOUQUETTTRAUBE X CHASSELAS,10.1007/s00122-012-1988-2,Lacombe 2013,10.1007/s00122-012-1988-2,
EUGENIA,CHASSELAS,Parent 2,SSR,SSR,,,VIVC passport (via Lacombe 2013),10.1007/s00122-012-1988-2,,confirmed,BOUQUETTTRAUBE X CHASSELAS,10.1007/s00122-012-1988-2,Lacombe 2013,10.1007/s00122-012-1988-2,
FEINRIESLING FAUX,RIESLING,Parent 1,SSR,SSR,,,VIVC passport (via Lacombe 2013),10.1007/s00122-012-1988-2,,confirmed,RIESLING X PRECOCE DE MALINGRE,10.1007/s00122-012-1988-2,Lacombe 2013,10.1007/s00122-012-1988-2,
FEINRIESLING FAUX,PRECOCE DE MALINGRE,Parent 2,SSR,SSR,,,VIVC passport (via Lacombe 2013),10.1007/s00122-012-1988-2,,confirmed,RIESLING X PRECOCE DE MALINGRE,10.1007/s00122-012-1988-2,Lacombe 2013,10.1007/s00122-012-1988-2,
GORA CHIRINE FAUX,HRUSHAKI,Parent 1,SSR,SSR,,,VIVC passport (via Lacombe 2013; Margaryan 2021),10.1007/s00122-012-1988-2,,confirmed,HRUSHAKI X SULTANINA,10.1007/s00122-012-1988-2; 10.3390/biology10121279,Lacombe 2013; Margaryan 2021,10.1007/s00122-012-1988-2,
GORA CHIRINE FAUX,SULTANINA,Parent 2,SSR,SSR,,,VIVC passport (via Lacombe 2013; Margaryan 2021),10.1007/s00122-012-1988-2,,confirmed,HRUSHAKI X SULTANINA,10.1007/s00122-012-1988-2; 10.3390/biology10121279,Lacombe 2013; Margaryan 2021,10.1007/s00122-012-1988-2,
KARASAKIS FAUX,MUSCAT D'ALEXANDRIE,Parent 1,SSR,SSR,,,VIVC passport (via Lacombe 2013),10.1007/s00122-012-1988-2,,confirmed,MUSCAT D'ALEXANDRIE X ITALA,10.1007/s00122-012-1988-2,Lacombe 2013,10.1007/s00122-012-1988-2,
KARASAKIS FAUX,ITALA,Parent 2,SSR,SSR,,,VIVC passport (via Lacombe 2013),10.1007/s00122-012-1988-2,,confirmed,MUSCAT D'ALEXANDRIE X ITALA,10.1007/s00122-012-1988-2,Lacombe 2013,10.1007/s00122-012-1988-2,
KATTA KURGAN X PERLETTA 15 42,KATTA KOURGAN,Parent 1,SSR,SSR,,,VIVC passport (via Lacombe 2013),10.1007/s00122-012-1988-2,,confirmed,KATTA KOURGAN X PERLETTA,10.1007/s00122-012-1988-2,Lacombe 2013,10.1007/s00122-012-1988-2,
KATTA KURGAN X PERLETTA 15 42,PERLETTA,Parent 2,SSR,SSR,,,VIVC passport (via Lacombe 2013),10.1007/s00122-012-1988-2,,confirmed,KATTA KOURGAN X PERLETTA,10.1007/s00122-012-1988-2,Lacombe 2013,10.1007/s00122-012-1988-2,
KIZIL SAPAK FAUX,KARA UZYUM NUKHURSKII,Parent 1,SSR,SSR,,,VIVC passport (via Lacombe 2013),10.1007/s00122-012-1988-2,,confirmed,KARA UZYUM NUKHURSKII X AK CHEKEREK,10.1007/s00122-012-1988-2,Lacombe 2013,10.1007/s00122-012-1988-2,
KIZIL SAPAK FAUX,AK CHEKEREK,Parent 2,SSR,SSR,,,VIVC passport (via Lacombe 2013),10.1007/s00122-012-1988-2,,confirmed,KARA UZYUM NUKHURSKII X AK CHEKEREK,10.1007/s00122-012-1988-2,Lacombe 2013,10.1007/s00122-012-1988-2,
KNIPPERLE PRECOCE FAUX,KNIPPERLE,Parent 1,SSR,SSR,,,VIVC passport (via Lacombe 2013),10.1007/s00122-012-1988-2,,confirmed,KNIPPERLE X KNIPPERLE,10.1007/s00122-012-1988-2,Lacombe 2013,10.1007/s00122-012-1988-2,
KNIPPERLE PRECOCE FAUX,KNIPPERLE,Parent 2,SSR,SSR,,,VIVC passport (via Lacombe 2013),10.1007/s00122-012-1988-2,,confirmed,KNIPPERLE X KNIPPERLE,10.1007/s00122-012-1988-2,Lacombe 2013,10.1007/s00122-012-1988-2,
KNIPPERLE TARDIF FAUX,KNIPPERLE,Parent 1,SSR,SSR,,,VIVC passport (via Lacombe 2013),10.1007/s00122-012-1988-2,,confirmed,KNIPPERLE X KNIPPERLE,10.1007/s00122-012-1988-2,Lacombe 2013,10.1007/s00122-012-1988-2,
KNIPPERLE TARDIF FAUX,KNIPPERLE,Parent 2,SSR,SSR,,,VIVC passport (via Lacombe 2013),10.1007/s00122-012-1988-2,,confirmed,KNIPPERLE X KNIPPERLE,10.1007/s00122-012-1988-2,Lacombe 2013,10.1007/s00122-012-1988-2,
KOENIGSTRAUBE FAUX,PINOT,Parent 1,SSR,SSR,,,VIVC passport (via Lacombe 2013),10.1007/s00122-012-1988-2,,confirmed,PINOT X GOUAIS BLANC,10.1007/s00122-012-1988-2,Lacombe 2013,10.1007/s00122-012-1988-2,
KOENIGSTRAUBE FAUX,GOUAIS BLANC,Parent 2,SSR,SSR,,,VIVC passport (via Lacombe 2013),10.1007/s00122-012-1988-2,,confirmed,PINOT X GOUAIS BLANC,10.1007/s00122-012-1988-2,Lacombe 2013,10.1007/s00122-012-1988-2,
KOEVER SZOELOE FAUX,ALBA IMPUTOTATO,Parent 1,SSR,SSR,,,VIVC passport (via Lacombe 2013),10.1007/s00122-012-1988-2,,confirmed,ALBA IMPUTOTATO X GOUAIS BLANC,10.1007/s00122-012-1988-2,Lacombe 2013,10.1007/s00122-012-1988-2,
KOEVER SZOELOE FAUX,GOUAIS BLANC,Parent 2,SSR,SSR,,,VIVC passport (via Lacombe 2013),10.1007/s00122-012-1988-2,,confirmed,ALBA IMPUTOTATO X GOUAIS BLANC,10.1007/s00122-012-1988-2,Lacombe 2013,10.1007/s00122-012-1988-2,
MANHARTTRAUBE BLANC FAUX,CHASSELAS,Parent 1,SSR,SSR,,,VIVC passport (via Lacombe 2013),10.1007/s00122-012-1988-2,,confirmed,CHASSELAS X FRANKENTHAL,10.1007/s00122-012-1988-2,Lacombe 2013,10.1007/s00122-012-1988-2,
MANHARTTRAUBE BLANC FAUX,FRANKENTHAL,Parent 2,SSR,SSR,,,VIVC passport (via Lacombe 2013),10.1007/s00122-012-1988-2,,confirmed,CHASSELAS X FRANKENTHAL,10.1007/s00122-012-1988-2,Lacombe 2013,10.1007/s00122-012-1988-2,
MOUCHKETNY FAUX,MUSCAT ROUGE DE MADERE = MOSCATO VIOLETTO,Parent 1,SSR,SSR,,,VIVC passport (via Lacombe 2013),10.1007/s00122-012-1988-2,,confirmed,MUSCAT ROUGE DE MADERE = MOSCATO VIOLETTO X MUSCAT D'EISENSTADT,10.1007/s00122-012-1988-2,Lacombe 2013,10.1007/s00122-012-1988-2,
MOUCHKETNY FAUX,MUSCAT D'EISENSTADT,Parent 2,SSR,SSR,,,VIVC passport (via Lacombe 2013),10.1007/s00122-012-1988-2,,confirmed,MUSCAT ROUGE DE MADERE = MOSCATO VIOLETTO X MUSCAT D'EISENSTADT,10.1007/s00122-012-1988-2,Lacombe 2013,10.1007/s00122-012-1988-2,
PETIT VERDOT FAUX,PLANT DE DUBOSC 2,Parent 1,SSR,SSR,,,VIVC passport (via Lacombe 2013),10.1007/s00122-012-1988-2,,confirmed,PLANT DE DUBOSC 2 X PETIT VERDOT,10.1007/s00122-012-1988-2,Lacombe 2013,10.1007/s00122-012-1988-2,
PETIT VERDOT FAUX,PETIT VERDOT,Parent 2,SSR,SSR,,,VIVC passport (via Lacombe 2013),10.1007/s00122-012-1988-2,,confirmed,PLANT DE DUBOSC 2 X PETIT VERDOT,10.1007/s00122-012-1988-2,Lacombe 2013,10.1007/s00122-012-1988-2,
SAINT LOUIS FAUX,BLACK MOROCCO,Parent 1,SSR,SSR,,,VIVC passport (via Lacombe 2013),10.1007/s00122-012-1988-2,,confirmed,BLACK MOROCCO X SCHIAVA GROSSA,10.1007/s00122-012-1988-2,Lacombe 2013,10.1007/s00122-012-1988-2,
SAINT LOUIS FAUX,SCHIAVA GROSSA,Parent 2,SSR,SSR,,,VIVC passport (via Lacombe 2013),10.1007/s00122-012-1988-2,,confirmed,BLACK MOROCCO X SCHIAVA GROSSA,10.1007/s00122-012-1988-2,Lacombe 2013,10.1007/s00122-012-1988-2,
SAUVIGNON PICCOLO FAUX,PETIT MESLIER,Parent 1,SSR,SSR,,,VIVC passport (via Lacombe 2013),10.1007/s00122-012-1988-2,,confirmed,PETIT MESLIER X MUSCAT FLEUR D'ORANGER,10.1007/s00122-012-1988-2,Lacombe 2013,10.1007/s00122-012-1988-2,
SAUVIGNON PICCOLO FAUX,MUSCAT FLEUR D'ORANGER,Parent 2,SSR,SSR,,,VIVC passport (via Lacombe 2013),10.1007/s00122-012-1988-2,,confirmed,PETIT MESLIER X MUSCAT FLEUR D'ORANGER,10.1007/s00122-012-1988-2,Lacombe 2013,10.1007/s00122-012-1988-2,
WHITE MUSCAT,BLACK MOROCCO,Parent 1,SSR,SSR,,,VIVC passport (pedigree confirmed by markers),,,confirmed,BLACK MOROCCO X MUSCAT FLEUR D'ORANGER,,none,,
WHITE MUSCAT,MUSCAT FLEUR D'ORANGER,Parent 2,SSR,SSR,,,VIVC passport (pedigree confirmed by markers),,,confirmed,BLACK MOROCCO X MUSCAT FLEUR D'ORANGER,,none,,
ZRINYI ILONA FAUX,DIAMANTTRAUBE,Parent 1,SSR,SSR,,,VIVC passport (via Lacombe 2013),10.1007/s00122-012-1988-2,,confirmed,DIAMANTTRAUBE X MUSCAT D'ALEXANDRIE,10.1007/s00122-012-1988-2,Lacombe 2013,10.1007/s00122-012-1988-2,
ZRINYI ILONA FAUX,MUSCAT D'ALEXANDRIE,Parent 2,SSR,SSR,,,VIVC passport (via Lacombe 2013),10.1007/s00122-012-1988-2,,confirmed,DIAMANTTRAUBE X MUSCAT D'ALEXANDRIE,10.1007/s00122-012-1988-2,Lacombe 2013,10.1007/s00122-012-1988-2,
PALESTINA I (NON IDENTIFIED),BICANE,Parent 1,SSR,SSR,,,VIVC passport (via Lacombe 2013),10.1007/s00122-012-1988-2,,confirmed,BICANE X LUGLIENGA BIANCA,10.1007/s00122-012-1988-2,Lacombe 2013,10.1007/s00122-012-1988-2,
PALESTINA I (NON IDENTIFIED),LUGLIENGA BIANCA,Parent 2,SSR,SSR,,,VIVC passport (via Lacombe 2013),10.1007/s00122-012-1988-2,,confirmed,BICANE X LUGLIENGA BIANCA,10.1007/s00122-012-1988-2,Lacombe 2013,10.1007/s00122-012-1988-2,
CORNICHON BLANC (NON IDENTIFIED),BICANE,Parent 1,SSR,SSR,,,VIVC passport (via Lacombe & Emanuelli 2020; Laucou 2018),10.3389/fpls.2020.605934,,confirmed,BICANE X CHASSELAS,10.1371/journal.pone.0192540; 10.3389/fpls.2020.605934,Lacombe & Emanuelli 2020; Laucou 2018,10.1371/journal.pone.0192540,
CORNICHON BLANC (NON IDENTIFIED),CHASSELAS,Parent 2,SSR,SSR,,,VIVC passport (via Lacombe & Emanuelli 2020; Laucou 2018),10.3389/fpls.2020.605934,,confirmed,BICANE X CHASSELAS,10.1371/journal.pone.0192540; 10.3389/fpls.2020.605934,Lacombe & Emanuelli 2020; Laucou 2018,10.1371/journal.pone.0192540,
SEMEBAT (NON IDENTIFIED),BAROQUE,Parent 1,SSR,SSR,,,VIVC passport (pedigree confirmed by markers),,,confirmed,BAROQUE X COT,,none,,
SEMEBAT (NON IDENTIFIED),MALBEC,Parent 2,SSR,SSR,,,VIVC passport (pedigree confirmed by markers),,,confirmed,BAROQUE X COT,,none,,
MALVASIA DEL LAZIO (NON IDENTIFIED),MUSCAT D'ALEXANDRIE,Parent 1,SSR,SSR,,,VIVC passport (via Lacombe 2013),10.1007/s00122-012-1988-2,,confirmed,MUSCAT D'ALEXANDRIE X FRANKENTHAL,10.1007/s00122-012-1988-2,Lacombe 2013,10.1007/s00122-012-1988-2,
MALVASIA DEL LAZIO (NON IDENTIFIED),FRANKENTHAL,Parent 2,SSR,SSR,,,VIVC passport (via Lacombe 2013),10.1007/s00122-012-1988-2,,confirmed,MUSCAT D'ALEXANDRIE X FRANKENTHAL,10.1007/s00122-012-1988-2,Lacombe 2013,10.1007/s00122-012-1988-2,
CHASSELAS DE BANEASA (NON IDENTIFIED),COARNA NEAGRA,Parent 1,SSR,SSR,,,VIVC passport (pedigree confirmed by markers),,,confirmed,COARNA NEAGRA X MUSCAT HAMBURG,,none,,
CHASSELAS DE BANEASA (NON IDENTIFIED),MUSCAT HAMBURG,Parent 2,SSR,SSR,,,VIVC passport (pedigree confirmed by markers),,,confirmed,COARNA NEAGRA X MUSCAT HAMBURG,,none,,
TOPAS FAUX,CHAOUCH ROSE,Parent 1,SSR,SSR,,,VIVC passport (via Lacombe 2013),10.1007/s00122-012-1988-2,,confirmed,CHAOUCH ROSE X DELIGHT,10.1007/s00122-012-1988-2,Lacombe 2013,10.1007/s00122-012-1988-2,
TOPAS FAUX,DELIGHT,Parent 2,SSR,SSR,,,VIVC passport (via Lacombe 2013),10.1007/s00122-012-1988-2,,confirmed,CHAOUCH ROSE X DELIGHT,10.1007/s00122-012-1988-2,Lacombe 2013,10.1007/s00122-012-1988-2,
SEYVE VILLARD 12- 347 (NON IDENTIFIED),SEIBEL 6468,Parent 1,SSR,SSR,,,VIVC passport (pedigree confirmed by markers),,,confirmed,SEIBEL 6468 X SUBEREUX,,none,,
SEYVE VILLARD 12- 347 (NON IDENTIFIED),SUBEREUX,Parent 2,SSR,SSR,,,VIVC passport (pedigree confirmed by markers),,,confirmed,SEIBEL 6468 X SUBEREUX,,none,,
MOURISCO (NON IDENTIFIED),MARUFO,Parent 1,SSR,SSR,,,VIVC passport (pedigree confirmed by markers),10.3390/plants10122755,,confirmed,MARUFO X TRINCADEIRA,10.3390/plants10122755,none,10.3390/plants10122755,10.3390/plants10122755
MOURISCO (NON IDENTIFIED),TRINCADEIRA,Parent 2,SSR,SSR,,,VIVC passport (pedigree confirmed by markers),10.3390/plants10122755,,confirmed,MARUFO X TRINCADEIRA,10.3390/plants10122755,none,10.3390/plants10122755,10.3390/plants10122755
MOURISCO DE SEMENTE (NON IDENTIFIED),MARUFO,Parent 1,SSR,SSR,,,VIVC passport (pedigree confirmed by markers),10.3390/plants10122755,,confirmed,MARUFO X VINHAO,10.3390/plants10122755,none,10.3390/plants10122755,10.3390/plants10122755
MOURISCO DE SEMENTE (NON IDENTIFIED),VINHAO,Parent 2,SSR,SSR,,,VIVC passport (pedigree confirmed by markers),10.3390/plants10122755,,confirmed,MARUFO X VINHAO,10.3390/plants10122755,none,10.3390/plants10122755,10.3390/plants10122755
ALA SHAANI (NON IDENTIFIED),ALA SHAANI,Parent 1,SSR,SSR,,,VIVC passport (pedigree confirmed by markers),,,confirmed,ALA SHAANI X GARA GYOIBENDAM,,none,,
ALA SHAANI (NON IDENTIFIED),GARA GYOIBENDAM,Parent 2,SSR,SSR,,,VIVC passport (pedigree confirmed by markers),,,confirmed,ALA SHAANI X GARA GYOIBENDAM,,none,,
KHART KHART (NON IDENTIFIED),ANGUR KALAN,Parent 1,SSR,SSR,,,VIVC passport (pedigree confirmed by markers),,,confirmed,ANGUR KALAN X DATTIER DE ST. VALLIER,,none,,
KHART KHART (NON IDENTIFIED),DATTIER DE ST. VALLIER,Parent 2,SSR,SSR,,,VIVC passport (pedigree confirmed by markers),,,confirmed,ANGUR KALAN X DATTIER DE ST. VALLIER,,none,,
HORATAGH,ARAYATLY GARA UZUM,Parent 1,SSR,SSR,,,VIVC passport (pedigree confirmed by markers),,,confirmed,ARAYATLY GARA UZUM X RKATSITELI,,none,,
HORATAGH,RKATSITELI,Parent 2,SSR,SSR,,,VIVC passport (pedigree confirmed by markers),,,confirmed,ARAYATLY GARA UZUM X RKATSITELI,,none,,
PALESTINA V OR VI,VERJUS,Parent 1,SSR,SSR,,,VIVC passport (pedigree confirmed by markers),,,confirmed,VERJUS X PINOT PRECOCE NOIR,,none,,
PALESTINA V OR VI,PINOT PRECOCE NOIR,Parent 2,SSR,SSR,,,VIVC passport (pedigree confirmed by markers),,,confirmed,VERJUS X PINOT PRECOCE NOIR,,none,,
