child_variety,parent_variety,vivc_derived_from,vivc_primary_doi,vivc_unloaded_dois,study_reference
ABBOTTABOTTI,PANSE BLANCHE,Cipriani 2010,10.1007/s00122-010-1411-9,,VIVC passport (via Cipriani 2010)
ABBOTTABOTTI,MARUGA,Cipriani 2010,10.1007/s00122-010-1411-9,,VIVC passport (via Cipriani 2010)
ABONDANT,KOEVIDINKA,Lacombe 2013,10.1007/s00122-012-1988-2,,VIVC passport (via Lacombe 2013)
ABONDANT,MADELEINE ROYALE,Lacombe 2013,10.1007/s00122-012-1988-2,,VIVC passport (via Lacombe 2013)
ACETO,GRILLONE,Cipriani 2010,10.1007/s00122-010-1411-9,,VIVC passport (via Cipriani 2010)
ACETO,SCACCO,Cipriani 2010,10.1007/s00122-010-1411-9,,VIVC passport (via Cipriani 2010)
ADMIRABLE DE COURTILLER,BICANE,Lacombe 2013,10.1007/s00122-012-1988-2,,VIVC passport (via Lacombe 2013)
ADMIRABLE DE COURTILLER,CHASSELAS,Lacombe 2013,10.1007/s00122-012-1988-2,,VIVC passport (via Lacombe 2013)
AITONYCHI MAVRO,KONTEGALO,Lacombe & Emanuelli 2020; Lacombe 2013; Laucou 2018,10.1007/s00122-012-1988-2,,VIVC passport (via Lacombe & Emanuelli 2020; Lacombe 2013; Laucou 2018)
AITONYCHI MAVRO,HEPTAKILO,Lacombe & Emanuelli 2020; Lacombe 2013; Laucou 2018,10.1007/s00122-012-1988-2,,VIVC passport (via Lacombe & Emanuelli 2020; Lacombe 2013; Laucou 2018)
AFFENTHALER,SUESSSCHWARZ,none,,,VIVC passport (pedigree confirmed by markers)
AFFENTHALER,GOUAIS BLANC,none,,,VIVC passport (pedigree confirmed by markers)
AGAPANTHE,SCHIRAS DR. HOUDBINE,Lacombe 2013,10.1007/s00122-012-1988-2,,VIVC passport (via Lacombe 2013)
AGAPANTHE,CHASSELAS,Lacombe 2013,10.1007/s00122-012-1988-2,,VIVC passport (via Lacombe 2013)
AGOSTENGA ROSSA,BELLINO,Lacombe 2013,10.1007/s00122-012-1988-2,,VIVC passport (via Lacombe 2013)
AGOSTENGA ROSSA,MALINGRE PRECOCE,Lacombe 2013,10.1007/s00122-012-1988-2,,VIVC passport (via Lacombe 2013)
AGUA SANTA,CAMARATE,Cunha 2020; Lacombe & Emanuelli 2020; Laucou 2018,10.1371/journal.pone.0192540,10.5344/ajev.2011.11052,VIVC passport (via Cunha 2020; Lacombe & Emanuelli 2020; Laucou 2018)
AGUA SANTA,CASTELAO,Cunha 2020; Lacombe & Emanuelli 2020; Laucou 2018,10.1371/journal.pone.0192540,10.5344/ajev.2011.11052,VIVC passport (via Cunha 2020; Lacombe & Emanuelli 2020; Laucou 2018)
AIDA,FRANKENTHAL,Lacombe 2013,10.1007/s00122-012-1988-2,,VIVC passport (via Lacombe 2013)
AIDA,DELIZIA DI VAPRIO,Lacombe 2013,10.1007/s00122-012-1988-2,,VIVC passport (via Lacombe 2013)
AIGENI SEV,ARAKSENI CHERNYI,Margaryan 2021,10.3390/biology10121279,,VIVC passport (via Margaryan 2021)
AIGENI SEV,ARARATI,Margaryan 2021,10.3390/biology10121279,,VIVC passport (via Margaryan 2021)
AKITSIS,MAURO,none,,,VIVC passport (pedigree confirmed by markers)
AKITSIS,XYNISTERI,none,,,VIVC passport (pedigree confirmed by markers)
ALARIJE,GIBI,Lacombe & Emanuelli 2020; Lacombe 2013; Laucou 2018,10.1007/s00122-012-1988-2,,VIVC passport (via Lacombe & Emanuelli 2020; Lacombe 2013; Laucou 2018)
ALARIJE,TORTOZON,Lacombe & Emanuelli 2020; Lacombe 2013; Laucou 2018,10.1007/s00122-012-1988-2,,VIVC passport (via Lacombe & Emanuelli 2020; Lacombe 2013; Laucou 2018)
ALBA,MOLINERA GORDA,Lacombe 2013,10.1007/s00122-012-1988-2,,VIVC passport (via Lacombe 2013)
ALBA,CARDINAL,Lacombe 2013,10.1007/s00122-012-1988-2,,VIVC passport (via Lacombe 2013)
ALBALONGA,RIESLANER,Lacombe 2013,10.1007/s00122-012-1988-2,,VIVC passport (via Lacombe 2013)
ALBALONGA,MUELLER THURGAU,Lacombe 2013,10.1007/s00122-012-1988-2,,VIVC passport (via Lacombe 2013)
ALBAROSSA,CHATUS,Lacombe & Emanuelli 2020,10.1016/j.scienta.2017.02.044,10.1016/j.scienta.2017.02.044,VIVC passport (via Lacombe & Emanuelli 2020)
ALBAROSSA,BARBERA,Lacombe & Emanuelli 2020,10.1016/j.scienta.2017.02.044,10.1016/j.scienta.2017.02.044,VIVC passport (via Lacombe & Emanuelli 2020)
ALBEMARLE,TOPSAIL,none,10.21273/JASHS.133.4.559,10.21273/JASHS.133.4.559,VIVC passport (pedigree confirmed by markers)
ALBEMARLE,PARENT 2 WAS NOT CONFIRMED,none,10.21273/JASHS.133.4.559,10.21273/JASHS.133.4.559,VIVC passport (pedigree confirmed by markers)
ALBILLO DE GRANADA,HEBIEN,Lacombe & Emanuelli 2020; Laucou 2018,10.1371/journal.pone.0192540,,VIVC passport (via Lacombe & Emanuelli 2020; Laucou 2018)
ALBILLO DE GRANADA,TORTOZON,Lacombe & Emanuelli 2020; Laucou 2018,10.1371/journal.pone.0192540,,VIVC passport (via Lacombe & Emanuelli 2020; Laucou 2018)
ALDEN,ONTARIO,none,,,VIVC passport (pedigree confirmed by markers)
ALDEN,RIBIER,none,,,VIVC passport (pedigree confirmed by markers)
FEPIRO,GRAND NOIR,Cunha 2020,10.3389/fpls.2020.00127,,VIVC passport (via Cunha 2020)
FEPIRO,FERNAO PIRES,Cunha 2020,10.3389/fpls.2020.00127,,VIVC passport (via Cunha 2020)
ALICANTE HENRI BOUSCHET,PETIT BOUSCHET,Cipriani 2010; Lacombe & Emanuelli 2020; Lacombe 2013; Laucou 2018,10.1007/s00122-010-1411-9,,VIVC passport (via Cipriani 2010; Lacombe & Emanuelli 2020; Lacombe 2013; Laucou 2018)
ALICANTE HENRI BOUSCHET,GRENACHE NOIR,Cipriani 2010; Lacombe & Emanuelli 2020; Lacombe 2013; Laucou 2018,10.1007/s00122-010-1411-9,,VIVC passport (via Cipriani 2010; Lacombe & Emanuelli 2020; Lacombe 2013; Laucou 2018)
ALIGOTE,PINOT,Lacombe 2013,10.1007/s00122-012-1988-2,10.1126/science.285.5433.1562; 10.3103/S0095452718050031,VIVC passport (via Lacombe 2013)
ALLEN'S HYBRID,ISABELLA,none,,,VIVC passport (pedigree confirmed by markers)
ALLEN'S HYBRID,TROLLINGER,none,,,VIVC passport (pedigree confirmed by markers)
ALNWICK SEEDLING,BLACK MOROCCO,Lacombe 2013,10.1007/s00122-012-1988-2,,VIVC passport (via Lacombe 2013)
ALNWICK SEEDLING,FRANKENTHAL,Lacombe 2013,10.1007/s00122-012-1988-2,,VIVC passport (via Lacombe 2013)
ALPHONSE LAVALLEE,KARISTVALA KOLKHURI,Lacombe & Emanuelli 2020; Lacombe 2013,10.1007/s00122-012-1988-2,10.3103/S0095452718050031; 10.3390/plants10122696,VIVC passport (via Lacombe & Emanuelli 2020; Lacombe 2013)
ALPHONSE LAVALLEE,MUSCAT HAMBURG,Lacombe & Emanuelli 2020; Lacombe 2013,10.1007/s00122-012-1988-2,10.3103/S0095452718050031; 10.3390/plants10122696,VIVC passport (via Lacombe & Emanuelli 2020; Lacombe 2013)
ALVARELHAO CEITAO,HEBIEN,Cunha 2020,10.3389/fpls.2020.00127,,VIVC passport (via Cunha 2020)
ALVARELHAO CEITAO,ALVARELHAO,Cunha 2020,10.3389/fpls.2020.00127,,VIVC passport (via Cunha 2020)
CAINO BLANCO,CAINO BRAVO,Lacombe & Emanuelli 2020; Lacombe 2013; Laucou 2018,10.1007/s00122-012-1988-2,10.5344/ajev.2011.10040,VIVC passport (via Lacombe & Emanuelli 2020; Lacombe 2013; Laucou 2018)
CAINO BLANCO,ALVARINHO,Lacombe & Emanuelli 2020; Lacombe 2013; Laucou 2018,10.1007/s00122-012-1988-2,10.5344/ajev.2011.10040,VIVC passport (via Lacombe & Emanuelli 2020; Lacombe 2013; Laucou 2018)
ALVARINHO LILAS,MONTUA,Cunha 2020,10.3389/fpls.2020.00127,,VIVC passport (via Cunha 2020)
ALVARINHO LILAS,UVA CAO,Cunha 2020,10.3389/fpls.2020.00127,,VIVC passport (via Cunha 2020)
ALZEY 23384,BUCKLAND SWEET WATER,none,,,VIVC passport (pedigree confirmed by markers)
ALZEY 23384,MALINGRE PRECOCE,none,,,VIVC passport (pedigree confirmed by markers)
AMBER QUEEN,MARION,none,,,VIVC passport (pedigree confirmed by markers)
AMBER QUEEN,SCHIAVA GROSSA,none,,,VIVC passport (pedigree confirmed by markers)
BRANCA DE ANADIA,FERNAO PIRES,Cunha 2020,10.3389/fpls.2020.00127,,VIVC passport (via Cunha 2020)
BRANCA DE ANADIA,MONTUA,Cunha 2020,10.3389/fpls.2020.00127,,VIVC passport (via Cunha 2020)
ANCORAT,SAMOURIAU,Lacombe 2013,10.1007/s00122-012-1988-2,,VIVC passport (via Lacombe 2013)
ANCORAT,GOUAIS BLANC,Lacombe 2013,10.1007/s00122-012-1988-2,,VIVC passport (via Lacombe 2013)
ANGELO PIROVANO,CHASSELAS ROSE,Lacombe 2013,10.1007/s00122-012-1988-2,,VIVC passport (via Lacombe 2013)
ANGELO PIROVANO,MUSCAT HAMBURG,Lacombe 2013,10.1007/s00122-012-1988-2,,VIVC passport (via Lacombe 2013)
ANNAMARIA,PERLE VON CSABA,Lacombe 2013,10.1007/s00122-012-1988-2,,VIVC passport (via Lacombe 2013)
ANNAMARIA,DELIZIA DI VAPRIO,Lacombe 2013,10.1007/s00122-012-1988-2,,VIVC passport (via Lacombe 2013)
ANTAO VAZ,PARDINA = JAEN BLANCO,Lacombe 2013,10.1007/s00122-012-1988-2,,VIVC passport (via Lacombe 2013)
ANTAO VAZ,JOAO DOMINGOS,Lacombe 2013,10.1007/s00122-012-1988-2,,VIVC passport (via Lacombe 2013)
APIRENA BRUNI,REGINA DEI VIGNETI,none,,,VIVC passport (pedigree confirmed by markers)
APIRENA BRUNI,SULTANINA,none,,,VIVC passport (pedigree confirmed by markers)
ARAGATSI,KHOUSSAINE BLANC,Lacombe & Emanuelli 2020; Lacombe 2013; Laucou 2018; Margaryan 2021,10.1007/s00122-012-1988-2,,VIVC passport (via Lacombe & Emanuelli 2020; Lacombe 2013; Laucou 2018; Margaryan 2021)
ARAGATSI,SULTANINE,Lacombe & Emanuelli 2020; Lacombe 2013; Laucou 2018; Margaryan 2021,10.1007/s00122-012-1988-2,,VIVC passport (via Lacombe & Emanuelli 2020; Lacombe 2013; Laucou 2018; Margaryan 2021)
ARAMON NOIR,OULIVEN,Lacombe & Emanuelli 2020; Lacombe 2013,10.1007/s00122-012-1988-2,10.1007/s00122-019-03320-5,VIVC passport (via Lacombe & Emanuelli 2020; Lacombe 2013)
ARAMON NOIR,GOUAIS BLANC,Lacombe & Emanuelli 2020; Lacombe 2013,10.1007/s00122-012-1988-2,10.1007/s00122-019-03320-5,VIVC passport (via Lacombe & Emanuelli 2020; Lacombe 2013)
ARAMON PETIT,MUNSON,none,,,VIVC passport (pedigree confirmed by markers)
ARAMON PETIT,CINSAUT,none,,,VIVC passport (pedigree confirmed by markers)
ARENI SPITAK,TOZOT,Margaryan 2021,10.20870/oeno-one.2021.55.4.4815,10.20870/oeno-one.2021.55.4.4815,VIVC passport (via Margaryan 2021)
ARENI SPITAK,ARENI SEV,Margaryan 2021,10.20870/oeno-one.2021.55.4.4815,10.20870/oeno-one.2021.55.4.4815,VIVC passport (via Margaryan 2021)
ARINARNOA,TANNAT,Lacombe 2013,10.1007/s00122-012-1988-2,,VIVC passport (via Lacombe 2013)
ARINARNOA,CABERNET SAUVIGNON,Lacombe 2013,10.1007/s00122-012-1988-2,,VIVC passport (via Lacombe 2013)
ARMAS,COARNA ALBA,Lacombe 2013,10.1007/s00122-012-1988-2,,VIVC passport (via Lacombe 2013)
ARMAS,FRANCUSE,Lacombe 2013,10.1007/s00122-012-1988-2,,VIVC passport (via Lacombe 2013)
ARNSBURGER,MUELLER-THURGAU,none,,,VIVC passport (pedigree confirmed by markers)
ARNSBURGER,WEISSER GUTEDEL,none,,,VIVC passport (pedigree confirmed by markers)
AROMATICA,MUSCAT HAMBURG,Lacombe 2013,10.1007/s00122-012-1988-2,,VIVC passport (via Lacombe 2013)
AROMATICA,CICLOPICA,Lacombe 2013,10.1007/s00122-012-1988-2,,VIVC passport (via Lacombe 2013)
AROMRIESLING,RIESLING,Lacombe 2013,10.1007/s00122-012-1988-2,,VIVC passport (via Lacombe 2013)
AROMRIESLING,MUSCAT PRECOCE DE COURTILLER,Lacombe 2013,10.1007/s00122-012-1988-2,,VIVC passport (via Lacombe 2013)
ARPAD,KECSKEMET KINCSE,Lacombe 2013,10.1007/s00122-012-1988-2,,VIVC passport (via Lacombe 2013)
ARPAD,MUSCAT D'ALEXANDRIE,Lacombe 2013,10.1007/s00122-012-1988-2,,VIVC passport (via Lacombe 2013)
ARRILOBA,RAFFIAT DE MONCADE,Lacombe 2013,10.1007/s00122-012-1988-2,,VIVC passport (via Lacombe 2013)
ARRILOBA,SAUVIGNON BLANC,Lacombe 2013,10.1007/s00122-012-1988-2,,VIVC passport (via Lacombe 2013)
ARTURO MARESCALCHI,ANGELO PIROVANO,none,10.1007/s11295-014-0746-9,10.1007/s11295-014-0746-9,VIVC passport (pedigree confirmed by markers)
ARTURO MARESCALCHI,ITALIA,none,10.1007/s11295-014-0746-9,10.1007/s11295-014-0746-9,VIVC passport (pedigree confirmed by markers)
ASPIRAN BOUSCHET,RIVAIRENC,Lacombe 2013,10.1007/s00122-012-1988-2,,VIVC passport (via Lacombe 2013)
ASPIRAN BOUSCHET,TEINTURIER,Lacombe 2013,10.1007/s00122-012-1988-2,,VIVC passport (via Lacombe 2013)
ASPROUDA ZAKYNTHOU,KOUTSOUMBELI ASPRO,Lacombe 2013,10.1007/s00122-012-1988-2,,VIVC passport (via Lacombe 2013)
ASPROUDA ZAKYNTHOU,MAVRODAPHNI,Lacombe 2013,10.1007/s00122-012-1988-2,,VIVC passport (via Lacombe 2013)
MALVASIA FINA,HEBIEN,Cunha 2020; Lacombe & Emanuelli 2020; Lacombe 2013; Laucou 2018,10.1007/s00122-012-1988-2,10.5073/vitis.2015.54.special-issue.59-65; 10.5073/vitis.2015.54.special-issue.81-86,VIVC passport (via Cunha 2020; Lacombe & Emanuelli 2020; Lacombe 2013; Laucou 2018)
MALVASIA FINA,ALFROCHEIRO PRETO,Cunha 2020; Lacombe & Emanuelli 2020; Lacombe 2013; Laucou 2018,10.1007/s00122-012-1988-2,10.5073/vitis.2015.54.special-issue.59-65; 10.5073/vitis.2015.54.special-issue.81-86,VIVC passport (via Cunha 2020; Lacombe & Emanuelli 2020; Lacombe 2013; Laucou 2018)
ASSELI,HEPTAKILO,none,10.1007/s11295-014-0746-9,10.1007/s11295-014-0746-9,VIVC passport (pedigree confirmed by markers)
ASSELI,PLANTA FINA,none,10.1007/s11295-014-0746-9,10.1007/s11295-014-0746-9,VIVC passport (pedigree confirmed by markers)
ATHENS,HUBBARD,none,,,VIVC passport (pedigree confirmed by markers)
ATHENS,PORTLAND,none,,,VIVC passport (pedigree confirmed by markers)
ATTILA,ROSA MENA DI VACCA,Lacombe 2013,10.1007/s00122-012-1988-2,,VIVC passport (via Lacombe 2013)
ATTILA,MADAME JEAN MATHIASZ,Lacombe 2013,10.1007/s00122-012-1988-2,,VIVC passport (via Lacombe 2013)
AUBIN BLANC,GOUAIS BLANC,none,,,VIVC passport (pedigree confirmed by markers)
AUBIN BLANC,SAVAGNIN = TRAMINER,none,,,VIVC passport (pedigree confirmed by markers)
AUBIN VERT,PINOT,Lacombe 2013,10.1007/s00122-012-1988-2,10.1126/science.285.5433.1562,VIVC passport (via Lacombe 2013)
AUBIN VERT,GOUAIS BLANC,Lacombe 2013,10.1007/s00122-012-1988-2,10.1126/science.285.5433.1562,VIVC passport (via Lacombe 2013)
AUGSTER BLAU,AUGSTER WEISS,Lacombe & Emanuelli 2020; Lacombe 2013; Laucou 2018,10.1007/s00122-012-1988-2,,VIVC passport (via Lacombe & Emanuelli 2020; Lacombe 2013; Laucou 2018)
AUGSTER BLAU,VULPEA,Lacombe & Emanuelli 2020; Lacombe 2013; Laucou 2018,10.1007/s00122-012-1988-2,,VIVC passport (via Lacombe & Emanuelli 2020; Lacombe 2013; Laucou 2018)
AUGSTER WEISS,ALBA IMPUTOTATO,Lacombe & Emanuelli 2020; Lacombe 2013; Laucou 2018,10.1007/s00122-012-1988-2,,VIVC passport (via Lacombe & Emanuelli 2020; Lacombe 2013; Laucou 2018)
AUGSTER WEISS,LISZTES FEHER,Lacombe & Emanuelli 2020; Lacombe 2013; Laucou 2018,10.1007/s00122-012-1988-2,,VIVC passport (via Lacombe & Emanuelli 2020; Lacombe 2013; Laucou 2018)
AUGUSTA,AFUS ALI,Lacombe 2013,10.1007/s00122-012-1988-2,,VIVC passport (via Lacombe 2013)
AUGUSTA,LIGNAN BLANC,Lacombe 2013,10.1007/s00122-012-1988-2,,VIVC passport (via Lacombe 2013)
AUGUSTA LUISE,PARENT 1 WAS NOT CONFIRMED,none,,,VIVC passport (pedigree confirmed by markers)
AUGUSTA LUISE,SIEGERREBE,none,,,VIVC passport (pedigree confirmed by markers)
AUGUSTRIESLING,RIESLING WEISS,none,,,VIVC passport (pedigree confirmed by markers)
AUGUSTRIESLING,MALINGRE PRECOCE,none,,,VIVC passport (pedigree confirmed by markers)
AURORA INTA,REINE DES VIGNES,Lacombe 2013,10.1007/s00122-012-1988-2,,VIVC passport (via Lacombe 2013)
AURORA INTA,PERLE DE CSABA,Lacombe 2013,10.1007/s00122-012-1988-2,,VIVC passport (via Lacombe 2013)
AURORE,SEIBEL 867,none,,,VIVC passport (pedigree confirmed by markers)
AURORE,PARENT 2 WAS NOT CONFIRMED,none,,,VIVC passport (pedigree confirmed by markers)
AUXERROIS,GOUAIS BLANC,Lacombe 2013,10.1007/s00122-012-1988-2,10.1126/science.285.5433.1562,VIVC passport (via Lacombe 2013)
AUXERROIS,PINOT,Lacombe 2013,10.1007/s00122-012-1988-2,10.1126/science.285.5433.1562,VIVC passport (via Lacombe 2013)
AZATENI,BAYAN SHIREI,Margaryan 2021,10.3390/biology10121279,,VIVC passport (via Margaryan 2021)
AZATENI,CHILAR,Margaryan 2021,10.3390/biology10121279,,VIVC passport (via Margaryan 2021)
AZOUGAH,ABOUHOU,Lacombe 2013,10.1007/s00122-012-1988-2,,VIVC passport (via Lacombe 2013)
AZOUGAH,DEDO DE DAMA,Lacombe 2013,10.1007/s00122-012-1988-2,,VIVC passport (via Lacombe 2013)
BACCHUS NOIR,GOUAIS BLANC,Lacombe 2013,10.1007/s00122-012-1988-2,,VIVC passport (via Lacombe 2013)
BACCHUS NOIR,CABERNET FRANC,Lacombe 2013,10.1007/s00122-012-1988-2,,VIVC passport (via Lacombe 2013)
BACHET NOIR,GOUAIS BLANC,Lacombe 2013,10.1007/s00122-012-1988-2,10.1126/science.285.5433.1562,VIVC passport (via Lacombe 2013)
BACHET NOIR,PINOT,Lacombe 2013,10.1007/s00122-012-1988-2,10.1126/science.285.5433.1562,VIVC passport (via Lacombe 2013)
BACO BLANC,FOLLE BLANCHE,none,,,VIVC passport (pedigree confirmed by markers)
BACO BLANC,NOAH,none,,,VIVC passport (pedigree confirmed by markers)
BAKARKA,KOEVIDINKA,Lacombe 2013,10.1007/s00122-012-1988-2,,VIVC passport (via Lacombe 2013)
BAKARKA,KADARKA,Lacombe 2013,10.1007/s00122-012-1988-2,,VIVC passport (via Lacombe 2013)
BALZAC BLANC,GOUAIS BLANC,Lacombe 2013,10.1007/s00122-012-1988-2,,VIVC passport (via Lacombe 2013)
BALZAC BLANC,CHENIN BLANC,Lacombe 2013,10.1007/s00122-012-1988-2,,VIVC passport (via Lacombe 2013)
BARBABLEU,OLIVETTA NERA,none,,,VIVC passport (pedigree confirmed by markers)
BARBABLEU,MUSCAT HAMBURG,none,,,VIVC passport (pedigree confirmed by markers)
BARCELO,AZAL,Lacombe 2013,10.1007/s00122-012-1988-2,,VIVC passport (via Lacombe 2013)
BARCELO,AMARAL,Lacombe 2013,10.1007/s00122-012-1988-2,,VIVC passport (via Lacombe 2013)
BARONE DELL'ATERNO,DELIZIA DI VAPRIO,Lacombe 2013,10.1007/s00122-012-1988-2,,VIVC passport (via Lacombe 2013)
BARONE DELL'ATERNO,PIROVANO 2,Lacombe 2013,10.1007/s00122-012-1988-2,,VIVC passport (via Lacombe 2013)
BASERRI,GROS MANSENG,Lacombe 2013,10.1007/s00122-012-1988-2,,VIVC passport (via Lacombe 2013)
BASERRI,MUSCADELLE,Lacombe 2013,10.1007/s00122-012-1988-2,,VIVC passport (via Lacombe 2013)
BASILE LOGOTHETIS,MUSCAT OF ALEXANDRIA,Lacombe 2013,10.1007/s00122-012-1988-2,,VIVC passport (via Lacombe 2013)
BASILE LOGOTHETIS,SULTANINA BIANCA,Lacombe 2013,10.1007/s00122-012-1988-2,,VIVC passport (via Lacombe 2013)
BASTARDO MAGARACHSKII,BASTARDO,Lacombe & Emanuelli 2020; Lacombe 2013; Laucou 2018,10.1007/s00122-012-1988-2,,VIVC passport (via Lacombe & Emanuelli 2020; Lacombe 2013; Laucou 2018)
BASTARDO MAGARACHSKII,SAPERAVI,Lacombe & Emanuelli 2020; Lacombe 2013; Laucou 2018,10.1007/s00122-012-1988-2,,VIVC passport (via Lacombe & Emanuelli 2020; Lacombe 2013; Laucou 2018)
BEALA DEBELA,ALBA IMPUTATATO,Lacombe 2013,10.1007/s00122-012-1988-2,,VIVC passport (via Lacombe 2013)
BEALA DEBELA,PROKUPAC,Lacombe 2013,10.1007/s00122-012-1988-2,,VIVC passport (via Lacombe 2013)
BEAUFORT,FORTH WORTH #3,none,,,VIVC passport (pedigree confirmed by markers)
BEAUFORT,UNKNOWN,none,,,VIVC passport (pedigree confirmed by markers)
BEAUNOIR,GOUAIS BLANC,Lacombe 2013,10.1007/s00122-012-1988-2,10.1126/science.285.5433.1562,VIVC passport (via Lacombe 2013)
BEAUNOIR,PINOT,Lacombe 2013,10.1007/s00122-012-1988-2,10.1126/science.285.5433.1562,VIVC passport (via Lacombe 2013)
BEAUTY SEEDLESS,KOENIGIN DER WEINGAERTEN,Lacombe 2013,10.1007/s00122-012-1988-2,,VIVC passport (via Lacombe 2013)
BEAUTY SEEDLESS,BLACK SEEDLESS,Lacombe 2013,10.1007/s00122-012-1988-2,,VIVC passport (via Lacombe 2013)
BELLEVUE,OLIVETTE BLANCHE,Lacombe 2013,10.1007/s00122-012-1988-2,,VIVC passport (via Lacombe 2013)
BELLEVUE,AFUZ ALI,Lacombe 2013,10.1007/s00122-012-1988-2,,VIVC passport (via Lacombe 2013)
BELLINO,BLACK MOROCCO,Lacombe 2013,10.1007/s00122-012-1988-2,,VIVC passport (via Lacombe 2013)
BELLINO,SCHIAVA GROSSA,Lacombe 2013,10.1007/s00122-012-1988-2,,VIVC passport (via Lacombe 2013)
BEM TABORNOK,MUSCAT D' ALEXANDRIE,Lacombe 2013,10.1007/s00122-012-1988-2,,VIVC passport (via Lacombe 2013)
BEM TABORNOK,GROS COLMAN,Lacombe 2013,10.1007/s00122-012-1988-2,,VIVC passport (via Lacombe 2013)
BENFICA,CASTELAO,Cunha 2020,10.3389/fpls.2020.00127,,VIVC passport (via Cunha 2020)
BENFICA,ALICANTE HENRI BOUSCHET,Cunha 2020,10.3389/fpls.2020.00127,,VIVC passport (via Cunha 2020)
BEOGRADSKA RANA,PERLE DE CSABA,Lacombe 2013,10.1007/s00122-012-1988-2,,VIVC passport (via Lacombe 2013)
BEOGRADSKA RANA,DATTIER DE BEYROUTH,Lacombe 2013,10.1007/s00122-012-1988-2,,VIVC passport (via Lacombe 2013)
BERNATH JANOS,KADARKA,Lacombe 2013,10.1007/s00122-012-1988-2,,VIVC passport (via Lacombe 2013)
BERNATH JANOS,MATHIASZ JANOSNE,Lacombe 2013,10.1007/s00122-012-1988-2,,VIVC passport (via Lacombe 2013)
BERRI SPITAK,HADISI,Margaryan 2021,10.3390/biology10121279,,VIVC passport (via Margaryan 2021)
BERRI SPITAK,GENOTYPE 16,Margaryan 2021,10.3390/biology10121279,,VIVC passport (via Margaryan 2021)
BETTLERTRAUBE,ZIMMETTRAUBE BLAUSCHWARZ,none,,,VIVC passport (pedigree confirmed by markers)
BETTLERTRAUBE,GOUAIS BLANC,none,,,VIVC passport (pedigree confirmed by markers)
BEZOUL EL AOUDA,ABOUHOU = ASSERGHIN,Lacombe & Emanuelli 2020; Lacombe 2013; Laucou 2018,10.1007/s00122-012-1988-2,,VIVC passport (via Lacombe & Emanuelli 2020; Lacombe 2013; Laucou 2018)
BEZOUL EL AOUDA,DEDO DE DAMA.,Lacombe & Emanuelli 2020; Lacombe 2013; Laucou 2018,10.1007/s00122-012-1988-2,,VIVC passport (via Lacombe & Emanuelli 2020; Lacombe 2013; Laucou 2018)
BEZUMYANNYI,BURYI 2,none,10.1134/S2635167622050135,10.1134/S2635167622050135,VIVC passport (pedigree confirmed by markers)
BEZUMYANNYI,TSIMLYANSKIY CHERNYI,none,10.1134/S2635167622050135,10.1134/S2635167622050135,VIVC passport (pedigree confirmed by markers)
BIANCA,SEYVE VILLARD 12375,none,10.3103/S0095452718050031,10.3103/S0095452718050031,VIVC passport (pedigree confirmed by markers)
BIANCA,BOUVIER,none,10.3103/S0095452718050031,10.3103/S0095452718050031,VIVC passport (pedigree confirmed by markers)
BIANCHETTA TREVIGIANA,BRAMBANA,Cipriani 2010,10.1007/s00122-010-1411-9,,VIVC passport (via Cipriani 2010)
BIANCHETTA TREVIGIANA,DURELLA,Cipriani 2010,10.1007/s00122-010-1411-9,,VIVC passport (via Cipriani 2010)
BICZO BALINT EMLEKE,HARSLEVELUE,Lacombe 2013,10.1007/s00122-012-1988-2,,VIVC passport (via Lacombe 2013)
BICZO BALINT EMLEKE,MATHIASZ JANOSNE,Lacombe 2013,10.1007/s00122-012-1988-2,,VIVC passport (via Lacombe 2013)
BICZO EGON,HARSLEVELUE,Lacombe 2013,10.1007/s00122-012-1988-2,,VIVC passport (via Lacombe 2013)
BICZO EGON,MATHIASZ JANOSNE,Lacombe 2013,10.1007/s00122-012-1988-2,,VIVC passport (via Lacombe 2013)
BIEN DONNE,OHANES,Lacombe 2013,10.1007/s00122-012-1988-2,,VIVC passport (via Lacombe 2013)
BIEN DONNE,KOENIGIN DER WEINGAERTEN,Lacombe 2013,10.1007/s00122-012-1988-2,,VIVC passport (via Lacombe 2013)
ROSA DEL PERU,MISSION,Lacombe 2013,10.1007/s00122-012-1988-2,,VIVC passport (via Lacombe 2013)
ROSA DEL PERU,MUSCAT D'ALEXANDRIE,Lacombe 2013,10.1007/s00122-012-1988-2,,VIVC passport (via Lacombe 2013)
BLANC D'AMBRE,SCHIRAS,Lacombe 2013,10.1007/s00122-012-1988-2,,VIVC passport (via Lacombe 2013)
BLANC D'AMBRE,CHASSELAS,Lacombe 2013,10.1007/s00122-012-1988-2,,VIVC passport (via Lacombe 2013)
BLANC DE RHAFSAI,CAYETANA BLANCA,Lacombe 2013,10.1007/s00122-012-1988-2,,VIVC passport (via Lacombe 2013)
BLANC DE RHAFSAI,TAFERIELT,Lacombe 2013,10.1007/s00122-012-1988-2,,VIVC passport (via Lacombe 2013)
BLANCHARD 2,BERLANDIERI LAFONT 9,none,,,VIVC passport (pedigree confirmed by markers)
BLANCHARD 2,UGNI BLANC,none,,,VIVC passport (pedigree confirmed by markers)
LAFNETSCHA,COMPLETER,none,10.5073/vitis.2004.43.81-87,10.5073/vitis.2004.43.81-87,VIVC passport (pedigree confirmed by markers)
LAFNETSCHA,HUMAGNE BLANC,none,10.5073/vitis.2004.43.81-87,10.5073/vitis.2004.43.81-87,VIVC passport (pedigree confirmed by markers)
BLAUBURGER,PORTUGIESER BLAU,Lacombe 2013,10.1007/s00122-012-1988-2,10.5073/vitis.1997.36.179-183,VIVC passport (via Lacombe 2013)
BLAUBURGER,BLAUFRAENKISCH,Lacombe 2013,10.1007/s00122-012-1988-2,10.5073/vitis.1997.36.179-183,VIVC passport (via Lacombe 2013)
BLAUFRAENKISCH,ZIMMETTRAUBE BLAU,none,10.5073/vitis.2016.55.135-143,10.5073/vitis.2016.55.135-143,VIVC passport (pedigree confirmed by markers)
BLAUFRAENKISCH,GOUAIS BLANC,none,10.5073/vitis.2016.55.135-143,10.5073/vitis.2016.55.135-143,VIVC passport (pedigree confirmed by markers)
BOAL BRANCO,ARINTO DO DAO,Lacombe 2013,10.1007/s00122-012-1988-2,,VIVC passport (via Lacombe 2013)
BOAL BRANCO,DEDO DE DAMA,Lacombe 2013,10.1007/s00122-012-1988-2,,VIVC passport (via Lacombe 2013)
BOGNI 17,BICANE,none,,,VIVC passport (pedigree confirmed by markers)
BOGNI 17,MUSCAT HAMBURG,none,,,VIVC passport (pedigree confirmed by markers)
BOJANKA BELA,BERBECEL=APROFEHER,Lacombe 2013,10.1007/s00122-012-1988-2,,VIVC passport (via Lacombe 2013)
BOJANKA BELA,PAPASKARASI,Lacombe 2013,10.1007/s00122-012-1988-2,,VIVC passport (via Lacombe 2013)
BOMBINO NERO,BOMBINO BIANCO,Lacombe & Emanuelli 2020,10.1186/s40064-016-3228-8,10.1186/s40064-016-3228-8; 10.20870/oeno-one.2021.55.3.4628,VIVC passport (via Lacombe & Emanuelli 2020)
BOMBINO NERO,QUAGLIANO,Lacombe & Emanuelli 2020,10.1186/s40064-016-3228-8,10.1186/s40064-016-3228-8; 10.20870/oeno-one.2021.55.3.4628,VIVC passport (via Lacombe & Emanuelli 2020)
BON NOIR,MILLARDET ET GRASSET 101 O.P.,none,,,VIVC passport (pedigree confirmed by markers)
BON NOIR,KNIPPERLE,none,,,VIVC passport (pedigree confirmed by markers)
BORISKA,KADARKA,Lacombe 2013,10.1007/s00122-012-1988-2,,VIVC passport (via Lacombe 2013)
BORISKA,MATHIASZ JANOSNE MUSKOTALY,Lacombe 2013,10.1007/s00122-012-1988-2,,VIVC passport (via Lacombe 2013)
BOUCHEREAU,BICANE,Lacombe 2013,10.1007/s00122-012-1988-2,,VIVC passport (via Lacombe 2013)
BOUCHEREAU,CORINTHE NOIR,Lacombe 2013,10.1007/s00122-012-1988-2,,VIVC passport (via Lacombe 2013)
BOUQUETRIESLING,RIESLING,Lacombe 2013,10.1007/s00122-012-1988-2,,VIVC passport (via Lacombe 2013)
BOUQUETRIESLING,MUSCAT SAINT LAURENT,Lacombe 2013,10.1007/s00122-012-1988-2,,VIVC passport (via Lacombe 2013)
BOUQUETSYLVANER,BOUQUETTRAUBE,Lacombe 2013,10.1007/s00122-012-1988-2,,VIVC passport (via Lacombe 2013)
BOUQUETSYLVANER,MUSCAT ST. LAURENT,Lacombe 2013,10.1007/s00122-012-1988-2,,VIVC passport (via Lacombe 2013)
BUKETTREBE,SYLVANER,Lacombe 2013,10.1007/s00122-012-1988-2,,VIVC passport (via Lacombe 2013)
BUKETTREBE,TROLLINGER,Lacombe 2013,10.1007/s00122-012-1988-2,,VIVC passport (via Lacombe 2013)
BOURRISQUOU,HEBIEN,Lacombe 2013,10.1007/s00122-012-1988-2,,VIVC passport (via Lacombe 2013)
BOURRISQUOU,MOURVEDRE,Lacombe 2013,10.1007/s00122-012-1988-2,,VIVC passport (via Lacombe 2013)
BOUSCHET PETIT,TEINTURIER,Lacombe & Emanuelli 2020; Lacombe 2013,10.1007/s00122-012-1988-2,,VIVC passport (via Lacombe & Emanuelli 2020; Lacombe 2013)
BOUSCHET PETIT,ARAMON,Lacombe & Emanuelli 2020; Lacombe 2013,10.1007/s00122-012-1988-2,,VIVC passport (via Lacombe & Emanuelli 2020; Lacombe 2013)
BOUVIER,PINOT,Lacombe 2013,10.1007/s00122-012-1988-2,,VIVC passport (via Lacombe 2013)
BOUVIER,MUSCAT A PETITS GRAINS,Lacombe 2013,10.1007/s00122-012-1988-2,,VIVC passport (via Lacombe 2013)
BOUYSSELET,PLANT DE CAUZETTE,Lacombe 2013,10.1007/s00122-012-1988-2,,VIVC passport (via Lacombe 2013)
BOUYSSELET,SAVAGNIN = TRAMINER,Lacombe 2013,10.1007/s00122-012-1988-2,,VIVC passport (via Lacombe 2013)
BOUZOUGA,ABOUHOU,Lacombe 2013,10.1007/s00122-012-1988-2,10.1007/s11295-011-0413-3,VIVC passport (via Lacombe 2013)
BOUZOUGA,DEDO DE DAMA,Lacombe 2013,10.1007/s00122-012-1988-2,10.1007/s11295-011-0413-3,VIVC passport (via Lacombe 2013)
BRONNERTRAUBE,ELBLING,Lacombe 2013,10.1007/s00122-012-1988-2,,VIVC passport (via Lacombe 2013)
BRONNERTRAUBE,CHASSELAS,Lacombe 2013,10.1007/s00122-012-1988-2,,VIVC passport (via Lacombe 2013)
BRUN FOURCA,POUGAYEN,Lacombe 2013,10.1007/s00122-012-1988-2,,VIVC passport (via Lacombe 2013)
BRUN FOURCA,BEST'S R2 V73,Lacombe 2013,10.1007/s00122-012-1988-2,,VIVC passport (via Lacombe 2013)
BRUNI 12,MADELEINE ANGEVINE,none,,,VIVC passport (pedigree confirmed by markers)
BRUNI 12,BARESANA,none,,,VIVC passport (pedigree confirmed by markers)
BRUNI 36,MADELEINE ANGEVINE,none,,,VIVC passport (pedigree confirmed by markers)
BRUNI 36,LIGNAN BLANC,none,,,VIVC passport (pedigree confirmed by markers)
BRUNI 41,SICILIEN,none,,,VIVC passport (pedigree confirmed by markers)
BRUNI 41,SZAUTER GUSZTAV,none,,,VIVC passport (pedigree confirmed by markers)
BRUNI 45,CHASSELAS BLANC,none,,,VIVC passport (pedigree confirmed by markers)
BRUNI 45,SULTANINE BLANCHE,none,,,VIVC passport (pedigree confirmed by markers)
BRUNI 54,SAUVIGNON,none,10.20870/oeno-one.2021.55.3.4628,10.20870/oeno-one.2021.55.3.4628,VIVC passport (pedigree confirmed by markers)
BRUNI 54,VERDICCHIO,none,10.20870/oeno-one.2021.55.3.4628,10.20870/oeno-one.2021.55.3.4628,VIVC passport (pedigree confirmed by markers)
BRUNI 90,MATHIASZ JANOSNE,none,,,VIVC passport (pedigree confirmed by markers)
BRUNI 90,BLACK SEEDLESS,none,,,VIVC passport (pedigree confirmed by markers)
BRUNI 179,PECCOLO ROSSO,Cipriani 2010,10.1007/s00122-010-1411-9,,VIVC passport (via Cipriani 2010)
BRUNI 179,PECCOLO ROSSO,Cipriani 2010,10.1007/s00122-010-1411-9,,VIVC passport (via Cipriani 2010)
BRUNI 185,UGNI BLANC,Cipriani 2010,10.1007/s00122-010-1411-9,,VIVC passport (via Cipriani 2010)
BRUNI 185,HONIGLER,Cipriani 2010,10.1007/s00122-010-1411-9,,VIVC passport (via Cipriani 2010)
BRUNI 624,PICOLIT,none,,,VIVC passport (pedigree confirmed by markers)
BRUNI 624,VILLARD BLANC,none,,,VIVC passport (pedigree confirmed by markers)
BRUNI 707,CARDINAL,none,,,VIVC passport (pedigree confirmed by markers)
BRUNI 707,CARDINAL,none,,,VIVC passport (pedigree confirmed by markers)
BUAKI NOR,MATRASSA BLANC FAUX,Lacombe 2013,10.1007/s00122-012-1988-2,,VIVC passport (via Lacombe 2013)
BUAKI NOR,KHOUSSAINE BLANC,Lacombe 2013,10.1007/s00122-012-1988-2,,VIVC passport (via Lacombe 2013)
BULANYI BELYI,COARNA ALBA,none,10.1134/S2635167622050135,10.1134/S2635167622050135,VIVC passport (pedigree confirmed by markers)
BULANYI BELYI,BULANYI,none,10.1134/S2635167622050135,10.1134/S2635167622050135,VIVC passport (pedigree confirmed by markers)
BURDIN 5406,SEIBEL 5455,none,,,VIVC passport (pedigree confirmed by markers)
BURDIN 5406,SEIBEL 8745,none,,,VIVC passport (pedigree confirmed by markers)
BURDIN 6004,SEIBEL 5163,none,,,VIVC passport (pedigree confirmed by markers)
BURDIN 6004,SEIBEL 8365,none,,,VIVC passport (pedigree confirmed by markers)
BURDIN 7374,GAMAY NOIR,none,,,VIVC passport (pedigree confirmed by markers)
BURDIN 7374,SEIBEL 8724,none,,,VIVC passport (pedigree confirmed by markers)
BURDIN 7419,GAMAY NOIR,none,,,VIVC passport (pedigree confirmed by markers)
BURDIN 7419,SEIBEL 8718,none,,,VIVC passport (pedigree confirmed by markers)
BURDIN 7696,PLANTET,none,,,VIVC passport (pedigree confirmed by markers)
BURDIN 7696,SEIBEL 880,none,,,VIVC passport (pedigree confirmed by markers)
BONHEUR,BARLINKA,Lacombe 2013,10.1007/s00122-012-1988-2,10.21548/39-1-2053,VIVC passport (via Lacombe 2013)
BONHEUR,ALPHONSE LAVALLEE,Lacombe 2013,10.1007/s00122-012-1988-2,10.21548/39-1-2053,VIVC passport (via Lacombe 2013)
BURYI,KOZ OUZIOUM,none,10.1134/S2635167622050135,10.1134/S2635167622050135,VIVC passport (pedigree confirmed by markers)
BURYI,ASYL KARA 2,none,10.1134/S2635167622050135,10.1134/S2635167622050135,VIVC passport (pedigree confirmed by markers)
BUSSANELLO,WELSCHRIESLING,Lacombe & Emanuelli 2020,10.1016/j.scienta.2017.02.044,10.1016/j.scienta.2017.02.044,VIVC passport (via Lacombe & Emanuelli 2020)
BUSSANELLO,FURMINT,Lacombe & Emanuelli 2020,10.1016/j.scienta.2017.02.044,10.1016/j.scienta.2017.02.044,VIVC passport (via Lacombe & Emanuelli 2020)
CABERNET GOUDABLE,CABERNET FRANC,Lacombe 2013,10.1007/s00122-012-1988-2,,VIVC passport (via Lacombe 2013)
CABERNET GOUDABLE,CROUCHEN,Lacombe 2013,10.1007/s00122-012-1988-2,,VIVC passport (via Lacombe 2013)
CABERNET SAUVIGNON,SAUVIGNON,Cipriani 2010; Lacombe & Emanuelli 2020; Lacombe 2013,10.1007/s00122-010-1411-9,10.1007/s00122-019-03320-5; 10.1007/s10722-013-0064-3; 10.1038/ng0597-84; 10.1038/s41598-020-72799-6; 10.1038/s41598-024-62774-w; 10.1111/j.1755-0238.2008.00041.x; 10.21548/39-1-2053; 10.3103/S0095452710020040; 10.3103/S0095452718050031; 10.5073/vitis.1997.36.179-183; 10.5344/ajev.2016.16068,VIVC passport (via Cipriani 2010; Lacombe & Emanuelli 2020; Lacombe 2013)
CABINDA,GRAND NOIR,Cunha 2020,10.3389/fpls.2020.00127,,VIVC passport (via Cunha 2020)
CABINDA,CASTELAO,Cunha 2020,10.3389/fpls.2020.00127,,VIVC passport (via Cunha 2020)
CALABRE,BICANE,Lacombe & Emanuelli 2020; Lacombe 2013; Laucou 2018,10.1007/s00122-012-1988-2,,VIVC passport (via Lacombe & Emanuelli 2020; Lacombe 2013; Laucou 2018)
CALABRE,MUSCAT A PETITS GRAINS,Lacombe & Emanuelli 2020; Lacombe 2013; Laucou 2018,10.1007/s00122-012-1988-2,,VIVC passport (via Lacombe & Emanuelli 2020; Lacombe 2013; Laucou 2018)
CALADOC,GRENACHE NOIR,Lacombe 2013,10.1007/s00122-012-1988-2,10.5344/ajev.2010.09129,VIVC passport (via Lacombe 2013)
CALADOC,MALBEC,Lacombe 2013,10.1007/s00122-012-1988-2,10.5344/ajev.2010.09129,VIVC passport (via Lacombe 2013)
CALLET,CALLET CAS CONCOS,Lacombe 2013,10.1007/s00122-012-1988-2,10.1007/s10722-011-9706-5,VIVC passport (via Lacombe 2013)
CALLET,FOGONEU,Lacombe 2013,10.1007/s00122-012-1988-2,10.1007/s10722-011-9706-5,VIVC passport (via Lacombe 2013)
CALMERIA,OHANES,Lacombe 2013,10.1007/s00122-012-1988-2,10.5344/ajev.2016.16068,VIVC passport (via Lacombe 2013)
CALMERIA,SULTANINA,Lacombe 2013,10.1007/s00122-012-1988-2,10.5344/ajev.2016.16068,VIVC passport (via Lacombe 2013)
CALZIN,ZINFANDEL,Lacombe 2013,10.1007/s00122-012-1988-2,,VIVC passport (via Lacombe 2013)
CALZIN,MONDEUSE,Lacombe 2013,10.1007/s00122-012-1988-2,,VIVC passport (via Lacombe 2013)
CAMARAOU BLANC,CAMARALET FEMELLE,Lacombe 2013,10.1007/s00122-012-1988-2,,VIVC passport (via Lacombe 2013)
CAMARAOU BLANC,PLANT DE DUBOSC 2,Lacombe 2013,10.1007/s00122-012-1988-2,,VIVC passport (via Lacombe 2013)
CAMARATE TINTO,CAYETANA BLANCA,Cunha 2020; Lacombe & Emanuelli 2020; Lacombe 2013; Laucou 2018,10.1007/s00122-012-1988-2,10.5073/vitis.2015.54.special-issue.59-65; 10.5344/ajev.2011.11052,VIVC passport (via Cunha 2020; Lacombe & Emanuelli 2020; Lacombe 2013; Laucou 2018)
CAMARATE TINTO,ALFROCHEIRO PRETO,Cunha 2020; Lacombe & Emanuelli 2020; Lacombe 2013; Laucou 2018,10.1007/s00122-012-1988-2,10.5073/vitis.2015.54.special-issue.59-65; 10.5344/ajev.2011.11052,VIVC passport (via Cunha 2020; Lacombe & Emanuelli 2020; Lacombe 2013; Laucou 2018)
CAMPANARIO,FERNAO PIRES,Cunha 2020,10.3389/fpls.2020.00127,,VIVC passport (via Cunha 2020)
CAMPANARIO,PRETO CARDANA,Cunha 2020,10.3389/fpls.2020.00127,,VIVC passport (via Cunha 2020)
CANADICE,BATH,none,,,VIVC passport (pedigree confirmed by markers)
CANADICE,HIMROD,none,,,VIVC passport (pedigree confirmed by markers)
CANELA,LISTAN PRIETO,none,10.1111/ajgw.12282,10.1111/ajgw.12282,VIVC passport (pedigree confirmed by markers)
CANELA,MUSCAT A PETITS GRAINS,none,10.1111/ajgw.12282,10.1111/ajgw.12282,VIVC passport (pedigree confirmed by markers)
CANNER SEEDLESS,HUNISA,Lacombe 2013,10.1007/s00122-012-1988-2,,VIVC passport (via Lacombe 2013)
CANNER SEEDLESS,SULTANINE,Lacombe 2013,10.1007/s00122-012-1988-2,,VIVC passport (via Lacombe 2013)
CARALICANTE,CARIGNAN NOIR,Lacombe 2013,10.1007/s00122-012-1988-2,,VIVC passport (via Lacombe 2013)
CARALICANTE,ALICANTE BOUSCHET,Lacombe 2013,10.1007/s00122-012-1988-2,,VIVC passport (via Lacombe 2013)
CARDINAL,RIBIER,Cipriani 2010; Lacombe & Emanuelli 2020; Lacombe 2013; Laucou 2018,10.1007/s00122-010-1411-9,10.3103/S0095452718050031; 10.5344/ajev.2016.16068,VIVC passport (via Cipriani 2010; Lacombe & Emanuelli 2020; Lacombe 2013; Laucou 2018)
CARDINAL,REINE DES VIGNES,Cipriani 2010; Lacombe & Emanuelli 2020; Lacombe 2013; Laucou 2018,10.1007/s00122-010-1411-9,10.3103/S0095452718050031; 10.5344/ajev.2016.16068,VIVC passport (via Cipriani 2010; Lacombe & Emanuelli 2020; Lacombe 2013; Laucou 2018)
CARINA,SYRAH,none,,,VIVC passport (pedigree confirmed by markers)
CARINA,SULTANINE,none,,,VIVC passport (pedigree confirmed by markers)
CARMINA,PORTUGIESER BLAU,none,,,VIVC passport (pedigree confirmed by markers)
CARMINA,SPAETBURGUNDER,none,,,VIVC passport (pedigree confirmed by markers)
CARREGA TINTO,HEBIEN,Cunha 2020; Lacombe 2013,10.1007/s00122-012-1988-2,10.5073/vitis.2015.54.special-issue.59-65; 10.5073/vitis.2015.54.special-issue.81-86,VIVC passport (via Cunha 2020; Lacombe 2013)
CARREGA TINTO,ALFROCHEIRO,Cunha 2020; Lacombe 2013,10.1007/s00122-012-1988-2,10.5073/vitis.2015.54.special-issue.59-65; 10.5073/vitis.2015.54.special-issue.81-86,VIVC passport (via Cunha 2020; Lacombe 2013)
CARRICANTE,STRINTO PORCINO,Lacombe & Emanuelli 2020,10.3389/fpls.2020.605934,,VIVC passport (via Lacombe & Emanuelli 2020)
CARRICANTE,VISPAROLA,Lacombe & Emanuelli 2020,10.3389/fpls.2020.605934,,VIVC passport (via Lacombe & Emanuelli 2020)
CARUBIS,VILLARD BLANC,none,,,VIVC passport (pedigree confirmed by markers)
CARUBIS,CARIGNAN NOIR,none,,,VIVC passport (pedigree confirmed by markers)
CASTALIA,MUSCAT OF ALEXANDRIA,Cunha 2020,10.3389/fpls.2020.00127,,VIVC passport (via Cunha 2020)
CASTALIA,MONTUA,Cunha 2020,10.3389/fpls.2020.00127,,VIVC passport (via Cunha 2020)
CASTEL 196- 17,COUDERC 1203,Migliaro 2019,10.5344/ajev.2019.18054,,VIVC passport (via Migliaro 2019)
CASTEL 196- 17,RIPARIA GLOIRE DE MONTPELLIER,Migliaro 2019,10.5344/ajev.2019.18054,,VIVC passport (via Migliaro 2019)
CASTEL 215- 1,SOLONIS,Migliaro 2019,10.5344/ajev.2019.18054,,VIVC passport (via Migliaro 2019)
CASTEL 215- 1,RUPESTRIS DU LOT,Migliaro 2019,10.5344/ajev.2019.18054,,VIVC passport (via Migliaro 2019)
CASTEL 216- 3,COUDERC 1616,Migliaro 2019,10.1007/s00122-019-03320-5,10.1007/s00122-019-03320-5,VIVC passport (via Migliaro 2019)
CASTEL 216- 3,RUPESTRIS DU LOT,Migliaro 2019,10.1007/s00122-019-03320-5,10.1007/s00122-019-03320-5,VIVC passport (via Migliaro 2019)
CASTEL 227- 1,SOLONIS,Migliaro 2019,10.5344/ajev.2019.18054,,VIVC passport (via Migliaro 2019)
CASTEL 227- 1,RUPESTRIS DU LOT,Migliaro 2019,10.5344/ajev.2019.18054,,VIVC passport (via Migliaro 2019)
CASTEL 228- 1,SOLONIS,Migliaro 2019,10.5344/ajev.2019.18054,,VIVC passport (via Migliaro 2019)
CASTEL 228- 1,RUPESTRIS DU LOT,Migliaro 2019,10.5344/ajev.2019.18054,,VIVC passport (via Migliaro 2019)
CASTELAO BRANCO,HEBIEN,Cunha 2020,10.3389/fpls.2020.00127,10.5073/vitis.2015.54.special-issue.59-65; 10.5073/vitis.2015.54.special-issue.81-86,VIVC passport (via Cunha 2020)
CASTELAO BRANCO,ALFROCHEIRO,Cunha 2020,10.3389/fpls.2020.00127,10.5073/vitis.2015.54.special-issue.59-65; 10.5073/vitis.2015.54.special-issue.81-86,VIVC passport (via Cunha 2020)
CASTELAO,CAYETANA BLANCA,Cunha 2020; Lacombe & Emanuelli 2020; Lacombe 2013; Laucou 2018,10.1007/s00122-012-1988-2,10.5073/vitis.2015.54.special-issue.59-65; 10.5344/ajev.2011.11052,VIVC passport (via Cunha 2020; Lacombe & Emanuelli 2020; Lacombe 2013; Laucou 2018)
CASTELAO,ALFROCHEIRO PRETO,Cunha 2020; Lacombe & Emanuelli 2020; Lacombe 2013; Laucou 2018,10.1007/s00122-012-1988-2,10.5073/vitis.2015.54.special-issue.59-65; 10.5344/ajev.2011.11052,VIVC passport (via Cunha 2020; Lacombe & Emanuelli 2020; Lacombe 2013; Laucou 2018)
CASTETS,GROS CABERNET,Lacombe & Emanuelli 2020; Lacombe 2013; Laucou 2018,10.1007/s00122-012-1988-2,,VIVC passport (via Lacombe & Emanuelli 2020; Lacombe 2013; Laucou 2018)
CASTETS,CAMARAOU NOIR,Lacombe & Emanuelli 2020; Lacombe 2013; Laucou 2018,10.1007/s00122-012-1988-2,,VIVC passport (via Lacombe & Emanuelli 2020; Lacombe 2013; Laucou 2018)
CATARRATTO BIANCO COMUNE,GARGANEGA,Lacombe & Emanuelli 2020,10.1186/s12870-018-1576-y,10.1186/s12870-018-1576-y; 10.5344/ajev.2016.16068,VIVC passport (via Lacombe & Emanuelli 2020)
CATARRATTO BIANCO COMUNE,MANTONICO BIANCO,Lacombe & Emanuelli 2020,10.1186/s12870-018-1576-y,10.1186/s12870-018-1576-y; 10.5344/ajev.2016.16068,VIVC passport (via Lacombe & Emanuelli 2020)
CATARRATTONE,ALMERIA,Cipriani 2010,10.1007/s00122-010-1411-9,,VIVC passport (via Cipriani 2010)
CATARRATTONE,SULTANINA BIANCA,Cipriani 2010,10.1007/s00122-010-1411-9,,VIVC passport (via Cipriani 2010)
CATAWBA,VITIS LABRUSCA,none,10.5073/vitis.2016.55.53-56,10.5073/vitis.2016.55.53-56,VIVC passport (pedigree confirmed by markers)
CATAWBA,SEMILLON,none,10.5073/vitis.2016.55.53-56,10.5073/vitis.2016.55.53-56,VIVC passport (pedigree confirmed by markers)
CAYUGA WHITE,SEYVAL,none,,,VIVC passport (pedigree confirmed by markers)
CAYUGA WHITE,SCHUYLER,none,,,VIVC passport (pedigree confirmed by markers)
CEGLED SZEPE,BICANE,Lacombe 2013,10.1007/s00122-012-1988-2,,VIVC passport (via Lacombe 2013)
CEGLED SZEPE,CHASSELAS,Lacombe 2013,10.1007/s00122-012-1988-2,,VIVC passport (via Lacombe 2013)
CERCEAL BRANCO,MALVASIA FINA,Cunha 2020,10.3389/fpls.2020.00127,,VIVC passport (via Cunha 2020)
CERCEAL BRANCO,TINTA PEREIRA,Cunha 2020,10.3389/fpls.2020.00127,,VIVC passport (via Cunha 2020)
CEREZA,MUSCAT D'ALEXANDRIE,Lacombe 2013,10.1007/s00122-012-1988-2,10.1007/s11295-014-0746-9; 10.1016/j.tig.2006.07.008; 10.1111/ajgw.12282; 10.1111/ajgw.12561,VIVC passport (via Lacombe 2013)
CEREZA,MISSION,Lacombe 2013,10.1007/s00122-012-1988-2,10.1007/s11295-014-0746-9; 10.1016/j.tig.2006.07.008; 10.1111/ajgw.12282; 10.1111/ajgw.12561,VIVC passport (via Lacombe 2013)
CESAR,ARGANT,Lacombe & Emanuelli 2020; Lacombe 2013; Laucou 2018,10.1007/s00122-012-1988-2,,VIVC passport (via Lacombe & Emanuelli 2020; Lacombe 2013; Laucou 2018)
CESAR,PINOT,Lacombe & Emanuelli 2020; Lacombe 2013; Laucou 2018,10.1007/s00122-012-1988-2,,VIVC passport (via Lacombe & Emanuelli 2020; Lacombe 2013; Laucou 2018)
CHAMBOURCIN,JOANNES SEYVE 11369,none,10.5073/vitis.2021.60.189-193,10.5073/vitis.2021.60.189-193,VIVC passport (pedigree confirmed by markers)
CHAMBOURCIN,PLANTET,none,10.5073/vitis.2021.60.189-193,10.5073/vitis.2021.60.189-193,VIVC passport (pedigree confirmed by markers)
CHANCELLOR,SEIBEL 5163,none,10.5073/vitis.2021.60.189-193,10.5073/vitis.2021.60.189-193,VIVC passport (pedigree confirmed by markers)
CHANCELLOR,SEIBEL 880,none,10.5073/vitis.2021.60.189-193,10.5073/vitis.2021.60.189-193,VIVC passport (pedigree confirmed by markers)
CHAPTAL,KARMIR KAKHANI,Lacombe 2013,10.1007/s00122-012-1988-2,,VIVC passport (via Lacombe 2013)
CHAPTAL,KICHMICH ROND,Lacombe 2013,10.1007/s00122-012-1988-2,,VIVC passport (via Lacombe 2013)
CHARDONNAY BLANC,GOUAIS BLANC,Lacombe & Emanuelli 2020; Lacombe 2013; Laucou 2018,10.1007/s00122-012-1988-2,10.1038/s41598-020-72799-6; 10.1126/science.285.5433.1562; 10.3103/S0095452718050031; 10.5344/ajev.2016.16068,VIVC passport (via Lacombe & Emanuelli 2020; Lacombe 2013; Laucou 2018)
CHARDONNAY BLANC,PINOT,Lacombe & Emanuelli 2020; Lacombe 2013; Laucou 2018,10.1007/s00122-012-1988-2,10.1038/s41598-020-72799-6; 10.1126/science.285.5433.1562; 10.3103/S0095452718050031; 10.5344/ajev.2016.16068,VIVC passport (via Lacombe & Emanuelli 2020; Lacombe 2013; Laucou 2018)
CHARENTSI,SEYANETS S 1262,Margaryan 2021,10.3390/biology10121279,,VIVC passport (via Margaryan 2021)
CHARENTSI,KARMRAHYUT,Margaryan 2021,10.3390/biology10121279,,VIVC passport (via Margaryan 2021)
CHASAN,LISTAN,Lacombe 2013,10.1007/s00122-012-1988-2,,VIVC passport (via Lacombe 2013)
CHASAN,PINOT,Lacombe 2013,10.1007/s00122-012-1988-2,,VIVC passport (via Lacombe 2013)
CHASSELAS DES BOUCHES DU RHONE,COARNA ALBA,Lacombe 2013,10.1007/s00122-012-1988-2,,VIVC passport (via Lacombe 2013)
CHASSELAS DES BOUCHES DU RHONE,CHASSELAS,Lacombe 2013,10.1007/s00122-012-1988-2,,VIVC passport (via Lacombe 2013)
CHASSELAS IMPERIAL,BLANC D'AMBRE,Lacombe 2013,10.1007/s00122-012-1988-2,,VIVC passport (via Lacombe 2013)
CHASSELAS IMPERIAL,ONDENC,Lacombe 2013,10.1007/s00122-012-1988-2,,VIVC passport (via Lacombe 2013)
CHATYRBAK,NOIR DE CRIMEE FAUX,Lacombe 2013,10.1007/s00122-012-1988-2,,VIVC passport (via Lacombe 2013)
CHATYRBAK,KOKOUR BELY,Lacombe 2013,10.1007/s00122-012-1988-2,,VIVC passport (via Lacombe 2013)
CHAOUCH ROZOVYI,CHAOUCH BLANC,Lacombe 2013,10.1007/s00122-012-1988-2,10.3103/S0095452718050031,VIVC passport (via Lacombe 2013)
CHAOUCH ROZOVYI,PEHLIVAN KARA = PAPIGI KARA,Lacombe 2013,10.1007/s00122-012-1988-2,10.3103/S0095452718050031,VIVC passport (via Lacombe 2013)
MONTUA,GIBI = HEBEN,Cunha 2020; Lacombe & Emanuelli 2020; Lacombe 2013; Laucou 2018,10.1007/s00122-012-1988-2,10.1007/s11295-011-0413-3; 10.5073/vitis.2015.54.special-issue.81-86,VIVC passport (via Cunha 2020; Lacombe & Emanuelli 2020; Lacombe 2013; Laucou 2018)
MONTUA,DEDO DE DAMA,Cunha 2020; Lacombe & Emanuelli 2020; Lacombe 2013; Laucou 2018,10.1007/s00122-012-1988-2,10.1007/s11295-011-0413-3; 10.5073/vitis.2015.54.special-issue.81-86,VIVC passport (via Cunha 2020; Lacombe & Emanuelli 2020; Lacombe 2013; Laucou 2018)
CHENANSON,GRENACHE NOIR,Lacombe 2013,10.1007/s00122-012-1988-2,,VIVC passport (via Lacombe 2013)
CHENANSON,JURANCON NOIR,Lacombe 2013,10.1007/s00122-012-1988-2,,VIVC passport (via Lacombe 2013)
CHILAR,HADISI,Margaryan 2021,10.3390/biology10121279,,VIVC passport (via Margaryan 2021)
CHILAR,GENOTYPE 16,Margaryan 2021,10.3390/biology10121279,,VIVC passport (via Margaryan 2021)
CHURRIAGO,MORAVIA DULCE,none,10.1007/s10722-013-0064-3,10.1007/s10722-013-0064-3,VIVC passport (pedigree confirmed by markers)
CHURRIAGO,PARDILLO,none,10.1007/s10722-013-0064-3,10.1007/s10722-013-0064-3,VIVC passport (pedigree confirmed by markers)
CIANORIE,VINOSO ROSSO,none,10.1038/s41598-020-64061-w,10.1038/s41598-020-64061-w,VIVC passport (pedigree confirmed by markers)
CIANORIE,VULPEA,none,10.1038/s41598-020-64061-w,10.1038/s41598-020-64061-w,VIVC passport (pedigree confirmed by markers)
CILIEGIOLO,MOSCATO VIOLETTO,Cipriani 2010; Lacombe & Emanuelli 2020; Lacombe 2013,10.1007/s00122-010-1411-9,10.20870/oeno-one.2021.55.3.4628; 10.21273/JASHS.132.4.514,VIVC passport (via Cipriani 2010; Lacombe & Emanuelli 2020; Lacombe 2013)
CILIEGIOLO,SANGIOVESE,Cipriani 2010; Lacombe & Emanuelli 2020; Lacombe 2013,10.1007/s00122-010-1411-9,10.20870/oeno-one.2021.55.3.4628; 10.21273/JASHS.132.4.514,VIVC passport (via Cipriani 2010; Lacombe & Emanuelli 2020; Lacombe 2013)
CIRCE,CHASSELAS,Lacombe 2013,10.1007/s00122-012-1988-2,,VIVC passport (via Lacombe 2013)
CIRCE,MUSCAT D'EISENSTADT,Lacombe 2013,10.1007/s00122-012-1988-2,,VIVC passport (via Lacombe 2013)
CIRUELA ROJA,OHANES,none,,,VIVC passport (pedigree confirmed by markers)
CIRUELA ROJA,RAGOL,none,,,VIVC passport (pedigree confirmed by markers)
CLAIRETTE MAZEL,COARNA ALBA,Lacombe 2013,10.1007/s00122-012-1988-2,10.1038/s41598-020-71918-7,VIVC passport (via Lacombe 2013)
CLAIRETTE MAZEL,CHASSELAS,Lacombe 2013,10.1007/s00122-012-1988-2,10.1038/s41598-020-71918-7,VIVC passport (via Lacombe 2013)
CLARIN,CARIGNAN NOIR,Lacombe 2013,10.1007/s00122-012-1988-2,,VIVC passport (via Lacombe 2013)
CLARIN,CINSAUT,Lacombe 2013,10.1007/s00122-012-1988-2,,VIVC passport (via Lacombe 2013)
CLOTILDE PROSPERI,AFUZ ALI,Lacombe 2013,10.1007/s00122-012-1988-2,,VIVC passport (via Lacombe 2013)
CLOTILDE PROSPERI,ITALIA,Lacombe 2013,10.1007/s00122-012-1988-2,,VIVC passport (via Lacombe 2013)
COARNA ROSIE,ROSA MENNA DI VACCA,Lacombe 2013,10.1007/s00122-012-1988-2,,VIVC passport (via Lacombe 2013)
COARNA ROSIE,TSITSA KAPREI,Lacombe 2013,10.1007/s00122-012-1988-2,,VIVC passport (via Lacombe 2013)
CODANA,BABEASCA NEAGRA,Lacombe 2013,10.1007/s00122-012-1988-2,,VIVC passport (via Lacombe 2013)
CODANA,CABERNET-SAUVIGNON,Lacombe 2013,10.1007/s00122-012-1988-2,,VIVC passport (via Lacombe 2013)
CODEGA DO LARINHO,HEBIEN,Cunha 2020,10.3389/fpls.2020.00127,10.5073/vitis.2015.54.special-issue.81-86,VIVC passport (via Cunha 2020)
CODEGA DO LARINHO,RABIGATO,Cunha 2020,10.3389/fpls.2020.00127,10.5073/vitis.2015.54.special-issue.81-86,VIVC passport (via Cunha 2020)
COLGAR ROJA,OHANES,none,,,VIVC passport (pedigree confirmed by markers)
COLGAR ROJA,RAGOL,none,,,VIVC passport (pedigree confirmed by markers)
COLMAN BLANC,BLACK ALICANTE,Lacombe 2013,10.1007/s00122-012-1988-2,,VIVC passport (via Lacombe 2013)
COLMAN BLANC,GROS COLMAN,Lacombe 2013,10.1007/s00122-012-1988-2,,VIVC passport (via Lacombe 2013)
COLORAILLO,MARUFO,none,10.1007/s10722-013-0064-3,10.1007/s10722-013-0064-3; 10.5344/ajev.2012.12012,VIVC passport (pedigree confirmed by markers)
COLORAILLO,TEMPRANILLO,none,10.1007/s10722-013-0064-3,10.1007/s10722-013-0064-3; 10.5344/ajev.2012.12012,VIVC passport (pedigree confirmed by markers)
CONCA D'ORO,TRUNZO,Lacombe & Emanuelli 2020,10.1186/s12870-018-1576-y,10.1186/s12870-018-1576-y,VIVC passport (via Lacombe & Emanuelli 2020)
CONCA D'ORO,CHASSELAS,Lacombe & Emanuelli 2020,10.1186/s12870-018-1576-y,10.1186/s12870-018-1576-y,VIVC passport (via Lacombe & Emanuelli 2020)
CONCORD,CATAWBA,none,10.5073/vitis.2016.55.53-56,10.5073/vitis.2016.55.53-56,VIVC passport (pedigree confirmed by markers)
CONCORD,VITIS LABRUSCA LINNE,none,10.5073/vitis.2016.55.53-56,10.5073/vitis.2016.55.53-56,VIVC passport (pedigree confirmed by markers)
COVE,HARSLEVELUE,Cipriani 2010,10.1007/s00122-010-1411-9,10.1016/j.scienta.2017.02.044,VIVC passport (via Cipriani 2010)
COVE,HARSLEVELUE,Cipriani 2010,10.1007/s00122-010-1411-9,10.1016/j.scienta.2017.02.044,VIVC passport (via Cipriani 2010)
CORNEILLE,CHASSELAS,Lacombe 2013,10.1007/s00122-012-1988-2,,VIVC passport (via Lacombe 2013)
CORNEILLE,SCHIAVA GROSSA,Lacombe 2013,10.1007/s00122-012-1988-2,,VIVC passport (via Lacombe 2013)
CORNIFESTO,CAYETANA BLANCA,Cunha 2020; Lacombe & Emanuelli 2020; Lacombe 2013; Laucou 2018,10.1007/s00122-012-1988-2,10.5073/vitis.2015.54.special-issue.59-65; 10.5344/ajev.2011.11052,VIVC passport (via Cunha 2020; Lacombe & Emanuelli 2020; Lacombe 2013; Laucou 2018)
CORNIFESTO,ALFROCHEIRO PRETO,Cunha 2020; Lacombe & Emanuelli 2020; Lacombe 2013; Laucou 2018,10.1007/s00122-012-1988-2,10.5073/vitis.2015.54.special-issue.59-65; 10.5344/ajev.2011.11052,VIVC passport (via Cunha 2020; Lacombe & Emanuelli 2020; Lacombe 2013; Laucou 2018)
COSMO 2,BERLANDIERI RESSEGUIER 2,none,10.1007/s00122-019-03320-5,10.1007/s00122-019-03320-5,VIVC passport (pedigree confirmed by markers)
COSMO 2,RIPARIA GLOIRE DE MONTPELLIER,none,10.1007/s00122-019-03320-5,10.1007/s00122-019-03320-5,VIVC passport (pedigree confirmed by markers)
COSMO 4,RESSEGUIER N. 2,Migliaro 2019,10.5344/ajev.2019.18054,,VIVC passport (via Migliaro 2019)
COSMO 4,RIPARIA GLOIRE DE MONTPELLIER,Migliaro 2019,10.5344/ajev.2019.18054,,VIVC passport (via Migliaro 2019)
COSMO 7,RESSEGUIER N. 2,Migliaro 2019,10.5344/ajev.2019.18054,,VIVC passport (via Migliaro 2019)
COSMO 7,RIPARIA GLOIRE DE MONTPELLIER,Migliaro 2019,10.5344/ajev.2019.18054,,VIVC passport (via Migliaro 2019)
COSMO 9,RESSEGUIER N. 2,Migliaro 2019,10.5344/ajev.2019.18054,,VIVC passport (via Migliaro 2019)
COSMO 9,RIPARIA GLOIRE DE MONTPELLIER,Migliaro 2019,10.5344/ajev.2019.18054,,VIVC passport (via Migliaro 2019)
COSMO 10,BERLANDIERI RESSEGUIER 2,Migliaro 2019,10.1007/s00122-019-03320-5,10.1007/s00122-019-03320-5,VIVC passport (via Migliaro 2019)
COSMO 10,RIPARIA GLOIRE DE MONTPELLIER,Migliaro 2019,10.1007/s00122-019-03320-5,10.1007/s00122-019-03320-5,VIVC passport (via Migliaro 2019)
COT,MAGDELEINE NOIRE DES CHARENTES,Lacombe 2013,10.1007/s00122-012-1988-2,10.1111/j.1755-0238.2008.00041.x,VIVC passport (via Lacombe 2013)
COT,PRUNELARD,Lacombe 2013,10.1007/s00122-012-1988-2,10.1111/j.1755-0238.2008.00041.x,VIVC passport (via Lacombe 2013)
COUDERC 93- 5,BOURRISQUOU,Migliaro 2019,10.1007/s00122-019-03320-5,10.1007/s00122-019-03320-5,VIVC passport (via Migliaro 2019)
COUDERC 93- 5,PARENT 2 WAS NOT CONFIRMED,Migliaro 2019,10.1007/s00122-019-03320-5,10.1007/s00122-019-03320-5,VIVC passport (via Migliaro 2019)
BELLANDAIS,SEIBEL 6468,none,,,VIVC passport (pedigree confirmed by markers)
BELLANDAIS,SEIBEL 5455,none,,,VIVC passport (pedigree confirmed by markers)
COUDERC 1202,MOURVEDRE,Migliaro 2019,10.5344/ajev.2019.18054,,VIVC passport (via Migliaro 2019)
COUDERC 1202,RUPESTRIS GANZIN,Migliaro 2019,10.5344/ajev.2019.18054,,VIVC passport (via Migliaro 2019)
COUDERC 1613,SOLONIS,Migliaro 2019,10.1007/s00122-019-03320-5,10.1007/s00122-019-03320-5,VIVC passport (via Migliaro 2019)
COUDERC 1613,OTHELLO,Migliaro 2019,10.1007/s00122-019-03320-5,10.1007/s00122-019-03320-5,VIVC passport (via Migliaro 2019)
COUDERC 3306,RIPARIA TOMENTEUX,Migliaro 2019,10.5344/ajev.2019.18054,,VIVC passport (via Migliaro 2019)
COUDERC 3306,RUPESTRIS MARTIN,Migliaro 2019,10.5344/ajev.2019.18054,,VIVC passport (via Migliaro 2019)
COUDERC 3309,RIPARIA TOMENTEUX,Migliaro 2019,10.5344/ajev.2019.18054,,VIVC passport (via Migliaro 2019)
COUDERC 3309,RUPESTRIS MARTIN,Migliaro 2019,10.5344/ajev.2019.18054,,VIVC passport (via Migliaro 2019)
COWART,HIGGINS,none,10.21273/JASHS.133.4.559,10.21273/JASHS.133.4.559,VIVC passport (pedigree confirmed by markers)
COWART,PARENT 2 WAS NOT CONFIRMED,none,10.21273/JASHS.133.4.559,10.21273/JASHS.133.4.559,VIVC passport (pedigree confirmed by markers)
CRIMPOSIE,BEALA DEBELA,Lacombe 2013,10.1007/s00122-012-1988-2,,VIVC passport (via Lacombe 2013)
CRIMPOSIE,ZEMOASA = TIMPURIE,Lacombe 2013,10.1007/s00122-012-1988-2,,VIVC passport (via Lacombe 2013)
CRIOLLA GRANDE SANJUANINA,MISSION,Lacombe & Emanuelli 2020; Lacombe 2013; Laucou 2018,10.1007/s00122-012-1988-2,10.1016/j.tig.2006.07.008; 10.1111/ajgw.12282; 10.1111/ajgw.12561,VIVC passport (via Lacombe & Emanuelli 2020; Lacombe 2013; Laucou 2018)
CRIOLLA GRANDE SANJUANINA,MUSCAT OF ALEXANDRIA,Lacombe & Emanuelli 2020; Lacombe 2013; Laucou 2018,10.1007/s00122-012-1988-2,10.1016/j.tig.2006.07.008; 10.1111/ajgw.12282; 10.1111/ajgw.12561,VIVC passport (via Lacombe & Emanuelli 2020; Lacombe 2013; Laucou 2018)
CSOMORIKA,COARNA ALBA,Lacombe 2013,10.1007/s00122-012-1988-2,,VIVC passport (via Lacombe 2013)
CSOMORIKA,LISZTES FEHER,Lacombe 2013,10.1007/s00122-012-1988-2,,VIVC passport (via Lacombe 2013)
CUNNINGHAM,AESTIVALIS,none,,,VIVC passport (pedigree confirmed by markers)
CUNNINGHAM,MESLIER PETIT,none,,,VIVC passport (pedigree confirmed by markers)
CYPERNTRAUBE,ROSA MENNA DI VACCA,Lacombe 2013,10.1007/s00122-012-1988-2,,VIVC passport (via Lacombe 2013)
CYPERNTRAUBE,SANTA PAULA,Lacombe 2013,10.1007/s00122-012-1988-2,,VIVC passport (via Lacombe 2013)
DAPHNIA,FERRAL = PRUNESTA ROSSO VIOLACEA,Lacombe 2013,10.1007/s00122-012-1988-2,,VIVC passport (via Lacombe 2013)
DAPHNIA,ASSOUAD KARECH,Lacombe 2013,10.1007/s00122-012-1988-2,,VIVC passport (via Lacombe 2013)
DALKAUER,MADELEINE ANGEVINE,none,,,VIVC passport (pedigree confirmed by markers)
DALKAUER,RIESLING,none,,,VIVC passport (pedigree confirmed by markers)
DALMASSO 3-32,MUSCAT HAMBURG,none,10.1016/j.scienta.2017.02.044,10.1016/j.scienta.2017.02.044,VIVC passport (pedigree confirmed by markers)
DALMASSO 3-32,AFUS ALI,none,10.1016/j.scienta.2017.02.044,10.1016/j.scienta.2017.02.044,VIVC passport (pedigree confirmed by markers)
DALMASSO 3-33,MUSCAT HAMBURG,none,,,VIVC passport (pedigree confirmed by markers)
DALMASSO 3-33,REGINA,none,,,VIVC passport (pedigree confirmed by markers)
DALMASSO 4- 6,MUSCAT HAMBURG,none,10.1016/j.scienta.2017.02.044,10.1016/j.scienta.2017.02.044,VIVC passport (pedigree confirmed by markers)
DALMASSO 4- 6,SCHIAVA GROSSA,none,10.1016/j.scienta.2017.02.044,10.1016/j.scienta.2017.02.044,VIVC passport (pedigree confirmed by markers)
DALMASSO 5- 1,SCHIAVA GENTILE,none,10.1016/j.scienta.2017.02.044,10.1016/j.scienta.2017.02.044,VIVC passport (pedigree confirmed by markers)
DALMASSO 5- 1,MUSCAT OF ALEXANDRIA,none,10.1016/j.scienta.2017.02.044,10.1016/j.scienta.2017.02.044,VIVC passport (pedigree confirmed by markers)
DALMASSO 6- 6,BICANE,none,10.1016/j.scienta.2017.02.044,10.1016/j.scienta.2017.02.044,VIVC passport (pedigree confirmed by markers)
DALMASSO 6- 6,REGINA,none,10.1016/j.scienta.2017.02.044,10.1016/j.scienta.2017.02.044,VIVC passport (pedigree confirmed by markers)
DALMASSO 6- 9,BICANE,none,10.1016/j.scienta.2017.02.044,10.1016/j.scienta.2017.02.044,VIVC passport (pedigree confirmed by markers)
DALMASSO 6- 9,AFUS ALI,none,10.1016/j.scienta.2017.02.044,10.1016/j.scienta.2017.02.044,VIVC passport (pedigree confirmed by markers)
DALMASSO 6-24,BICANE,none,10.1016/j.scienta.2017.02.044,10.1016/j.scienta.2017.02.044,VIVC passport (pedigree confirmed by markers)
DALMASSO 6-24,CHASSELAS,none,10.1016/j.scienta.2017.02.044,10.1016/j.scienta.2017.02.044,VIVC passport (pedigree confirmed by markers)
DALMASSO 8- 1,BICANE,none,10.1016/j.scienta.2017.02.044,10.1016/j.scienta.2017.02.044,VIVC passport (pedigree confirmed by markers)
DALMASSO 8- 1,MUSCAT HAMBURG,none,10.1016/j.scienta.2017.02.044,10.1016/j.scienta.2017.02.044,VIVC passport (pedigree confirmed by markers)
BIONDA,BICANE,none,10.1016/j.scienta.2017.02.044,10.1016/j.scienta.2017.02.044,VIVC passport (pedigree confirmed by markers)
BIONDA,MUSCAT HAMBURG,none,10.1016/j.scienta.2017.02.044,10.1016/j.scienta.2017.02.044,VIVC passport (pedigree confirmed by markers)
DALMASSO 9- 2,SCHIAVA GENTILE,none,10.1016/j.scienta.2017.02.044,10.1016/j.scienta.2017.02.044,VIVC passport (pedigree confirmed by markers)
DALMASSO 9- 2,MUSCAT OF ALEXANDRIA,none,10.1016/j.scienta.2017.02.044,10.1016/j.scienta.2017.02.044,VIVC passport (pedigree confirmed by markers)
DALMASSO 10-10,VERDISO,none,10.1016/j.scienta.2017.02.044,10.1016/j.scienta.2017.02.044,VIVC passport (pedigree confirmed by markers)
DALMASSO 10-10,MADELEINE ROYALE,none,10.1016/j.scienta.2017.02.044,10.1016/j.scienta.2017.02.044,VIVC passport (pedigree confirmed by markers)
DALMASSO 10- 4,VERDISO,none,10.1016/j.scienta.2017.02.044,10.1016/j.scienta.2017.02.044,VIVC passport (pedigree confirmed by markers)
DALMASSO 10- 4,MADELEINE ROYALE,none,10.1016/j.scienta.2017.02.044,10.1016/j.scienta.2017.02.044,VIVC passport (pedigree confirmed by markers)
DALMASSO 11- 2,MUSCAT HAMBURG,none,10.1016/j.scienta.2017.02.044,10.1016/j.scienta.2017.02.044,VIVC passport (pedigree confirmed by markers)
DALMASSO 11- 2,AFUS ALI,none,10.1016/j.scienta.2017.02.044,10.1016/j.scienta.2017.02.044,VIVC passport (pedigree confirmed by markers)
DALMASSO 11- 5,MUSCAT HAMBURG,none,10.1016/j.scienta.2017.02.044,10.1016/j.scienta.2017.02.044,VIVC passport (pedigree confirmed by markers)
DALMASSO 11- 5,AFUS ALI,none,10.1016/j.scienta.2017.02.044,10.1016/j.scienta.2017.02.044,VIVC passport (pedigree confirmed by markers)
DALMASSO 11- 6,MUSCAT HAMBURG,none,10.1016/j.scienta.2017.02.044,10.1016/j.scienta.2017.02.044,VIVC passport (pedigree confirmed by markers)
DALMASSO 11- 6,AFUS ALI,none,10.1016/j.scienta.2017.02.044,10.1016/j.scienta.2017.02.044,VIVC passport (pedigree confirmed by markers)
DALMASSO 11- 8,MUSCAT HAMBURG,none,,,VIVC passport (pedigree confirmed by markers)
DALMASSO 11- 8,REGINA,none,,,VIVC passport (pedigree confirmed by markers)
DALMASSO 11-20,MUSCAT HAMBURG,none,10.1016/j.scienta.2017.02.044,10.1016/j.scienta.2017.02.044,VIVC passport (pedigree confirmed by markers)
DALMASSO 11-20,REGINA,none,10.1016/j.scienta.2017.02.044,10.1016/j.scienta.2017.02.044,VIVC passport (pedigree confirmed by markers)
DALMASSO 12- 26,FURMINT,none,10.1016/j.scienta.2017.02.044,10.1016/j.scienta.2017.02.044,VIVC passport (pedigree confirmed by markers)
DALMASSO 12- 26,MALVASIA BIANCA LUNGA,none,10.1016/j.scienta.2017.02.044,10.1016/j.scienta.2017.02.044,VIVC passport (pedigree confirmed by markers)
DALMASSO 12- 40,WELSCHRIESLING,none,10.1016/j.scienta.2017.02.044,10.1016/j.scienta.2017.02.044,VIVC passport (pedigree confirmed by markers)
DALMASSO 12- 40,RIESLING WEISS,none,10.1016/j.scienta.2017.02.044,10.1016/j.scienta.2017.02.044,VIVC passport (pedigree confirmed by markers)
DALMASSO 14- 4,GRIGNOLINO,none,10.1016/j.scienta.2017.02.044,10.1016/j.scienta.2017.02.044,VIVC passport (pedigree confirmed by markers)
DALMASSO 14- 4,GRIGNOLINO,none,10.1016/j.scienta.2017.02.044,10.1016/j.scienta.2017.02.044,VIVC passport (pedigree confirmed by markers)
DALMASSO 14- 15,GRIGNOLINO,none,10.1016/j.scienta.2017.02.044,10.1016/j.scienta.2017.02.044,VIVC passport (pedigree confirmed by markers)
DALMASSO 14- 15,MORADELLA,none,10.1016/j.scienta.2017.02.044,10.1016/j.scienta.2017.02.044,VIVC passport (pedigree confirmed by markers)
DALNEVOSTOCHNYI RAMMINGA,DALNEVOSTOCHNYI TIKHONOVA,none,,,VIVC passport (pedigree confirmed by markers)
DALNEVOSTOCHNYI RAMMINGA,TAEZHNYI IZUMRUD,none,,,VIVC passport (pedigree confirmed by markers)
DAMERON,GOUAIS BLANC,Lacombe 2013,10.1007/s00122-012-1988-2,10.1126/science.285.5433.1562,VIVC passport (via Lacombe 2013)
DAMERON,PINOT,Lacombe 2013,10.1007/s00122-012-1988-2,10.1126/science.285.5433.1562,VIVC passport (via Lacombe 2013)
DAN BEN HANNAH,MIKVEH 17,Lacombe 2013,10.1007/s00122-012-1988-2,,VIVC passport (via Lacombe 2013)
DAN BEN HANNAH,ALPHONSE LAVALLEE,Lacombe 2013,10.1007/s00122-012-1988-2,,VIVC passport (via Lacombe 2013)
DANAM,DABOUKI,Lacombe 2013,10.1007/s00122-012-1988-2,10.1007/s11295-014-0746-9,VIVC passport (via Lacombe 2013)
DANAM,MUSCAT HAMBURG,Lacombe 2013,10.1007/s00122-012-1988-2,10.1007/s11295-014-0746-9,VIVC passport (via Lacombe 2013)
DANLAS,DABOUKI,Lacombe 2013,10.1007/s00122-012-1988-2,10.1007/s11295-014-0746-9,VIVC passport (via Lacombe 2013)
DANLAS,CHASSELAS,Lacombe 2013,10.1007/s00122-012-1988-2,10.1007/s11295-014-0746-9,VIVC passport (via Lacombe 2013)
DARANYI IGNAC MUSKOTALY,MUSCAT OF ALEXANDRIA,Lacombe 2013,10.1007/s00122-012-1988-2,,VIVC passport (via Lacombe 2013)
DARANYI IGNAC MUSKOTALY,CHASSELAS,Lacombe 2013,10.1007/s00122-012-1988-2,,VIVC passport (via Lacombe 2013)
DATAL,MUSCAT OF ALEXANDRIA,Lacombe & Emanuelli 2020; Lacombe 2013; Laucou 2018,10.1007/s00122-012-1988-2,10.21548/39-1-2053,VIVC passport (via Lacombe & Emanuelli 2020; Lacombe 2013; Laucou 2018)
DATAL,DATTIER DE BEYROUTH,Lacombe & Emanuelli 2020; Lacombe 2013; Laucou 2018,10.1007/s00122-012-1988-2,10.21548/39-1-2053,VIVC passport (via Lacombe & Emanuelli 2020; Lacombe 2013; Laucou 2018)
DATTIER DE ST. VALLIER,MUSCAT HAMBURG,Margaryan 2021,10.3390/biology10121279,,VIVC passport (via Margaryan 2021)
DATTIER DE ST. VALLIER,VILLARD BLANC,Margaryan 2021,10.3390/biology10121279,,VIVC passport (via Margaryan 2021)
DAUPHINE,OHANES,Lacombe 2013,10.1007/s00122-012-1988-2,10.21548/39-1-2053,VIVC passport (via Lacombe 2013)
DAUPHINE,AFUZ ALI,Lacombe 2013,10.1007/s00122-012-1988-2,10.21548/39-1-2053,VIVC passport (via Lacombe 2013)
DAVID,PRODIGIOSA,Lacombe 2013,10.1007/s00122-012-1988-2,,VIVC passport (via Lacombe 2013)
DAVID,MUSCAT D'ALEXANDRIE,Lacombe 2013,10.1007/s00122-012-1988-2,,VIVC passport (via Lacombe 2013)
DAWN SEEDLESS,GOLD,Lacombe 2013,10.1007/s00122-012-1988-2,,VIVC passport (via Lacombe 2013)
DAWN SEEDLESS,PERLETTE,Lacombe 2013,10.1007/s00122-012-1988-2,,VIVC passport (via Lacombe 2013)
DECKROT,PINOT,Lacombe & Emanuelli 2020; Lacombe 2013; Laucou 2018,10.1007/s00122-012-1988-2,,VIVC passport (via Lacombe & Emanuelli 2020; Lacombe 2013; Laucou 2018)
DECKROT,TEINTURIER,Lacombe & Emanuelli 2020; Lacombe 2013; Laucou 2018,10.1007/s00122-012-1988-2,,VIVC passport (via Lacombe & Emanuelli 2020; Lacombe 2013; Laucou 2018)
DEKABRSKII,COARNA NEAGRA,none,,,VIVC passport (pedigree confirmed by markers)
DEKABRSKII,VILLARD BLANC,none,,,VIVC passport (pedigree confirmed by markers)
DELHRO,ALPHONSE LAVALLEE,Lacombe 2013,10.1007/s00122-012-1988-2,,VIVC passport (via Lacombe 2013)
DELHRO,PERLE VON CSABA,Lacombe 2013,10.1007/s00122-012-1988-2,,VIVC passport (via Lacombe 2013)
DELICIOSA,ALICANTE HENRI BOUSCHET,Cunha 2020,10.3389/fpls.2020.00127,,VIVC passport (via Cunha 2020)
DELICIOSA,MONTUA,Cunha 2020,10.3389/fpls.2020.00127,,VIVC passport (via Cunha 2020)
DELIGHT,KOENIGIN DER WEINGAERTEN,Cipriani 2010; Lacombe 2013,10.1007/s00122-010-1411-9,10.5344/ajev.2016.16068,VIVC passport (via Cipriani 2010; Lacombe 2013)
DELIGHT,SULTANINE,Cipriani 2010; Lacombe 2013,10.1007/s00122-010-1411-9,10.5344/ajev.2016.16068,VIVC passport (via Cipriani 2010; Lacombe 2013)
DELIZIA DI VAPRIO,SICILIEN,Lacombe 2013,10.1007/s00122-012-1988-2,10.1007/s11295-014-0746-9,VIVC passport (via Lacombe 2013)
DELIZIA DI VAPRIO,MUSCAT OF ALEXANDRIA,Lacombe 2013,10.1007/s00122-012-1988-2,10.1007/s11295-014-0746-9,VIVC passport (via Lacombe 2013)
DEMIR KAPIJA,MUSCAT OTTONEL,none,,,VIVC passport (pedigree confirmed by markers)
DEMIR KAPIJA,KOENIGIN DER WEINGAERTEN,none,,,VIVC passport (pedigree confirmed by markers)
DIAMANTMUSKAT,RIESLING,none,,,VIVC passport (pedigree confirmed by markers)
DIAMANTMUSKAT,MUSCAT ST. LAURENT,none,,,VIVC passport (pedigree confirmed by markers)
DIAMOND,CONCORD,none,,,VIVC passport (pedigree confirmed by markers)
DIAMOND,IONA,none,,,VIVC passport (pedigree confirmed by markers)
DIANA,SILVANER,none,,,VIVC passport (pedigree confirmed by markers)
DIANA,MUELLER THURGAU,none,,,VIVC passport (pedigree confirmed by markers)
DIXIELAND,FRY,none,10.21273/JASHS.133.4.559,10.21273/JASHS.133.4.559,VIVC passport (pedigree confirmed by markers)
DIXIELAND,PARENT 2 WAS NOT CONFIRMED,none,10.21273/JASHS.133.4.559,10.21273/JASHS.133.4.559,VIVC passport (pedigree confirmed by markers)
DLININOKHVOSTYI,COARNA ALBA,Lacombe 2013,10.1007/s00122-012-1988-2,,VIVC passport (via Lacombe 2013)
DLININOKHVOSTYI,EKIM KARA FAUX,Lacombe 2013,10.1007/s00122-012-1988-2,,VIVC passport (via Lacombe 2013)
DODRELYABI,FURJMONY FEHER,Lacombe 2013,10.1007/s00122-012-1988-2,,VIVC passport (via Lacombe 2013)
DODRELYABI,KADARKA,Lacombe 2013,10.1007/s00122-012-1988-2,,VIVC passport (via Lacombe 2013)
DOLCETTO,DOLCETTO BIANCO,none,10.1038/s41598-020-72799-6,10.1038/s41598-020-72799-6,VIVC passport (pedigree confirmed by markers)
DOLCETTO,MOISSAN,none,10.1038/s41598-020-72799-6,10.1038/s41598-020-72799-6,VIVC passport (pedigree confirmed by markers)
DOMINA,PORTUGIESER,Lacombe & Emanuelli 2020; Lacombe 2013; Laucou 2018,10.1007/s00122-012-1988-2,,VIVC passport (via Lacombe & Emanuelli 2020; Lacombe 2013; Laucou 2018)
DOMINA,SPAETBURGUNDER,Lacombe & Emanuelli 2020; Lacombe 2013; Laucou 2018,10.1007/s00122-012-1988-2,,VIVC passport (via Lacombe & Emanuelli 2020; Lacombe 2013; Laucou 2018)
DONA MARIA,MOSCATEL DE SETUBAL,Lacombe & Emanuelli 2020; Lacombe 2013; Laucou 2018,10.1007/s00122-012-1988-2,,VIVC passport (via Lacombe & Emanuelli 2020; Lacombe 2013; Laucou 2018)
DONA MARIA,ROSAKI,Lacombe & Emanuelli 2020; Lacombe 2013; Laucou 2018,10.1007/s00122-012-1988-2,,VIVC passport (via Lacombe & Emanuelli 2020; Lacombe 2013; Laucou 2018)
DONZELINHO BRANCO,CAINHO DA TERRA,Cunha 2020,10.3389/fpls.2020.00127,,VIVC passport (via Cunha 2020)
DONZELINHO BRANCO,GOUVEIO,Cunha 2020,10.3389/fpls.2020.00127,,VIVC passport (via Cunha 2020)
DONZELINHO TINTO,CAINHO DA TERRA,Cunha 2020,10.3389/fpls.2020.00127,,VIVC passport (via Cunha 2020)
DONZELINHO TINTO,GOUVEIO,Cunha 2020,10.3389/fpls.2020.00127,,VIVC passport (via Cunha 2020)
DORNFELDER,HELFENSTEINER,Lacombe 2013,10.1007/s00122-012-1988-2,,VIVC passport (via Lacombe 2013)
DORNFELDER,HEROLDREBE,Lacombe 2013,10.1007/s00122-012-1988-2,,VIVC passport (via Lacombe 2013)
DORONA VENEZIANA,BERMESTIA BIANCA,Lacombe & Emanuelli 2020; Lacombe 2013,10.1007/s00122-012-1988-2,10.21273/JASHS.132.4.514,VIVC passport (via Lacombe & Emanuelli 2020; Lacombe 2013)
DORONA VENEZIANA,GARGANEGA,Lacombe & Emanuelli 2020; Lacombe 2013,10.1007/s00122-012-1988-2,10.21273/JASHS.132.4.514,VIVC passport (via Lacombe & Emanuelli 2020; Lacombe 2013)
DR. JULIO,SEIBEL 7053,none,10.1371/journal.pone.0240665,10.1371/journal.pone.0240665,VIVC passport (pedigree confirmed by markers)
DR. JULIO,TRAMINER ROT,none,10.1371/journal.pone.0240665,10.1371/journal.pone.0240665,VIVC passport (pedigree confirmed by markers)
DUC D'ANJOU,BLACK MOROCCO,Lacombe 2013,10.1007/s00122-012-1988-2,,VIVC passport (via Lacombe 2013)
DUC D'ANJOU,FRANKENTHAL,Lacombe 2013,10.1007/s00122-012-1988-2,,VIVC passport (via Lacombe 2013)
DUC DE MAGENTA,SCHIRAS,Lacombe 2013,10.1007/s00122-012-1988-2,,VIVC passport (via Lacombe 2013)
DUC DE MAGENTA,CHASSELAS,Lacombe 2013,10.1007/s00122-012-1988-2,,VIVC passport (via Lacombe 2013)
DUNAVSKI LAZUR,VILLARD BLANC,Margaryan 2021,10.3390/biology10121279,,VIVC passport (via Margaryan 2021)
DUNAVSKI LAZUR,RKATSITELI,Margaryan 2021,10.3390/biology10121279,,VIVC passport (via Margaryan 2021)
DUNKELFELDER,MADELEINE ANGEVINE,none,,,VIVC passport (pedigree confirmed by markers)
DUNKELFELDER,TEINTURIER,none,,,VIVC passport (pedigree confirmed by markers)
DURAS,TRESSOT,Lacombe 2013,10.1007/s00122-012-1988-2,,VIVC passport (via Lacombe 2013)
DURAS,SAVAGNIN = TRAMINER,Lacombe 2013,10.1007/s00122-012-1988-2,,VIVC passport (via Lacombe 2013)
DURIF,SYRAH,Cunha 2020; Lacombe 2013,10.1007/s00122-012-1988-2,,VIVC passport (via Cunha 2020; Lacombe 2013)
DURIF,PELOURSIN,Cunha 2020; Lacombe 2013,10.1007/s00122-012-1988-2,,VIVC passport (via Cunha 2020; Lacombe 2013)
DZHURA USYUM,ANGOR KALAN,Lacombe 2013,10.1007/s00122-012-1988-2,,VIVC passport (via Lacombe 2013)
DZHURA USYUM,MUSCAT D'ALEXANDRIE,Lacombe 2013,10.1007/s00122-012-1988-2,,VIVC passport (via Lacombe 2013)
EARLY MUSCAT,MUSCAT HAMBURG,Cipriani 2010; Lacombe 2013,10.1007/s00122-010-1411-9,,VIVC passport (via Cipriani 2010; Lacombe 2013)
EARLY MUSCAT,KOENIGIN DER WEINGAERTEN,Cipriani 2010; Lacombe 2013,10.1007/s00122-010-1411-9,,VIVC passport (via Cipriani 2010; Lacombe 2013)
EDELSTEINER,MUSCAT HAMBURG,none,,,VIVC passport (pedigree confirmed by markers)
EDELSTEINER,PINOT,none,,,VIVC passport (pedigree confirmed by markers)
EDERENA,MERLOT,Lacombe 2013,10.1007/s00122-012-1988-2,,VIVC passport (via Lacombe 2013)
EDERENA,ABOURIOU,Lacombe 2013,10.1007/s00122-012-1988-2,,VIVC passport (via Lacombe 2013)
EGIODOLA,ABOURIOU,Lacombe 2013,10.1007/s00122-012-1988-2,,VIVC passport (via Lacombe 2013)
EGIODOLA,TINTA DA MADEIRA,Lacombe 2013,10.1007/s00122-012-1988-2,,VIVC passport (via Lacombe 2013)
EHRENFELSER,RIESLING,Lacombe 2013,10.1007/s00122-012-1988-2,,VIVC passport (via Lacombe 2013)
EHRENFELSER,KNIPPERLE,Lacombe 2013,10.1007/s00122-012-1988-2,,VIVC passport (via Lacombe 2013)
EINSET SEEDLESS,FREDONIA,none,,,VIVC passport (pedigree confirmed by markers)
EINSET SEEDLESS,CANNER SEEDLESS,none,,,VIVC passport (pedigree confirmed by markers)
ELIZABETH KRASNAY,BICANE,Lacombe 2013,10.1007/s00122-012-1988-2,,VIVC passport (via Lacombe 2013)
ELIZABETH KRASNAY,ORG TOKOS,Lacombe 2013,10.1007/s00122-012-1988-2,,VIVC passport (via Lacombe 2013)
ELUL,DABOUKI,Lacombe 2013,10.1007/s00122-012-1988-2,,VIVC passport (via Lacombe 2013)
ELUL,CALMERIA,Lacombe 2013,10.1007/s00122-012-1988-2,,VIVC passport (via Lacombe 2013)
EMERALD RIESLING,MUSCADELLE DU BORDELAIS FAUX,Lacombe 2013,10.1007/s00122-012-1988-2,,VIVC passport (via Lacombe 2013)
EMERALD RIESLING,GRENACHE NOIR,Lacombe 2013,10.1007/s00122-012-1988-2,,VIVC passport (via Lacombe 2013)
EMERALD SEEDLESS,EMPEROR,Lacombe 2013,10.1007/s00122-012-1988-2,,VIVC passport (via Lacombe 2013)
EMERALD SEEDLESS,SULTANA MOSCATA,Lacombe 2013,10.1007/s00122-012-1988-2,,VIVC passport (via Lacombe 2013)
EMILIA,BICANE,Lacombe 2013,10.1007/s00122-012-1988-2,10.1016/j.scienta.2017.02.044,VIVC passport (via Lacombe 2013)
EMILIA,REGINA,Lacombe 2013,10.1007/s00122-012-1988-2,10.1016/j.scienta.2017.02.044,VIVC passport (via Lacombe 2013)
ENFANT TROUVE,CHASSELAS,Lacombe 2013,10.1007/s00122-012-1988-2,,VIVC passport (via Lacombe 2013)
ENFANT TROUVE,SCHIAVA GROSSA,Lacombe 2013,10.1007/s00122-012-1988-2,,VIVC passport (via Lacombe 2013)
ENKOEVIDINKAM,KOEVIDINKA,Lacombe 2013,10.1007/s00122-012-1988-2,,VIVC passport (via Lacombe 2013)
ENKOEVIDINKAM,MATHIASZ JANOSNE,Lacombe 2013,10.1007/s00122-012-1988-2,,VIVC passport (via Lacombe 2013)
EPERO DE GALL,HEBIEN,none,10.1007/s10722-011-9706-5,10.1007/s10722-011-9706-5,VIVC passport (pedigree confirmed by markers)
EPERO DE GALL,MOURVEDRE,none,10.1007/s10722-011-9706-5,10.1007/s10722-011-9706-5,VIVC passport (pedigree confirmed by markers)
ESKERI,SULTANINE,Lacombe 2013; Margaryan 2021,10.1007/s00122-012-1988-2,,VIVC passport (via Lacombe 2013; Margaryan 2021)
ESKERI,BLANC D'IRAN,Lacombe 2013; Margaryan 2021,10.1007/s00122-012-1988-2,,VIVC passport (via Lacombe 2013; Margaryan 2021)
ETOILE 1,MILLARDET ET GRASSET 101 O.P.,none,,,VIVC passport (pedigree confirmed by markers)
ETOILE 1,GOLDRIESLING,none,,,VIVC passport (pedigree confirmed by markers)
ETOILE 2,MILLARDET ET GRASSET 101 O.P.,none,,,VIVC passport (pedigree confirmed by markers)
ETOILE 2,GOLDRIESLING,none,,,VIVC passport (pedigree confirmed by markers)
EVEX 13- 5,BERLANDIERI RESSEGUIER 2,Migliaro 2019,10.5344/ajev.2019.18054,,VIVC passport (via Migliaro 2019)
EVEX 13- 5,ECOLE MONTPELLIER 34,Migliaro 2019,10.5344/ajev.2019.18054,,VIVC passport (via Migliaro 2019)
EXOTIC,AHMEUR BOU AHMEUR,Lacombe 2013,10.1007/s00122-012-1988-2,,VIVC passport (via Lacombe 2013)
EXOTIC,ALPHONSE LAVALLEE,Lacombe 2013,10.1007/s00122-012-1988-2,,VIVC passport (via Lacombe 2013)
EZEREVES MAGYARORSZAG EMLEKE,CHASSELAS,Lacombe 2013,10.1007/s00122-012-1988-2,,VIVC passport (via Lacombe 2013)
EZEREVES MAGYARORSZAG EMLEKE,AHMEUR BOU AHMEUR,Lacombe 2013,10.1007/s00122-012-1988-2,,VIVC passport (via Lacombe 2013)
FABERREBE,CHARDONNAY BLANC,Lacombe 2013,10.1007/s00122-012-1988-2,,VIVC passport (via Lacombe 2013)
FABERREBE,MUELLER THURGAU,Lacombe 2013,10.1007/s00122-012-1988-2,,VIVC passport (via Lacombe 2013)
FADDY ZSIGA DINKA,MATHIASZ JANOSNE,Lacombe 2013,10.1007/s00122-012-1988-2,,VIVC passport (via Lacombe 2013)
FADDY ZSIGA DINKA,HARSLEVELUE,Lacombe 2013,10.1007/s00122-012-1988-2,,VIVC passport (via Lacombe 2013)
FARBFRAENKISCH,LIMBERGER,Lacombe 2013,10.1007/s00122-012-1988-2,,VIVC passport (via Lacombe 2013)
FARBFRAENKISCH,TEINTURIER DU CHER,Lacombe 2013,10.1007/s00122-012-1988-2,,VIVC passport (via Lacombe 2013)
FEINRIESLING,RIESLING,Lacombe 2013,10.1007/s00122-012-1988-2,,VIVC passport (via Lacombe 2013)
FEINRIESLING,MUSCAT SAINT-LAURENT,Lacombe 2013,10.1007/s00122-012-1988-2,,VIVC passport (via Lacombe 2013)
FERCAL,BERLANDIERI COLOMBARD 1 B,Migliaro 2019,10.1007/s00122-019-03320-5,10.1007/s00122-019-03320-5; 10.5073/vitis.2008.47.163-167,VIVC passport (via Migliaro 2019)
FERCAL,RICHTER 31,Migliaro 2019,10.1007/s00122-019-03320-5,10.1007/s00122-019-03320-5; 10.5073/vitis.2008.47.163-167,VIVC passport (via Migliaro 2019)
FERLE 50,FERRAL TAMARA,Lacombe 2013,10.1007/s00122-012-1988-2,,VIVC passport (via Lacombe 2013)
FERLE 50,ALPHONSE LAVALLEE,Lacombe 2013,10.1007/s00122-012-1988-2,,VIVC passport (via Lacombe 2013)
FERLE PEGOES,ALPHONSE LAVALLEE,Lacombe 2013,10.1007/s00122-012-1988-2,,VIVC passport (via Lacombe 2013)
FERLE PEGOES,FERRAL,Lacombe 2013,10.1007/s00122-012-1988-2,,VIVC passport (via Lacombe 2013)
FERLONGO,FERRAL TAMARA,Lacombe 2013,10.1007/s00122-012-1988-2,,VIVC passport (via Lacombe 2013)
FERLONGO,ALPHONSE LAVALLEE,Lacombe 2013,10.1007/s00122-012-1988-2,,VIVC passport (via Lacombe 2013)
FERNAND ROSE,GREC ROUGE,Lacombe 2013,10.1007/s00122-012-1988-2,,VIVC passport (via Lacombe 2013)
FERNAND ROSE,MALINGRE PRECOCE,Lacombe 2013,10.1007/s00122-012-1988-2,,VIVC passport (via Lacombe 2013)
FERRAL,HEBIEN,Lacombe & Emanuelli 2020; Laucou 2018,10.1371/journal.pone.0192540,,VIVC passport (via Lacombe & Emanuelli 2020; Laucou 2018)
FERRAL,BREVAL NEGRO,Lacombe & Emanuelli 2020; Laucou 2018,10.1371/journal.pone.0192540,,VIVC passport (via Lacombe & Emanuelli 2020; Laucou 2018)
FETEASCA REGALA,FETEASCA ALBA,Lacombe 2013,10.1007/s00122-012-1988-2,,VIVC passport (via Lacombe 2013)
FETEASCA REGALA,FRANCUSE,Lacombe 2013,10.1007/s00122-012-1988-2,,VIVC passport (via Lacombe 2013)
FEUNATE,POUGAYEN,Lacombe 2013,10.1007/s00122-012-1988-2,,VIVC passport (via Lacombe 2013)
FEUNATE,GOUAIS BLANC,Lacombe 2013,10.1007/s00122-012-1988-2,,VIVC passport (via Lacombe 2013)
FIRNRIESLING,RIESLING,Lacombe 2013,10.1007/s00122-012-1988-2,,VIVC passport (via Lacombe 2013)
FIRNRIESLING,MUSCAT SAINT-LAURENT,Lacombe 2013,10.1007/s00122-012-1988-2,,VIVC passport (via Lacombe 2013)
FLAMENCA,MORAVIA DULCE,none,10.1007/s10722-013-0064-3,10.1007/s10722-013-0064-3,VIVC passport (pedigree confirmed by markers)
FLAMENCA,MOSCATEL GRANO MENUDO,none,10.1007/s10722-013-0064-3,10.1007/s10722-013-0064-3,VIVC passport (pedigree confirmed by markers)
FOGONEU,EXCURSACH,Lacombe & Emanuelli 2020; Lacombe 2013; Laucou 2018,10.1007/s00122-012-1988-2,10.1007/s10722-011-9706-5,VIVC passport (via Lacombe & Emanuelli 2020; Lacombe 2013; Laucou 2018)
FOGONEU,MANSES DE CAPDELL,Lacombe & Emanuelli 2020; Lacombe 2013; Laucou 2018,10.1007/s00122-012-1988-2,10.1007/s10722-011-9706-5,VIVC passport (via Lacombe & Emanuelli 2020; Lacombe 2013; Laucou 2018)
FONTANARA,RIESLANER,Lacombe 2013,10.1007/s00122-012-1988-2,,VIVC passport (via Lacombe 2013)
FONTANARA,MUELLER THURGAU,Lacombe 2013,10.1007/s00122-012-1988-2,,VIVC passport (via Lacombe 2013)
FORCESE,GARGANEGA,none,10.20870/oeno-one.2021.55.3.4628,10.20870/oeno-one.2021.55.3.4628,VIVC passport (pedigree confirmed by markers)
FORCESE,CREPOLINO,none,10.20870/oeno-one.2021.55.3.4628,10.20870/oeno-one.2021.55.3.4628,VIVC passport (pedigree confirmed by markers)
FORMOSA,DELIZIA DI VAPRIO,Lacombe 2013,10.1007/s00122-012-1988-2,,VIVC passport (via Lacombe 2013)
FORMOSA,FRANKENTHAL,Lacombe 2013,10.1007/s00122-012-1988-2,,VIVC passport (via Lacombe 2013)
FOSTER'S WHITE SEEDLING,BLACK MOROCCO,Lacombe 2013,10.1007/s00122-012-1988-2,,VIVC passport (via Lacombe 2013)
FOSTER'S WHITE SEEDLING,SCHIAVA GROSSA,Lacombe 2013,10.1007/s00122-012-1988-2,,VIVC passport (via Lacombe 2013)
FRANCA,MUSCAT HAMBURG,none,10.1016/j.scienta.2017.02.044,10.1016/j.scienta.2017.02.044,VIVC passport (pedigree confirmed by markers)
FRANCA,AFUS ALI,none,10.1016/j.scienta.2017.02.044,10.1016/j.scienta.2017.02.044,VIVC passport (pedigree confirmed by markers)
FRANCOIS 1,CORNET = BAUDE,Lacombe 2013,10.1007/s00122-012-1988-2,,VIVC passport (via Lacombe 2013)
FRANCOIS 1,GREC BLANC DE SEMIS,Lacombe 2013,10.1007/s00122-012-1988-2,,VIVC passport (via Lacombe 2013)
FRANCUSE,ALBA IMPUTOTATO,Lacombe 2013,10.1007/s00122-012-1988-2,,VIVC passport (via Lacombe 2013)
FRANCUSE,GOUAIS BLANC,Lacombe 2013,10.1007/s00122-012-1988-2,,VIVC passport (via Lacombe 2013)
FREDERICTON,BLACK MOROCCO,Lacombe 2013,10.1007/s00122-012-1988-2,,VIVC passport (via Lacombe 2013)
FREDERICTON,SCHIAVA GROSSA,Lacombe 2013,10.1007/s00122-012-1988-2,,VIVC passport (via Lacombe 2013)
FREEDOM,FRESNO 1613-59,none,,,VIVC passport (pedigree confirmed by markers)
FREEDOM,DOG RIDGE 5,none,,,VIVC passport (pedigree confirmed by markers)
FREISAMER,SYLVANER,Lacombe 2013,10.1007/s00122-012-1988-2,,VIVC passport (via Lacombe 2013)
FREISAMER,PINOT,Lacombe 2013,10.1007/s00122-012-1988-2,,VIVC passport (via Lacombe 2013)
FRUEHGIPFLER,ROTGIPFLER,Lacombe 2013,10.1007/s00122-012-1988-2,,VIVC passport (via Lacombe 2013)
FRUEHGIPFLER,MADELEINE ROYALE,Lacombe 2013,10.1007/s00122-012-1988-2,,VIVC passport (via Lacombe 2013)
FRUEHMUSKAT OBERLIN,BOUQUETTRAUBE,Lacombe 2013,10.1007/s00122-012-1988-2,,VIVC passport (via Lacombe 2013)
FRUEHMUSKAT OBERLIN,MUSCAT PRECOCE DE SAUMUR,Lacombe 2013,10.1007/s00122-012-1988-2,,VIVC passport (via Lacombe 2013)
FUBIANO,FURMINT,Lacombe & Emanuelli 2020,10.1016/j.scienta.2017.02.044,10.1016/j.scienta.2017.02.044,VIVC passport (via Lacombe & Emanuelli 2020)
FUBIANO,UGNI BLANC,Lacombe & Emanuelli 2020,10.1016/j.scienta.2017.02.044,10.1016/j.scienta.2017.02.044,VIVC passport (via Lacombe & Emanuelli 2020)
FUERSTENTRAUBE,BICANE,Lacombe 2013,10.1007/s00122-012-1988-2,,VIVC passport (via Lacombe 2013)
FUERSTENTRAUBE,SCHIAVA GROSSA,Lacombe 2013,10.1007/s00122-012-1988-2,,VIVC passport (via Lacombe 2013)
FUETTERER,GOUAIS BLANC,Lacombe 2013,10.1007/s00122-012-1988-2,,VIVC passport (via Lacombe 2013)
FUETTERER,SAVAGNIN =TRAMINER,Lacombe 2013,10.1007/s00122-012-1988-2,,VIVC passport (via Lacombe 2013)
FULGENS,PIROVANO 2,Lacombe 2013,10.1007/s00122-012-1988-2,,VIVC passport (via Lacombe 2013)
FULGENS,CICLOPICA,Lacombe 2013,10.1007/s00122-012-1988-2,,VIVC passport (via Lacombe 2013)
FURMINT,ALBA IMPUTOTATO,Lacombe & Emanuelli 2020; Lacombe 2013; Laucou 2018,10.1007/s00122-012-1988-2,10.3390/genes11070737,VIVC passport (via Lacombe & Emanuelli 2020; Lacombe 2013; Laucou 2018)
FURMINT,GOUAIS BLANC,Lacombe & Emanuelli 2020; Lacombe 2013; Laucou 2018,10.1007/s00122-012-1988-2,10.3390/genes11070737,VIVC passport (via Lacombe & Emanuelli 2020; Lacombe 2013; Laucou 2018)
GAGLIOPPO,SANGIOVESE,Cipriani 2010; Lacombe & Emanuelli 2020,10.1007/s00122-010-1411-9,10.1007/s12033-012-9600-1; 10.1186/s12870-018-1576-y; 10.5344/ajev.2016.16068,VIVC passport (via Cipriani 2010; Lacombe & Emanuelli 2020)
GAGLIOPPO,MANTONICO BIANCO,Cipriani 2010; Lacombe & Emanuelli 2020,10.1007/s00122-010-1411-9,10.1007/s12033-012-9600-1; 10.1186/s12870-018-1576-y; 10.5344/ajev.2016.16068,VIVC passport (via Cipriani 2010; Lacombe & Emanuelli 2020)
GAMAY BLANC GLORIOD,GOUAIS BLANC,Lacombe 2013,10.1007/s00122-012-1988-2,10.1126/science.285.5433.1562,VIVC passport (via Lacombe 2013)
GAMAY BLANC GLORIOD,PINOT,Lacombe 2013,10.1007/s00122-012-1988-2,10.1126/science.285.5433.1562,VIVC passport (via Lacombe 2013)
GAMAY NOIR,PINOT,Lacombe & Emanuelli 2020; Lacombe 2013; Laucou 2018,10.1007/s00122-012-1988-2,10.1038/s41598-020-72799-6; 10.1038/s41598-024-62774-w; 10.1126/science.285.5433.1562; 10.5344/ajev.2016.16068,VIVC passport (via Lacombe & Emanuelli 2020; Lacombe 2013; Laucou 2018)
GANSON,GRENACHE NOIR,Lacombe 2013,10.1007/s00122-012-1988-2,,VIVC passport (via Lacombe 2013)
GANSON,JURANCON NOIR,Lacombe 2013,10.1007/s00122-012-1988-2,,VIVC passport (via Lacombe 2013)
GANZIN 1,ARAMON,Migliaro 2019,10.1007/s00122-019-03320-5,10.1007/s00122-019-03320-5,VIVC passport (via Migliaro 2019)
GANZIN 1,RUPESTRIS GANZIN,Migliaro 2019,10.1007/s00122-019-03320-5,10.1007/s00122-019-03320-5,VIVC passport (via Migliaro 2019)
GANZIN 2,ARAMON,none,10.1007/s00122-019-03320-5,10.1007/s00122-019-03320-5,VIVC passport (pedigree confirmed by markers)
GANZIN 2,RUPESTRIS GANZIN,none,10.1007/s00122-019-03320-5,10.1007/s00122-019-03320-5,VIVC passport (pedigree confirmed by markers)
RUTILIA,ARAMON,Lacombe 2013,10.1007/s00122-012-1988-2,,VIVC passport (via Lacombe 2013)
RUTILIA,SULTANINA,Lacombe 2013,10.1007/s00122-012-1988-2,,VIVC passport (via Lacombe 2013)
GARGIULO 87746,MOSCATEL ROSADO,Lacombe 2013,10.1007/s00122-012-1988-2,,VIVC passport (via Lacombe 2013)
GARGIULO 87746,BEAUTY SEEDLESS,Lacombe 2013,10.1007/s00122-012-1988-2,,VIVC passport (via Lacombe 2013)
GAROFANA,MOSCATO VIOLETTO,Cipriani 2010; Lacombe & Emanuelli 2020,10.1007/s00122-010-1411-9,,VIVC passport (via Cipriani 2010; Lacombe & Emanuelli 2020)
GAROFANA,UGNI BLANC,Cipriani 2010; Lacombe & Emanuelli 2020,10.1007/s00122-010-1411-9,,VIVC passport (via Cipriani 2010; Lacombe & Emanuelli 2020)
GARONNET,CHANCELLOR,none,,,VIVC passport (pedigree confirmed by markers)
GARONNET,SUBEREUX,none,,,VIVC passport (pedigree confirmed by markers)
GEGIC,BOMBINO BIANCO,none,10.3390/genes11070737,10.3390/genes11070737,VIVC passport (pedigree confirmed by markers)
GEGIC,PRIVLACKA BILINA,none,10.3390/genes11070737,10.3390/genes11070737,VIVC passport (pedigree confirmed by markers)
GEILWEILERHOF 3- 28- 45,MADELEINE ANGEVINE,none,,,VIVC passport (pedigree confirmed by markers)
GEILWEILERHOF 3- 28- 45,RIESLING,none,,,VIVC passport (pedigree confirmed by markers)
GEILWEILERHOF 3- 28- 46,MADELEINE ANGEVINE,none,,,VIVC passport (pedigree confirmed by markers)
GEILWEILERHOF 3- 28- 46,RIESLING,none,,,VIVC passport (pedigree confirmed by markers)
GEILWEILERHOF B- 14- 7,PARENT 1 WAS NOT CONFIRMED,none,,,VIVC passport (pedigree confirmed by markers)
GEILWEILERHOF B- 14- 7,ALPHONSE LAVALLEE,none,,,VIVC passport (pedigree confirmed by markers)
GEILWEILERHOF C- 41- 44,GEILWEILERHOF VI. 5861,none,,,VIVC passport (pedigree confirmed by markers)
GEILWEILERHOF C- 41- 44,GREC ROUGE,none,,,VIVC passport (pedigree confirmed by markers)
CALARDIS MUSQUE,BACCHUS WEISS,none,,,VIVC passport (pedigree confirmed by markers)
CALARDIS MUSQUE,SEYVAL,none,,,VIVC passport (pedigree confirmed by markers)
GEILWEILERHOF GA- 48- 12,BACCHUS WEISS,none,,,VIVC passport (pedigree confirmed by markers)
GEILWEILERHOF GA- 48- 12,VILLARD BLANC,none,,,VIVC passport (pedigree confirmed by markers)
GEILWEILERHOF KOE- 48- 43,GEILWEILERHOF VI. 5861,none,,,VIVC passport (pedigree confirmed by markers)
GEILWEILERHOF KOE- 48- 43,RIESLING WEISS,none,,,VIVC passport (pedigree confirmed by markers)
GEILWEILERHOF KOE- 48- 44,GEILWEILERHOF VI. 5861,none,,,VIVC passport (pedigree confirmed by markers)
GEILWEILERHOF KOE- 48- 44,SILVANER GRUEN,none,,,VIVC passport (pedigree confirmed by markers)
GEILWEILERHOF GA- 52- 42,BACCHUS WEISS,Migliaro 2019,10.5344/ajev.2019.18054,,VIVC passport (via Migliaro 2019)
GEILWEILERHOF GA- 52- 42,VILLARD BLANC,Migliaro 2019,10.5344/ajev.2019.18054,,VIVC passport (via Migliaro 2019)
REGENT,DIANA,none,10.5073/vitis.2021.60.189-193,10.5073/vitis.2021.60.189-193,VIVC passport (pedigree confirmed by markers)
REGENT,CHAMBOURCIN,none,10.5073/vitis.2021.60.189-193,10.5073/vitis.2021.60.189-193,VIVC passport (pedigree confirmed by markers)
GEILWEILERHOF V. 348,RIESLING,Migliaro 2019,10.5344/ajev.2019.18054,,VIVC passport (via Migliaro 2019)
GEILWEILERHOF V. 348,PINOT PRECOCE NOIR,Migliaro 2019,10.5344/ajev.2019.18054,,VIVC passport (via Migliaro 2019)
EHRENBREITSTEINER,EHRENFELSER,none,,,VIVC passport (pedigree confirmed by markers)
EHRENBREITSTEINER,REICHENSTEINER,none,,,VIVC passport (pedigree confirmed by markers)
GEISENHEIM 6493- 2,SEVERNYI,none,,,VIVC passport (pedigree confirmed by markers)
GEISENHEIM 6493- 2,MUSCAT OTTONEL,none,,,VIVC passport (pedigree confirmed by markers)
GENEVA WHITE 5,PINOT,none,,,VIVC passport (pedigree confirmed by markers)
GENEVA WHITE 5,ONTARIO,none,,,VIVC passport (pedigree confirmed by markers)
GENOUILLET,GOUAIS BLANC,Lacombe 2013,10.1007/s00122-012-1988-2,,VIVC passport (via Lacombe 2013)
GENOUILLET,TRESSOT,Lacombe 2013,10.1007/s00122-012-1988-2,,VIVC passport (via Lacombe 2013)
SHRKHKAN,MAKHMUDU,none,,,VIVC passport (pedigree confirmed by markers)
SHRKHKAN,RISH BABA,none,,,VIVC passport (pedigree confirmed by markers)
GIBRALTAR,BLACK MOROCCO,Lacombe 2013,10.1007/s00122-012-1988-2,,VIVC passport (via Lacombe 2013)
GIBRALTAR,MUSCAT FLEUR D'ORANGER,Lacombe 2013,10.1007/s00122-012-1988-2,,VIVC passport (via Lacombe 2013)
GILDE,MUSCAT OF ALEXANDRIA,Lacombe 2013,10.1007/s00122-012-1988-2,,VIVC passport (via Lacombe 2013)
GILDE,GROS COLMAN,Lacombe 2013,10.1007/s00122-012-1988-2,,VIVC passport (via Lacombe 2013)
GIROLAMO MOLON,DORONA DI VENEZIA,Lacombe 2013,10.1007/s00122-012-1988-2,,VIVC passport (via Lacombe 2013)
GIROLAMO MOLON,MOSCATO D'ADDA,Lacombe 2013,10.1007/s00122-012-1988-2,,VIVC passport (via Lacombe 2013)
GLACIERE,BERMESTIA BIANCA,Lacombe 2013,10.1007/s00122-012-1988-2,,VIVC passport (via Lacombe 2013)
GLACIERE,FERRAL = PRUNESTA ROSSO VIOLACEA,Lacombe 2013,10.1007/s00122-012-1988-2,,VIVC passport (via Lacombe 2013)
GLENORA,ONTARIO,none,,,VIVC passport (pedigree confirmed by markers)
GLENORA,RUSSIAN SEEDLESS,none,,,VIVC passport (pedigree confirmed by markers)
GLORIA,SILVANER GRUEN,none,,,VIVC passport (pedigree confirmed by markers)
GLORIA,MUELLER THURGAU,none,,,VIVC passport (pedigree confirmed by markers)
GLORIA HUNGARIAE,EZEREVES MAGYARORSZAG EMLEKE,Lacombe 2013,10.1007/s00122-012-1988-2,,VIVC passport (via Lacombe 2013)
GLORIA HUNGARIAE,THALLOCZY LAJOS,Lacombe 2013,10.1007/s00122-012-1988-2,,VIVC passport (via Lacombe 2013)
GOECSEJI ZAMATOS,SEYVE VILLARD 12286,none,,,VIVC passport (pedigree confirmed by markers)
GOECSEJI ZAMATOS,MEDOC NOIR,none,,,VIVC passport (pedigree confirmed by markers)
GOLDEN HAMBURGH,BICANE,Lacombe 2013,10.1007/s00122-012-1988-2,,VIVC passport (via Lacombe 2013)
GOLDEN HAMBURGH,SCHIAVA GROSSA,Lacombe 2013,10.1007/s00122-012-1988-2,,VIVC passport (via Lacombe 2013)
GOLDEN MUSCAT,MUSCAT HAMBURG,none,,,VIVC passport (pedigree confirmed by markers)
GOLDEN MUSCAT,DIAMOND,none,,,VIVC passport (pedigree confirmed by markers)
GOLDRIESLING,RIESLING WEISS,Lacombe 2013,10.1007/s00122-012-1988-2,,VIVC passport (via Lacombe 2013)
GOLDRIESLING,MALINGRE PRECOCE,Lacombe 2013,10.1007/s00122-012-1988-2,,VIVC passport (via Lacombe 2013)
GOLIA,CASTEL 156-12,Migliaro 2019,10.5344/ajev.2019.18054,,VIVC passport (via Migliaro 2019)
GOLIA,RUPESTRIS DU LOT,Migliaro 2019,10.5344/ajev.2019.18054,,VIVC passport (via Migliaro 2019)
GOLUBOK,SEVERNII,none,10.3103/S0095452718050031,10.3103/S0095452718050031,VIVC passport (pedigree confirmed by markers)
GOLUBOK,40 LET OKTYABRYA,none,10.3103/S0095452718050031,10.3103/S0095452718050031,VIVC passport (pedigree confirmed by markers)
FRANC NOIR DE LA HAUTE SAONE,GOUAIS BLANC,Lacombe 2013,10.1007/s00122-012-1988-2,10.1126/science.285.5433.1562,VIVC passport (via Lacombe 2013)
FRANC NOIR DE LA HAUTE SAONE,PINOT,Lacombe 2013,10.1007/s00122-012-1988-2,10.1126/science.285.5433.1562,VIVC passport (via Lacombe 2013)
GOYURA,MUSCAT D'ALEXANDRIE,Lacombe 2013,10.1007/s00122-012-1988-2,,VIVC passport (via Lacombe 2013)
GOYURA,SULTANINE,Lacombe 2013,10.1007/s00122-012-1988-2,,VIVC passport (via Lacombe 2013)
GRADISCA,BICANE,Lacombe 2013,10.1007/s00122-012-1988-2,,VIVC passport (via Lacombe 2013)
GRADISCA,CHASSELAS,Lacombe 2013,10.1007/s00122-012-1988-2,,VIVC passport (via Lacombe 2013)
GRAMON,GRENACHE N,Lacombe 2013,10.1007/s00122-012-1988-2,,VIVC passport (via Lacombe 2013)
GRAMON,ARAMON N,Lacombe 2013,10.1007/s00122-012-1988-2,,VIVC passport (via Lacombe 2013)
GREACA,BICANE,Lacombe 2013,10.1007/s00122-012-1988-2,,VIVC passport (via Lacombe 2013)
GREACA,AFUS ALI,Lacombe 2013,10.1007/s00122-012-1988-2,,VIVC passport (via Lacombe 2013)
GRECO NERO,TERRANO,none,10.3390/genes11070737,10.3390/genes11070737,VIVC passport (pedigree confirmed by markers)
GRECO NERO,GRENACHE NOIR,none,10.3390/genes11070737,10.3390/genes11070737,VIVC passport (pedigree confirmed by markers)
GRAND NOIR,MORRASTEL,Lacombe & Emanuelli 2020; Lacombe 2013; Laucou 2018,10.1007/s00122-012-1988-2,,VIVC passport (via Lacombe & Emanuelli 2020; Lacombe 2013; Laucou 2018)
GRAND NOIR,BOUSCHET PETIT,Lacombe & Emanuelli 2020; Lacombe 2013; Laucou 2018,10.1007/s00122-012-1988-2,,VIVC passport (via Lacombe & Emanuelli 2020; Lacombe 2013; Laucou 2018)
GREZOT 1,COUDERC 1202,none,,,VIVC passport (pedigree confirmed by markers)
GREZOT 1,CASTEL 216-3,none,,,VIVC passport (pedigree confirmed by markers)
GRILLO,CATARRATTO BIANCO,Cipriani 2010; Lacombe & Emanuelli 2020; Lacombe 2013; Laucou 2018,10.1007/s00122-010-1411-9,10.1186/s12870-018-1576-y; 10.21273/JASHS.132.4.514,VIVC passport (via Cipriani 2010; Lacombe & Emanuelli 2020; Lacombe 2013; Laucou 2018)
GRILLO,MUSCAT OF ALEXANDRIA,Cipriani 2010; Lacombe & Emanuelli 2020; Lacombe 2013; Laucou 2018,10.1007/s00122-010-1411-9,10.1186/s12870-018-1576-y; 10.21273/JASHS.132.4.514,VIVC passport (via Cipriani 2010; Lacombe & Emanuelli 2020; Lacombe 2013; Laucou 2018)
GRIMALDI 1132,UVA DI TROJA,Migliaro 2019,10.5344/ajev.2019.18054,,VIVC passport (via Migliaro 2019)
GRIMALDI 1132,PARENT 2 WAS NOT CONFIRMED,Migliaro 2019,10.5344/ajev.2019.18054,,VIVC passport (via Migliaro 2019)
GROCANKA,PERLE VON CSABA,Lacombe 2013,10.1007/s00122-012-1988-2,,VIVC passport (via Lacombe 2013)
GROCANKA,AFUS ALI,Lacombe 2013,10.1007/s00122-012-1988-2,,VIVC passport (via Lacombe 2013)
GUILLEMOT,MANSENG NOIR,Lacombe 2013,10.1007/s00122-012-1988-2,,VIVC passport (via Lacombe 2013)
GUILLEMOT,VERJUS,Lacombe 2013,10.1007/s00122-012-1988-2,,VIVC passport (via Lacombe 2013)
GUTENBORNER,MUELLER THURGAU,none,,,VIVC passport (pedigree confirmed by markers)
GUTENBORNER,WEISSER GUTEDEL,none,,,VIVC passport (pedigree confirmed by markers)
GUZAL KARA,KATTA KURGAN,Lacombe 2013,10.1007/s00122-012-1988-2,,VIVC passport (via Lacombe 2013)
GUZAL KARA,DODRELYABI,Lacombe 2013,10.1007/s00122-012-1988-2,,VIVC passport (via Lacombe 2013)
GYALSHAN,SHRKHKAN,none,,,VIVC passport (pedigree confirmed by markers)
GYALSHAN,ALA SHAANI,none,,,VIVC passport (pedigree confirmed by markers)
COT DE CHERAGAS,HEBIEN,Lacombe 2013,10.1007/s00122-012-1988-2,10.5073/vitis.2015.54.special-issue.81-86,VIVC passport (via Lacombe 2013)
COT DE CHERAGAS,MOURVEDRE,Lacombe 2013,10.1007/s00122-012-1988-2,10.5073/vitis.2015.54.special-issue.81-86,VIVC passport (via Lacombe 2013)
CINSAUT BOUSCHET,PETIT BOUSCHET,Lacombe 2013,10.1007/s00122-012-1988-2,,VIVC passport (via Lacombe 2013)
CINSAUT BOUSCHET,CINCAUT,Lacombe 2013,10.1007/s00122-012-1988-2,,VIVC passport (via Lacombe 2013)
ALMAFRA,SIRIA,Cunha 2020,10.3389/fpls.2020.00127,,VIVC passport (via Cunha 2020)
ALMAFRA,MALVASIA FINA,Cunha 2020,10.3389/fpls.2020.00127,,VIVC passport (via Cunha 2020)
HANOVER,BRIGHTON,none,,,VIVC passport (pedigree confirmed by markers)
HANOVER,NIAGARA,none,,,VIVC passport (pedigree confirmed by markers)
HARSLEVELUE,FURMINT,none,10.3390/genes11070737,10.3390/genes11070737,VIVC passport (pedigree confirmed by markers)
HARSLEVELUE,TZIMLIANSKY BELYI,none,10.3390/genes11070737,10.3390/genes11070737,VIVC passport (pedigree confirmed by markers)
HEGEDUES SANDOR,HARSLEVELUE,Lacombe 2013,10.1007/s00122-012-1988-2,,VIVC passport (via Lacombe 2013)
HEGEDUES SANDOR,MATHIASZ JANOSNE,Lacombe 2013,10.1007/s00122-012-1988-2,,VIVC passport (via Lacombe 2013)
HELFENSTEINER,FRUEHBURGUNDER,Lacombe 2013,10.1007/s00122-012-1988-2,,VIVC passport (via Lacombe 2013)
HELFENSTEINER,SCHIAVA GROSSA,Lacombe 2013,10.1007/s00122-012-1988-2,,VIVC passport (via Lacombe 2013)
HEROLDREBE,PORTUGIESER,Lacombe & Emanuelli 2020; Lacombe 2013; Laucou 2018,10.1007/s00122-012-1988-2,,VIVC passport (via Lacombe & Emanuelli 2020; Lacombe 2013; Laucou 2018)
HEROLDREBE,BLAUFRAENKISCH,Lacombe & Emanuelli 2020; Lacombe 2013; Laucou 2018,10.1007/s00122-012-1988-2,,VIVC passport (via Lacombe & Emanuelli 2020; Lacombe 2013; Laucou 2018)
HIGGINS,YUGA,none,10.21273/JASHS.133.4.559,10.21273/JASHS.133.4.559,VIVC passport (pedigree confirmed by markers)
HIGGINS,PARENT 2 WAS NOT CONFIRMED,none,10.21273/JASHS.133.4.559,10.21273/JASHS.133.4.559,VIVC passport (pedigree confirmed by markers)
HIMROD,SULTANINA,none,,,VIVC passport (pedigree confirmed by markers)
HIMROD,ONTARIO,none,,,VIVC passport (pedigree confirmed by markers)
HITZKIRCHER,COMPLETER,none,,,VIVC passport (pedigree confirmed by markers)
HITZKIRCHER,BONDOLA,none,,,VIVC passport (pedigree confirmed by markers)
HOELDER,RIESLING,Lacombe 2013,10.1007/s00122-012-1988-2,,VIVC passport (via Lacombe 2013)
HOELDER,RULAENDER,Lacombe 2013,10.1007/s00122-012-1988-2,,VIVC passport (via Lacombe 2013)
HUXELREBE,ELBING,Lacombe 2013,10.1007/s00122-012-1988-2,,VIVC passport (via Lacombe 2013)
HUXELREBE,MUSCAT PRECOCE DE SAUMUR,Lacombe 2013,10.1007/s00122-012-1988-2,,VIVC passport (via Lacombe 2013)
IDA,HARSLEVELUE,Lacombe 2013,10.1007/s00122-012-1988-2,,VIVC passport (via Lacombe 2013)
IDA,MATHIASZ JANOSNE,Lacombe 2013,10.1007/s00122-012-1988-2,,VIVC passport (via Lacombe 2013)
IGNEA,DELIZIA DI VAPRIO,Lacombe 2013,10.1007/s00122-012-1988-2,,VIVC passport (via Lacombe 2013)
IGNEA,ANGELO PIROVANO,Lacombe 2013,10.1007/s00122-012-1988-2,,VIVC passport (via Lacombe 2013)
IMPERO,MUSCAT HAMBURG,Lacombe 2013,10.1007/s00122-012-1988-2,,VIVC passport (via Lacombe 2013)
IMPERO,CICLOPICA,Lacombe 2013,10.1007/s00122-012-1988-2,,VIVC passport (via Lacombe 2013)
IMPIGNO,BOMBINO BIANCO,Cipriani 2010; Lacombe & Emanuelli 2020,10.1007/s00122-010-1411-9,10.1186/s40064-016-3228-8,VIVC passport (via Cipriani 2010; Lacombe & Emanuelli 2020)
IMPIGNO,QUAGLIANO,Cipriani 2010; Lacombe & Emanuelli 2020,10.1007/s00122-010-1411-9,10.1186/s40064-016-3228-8,VIVC passport (via Cipriani 2010; Lacombe & Emanuelli 2020)
INTERLAKEN SEEDLESS,ONTARIO,none,10.3103/S0095452718050031,10.3103/S0095452718050031,VIVC passport (pedigree confirmed by markers)
INTERLAKEN SEEDLESS,SULTANINA,none,10.3103/S0095452718050031,10.3103/S0095452718050031,VIVC passport (pedigree confirmed by markers)
IONA,CATAWBA,none,,,VIVC passport (pedigree confirmed by markers)
IONA,ISABELLA,none,,,VIVC passport (pedigree confirmed by markers)
IRSAI OLIVER,POZSONYI,Lacombe & Emanuelli 2020; Lacombe 2013; Laucou 2018,10.1007/s00122-012-1988-2,10.3103/S0095452718050031,VIVC passport (via Lacombe & Emanuelli 2020; Lacombe 2013; Laucou 2018)
IRSAI OLIVER,PERLE VON CSABA,Lacombe & Emanuelli 2020; Lacombe 2013; Laucou 2018,10.1007/s00122-012-1988-2,10.3103/S0095452718050031,VIVC passport (via Lacombe & Emanuelli 2020; Lacombe 2013; Laucou 2018)
ISABELLA,LABRUSCA,none,,,VIVC passport (pedigree confirmed by markers)
ISABELLA,MESLIER PETIT,none,,,VIVC passport (pedigree confirmed by markers)
ITALIA,BICANE,Cipriani 2010; Lacombe & Emanuelli 2020; Lacombe 2013,10.1007/s00122-010-1411-9,10.1007/s11295-014-0746-9; 10.3390/plants10122696; 10.5344/ajev.2016.16068,VIVC passport (via Cipriani 2010; Lacombe & Emanuelli 2020; Lacombe 2013)
ITALIA,MUSCAT HAMBURG,Cipriani 2010; Lacombe & Emanuelli 2020; Lacombe 2013,10.1007/s00122-010-1411-9,10.1007/s11295-014-0746-9; 10.3390/plants10122696; 10.5344/ajev.2016.16068,VIVC passport (via Cipriani 2010; Lacombe & Emanuelli 2020; Lacombe 2013)
ITALICA,VERDISO,Cipriani 2010; Lacombe & Emanuelli 2020,10.1007/s00122-010-1411-9,,VIVC passport (via Cipriani 2010; Lacombe & Emanuelli 2020)
ITALICA,WELSCHRIESLING,Cipriani 2010; Lacombe & Emanuelli 2020,10.1007/s00122-010-1411-9,,VIVC passport (via Cipriani 2010; Lacombe & Emanuelli 2020)
ITHAKI,CINSAUT,Lacombe & Emanuelli 2020; Lacombe 2013; Laucou 2018,10.1007/s00122-012-1988-2,,VIVC passport (via Lacombe & Emanuelli 2020; Lacombe 2013; Laucou 2018)
ITHAKI,KOENIGIN DER WEINGAERTEN,Lacombe & Emanuelli 2020; Lacombe 2013; Laucou 2018,10.1007/s00122-012-1988-2,,VIVC passport (via Lacombe & Emanuelli 2020; Lacombe 2013; Laucou 2018)
IVAN,ROSA MENNA DI VACCA,Lacombe 2013,10.1007/s00122-012-1988-2,,VIVC passport (via Lacombe 2013)
IVAN,MATHIASZ JANOSNE,Lacombe 2013,10.1007/s00122-012-1988-2,,VIVC passport (via Lacombe 2013)
IVERIA,TEBRIZI,none,,,VIVC passport (pedigree confirmed by markers)
IVERIA,MUSCAT OF ALEXANDRIA,none,,,VIVC passport (pedigree confirmed by markers)
JACQUEZ A GROS GRAINS,JACQUEZ,none,,,VIVC passport (pedigree confirmed by markers)
JACQUEZ A GROS GRAINS,KORINTHIAKI,none,,,VIVC passport (pedigree confirmed by markers)
JAEN TINTO,LISTAN PRIETO,Lacombe 2013,10.1007/s00122-012-1988-2,10.1016/j.tig.2006.07.008; 10.5344/ajev.2011.11052,VIVC passport (via Lacombe 2013)
JAEN TINTO,CAYETANA BLANCA,Lacombe 2013,10.1007/s00122-012-1988-2,10.1016/j.tig.2006.07.008; 10.5344/ajev.2011.11052,VIVC passport (via Lacombe 2013)
JAGODINKA,PINOT NOIR,none,,,VIVC passport (pedigree confirmed by markers)
JAGODINKA,PROKUPAC,none,,,VIVC passport (pedigree confirmed by markers)
JAMPAL,ALFROCHEIRO,Cunha 2020,10.3389/fpls.2020.00127,10.5073/vitis.2015.54.special-issue.59-65,VIVC passport (via Cunha 2020)
JAMPAL,CAYETANA BLANCA,Cunha 2020,10.3389/fpls.2020.00127,10.5073/vitis.2015.54.special-issue.59-65,VIVC passport (via Cunha 2020)
JANTAR,KOENIGIN DER WEINGAERTEN,none,10.1007/s11295-014-0746-9,10.1007/s11295-014-0746-9,VIVC passport (pedigree confirmed by markers)
JANTAR,BOLGAR,none,10.1007/s11295-014-0746-9,10.1007/s11295-014-0746-9,VIVC passport (pedigree confirmed by markers)
JAVOR GROSS WEISS,ALBA IMPUTOTATO,Lacombe 2013,10.1007/s00122-012-1988-2,,VIVC passport (via Lacombe 2013)
JAVOR GROSS WEISS,GOUAIS BLANC,Lacombe 2013,10.1007/s00122-012-1988-2,,VIVC passport (via Lacombe 2013)
DIMYAT,COARNA ALBA,Lacombe & Emanuelli 2020; Lacombe 2013; Laucou 2018,10.1007/s00122-012-1988-2,,VIVC passport (via Lacombe & Emanuelli 2020; Lacombe 2013; Laucou 2018)
DIMYAT,GOUAIS BLANC,Lacombe & Emanuelli 2020; Lacombe 2013; Laucou 2018,10.1007/s00122-012-1988-2,,VIVC passport (via Lacombe & Emanuelli 2020; Lacombe 2013; Laucou 2018)
NEDELTCHEFF MAGVATLANA,ITALIA,Lacombe 2013,10.1007/s00122-012-1988-2,,VIVC passport (via Lacombe 2013)
NEDELTCHEFF MAGVATLANA,SULTANINA DE BULGARIE,Lacombe 2013,10.1007/s00122-012-1988-2,,VIVC passport (via Lacombe 2013)
AIGEZARD,KATTA KURGAN,Margaryan 2021,10.3390/biology10121279,,VIVC passport (via Margaryan 2021)
AIGEZARD,PARKENT,Margaryan 2021,10.3390/biology10121279,,VIVC passport (via Margaryan 2021)
ANAHIT,ANGUR KALAN,Margaryan 2021,10.3390/biology10121279,,VIVC passport (via Margaryan 2021)
ANAHIT,MUSCAT HAMBURG,Margaryan 2021,10.3390/biology10121279,,VIVC passport (via Margaryan 2021)
ANTEI MAGARACHSKII,RUBINOVYI MAGARACHA,none,10.3103/S0095452710020040,10.3103/S0095452710020040,VIVC passport (pedigree confirmed by markers)
ANTEI MAGARACHSKII,SEYVE VILLARD 20347,none,10.3103/S0095452710020040,10.3103/S0095452710020040,VIVC passport (pedigree confirmed by markers)
ANUSHAYUT,SEYANETS S 1262,Margaryan 2021,10.3390/biology10121279,,VIVC passport (via Margaryan 2021)
ANUSHAYUT,KARMRAHYUT,Margaryan 2021,10.3390/biology10121279,,VIVC passport (via Margaryan 2021)
AREVSHAT,KATTA KURGAN,Margaryan 2021,10.3390/biology10121279,,VIVC passport (via Margaryan 2021)
AREVSHAT,PARKENT,Margaryan 2021,10.3390/biology10121279,,VIVC passport (via Margaryan 2021)
ARMSKHI,SEMENAC 1-17-1,none,,,VIVC passport (pedigree confirmed by markers)
ARMSKHI,SAPERAVI,none,,,VIVC passport (pedigree confirmed by markers)
ARTASHATI KARMIR,SEYANETS S 1262,Margaryan 2021,10.3390/biology10121279,,VIVC passport (via Margaryan 2021)
ARTASHATI KARMIR,KARMRAHYUT,Margaryan 2021,10.3390/biology10121279,,VIVC passport (via Margaryan 2021)
HAGHTANAK,SEMENAC 1-17-1,Margaryan 2021,10.3390/biology10121279,,VIVC passport (via Margaryan 2021)
HAGHTANAK,SAPERAVI,Margaryan 2021,10.3390/biology10121279,,VIVC passport (via Margaryan 2021)
JO RIZLING,RIESLING ITALICO,Lacombe 2013,10.1007/s00122-012-1988-2,,VIVC passport (via Lacombe 2013)
JO RIZLING,CHASSELAS,Lacombe 2013,10.1007/s00122-012-1988-2,,VIVC passport (via Lacombe 2013)
JOANNES SEYVE 11369,SEIBEL 6468,none,10.5073/vitis.2021.60.189-193,10.5073/vitis.2021.60.189-193,VIVC passport (pedigree confirmed by markers)
JOANNES SEYVE 11369,SUBEREUX,none,10.5073/vitis.2021.60.189-193,10.5073/vitis.2021.60.189-193,VIVC passport (pedigree confirmed by markers)
JOANNES SEYVE 16150,SEIBEL 6468,none,,,VIVC passport (pedigree confirmed by markers)
JOANNES SEYVE 16150,SUBEREUX,none,,,VIVC passport (pedigree confirmed by markers)
JOANNES SEYVE 23275,SEIBEL 6468,none,,,VIVC passport (pedigree confirmed by markers)
JOANNES SEYVE 23275,CHANCELLOR,none,,,VIVC passport (pedigree confirmed by markers)
JOANNES SEYVE 23284,SEIBEL 6468,none,,,VIVC passport (pedigree confirmed by markers)
JOANNES SEYVE 23284,CHANCELLOR,none,,,VIVC passport (pedigree confirmed by markers)
JOANNES SEYVE 23416,BERTILLE SEYVE 4825,none,,,VIVC passport (pedigree confirmed by markers)
JOANNES SEYVE 23416,SEIBEL 7053,none,,,VIVC passport (pedigree confirmed by markers)
JOANNES SEYVE 24397,CHANCELLOR,none,,,VIVC passport (pedigree confirmed by markers)
JOANNES SEYVE 24397,SEYVAL BLANC,none,,,VIVC passport (pedigree confirmed by markers)
JOANNES SEYVE 24610,SEIBEL 6468,none,,,VIVC passport (pedigree confirmed by markers)
JOANNES SEYVE 24610,CHANCELLOR,none,,,VIVC passport (pedigree confirmed by markers)
JOANNES SEYVE 26490,CHANCELLOR,none,,,VIVC passport (pedigree confirmed by markers)
JOANNES SEYVE 26490,VILLARD BLANC,none,,,VIVC passport (pedigree confirmed by markers)
JOUBERTIN,PERSAN N,Lacombe 2013,10.1007/s00122-012-1988-2,,VIVC passport (via Lacombe 2013)
JOUBERTIN,PELOURSIN N,Lacombe 2013,10.1007/s00122-012-1988-2,,VIVC passport (via Lacombe 2013)
JUBILAEUMSREBE,VELTLINER FRUEHROT,none,10.1007/s001220050889,10.1007/s001220050889,VIVC passport (pedigree confirmed by markers)
JUBILAEUMSREBE,PORTUGIESER GRAU,none,10.1007/s001220050889,10.1007/s001220050889,VIVC passport (pedigree confirmed by markers)
JUBILEUM 75,KOEVIDINKA,Lacombe 2013,10.1007/s00122-012-1988-2,,VIVC passport (via Lacombe 2013)
JUBILEUM 75,SAVAGIN = TRAMINER,Lacombe 2013,10.1007/s00122-012-1988-2,,VIVC passport (via Lacombe 2013)
JULIUS CAESAR,CHASSELAS,Lacombe 2013,10.1007/s00122-012-1988-2,,VIVC passport (via Lacombe 2013)
JULIUS CAESAR,PERLE VON CSABA,Lacombe 2013,10.1007/s00122-012-1988-2,,VIVC passport (via Lacombe 2013)
JURANCON BLANC,FOLLE BLANCHE,Lacombe 2013,10.1007/s00122-012-1988-2,,VIVC passport (via Lacombe 2013)
JURANCON BLANC,PRUERAS,Lacombe 2013,10.1007/s00122-012-1988-2,,VIVC passport (via Lacombe 2013)
JURANCON NOIR,FOLLE BLANCHE,Lacombe 2013,10.1007/s00122-012-1988-2,,VIVC passport (via Lacombe 2013)
JURANCON NOIR,MALBEC,Lacombe 2013,10.1007/s00122-012-1988-2,,VIVC passport (via Lacombe 2013)
KANDAHARI SAFID,KATTA-KOURGAN,Lacombe 2013,10.1007/s00122-012-1988-2,,VIVC passport (via Lacombe 2013)
KANDAHARI SAFID,SULTANINE,Lacombe 2013,10.1007/s00122-012-1988-2,,VIVC passport (via Lacombe 2013)
KANZLER,MUELLER THURGAU,Lacombe & Emanuelli 2020; Lacombe 2013; Laucou 2018,10.1007/s00122-012-1988-2,,VIVC passport (via Lacombe & Emanuelli 2020; Lacombe 2013; Laucou 2018)
KANZLER,SYLVANER,Lacombe & Emanuelli 2020; Lacombe 2013; Laucou 2018,10.1007/s00122-012-1988-2,,VIVC passport (via Lacombe & Emanuelli 2020; Lacombe 2013; Laucou 2018)
KARMRAHYUT,ADISI,Lacombe 2013; Margaryan 2021,10.1007/s00122-012-1988-2,,VIVC passport (via Lacombe 2013; Margaryan 2021)
KARMRAHYUT,PETIT BOUSCHET,Lacombe 2013; Margaryan 2021,10.1007/s00122-012-1988-2,,VIVC passport (via Lacombe 2013; Margaryan 2021)
KARMRASHAT,MUSCAT ROUGE DE MADERE,Margaryan 2021,10.3390/biology10121279,,VIVC passport (via Margaryan 2021)
KARMRASHAT,BOUSCHET PETIT,Margaryan 2021,10.3390/biology10121279,,VIVC passport (via Margaryan 2021)
KECSKEMETI IZES,POZSONYI FEHER,Lacombe 2013,10.1007/s00122-012-1988-2,,VIVC passport (via Lacombe 2013)
KECSKEMETI IZES,HOSSZUNYELUE,Lacombe 2013,10.1007/s00122-012-1988-2,,VIVC passport (via Lacombe 2013)
KECSKEMETI RIZLING,POZSONYI FEHER,Lacombe 2013,10.1007/s00122-012-1988-2,,VIVC passport (via Lacombe 2013)
KECSKEMETI RIZLING,HOSSZUNYELUE,Lacombe 2013,10.1007/s00122-012-1988-2,,VIVC passport (via Lacombe 2013)
KERNER,SCHIAVA GROSSA,Cipriani 2010; Lacombe & Emanuelli 2020; Lacombe 2013; Laucou 2018,10.1007/s00122-010-1411-9,10.5073/vitis.1998.37.79-82,VIVC passport (via Cipriani 2010; Lacombe & Emanuelli 2020; Lacombe 2013; Laucou 2018)
KERNER,RIESLING RENANO,Cipriani 2010; Lacombe & Emanuelli 2020; Lacombe 2013; Laucou 2018,10.1007/s00122-010-1411-9,10.5073/vitis.1998.37.79-82,VIVC passport (via Cipriani 2010; Lacombe & Emanuelli 2020; Lacombe 2013; Laucou 2018)
KHETUNI,HADISI,Margaryan 2021,10.3390/biology10121279,,VIVC passport (via Margaryan 2021)
KHETUNI,VANKI,Margaryan 2021,10.3390/biology10121279,,VIVC passport (via Margaryan 2021)
KHUSAINE KRASNYI,NEGRU MARE,Lacombe & Emanuelli 2020; Lacombe 2013; Laucou 2018,10.1007/s00122-012-1988-2,,VIVC passport (via Lacombe & Emanuelli 2020; Lacombe 2013; Laucou 2018)
KHUSAINE KRASNYI,KHOUSSAINE BLANC,Lacombe & Emanuelli 2020; Lacombe 2013; Laucou 2018,10.1007/s00122-012-1988-2,,VIVC passport (via Lacombe & Emanuelli 2020; Lacombe 2013; Laucou 2018)
KIBRAISKII,CHAOUCH BLANC,Lacombe 2013,10.1007/s00122-012-1988-2,,VIVC passport (via Lacombe 2013)
KIBRAISKII,KICHMICH TCHERNI,Lacombe 2013,10.1007/s00122-012-1988-2,,VIVC passport (via Lacombe 2013)
KINCSEM,MATHIASZ JANOSNE,Lacombe 2013,10.1007/s00122-012-1988-2,,VIVC passport (via Lacombe 2013)
KINCSEM,KOEVIDINKA,Lacombe 2013,10.1007/s00122-012-1988-2,,VIVC passport (via Lacombe 2013)
KISHMISH KHISHRAU,ANGOOR KALAN,Lacombe 2013; Margaryan 2021,10.1007/s00122-012-1988-2,10.20870/oeno-one.2021.55.4.4815,VIVC passport (via Lacombe 2013; Margaryan 2021)
KISHMISH KHISHRAU,KICHMICH TCHERNI,Lacombe 2013; Margaryan 2021,10.1007/s00122-012-1988-2,10.20870/oeno-one.2021.55.4.4815,VIVC passport (via Lacombe 2013; Margaryan 2021)
KISHMISH VATKANA,VASSARGA TCHERNAIA,Lacombe 2013,10.1007/s00122-012-1988-2,,VIVC passport (via Lacombe 2013)
KISHMISH VATKANA,SULTANINE,Lacombe 2013,10.1007/s00122-012-1988-2,,VIVC passport (via Lacombe 2013)
YAKDONA KIZYL,TAGOBI,Lacombe & Emanuelli 2020; Lacombe 2013; Laucou 2018,10.1007/s00122-012-1988-2,,VIVC passport (via Lacombe & Emanuelli 2020; Lacombe 2013; Laucou 2018)
YAKDONA KIZYL,KHOUSSAINE BLANC,Lacombe & Emanuelli 2020; Lacombe 2013; Laucou 2018,10.1007/s00122-012-1988-2,,VIVC passport (via Lacombe & Emanuelli 2020; Lacombe 2013; Laucou 2018)
KLADOVSKA BELA,PROKUPAC,none,,,VIVC passport (pedigree confirmed by markers)
KLADOVSKA BELA,PINOT NOIR,none,,,VIVC passport (pedigree confirmed by markers)
KNIPPERLE,PINOT,Lacombe 2013,10.1007/s00122-012-1988-2,10.1126/science.285.5433.1562,VIVC passport (via Lacombe 2013)
KNIPPERLE,GOUAIS BLANC,Lacombe 2013,10.1007/s00122-012-1988-2,10.1126/science.285.5433.1562,VIVC passport (via Lacombe 2013)
KOBER 5 BB,RESSEGUIER 2,Migliaro 2019,10.1007/s00122-019-03320-5,10.1007/s00122-019-03320-5,VIVC passport (via Migliaro 2019)
KOBER 5 BB,RIPARIA GLOIRE DE MONTPELLIER,Migliaro 2019,10.1007/s00122-019-03320-5,10.1007/s00122-019-03320-5,VIVC passport (via Migliaro 2019)
KOCSIS IRMA,EZEREVES MAGYARORSZAG EMLEKE,Lacombe 2013,10.1007/s00122-012-1988-2,,VIVC passport (via Lacombe 2013)
KOCSIS IRMA,THALLOCZY LAJOS,Lacombe 2013,10.1007/s00122-012-1988-2,,VIVC passport (via Lacombe 2013)
KOCSIS PAL SZILVANIJA,TOMPA MIHALY,Lacombe 2013,10.1007/s00122-012-1988-2,,VIVC passport (via Lacombe 2013)
KOCSIS PAL SZILVANIJA,FURMINT,Lacombe 2013,10.1007/s00122-012-1988-2,,VIVC passport (via Lacombe 2013)
KOCSIS SANDOR,HARSLEVELUE,Lacombe 2013,10.1007/s00122-012-1988-2,,VIVC passport (via Lacombe 2013)
KOCSIS SANDOR,MATHIASZ JANOSNE,Lacombe 2013,10.1007/s00122-012-1988-2,,VIVC passport (via Lacombe 2013)
KOENIGIN DER WEINGAERTEN,DATTIER DE BEYROUTH,Lacombe & Emanuelli 2020; Lacombe 2013; Laucou 2018,10.1007/s00122-012-1988-2,10.1007/s11295-014-0746-9; 10.3103/S0095452718050031; 10.3390/genes11070737,VIVC passport (via Lacombe & Emanuelli 2020; Lacombe 2013; Laucou 2018)
KOENIGIN DER WEINGAERTEN,PERLE VON CSABA,Lacombe & Emanuelli 2020; Lacombe 2013; Laucou 2018,10.1007/s00122-012-1988-2,10.1007/s11295-014-0746-9; 10.3103/S0095452718050031; 10.3390/genes11070737,VIVC passport (via Lacombe & Emanuelli 2020; Lacombe 2013; Laucou 2018)
KOKURDES BELYI,KOKUR BELYI,Lacombe 2013,10.1007/s00122-012-1988-2,10.3390/plants10122696,VIVC passport (via Lacombe 2013)
KOKURDES BELYI,NOIR DE CRIMEE FAUX,Lacombe 2013,10.1007/s00122-012-1988-2,10.3390/plants10122696,VIVC passport (via Lacombe 2013)
KOLKHURI,TEBRIZI,none,,,VIVC passport (pedigree confirmed by markers)
KOLKHURI,MUSCAT OF ALEXANDRIA,none,,,VIVC passport (pedigree confirmed by markers)
KOLOR,PINOT NOIR,none,,,VIVC passport (pedigree confirmed by markers)
KOLOR,TEINTURIER,none,,,VIVC passport (pedigree confirmed by markers)
KORAI GYOENGY,POZSONYI,none,,,VIVC passport (pedigree confirmed by markers)
KORAI GYOENGY,CSABA GYOENGYE,none,,,VIVC passport (pedigree confirmed by markers)
KOSOROTOVSKII,COARNA ALBA,Lacombe 2013,10.1007/s00122-012-1988-2,,VIVC passport (via Lacombe 2013)
KOSOROTOVSKII,PLAVAI,Lacombe 2013,10.1007/s00122-012-1988-2,,VIVC passport (via Lacombe 2013)
KOSOVSKA RANA,BOUVIER,Lacombe 2013,10.1007/s00122-012-1988-2,,VIVC passport (via Lacombe 2013)
KOSOVSKA RANA,MUSCAT DE HAMBOURG,Lacombe 2013,10.1007/s00122-012-1988-2,,VIVC passport (via Lacombe 2013)
KOSSUTH LAJOS,MADELEINE ANGEVINE,Lacombe 2013,10.1007/s00122-012-1988-2,,VIVC passport (via Lacombe 2013)
KOSSUTH LAJOS,DIMIAT,Lacombe 2013,10.1007/s00122-012-1988-2,,VIVC passport (via Lacombe 2013)
KOVACS KREGER,COARNA ALBA,Lacombe 2013,10.1007/s00122-012-1988-2,,VIVC passport (via Lacombe 2013)
KOVACS KREGER,FURMINT,Lacombe 2013,10.1007/s00122-012-1988-2,,VIVC passport (via Lacombe 2013)
KRASSOSTAFYLO,TORRONTES MENDOCINO,Lacombe 2013,10.1007/s00122-012-1988-2,,VIVC passport (via Lacombe 2013)
KRASSOSTAFYLO,MALBEC,Lacombe 2013,10.1007/s00122-012-1988-2,,VIVC passport (via Lacombe 2013)
KRESTOVSKII,KOZ OUZIOUM,none,10.1134/S2635167622050135,10.1134/S2635167622050135,VIVC passport (pedigree confirmed by markers)
KRESTOVSKII,ASYL KARA 2,none,10.1134/S2635167622050135,10.1134/S2635167622050135,VIVC passport (pedigree confirmed by markers)
KRKOCHIA PIRGAVA,ALBA IMPUTATO,none,10.5073/vitis.2015.54.79-86,10.5073/vitis.2015.54.79-86,VIVC passport (pedigree confirmed by markers)
KRKOCHIA PIRGAVA,GOUAIS BLANC,none,10.5073/vitis.2015.54.79-86,10.5073/vitis.2015.54.79-86,VIVC passport (pedigree confirmed by markers)
KRSTICEVICA,PLAVINA,none,10.3390/genes11070737,10.3390/genes11070737,VIVC passport (pedigree confirmed by markers)
KRSTICEVICA,BOMBINO BIANCO,none,10.3390/genes11070737,10.3390/genes11070737,VIVC passport (pedigree confirmed by markers)
KUMSHATSKII CHERNYI,BURYI 2,none,10.1134/S2635167622050135,10.1134/S2635167622050135,VIVC passport (pedigree confirmed by markers)
KUMSHATSKII CHERNYI,TSIMLYANSKIY CHERNYI,none,10.1134/S2635167622050135,10.1134/S2635167622050135,VIVC passport (pedigree confirmed by markers)
KUNBARAT,KOLEDA 28/19,none,10.5073/vitis.2020.59.91-92,10.5073/vitis.2020.59.91-92,VIVC passport (pedigree confirmed by markers)
KUNBARAT,AFUS ALI,none,10.5073/vitis.2020.59.91-92,10.5073/vitis.2020.59.91-92,VIVC passport (pedigree confirmed by markers)
KUNLEANY,KOLEDA 28/19),none,10.5073/vitis.2020.59.91-92,10.5073/vitis.2020.59.91-92,VIVC passport (pedigree confirmed by markers)
KUNLEANY,AFUS ALI,none,10.5073/vitis.2020.59.91-92,10.5073/vitis.2020.59.91-92,VIVC passport (pedigree confirmed by markers)
KURTELASKA,BOMBINO BIANCO,Lacombe 2013,10.1007/s00122-012-1988-2,10.3390/genes11070737,VIVC passport (via Lacombe 2013)
KURTELASKA,MOSTOSA = EMPIBOTTE BIANCO,Lacombe 2013,10.1007/s00122-012-1988-2,10.3390/genes11070737,VIVC passport (via Lacombe 2013)
KURTSEIT AGANYN IZYUM,TASCHLY,Lacombe 2013,10.1007/s00122-012-1988-2,,VIVC passport (via Lacombe 2013)
KURTSEIT AGANYN IZYUM,SCHABASCHE,Lacombe 2013,10.1007/s00122-012-1988-2,,VIVC passport (via Lacombe 2013)
KUTLAKSKII CHERNYI,TOLSTOKORII,Lacombe 2013,10.1007/s00122-012-1988-2,,VIVC passport (via Lacombe 2013)
KUTLAKSKII CHERNYI,VIGNE DE WOOD,Lacombe 2013,10.1007/s00122-012-1988-2,,VIVC passport (via Lacombe 2013)
KUTUZOVSKII,COARNA NEAGRA,Margaryan 2021,10.3390/biology10121279,,VIVC passport (via Margaryan 2021)
KUTUZOVSKII,DATTIER DE ST. VALLIER,Margaryan 2021,10.3390/biology10121279,,VIVC passport (via Margaryan 2021)
LA ROCHELLE,BARLINKA,Lacombe 2013,10.1007/s00122-012-1988-2,10.21548/39-1-2053,VIVC passport (via Lacombe 2013)
LA ROCHELLE,ALPHONSE LAVALLEE,Lacombe 2013,10.1007/s00122-012-1988-2,10.21548/39-1-2053,VIVC passport (via Lacombe 2013)
LACRIMA,ALEATICO,none,10.20870/oeno-one.2021.55.3.4628,10.20870/oeno-one.2021.55.3.4628,VIVC passport (pedigree confirmed by markers)
LACRIMA,NERA RADA,none,10.20870/oeno-one.2021.55.3.4628,10.20870/oeno-one.2021.55.3.4628,VIVC passport (pedigree confirmed by markers)
LACRIMA DI MARIA,GRAECO,Lacombe & Emanuelli 2020; Lacombe 2013,10.1007/s00122-012-1988-2,,VIVC passport (via Lacombe & Emanuelli 2020; Lacombe 2013)
LACRIMA DI MARIA,HEPTAKILO,Lacombe & Emanuelli 2020; Lacombe 2013,10.1007/s00122-012-1988-2,,VIVC passport (via Lacombe & Emanuelli 2020; Lacombe 2013)
LADIKINO,LACRIMA BIANCA,Lacombe & Emanuelli 2020,10.3389/fpls.2020.605934,,VIVC passport (via Lacombe & Emanuelli 2020)
LADIKINO,ASSOUAD KARECH,Lacombe & Emanuelli 2020,10.3389/fpls.2020.605934,,VIVC passport (via Lacombe & Emanuelli 2020)
LADY DOWNE'S SEEDLING,BLACK MOROCCO,Lacombe 2013,10.1007/s00122-012-1988-2,10.1007/s11295-014-0746-9,VIVC passport (via Lacombe 2013)
LADY DOWNE'S SEEDLING,MUSCAT OF ALEXANDRIE,Lacombe 2013,10.1007/s00122-012-1988-2,10.1007/s11295-014-0746-9,VIVC passport (via Lacombe 2013)
LAGAUZERE C,SEMILLON,Lacombe 2013,10.1007/s00122-012-1988-2,,VIVC passport (via Lacombe 2013)
LAGAUZERE C,UGNI BLANC = TREBBIANO TOSCANO,Lacombe 2013,10.1007/s00122-012-1988-2,,VIVC passport (via Lacombe 2013)
LAGREIN,SCHIAVA GENTILE,Cipriani 2010; Lacombe & Emanuelli 2020; Lacombe 2013,10.1007/s00122-010-1411-9,,VIVC passport (via Cipriani 2010; Lacombe & Emanuelli 2020; Lacombe 2013)
LAGREIN,TEROLDEGO,Cipriani 2010; Lacombe & Emanuelli 2020; Lacombe 2013,10.1007/s00122-010-1411-9,,VIVC passport (via Cipriani 2010; Lacombe & Emanuelli 2020; Lacombe 2013)
LANDOT 234,SEIBEL 5455,none,,,VIVC passport (pedigree confirmed by markers)
LANDOT 234,GAMAY MOUROT,none,,,VIVC passport (pedigree confirmed by markers)
LANDOT 301,SEIBEL 6468,none,,,VIVC passport (pedigree confirmed by markers)
LANDOT 301,PLANTET,none,,,VIVC passport (pedigree confirmed by markers)
LANDOT 508,GAMAY,none,,,VIVC passport (pedigree confirmed by markers)
LANDOT 508,CHANCELLOR,none,,,VIVC passport (pedigree confirmed by markers)
LANDOT 709,PLANTET,none,,,VIVC passport (pedigree confirmed by markers)
LANDOT 709,SEIBEL 8718,none,,,VIVC passport (pedigree confirmed by markers)
LANDOT 742,PLANTET,none,,,VIVC passport (pedigree confirmed by markers)
LANDOT 742,SEIBEL 8718,none,,,VIVC passport (pedigree confirmed by markers)
LANDOT 760,PLANTET,none,,,VIVC passport (pedigree confirmed by markers)
LANDOT 760,SEIBEL 8718,none,,,VIVC passport (pedigree confirmed by markers)
LANDOT 1678,PLANTET,none,,,VIVC passport (pedigree confirmed by markers)
LANDOT 1678,SEINOIR,none,,,VIVC passport (pedigree confirmed by markers)
LANDOT 1680,PLANTET,none,,,VIVC passport (pedigree confirmed by markers)
LANDOT 1680,SEINOR,none,,,VIVC passport (pedigree confirmed by markers)
LANDOT 2281,SEYVAL,none,,,VIVC passport (pedigree confirmed by markers)
LANDOT 2281,PLANTET,none,,,VIVC passport (pedigree confirmed by markers)
LANDOT 2283,SEVVAL,none,,,VIVC passport (pedigree confirmed by markers)
LANDOT 2283,PLANTET,none,,,VIVC passport (pedigree confirmed by markers)
LANDOT 2380,SEIBEL 6468,none,,,VIVC passport (pedigree confirmed by markers)
LANDOT 2380,FARELLA,none,,,VIVC passport (pedigree confirmed by markers)
LANDOT 2843,RUBILANDE,none,,,VIVC passport (pedigree confirmed by markers)
LANDOT 2843,MUSCAT HAMBURG,none,,,VIVC passport (pedigree confirmed by markers)
LANDOT 3381,RUBILANDE,none,,,VIVC passport (pedigree confirmed by markers)
LANDOT 3381,PLANTET,none,,,VIVC passport (pedigree confirmed by markers)
LANDOT 3384,RUBLIANDE,none,,,VIVC passport (pedigree confirmed by markers)
LANDOT 3384,PLANTET,none,,,VIVC passport (pedigree confirmed by markers)
LANDOT 4411,SEIBEL 8357,none,,,VIVC passport (pedigree confirmed by markers)
LANDOT 4411,S.V. 12375,none,,,VIVC passport (pedigree confirmed by markers)
LANDOT 4465,COLOBEL,none,,,VIVC passport (pedigree confirmed by markers)
LANDOT 4465,VILLARD BLANC,none,,,VIVC passport (pedigree confirmed by markers)
LANDOT NOIR,LANDAL,none,,,VIVC passport (pedigree confirmed by markers)
LANDOT NOIR,VILLARD BLANC,none,,,VIVC passport (pedigree confirmed by markers)
LANTINI,MUSCAT HAMBURG,Lacombe 2013,10.1007/s00122-012-1988-2,,VIVC passport (via Lacombe 2013)
LANTINI,CICLOPICA,Lacombe 2013,10.1007/s00122-012-1988-2,,VIVC passport (via Lacombe 2013)
LARIAO,HEBIEN,Cunha 2020,10.3389/fpls.2020.00127,10.5073/vitis.2015.54.special-issue.81-86,VIVC passport (via Cunha 2020)
LARIAO,AHMEUR BOU AHMEUR,Cunha 2020,10.3389/fpls.2020.00127,10.5073/vitis.2015.54.special-issue.81-86,VIVC passport (via Cunha 2020)
LATINA,ITALIA,Lacombe 2013,10.1007/s00122-012-1988-2,,VIVC passport (via Lacombe 2013)
LATINA,ANGELO LONGO = PIROVANO 101,Lacombe 2013,10.1007/s00122-012-1988-2,,VIVC passport (via Lacombe 2013)
LEDNICE B 76,SEVERNYJ,none,,,VIVC passport (pedigree confirmed by markers)
LEDNICE B 76,PINOT NOIR,none,,,VIVC passport (pedigree confirmed by markers)
LEON MILLOT,MILLARDET ET GRASSET 101 O.P.,none,,,VIVC passport (pedigree confirmed by markers)
LEON MILLOT,GOLDRIESLING,none,,,VIVC passport (pedigree confirmed by markers)
LESNOI BELYI MARAGINSKII,KOZ OUZIOUM,Lacombe & Emanuelli 2020; Laucou 2018,10.1371/journal.pone.0192540,,VIVC passport (via Lacombe & Emanuelli 2020; Laucou 2018)
LESNOI BELYI MARAGINSKII,INSTITUTIS GRDZELMTEVANA,Lacombe & Emanuelli 2020; Laucou 2018,10.1371/journal.pone.0192540,,VIVC passport (via Lacombe & Emanuelli 2020; Laucou 2018)
LESZ MEG HAZAM,KOEVIDINKA,Lacombe 2013,10.1007/s00122-012-1988-2,,VIVC passport (via Lacombe 2013)
LESZ MEG HAZAM,MATHIAZ JANOSNE MUSKOTALY,Lacombe 2013,10.1007/s00122-012-1988-2,,VIVC passport (via Lacombe 2013)
LILIORILA,BAROQUE,Lacombe 2013,10.1007/s00122-012-1988-2,,VIVC passport (via Lacombe 2013)
LILIORILA,CHARDONNAY,Lacombe 2013,10.1007/s00122-012-1988-2,,VIVC passport (via Lacombe 2013)
LINDLEY,PARENT 1 IS MOST LIKELY EXTINCT,Migliaro 2019,10.5344/ajev.2019.18054,,VIVC passport (via Migliaro 2019)
LINDLEY,CHASSELAS BLANC,Migliaro 2019,10.5344/ajev.2019.18054,,VIVC passport (via Migliaro 2019)
LINNE,BLACK MOROCCO,Lacombe 2013,10.1007/s00122-012-1988-2,,VIVC passport (via Lacombe 2013)
LINNE,SCHIAVA GROSSA,Lacombe 2013,10.1007/s00122-012-1988-2,,VIVC passport (via Lacombe 2013)
LITTORIO,DORONA DI VENEZIA,Lacombe 2013,10.1007/s00122-012-1988-2,,VIVC passport (via Lacombe 2013)
LITTORIO,VERDEA,Lacombe 2013,10.1007/s00122-012-1988-2,,VIVC passport (via Lacombe 2013)
LIVAL,ALPHONSE LAVALLEE,Lacombe 2013,10.1007/s00122-012-1988-2,,VIVC passport (via Lacombe 2013)
LIVAL,LIGNAN,Lacombe 2013,10.1007/s00122-012-1988-2,,VIVC passport (via Lacombe 2013)
LJUTAC,PLAGVAC MALI,none,10.3390/genes11070737,10.3390/genes11070737,VIVC passport (pedigree confirmed by markers)
LJUTAC,BOMBINO BIANCO,none,10.3390/genes11070737,10.3390/genes11070737,VIVC passport (pedigree confirmed by markers)
LN 33,COUDERC 1613,Migliaro 2019,10.1007/s00122-019-03320-5,10.1007/s00122-019-03320-5,VIVC passport (via Migliaro 2019)
LN 33,SULTANINA,Migliaro 2019,10.1007/s00122-019-03320-5,10.1007/s00122-019-03320-5,VIVC passport (via Migliaro 2019)
LOLA,PALOMINO,none,,,VIVC passport (pedigree confirmed by markers)
LOLA,PEDRO XIMENEZ,none,,,VIVC passport (pedigree confirmed by markers)
LOMBARDIA,ANGELO PIROVANO,Lacombe 2013,10.1007/s00122-012-1988-2,10.1007/s11295-014-0746-9,VIVC passport (via Lacombe 2013)
LOMBARDIA,ITALIA,Lacombe 2013,10.1007/s00122-012-1988-2,10.1007/s11295-014-0746-9,VIVC passport (via Lacombe 2013)
LOUISETTE,RIESLING,Lacombe 2013,10.1007/s00122-012-1988-2,,VIVC passport (via Lacombe 2013)
LOUISETTE,PRECOCE DE MALINGRE,Lacombe 2013,10.1007/s00122-012-1988-2,,VIVC passport (via Lacombe 2013)
LOUREIRO BLANCO,AMARAL = CAINO LONGO,Cunha 2020; Lacombe 2013,10.1007/s00122-012-1988-2,,VIVC passport (via Cunha 2020; Lacombe 2013)
LOUREIRO BLANCO,ESPADEIRO BRANCO = BRANCO ESCOLA,Cunha 2020; Lacombe 2013,10.1007/s00122-012-1988-2,,VIVC passport (via Cunha 2020; Lacombe 2013)
LOURELA,HEBIEN,Cunha 2020,10.3389/fpls.2020.00127,,VIVC passport (via Cunha 2020)
LOURELA,CAINHO DA TERRA,Cunha 2020,10.3389/fpls.2020.00127,,VIVC passport (via Cunha 2020)
LUCIE KUHLMANN,MILLARDET ET GRASSET 101 O.P.,none,,,VIVC passport (pedigree confirmed by markers)
LUCIE KUHLMANN,GOLDRIESLING,none,,,VIVC passport (pedigree confirmed by markers)
LUCIEN BALTET,GAMAY,Lacombe 2013,10.1007/s00122-012-1988-2,,VIVC passport (via Lacombe 2013)
LUCIEN BALTET,MUSCAT D'ALEXANDRIE,Lacombe 2013,10.1007/s00122-012-1988-2,,VIVC passport (via Lacombe 2013)
LUGLIENGA BIANCA,BERMESTIA BIANCA,Lacombe & Emanuelli 2020; Lacombe 2013; Laucou 2018,10.1007/s00122-012-1988-2,10.3390/genes11070737,VIVC passport (via Lacombe & Emanuelli 2020; Lacombe 2013; Laucou 2018)
LUGLIENGA BIANCA,MADELEINE SALOMON = AGOSTENGA BLANC,Lacombe & Emanuelli 2020; Lacombe 2013; Laucou 2018,10.1007/s00122-012-1988-2,10.3390/genes11070737,VIVC passport (via Lacombe & Emanuelli 2020; Lacombe 2013; Laucou 2018)
LUSITANO,CASTELAO,Cunha 2020,10.1016/j.jbiotec.2006.06.006,10.1016/j.jbiotec.2006.06.006,VIVC passport (via Cunha 2020)
LUSITANO,ALICANTE HENRI BOUSCHET,Cunha 2020,10.1016/j.jbiotec.2006.06.006,10.1016/j.jbiotec.2006.06.006,VIVC passport (via Cunha 2020)
MACKENSSEN,KOEVIDINKA,Lacombe 2013,10.1007/s00122-012-1988-2,,VIVC passport (via Lacombe 2013)
MACKENSSEN,MATHIASZ JANOSNE,Lacombe 2013,10.1007/s00122-012-1988-2,,VIVC passport (via Lacombe 2013)
LANKA,DATTIER DE SAINT VALLIER,none,10.3103/S0095452718050031,10.3103/S0095452718050031,VIVC passport (pedigree confirmed by markers)
LANKA,DEKORATIVNII,none,10.3103/S0095452718050031,10.3103/S0095452718050031,VIVC passport (pedigree confirmed by markers)
MADELEINE ANGEVINE,BLANC D'AMBRE,Lacombe 2013,10.1007/s00122-012-1988-2,,VIVC passport (via Lacombe 2013)
MADELEINE ANGEVINE,MADELEINE ROYALE,Lacombe 2013,10.1007/s00122-012-1988-2,,VIVC passport (via Lacombe 2013)
MADELEINE ANGEVINE OBERLIN,MADELEINE ANGEVINE,Lacombe 2013,10.1007/s00122-012-1988-2,,VIVC passport (via Lacombe 2013)
MADELEINE ANGEVINE OBERLIN,BOUQUETTRAUBE,Lacombe 2013,10.1007/s00122-012-1988-2,,VIVC passport (via Lacombe 2013)
MADELEINE CELINE,MADELEINE ANGEVINE,Lacombe 2013,10.1007/s00122-012-1988-2,,VIVC passport (via Lacombe 2013)
MADELEINE CELINE,MALINGRE PRECOCE,Lacombe 2013,10.1007/s00122-012-1988-2,,VIVC passport (via Lacombe 2013)
MADELEINE DE CLERMONT,MADELEINE ANGEVINE,Lacombe & Emanuelli 2020; Lacombe 2013; Laucou 2018,10.1007/s00122-012-1988-2,,VIVC passport (via Lacombe & Emanuelli 2020; Lacombe 2013; Laucou 2018)
MADELEINE DE CLERMONT,CHASSELAS,Lacombe & Emanuelli 2020; Lacombe 2013; Laucou 2018,10.1007/s00122-012-1988-2,,VIVC passport (via Lacombe & Emanuelli 2020; Lacombe 2013; Laucou 2018)
MADELEINE ROYALE,PINOT,Cunha 2020; Lacombe 2013,10.1007/s00122-012-1988-2,,VIVC passport (via Cunha 2020; Lacombe 2013)
MADELEINE ROYALE,FRANKENTHAL N,Cunha 2020; Lacombe 2013,10.1007/s00122-012-1988-2,,VIVC passport (via Cunha 2020; Lacombe 2013)
MAGARACHA RANNII,MADELEINE ANGEVINE,Lacombe 2013,10.1007/s00122-012-1988-2,,VIVC passport (via Lacombe 2013)
MAGARACHA RANNII,KICHMICHE TCHEURNY,Lacombe 2013,10.1007/s00122-012-1988-2,,VIVC passport (via Lacombe 2013)
RUBINOVYI MAGARACHA,CABERNET SAUVIGNON,Lacombe & Emanuelli 2020; Lacombe 2013,10.1007/s00122-012-1988-2,10.3103/S0095452710020040,VIVC passport (via Lacombe & Emanuelli 2020; Lacombe 2013)
RUBINOVYI MAGARACHA,SAPERAVI,Lacombe & Emanuelli 2020; Lacombe 2013,10.1007/s00122-012-1988-2,10.3103/S0095452710020040,VIVC passport (via Lacombe & Emanuelli 2020; Lacombe 2013)
MAGOON,THOMAS,none,10.21273/JASHS.133.4.559,10.21273/JASHS.133.4.559,VIVC passport (pedigree confirmed by markers)
MAGOON,PARENT 2 WAS NOT CONFIRMED,none,10.21273/JASHS.133.4.559,10.21273/JASHS.133.4.559,VIVC passport (pedigree confirmed by markers)
MAI,CHAOUCH BLANC,Lacombe 2013,10.1007/s00122-012-1988-2,,VIVC passport (via Lacombe 2013)
MAI,MADELEINE ANGEVINE OBERLIN,Lacombe 2013,10.1007/s00122-012-1988-2,,VIVC passport (via Lacombe 2013)
MAI 3,BOLGAR,Lacombe & Emanuelli 2020; Lacombe 2013; Laucou 2018,10.1007/s00122-012-1988-2,,VIVC passport (via Lacombe & Emanuelli 2020; Lacombe 2013; Laucou 2018)
MAI 3,PERLE VON CSABA,Lacombe & Emanuelli 2020; Lacombe 2013; Laucou 2018,10.1007/s00122-012-1988-2,,VIVC passport (via Lacombe & Emanuelli 2020; Lacombe 2013; Laucou 2018)
MAI 10,PERLE DE CSABA,Lacombe 2013,10.1007/s00122-012-1988-2,,VIVC passport (via Lacombe 2013)
MAI 10,DATTIER DE BEYROUTH = AFUZ ALI,Lacombe 2013,10.1007/s00122-012-1988-2,,VIVC passport (via Lacombe 2013)
MAINGONNAT 3 L 1,BRUSTIANO FAUX,Lacombe 2013,10.1007/s00122-012-1988-2,,VIVC passport (via Lacombe 2013)
MAINGONNAT 3 L 1,MAYORQUIN,Lacombe 2013,10.1007/s00122-012-1988-2,,VIVC passport (via Lacombe 2013)
MAINGONNAT 7 L 1,BRUSTIANO FAUX,Lacombe 2013,10.1007/s00122-012-1988-2,,VIVC passport (via Lacombe 2013)
MAINGONNAT 7 L 1,MAYORQUIN,Lacombe 2013,10.1007/s00122-012-1988-2,,VIVC passport (via Lacombe 2013)
MAINGONNAT 27 L 1,PLANTA FINA,Lacombe 2013,10.1007/s00122-012-1988-2,,VIVC passport (via Lacombe 2013)
MAINGONNAT 27 L 1,SICILIEN,Lacombe 2013,10.1007/s00122-012-1988-2,,VIVC passport (via Lacombe 2013)
MAINGONNAT 36 L 2,CLAIRETTE,Lacombe 2013,10.1007/s00122-012-1988-2,,VIVC passport (via Lacombe 2013)
MAINGONNAT 36 L 2,BELDI,Lacombe 2013,10.1007/s00122-012-1988-2,,VIVC passport (via Lacombe 2013)
MAINGONNAT 36 L 4,BELDI,Lacombe 2013,10.1007/s00122-012-1988-2,,VIVC passport (via Lacombe 2013)
MAINGONNAT 36 L 4,UGNI BLANC,Lacombe 2013,10.1007/s00122-012-1988-2,,VIVC passport (via Lacombe 2013)
MAKHROVATCHIK,PLECHISTIK,none,10.1134/S2635167622050135,10.1134/S2635167622050135,VIVC passport (pedigree confirmed by markers)
MAKHROVATCHIK,KOKUR BELYI,none,10.1134/S2635167622050135,10.1134/S2635167622050135,VIVC passport (pedigree confirmed by markers)
MALEGUE 44- 53,RIPARIA GRAND GLABRE,Migliaro 2019,10.5344/ajev.2019.18054,,VIVC passport (via Migliaro 2019)
MALEGUE 44- 53,MALEGUE 144,Migliaro 2019,10.5344/ajev.2019.18054,,VIVC passport (via Migliaro 2019)
MALINGRE PRECOCE,BICANE,Lacombe 2013,10.1007/s00122-012-1988-2,,VIVC passport (via Lacombe 2013)
MALINGRE PRECOCE,PINOT,Lacombe 2013,10.1007/s00122-012-1988-2,,VIVC passport (via Lacombe 2013)
MALPE,CAHOURS,Lacombe 2013,10.1007/s00122-012-1988-2,,VIVC passport (via Lacombe 2013)
MALPE,FER,Lacombe 2013,10.1007/s00122-012-1988-2,,VIVC passport (via Lacombe 2013)
MALVAR,HEBIEN,Lacombe & Emanuelli 2020; Lacombe 2013; Laucou 2018,10.1007/s00122-012-1988-2,,VIVC passport (via Lacombe & Emanuelli 2020; Lacombe 2013; Laucou 2018)
MALVAR,TORTOZON,Lacombe & Emanuelli 2020; Lacombe 2013; Laucou 2018,10.1007/s00122-012-1988-2,,VIVC passport (via Lacombe & Emanuelli 2020; Lacombe 2013; Laucou 2018)
MALVASIA NERA DI BASILICATA,MALVASIA BIANCA LUNGA,Lacombe & Emanuelli 2020,10.3389/fpls.2020.605934,,VIVC passport (via Lacombe & Emanuelli 2020)
MALVASIA NERA DI BASILICATA,SOMARELLO NERO,Lacombe & Emanuelli 2020,10.3389/fpls.2020.605934,,VIVC passport (via Lacombe & Emanuelli 2020)
MALVASIA NERA DI BRINDISI,MALVASIA BIANCA LUNGA,Cipriani 2010; Lacombe & Emanuelli 2020; Lacombe 2013,10.1007/s00122-010-1411-9,10.5073/vitis.2008.47.205-212,VIVC passport (via Cipriani 2010; Lacombe & Emanuelli 2020; Lacombe 2013)
MALVASIA NERA DI BRINDISI,NEGRO AMARO,Cipriani 2010; Lacombe & Emanuelli 2020; Lacombe 2013,10.1007/s00122-010-1411-9,10.5073/vitis.2008.47.205-212,VIVC passport (via Cipriani 2010; Lacombe & Emanuelli 2020; Lacombe 2013)
MAMELON,CHAPTAL,Lacombe 2013,10.1007/s00122-012-1988-2,,VIVC passport (via Lacombe 2013)
MAMELON,CHASSELAS,Lacombe 2013,10.1007/s00122-012-1988-2,,VIVC passport (via Lacombe 2013)
MANDL 30,ALDEN,none,,,VIVC passport (pedigree confirmed by markers)
MANDL 30,ROMULUS,none,,,VIVC passport (pedigree confirmed by markers)
GARRO,HEBIEN,Lacombe & Emanuelli 2020; Lacombe 2013; Laucou 2018,10.1007/s00122-012-1988-2,10.1007/s10722-011-9706-5; 10.5073/vitis.2015.54.special-issue.81-86,VIVC passport (via Lacombe & Emanuelli 2020; Lacombe 2013; Laucou 2018)
GARRO,MORRASTEL,Lacombe & Emanuelli 2020; Lacombe 2013; Laucou 2018,10.1007/s00122-012-1988-2,10.1007/s10722-011-9706-5; 10.5073/vitis.2015.54.special-issue.81-86,VIVC passport (via Lacombe & Emanuelli 2020; Lacombe 2013; Laucou 2018)
MANTO NEGRO,CALLET CAS CONCOS,Lacombe 2013,10.1007/s00122-012-1988-2,10.1007/s10722-011-9706-5,VIVC passport (via Lacombe 2013)
MANTO NEGRO,SABATE,Lacombe 2013,10.1007/s00122-012-1988-2,10.1007/s10722-011-9706-5,VIVC passport (via Lacombe 2013)
MANZONI ROSA,SAVAGNIN=TRAMINER,Cipriani 2010; Lacombe & Emanuelli 2020; Lacombe 2013,10.1007/s00122-010-1411-9,,VIVC passport (via Cipriani 2010; Lacombe & Emanuelli 2020; Lacombe 2013)
MANZONI ROSA,UGNI BLANC,Cipriani 2010; Lacombe & Emanuelli 2020; Lacombe 2013,10.1007/s00122-010-1411-9,,VIVC passport (via Cipriani 2010; Lacombe & Emanuelli 2020; Lacombe 2013)
MANZONI 2- 14,CABERNET FRANC,Cipriani 2010,10.1007/s00122-010-1411-9,,VIVC passport (via Cipriani 2010)
MANZONI 2- 14,PROSECCO,Cipriani 2010,10.1007/s00122-010-1411-9,,VIVC passport (via Cipriani 2010)
MANZONI 2- 15,CABERNET FRANC,Cipriani 2010; Lacombe & Emanuelli 2020,10.1007/s00122-010-1411-9,,VIVC passport (via Cipriani 2010; Lacombe & Emanuelli 2020)
MANZONI 2- 15,PROSECCO,Cipriani 2010; Lacombe & Emanuelli 2020,10.1007/s00122-010-1411-9,,VIVC passport (via Cipriani 2010; Lacombe & Emanuelli 2020)
MANZONI BIANCO,RIESLING,Cipriani 2010; Lacombe & Emanuelli 2020,10.1007/s00122-010-1411-9,10.1038/s41598-020-64061-w; 10.20870/oeno-one.2021.55.3.4628; 10.5073/vitis.1998.37.79-82; 10.5344/ajev.2016.16068,VIVC passport (via Cipriani 2010; Lacombe & Emanuelli 2020)
MANZONI BIANCO,PINOT,Cipriani 2010; Lacombe & Emanuelli 2020,10.1007/s00122-010-1411-9,10.1038/s41598-020-64061-w; 10.20870/oeno-one.2021.55.3.4628; 10.5073/vitis.1998.37.79-82; 10.5344/ajev.2016.16068,VIVC passport (via Cipriani 2010; Lacombe & Emanuelli 2020)
MARECHAL BOSQUET,SCHIRAS DR. HOUDBINE,Lacombe 2013,10.1007/s00122-012-1988-2,,VIVC passport (via Lacombe 2013)
MARECHAL BOSQUET,CHASSELAS,Lacombe 2013,10.1007/s00122-012-1988-2,,VIVC passport (via Lacombe 2013)
MARECHAL FOCH,MILLARDET ET GRASSET 101 O.P.,none,,,VIVC passport (pedigree confirmed by markers)
MARECHAL FOCH,GOLDRIESLING,none,,,VIVC passport (pedigree confirmed by markers)
MARECHAL JOFFRE,MILLARDET ET GRASSET 101 O.P.,none,,,VIVC passport (pedigree confirmed by markers)
MARECHAL JOFFRE,GOLDRIESLING,none,,,VIVC passport (pedigree confirmed by markers)
MARIA PIROVANO,ZIBIBBO,Lacombe & Emanuelli 2020; Lacombe 2013,10.1007/s00122-012-1988-2,,VIVC passport (via Lacombe & Emanuelli 2020; Lacombe 2013)
MARIA PIROVANO,SULTANINA BIANCA,Lacombe & Emanuelli 2020; Lacombe 2013,10.1007/s00122-012-1988-2,,VIVC passport (via Lacombe & Emanuelli 2020; Lacombe 2013)
MARIENRIESLING,RIESLING WEISS,none,,,VIVC passport (pedigree confirmed by markers)
MARIENRIESLING,MUSCAT ST. LAURENT,none,,,VIVC passport (pedigree confirmed by markers)
MARIENSTEINER,SILVANER,Lacombe 2013,10.1007/s00122-012-1988-2,,VIVC passport (via Lacombe 2013)
MARIENSTEINER,MUELLER THURGAU,Lacombe 2013,10.1007/s00122-012-1988-2,,VIVC passport (via Lacombe 2013)
MARIO MARIANI,MUSSCAT DE HAMBOURG,Lacombe 2013,10.1007/s00122-012-1988-2,,VIVC passport (via Lacombe 2013)
MARIO MARIANI,PIROVANO 60,Lacombe 2013,10.1007/s00122-012-1988-2,,VIVC passport (via Lacombe 2013)
MARKANT,MUELLER THURGAU,none,,,VIVC passport (pedigree confirmed by markers)
MARKANT,BUKETTREBE,none,,,VIVC passport (pedigree confirmed by markers)
MAROC GROS,BLACK MOROCCO,Lacombe & Emanuelli 2020; Lacombe 2013; Laucou 2018,10.1007/s00122-012-1988-2,,VIVC passport (via Lacombe & Emanuelli 2020; Lacombe 2013; Laucou 2018)
MAROC GROS,FRANKENTHAL = SCHIAVA GROSSA,Lacombe & Emanuelli 2020; Lacombe 2013; Laucou 2018,10.1007/s00122-012-1988-2,,VIVC passport (via Lacombe & Emanuelli 2020; Lacombe 2013; Laucou 2018)
MARTINEZ ZAPORTA 5 A,MG 41 B,Migliaro 2019,10.5344/ajev.2019.18054,,VIVC passport (via Migliaro 2019)
MARTINEZ ZAPORTA 5 A,UNKNOWN,Migliaro 2019,10.5344/ajev.2019.18054,,VIVC passport (via Migliaro 2019)
MATHIASZ JANOSNE,CHASSELAS ROUGE,Lacombe 2013,10.1007/s00122-012-1988-2,10.1007/s11295-014-0746-9,VIVC passport (via Lacombe 2013)
MATHIASZ JANOSNE,MUSCAT OF ALEXANDRIA,Lacombe 2013,10.1007/s00122-012-1988-2,10.1007/s11295-014-0746-9,VIVC passport (via Lacombe 2013)
MATILDE,ITALIA,Cipriani 2010; Lacombe & Emanuelli 2020; Lacombe 2013; Laucou 2018,10.1007/s00122-010-1411-9,10.5073/vitis.2002.41.183-187,VIVC passport (via Cipriani 2010; Lacombe & Emanuelli 2020; Lacombe 2013; Laucou 2018)
MATILDE,CARDINAL,Cipriani 2010; Lacombe & Emanuelli 2020; Lacombe 2013; Laucou 2018,10.1007/s00122-010-1411-9,10.5073/vitis.2002.41.183-187,VIVC passport (via Cipriani 2010; Lacombe & Emanuelli 2020; Lacombe 2013; Laucou 2018)
MATURANA BLANCA,CASTELLANA BLANCA,Lacombe & Emanuelli 2020; Laucou 2018,10.1371/journal.pone.0192540,,VIVC passport (via Lacombe & Emanuelli 2020; Laucou 2018)
MATURANA BLANCA,SAVAGNIN = TRAMINER,Lacombe & Emanuelli 2020; Laucou 2018,10.1371/journal.pone.0192540,,VIVC passport (via Lacombe & Emanuelli 2020; Laucou 2018)
MECHTA,CHAOUCH ROSE,none,10.3103/S0095452718050031,10.3103/S0095452718050031,VIVC passport (pedigree confirmed by markers)
MECHTA,KISHMISH BLACK,none,10.3103/S0095452718050031,10.3103/S0095452718050031,VIVC passport (pedigree confirmed by markers)
MEDINA,SEYVE VILLARD 12286,none,,,VIVC passport (pedigree confirmed by markers)
MEDINA,MEDOC NOIR.,none,,,VIVC passport (pedigree confirmed by markers)
MELBENTO,TAMAREZ,Lacombe 2013,10.1007/s00122-012-1988-2,,VIVC passport (via Lacombe 2013)
MELBENTO,MUSCAT D'ALEXANDRIE,Lacombe 2013,10.1007/s00122-012-1988-2,,VIVC passport (via Lacombe 2013)
MELNIK 82,SIROKA MELNISKA,none,10.1080/13102818.2005.10817291,10.1080/13102818.2005.10817291,VIVC passport (pedigree confirmed by markers)
MELNIK 82,VALDIGUIE,none,10.1080/13102818.2005.10817291,10.1080/13102818.2005.10817291,VIVC passport (pedigree confirmed by markers)
MELNIK YUBILEEN 1300,SIROKA MELNISKA,none,10.1080/13102818.2005.10817291,10.1080/13102818.2005.10817291,VIVC passport (pedigree confirmed by markers)
MELNIK YUBILEEN 1300,SAPERAVI,none,10.1080/13102818.2005.10817291,10.1080/13102818.2005.10817291,VIVC passport (pedigree confirmed by markers)
MELNISHKA RANNA,SHIROKA MELNISHKA,none,10.1080/13102818.2005.10817291,10.1080/13102818.2005.10817291,VIVC passport (pedigree confirmed by markers)
MELNISHKA RANNA,VALDIGUIE,none,10.1080/13102818.2005.10817291,10.1080/13102818.2005.10817291,VIVC passport (pedigree confirmed by markers)
MELNISHKI RUBIN,SHIROKA MELNISHKA,none,10.1080/13102818.2005.10817291,10.1080/13102818.2005.10817291,VIVC passport (pedigree confirmed by markers)
MELNISHKI RUBIN,PARENT 2 WAS NOT CONFIRMED,none,10.1080/13102818.2005.10817291,10.1080/13102818.2005.10817291,VIVC passport (pedigree confirmed by markers)
MELODY,SEYVAL,none,,,VIVC passport (pedigree confirmed by markers)
MELODY,GENEVA WHITE 5,none,,,VIVC passport (pedigree confirmed by markers)
MELON,PINOT,Lacombe 2013,10.1007/s00122-012-1988-2,10.1126/science.285.5433.1562,VIVC passport (via Lacombe 2013)
MENCIA,ALFROCHEIRO,Cunha 2020,10.3389/fpls.2020.00127,10.5073/vitis.2015.54.special-issue.59-65,VIVC passport (via Cunha 2020)
MENCIA,PATORRA,Cunha 2020,10.3389/fpls.2020.00127,10.5073/vitis.2015.54.special-issue.59-65,VIVC passport (via Cunha 2020)
MERBEIN SEEDLESS,SULTANINE,Lacombe & Emanuelli 2020; Laucou 2018,10.1371/journal.pone.0192540,,VIVC passport (via Lacombe & Emanuelli 2020; Laucou 2018)
MERBEIN SEEDLESS,MAYORQUIN,Lacombe & Emanuelli 2020; Laucou 2018,10.1371/journal.pone.0192540,,VIVC passport (via Lacombe & Emanuelli 2020; Laucou 2018)
MERLINOT,PLANT DE CHAUDEFONDS 53,Lacombe 2013,10.1007/s00122-012-1988-2,,VIVC passport (via Lacombe 2013)
MERLINOT,GOUAIS BLANC,Lacombe 2013,10.1007/s00122-012-1988-2,,VIVC passport (via Lacombe 2013)
MERLOT BLANC,MERLOT,Lacombe 2013,10.1007/s00122-012-1988-2,10.1111/j.1755-0238.2008.00041.x,VIVC passport (via Lacombe 2013)
MERLOT BLANC,FOLLE BLANCHE,Lacombe 2013,10.1007/s00122-012-1988-2,10.1111/j.1755-0238.2008.00041.x,VIVC passport (via Lacombe 2013)
MERLOT NOIR,MAGDELEINE NOIRE DES CHARENTES,Lacombe & Emanuelli 2020; Lacombe 2013; Laucou 2018,10.1007/s00122-012-1988-2,10.1111/j.1755-0238.2008.00041.x; 10.3103/S0095452718050031,VIVC passport (via Lacombe & Emanuelli 2020; Lacombe 2013; Laucou 2018)
MERLOT NOIR,CABERNET FRANC,Lacombe & Emanuelli 2020; Lacombe 2013; Laucou 2018,10.1007/s00122-012-1988-2,10.1111/j.1755-0238.2008.00041.x; 10.3103/S0095452718050031,VIVC passport (via Lacombe & Emanuelli 2020; Lacombe 2013; Laucou 2018)
MERSEGUERA,HEBIEN,Lacombe & Emanuelli 2020; Lacombe 2013; Laucou 2018,10.1007/s00122-012-1988-2,,VIVC passport (via Lacombe & Emanuelli 2020; Lacombe 2013; Laucou 2018)
MERSEGUERA,TORTOZON,Lacombe & Emanuelli 2020; Lacombe 2013; Laucou 2018,10.1007/s00122-012-1988-2,,VIVC passport (via Lacombe & Emanuelli 2020; Lacombe 2013; Laucou 2018)
MESKHURI SHAVI,TAVKVERI,none,,,VIVC passport (pedigree confirmed by markers)
MESKHURI SHAVI,PINOT,none,,,VIVC passport (pedigree confirmed by markers)
MESLIER NOIR,GAMAY,Lacombe 2013,10.1007/s00122-012-1988-2,,VIVC passport (via Lacombe 2013)
MESLIER NOIR,PETIT MESLIER,Lacombe 2013,10.1007/s00122-012-1988-2,,VIVC passport (via Lacombe 2013)
MESLIER PETIT,GOUAIS BLANC,none,,,VIVC passport (pedigree confirmed by markers)
MESLIER PETIT,SAVAGNIN = TRAMINER,none,,,VIVC passport (pedigree confirmed by markers)
MESLIER SAINT FRANCOIS,GOUAIS BLANC,Cunha 2020; Lacombe & Emanuelli 2020; Lacombe 2013; Laucou 2018,10.1007/s00122-012-1988-2,,VIVC passport (via Cunha 2020; Lacombe & Emanuelli 2020; Lacombe 2013; Laucou 2018)
MESLIER SAINT FRANCOIS,CHENIN BLANC,Cunha 2020; Lacombe & Emanuelli 2020; Lacombe 2013; Laucou 2018,10.1007/s00122-012-1988-2,,VIVC passport (via Cunha 2020; Lacombe & Emanuelli 2020; Lacombe 2013; Laucou 2018)
MICHELE PALIERI,MOLINERA,Cipriani 2010; Lacombe 2013,10.1007/s00122-010-1411-9,,VIVC passport (via Cipriani 2010; Lacombe 2013)
MICHELE PALIERI,ALPHONSE LAVALLEE,Cipriani 2010; Lacombe 2013,10.1007/s00122-010-1411-9,,VIVC passport (via Cipriani 2010; Lacombe 2013)
MIKSZATH KALMAN,ROSA MENNA DI VACCA,Lacombe 2013,10.1007/s00122-012-1988-2,,VIVC passport (via Lacombe 2013)
MIKSZATH KALMAN,BOUCHEREAU,Lacombe 2013,10.1007/s00122-012-1988-2,,VIVC passport (via Lacombe 2013)
MIKVEH 17,BALOUTI,Lacombe 2013,10.1007/s00122-012-1988-2,,VIVC passport (via Lacombe 2013)
MIKVEH 17,MUSCAT HAMBURG,Lacombe 2013,10.1007/s00122-012-1988-2,,VIVC passport (via Lacombe 2013)
MILGRANET,NEGRET DU TARN,Lacombe 2013,10.1007/s00122-012-1988-2,,VIVC passport (via Lacombe 2013)
MILGRANET,GOUAIS BLANC,Lacombe 2013,10.1007/s00122-012-1988-2,,VIVC passport (via Lacombe 2013)
MILLARDET ET GRASSET 143 B,ARAMON,Migliaro 2019,10.5344/ajev.2019.18054,,VIVC passport (via Migliaro 2019)
MILLARDET ET GRASSET 143 B,PARENT 2 IS MOST LIKELY EXTINCT,Migliaro 2019,10.5344/ajev.2019.18054,,VIVC passport (via Migliaro 2019)
MILLARDET ET GRASSET 202- 4,SOLONIS,Migliaro 2019,10.5344/ajev.2019.18054,,VIVC passport (via Migliaro 2019)
MILLARDET ET GRASSET 202- 4,PARENT 2 IS MOST LIKELY EXTINCT,Migliaro 2019,10.5344/ajev.2019.18054,,VIVC passport (via Migliaro 2019)
MILTON,SCHIRAS DR. HOUDBINE,Lacombe 2013,10.1007/s00122-012-1988-2,,VIVC passport (via Lacombe 2013)
MILTON,CHASSELAS,Lacombe 2013,10.1007/s00122-012-1988-2,,VIVC passport (via Lacombe 2013)
MIREILLE,ITALIA,Lacombe & Emanuelli 2020; Lacombe 2013; Laucou 2018,10.1007/s00122-012-1988-2,10.1007/s11295-014-0746-9,VIVC passport (via Lacombe & Emanuelli 2020; Lacombe 2013; Laucou 2018)
MIREILLE,PERLE VON CSABA,Lacombe & Emanuelli 2020; Lacombe 2013; Laucou 2018,10.1007/s00122-012-1988-2,10.1007/s11295-014-0746-9,VIVC passport (via Lacombe & Emanuelli 2020; Lacombe 2013; Laucou 2018)
MIRNYJ,KATTA-KOURGAN,Lacombe 2013,10.1007/s00122-012-1988-2,,VIVC passport (via Lacombe 2013)
MIRNYJ,POBEDA,Lacombe 2013,10.1007/s00122-012-1988-2,,VIVC passport (via Lacombe 2013)
MISKET DUNAVSKI,CEAUS,none,10.1007/s11295-014-0746-9,10.1007/s11295-014-0746-9,VIVC passport (pedigree confirmed by markers)
MISKET DUNAVSKI,MUSCAT HAMBURG,none,10.1007/s11295-014-0746-9,10.1007/s11295-014-0746-9,VIVC passport (pedigree confirmed by markers)
MOLDOVA,GUZAL KARA,none,10.3103/S0095452718050031,10.3103/S0095452718050031; 10.5073/vitis.2015.54.special-issue.73-76,VIVC passport (pedigree confirmed by markers)
MOLDOVA,S.V. 12-375,none,10.3103/S0095452718050031,10.3103/S0095452718050031; 10.5073/vitis.2015.54.special-issue.73-76,VIVC passport (pedigree confirmed by markers)
MOLETTE,GRINGET,Lacombe 2013,10.1007/s00122-012-1988-2,,VIVC passport (via Lacombe 2013)
MOLETTE,GOUAIS BLANC,Lacombe 2013,10.1007/s00122-012-1988-2,,VIVC passport (via Lacombe 2013)
MONBADON,FOLLE BLANCHE,Lacombe 2013,10.1007/s00122-012-1988-2,,VIVC passport (via Lacombe 2013)
MONBADON,UGNI BLANC,Lacombe 2013,10.1007/s00122-012-1988-2,,VIVC passport (via Lacombe 2013)
MONDEUSE NOIRE,MONDEUSE BLANCHE,Lacombe & Emanuelli 2020; Lacombe 2013; Laucou 2018,10.1007/s00122-012-1988-2,,VIVC passport (via Lacombe & Emanuelli 2020; Lacombe 2013; Laucou 2018)
MONDEUSE NOIRE,TRESSOT,Lacombe & Emanuelli 2020; Lacombe 2013; Laucou 2018,10.1007/s00122-012-1988-2,,VIVC passport (via Lacombe & Emanuelli 2020; Lacombe 2013; Laucou 2018)
MONDRAGON,MOURISCO TINTO = MARUFO,Lacombe & Emanuelli 2020; Laucou 2018,10.1371/journal.pone.0192540,,VIVC passport (via Lacombe & Emanuelli 2020; Laucou 2018)
MONDRAGON,MONASTRELL = MOURVÈDRE,Lacombe & Emanuelli 2020; Laucou 2018,10.1371/journal.pone.0192540,,VIVC passport (via Lacombe & Emanuelli 2020; Laucou 2018)
MONERAC,ARAMON,Lacombe 2013,10.1007/s00122-012-1988-2,,VIVC passport (via Lacombe 2013)
MONERAC,GRENACHE NOIR,Lacombe 2013,10.1007/s00122-012-1988-2,,VIVC passport (via Lacombe 2013)
MONTAGNA,RIESLANER,Lacombe 2013,10.1007/s00122-012-1988-2,,VIVC passport (via Lacombe 2013)
MONTAGNA,MUELLER THURGAU,Lacombe 2013,10.1007/s00122-012-1988-2,,VIVC passport (via Lacombe 2013)
MONTE D'ORO,FRANKENTHAL,Lacombe 2013,10.1007/s00122-012-1988-2,,VIVC passport (via Lacombe 2013)
MONTE D'ORO,PIROVANO 46A,Lacombe 2013,10.1007/s00122-012-1988-2,,VIVC passport (via Lacombe 2013)
MONTERA,PALOMINO,none,,,VIVC passport (pedigree confirmed by markers)
MONTERA,PEDRO XIMENEZ,none,,,VIVC passport (pedigree confirmed by markers)
MONTUONICO,FOGARINA,Lacombe 2013,10.1007/s00122-012-1988-2,,VIVC passport (via Lacombe 2013)
MONTUONICO,ARGANT,Lacombe 2013,10.1007/s00122-012-1988-2,,VIVC passport (via Lacombe 2013)
MORETO,PARDINA = JAEN BLANCO,Cunha 2020; Lacombe 2013; Laucou 2018,10.1007/s00122-012-1988-2,10.5073/vitis.2015.54.special-issue.59-65,VIVC passport (via Cunha 2020; Lacombe 2013; Laucou 2018)
MORETO,ALFROCHEIRO PRETO,Cunha 2020; Lacombe 2013; Laucou 2018,10.1007/s00122-012-1988-2,10.5073/vitis.2015.54.special-issue.59-65,VIVC passport (via Cunha 2020; Lacombe 2013; Laucou 2018)
MORIO MUSKAT,SILVANER GRUEN,Lacombe 2013,10.1007/s00122-012-1988-2,,VIVC passport (via Lacombe 2013)
MORIO MUSKAT,MUSKATELLER GELB,Lacombe 2013,10.1007/s00122-012-1988-2,,VIVC passport (via Lacombe 2013)
MORRASTEL BOUSCHET,CARIGNAN NOIR,Lacombe 2013,10.1007/s00122-012-1988-2,,VIVC passport (via Lacombe 2013)
MORRASTEL BOUSCHET,BOUSCHET PETIT,Lacombe 2013,10.1007/s00122-012-1988-2,,VIVC passport (via Lacombe 2013)
MOSCATEL DE SANTO ILDEFONSO,TAMAREZ,Lacombe 2013,10.1007/s00122-012-1988-2,,VIVC passport (via Lacombe 2013)
MOSCATEL DE SANTO ILDEFONSO,MUSCAT D'ALEXANDRIE,Lacombe 2013,10.1007/s00122-012-1988-2,,VIVC passport (via Lacombe 2013)
MOSCATEL NATIVIDADE,DIAGALVES,Lacombe 2013,10.1007/s00122-012-1988-2,,VIVC passport (via Lacombe 2013)
MOSCATEL NATIVIDADE,MUSCAT OF ALEXANDRIA,Lacombe 2013,10.1007/s00122-012-1988-2,,VIVC passport (via Lacombe 2013)
MOSCATEL NAZARENO,MOSCATEL DE HAMBURGO,none,,,VIVC passport (pedigree confirmed by markers)
MOSCATEL NAZARENO,JOAO SANTAREM,none,,,VIVC passport (pedigree confirmed by markers)
MOSCATEL OEIRAS,DIAGALVES,Lacombe 2013,10.1007/s00122-012-1988-2,,VIVC passport (via Lacombe 2013)
MOSCATEL OEIRAS,MUSCAT OF ALEXANDRIA,Lacombe 2013,10.1007/s00122-012-1988-2,,VIVC passport (via Lacombe 2013)
MOSCATEL SOARES FRANCO,TAMAREZ,Lacombe 2013,10.1007/s00122-012-1988-2,,VIVC passport (via Lacombe 2013)
MOSCATEL SOARES FRANCO,MUSCAT D'ALEXANDRIE,Lacombe 2013,10.1007/s00122-012-1988-2,,VIVC passport (via Lacombe 2013)
MOSCATELLO SELVATICO,BOMBINO BIANCO,Cipriani 2010; Lacombe & Emanuelli 2020; Lacombe 2013,10.1007/s00122-010-1411-9,,VIVC passport (via Cipriani 2010; Lacombe & Emanuelli 2020; Lacombe 2013)
MOSCATELLO SELVATICO,MUSCAT OF ALEXANDRIA,Cipriani 2010; Lacombe & Emanuelli 2020; Lacombe 2013,10.1007/s00122-010-1411-9,,VIVC passport (via Cipriani 2010; Lacombe & Emanuelli 2020; Lacombe 2013)
MOSCATO CERLETTI,PARENT 1 WAS NOT CONFIRMED,none,10.20870/oeno-one.2021.55.3.4605,10.20870/oeno-one.2021.55.3.4605,VIVC passport (pedigree confirmed by markers)
MOSCATO CERLETTI,MUSCAT OF ALEXANDRIA,none,10.20870/oeno-one.2021.55.3.4605,10.20870/oeno-one.2021.55.3.4605,VIVC passport (pedigree confirmed by markers)
MOSCATO D'ADDA,PARENT 1 WAS NOT CONFIRMED,Laucou 2018,10.1371/journal.pone.0192540,,VIVC passport (via Laucou 2018)
MOSCATO D'ADDA,MUSCAT OF ALEXANDRIA,Laucou 2018,10.1371/journal.pone.0192540,,VIVC passport (via Laucou 2018)
MOSTOSA,RAGUSANO,Cipriani 2010,10.1007/s00122-010-1411-9,,VIVC passport (via Cipriani 2010)
MOSTOSA,UVA FEMMINA,Cipriani 2010,10.1007/s00122-010-1411-9,,VIVC passport (via Cipriani 2010)
MOURATON,CAYETANA BLANCA,Cunha 2020; Lacombe & Emanuelli 2020; Laucou 2018,10.1371/journal.pone.0192540,10.5073/vitis.2015.54.special-issue.59-65; 10.5344/ajev.2011.11052,VIVC passport (via Cunha 2020; Lacombe & Emanuelli 2020; Laucou 2018)
MOURATON,ALFROCHEIRO PRETO,Cunha 2020; Lacombe & Emanuelli 2020; Laucou 2018,10.1371/journal.pone.0192540,10.5073/vitis.2015.54.special-issue.59-65; 10.5344/ajev.2011.11052,VIVC passport (via Cunha 2020; Lacombe & Emanuelli 2020; Laucou 2018)
MOURVAISON,POUGAYEN,Lacombe 2013,10.1007/s00122-012-1988-2,,VIVC passport (via Lacombe 2013)
MOURVAISON,AUBUN,Lacombe 2013,10.1007/s00122-012-1988-2,,VIVC passport (via Lacombe 2013)
MURVEDR GULE,MOURVEDRE,Lacombe & Emanuelli 2020; Lacombe 2013; Laucou 2018,10.1007/s00122-012-1988-2,,VIVC passport (via Lacombe & Emanuelli 2020; Lacombe 2013; Laucou 2018)
MURVEDR GULE,PARENT 2 WAS NOT CONFIRMED,Lacombe & Emanuelli 2020; Lacombe 2013; Laucou 2018,10.1007/s00122-012-1988-2,,VIVC passport (via Lacombe & Emanuelli 2020; Lacombe 2013; Laucou 2018)
MRS. PEARSON,BLACK ALICANTE,none,,,VIVC passport (pedigree confirmed by markers)
MRS. PEARSON,MUSCAT OF ALEXANDRIA,none,,,VIVC passport (pedigree confirmed by markers)
MUELLER THURGAU WEISS,RIESLING,Lacombe 2013,10.1007/s00122-012-1988-2,,VIVC passport (via Lacombe 2013)
MUELLER THURGAU WEISS,MADELEINE ROYALE,Lacombe 2013,10.1007/s00122-012-1988-2,,VIVC passport (via Lacombe 2013)
MULATA,JOAO SANTAREM,Cunha 2020; Lacombe 2013,10.1007/s00122-012-1988-2,,VIVC passport (via Cunha 2020; Lacombe 2013)
MULATA,ALICANTE HENRI BOUSCHET,Cunha 2020; Lacombe 2013,10.1007/s00122-012-1988-2,,VIVC passport (via Cunha 2020; Lacombe 2013)
MULTANER,RIESLING WEISS,none,,,VIVC passport (pedigree confirmed by markers)
MULTANER,SILVANER GRUEN,none,,,VIVC passport (pedigree confirmed by markers)
MUNKATSY JOZSEF,DIAMANTTRAUBE,Lacombe 2013,10.1007/s00122-012-1988-2,,VIVC passport (via Lacombe 2013)
MUNKATSY JOZSEF,MUSCAT OF ALEXANDRIA,Lacombe 2013,10.1007/s00122-012-1988-2,,VIVC passport (via Lacombe 2013)
MUSC DELECTA,VILLARD BLANC,none,,,VIVC passport (pedigree confirmed by markers)
MUSC DELECTA,MUSCAT HAMBURG,none,,,VIVC passport (pedigree confirmed by markers)
MUSCABONA,SIEGERREBE,none,,,VIVC passport (pedigree confirmed by markers)
MUSCABONA,MUELLER THURGAU,none,,,VIVC passport (pedigree confirmed by markers)
MUSCADOULE,VILLARD BLANC,none,,,VIVC passport (pedigree confirmed by markers)
MUSCADOULE,MUSCAT HAMBURG,none,,,VIVC passport (pedigree confirmed by markers)
MUSCAT BAILEY A,BAILEY,none,,,VIVC passport (pedigree confirmed by markers)
MUSCAT BAILEY A,MUSCAT HAMBURG,none,,,VIVC passport (pedigree confirmed by markers)
MUSCAT BIFERE,BICANE,Lacombe 2013,10.1007/s00122-012-1988-2,,VIVC passport (via Lacombe 2013)
MUSCAT BIFERE,MUSCAT A PETITS GRAINS,Lacombe 2013,10.1007/s00122-012-1988-2,,VIVC passport (via Lacombe 2013)
MUSCAT BOUSCHET,MUSCAT FLEUR D'ORANGER,Lacombe 2013,10.1007/s00122-012-1988-2,,VIVC passport (via Lacombe 2013)
MUSCAT BOUSCHET,BOUSCHET PETIT,Lacombe 2013,10.1007/s00122-012-1988-2,,VIVC passport (via Lacombe 2013)
KAISERMUSKAT,RIESLING,Lacombe 2013,10.1007/s00122-012-1988-2,,VIVC passport (via Lacombe 2013)
KAISERMUSKAT,MUSCAT SAINT LAURENT,Lacombe 2013,10.1007/s00122-012-1988-2,,VIVC passport (via Lacombe 2013)
MUSCAT DE ST. CHRISTOL,VILLARD BLANC,none,,,VIVC passport (pedigree confirmed by markers)
MUSCAT DE ST. CHRISTOL,KOENIGIN DER WEINGAERTEN,none,,,VIVC passport (pedigree confirmed by markers)
MUSCAT DE ST. VALLIER BLANC,SEYVE VILLARD 12- 129,none,,,VIVC passport (pedigree confirmed by markers)
MUSCAT DE ST. VALLIER BLANC,MUSCAT HAMBURG,none,,,VIVC passport (pedigree confirmed by markers)
MISKET VARNENSKI,DIMYAT,none,,,VIVC passport (pedigree confirmed by markers)
MISKET VARNENSKI,SAVAGNIN BLANC,none,,,VIVC passport (pedigree confirmed by markers)
MUSCAT FLEUR D'ORANGER,MUSCAT A PETITS GRAINS,none,10.5073/vitis.2001.40.23-30,10.5073/vitis.2001.40.23-30,VIVC passport (pedigree confirmed by markers)
MUSCAT FLEUR D'ORANGER,CHASSELAS BLANC,none,10.5073/vitis.2001.40.23-30,10.5073/vitis.2001.40.23-30,VIVC passport (pedigree confirmed by markers)
MUSCAT GRIS DE LA CALMETTE,CHASSELAS,Lacombe 2013,10.1007/s00122-012-1988-2,,VIVC passport (via Lacombe 2013)
MUSCAT GRIS DE LA CALMETTE,MUSCAT D'EISENSTADT,Lacombe 2013,10.1007/s00122-012-1988-2,,VIVC passport (via Lacombe 2013)
MUSCAT HAMBURG,SCHIAVA GROSSA,Lacombe & Emanuelli 2020; Lacombe 2013,10.1007/s00122-012-1988-2,10.1007/s00122-019-03320-5; 10.1007/s11295-014-0746-9; 10.3103/S0095452718050031; 10.3390/plants10122696; 10.5073/vitis.2003.42.193-197,VIVC passport (via Lacombe & Emanuelli 2020; Lacombe 2013)
MUSCAT HAMBURG,MUSCAT OF ALEXANDRIA,Lacombe & Emanuelli 2020; Lacombe 2013,10.1007/s00122-012-1988-2,10.1007/s00122-019-03320-5; 10.1007/s11295-014-0746-9; 10.3103/S0095452718050031; 10.3390/plants10122696; 10.5073/vitis.2003.42.193-197,VIVC passport (via Lacombe & Emanuelli 2020; Lacombe 2013)
MUSCAT LASERELLE,CHASSELAS,Lacombe 2013,10.1007/s00122-012-1988-2,,VIVC passport (via Lacombe 2013)
MUSCAT LASERELLE,SCHIAVA GROSSA,Lacombe 2013,10.1007/s00122-012-1988-2,,VIVC passport (via Lacombe 2013)
MUSCAT LIERVAL,CHASSELAS,Lacombe 2013,10.1007/s00122-012-1988-2,,VIVC passport (via Lacombe 2013)
MUSCAT LIERVAL,MUSCAT D'EISENSTADT,Lacombe 2013,10.1007/s00122-012-1988-2,,VIVC passport (via Lacombe 2013)
MUSCAT MADRESFIELD COURT,BLACK MOROCCO,Lacombe 2013,10.1007/s00122-012-1988-2,,VIVC passport (via Lacombe 2013)
MUSCAT MADRESFIELD COURT,MUSCAT OF ALEXANDRIA,Lacombe 2013,10.1007/s00122-012-1988-2,,VIVC passport (via Lacombe 2013)
MUSCAT MIKVEH,VERICO,Lacombe 2013,10.1007/s00122-012-1988-2,,VIVC passport (via Lacombe 2013)
MUSCAT MIKVEH,MUSCAT FLEUR D'ORANGER,Lacombe 2013,10.1007/s00122-012-1988-2,,VIVC passport (via Lacombe 2013)
MUSCAT OF ALEXANDRIA,HEPTAKILO,Cipriani 2010; Lacombe & Emanuelli 2020; Lacombe 2013; Laucou 2018,10.1007/s00122-010-1411-9,10.1007/s11295-014-0746-9; 10.1038/s41598-020-72799-6; 10.1038/s41598-024-62774-w; 10.5344/ajev.2016.16068,VIVC passport (via Cipriani 2010; Lacombe & Emanuelli 2020; Lacombe 2013; Laucou 2018)
MUSCAT OF ALEXANDRIA,MUSCAT A PETITS GRAINS,Cipriani 2010; Lacombe & Emanuelli 2020; Lacombe 2013; Laucou 2018,10.1007/s00122-010-1411-9,10.1007/s11295-014-0746-9; 10.1038/s41598-020-72799-6; 10.1038/s41598-024-62774-w; 10.5344/ajev.2016.16068,VIVC passport (via Cipriani 2010; Lacombe & Emanuelli 2020; Lacombe 2013; Laucou 2018)
MUSCAT OTTONEL,MUSCAT D'EISENSTADT,Lacombe & Emanuelli 2020; Lacombe 2013; Laucou 2018,10.1007/s00122-012-1988-2,10.20870/oeno-one.2021.55.4.4815,VIVC passport (via Lacombe & Emanuelli 2020; Lacombe 2013; Laucou 2018)
MUSCAT OTTONEL,CHASSELAS,Lacombe & Emanuelli 2020; Lacombe 2013; Laucou 2018,10.1007/s00122-012-1988-2,10.20870/oeno-one.2021.55.4.4815,VIVC passport (via Lacombe & Emanuelli 2020; Lacombe 2013; Laucou 2018)
MUSCAT PRECOCE DE SAUMUR,PINOT,Lacombe 2013,10.1007/s00122-012-1988-2,,VIVC passport (via Lacombe 2013)
MUSCAT PRECOCE DE SAUMUR,MUSCAT A PETITS GRAINS,Lacombe 2013,10.1007/s00122-012-1988-2,,VIVC passport (via Lacombe 2013)
MUSCAT ROUGE DE MADERE,MUSCAT A PETITS GRAINS BLANCS,Lacombe & Emanuelli 2020; Lacombe 2013,10.1007/s00122-012-1988-2,10.1038/s41598-020-72799-6; 10.20870/oeno-one.2021.55.3.4628; 10.21273/JASHS.132.4.514; 10.3390/genes11070737,VIVC passport (via Lacombe & Emanuelli 2020; Lacombe 2013)
MUSCAT ROUGE DE MADERE,MAMMOLO,Lacombe & Emanuelli 2020; Lacombe 2013,10.1007/s00122-012-1988-2,10.1038/s41598-020-72799-6; 10.20870/oeno-one.2021.55.3.4628; 10.21273/JASHS.132.4.514; 10.3390/genes11070737,VIVC passport (via Lacombe & Emanuelli 2020; Lacombe 2013)
MUSCAT SEEDLESS,MUSCAT OF ALEXANDRIA,Lacombe 2013,10.1007/s00122-012-1988-2,10.21548/39-1-2053,VIVC passport (via Lacombe 2013)
MUSCAT SEEDLESS,PERLETTE,Lacombe 2013,10.1007/s00122-012-1988-2,10.21548/39-1-2053,VIVC passport (via Lacombe 2013)
MUSCAT ST. LAURENT,CHASSELAS,Lacombe 2013,10.1007/s00122-012-1988-2,,VIVC passport (via Lacombe 2013)
MUSCAT ST. LAURENT,MUSCAT D'EISENSTADT,Lacombe 2013,10.1007/s00122-012-1988-2,,VIVC passport (via Lacombe 2013)
MUSHKETNYI,BEKALNY,Lacombe 2013; Margaryan 2021,10.1007/s00122-012-1988-2,,VIVC passport (via Lacombe 2013; Margaryan 2021)
MUSHKETNYI,PLAVAI,Lacombe 2013; Margaryan 2021,10.1007/s00122-012-1988-2,,VIVC passport (via Lacombe 2013; Margaryan 2021)
MUSKAT DESERTNYI,MADELEINE ANGEVINE,Margaryan 2021,10.3390/biology10121279,,VIVC passport (via Margaryan 2021)
MUSKAT DESERTNYI,MUSCAT OF ALEXANDRIA,Margaryan 2021,10.3390/biology10121279,,VIVC passport (via Margaryan 2021)
MUSKAT DONSKOI,SEVERNYI,none,,,VIVC passport (pedigree confirmed by markers)
MUSKAT DONSKOI,MUSCAT A PETITS GRAINS BLANCS,none,,,VIVC passport (pedigree confirmed by markers)
MISKET RUSENSKI,MUSCAT HAMBURG,Lacombe & Emanuelli 2020; Lacombe 2013,10.1007/s00122-012-1988-2,10.3390/plants10122696,VIVC passport (via Lacombe & Emanuelli 2020; Lacombe 2013)
MISKET RUSENSKI,CARDINAL,Lacombe & Emanuelli 2020; Lacombe 2013,10.1007/s00122-012-1988-2,10.3390/plants10122696,VIVC passport (via Lacombe & Emanuelli 2020; Lacombe 2013)
MUSKAT SUSANNA,MADELEINE ANGEVINE,Lacombe 2013,10.1007/s00122-012-1988-2,,VIVC passport (via Lacombe 2013)
MUSKAT SUSANNA,MUSCAT A PETITS GRAINS,Lacombe 2013,10.1007/s00122-012-1988-2,,VIVC passport (via Lacombe 2013)
MISKET TRAKIJSKI,DIMYAT,Lacombe 2013,10.1007/s00122-012-1988-2,,VIVC passport (via Lacombe 2013)
MISKET TRAKIJSKI,PERLE VON CSABA,Lacombe 2013,10.1007/s00122-012-1988-2,,VIVC passport (via Lacombe 2013)
MUSKAT USBEKISTANSKII,KATTA KURGAN,Lacombe & Emanuelli 2020; Lacombe 2013; Margaryan 2021,10.1007/s00122-012-1988-2,,VIVC passport (via Lacombe & Emanuelli 2020; Lacombe 2013; Margaryan 2021)
MUSKAT USBEKISTANSKII,MUSCAT OF ALEXANDRIA,Lacombe & Emanuelli 2020; Lacombe 2013; Margaryan 2021,10.1007/s00122-012-1988-2,,VIVC passport (via Lacombe & Emanuelli 2020; Lacombe 2013; Margaryan 2021)
MUSKAT VIRA,MUSCAT A PETITS GRAINS,Lacombe 2013,10.1007/s00122-012-1988-2,,VIVC passport (via Lacombe 2013)
MUSKAT VIRA,MUSCAT DE HAMBOURG,Lacombe 2013,10.1007/s00122-012-1988-2,,VIVC passport (via Lacombe 2013)
MUSKATBLUME,RIESLING,Lacombe 2013,10.1007/s00122-012-1988-2,,VIVC passport (via Lacombe 2013)
MUSKATBLUME,MUSCAT ST. LAURENT,Lacombe 2013,10.1007/s00122-012-1988-2,,VIVC passport (via Lacombe 2013)
MUSKATRIESLING,RIESLING,Lacombe 2013,10.1007/s00122-012-1988-2,,VIVC passport (via Lacombe 2013)
MUSKATRIESLING,MUSCAT ST. LAURENT,Lacombe 2013,10.1007/s00122-012-1988-2,,VIVC passport (via Lacombe 2013)
NAGRADA,SALEM,none,,,VIVC passport (pedigree confirmed by markers)
NAGRADA,ARAKSENI BELYI,none,,,VIVC passport (pedigree confirmed by markers)
NAGSHABI,SHAANI BELYI,none,,,VIVC passport (pedigree confirmed by markers)
NAGSHABI,BAYAN SHIREI,none,,,VIVC passport (pedigree confirmed by markers)
NARINCE,KALECIK SIYAHI,Lacombe 2013,10.1007/s00122-012-1988-2,,VIVC passport (via Lacombe 2013)
NARINCE,DIMRIT,Lacombe 2013,10.1007/s00122-012-1988-2,,VIVC passport (via Lacombe 2013)
NAUMBURG 5004- 51,KOBER 125 AA,none,,,VIVC passport (pedigree confirmed by markers)
NAUMBURG 5004- 51,CINEREA ARNOLD,none,,,VIVC passport (pedigree confirmed by markers)
RICI,GEISENHEIM 183,none,,,VIVC passport (pedigree confirmed by markers)
RICI,CINEREA ARNOLD,none,,,VIVC passport (pedigree confirmed by markers)
NAVA,DABOUKI,Lacombe 2013,10.1007/s00122-012-1988-2,,VIVC passport (via Lacombe 2013)
NAVA,ALPHONSE LAVALLEE,Lacombe 2013,10.1007/s00122-012-1988-2,,VIVC passport (via Lacombe 2013)
NEBBIERA,CHATUS,Lacombe & Emanuelli 2020,10.1016/j.scienta.2017.02.044,10.1016/j.scienta.2017.02.044,VIVC passport (via Lacombe & Emanuelli 2020)
NEBBIERA,BARBERA,Lacombe & Emanuelli 2020,10.1016/j.scienta.2017.02.044,10.1016/j.scienta.2017.02.044,VIVC passport (via Lacombe & Emanuelli 2020)
NEGOTINSKI RUBIN,MUSCAT HAMBURG,none,,,VIVC passport (pedigree confirmed by markers)
NEGOTINSKI RUBIN,AFUS ALI,none,,,VIVC passport (pedigree confirmed by markers)
NEGRAL,FER,Lacombe 2013,10.1007/s00122-012-1988-2,,VIVC passport (via Lacombe 2013)
NEGRAL,PRUNELARD,Lacombe 2013,10.1007/s00122-012-1988-2,,VIVC passport (via Lacombe 2013)
NERELLO MASCALESE,SANGIOVESE,Cipriani 2010; Lacombe & Emanuelli 2020,10.1007/s00122-010-1411-9,10.1007/s12033-012-9600-1; 10.5344/ajev.2016.16068,VIVC passport (via Cipriani 2010; Lacombe & Emanuelli 2020)
NERELLO MASCALESE,MANTONICO BIANCO,Cipriani 2010; Lacombe & Emanuelli 2020,10.1007/s00122-010-1411-9,10.1007/s12033-012-9600-1; 10.5344/ajev.2016.16068,VIVC passport (via Cipriani 2010; Lacombe & Emanuelli 2020)
NERKARAT,SEYANETS S 1262,Margaryan 2021,10.3390/biology10121279,,VIVC passport (via Margaryan 2021)
NERKARAT,KARMRAHYUT,Margaryan 2021,10.3390/biology10121279,,VIVC passport (via Margaryan 2021)
NERON,MILLARDET ET GRASSET 101 O.P.,none,,,VIVC passport (pedigree confirmed by markers)
NERON,KNIPPERLE,none,,,VIVC passport (pedigree confirmed by markers)
NETTER,DABOUKI,Lacombe 2013,10.1007/s00122-012-1988-2,,VIVC passport (via Lacombe 2013)
NETTER,MUSCAT HAMBURG,Lacombe 2013,10.1007/s00122-012-1988-2,,VIVC passport (via Lacombe 2013)
NEUBURGER,VELTLINER ROT,Lacombe 2013,10.1007/s00122-012-1988-2,10.5073/vitis.1997.36.179-183,VIVC passport (via Lacombe 2013)
NEUBURGER,SILVANER,Lacombe 2013,10.1007/s00122-012-1988-2,10.5073/vitis.1997.36.179-183,VIVC passport (via Lacombe 2013)
NEW YORK MUSCAT,MUSCAT HAMBURG,none,,,VIVC passport (pedigree confirmed by markers)
NEW YORK MUSCAT,ONTARIO,none,,,VIVC passport (pedigree confirmed by markers)
NEZHNYI,COARNA NEAGRA,none,,,VIVC passport (pedigree confirmed by markers)
NEZHNYI,DATTIER DE ST. VALLIER,none,,,VIVC passport (pedigree confirmed by markers)
NIGRA,MERLOT,Cipriani 2010,10.1007/s00122-010-1411-9,,VIVC passport (via Cipriani 2010)
NIGRA,BARBERA 96,Cipriani 2010,10.1007/s00122-010-1411-9,,VIVC passport (via Cipriani 2010)
NINCUSA,PLAVAC MALI,Lacombe 2013,10.1007/s00122-012-1988-2,10.3390/genes11070737,VIVC passport (via Lacombe 2013)
NINCUSA,BOMBINO BIANCO,Lacombe 2013,10.1007/s00122-012-1988-2,10.3390/genes11070737,VIVC passport (via Lacombe 2013)
NOBLING,SILVANER,Lacombe 2013,10.1007/s00122-012-1988-2,,VIVC passport (via Lacombe 2013)
NOBLING,CHASSELAS,Lacombe 2013,10.1007/s00122-012-1988-2,,VIVC passport (via Lacombe 2013)
NOIR GLADY,MUSCAT ROUGE DE MADERE = MOSCATO VIOLETTO,Lacombe 2013,10.1007/s00122-012-1988-2,,VIVC passport (via Lacombe 2013)
NOIR GLADY,PINOT,Lacombe 2013,10.1007/s00122-012-1988-2,,VIVC passport (via Lacombe 2013)
NOIR HATIF DE MARSEILLE,MUSCAT ROUGE DE MADERE,none,10.3390/genes11070737,10.3390/genes11070737,VIVC passport (pedigree confirmed by markers)
NOIR HATIF DE MARSEILLE,PINOT,none,10.3390/genes11070737,10.3390/genes11070737,VIVC passport (pedigree confirmed by markers)
NOTARDOMENICO,SUSUMANIELLO,Lacombe & Emanuelli 2020; Lacombe 2013,10.1007/s00122-012-1988-2,,VIVC passport (via Lacombe & Emanuelli 2020; Lacombe 2013)
NOTARDOMENICO,NERELLO CAPPUCCIO FAUX,Lacombe & Emanuelli 2020; Lacombe 2013,10.1007/s00122-012-1988-2,,VIVC passport (via Lacombe & Emanuelli 2020; Lacombe 2013)
ODESSKII CHERNYI,ALICANTE HENRI BOUSCHET,Lacombe 2013,10.1007/s00122-012-1988-2,10.3103/S0095452718050031,VIVC passport (via Lacombe 2013)
ODESSKII CHERNYI,CABERNET SAUVIGNON,Lacombe 2013,10.1007/s00122-012-1988-2,10.3103/S0095452718050031,VIVC passport (via Lacombe 2013)
ODJU BATAK,MUSCATE,Lacombe 2013,10.1007/s00122-012-1988-2,,VIVC passport (via Lacombe 2013)
ODJU BATAK,BEYLERCE,Lacombe 2013,10.1007/s00122-012-1988-2,,VIVC passport (via Lacombe 2013)
ODOLA,BAROQUE,Lacombe 2013,10.1007/s00122-012-1988-2,,VIVC passport (via Lacombe 2013)
ODOLA,MALBEC,Lacombe 2013,10.1007/s00122-012-1988-2,,VIVC passport (via Lacombe 2013)
OEROEKKE PIROS,AIN EL BOUMA,Lacombe 2013,10.1007/s00122-012-1988-2,,VIVC passport (via Lacombe 2013)
OEROEKKE PIROS,MATHIASZ JANOSNE,Lacombe 2013,10.1007/s00122-012-1988-2,,VIVC passport (via Lacombe 2013)
OETFUERTUE,HARSLEVELUE,Lacombe 2013,10.1007/s00122-012-1988-2,,VIVC passport (via Lacombe 2013)
OETFUERTUE,MATHIASZ JANOSNE,Lacombe 2013,10.1007/s00122-012-1988-2,,VIVC passport (via Lacombe 2013)
OKATAC,VUGAVA,Lacombe 2013,10.1007/s00122-012-1988-2,10.3390/genes11070737,VIVC passport (via Lacombe 2013)
OKATAC,PLAVAC MALI,Lacombe 2013,10.1007/s00122-012-1988-2,10.3390/genes11070737,VIVC passport (via Lacombe 2013)
OKTYABRSKII,ANGOOR KALAN,Lacombe 2013,10.1007/s00122-012-1988-2,,VIVC passport (via Lacombe 2013)
OKTYABRSKII,GLACIERE,Lacombe 2013,10.1007/s00122-012-1988-2,,VIVC passport (via Lacombe 2013)
OLASZ KORAI,DIAMANTTRAUBE,Lacombe 2013,10.1007/s00122-012-1988-2,,VIVC passport (via Lacombe 2013)
OLASZ KORAI,PINOT,Lacombe 2013,10.1007/s00122-012-1988-2,,VIVC passport (via Lacombe 2013)
OLIVETTE BARTHELET,OLIVETTE BLANCHE,Lacombe 2013,10.1007/s00122-012-1988-2,,VIVC passport (via Lacombe 2013)
OLIVETTE BARTHELET,BEBA,Lacombe 2013,10.1007/s00122-012-1988-2,,VIVC passport (via Lacombe 2013)
OLKHOVSKII,COARNA ALBA,none,10.1134/S2635167622050135,10.1134/S2635167622050135,VIVC passport (pedigree confirmed by markers)
OLKHOVSKII,BULANYI,none,10.1134/S2635167622050135,10.1134/S2635167622050135,VIVC passport (pedigree confirmed by markers)
ONCHETTE,GOUAIS BLANC,Lacombe 2013,10.1007/s00122-012-1988-2,,VIVC passport (via Lacombe 2013)
ONCHETTE,CHATUS,Lacombe 2013,10.1007/s00122-012-1988-2,,VIVC passport (via Lacombe 2013)
ONTARIO,WINCHELL,none,,,VIVC passport (pedigree confirmed by markers)
ONTARIO,DIAMOND,none,,,VIVC passport (pedigree confirmed by markers)
OPSIMOS EDESSIS,ROSA MENNA DI VACCA,Lacombe & Emanuelli 2020; Lacombe 2013; Laucou 2018,10.1007/s00122-012-1988-2,10.1186/s12870-018-1576-y,VIVC passport (via Lacombe & Emanuelli 2020; Lacombe 2013; Laucou 2018)
OPSIMOS EDESSIS,FERRAL = PRUNESTA ROSSO VIOLACEA,Lacombe & Emanuelli 2020; Lacombe 2013; Laucou 2018,10.1007/s00122-012-1988-2,10.1186/s12870-018-1576-y,VIVC passport (via Lacombe & Emanuelli 2020; Lacombe 2013; Laucou 2018)
ORANIENSTEINER,RIESLING,none,,,VIVC passport (pedigree confirmed by markers)
ORANIENSTEINER,SILVANER,none,,,VIVC passport (pedigree confirmed by markers)
ORG TOKOS,MUSCAT ROUGE DE MADERE = MOSCATO VIOLETTO,Lacombe 2013,10.1007/s00122-012-1988-2,,VIVC passport (via Lacombe 2013)
ORG TOKOS,PRECOCE DE MALINGRE,Lacombe 2013,10.1007/s00122-012-1988-2,,VIVC passport (via Lacombe 2013)
ORLOVI NOKTI BELI,ROSA MENNA DIVACCA,Lacombe & Emanuelli 2020; Lacombe 2013; Laucou 2018,10.1007/s00122-012-1988-2,,VIVC passport (via Lacombe & Emanuelli 2020; Lacombe 2013; Laucou 2018)
ORLOVI NOKTI BELI,TETA DE VACA,Lacombe & Emanuelli 2020; Lacombe 2013; Laucou 2018,10.1007/s00122-012-1988-2,,VIVC passport (via Lacombe & Emanuelli 2020; Lacombe 2013; Laucou 2018)
ORTEGA,MUELLER THURGAU,Lacombe & Emanuelli 2020; Lacombe 2013; Laucou 2018,10.1007/s00122-012-1988-2,,VIVC passport (via Lacombe & Emanuelli 2020; Lacombe 2013; Laucou 2018)
ORTEGA,SIEGERREBE,Lacombe & Emanuelli 2020; Lacombe 2013; Laucou 2018,10.1007/s00122-012-1988-2,,VIVC passport (via Lacombe & Emanuelli 2020; Lacombe 2013; Laucou 2018)
OSENNII CHERNYI,KOZ OUZIOUM,Lacombe 2013,10.1007/s00122-012-1988-2,,VIVC passport (via Lacombe 2013)
OSENNII CHERNYI,ASSYL KARA,Lacombe 2013,10.1007/s00122-012-1988-2,,VIVC passport (via Lacombe 2013)
OSIRIS,RIESLING,none,,,VIVC passport (pedigree confirmed by markers)
OSIRIS,MUELLER THURGAU,none,,,VIVC passport (pedigree confirmed by markers)
OSTEINER,RIESLING,Lacombe & Emanuelli 2020; Lacombe 2013; Laucou 2018,10.1007/s00122-012-1988-2,,VIVC passport (via Lacombe & Emanuelli 2020; Lacombe 2013; Laucou 2018)
OSTEINER,SILVANER,Lacombe & Emanuelli 2020; Lacombe 2013; Laucou 2018,10.1007/s00122-012-1988-2,,VIVC passport (via Lacombe & Emanuelli 2020; Lacombe 2013; Laucou 2018)
OVIDIOPOLSKII,SEVERNII,none,10.3103/S0095452718050031,10.3103/S0095452718050031,VIVC passport (pedigree confirmed by markers)
OVIDIOPOLSKII,ODESKII STIIKII,none,10.3103/S0095452718050031,10.3103/S0095452718050031,VIVC passport (pedigree confirmed by markers)
OZANA,PERLE DE CSABA,Lacombe 2013,10.1007/s00122-012-1988-2,,VIVC passport (via Lacombe 2013)
OZANA,AFUZ ALI,Lacombe 2013,10.1007/s00122-012-1988-2,,VIVC passport (via Lacombe 2013)
DOURADINHA,AMARAL,Cunha 2020; Lacombe & Emanuelli 2020; Lacombe 2013; Laucou 2018,10.1007/s00122-012-1988-2,10.5073/vitis.2015.54.special-issue.59-65,VIVC passport (via Cunha 2020; Lacombe & Emanuelli 2020; Lacombe 2013; Laucou 2018)
DOURADINHA,ALFROCHEIRO PRETO,Cunha 2020; Lacombe & Emanuelli 2020; Lacombe 2013; Laucou 2018,10.1007/s00122-012-1988-2,10.5073/vitis.2015.54.special-issue.59-65,VIVC passport (via Cunha 2020; Lacombe & Emanuelli 2020; Lacombe 2013; Laucou 2018)
PALAVA,SAVAGNIN BLANC,Lacombe 2013,10.1007/s00122-012-1988-2,,VIVC passport (via Lacombe 2013)
PALAVA,MUELLER THURGAU,Lacombe 2013,10.1007/s00122-012-1988-2,,VIVC passport (via Lacombe 2013)
PALESTINA I,BICANE,Lacombe & Emanuelli 2020; Lacombe 2013; Laucou 2018,10.1007/s00122-012-1988-2,,VIVC passport (via Lacombe & Emanuelli 2020; Lacombe 2013; Laucou 2018)
PALESTINA I,LUGLIENGA BIANCA,Lacombe & Emanuelli 2020; Lacombe 2013; Laucou 2018,10.1007/s00122-012-1988-2,,VIVC passport (via Lacombe & Emanuelli 2020; Lacombe 2013; Laucou 2018)
PALESTINA II,VERJUS,none,,,VIVC passport (pedigree confirmed by markers)
PALESTINA II,PINOT,none,,,VIVC passport (pedigree confirmed by markers)
PALESTINA III,VERJUS,none,,,VIVC passport (pedigree confirmed by markers)
PALESTINA III,PINOT,none,,,VIVC passport (pedigree confirmed by markers)
PANNONIA KINCSE,CEGLED SZEPE,Lacombe 2013,10.1007/s00122-012-1988-2,,VIVC passport (via Lacombe 2013)
PANNONIA KINCSE,KOENIGIN DER WEINGAERTEN,Lacombe 2013,10.1007/s00122-012-1988-2,,VIVC passport (via Lacombe 2013)
PAPASKARASI,ALBA IMPUTOTATO,Lacombe & Emanuelli 2020; Lacombe 2013; Laucou 2018,10.1007/s00122-012-1988-2,,VIVC passport (via Lacombe & Emanuelli 2020; Lacombe 2013; Laucou 2018)
PAPASKARASI,PROKUPAC,Lacombe & Emanuelli 2020; Lacombe 2013; Laucou 2018,10.1007/s00122-012-1988-2,,VIVC passport (via Lacombe & Emanuelli 2020; Lacombe 2013; Laucou 2018)
PARDINA,CITRONELLE,Lacombe 2013,10.1007/s00122-012-1988-2,,VIVC passport (via Lacombe 2013)
PARDINA,BLACK MONUKKA,Lacombe 2013,10.1007/s00122-012-1988-2,,VIVC passport (via Lacombe 2013)
PASCALE DI CAGLIARI,HEBIEN,Lacombe 2013,10.1007/s00122-012-1988-2,,VIVC passport (via Lacombe 2013)
PASCALE DI CAGLIARI,MOURVEDRE = MONASTRELL,Lacombe 2013,10.1007/s00122-012-1988-2,,VIVC passport (via Lacombe 2013)
PASIGA,ALPHONSE LAVALLEE,Lacombe & Emanuelli 2020; Lacombe 2013; Laucou 2018,10.1007/s00122-012-1988-2,,VIVC passport (via Lacombe & Emanuelli 2020; Lacombe 2013; Laucou 2018)
PASIGA,SULTANINA,Lacombe & Emanuelli 2020; Lacombe 2013; Laucou 2018,10.1007/s00122-012-1988-2,,VIVC passport (via Lacombe & Emanuelli 2020; Lacombe 2013; Laucou 2018)
PASSAU,DOLCETTO,Lacombe & Emanuelli 2020,10.1016/j.scienta.2017.02.044,10.1016/j.scienta.2017.02.044,VIVC passport (via Lacombe & Emanuelli 2020)
PASSAU,CHATUS,Lacombe & Emanuelli 2020,10.1016/j.scienta.2017.02.044,10.1016/j.scienta.2017.02.044,VIVC passport (via Lacombe & Emanuelli 2020)
PATE NOIR,MUNSON,none,,,VIVC passport (pedigree confirmed by markers)
PATE NOIR,RAISINE,none,,,VIVC passport (pedigree confirmed by markers)
PAULISTINHA,NIAGARA BRANCA,none,10.1371/journal.pone.0240665,10.1371/journal.pone.0240665,VIVC passport (pedigree confirmed by markers)
PAULISTINHA,SULTANINA,none,10.1371/journal.pone.0240665,10.1371/journal.pone.0240665,VIVC passport (pedigree confirmed by markers)
PAULSEN 764,BERLANDIERI RESSEGUIER 2,Migliaro 2019,10.5344/ajev.2019.18054,,VIVC passport (via Migliaro 2019)
PAULSEN 764,RUPESTRIS DU LOT,Migliaro 2019,10.5344/ajev.2019.18054,,VIVC passport (via Migliaro 2019)
PAULSEN 775,BERLANDIERI RESSIGUIER 2,Migliaro 2019,10.1007/s00122-019-03320-5,10.1007/s00122-019-03320-5,VIVC passport (via Migliaro 2019)
PAULSEN 775,RUPESTRIS DU LOT,Migliaro 2019,10.1007/s00122-019-03320-5,10.1007/s00122-019-03320-5,VIVC passport (via Migliaro 2019)
PAULSEN 779,BERLANDIERI RESSEGUIER 2,Migliaro 2019,10.5344/ajev.2019.18054,,VIVC passport (via Migliaro 2019)
PAULSEN 779,RUPESTRIS DU LOT,Migliaro 2019,10.5344/ajev.2019.18054,,VIVC passport (via Migliaro 2019)
PAULSEN 782,BERLANDIERI RESSEGUIER 2,Migliaro 2019,10.5344/ajev.2019.18054,,VIVC passport (via Migliaro 2019)
PAULSEN 782,RUPESTRIS DU LOT,Migliaro 2019,10.5344/ajev.2019.18054,,VIVC passport (via Migliaro 2019)
PAULSEN 1045,BERLANDIERI RESSEGUIER 2,Migliaro 2019,10.1007/s00122-019-03320-5,10.1007/s00122-019-03320-5,VIVC passport (via Migliaro 2019)
PAULSEN 1045,RUPESTRIS DU LOT,Migliaro 2019,10.1007/s00122-019-03320-5,10.1007/s00122-019-03320-5,VIVC passport (via Migliaro 2019)
PAULSEN 1103,BERLANDIERI RESSEGUIER 2,Migliaro 2019,10.1007/s00122-019-03320-5,10.1007/s00122-019-03320-5,VIVC passport (via Migliaro 2019)
PAULSEN 1103,RUPESTRIS DU LOT,Migliaro 2019,10.1007/s00122-019-03320-5,10.1007/s00122-019-03320-5,VIVC passport (via Migliaro 2019)
PAULSEN 1119,BERLANDIERI RESSEGUIER 2,Migliaro 2019,10.5344/ajev.2019.18054,,VIVC passport (via Migliaro 2019)
PAULSEN 1119,1202 COUDERC,Migliaro 2019,10.5344/ajev.2019.18054,,VIVC passport (via Migliaro 2019)
PAULSEN 1331,BERLANDIERI RESSEGUIER 2,Migliaro 2019,10.5344/ajev.2019.18054,,VIVC passport (via Migliaro 2019)
PAULSEN 1331,RUPESTRIS MARTIN,Migliaro 2019,10.5344/ajev.2019.18054,,VIVC passport (via Migliaro 2019)
PAULSEN 1447,BERLANDIERI RESSEGUIER 2,Migliaro 2019,10.5344/ajev.2019.18054,,VIVC passport (via Migliaro 2019)
PAULSEN 1447,RUPESTRIS DU LOT,Migliaro 2019,10.5344/ajev.2019.18054,,VIVC passport (via Migliaro 2019)
PECSI SZAGOS,COARNA ALBA,Lacombe 2013,10.1007/s00122-012-1988-2,,VIVC passport (via Lacombe 2013)
PECSI SZAGOS,MUSCAT A PETITS GRAINS,Lacombe 2013,10.1007/s00122-012-1988-2,,VIVC passport (via Lacombe 2013)
PEJAC GROS,BOUCHALES,Lacombe 2013,10.1007/s00122-012-1988-2,,VIVC passport (via Lacombe 2013)
PEJAC GROS,VALDIGUIE PISSAIRE,Lacombe 2013,10.1007/s00122-012-1988-2,,VIVC passport (via Lacombe 2013)
PERDEA,RAFFIAT DE MONCADE,Lacombe 2013,10.1007/s00122-012-1988-2,,VIVC passport (via Lacombe 2013)
PERDEA,CHARDONNAY,Lacombe 2013,10.1007/s00122-012-1988-2,,VIVC passport (via Lacombe 2013)
PERGRANDIS,MUSCAT D'ALEXANDRIE,Lacombe 2013,10.1007/s00122-012-1988-2,,VIVC passport (via Lacombe 2013)
PERGRANDIS,CHASSELAS,Lacombe 2013,10.1007/s00122-012-1988-2,,VIVC passport (via Lacombe 2013)
PERLAUT,CINSAUT,Lacombe 2013,10.1007/s00122-012-1988-2,,VIVC passport (via Lacombe 2013)
PERLAUT,PERLE VON CSABA,Lacombe 2013,10.1007/s00122-012-1988-2,,VIVC passport (via Lacombe 2013)
PERLE,SAVAGNIN = TRAMINER,Lacombe 2013,10.1007/s00122-012-1988-2,,VIVC passport (via Lacombe 2013)
PERLE,MUELLER THURGAU,Lacombe 2013,10.1007/s00122-012-1988-2,,VIVC passport (via Lacombe 2013)
PERLE NOIRE,MUSCAT HAMBURG,none,,,VIVC passport (pedigree confirmed by markers)
PERLE NOIRE,SEYVE VILLARD 12- 358,none,,,VIVC passport (pedigree confirmed by markers)
CSABA GYOENGYE,MADELEINE ANGEVINE,Lacombe 2013; Margaryan 2021,10.1007/s00122-012-1988-2,10.3103/S0095452718050031,VIVC passport (via Lacombe 2013; Margaryan 2021)
CSABA GYOENGYE,MUSCAT FLEUR D'ORANGER,Lacombe 2013; Margaryan 2021,10.1007/s00122-012-1988-2,10.3103/S0095452718050031,VIVC passport (via Lacombe 2013; Margaryan 2021)
PERLETTE,KOENIGIN DER WEINGAERTEN,Cipriani 2010; Lacombe 2013,10.1007/s00122-010-1411-9,,VIVC passport (via Cipriani 2010; Lacombe 2013)
PERLETTE,SULTANINA,Cipriani 2010; Lacombe 2013,10.1007/s00122-010-1411-9,,VIVC passport (via Cipriani 2010; Lacombe 2013)
PERLON,EMPEROR,Lacombe 2013,10.1007/s00122-012-1988-2,,VIVC passport (via Lacombe 2013)
PERLON,PERLETTE,Lacombe 2013,10.1007/s00122-012-1988-2,,VIVC passport (via Lacombe 2013)
PERLONA,BICANE,Lacombe 2013,10.1007/s00122-012-1988-2,,VIVC passport (via Lacombe 2013)
PERLONA,MUSCAT HAMBURG,Lacombe 2013,10.1007/s00122-012-1988-2,,VIVC passport (via Lacombe 2013)
PERVENETS PRASKOVEISKII,GUIRAH,Lacombe 2013,10.1007/s00122-012-1988-2,,VIVC passport (via Lacombe 2013)
PERVENETS PRASKOVEISKII,KHALILI BELYI,Lacombe 2013,10.1007/s00122-012-1988-2,,VIVC passport (via Lacombe 2013)
PEURION,GOUAIS BLANC,Lacombe 2013,10.1007/s00122-012-1988-2,10.1126/science.285.5433.1562,VIVC passport (via Lacombe 2013)
PEURION,PINOT,Lacombe 2013,10.1007/s00122-012-1988-2,10.1126/science.285.5433.1562,VIVC passport (via Lacombe 2013)
PHOENIX,BACCHUS WEISS,none,,,VIVC passport (pedigree confirmed by markers)
PHOENIX,VILLARD BLANC,none,,,VIVC passport (pedigree confirmed by markers)
PICADOUL NOIR,S.V. 12375,none,,,VIVC passport (pedigree confirmed by markers)
PICADOUL NOIR,CINSAUT,none,,,VIVC passport (pedigree confirmed by markers)
PICCOLA NERA,GOUAIS BLANC,Lacombe 2013,10.1007/s00122-012-1988-2,10.1038/s41598-020-64061-w,VIVC passport (via Lacombe 2013)
PICCOLA NERA,VULPEA,Lacombe 2013,10.1007/s00122-012-1988-2,10.1038/s41598-020-64061-w,VIVC passport (via Lacombe 2013)
PIERRELLE,MUSCAT HAMBURG,none,,,VIVC passport (pedigree confirmed by markers)
PIERRELLE,VILLARD BLANC,none,,,VIVC passport (pedigree confirmed by markers)
PINARD,MILLARDET ET GRASSET 101 O.P.,none,,,VIVC passport (pedigree confirmed by markers)
PINARD,GOLDRIESLING,none,,,VIVC passport (pedigree confirmed by markers)
PINCE'S BLACK,BLACK MOROCCO,Lacombe 2013,10.1007/s00122-012-1988-2,10.1007/s11295-014-0746-9,VIVC passport (via Lacombe 2013)
PINCE'S BLACK,MUSCAT D'ALEXANDRIE,Lacombe 2013,10.1007/s00122-012-1988-2,10.1007/s11295-014-0746-9,VIVC passport (via Lacombe 2013)
PINOTAGE,CINSAUT,Lacombe & Emanuelli 2020; Lacombe 2013; Laucou 2018,10.1007/s00122-012-1988-2,,VIVC passport (via Lacombe & Emanuelli 2020; Lacombe 2013; Laucou 2018)
PINOTAGE,PINOT,Lacombe & Emanuelli 2020; Lacombe 2013; Laucou 2018,10.1007/s00122-012-1988-2,,VIVC passport (via Lacombe & Emanuelli 2020; Lacombe 2013; Laucou 2018)
PIQUEPOUL BOUSCHET,PIQUEPOUL,Lacombe 2013,10.1007/s00122-012-1988-2,,VIVC passport (via Lacombe 2013)
PIQUEPOUL BOUSCHET,BOUSCHET PETIT,Lacombe 2013,10.1007/s00122-012-1988-2,,VIVC passport (via Lacombe 2013)
ARANEL,GRENACHE NOIR,Lacombe 2013,10.1007/s00122-012-1988-2,,VIVC passport (via Lacombe 2013)
ARANEL,ST.PIERRE DORE,Lacombe 2013,10.1007/s00122-012-1988-2,,VIVC passport (via Lacombe 2013)
GRAVESAC,COUDERC 161-49,Migliaro 2019,10.5344/ajev.2019.18054,,VIVC passport (via Migliaro 2019)
GRAVESAC,COUDERC 3309,Migliaro 2019,10.5344/ajev.2019.18054,,VIVC passport (via Migliaro 2019)
PIROVANO 15,BELLINO,none,,,VIVC passport (pedigree confirmed by markers)
PIROVANO 15,MALINGRE PRECOCE,none,,,VIVC passport (pedigree confirmed by markers)
PIROVANO 16,BELLINO,none,,,VIVC passport (pedigree confirmed by markers)
PIROVANO 16,MALINGRE PRECOCE,none,,,VIVC passport (pedigree confirmed by markers)
FRUTTUOSA,TETA DE VACA,Lacombe 2013,10.1007/s00122-012-1988-2,,VIVC passport (via Lacombe 2013)
FRUTTUOSA,CITRONELLE,Lacombe 2013,10.1007/s00122-012-1988-2,,VIVC passport (via Lacombe 2013)
PIROVANO 93,ANGELO PIROVANO,none,,,VIVC passport (pedigree confirmed by markers)
PIROVANO 93,VERDEA,none,,,VIVC passport (pedigree confirmed by markers)
PIROVANO 159,DELIZIA DI VAPRIO,none,,,VIVC passport (pedigree confirmed by markers)
PIROVANO 159,ANGELO PIROVANO,none,,,VIVC passport (pedigree confirmed by markers)
PIROVANO 188,DELIZIA DI VAPRIO,none,,,VIVC passport (pedigree confirmed by markers)
PIROVANO 188,ANGELO PIROVANO,none,,,VIVC passport (pedigree confirmed by markers)
PIROVANO 190,DELIZIA DI VAPRIO,Lacombe 2013,10.1007/s00122-012-1988-2,,VIVC passport (via Lacombe 2013)
PIROVANO 190,ANGELO PIROVANO,Lacombe 2013,10.1007/s00122-012-1988-2,,VIVC passport (via Lacombe 2013)
PIROVANO 235,FRANKENTHAL,none,,,VIVC passport (pedigree confirmed by markers)
PIROVANO 235,DELIZIA DI VAPRIO,none,,,VIVC passport (pedigree confirmed by markers)
DELIZIA GIALLA,MUSCAT DE HAMBOURG,Lacombe 2013,10.1007/s00122-012-1988-2,,VIVC passport (via Lacombe 2013)
DELIZIA GIALLA,CICLOPICA,Lacombe 2013,10.1007/s00122-012-1988-2,,VIVC passport (via Lacombe 2013)
PIROVANO 315,MADELEINE ANGEVINE,none,,,VIVC passport (pedigree confirmed by markers)
PIROVANO 315,DELIZIA DI VAPRIO,none,,,VIVC passport (pedigree confirmed by markers)
PIROVANO 531,KHARISTVALA KOLKHURI,none,,,VIVC passport (pedigree confirmed by markers)
PIROVANO 531,BARBABLEU,none,,,VIVC passport (pedigree confirmed by markers)
MOSCATO TIAMMOR,PIROVANO 190,Lacombe 2013,10.1007/s00122-012-1988-2,,VIVC passport (via Lacombe 2013)
MOSCATO TIAMMOR,PRINCIPESSA DI PIEMONTE,Lacombe 2013,10.1007/s00122-012-1988-2,,VIVC passport (via Lacombe 2013)
PIZZUTELLO NERO,CORNICHON BLANC,Lacombe 2013,10.1007/s00122-012-1988-2,,VIVC passport (via Lacombe 2013)
PIZZUTELLO NERO,PRUNE DE CAZOULS,Lacombe 2013,10.1007/s00122-012-1988-2,,VIVC passport (via Lacombe 2013)
PLANT DE FLASSANS,GROS VERT,none,,,VIVC passport (pedigree confirmed by markers)
PLANT DE FLASSANS,MOURVEDRE = MONASTRELL,none,,,VIVC passport (pedigree confirmed by markers)
PLANTA NOVA,HEPTAKILO,Lacombe & Emanuelli 2020; Lacombe 2013; Laucou 2018,10.1007/s00122-012-1988-2,,VIVC passport (via Lacombe & Emanuelli 2020; Lacombe 2013; Laucou 2018)
PLANTA NOVA,ROYAL,Lacombe & Emanuelli 2020; Lacombe 2013; Laucou 2018,10.1007/s00122-012-1988-2,,VIVC passport (via Lacombe & Emanuelli 2020; Lacombe 2013; Laucou 2018)
PLAVAIE,BEALA DEBELA,Lacombe 2013,10.1007/s00122-012-1988-2,,VIVC passport (via Lacombe 2013)
PLAVAIE,ZEMOASA = TIMPURIE,Lacombe 2013,10.1007/s00122-012-1988-2,,VIVC passport (via Lacombe 2013)
PLAVINA CRNA,PRIMITIVO,Cipriani 2010; Lacombe & Emanuelli 2020; Lacombe 2013; Laucou 2018,10.1007/s00122-010-1411-9,10.1038/s41598-020-71918-7; 10.3390/genes11070737,VIVC passport (via Cipriani 2010; Lacombe & Emanuelli 2020; Lacombe 2013; Laucou 2018)
PLAVINA CRNA,VERDECA,Cipriani 2010; Lacombe & Emanuelli 2020; Lacombe 2013; Laucou 2018,10.1007/s00122-010-1411-9,10.1038/s41598-020-71918-7; 10.3390/genes11070737,VIVC passport (via Cipriani 2010; Lacombe & Emanuelli 2020; Lacombe 2013; Laucou 2018)
PLECHISTIK,TZIMLIANSKY BELYE,Lacombe 2013,10.1007/s00122-012-1988-2,,VIVC passport (via Lacombe 2013)
PLECHISTIK,KRASNOSTOP ZOLOTOVSKII,Lacombe 2013,10.1007/s00122-012-1988-2,,VIVC passport (via Lacombe 2013)
POBEDA,AHMAR DERANI,Lacombe 2013,10.1007/s00122-012-1988-2,,VIVC passport (via Lacombe 2013)
POBEDA,MUSCAT HAMBURG,Lacombe 2013,10.1007/s00122-012-1988-2,,VIVC passport (via Lacombe 2013)
POLKOVNIK IZYUM,MISGULI KARA,Lacombe 2013,10.1007/s00122-012-1988-2,,VIVC passport (via Lacombe 2013)
POLKOVNIK IZYUM,EKIM KARA FAUX,Lacombe 2013,10.1007/s00122-012-1988-2,,VIVC passport (via Lacombe 2013)
POMORIISKI BISER,MISKET CHERVEN,none,,,VIVC passport (pedigree confirmed by markers)
POMORIISKI BISER,S.V. 12375,none,,,VIVC passport (pedigree confirmed by markers)
MOSCARGO,CASTELAO,Cunha 2020,10.3389/fpls.2020.00127,,VIVC passport (via Cunha 2020)
MOSCARGO,MUSCAT HAMBURG,Cunha 2020,10.3389/fpls.2020.00127,,VIVC passport (via Cunha 2020)
PORTAN,GRENACHE NOIR,Lacombe 2013,10.1007/s00122-012-1988-2,,VIVC passport (via Lacombe 2013)
PORTAN,PORTUGIESER BLAU,Lacombe 2013,10.1007/s00122-012-1988-2,,VIVC passport (via Lacombe 2013)
PORTUGIESER BLAU,ZIMMETTRAUBE BLAU,none,10.5073/vitis.2016.55.135-143,10.5073/vitis.2016.55.135-143,VIVC passport (pedigree confirmed by markers)
PORTUGIESER BLAU,SILVANER GRUEN,none,10.5073/vitis.2016.55.135-143,10.5073/vitis.2016.55.135-143,VIVC passport (pedigree confirmed by markers)
PRACA,RABIGATO,Cunha 2020,10.3389/fpls.2020.00127,,VIVC passport (via Cunha 2020)
PRACA,CASTELLANA BLANCA,Cunha 2020,10.3389/fpls.2020.00127,,VIVC passport (via Cunha 2020)
PRACHTTRAUBE,GORDIN = ALIMCHAK,Lacombe 2013,10.1007/s00122-012-1988-2,,VIVC passport (via Lacombe 2013)
PRACHTTRAUBE,MADELEINE ROYALE,Lacombe 2013,10.1007/s00122-012-1988-2,,VIVC passport (via Lacombe 2013)
PRESIDENT CARNOT,MADELEINE ANGEVINE,Lacombe 2013,10.1007/s00122-012-1988-2,,VIVC passport (via Lacombe 2013)
PRESIDENT CARNOT,RIESLING,Lacombe 2013,10.1007/s00122-012-1988-2,,VIVC passport (via Lacombe 2013)
PRETO MARTINHO,MOURISCO TINTO = MARUFO,Cunha 2020; Lacombe 2013,10.1007/s00122-012-1988-2,,VIVC passport (via Cunha 2020; Lacombe 2013)
PRETO MARTINHO,TINTA GROSSA D'ALENTEJO,Cunha 2020; Lacombe 2013,10.1007/s00122-012-1988-2,,VIVC passport (via Cunha 2020; Lacombe 2013)
PRIGODNYI,SEVERNYI,none,,,VIVC passport (pedigree confirmed by markers)
PRIGODNYI,MUSCAT A PETITS GRAINS BLANCS,none,,,VIVC passport (pedigree confirmed by markers)
PRIMAVERA,CASTELAO,Cunha 2020,10.3389/fpls.2020.00127,,VIVC passport (via Cunha 2020)
PRIMAVERA,ALICANTE HENRI BOUSCHET,Cunha 2020,10.3389/fpls.2020.00127,,VIVC passport (via Cunha 2020)
PRIMIERA,MADELEINE ANGEVINE,Lacombe 2013,10.1007/s00122-012-1988-2,,VIVC passport (via Lacombe 2013)
PRIMIERA,DELIZIA DI VAPRIO,Lacombe 2013,10.1007/s00122-012-1988-2,,VIVC passport (via Lacombe 2013)
PRIMUS,MADELEINE ANGEVINE,none,,,VIVC passport (pedigree confirmed by markers)
PRIMUS,FERDINAND DE LESSEPS,none,,,VIVC passport (pedigree confirmed by markers)
PRINCEPS,MUSCAT HAMBURG,Lacombe 2013,10.1007/s00122-012-1988-2,,VIVC passport (via Lacombe 2013)
PRINCEPS,KHARISTVALA KOLKHURI,Lacombe 2013,10.1007/s00122-012-1988-2,,VIVC passport (via Lacombe 2013)
PRINCIPESSA DI PIEMONTE,PIROVANO 59,Lacombe 2013,10.1007/s00122-012-1988-2,,VIVC passport (via Lacombe 2013)
PRINCIPESSA DI PIEMONTE,ZIBIBBO,Lacombe 2013,10.1007/s00122-012-1988-2,,VIVC passport (via Lacombe 2013)
PRODIGIOSA,BICANE,Lacombe 2013,10.1007/s00122-012-1988-2,,VIVC passport (via Lacombe 2013)
PRODIGIOSA,HEPTAKILO,Lacombe 2013,10.1007/s00122-012-1988-2,,VIVC passport (via Lacombe 2013)
PROSPERI 285,MOSCATO DI TERRACINA,none,,,VIVC passport (pedigree confirmed by markers)
PROSPERI 285,MUSCAT OF ALEXANDRIA,none,,,VIVC passport (pedigree confirmed by markers)
PUKHLYAKOVSKII CHERNYI,COARNA ALBA,none,10.1134/S2635167622050135,10.1134/S2635167622050135,VIVC passport (pedigree confirmed by markers)
PUKHLYAKOVSKII CHERNYI,BULANYI,none,10.1134/S2635167622050135,10.1134/S2635167622050135,VIVC passport (pedigree confirmed by markers)
QUEBRANTA,MISSION,Lacombe 2013,10.1007/s00122-012-1988-2,10.1016/j.tig.2006.07.008; 10.1111/ajgw.12282,VIVC passport (via Lacombe 2013)
QUEBRANTA,NEGRA MOLE,Lacombe 2013,10.1007/s00122-012-1988-2,10.1016/j.tig.2006.07.008; 10.1111/ajgw.12282,VIVC passport (via Lacombe 2013)
QUEEN,MUSCAT HAMBURG,Cipriani 2010; Lacombe 2013,10.1007/s00122-010-1411-9,,VIVC passport (via Cipriani 2010; Lacombe 2013)
QUEEN,SULTANINA,Cipriani 2010; Lacombe 2013,10.1007/s00122-010-1411-9,,VIVC passport (via Cipriani 2010; Lacombe 2013)
QUIEBRATINAJAS TINTO,CASTELLANA BLANCA,Lacombe & Emanuelli 2020; Laucou 2018,10.1371/journal.pone.0192540,,VIVC passport (via Lacombe & Emanuelli 2020; Laucou 2018)
QUIEBRATINAJAS TINTO,BREVAL NEGRO,Lacombe & Emanuelli 2020; Laucou 2018,10.1371/journal.pone.0192540,,VIVC passport (via Lacombe & Emanuelli 2020; Laucou 2018)
RABANER,MUELLER-THURGAU,none,,,VIVC passport (pedigree confirmed by markers)
RABANER,WEISSER GUTEDEL,none,,,VIVC passport (pedigree confirmed by markers)
RABIGATO MORENO,HEBIEN,Cunha 2020,10.3389/fpls.2020.00127,10.5073/vitis.2015.54.special-issue.81-86,VIVC passport (via Cunha 2020)
RABIGATO MORENO,RABIGATO,Cunha 2020,10.3389/fpls.2020.00127,10.5073/vitis.2015.54.special-issue.81-86,VIVC passport (via Cunha 2020)
RABOSO VERONESE,RABOSO PIAVE,none,10.1038/s41598-020-64061-w,10.1038/s41598-020-64061-w; 10.1139/G08-064; 10.20870/oeno-one.2021.55.3.4628; 10.5344/ajev.2016.16068,VIVC passport (pedigree confirmed by markers)
RABOSO VERONESE,MARZEMINA BIANCA,none,10.1038/s41598-020-64061-w,10.1038/s41598-020-64061-w; 10.1139/G08-064; 10.20870/oeno-one.2021.55.3.4628; 10.5344/ajev.2016.16068,VIVC passport (pedigree confirmed by markers)
RAFFIAT DE MONCADE,GUAIS BLANC = HEUNISCH WEISS,Lacombe 2013,10.1007/s00122-012-1988-2,,VIVC passport (via Lacombe 2013)
RAFFIAT DE MONCADE,BOUCHALES,Lacombe 2013,10.1007/s00122-012-1988-2,,VIVC passport (via Lacombe 2013)
RAINHA,CHANCELLOR,none,10.1371/journal.pone.0240665,10.1371/journal.pone.0240665,VIVC passport (pedigree confirmed by markers)
RAINHA,PINOT NOIR,none,10.1371/journal.pone.0240665,10.1371/journal.pone.0240665,VIVC passport (pedigree confirmed by markers)
RAISAINE,RIBIER NOIR,Lacombe 2013,10.1007/s00122-012-1988-2,,VIVC passport (via Lacombe 2013)
RAISAINE,GREC ROUGE,Lacombe 2013,10.1007/s00122-012-1988-2,,VIVC passport (via Lacombe 2013)
RAMI,COLOMBARD,Lacombe 2013,10.1007/s00122-012-1988-2,,VIVC passport (via Lacombe 2013)
RAMI,SAINT-EMILION,Lacombe 2013,10.1007/s00122-012-1988-2,,VIVC passport (via Lacombe 2013)
RANFOL BELI,GOUAIS BLANC = HEUNISCH WEISS,Lacombe 2013,10.1007/s00122-012-1988-2,10.3390/genes11070737,VIVC passport (via Lacombe 2013)
RANFOL BELI,BLANK BLAUER = VULPEA,Lacombe 2013,10.1007/s00122-012-1988-2,10.3390/genes11070737,VIVC passport (via Lacombe 2013)
RANNII VIRA,CHAOUCH BLANC,Lacombe & Emanuelli 2020; Lacombe 2013; Laucou 2018,10.1007/s00122-012-1988-2,,VIVC passport (via Lacombe & Emanuelli 2020; Lacombe 2013; Laucou 2018)
RANNII VIRA,KISHMISH CHERNYI,Lacombe & Emanuelli 2020; Lacombe 2013; Laucou 2018,10.1007/s00122-012-1988-2,,VIVC passport (via Lacombe & Emanuelli 2020; Lacombe 2013; Laucou 2018)
RARA ALBA,SCHIRAS DR. HOUDBINE,Lacombe 2013,10.1007/s00122-012-1988-2,,VIVC passport (via Lacombe 2013)
RARA ALBA,CHASSELAS,Lacombe 2013,10.1007/s00122-012-1988-2,,VIVC passport (via Lacombe 2013)
RASSEGUI,HEPTAKILO,Lacombe & Emanuelli 2020; Lacombe 2013; Laucou 2018,10.1007/s00122-012-1988-2,,VIVC passport (via Lacombe & Emanuelli 2020; Lacombe 2013; Laucou 2018)
RASSEGUI,MAYORQUIN = FARANA,Lacombe & Emanuelli 2020; Lacombe 2013; Laucou 2018,10.1007/s00122-012-1988-2,,VIVC passport (via Lacombe & Emanuelli 2020; Lacombe 2013; Laucou 2018)
RATINHO,ARINTO DO DAO,Cunha 2020; Lacombe 2013,10.1007/s00122-012-1988-2,10.1007/s001220051291,VIVC passport (via Cunha 2020; Lacombe 2013)
RATINHO,SIRIA,Cunha 2020; Lacombe 2013,10.1007/s00122-012-1988-2,10.1007/s001220051291,VIVC passport (via Cunha 2020; Lacombe 2013)
RAVAT BLANC,SEIBEL 8724,none,,,VIVC passport (pedigree confirmed by markers)
RAVAT BLANC,PLANTET,none,,,VIVC passport (pedigree confirmed by markers)
RAVAT NOIR,SEIBEL 8365,none,,,VIVC passport (pedigree confirmed by markers)
RAVAT NOIR,SEIBEL 8616,none,,,VIVC passport (pedigree confirmed by markers)
RAYON D'OR,SEIBEL 405,none,,,VIVC passport (pedigree confirmed by markers)
RAYON D'OR,SEIBEL 867,none,,,VIVC passport (pedigree confirmed by markers)
RAZDANI,KARMIR KAKHANI,Lacombe 2013,10.1007/s00122-012-1988-2,,VIVC passport (via Lacombe 2013)
RAZDANI,VOSKEAT,Lacombe 2013,10.1007/s00122-012-1988-2,,VIVC passport (via Lacombe 2013)
REBO,MERLOT,Lacombe 2013,10.1007/s00122-012-1988-2,,VIVC passport (via Lacombe 2013)
REBO,TEROLDEGO,Lacombe 2013,10.1007/s00122-012-1988-2,,VIVC passport (via Lacombe 2013)
RED MAY,BICANE,Lacombe 2013,10.1007/s00122-012-1988-2,,VIVC passport (via Lacombe 2013)
RED MAY,MUSCAT DE HAMBOURG,Lacombe 2013,10.1007/s00122-012-1988-2,,VIVC passport (via Lacombe 2013)
REDORA,PEDRO XIMENEZ,none,,,VIVC passport (pedigree confirmed by markers)
REDORA,PALOMINO FINO,none,,,VIVC passport (pedigree confirmed by markers)
REFLEX,PANNONIA KINCSE,none,,,VIVC passport (pedigree confirmed by markers)
REFLEX,SEIBEL 5279,none,,,VIVC passport (pedigree confirmed by markers)
REFORM,ZALA GYOENGYE,none,,,VIVC passport (pedigree confirmed by markers)
REFORM,AURORE,none,,,VIVC passport (pedigree confirmed by markers)
REFREN,GLORIA HUNGARIAE,none,,,VIVC passport (pedigree confirmed by markers)
REFREN,SEIBEL 5279,none,,,VIVC passport (pedigree confirmed by markers)
REGALE,PARENT 1 WAS NOT CONFIRMED,none,10.21273/JASHS.133.4.559,10.21273/JASHS.133.4.559,VIVC passport (pedigree confirmed by markers)
REGALE,MAGNOLIA,none,10.21273/JASHS.133.4.559,10.21273/JASHS.133.4.559,VIVC passport (pedigree confirmed by markers)
REGNER,MUSCAT D'EISENSTADT,Lacombe 2013,10.1007/s00122-012-1988-2,,VIVC passport (via Lacombe 2013)
REGNER,MUELLER THURGAU,Lacombe 2013,10.1007/s00122-012-1988-2,,VIVC passport (via Lacombe 2013)
RELIANCE,ONTARIO,none,,,VIVC passport (pedigree confirmed by markers)
RELIANCE,SUFFOLK RED,none,,,VIVC passport (pedigree confirmed by markers)
RIBOL,OLIVETTE BLANC,Lacombe 2013,10.1007/s00122-012-1988-2,,VIVC passport (via Lacombe 2013)
RIBOL,ALPHONSE LAVALLEE,Lacombe 2013,10.1007/s00122-012-1988-2,,VIVC passport (via Lacombe 2013)
RICHTER 31,BERLANDIERI RESSEGUIER 2,Migliaro 2019,10.5344/ajev.2019.18054,,VIVC passport (via Migliaro 2019)
RICHTER 31,NOVO MEXICANA,Migliaro 2019,10.5344/ajev.2019.18054,,VIVC passport (via Migliaro 2019)
RICHTER 44,BERLANDIERI RESSEGUIER 2,Migliaro 2019,10.5344/ajev.2019.18054,,VIVC passport (via Migliaro 2019)
RICHTER 44,RUPESTRIS MARTIN,Migliaro 2019,10.5344/ajev.2019.18054,,VIVC passport (via Migliaro 2019)
RICHTER 57,BERLANDIERI RESSEGUIER 1,Migliaro 2019,10.5344/ajev.2019.18054,,VIVC passport (via Migliaro 2019)
RICHTER 57,RUPESTRIS MARTIN,Migliaro 2019,10.5344/ajev.2019.18054,,VIVC passport (via Migliaro 2019)
RICHTER 99,BERLANDIERI RESSEGUIER 2,Migliaro 2019,10.1007/s00122-019-03320-5,10.1007/s00122-019-03320-5,VIVC passport (via Migliaro 2019)
RICHTER 99,RUPESTRIS DU LOT,Migliaro 2019,10.1007/s00122-019-03320-5,10.1007/s00122-019-03320-5,VIVC passport (via Migliaro 2019)
RICHTER 110,BERLANDIERI BOUTIN B,none,10.1007/s00122-019-03320-5,10.1007/s00122-019-03320-5,VIVC passport (pedigree confirmed by markers)
RICHTER 110,RUPESTRIS DU LOT,none,10.1007/s00122-019-03320-5,10.1007/s00122-019-03320-5,VIVC passport (pedigree confirmed by markers)
RIESLANER,SILVANER,Lacombe 2013,10.1007/s00122-012-1988-2,10.5073/vitis.1998.37.79-82,VIVC passport (via Lacombe 2013)
RIESLANER,RIESLING,Lacombe 2013,10.1007/s00122-012-1988-2,10.5073/vitis.1998.37.79-82,VIVC passport (via Lacombe 2013)
GOLDTRAMINER,UGNI BLANC,none,,,VIVC passport (pedigree confirmed by markers)
GOLDTRAMINER,SAVAGNIN BLANC,none,,,VIVC passport (pedigree confirmed by markers)
RIGOTTI 95- 5,CARMENERE,none,,,VIVC passport (pedigree confirmed by markers)
RIGOTTI 95- 5,MERLOT,none,,,VIVC passport (pedigree confirmed by markers)
RIGOTTI 97- 2,CARMENERE,none,,,VIVC passport (pedigree confirmed by markers)
RIGOTTI 97- 2,TEROLDEGO,none,,,VIVC passport (pedigree confirmed by markers)
RIGOTTI 102- 3,VERDOT,none,,,VIVC passport (pedigree confirmed by markers)
RIGOTTI 102- 3,PINOT NOIR,none,,,VIVC passport (pedigree confirmed by markers)
RIGOTTI 103- 2,VERDOT,none,,,VIVC passport (pedigree confirmed by markers)
RIGOTTI 103- 2,TEROLDEGO,none,,,VIVC passport (pedigree confirmed by markers)
SENNEN,MERLOT,Cipriani 2010,10.1007/s00122-010-1411-9,,VIVC passport (via Cipriani 2010)
SENNEN,TEROLDEGO,Cipriani 2010,10.1007/s00122-010-1411-9,,VIVC passport (via Cipriani 2010)
RIGOTTI 123- 3,CARMENERE,none,,,VIVC passport (pedigree confirmed by markers)
RIGOTTI 123- 3,TEROLDEGO,none,,,VIVC passport (pedigree confirmed by markers)
GOSEN,CARMENERE,none,,,VIVC passport (pedigree confirmed by markers)
GOSEN,TEROLDEGO,none,,,VIVC passport (pedigree confirmed by markers)
RIO GRANDE,FERNAO PIRES,Cunha 2020,10.3389/fpls.2020.00127,,VIVC passport (via Cunha 2020)
RIO GRANDE,MONTUA,Cunha 2020,10.3389/fpls.2020.00127,,VIVC passport (via Cunha 2020)
RIZAMAT,KATTA KURGAN,Margaryan 2021,10.3390/biology10121279,,VIVC passport (via Margaryan 2021)
RIZAMAT,PARKENT,Margaryan 2021,10.3390/biology10121279,,VIVC passport (via Margaryan 2021)
RIZENS,SEMILLON,Lacombe 2013,10.1007/s00122-012-1988-2,,VIVC passport (via Lacombe 2013)
RIZENS,UGNI BLANC = TREBBIANO TOSCANO,Lacombe 2013,10.1007/s00122-012-1988-2,,VIVC passport (via Lacombe 2013)
ROBIN NOIR,MONDEUSE BLANCHE,Lacombe 2013,10.1007/s00122-012-1988-2,,VIVC passport (via Lacombe 2013)
ROBIN NOIR,TRESSOT,Lacombe 2013,10.1007/s00122-012-1988-2,,VIVC passport (via Lacombe 2013)
RODI,MUSCAT OF ALEXANDRIA,Lacombe 2013,10.1007/s00122-012-1988-2,,VIVC passport (via Lacombe 2013)
RODI,SULTANINA BIANCA,Lacombe 2013,10.1007/s00122-012-1988-2,,VIVC passport (via Lacombe 2013)
ROI DES PRECOCES,CINSAUT,Lacombe & Emanuelli 2020; Lacombe 2013; Laucou 2018,10.1007/s00122-012-1988-2,,VIVC passport (via Lacombe & Emanuelli 2020; Lacombe 2013; Laucou 2018)
ROI DES PRECOCES,PINOT NOIR,Lacombe & Emanuelli 2020; Lacombe 2013; Laucou 2018,10.1007/s00122-012-1988-2,,VIVC passport (via Lacombe & Emanuelli 2020; Lacombe 2013; Laucou 2018)
ROMEIKO,LADIKINO = PSAROSSYRIKO,Lacombe & Emanuelli 2020; Lacombe 2013; Laucou 2018,10.1007/s00122-012-1988-2,,VIVC passport (via Lacombe & Emanuelli 2020; Lacombe 2013; Laucou 2018)
ROMEIKO,VERDECA = LAGORTHI,Lacombe & Emanuelli 2020; Lacombe 2013; Laucou 2018,10.1007/s00122-012-1988-2,,VIVC passport (via Lacombe & Emanuelli 2020; Lacombe 2013; Laucou 2018)
ROMORANTIN,GOUAIS BLANC,Lacombe 2013,10.1007/s00122-012-1988-2,10.1126/science.285.5433.1562,VIVC passport (via Lacombe 2013)
ROMORANTIN,PINOT MEUNIER OR PINOT TEINTURIER,Lacombe 2013,10.1007/s00122-012-1988-2,10.1126/science.285.5433.1562,VIVC passport (via Lacombe 2013)
ROMULUS,ONTARIO,none,10.3103/S0095452718050031,10.3103/S0095452718050031,VIVC passport (pedigree confirmed by markers)
ROMULUS,SULTANINA,none,10.3103/S0095452718050031,10.3103/S0095452718050031,VIVC passport (pedigree confirmed by markers)
RONELLE,BARLINKA,Lacombe 2013,10.1007/s00122-012-1988-2,,VIVC passport (via Lacombe 2013)
RONELLE,KOENIGIN DER WEINGAERTEN,Lacombe 2013,10.1007/s00122-012-1988-2,,VIVC passport (via Lacombe 2013)
ROSENMUSKAT,VERJUS,Lacombe 2013,10.1007/s00122-012-1988-2,,VIVC passport (via Lacombe 2013)
ROSENMUSKAT,PINOT NOIR,Lacombe 2013,10.1007/s00122-012-1988-2,,VIVC passport (via Lacombe 2013)
ROTBERGER,SCHIAVA GROSSA,Lacombe 2013,10.1007/s00122-012-1988-2,10.5073/vitis.1998.37.79-82,VIVC passport (via Lacombe 2013)
ROTBERGER,RIESLING,Lacombe 2013,10.1007/s00122-012-1988-2,10.5073/vitis.1998.37.79-82,VIVC passport (via Lacombe 2013)
ROTGIPFLER,SAVAGNIN BLANC,none,,,VIVC passport (pedigree confirmed by markers)
ROTGIPFLER,ROTER VELTLINER,none,,,VIVC passport (pedigree confirmed by markers)
ROUBLOT,PINOT NOIR,Lacombe & Emanuelli 2020; Lacombe 2013; Laucou 2018,10.1007/s00122-012-1988-2,10.1126/science.285.5433.1562,VIVC passport (via Lacombe & Emanuelli 2020; Lacombe 2013; Laucou 2018)
ROUBLOT,GOUAIS BLANC,Lacombe & Emanuelli 2020; Lacombe 2013; Laucou 2018,10.1007/s00122-012-1988-2,10.1126/science.285.5433.1562,VIVC passport (via Lacombe & Emanuelli 2020; Lacombe 2013; Laucou 2018)
RUEN,SHIROKA MELNISHKA,none,10.1080/13102818.2005.10817291,10.1080/13102818.2005.10817291,VIVC passport (pedigree confirmed by markers)
RUEN,CABERNET SAUVIGNON,none,10.1080/13102818.2005.10817291,10.1080/13102818.2005.10817291,VIVC passport (pedigree confirmed by markers)
ROUGE DU PAYS,MAYOLET,Lacombe & Emanuelli 2020,10.1007/s00122-003-1265-5,10.1007/s00122-003-1265-5,VIVC passport (via Lacombe & Emanuelli 2020)
ROUGE DU PAYS,PETIT ROUGE,Lacombe & Emanuelli 2020,10.1007/s00122-003-1265-5,10.1007/s00122-003-1265-5,VIVC passport (via Lacombe & Emanuelli 2020)
ROUSSANNE DU VAR,OULIVEN,Lacombe 2013,10.1007/s00122-012-1988-2,,VIVC passport (via Lacombe 2013)
ROUSSANNE DU VAR,GOUAIS B,Lacombe 2013,10.1007/s00122-012-1988-2,,VIVC passport (via Lacombe 2013)
ROXO REI,MARUFO,Cunha 2020,10.3389/fpls.2020.00127,,VIVC passport (via Cunha 2020)
ROXO REI,ALVARELHAO,Cunha 2020,10.3389/fpls.2020.00127,,VIVC passport (via Cunha 2020)
RUBI,GOUAIS BLANC,Lacombe 2013,10.1007/s00122-012-1988-2,,VIVC passport (via Lacombe 2013)
RUBI,PINOT,Lacombe 2013,10.1007/s00122-012-1988-2,,VIVC passport (via Lacombe 2013)
RUBIRED,ALICANTE GANZIN,none,,,VIVC passport (pedigree confirmed by markers)
RUBIRED,TINTO CAO,none,,,VIVC passport (pedigree confirmed by markers)
RUBY CABERNET,CARIGNAN NOIR,Lacombe & Emanuelli 2020; Lacombe 2013,10.1007/s00122-012-1988-2,10.5344/ajev.2010.09129,VIVC passport (via Lacombe & Emanuelli 2020; Lacombe 2013)
RUBY CABERNET,CABERNET SAUVIGNON,Lacombe & Emanuelli 2020; Lacombe 2013,10.1007/s00122-012-1988-2,10.5344/ajev.2010.09129,VIVC passport (via Lacombe & Emanuelli 2020; Lacombe 2013)
RUBY SEEDLESS,EMPEROR,Lacombe 2013,10.1007/s00122-012-1988-2,,VIVC passport (via Lacombe 2013)
RUBY SEEDLESS,SULTANA MOSCATA,Lacombe 2013,10.1007/s00122-012-1988-2,,VIVC passport (via Lacombe 2013)
RUBY STAR,KOENIGIN DER WEINBGAERTEN,Lacombe 2013,10.1007/s00122-012-1988-2,,VIVC passport (via Lacombe 2013)
RUBY STAR,MUSCAT HAMBURG,Lacombe 2013,10.1007/s00122-012-1988-2,,VIVC passport (via Lacombe 2013)
RUFETE,PEREPINHAO PORTALEGRE,Cunha 2020; Lacombe 2013,10.1007/s00122-012-1988-2,,VIVC passport (via Cunha 2020; Lacombe 2013)
RUFETE,TINTA MADEIRA,Cunha 2020; Lacombe 2013,10.1007/s00122-012-1988-2,,VIVC passport (via Cunha 2020; Lacombe 2013)
RUGGERI 140,BERLANDIERI BOUTIN B,none,10.1007/s00122-019-03320-5,10.1007/s00122-019-03320-5,VIVC passport (pedigree confirmed by markers)
RUGGERI 140,RUPESTRIS DU LOT,none,10.1007/s00122-019-03320-5,10.1007/s00122-019-03320-5,VIVC passport (pedigree confirmed by markers)
RUGGERI 225,RESSEGUIER 2,none,10.1007/s00122-019-03320-5,10.1007/s00122-019-03320-5,VIVC passport (pedigree confirmed by markers)
RUGGERI 225,RIPARIA GLOIRE DE MONTPELLIER,none,10.1007/s00122-019-03320-5,10.1007/s00122-019-03320-5,VIVC passport (pedigree confirmed by markers)
RUGGERI 240,BERLANDIERI RESSEGUIER 2,Migliaro 2019,10.5344/ajev.2019.18054,,VIVC passport (via Migliaro 2019)
RUGGERI 240,PARENT 2 IS MOST LIKELY EXTINCT,Migliaro 2019,10.5344/ajev.2019.18054,,VIVC passport (via Migliaro 2019)
RUGGERI 300,RESSEGUIER N. 2,Migliaro 2019,10.5344/ajev.2019.18054,,VIVC passport (via Migliaro 2019)
RUGGERI 300,RIPARIA GLOIRE DE MONTPELLIER,Migliaro 2019,10.5344/ajev.2019.18054,,VIVC passport (via Migliaro 2019)
RUGGERI 325,BERLANDIERI RESSEGUIER 2,Migliaro 2019,10.5344/ajev.2019.18054,,VIVC passport (via Migliaro 2019)
RUGGERI 325,RIPARIA GLOIRE DE MONTPELLIER,Migliaro 2019,10.5344/ajev.2019.18054,,VIVC passport (via Migliaro 2019)
RUGGERI 333,BERLANDIERI RESSEGUIER 2,Migliaro 2019,10.5344/ajev.2019.18054,,VIVC passport (via Migliaro 2019)
RUGGERI 333,RIPARIA GLOIRE DE MONTPELLIER,Migliaro 2019,10.5344/ajev.2019.18054,,VIVC passport (via Migliaro 2019)
ROUMI NOIR,DARKEIA NOIR,Lacombe & Emanuelli 2020; Lacombe 2013,10.1007/s00122-012-1988-2,10.3390/plants10122696,VIVC passport (via Lacombe & Emanuelli 2020; Lacombe 2013)
ROUMI NOIR,MUSCAT DE HAMBOURG,Lacombe & Emanuelli 2020; Lacombe 2013,10.1007/s00122-012-1988-2,10.3390/plants10122696,VIVC passport (via Lacombe & Emanuelli 2020; Lacombe 2013)
RUSENSKO EDRO,REINE DES VIGNES,Lacombe 2013,10.1007/s00122-012-1988-2,,VIVC passport (via Lacombe 2013)
RUSENSKO EDRO,ITALIA,Lacombe 2013,10.1007/s00122-012-1988-2,,VIVC passport (via Lacombe 2013)
HRUSHAKI,MSKHALI,Lacombe 2013; Margaryan 2021,10.1007/s00122-012-1988-2,10.3103/S0095452718050031,VIVC passport (via Lacombe 2013; Margaryan 2021)
HRUSHAKI,SULTANINE,Lacombe 2013; Margaryan 2021,10.1007/s00122-012-1988-2,10.3103/S0095452718050031,VIVC passport (via Lacombe 2013; Margaryan 2021)
RUZEVINA,BOMBINO BIANCO,Lacombe 2013,10.1007/s00122-012-1988-2,10.3390/genes11070737,VIVC passport (via Lacombe 2013)
RUZEVINA,LASINA,Lacombe 2013,10.1007/s00122-012-1988-2,10.3390/genes11070737,VIVC passport (via Lacombe 2013)
SAN LUNARDO,ALBANA BORDINI,Cipriani 2010,10.1007/s00122-010-1411-9,,VIVC passport (via Cipriani 2010)
SAN LUNARDO,BIANCOLELLA,Cipriani 2010,10.1007/s00122-010-1411-9,,VIVC passport (via Cipriani 2010)
SACY,PINOT,Lacombe 2013,10.1007/s00122-012-1988-2,10.1126/science.285.5433.1562,VIVC passport (via Lacombe 2013)
SAINT COME,GOUAIS B,Lacombe 2013,10.1007/s00122-012-1988-2,,VIVC passport (via Lacombe 2013)
SAINT COME,MOURAL,Lacombe 2013,10.1007/s00122-012-1988-2,,VIVC passport (via Lacombe 2013)
SAINT FIACRE,SULTANINE,Lacombe 2013,10.1007/s00122-012-1988-2,,VIVC passport (via Lacombe 2013)
SAINT FIACRE,GROS COLMAN,Lacombe 2013,10.1007/s00122-012-1988-2,,VIVC passport (via Lacombe 2013)
SAINT PIERRE DORE,GOUAIS B,Lacombe 2013,10.1007/s00122-012-1988-2,,VIVC passport (via Lacombe 2013)
SAINT PIERRE DORE,SAUVIGNONASSE,Lacombe 2013,10.1007/s00122-012-1988-2,,VIVC passport (via Lacombe 2013)
SAINTON,ONDENC,Lacombe 2013,10.1007/s00122-012-1988-2,,VIVC passport (via Lacombe 2013)
SAINTON,UGNI BLANC,Lacombe 2013,10.1007/s00122-012-1988-2,,VIVC passport (via Lacombe 2013)
SALICETTE (COLLECTION PARC DE LA TETE D'OR),PRECOCE DE MALINGRE,Lacombe 2013,10.1007/s00122-012-1988-2,,VIVC passport (via Lacombe 2013)
SALICETTE (COLLECTION PARC DE LA TETE D'OR),PRECOCE DE MALINGRE,Lacombe 2013,10.1007/s00122-012-1988-2,,VIVC passport (via Lacombe 2013)
MORGENTINO,FORCESE,none,10.20870/oeno-one.2021.55.3.4628,10.20870/oeno-one.2021.55.3.4628,VIVC passport (pedigree confirmed by markers)
MORGENTINO,SCIACCARELLO,none,10.20870/oeno-one.2021.55.3.4628,10.20870/oeno-one.2021.55.3.4628,VIVC passport (pedigree confirmed by markers)
BELAIR,BARLINKA,Lacombe 2013,10.1007/s00122-012-1988-2,,VIVC passport (via Lacombe 2013)
BELAIR,ALPHONSE LAVALLEE,Lacombe 2013,10.1007/s00122-012-1988-2,,VIVC passport (via Lacombe 2013)
SAN MARTINO,CHATUS,none,10.1016/j.scienta.2017.02.044,10.1016/j.scienta.2017.02.044,VIVC passport (pedigree confirmed by markers)
SAN MARTINO,DOLCETTO,none,10.1016/j.scienta.2017.02.044,10.1016/j.scienta.2017.02.044,VIVC passport (pedigree confirmed by markers)
SAN MICHELE,CHATUS,Lacombe & Emanuelli 2020,10.1016/j.scienta.2017.02.044,10.1016/j.scienta.2017.02.044,VIVC passport (via Lacombe & Emanuelli 2020)
SAN MICHELE,BARBERA,Lacombe & Emanuelli 2020,10.1016/j.scienta.2017.02.044,10.1016/j.scienta.2017.02.044,VIVC passport (via Lacombe & Emanuelli 2020)
SANTA MAGDALENA,PLANTA FINA DE PEDRALBA,Lacombe & Emanuelli 2020; Lacombe 2013; Laucou 2018,10.1007/s00122-012-1988-2,10.1007/s10722-011-9706-5; 10.1007/s11295-014-0746-9,VIVC passport (via Lacombe & Emanuelli 2020; Lacombe 2013; Laucou 2018)
SANTA MAGDALENA,LEGIRUELA,Lacombe & Emanuelli 2020; Lacombe 2013; Laucou 2018,10.1007/s00122-012-1988-2,10.1007/s10722-011-9706-5; 10.1007/s11295-014-0746-9,VIVC passport (via Lacombe & Emanuelli 2020; Lacombe 2013; Laucou 2018)
SARBA,RIESLING ITALICO,Lacombe 2013,10.1007/s00122-012-1988-2,,VIVC passport (via Lacombe 2013)
SARBA,MUSCAT DE HAMBOURG,Lacombe 2013,10.1007/s00122-012-1988-2,,VIVC passport (via Lacombe 2013)
SAUTERNE BLANC,SEMILLON,Lacombe 2013,10.1007/s00122-012-1988-2,,VIVC passport (via Lacombe 2013)
SAUTERNE BLANC,JURANCON BLANC,Lacombe 2013,10.1007/s00122-012-1988-2,,VIVC passport (via Lacombe 2013)
SAVVATIANO,RHODITIS,Lacombe 2013,10.1007/s00122-012-1988-2,,VIVC passport (via Lacombe 2013)
SAVVATIANO,KARYSTINO,Lacombe 2013,10.1007/s00122-012-1988-2,,VIVC passport (via Lacombe 2013)
SCACCO,FORCESE D ASCOLI,Cipriani 2010,10.1007/s00122-010-1411-9,,VIVC passport (via Cipriani 2010)
SCACCO,QUAIARA,Cipriani 2010,10.1007/s00122-010-1411-9,,VIVC passport (via Cipriani 2010)
SCHEUREBE,RIESLING,Lacombe 2013,10.1007/s00122-012-1988-2,,VIVC passport (via Lacombe 2013)
SCHEUREBE,BUKETTREBE,Lacombe 2013,10.1007/s00122-012-1988-2,,VIVC passport (via Lacombe 2013)
SCHOENBURGER,PINOT NOIR,none,,,VIVC passport (pedigree confirmed by markers)
SCHOENBURGER,PIROVANO 1,none,,,VIVC passport (pedigree confirmed by markers)
SCHUYLER,ZINFANDEL,none,,,VIVC passport (pedigree confirmed by markers)
SCHUYLER,ONTARIO,none,,,VIVC passport (pedigree confirmed by markers)
SCIACCARELLO,BOGGIONE ROSSO,Cipriani 2010,10.1007/s00122-010-1411-9,,VIVC passport (via Cipriani 2010)
SCIACCARELLO,UVA DEI VECCHI,Cipriani 2010,10.1007/s00122-010-1411-9,,VIVC passport (via Cipriani 2010)
SEGALIN,JURANCON NOIR,Lacombe 2013,10.1007/s00122-012-1988-2,,VIVC passport (via Lacombe 2013)
SEGALIN,PORTUGIESER BLAU,Lacombe 2013,10.1007/s00122-012-1988-2,,VIVC passport (via Lacombe 2013)
SEIBEL 57,MUNSON,none,,,VIVC passport (pedigree confirmed by markers)
SEIBEL 57,GANZIN 1,none,,,VIVC passport (pedigree confirmed by markers)
SEIBEL 110,MUNSON,none,,,VIVC passport (pedigree confirmed by markers)
SEIBEL 110,PETITE SIRAH,none,,,VIVC passport (pedigree confirmed by markers)
SEIBEL 149,MUNSON,none,,,VIVC passport (pedigree confirmed by markers)
SEIBEL 149,CINSAUT,none,,,VIVC passport (pedigree confirmed by markers)
SEIBEL 428,MUNSON,none,,,VIVC passport (pedigree confirmed by markers)
SEIBEL 428,GANZIN 1,none,,,VIVC passport (pedigree confirmed by markers)
SEIBEL 437,MUNSON,none,,,VIVC passport (pedigree confirmed by markers)
SEIBEL 437,GANZIN 1,none,,,VIVC passport (pedigree confirmed by markers)
SEIBEL 600,SEIBEL 209,none,,,VIVC passport (pedigree confirmed by markers)
SEIBEL 600,GANZIN 1,none,,,VIVC passport (pedigree confirmed by markers)
SEIBEL 626,MUNSON,none,,,VIVC passport (pedigree confirmed by markers)
SEIBEL 626,GANZIN 1,none,,,VIVC passport (pedigree confirmed by markers)
SEIBEL 867,VIVARAIS,none,10.5073/vitis.2021.60.189-193,10.5073/vitis.2021.60.189-193,VIVC passport (pedigree confirmed by markers)
SEIBEL 867,NOAH,none,10.5073/vitis.2021.60.189-193,10.5073/vitis.2021.60.189-193,VIVC passport (pedigree confirmed by markers)
SEIBEL 880,PARENT 1 WAS NOT CONFIRMED,none,10.5073/vitis.2021.60.189-193,10.5073/vitis.2021.60.189-193,VIVC passport (pedigree confirmed by markers)
SEIBEL 880,VIVARAIS,none,10.5073/vitis.2021.60.189-193,10.5073/vitis.2021.60.189-193,VIVC passport (pedigree confirmed by markers)
SEIBEL 8724,SEIBEL 5163,none,,,VIVC passport (pedigree confirmed by markers)
SEIBEL 8724,SEIBEL 880,none,,,VIVC passport (pedigree confirmed by markers)
SELECT,BICANE,Lacombe 2013,10.1007/s00122-012-1988-2,,VIVC passport (via Lacombe 2013)
SELECT,DATTIER DE BEYROUTH = AFUZ ALI,Lacombe 2013,10.1007/s00122-012-1988-2,,VIVC passport (via Lacombe 2013)
SELEKTION OPPENHEIM 4,BERLANDIERI RESSEGUIER 2,Migliaro 2019,10.1007/s00122-019-03320-5,10.1007/s00122-019-03320-5,VIVC passport (via Migliaro 2019)
SELEKTION OPPENHEIM 4,RIPARIA GLOIRE DE MONTPELLIER,Migliaro 2019,10.1007/s00122-019-03320-5,10.1007/s00122-019-03320-5,VIVC passport (via Migliaro 2019)
SEMEBAT,BAROQUE,Lacombe 2013,10.1007/s00122-012-1988-2,,VIVC passport (via Lacombe 2013)
SEMEBAT,MALBEC,Lacombe 2013,10.1007/s00122-012-1988-2,,VIVC passport (via Lacombe 2013)
SENA,HEBIEN,Lacombe & Emanuelli 2020; Laucou 2018,10.1371/journal.pone.0192540,10.5073/vitis.2015.54.special-issue.81-86,VIVC passport (via Lacombe & Emanuelli 2020; Laucou 2018)
SENA,MANSENG NOIR,Lacombe & Emanuelli 2020; Laucou 2018,10.1371/journal.pone.0192540,10.5073/vitis.2015.54.special-issue.81-86,VIVC passport (via Lacombe & Emanuelli 2020; Laucou 2018)
SEPTIMER,SAVAGNIN BLANC,Lacombe 2013,10.1007/s00122-012-1988-2,,VIVC passport (via Lacombe 2013)
SEPTIMER,MUELLER THURGAU,Lacombe 2013,10.1007/s00122-012-1988-2,,VIVC passport (via Lacombe 2013)
SERCEALINHO,VITAL,Cunha 2020,10.3389/fpls.2020.00127,,VIVC passport (via Cunha 2020)
SERCEALINHO,UVA CAO,Cunha 2020,10.3389/fpls.2020.00127,,VIVC passport (via Cunha 2020)
SERENEZE,GOUAIS BLANC,Lacombe 2013,10.1007/s00122-012-1988-2,,VIVC passport (via Lacombe 2013)
SERENEZE,CHATUS,Lacombe 2013,10.1007/s00122-012-1988-2,,VIVC passport (via Lacombe 2013)
SERVANT,WILDBACHER DE HONGRIE,Lacombe & Emanuelli 2020; Lacombe 2013; Laucou 2018,10.1007/s00122-012-1988-2,,VIVC passport (via Lacombe & Emanuelli 2020; Lacombe 2013; Laucou 2018)
SERVANT,FERRAL = PRUNESTA ROSSO VIOLACEA,Lacombe & Emanuelli 2020; Lacombe 2013; Laucou 2018,10.1007/s00122-012-1988-2,,VIVC passport (via Lacombe & Emanuelli 2020; Lacombe 2013; Laucou 2018)
SEVAN,KARMIR KAKHANI,Lacombe 2013,10.1007/s00122-012-1988-2,,VIVC passport (via Lacombe 2013)
SEVAN,ZHELUDEVYI,Lacombe 2013,10.1007/s00122-012-1988-2,,VIVC passport (via Lacombe 2013)
SEYVAL BLANC,SEIBEL 5656,none,,,VIVC passport (pedigree confirmed by markers)
SEYVAL BLANC,RAYON D'OR,none,,,VIVC passport (pedigree confirmed by markers)
SEYVAL NOIR,SEIBEL 5656,none,,,VIVC passport (pedigree confirmed by markers)
SEYVAL NOIR,SEIBEL 4986,none,,,VIVC passport (pedigree confirmed by markers)
SEYVE VILLARD 12- 286,SEIBEL 6468,none,,,VIVC passport (pedigree confirmed by markers)
SEYVE VILLARD 12- 286,SUBEREUX,none,,,VIVC passport (pedigree confirmed by markers)
SEYVE VILLARD 12- 303,SEIBEL 6468,none,,,VIVC passport (pedigree confirmed by markers)
SEYVE VILLARD 12- 303,SEIBEL 6905,none,,,VIVC passport (pedigree confirmed by markers)
SEYVE VILLARD 12- 308,SEIBEL 6468,none,,,VIVC passport (pedigree confirmed by markers)
SEYVE VILLARD 12- 308,SEIBEL 6905,none,,,VIVC passport (pedigree confirmed by markers)
SEYVE VILLARD 12- 327,SEIBEL 6468,none,,,VIVC passport (pedigree confirmed by markers)
SEYVE VILLARD 12- 327,SEIBEL 6905,none,,,VIVC passport (pedigree confirmed by markers)
SEYVE VILLARD 12- 347,SEIBEL 6468,none,,,VIVC passport (pedigree confirmed by markers)
SEYVE VILLARD 12- 347,SEIBEL 6905,none,,,VIVC passport (pedigree confirmed by markers)
SEYVE VILLARD 12- 358,SEIBEL 6468,none,,,VIVC passport (pedigree confirmed by markers)
SEYVE VILLARD 12- 358,SUBEREUX,none,,,VIVC passport (pedigree confirmed by markers)
SEYVE VILLARD 12- 391,SEIBEL 6468,none,,,VIVC passport (pedigree confirmed by markers)
SEYVE VILLARD 12- 391,SEIBEL 6905,none,,,VIVC passport (pedigree confirmed by markers)
SEYVE VILLARD 12- 397,SEIBEL 6468,none,,,VIVC passport (pedigree confirmed by markers)
SEYVE VILLARD 12- 397,SEIBEL 6905,none,,,VIVC passport (pedigree confirmed by markers)
SEYVE VILLARD 12- 417,SEIBEL 6468,none,10.5073/vitis.2021.60.189-193,10.5073/vitis.2021.60.189-193,VIVC passport (pedigree confirmed by markers)
SEYVE VILLARD 12- 417,SUBEREUX,none,10.5073/vitis.2021.60.189-193,10.5073/vitis.2021.60.189-193,VIVC passport (pedigree confirmed by markers)
SEYVE VILLARD 27- 531,COARNA NEAGRA,none,,,VIVC passport (pedigree confirmed by markers)
SEYVE VILLARD 27- 531,VILLARD BLANC,none,,,VIVC passport (pedigree confirmed by markers)
SHAKAR ANGUR TASHKENTSKII,MATRASSA BLANC FAUX,Lacombe 2013,10.1007/s00122-012-1988-2,,VIVC passport (via Lacombe 2013)
SHAKAR ANGUR TASHKENTSKII,KHOUSSAINE BLANC,Lacombe 2013,10.1007/s00122-012-1988-2,,VIVC passport (via Lacombe 2013)
SHAMPANCHIK BESSERGENEVSKII,COARNA ALBA,none,10.1134/S2635167622050135,10.1134/S2635167622050135,VIVC passport (pedigree confirmed by markers)
SHAMPANCHIK BESSERGENEVSKII,BULANYI,none,10.1134/S2635167622050135,10.1134/S2635167622050135,VIVC passport (pedigree confirmed by markers)
SHIRVAN SHAKHI,CHIRVAN CHAKHI FAUX,Lacombe 2013,10.1007/s00122-012-1988-2,,VIVC passport (via Lacombe 2013)
SHIRVAN SHAKHI,ALII TIERSKII,Lacombe 2013,10.1007/s00122-012-1988-2,,VIVC passport (via Lacombe 2013)
SIBIRKOVYI,COARNA ALBA,none,10.1134/S2635167622050135,10.1134/S2635167622050135,VIVC passport (pedigree confirmed by markers)
SIBIRKOVYI,BULANYI,none,10.1134/S2635167622050135,10.1134/S2635167622050135,VIVC passport (pedigree confirmed by markers)
SICILIEN,BICANE,Lacombe 2013,10.1007/s00122-012-1988-2,,VIVC passport (via Lacombe 2013)
SICILIEN,PASCAL,Lacombe 2013,10.1007/s00122-012-1988-2,,VIVC passport (via Lacombe 2013)
SIEGERREBE,MADELEINE ANGEVINE,Lacombe & Emanuelli 2020; Lacombe 2013; Laucou 2018,10.1007/s00122-012-1988-2,,VIVC passport (via Lacombe & Emanuelli 2020; Lacombe 2013; Laucou 2018)
SIEGERREBE,SAVAGNIN BLANC,Lacombe & Emanuelli 2020; Lacombe 2013; Laucou 2018,10.1007/s00122-012-1988-2,,VIVC passport (via Lacombe & Emanuelli 2020; Lacombe 2013; Laucou 2018)
SIEGFRIEDREBE,GEILWEILERHOF VI. 5861,none,,,VIVC passport (pedigree confirmed by markers)
SIEGFRIEDREBE,RIESLING WEISS,none,,,VIVC passport (pedigree confirmed by markers)
SILCHER,KERNER,Lacombe 2013,10.1007/s00122-012-1988-2,,VIVC passport (via Lacombe 2013)
SILCHER,SILVANER GRUEN,Lacombe 2013,10.1007/s00122-012-1988-2,,VIVC passport (via Lacombe 2013)
SILVANER GRUEN,SAVAGNIN BLANC,none,,,VIVC passport (pedigree confirmed by markers)
SILVANER GRUEN,OESTERREICHISCH WEISS,none,,,VIVC passport (pedigree confirmed by markers)
SILVANIA,BICANE,Lacombe 2013,10.1007/s00122-012-1988-2,,VIVC passport (via Lacombe 2013)
SILVANIA,LIMBERGER = BLAUFRÄNKISCH,Lacombe 2013,10.1007/s00122-012-1988-2,,VIVC passport (via Lacombe 2013)
SIRIO,VERDISO,none,10.1016/j.scienta.2017.02.044,10.1016/j.scienta.2017.02.044,VIVC passport (pedigree confirmed by markers)
SIRIO,MADELEINE ROYALE,none,10.1016/j.scienta.2017.02.044,10.1016/j.scienta.2017.02.044,VIVC passport (pedigree confirmed by markers)
SIRMIUM,SAUVIGNON BLANC,none,,,VIVC passport (pedigree confirmed by markers)
SIRMIUM,DIMYAT,none,,,VIVC passport (pedigree confirmed by markers)
SISI,SILVANER,none,,,VIVC passport (pedigree confirmed by markers)
SISI,SIEGERREBE,none,,,VIVC passport (pedigree confirmed by markers)
SLANKAMENKA BELA,BALINT,Lacombe 2013,10.1007/s00122-012-1988-2,,VIVC passport (via Lacombe 2013)
SLANKAMENKA BELA,RAZACHIE ROSIE,Lacombe 2013,10.1007/s00122-012-1988-2,,VIVC passport (via Lacombe 2013)
SOLFERINO,REGINA,Lacombe 2013,10.1007/s00122-012-1988-2,,VIVC passport (via Lacombe 2013)
SOLFERINO,ANGELO PIROVANO,Lacombe 2013,10.1007/s00122-012-1988-2,,VIVC passport (via Lacombe 2013)
SOPERNIK,SEVERNYI,none,,,VIVC passport (pedigree confirmed by markers)
SOPERNIK,MUSCAT A PETITS GRAINS BLANCS,none,,,VIVC passport (pedigree confirmed by markers)
SOROK LYET OKTYABRYA,KOPCHAK,Lacombe 2013,10.1007/s00122-012-1988-2,10.3103/S0095452718050031,VIVC passport (via Lacombe 2013)
SOROK LYET OKTYABRYA,ALICANTE HENRI BOUSCHET,Lacombe 2013,10.1007/s00122-012-1988-2,10.3103/S0095452718050031,VIVC passport (via Lacombe 2013)
SOUTHLAND,THOMAS,none,10.21273/JASHS.133.4.559,10.21273/JASHS.133.4.559,VIVC passport (pedigree confirmed by markers)
SOUTHLAND,PARENT 2 WAS NOT CONFIRMED,none,10.21273/JASHS.133.4.559,10.21273/JASHS.133.4.559,VIVC passport (pedigree confirmed by markers)
SOUVENIR DU CONGRES,COARNA ALBA,Lacombe 2013,10.1007/s00122-012-1988-2,,VIVC passport (via Lacombe 2013)
SOUVENIR DU CONGRES,CHASSELAS,Lacombe 2013,10.1007/s00122-012-1988-2,,VIVC passport (via Lacombe 2013)
SOVEREIGN NOIR,MARECHAL FOCH,none,,,VIVC passport (pedigree confirmed by markers)
SOVEREIGN NOIR,SCHUYLER,none,,,VIVC passport (pedigree confirmed by markers)
SOVEREIGN OPAL,GOLDEN MUSCAT,none,,,VIVC passport (pedigree confirmed by markers)
SOVEREIGN OPAL,MARECHAL FOCH,none,,,VIVC passport (pedigree confirmed by markers)
SOVEREIGN TIARA,GOLDEN MUSCAT,none,,,VIVC passport (pedigree confirmed by markers)
SOVEREIGN TIARA,MARECHAL FOCH,none,,,VIVC passport (pedigree confirmed by markers)
SOVRANA,FRANKENTHAL,Lacombe 2013,10.1007/s00122-012-1988-2,,VIVC passport (via Lacombe 2013)
SOVRANA,DELIZIA DI VAPRIO,Lacombe 2013,10.1007/s00122-012-1988-2,,VIVC passport (via Lacombe 2013)
STERLING,PARENT 1 WAS NOT CONFIRMED,none,10.21273/JASHS.133.4.559,10.21273/JASHS.133.4.559,VIVC passport (pedigree confirmed by markers)
STERLING,MAGNOLIA,none,10.21273/JASHS.133.4.559,10.21273/JASHS.133.4.559,VIVC passport (pedigree confirmed by markers)
SUFFOLK RED,FREDONIA,none,,,VIVC passport (pedigree confirmed by markers)
SUFFOLK RED,KISHMISH CHERNYI,none,,,VIVC passport (pedigree confirmed by markers)
SUGARGATE,FRY,none,10.21273/JASHS.133.4.559,10.21273/JASHS.133.4.559,VIVC passport (pedigree confirmed by markers)
SUGARGATE,PARENT 2 WAS NOT CONFIRMED,none,10.21273/JASHS.133.4.559,10.21273/JASHS.133.4.559,VIVC passport (pedigree confirmed by markers)
SUKHOLIMANSKII BELYI,CHARDONNAY,Lacombe 2013,10.1007/s00122-012-1988-2,10.3103/S0095452718050031,VIVC passport (via Lacombe 2013)
SUKHOLIMANSKII BELYI,PLAVAI,Lacombe 2013,10.1007/s00122-012-1988-2,10.3103/S0095452718050031,VIVC passport (via Lacombe 2013)
SULIVAN BLANC,SCHIRAS,Lacombe 2013,10.1007/s00122-012-1988-2,,VIVC passport (via Lacombe 2013)
SULIVAN BLANC,CHASSELAS,Lacombe 2013,10.1007/s00122-012-1988-2,,VIVC passport (via Lacombe 2013)
SULMER,BLAUFRAENKISCH,none,,,VIVC passport (pedigree confirmed by markers)
SULMER,PINOT SALOMON,none,,,VIVC passport (pedigree confirmed by markers)
SULTANA MOSCATA,MUSCAT OF ALEXANDRIA,Lacombe & Emanuelli 2020; Lacombe 2013; Laucou 2018,10.1007/s00122-012-1988-2,,VIVC passport (via Lacombe & Emanuelli 2020; Lacombe 2013; Laucou 2018)
SULTANA MOSCATA,SULTANINE,Lacombe & Emanuelli 2020; Lacombe 2013; Laucou 2018,10.1007/s00122-012-1988-2,,VIVC passport (via Lacombe & Emanuelli 2020; Lacombe 2013; Laucou 2018)
SUMMIT,FRY,none,10.21273/JASHS.133.4.559,10.21273/JASHS.133.4.559,VIVC passport (pedigree confirmed by markers)
SUMMIT,PARENT 2 WAS NOT CONFIRMED,none,10.21273/JASHS.133.4.559,10.21273/JASHS.133.4.559,VIVC passport (pedigree confirmed by markers)
SOPERGA,BARBERA,none,10.1016/j.scienta.2017.02.044,10.1016/j.scienta.2017.02.044,VIVC passport (pedigree confirmed by markers)
SOPERGA,CHATUS,none,10.1016/j.scienta.2017.02.044,10.1016/j.scienta.2017.02.044,VIVC passport (pedigree confirmed by markers)
SYKIOTIS,KONTEGALO,Lacombe 2013,10.1007/s00122-012-1988-2,,VIVC passport (via Lacombe 2013)
SYKIOTIS,VRADYANO,Lacombe 2013,10.1007/s00122-012-1988-2,,VIVC passport (via Lacombe 2013)
SZAGOS BAJNAR,HALHOLYAG,Lacombe 2013,10.1007/s00122-012-1988-2,,VIVC passport (via Lacombe 2013)
SZAGOS BAJNAR,LISZTES FEHER,Lacombe 2013,10.1007/s00122-012-1988-2,,VIVC passport (via Lacombe 2013)
SZAUTER GUSZTAV,CALABRE,Lacombe 2013,10.1007/s00122-012-1988-2,10.1007/s11295-014-0746-9,VIVC passport (via Lacombe 2013)
SZAUTER GUSZTAV,MUSCAT D'ALEXANDRIE,Lacombe 2013,10.1007/s00122-012-1988-2,10.1007/s11295-014-0746-9,VIVC passport (via Lacombe 2013)
SZEGENY EMBER SZOELOEJE,ROSA MENNA DI VACCA,Lacombe 2013,10.1007/s00122-012-1988-2,,VIVC passport (via Lacombe 2013)
SZEGENY EMBER SZOELOEJE,MATHIASZ JANOSNE,Lacombe 2013,10.1007/s00122-012-1988-2,,VIVC passport (via Lacombe 2013)
TAMAREZ MOSCATEL,TAMAREZ,Lacombe 2013,10.1007/s00122-012-1988-2,,VIVC passport (via Lacombe 2013)
TAMAREZ MOSCATEL,MUSCAT D'ALEXANDRIE,Lacombe 2013,10.1007/s00122-012-1988-2,,VIVC passport (via Lacombe 2013)
TANDANYA,BICANE,Lacombe 2013,10.1007/s00122-012-1988-2,,VIVC passport (via Lacombe 2013)
TANDANYA,HEPTAKILO,Lacombe 2013,10.1007/s00122-012-1988-2,,VIVC passport (via Lacombe 2013)
TARNAU,ANGOOR KALAN,Lacombe 2013,10.1007/s00122-012-1988-2,,VIVC passport (via Lacombe 2013)
TARNAU,KICHMICH ROND,Lacombe 2013,10.1007/s00122-012-1988-2,,VIVC passport (via Lacombe 2013)
TARRANGO,TOURIGA NACIONAL,Lacombe & Emanuelli 2020; Lacombe 2013; Laucou 2018,10.1007/s00122-012-1988-2,,VIVC passport (via Lacombe & Emanuelli 2020; Lacombe 2013; Laucou 2018)
TARRANGO,SULTANA,Lacombe & Emanuelli 2020; Lacombe 2013; Laucou 2018,10.1007/s00122-012-1988-2,,VIVC passport (via Lacombe & Emanuelli 2020; Lacombe 2013; Laucou 2018)
TAVRIDA,SAPERAVI,Lacombe 2013,10.1007/s00122-012-1988-2,,VIVC passport (via Lacombe 2013)
TAVRIDA,CABERNET SAUVIGNON,Lacombe 2013,10.1007/s00122-012-1988-2,,VIVC passport (via Lacombe 2013)
CUBRICA,COARNA ALB,none,10.1038/s41598-020-71918-7,10.1038/s41598-020-71918-7,VIVC passport (pedigree confirmed by markers)
CUBRICA,KRATOSIJA,none,10.1038/s41598-020-71918-7,10.1038/s41598-020-71918-7,VIVC passport (pedigree confirmed by markers)
TELEKI 5 A,BERLANDIERI RESSEGUIER 2,none,10.1007/s00122-019-03320-5,10.1007/s00122-019-03320-5,VIVC passport (pedigree confirmed by markers)
TELEKI 5 A,RIPARIA GLOIRE DE MONTPELLIER,none,10.1007/s00122-019-03320-5,10.1007/s00122-019-03320-5,VIVC passport (pedigree confirmed by markers)
TELEKI 5 C,BERLANDIERI RESSEGUIER 2,Migliaro 2019,10.1007/s00122-019-03320-5,10.1007/s00122-019-03320-5,VIVC passport (via Migliaro 2019)
TELEKI 5 C,RIPARIA GLOIRE DE MONTPELLIER,Migliaro 2019,10.1007/s00122-019-03320-5,10.1007/s00122-019-03320-5,VIVC passport (via Migliaro 2019)
TELEKI 8 B,RESSEGUIER 2,Migliaro 2019,10.1007/s00122-019-03320-5,10.1007/s00122-019-03320-5,VIVC passport (via Migliaro 2019)
TELEKI 8 B,RIPARIA GLOIRE DE MONTPELLIER,Migliaro 2019,10.1007/s00122-019-03320-5,10.1007/s00122-019-03320-5,VIVC passport (via Migliaro 2019)
TELEKI 8 B SEL. FERRARI,RESSEGUIER N. 2,Migliaro 2019,10.5344/ajev.2019.18054,,VIVC passport (via Migliaro 2019)
TELEKI 8 B SEL. FERRARI,RIPARIA GLOIRE DE MONTPELLIER,Migliaro 2019,10.5344/ajev.2019.18054,,VIVC passport (via Migliaro 2019)
TELEKI 10 A,SOLONIS,Migliaro 2019,10.5344/ajev.2019.18054,,VIVC passport (via Migliaro 2019)
TELEKI 10 A,PARENT 2 IS MOST LIKELY EXTINCT,Migliaro 2019,10.5344/ajev.2019.18054,,VIVC passport (via Migliaro 2019)
KOBER 125 AA,RESSEGUIER 2,Migliaro 2019,10.1007/s00122-019-03320-5,10.1007/s00122-019-03320-5,VIVC passport (via Migliaro 2019)
KOBER 125 AA,RIPARIA GLOIRE DE MONTPELLIER,Migliaro 2019,10.1007/s00122-019-03320-5,10.1007/s00122-019-03320-5,VIVC passport (via Migliaro 2019)
TEMPRANILLO TINTO,ALBILLO MAYOR,Cunha 2020; Lacombe & Emanuelli 2020; Laucou 2018,10.1007/s10722-013-0064-3,10.1007/s10722-013-0064-3; 10.5344/ajev.2012.12012,VIVC passport (via Cunha 2020; Lacombe & Emanuelli 2020; Laucou 2018)
TEMPRANILLO TINTO,BENEDICTO,Cunha 2020; Lacombe & Emanuelli 2020; Laucou 2018,10.1007/s10722-013-0064-3,10.1007/s10722-013-0064-3; 10.5344/ajev.2012.12012,VIVC passport (via Cunha 2020; Lacombe & Emanuelli 2020; Laucou 2018)
TEOULIER BLANC FEMELLE,CLAIRETTE,Lacombe 2013,10.1007/s00122-012-1988-2,,VIVC passport (via Lacombe 2013)
TEOULIER BLANC FEMELLE,PASCAL,Lacombe 2013,10.1007/s00122-012-1988-2,,VIVC passport (via Lacombe 2013)
TEOULIER NOIR,POUGAYEN,Lacombe 2013,10.1007/s00122-012-1988-2,,VIVC passport (via Lacombe 2013)
TEOULIER NOIR,PLANT D'ENTRECHAUX,Lacombe 2013,10.1007/s00122-012-1988-2,,VIVC passport (via Lacombe 2013)
TERESITA,MUSCAT HAMBURG,Lacombe 2013,10.1007/s00122-012-1988-2,,VIVC passport (via Lacombe 2013)
TERESITA,CICLOPICA,Lacombe 2013,10.1007/s00122-012-1988-2,,VIVC passport (via Lacombe 2013)
TERRAMON ROND,TERRET BLANC,Lacombe 2013,10.1007/s00122-012-1988-2,,VIVC passport (via Lacombe 2013)
TERRAMON ROND,ARAMON GRIS,Lacombe 2013,10.1007/s00122-012-1988-2,,VIVC passport (via Lacombe 2013)
TERRET BOUSCHET,TERRET,Lacombe 2013,10.1007/s00122-012-1988-2,,VIVC passport (via Lacombe 2013)
TERRET BOUSCHET,BOUSCHET PETIT,Lacombe 2013,10.1007/s00122-012-1988-2,,VIVC passport (via Lacombe 2013)
TERZI 1,BARBERA,Cipriani 2010; Lacombe & Emanuelli 2020,10.1007/s00122-010-1411-9,,VIVC passport (via Cipriani 2010; Lacombe & Emanuelli 2020)
TERZI 1,MERLOT,Cipriani 2010; Lacombe & Emanuelli 2020,10.1007/s00122-010-1411-9,,VIVC passport (via Cipriani 2010; Lacombe & Emanuelli 2020)
THALLOCZY LAJOS,SICILIEN,Lacombe 2013,10.1007/s00122-012-1988-2,10.1007/s11295-014-0746-9,VIVC passport (via Lacombe 2013)
THALLOCZY LAJOS,MUSCAT OF ALEXANDRIA,Lacombe 2013,10.1007/s00122-012-1988-2,10.1007/s11295-014-0746-9,VIVC passport (via Lacombe 2013)
THERME,CINSAUT,Lacombe 2013,10.1007/s00122-012-1988-2,,VIVC passport (via Lacombe 2013)
THERME,KOENIGIN DER WEINGAERTEN,Lacombe 2013,10.1007/s00122-012-1988-2,,VIVC passport (via Lacombe 2013)
THOMUSCAT,MUSCAT OF ALEXANDRIA,none,10.5073/vitis.2001.40.23-30,10.5073/vitis.2001.40.23-30,VIVC passport (pedigree confirmed by markers)
THOMUSCAT,THOMPSON SEEDLESS,none,10.5073/vitis.2001.40.23-30,10.5073/vitis.2001.40.23-30,VIVC passport (pedigree confirmed by markers)
TIGRANI,SAPERAVI,Margaryan 2021,10.3390/biology10121279,,VIVC passport (via Margaryan 2021)
TIGRANI,ARENI SEV,Margaryan 2021,10.3390/biology10121279,,VIVC passport (via Margaryan 2021)
TINOS,MUSCAT DE HAMBOURG,Lacombe 2013,10.1007/s00122-012-1988-2,,VIVC passport (via Lacombe 2013)
TINOS,DATTIER DE BEYROUTH,Lacombe 2013,10.1007/s00122-012-1988-2,,VIVC passport (via Lacombe 2013)
TINTA AGUIAR,MARUFO,Cunha 2020,10.3389/fpls.2020.00127,,VIVC passport (via Cunha 2020)
TINTA AGUIAR,TOURIGA NACIONAL,Cunha 2020,10.3389/fpls.2020.00127,,VIVC passport (via Cunha 2020)
VALDOSA,MARUFO,Cunha 2020,10.3389/fpls.2020.00127,,VIVC passport (via Cunha 2020)
VALDOSA,CORNIFESTO,Cunha 2020,10.3389/fpls.2020.00127,,VIVC passport (via Cunha 2020)
TINTA BARROCA,MARUFO,Cunha 2020; Lacombe & Emanuelli 2020; Lacombe 2013; Laucou 2018,10.1007/s00122-012-1988-2,10.1016/j.scienta.2010.11.018,VIVC passport (via Cunha 2020; Lacombe & Emanuelli 2020; Lacombe 2013; Laucou 2018)
TINTA BARROCA,TOURIGA NACIONAL,Cunha 2020; Lacombe & Emanuelli 2020; Lacombe 2013; Laucou 2018,10.1007/s00122-012-1988-2,10.1016/j.scienta.2010.11.018,VIVC passport (via Cunha 2020; Lacombe & Emanuelli 2020; Lacombe 2013; Laucou 2018)
TINTA CARVALHA,CAINHO DA TERRA,Cunha 2020,10.3389/fpls.2020.00127,,VIVC passport (via Cunha 2020)
TINTA CARVALHA,CAYETANA BLANCA,Cunha 2020,10.3389/fpls.2020.00127,,VIVC passport (via Cunha 2020)
MOURISCO DE SEMENTE,MOURISCO TINTO = MARUFO,Cunha 2020; Lacombe 2013,10.1007/s00122-012-1988-2,,VIVC passport (via Cunha 2020; Lacombe 2013)
MOURISCO DE SEMENTE,BORRACAL,Cunha 2020; Lacombe 2013,10.1007/s00122-012-1988-2,,VIVC passport (via Cunha 2020; Lacombe 2013)
MELRA,MARUFO,Cunha 2020,10.3389/fpls.2020.00127,,VIVC passport (via Cunha 2020)
MELRA,TOURIGA NACIONAL,Cunha 2020,10.3389/fpls.2020.00127,,VIVC passport (via Cunha 2020)
ALCOA,GRAND NOIR,Cunha 2020,10.3389/fpls.2020.00127,,VIVC passport (via Cunha 2020)
ALCOA,CASTELAO,Cunha 2020,10.3389/fpls.2020.00127,,VIVC passport (via Cunha 2020)
CIDADELHE,MARUFO,Cunha 2020,10.3389/fpls.2020.00127,,VIVC passport (via Cunha 2020)
CIDADELHE,CASTELOA,Cunha 2020,10.3389/fpls.2020.00127,,VIVC passport (via Cunha 2020)
TINTA DE TABUACO,TROUSSEAU NOIR,Cunha 2020,10.3389/fpls.2020.00127,,VIVC passport (via Cunha 2020)
TINTA DE TABUACO,CASTELLANA BLANCA,Cunha 2020,10.3389/fpls.2020.00127,,VIVC passport (via Cunha 2020)
TINTA MESQUITA,MARUFO,Cunha 2020,10.3389/fpls.2020.00127,,VIVC passport (via Cunha 2020)
TINTA MESQUITA,VINHAO,Cunha 2020,10.3389/fpls.2020.00127,,VIVC passport (via Cunha 2020)
RICOCA,MARUFO,Cunha 2020,10.3389/fpls.2020.00127,,VIVC passport (via Cunha 2020)
RICOCA,TROUSSEAU NOIR,Cunha 2020,10.3389/fpls.2020.00127,,VIVC passport (via Cunha 2020)
TINTO DE PEGOES,CASTELAO,Cunha 2020,10.3389/fpls.2020.00127,,VIVC passport (via Cunha 2020)
TINTO DE PEGOES,ALICANTE HENRI BOUSCHET,Cunha 2020,10.3389/fpls.2020.00127,,VIVC passport (via Cunha 2020)
TINTORA,GERUSALEMME,Cipriani 2010,10.1007/s00122-010-1411-9,,VIVC passport (via Cipriani 2010)
TINTORA,AGLIANICO,Cipriani 2010,10.1007/s00122-010-1411-9,,VIVC passport (via Cipriani 2010)
TISSERAND,CABERNET SAUVIGNON,none,10.1007/s00122-019-03320-5,10.1007/s00122-019-03320-5,VIVC passport (pedigree confirmed by markers)
TISSERAND,PARENT 2 IS MOST LIKELY EXTINCT,none,10.1007/s00122-019-03320-5,10.1007/s00122-019-03320-5,VIVC passport (pedigree confirmed by markers)
TOEKOES PIROS,BEREGI ROZSAS,Lacombe 2013,10.1007/s00122-012-1988-2,,VIVC passport (via Lacombe 2013)
TOEKOES PIROS,FURMINT,Lacombe 2013,10.1007/s00122-012-1988-2,,VIVC passport (via Lacombe 2013)
HEUNISCH SCHWARZ,SUESSSCHWARZ,none,,,VIVC passport (pedigree confirmed by markers)
HEUNISCH SCHWARZ,GOUAIS BLANC,none,,,VIVC passport (pedigree confirmed by markers)
TOKUN,ARAKSENI BELYI,Margaryan 2021,10.3390/biology10121279,,VIVC passport (via Margaryan 2021)
TOKUN,ARARATI,Margaryan 2021,10.3390/biology10121279,,VIVC passport (via Margaryan 2021)
TOMPA MIHALY,QUEEN VICTORIA,Lacombe 2013,10.1007/s00122-012-1988-2,,VIVC passport (via Lacombe 2013)
TOMPA MIHALY,MUSCAT D'ALEXANDRIE,Lacombe 2013,10.1007/s00122-012-1988-2,,VIVC passport (via Lacombe 2013)
TOPSAIL,LATHAM,none,10.21273/JASHS.133.4.559,10.21273/JASHS.133.4.559,VIVC passport (pedigree confirmed by markers)
TOPSAIL,PARENT 2 WAS NOT CONFIRMED,none,10.21273/JASHS.133.4.559,10.21273/JASHS.133.4.559,VIVC passport (pedigree confirmed by markers)
TORRALBA,GIBI = HEBEN,Lacombe & Emanuelli 2020; Laucou 2018,10.1371/journal.pone.0192540,,VIVC passport (via Lacombe & Emanuelli 2020; Laucou 2018)
TORRALBA,BREVAL NEGRO,Lacombe & Emanuelli 2020; Laucou 2018,10.1371/journal.pone.0192540,,VIVC passport (via Lacombe & Emanuelli 2020; Laucou 2018)
TOTIKA,BAJOR KEK,Lacombe & Emanuelli 2020; Lacombe 2013; Laucou 2018,10.1007/s00122-012-1988-2,,VIVC passport (via Lacombe & Emanuelli 2020; Lacombe 2013; Laucou 2018)
TOTIKA,KADARKA,Lacombe & Emanuelli 2020; Lacombe 2013; Laucou 2018,10.1007/s00122-012-1988-2,,VIVC passport (via Lacombe & Emanuelli 2020; Lacombe 2013; Laucou 2018)
TOURIGA FEMEA,TOURIGA NACIONAL,Cunha 2020; Lacombe 2013,10.1007/s00122-012-1988-2,,VIVC passport (via Cunha 2020; Lacombe 2013)
TOURIGA FEMEA,ARINTO DO DAO,Cunha 2020; Lacombe 2013,10.1007/s00122-012-1988-2,,VIVC passport (via Cunha 2020; Lacombe 2013)
TOURIGA FRANCA,MARUFO,Cunha 2020; Lacombe & Emanuelli 2020; Laucou 2018,10.1016/j.scienta.2010.11.018,10.1016/j.scienta.2010.11.018,VIVC passport (via Cunha 2020; Lacombe & Emanuelli 2020; Laucou 2018)
TOURIGA FRANCA,TOURIGA NACIONAL,Cunha 2020; Lacombe & Emanuelli 2020; Laucou 2018,10.1016/j.scienta.2010.11.018,10.1016/j.scienta.2010.11.018,VIVC passport (via Cunha 2020; Lacombe & Emanuelli 2020; Laucou 2018)
TRICANA,DIAGALVES,Lacombe 2013,10.1007/s00122-012-1988-2,,VIVC passport (via Lacombe 2013)
TRICANA,SULTANINA,Lacombe 2013,10.1007/s00122-012-1988-2,,VIVC passport (via Lacombe 2013)
TRIOMPHE D'ALSACE,MILLARDET ET GRASSET 101 O.P.,none,,,VIVC passport (pedigree confirmed by markers)
TRIOMPHE D'ALSACE,KNIPPERLE,none,,,VIVC passport (pedigree confirmed by markers)
ELBLING BLAU,RIESLING WEISS,Lacombe 2013,10.1007/s00122-012-1988-2,,VIVC passport (via Lacombe 2013)
ELBLING BLAU,SCHIAVA GROSSA,Lacombe 2013,10.1007/s00122-012-1988-2,,VIVC passport (via Lacombe 2013)
TRIPOLI,ANGELO PIROVANO,Lacombe 2013,10.1007/s00122-012-1988-2,10.1007/s11295-014-0746-9,VIVC passport (via Lacombe 2013)
TRIPOLI,ITALIA,Lacombe 2013,10.1007/s00122-012-1988-2,10.1007/s11295-014-0746-9,VIVC passport (via Lacombe 2013)
TRIUNFO,CASTELAO,Cunha 2020,10.3389/fpls.2020.00127,,VIVC passport (via Cunha 2020)
TRIUNFO,MUSCAT HAMBURG,Cunha 2020,10.3389/fpls.2020.00127,,VIVC passport (via Cunha 2020)
TROYEN,PINOT,Lacombe 2013,10.1007/s00122-012-1988-2,,VIVC passport (via Lacombe 2013)
TROYEN,GOUAIS BLANC = HEUNISCH WEISS,Lacombe 2013,10.1007/s00122-012-1988-2,,VIVC passport (via Lacombe 2013)
TSIMLADAR,BURYI 2,none,10.1134/S2635167622050135,10.1134/S2635167622050135,VIVC passport (pedigree confirmed by markers)
TSIMLADAR,TSIMLYANSKIY CHERNYI,none,10.1134/S2635167622050135,10.1134/S2635167622050135,VIVC passport (pedigree confirmed by markers)
TSIMLYANSKII CHERNYI,PLETCHISTIK,Lacombe 2013,10.1007/s00122-012-1988-2,10.1134/S2635167622050135,VIVC passport (via Lacombe 2013)
TSIMLYANSKII CHERNYI,KOKOUR BELY,Lacombe 2013,10.1007/s00122-012-1988-2,10.1134/S2635167622050135,VIVC passport (via Lacombe 2013)
TSNORIS TETRI,KHARISTVALA TETRI,none,,,VIVC passport (pedigree confirmed by markers)
TSNORIS TETRI,RKATSITELI,none,,,VIVC passport (pedigree confirmed by markers)
TSVETOCHNYI,SEVERNYI,none,,,VIVC passport (pedigree confirmed by markers)
TSVETOCHNYI,MUSCAT A PETITS GRAINS BLANCS,none,,,VIVC passport (pedigree confirmed by markers)
TULILLAH,MACABEO,Lacombe 2013,10.1007/s00122-012-1988-2,,VIVC passport (via Lacombe 2013)
TULILLAH,SULTANA,Lacombe 2013,10.1007/s00122-012-1988-2,,VIVC passport (via Lacombe 2013)
TURKI,KARYSTINO,Lacombe 2013,10.1007/s00122-012-1988-2,,VIVC passport (via Lacombe 2013)
TURKI,HEPTAKILO,Lacombe 2013,10.1007/s00122-012-1988-2,,VIVC passport (via Lacombe 2013)
UBAKLURI,SAPENA,none,,,VIVC passport (pedigree confirmed by markers)
UBAKLURI,MTSVANE KAKHURI,none,,,VIVC passport (pedigree confirmed by markers)
URRETI,HARSLEVELUE,Lacombe 2013,10.1007/s00122-012-1988-2,,VIVC passport (via Lacombe 2013)
URRETI,SAUVIGNON,Lacombe 2013,10.1007/s00122-012-1988-2,,VIVC passport (via Lacombe 2013)
USHAHAS NAZELI,TEBRIZI,Margaryan 2021,10.3390/biology10121279,,VIVC passport (via Margaryan 2021)
USHAHAS NAZELI,ESKERI,Margaryan 2021,10.3390/biology10121279,,VIVC passport (via Margaryan 2021)
UVA DI TROIA,BOMBINO BIANCO,Lacombe & Emanuelli 2020; Lacombe 2013,10.1007/s00122-012-1988-2,10.1186/s40064-016-3228-8,VIVC passport (via Lacombe & Emanuelli 2020; Lacombe 2013)
UVA DI TROIA,BOUTEILLAN NOIR,Lacombe & Emanuelli 2020; Lacombe 2013,10.1007/s00122-012-1988-2,10.1186/s40064-016-3228-8,VIVC passport (via Lacombe & Emanuelli 2020; Lacombe 2013)
UVA TOSCA,CREPALLOCCHI,Cipriani 2010,10.1007/s00122-010-1411-9,,VIVC passport (via Cipriani 2010)
UVA TOSCA,SCHIAVA GROSSA,Cipriani 2010,10.1007/s00122-010-1411-9,,VIVC passport (via Cipriani 2010)
KARMIR ARARATI,KARMIR KAKHANI,Margaryan 2021,10.3390/biology10121279,,VIVC passport (via Margaryan 2021)
KARMIR ARARATI,ARARATI,Margaryan 2021,10.3390/biology10121279,,VIVC passport (via Margaryan 2021)
VALENTINO NERO,CHATUS,Lacombe & Emanuelli 2020,10.1016/j.scienta.2017.02.044,10.1016/j.scienta.2017.02.044,VIVC passport (via Lacombe & Emanuelli 2020)
VALENTINO NERO,DOLCETTO,Lacombe & Emanuelli 2020,10.1016/j.scienta.2017.02.044,10.1016/j.scienta.2017.02.044,VIVC passport (via Lacombe & Emanuelli 2020)
VANI,NIMRANG,none,,,VIVC passport (pedigree confirmed by markers)
VANI,ITALIA,none,,,VIVC passport (pedigree confirmed by markers)
KARMIR YEREVANI,AREVIK SPITAK,Margaryan 2021,10.3390/biology10121279,,VIVC passport (via Margaryan 2021)
KARMIR YEREVANI,SULTANINA,Margaryan 2021,10.3390/biology10121279,,VIVC passport (via Margaryan 2021)
VEGA,FURMINT,Lacombe & Emanuelli 2020,10.1016/j.scienta.2017.02.044,10.1016/j.scienta.2017.02.044,VIVC passport (via Lacombe & Emanuelli 2020)
VEGA,MALVASIA ISTRIANA,Lacombe & Emanuelli 2020,10.1016/j.scienta.2017.02.044,10.1016/j.scienta.2017.02.044,VIVC passport (via Lacombe & Emanuelli 2020)
VEKONYHEJU,BLANK BLAUER,Lacombe 2013,10.1007/s00122-012-1988-2,,VIVC passport (via Lacombe 2013)
VEKONYHEJU,GOUAIS BLANC,Lacombe 2013,10.1007/s00122-012-1988-2,,VIVC passport (via Lacombe 2013)
VENGERSKII SINII,MADELEINE ANGEVINE,none,10.1134/S2635167622050135,10.1134/S2635167622050135,VIVC passport (pedigree confirmed by markers)
VENGERSKII SINII,MUSCAT HAMBURG,none,10.1134/S2635167622050135,10.1134/S2635167622050135,VIVC passport (pedigree confirmed by markers)
VERDEJO BLANCO,CASTELLANA BLANCA,Lacombe & Emanuelli 2020; Lacombe 2013; Laucou 2018,10.1007/s00122-012-1988-2,10.1007/s10722-013-0064-3; 10.1111/ajgw.12353,VIVC passport (via Lacombe & Emanuelli 2020; Lacombe 2013; Laucou 2018)
VERDEJO BLANCO,SAVAGNIN = TRAMINER,Lacombe & Emanuelli 2020; Lacombe 2013; Laucou 2018,10.1007/s00122-012-1988-2,10.1007/s10722-013-0064-3; 10.1111/ajgw.12353,VIVC passport (via Lacombe & Emanuelli 2020; Lacombe 2013; Laucou 2018)
VERDELET,CINSAUT,Lacombe & Emanuelli 2020,10.3389/fpls.2020.605934,,VIVC passport (via Lacombe & Emanuelli 2020)
VERDELET,PARENT 2 IS MOST LIKELY EXTINCT,Lacombe & Emanuelli 2020,10.3389/fpls.2020.605934,,VIVC passport (via Lacombe & Emanuelli 2020)
GOUVEIO,CASTELLANA BLANCA,Cunha 2020; Lacombe & Emanuelli 2020; Lacombe 2013,10.1007/s00122-012-1988-2,10.1111/ajgw.12353,VIVC passport (via Cunha 2020; Lacombe & Emanuelli 2020; Lacombe 2013)
GOUVEIO,SAVAGNIN = TRAMINER,Cunha 2020; Lacombe & Emanuelli 2020; Lacombe 2013,10.1007/s00122-012-1988-2,10.1111/ajgw.12353,VIVC passport (via Cunha 2020; Lacombe & Emanuelli 2020; Lacombe 2013)
VERTES CSILLAGA,SEVYVE VILLARD 12286,none,,,VIVC passport (pedigree confirmed by markers)
VERTES CSILLAGA,MEDOC NOIR,none,,,VIVC passport (pedigree confirmed by markers)
VICTOIRE,MILLARDET ET GRASSET 101 O.P.,none,,,VIVC passport (pedigree confirmed by markers)
VICTOIRE,KNIPPERLE,none,,,VIVC passport (pedigree confirmed by markers)
VICTOR,PANSE PRECOCE,Lacombe 2013,10.1007/s00122-012-1988-2,,VIVC passport (via Lacombe 2013)
VICTOR,MOSCATO D'ADDA,Lacombe 2013,10.1007/s00122-012-1988-2,,VIVC passport (via Lacombe 2013)
VICTORIA,CARDINAL,Cipriani 2010; Lacombe & Emanuelli 2020; Lacombe 2013; Laucou 2018,10.1007/s00122-010-1411-9,10.1007/s11295-014-0746-9; 10.5073/vitis.2002.41.183-187,VIVC passport (via Cipriani 2010; Lacombe & Emanuelli 2020; Lacombe 2013; Laucou 2018)
VICTORIA,AFUS ALI,Cipriani 2010; Lacombe & Emanuelli 2020; Lacombe 2013; Laucou 2018,10.1007/s00122-010-1411-9,10.1007/s11295-014-0746-9; 10.5073/vitis.2002.41.183-187,VIVC passport (via Cipriani 2010; Lacombe & Emanuelli 2020; Lacombe 2013; Laucou 2018)
SAINTONGE,FOLLE BLANCHE,Lacombe 2013,10.1007/s00122-012-1988-2,,VIVC passport (via Lacombe 2013)
SAINTONGE,UGNI BLANC,Lacombe 2013,10.1007/s00122-012-1988-2,,VIVC passport (via Lacombe 2013)
VIDAL 36,FOLLE BLANCHE,Lacombe 2013,10.1007/s00122-012-1988-2,,VIVC passport (via Lacombe 2013)
VIDAL 36,UGNI BLANC,Lacombe 2013,10.1007/s00122-012-1988-2,,VIVC passport (via Lacombe 2013)
BEAUSOLEIL,JURANCON BLANC,Lacombe 2013,10.1007/s00122-012-1988-2,,VIVC passport (via Lacombe 2013)
BEAUSOLEIL,UGNI BLANC,Lacombe 2013,10.1007/s00122-012-1988-2,,VIVC passport (via Lacombe 2013)
VIDAL 98 T,JURANCON BLANC,Lacombe 2013,10.1007/s00122-012-1988-2,,VIVC passport (via Lacombe 2013)
VIDAL 98 T,UGNI BLANC,Lacombe 2013,10.1007/s00122-012-1988-2,,VIVC passport (via Lacombe 2013)
VIDAL 99 T,JURANCON,Lacombe 2013,10.1007/s00122-012-1988-2,,VIVC passport (via Lacombe 2013)
VIDAL 99 T,UGNI BLANC,Lacombe 2013,10.1007/s00122-012-1988-2,,VIVC passport (via Lacombe 2013)
VIDAL 117,COLOMBARD,Lacombe 2013,10.1007/s00122-012-1988-2,,VIVC passport (via Lacombe 2013)
VIDAL 117,UGNI BLANC,Lacombe 2013,10.1007/s00122-012-1988-2,,VIVC passport (via Lacombe 2013)
VIDAL BLANC,UGNI BLANC,none,,,VIVC passport (pedigree confirmed by markers)
VIDAL BLANC,RAYON D'OR,none,,,VIVC passport (pedigree confirmed by markers)
VIDAL 662,FOLLE BLANCHE,Lacombe 2013,10.1007/s00122-012-1988-2,,VIVC passport (via Lacombe 2013)
VIDAL 662,UGNI BLANC,Lacombe 2013,10.1007/s00122-012-1988-2,,VIVC passport (via Lacombe 2013)
VIDAL 678,MUSCAT D'ALEXANDRIE,Lacombe 2013,10.1007/s00122-012-1988-2,,VIVC passport (via Lacombe 2013)
VIDAL 678,UGNI BLANC,Lacombe 2013,10.1007/s00122-012-1988-2,,VIVC passport (via Lacombe 2013)
VILLARD BLANC,SEIBEL 6468,none,,,VIVC passport (pedigree confirmed by markers)
VILLARD BLANC,SUBEREUX,none,,,VIVC passport (pedigree confirmed by markers)
VILLARD NOIR,CHANCELLOR,none,,,VIVC passport (pedigree confirmed by markers)
VILLARD NOIR,SUBEREUX,none,,,VIVC passport (pedigree confirmed by markers)
VITAL,ARINTO DO DAO,none,,,VIVC passport (pedigree confirmed by markers)
VITAL,RABIGATO,none,,,VIVC passport (pedigree confirmed by markers)
VIURA,HEBIEN,none,,,VIVC passport (pedigree confirmed by markers)
VIURA,BRUSTIANO FAUX,none,,,VIVC passport (pedigree confirmed by markers)
VIVONA 378,MUSCAT OF ALEXANDRIA,none,,,VIVC passport (pedigree confirmed by markers)
VIVONA 378,BRUNI 415,none,,,VIVC passport (pedigree confirmed by markers)
VOLTA,MOSCATO NERO DI ACQUI,none,,,VIVC passport (pedigree confirmed by markers)
VOLTA,PIROVANO 17,none,,,VIVC passport (pedigree confirmed by markers)
VOSTOK,NIMRANG,none,,,VIVC passport (pedigree confirmed by markers)
VOSTOK,MATHIASZ JANOS,none,,,VIVC passport (pedigree confirmed by markers)
VRANAC,DULJENGA,none,,,VIVC passport (pedigree confirmed by markers)
VRANAC,KRATOSJIA,none,,,VIVC passport (pedigree confirmed by markers)
VYDVIZHENETS,SEVERNYI,none,,,VIVC passport (pedigree confirmed by markers)
VYDVIZHENETS,MUSCAT A PETITS GRAINS BLANCS,none,,,VIVC passport (pedigree confirmed by markers)
HEGEL,HELFENSTEINER,none,,,VIVC passport (pedigree confirmed by markers)
HEGEL,HEROLDREBE,none,,,VIVC passport (pedigree confirmed by markers)
JUWEL,KERNER,none,,,VIVC passport (pedigree confirmed by markers)
JUWEL,PARENT 2 WAS NOT CONFIRMED,none,,,VIVC passport (pedigree confirmed by markers)
WESTFRISIA,BICANE,none,,,VIVC passport (pedigree confirmed by markers)
WESTFRISIA,GROS COLMAN,none,,,VIVC passport (pedigree confirmed by markers)
WITBERGER,TROLLINGER,none,,,VIVC passport (pedigree confirmed by markers)
WITBERGER,RIESLING,none,,,VIVC passport (pedigree confirmed by markers)
WUERZER,TRAMINER ROT,Cipriani 2010; Lacombe 2013,10.1007/s00122-010-1411-9,,VIVC passport (via Cipriani 2010; Lacombe 2013)
WUERZER,MUELLER THURGAU,Cipriani 2010; Lacombe 2013,10.1007/s00122-010-1411-9,,VIVC passport (via Cipriani 2010; Lacombe 2013)
XARELLO,GIBI,Lacombe 2013,10.1007/s00122-012-1988-2,10.5073/vitis.2015.54.special-issue.81-86,VIVC passport (via Lacombe 2013)
XARELLO,BRUSTIANO FAUX,Lacombe 2013,10.1007/s00122-012-1988-2,10.5073/vitis.2015.54.special-issue.81-86,VIVC passport (via Lacombe 2013)
YUGA,SANMONTA,none,10.21273/JASHS.133.4.559,10.21273/JASHS.133.4.559,VIVC passport (pedigree confirmed by markers)
YUGA,PARENT 2 WAS NOT CONFIRMED,none,10.21273/JASHS.133.4.559,10.21273/JASHS.133.4.559,VIVC passport (pedigree confirmed by markers)
ZAEHRINGER,SAVAGNIN BLANC,none,,,VIVC passport (pedigree confirmed by markers)
ZAEHRINGER,RIESLING,none,,,VIVC passport (pedigree confirmed by markers)
ZALA GYOENGYE,ROUCANEUF,none,,,VIVC passport (pedigree confirmed by markers)
ZALA GYOENGYE,CSABA GYOENGYE,none,,,VIVC passport (pedigree confirmed by markers)
ZAMPARA,FURJMONY FEHER,Lacombe 2013,10.1007/s00122-012-1988-2,,VIVC passport (via Lacombe 2013)
ZAMPARA,KECSKECSECSU ROSZAS PIROS,Lacombe 2013,10.1007/s00122-012-1988-2,,VIVC passport (via Lacombe 2013)
ZARDENI,VOSKEAT,Margaryan 2021,10.3390/biology10121279,,VIVC passport (via Margaryan 2021)
ZARDENI,SAPERAVI,Margaryan 2021,10.3390/biology10121279,,VIVC passport (via Margaryan 2021)
ZOELDFUERTUE,MATHIAS JANOSNE,Lacombe 2013,10.1007/s00122-012-1988-2,,VIVC passport (via Lacombe 2013)
ZOELDFUERTUE,HARSLEVELU,Lacombe 2013,10.1007/s00122-012-1988-2,,VIVC passport (via Lacombe 2013)
ZRINYI ILONA,MUSCAT D'ALEXANDRIE,Lacombe 2013,10.1007/s00122-012-1988-2,,VIVC passport (via Lacombe 2013)
ZRINYI ILONA,CHASSELAS,Lacombe 2013,10.1007/s00122-012-1988-2,,VIVC passport (via Lacombe 2013)
ZSITVAI DINKA,KOEVIDINKA,Lacombe 2013,10.1007/s00122-012-1988-2,,VIVC passport (via Lacombe 2013)
ZSITVAI DINKA,MATHIASZ JANOSNE,Lacombe 2013,10.1007/s00122-012-1988-2,,VIVC passport (via Lacombe 2013)
ZUPLJANKA,PROKUPAC,none,10.1038/s41598-020-71918-7,10.1038/s41598-020-71918-7,VIVC passport (pedigree confirmed by markers)
ZUPLJANKA,PINOT NOIR,none,10.1038/s41598-020-71918-7,10.1038/s41598-020-71918-7,VIVC passport (pedigree confirmed by markers)
ZVARTNOTS,KARMIR KAKHANI,Margaryan 2021,10.3390/biology10121279,,VIVC passport (via Margaryan 2021)
ZVARTNOTS,ARARATI,Margaryan 2021,10.3390/biology10121279,,VIVC passport (via Margaryan 2021)
ZWEIGELTREBE BLAU,ST.LAURENT,Lacombe & Emanuelli 2020; Lacombe 2013; Laucou 2018,10.1007/s00122-012-1988-2,10.5073/vitis.1997.36.179-183,VIVC passport (via Lacombe & Emanuelli 2020; Lacombe 2013; Laucou 2018)
ZWEIGELTREBE BLAU,BLAUFRAENKISCH,Lacombe & Emanuelli 2020; Lacombe 2013; Laucou 2018,10.1007/s00122-012-1988-2,10.5073/vitis.1997.36.179-183,VIVC passport (via Lacombe & Emanuelli 2020; Lacombe 2013; Laucou 2018)
MUSKAT ZHEMCHUZHNYI,CHAOUCH ROSE,none,10.3103/S0095452718050031,10.3103/S0095452718050031,VIVC passport (pedigree confirmed by markers)
MUSKAT ZHEMCHUZHNYI,ZHEMCHUG SABA,none,10.3103/S0095452718050031,10.3103/S0095452718050031,VIVC passport (pedigree confirmed by markers)
TAIR,COARNA NEAGRA,none,10.3103/S0095452718050031,10.3103/S0095452718050031,VIVC passport (pedigree confirmed by markers)
TAIR,DATTIER DE SAINT VALLIER,none,10.3103/S0095452718050031,10.3103/S0095452718050031,VIVC passport (pedigree confirmed by markers)
ORIGINAL,CHAOUCH ROSE,none,10.3103/S0095452718050031,10.3103/S0095452718050031,VIVC passport (pedigree confirmed by markers)
ORIGINAL,DATTIER DE SAINT VALLIER,none,10.3103/S0095452718050031,10.3103/S0095452718050031,VIVC passport (pedigree confirmed by markers)
SUZI,SEYVE VILLARD 12375,none,,,VIVC passport (pedigree confirmed by markers)
SUZI,PANNONIA KINCSE,none,,,VIVC passport (pedigree confirmed by markers)
PALATINA,SEYVE VILLARD 12375,none,,,VIVC passport (pedigree confirmed by markers)
PALATINA,SZOELOESKERTEK KIRALYNOEJE,none,,,VIVC passport (pedigree confirmed by markers)
KISHMISH MOLDAVSKII,POBEDA,Margaryan 2021,10.3390/biology10121279,,VIVC passport (via Margaryan 2021)
KISHMISH MOLDAVSKII,KISHMISH ROZOVYI,Margaryan 2021,10.3390/biology10121279,,VIVC passport (via Margaryan 2021)
NRNENI,SEMENAC 1-17-1,Margaryan 2021,10.3390/biology10121279,,VIVC passport (via Margaryan 2021)
NRNENI,SAPERAVI,Margaryan 2021,10.3390/biology10121279,,VIVC passport (via Margaryan 2021)
PARVANA,KATTA KURGAN,Margaryan 2021,10.3390/biology10121279,,VIVC passport (via Margaryan 2021)
PARVANA,KISHMISH KHISHRAU,Margaryan 2021,10.3390/biology10121279,,VIVC passport (via Margaryan 2021)
HYUGA (4N),KYOHOU,none,,,VIVC passport (pedigree confirmed by markers)
HYUGA (4N),MASE 8,none,,,VIVC passport (pedigree confirmed by markers)
TRINCADEIRA BRANCA,HEBIEN,Cunha 2020,10.3389/fpls.2020.00127,10.5073/vitis.2015.54.special-issue.81-86,VIVC passport (via Cunha 2020)
TRINCADEIRA BRANCA,TROUSSEAU NOIR,Cunha 2020,10.3389/fpls.2020.00127,10.5073/vitis.2015.54.special-issue.81-86,VIVC passport (via Cunha 2020)
MALVASIA BABOSA,HEBIEN,Cunha 2020,10.3389/fpls.2020.00127,10.5073/vitis.2015.54.special-issue.81-86,VIVC passport (via Cunha 2020)
MALVASIA BABOSA,MALVASIA DI SARDEGNA,Cunha 2020,10.3389/fpls.2020.00127,10.5073/vitis.2015.54.special-issue.81-86,VIVC passport (via Cunha 2020)
CONCIEIRA,ALFROCHEIRO,Cunha 2020,10.3389/fpls.2020.00127,10.5073/vitis.2015.54.special-issue.59-65,VIVC passport (via Cunha 2020)
CONCIEIRA,RAMISCO,Cunha 2020,10.3389/fpls.2020.00127,10.5073/vitis.2015.54.special-issue.59-65,VIVC passport (via Cunha 2020)
CASCULHO,ALFROCHEIRO,Cunha 2020,10.3389/fpls.2020.00127,10.5073/vitis.2015.54.special-issue.59-65,VIVC passport (via Cunha 2020)
CASCULHO,CAYETANA BLANCA,Cunha 2020,10.3389/fpls.2020.00127,10.5073/vitis.2015.54.special-issue.59-65,VIVC passport (via Cunha 2020)
BOAL VENCEDOR,ARINTO DO DAO,Cunha 2020; Lacombe 2013,10.1007/s00122-012-1988-2,,VIVC passport (via Cunha 2020; Lacombe 2013)
BOAL VENCEDOR,PARDINA,Cunha 2020; Lacombe 2013,10.1007/s00122-012-1988-2,,VIVC passport (via Cunha 2020; Lacombe 2013)
BOAL ESPINHO,HEBIEN,Cunha 2020,10.3389/fpls.2020.00127,10.5073/vitis.2015.54.special-issue.81-86,VIVC passport (via Cunha 2020)
BOAL ESPINHO,MAVASIA FINA,Cunha 2020,10.3389/fpls.2020.00127,10.5073/vitis.2015.54.special-issue.81-86,VIVC passport (via Cunha 2020)
AUTUMN BLACK,CALMERIA,Lacombe 2013,10.1007/s00122-012-1988-2,,VIVC passport (via Lacombe 2013)
AUTUMN BLACK,BLACK ROSE,Lacombe 2013,10.1007/s00122-012-1988-2,,VIVC passport (via Lacombe 2013)
RONDO,SEVERNYI,none,,,VIVC passport (pedigree confirmed by markers)
RONDO,SAINT LAURENT,none,,,VIVC passport (pedigree confirmed by markers)
CSILLAM,RAYON D'OR,none,,,VIVC passport (pedigree confirmed by markers)
CSILLAM,BLAUFRAENKISCH,none,,,VIVC passport (pedigree confirmed by markers)
TRAMINETTE,JOANNES SEYVE 23416,none,,,VIVC passport (pedigree confirmed by markers)
TRAMINETTE,TRAMINER ROT,none,,,VIVC passport (pedigree confirmed by markers)
TEREZ,SEYVE VILLARD 12375,none,,,VIVC passport (pedigree confirmed by markers)
TEREZ,OLIMPIA,none,,,VIVC passport (pedigree confirmed by markers)
CANELON,LISTAN PRIETO,none,10.1111/ajgw.12282,10.1111/ajgw.12282,VIVC passport (pedigree confirmed by markers)
CANELON,MUSCAT OF ALEXANDRIA,none,10.1111/ajgw.12282,10.1111/ajgw.12282,VIVC passport (pedigree confirmed by markers)
CONEGLIANO 120,ITALIA = PIROVANO 65,Lacombe 2013,10.1007/s00122-012-1988-2,,VIVC passport (via Lacombe 2013)
CONEGLIANO 120,ITALIA = PIROVANO 65,Lacombe 2013,10.1007/s00122-012-1988-2,,VIVC passport (via Lacombe 2013)
EVEX 13- 16,BERLANDIERI RESSEGUIER 2,Migliaro 2019,10.5344/ajev.2019.18054,,VIVC passport (via Migliaro 2019)
EVEX 13- 16,ECOLE MONTPELLIER 34,Migliaro 2019,10.5344/ajev.2019.18054,,VIVC passport (via Migliaro 2019)
EVEX 13- 44,BERLANDIERI RESSEGUIER,Migliaro 2019,10.5344/ajev.2019.18054,,VIVC passport (via Migliaro 2019)
EVEX 13- 44,ECOLE MONTPELLIER 34,Migliaro 2019,10.5344/ajev.2019.18054,,VIVC passport (via Migliaro 2019)
MANSONNET,RIBIER NOIR,Lacombe 2013,10.1007/s00122-012-1988-2,,VIVC passport (via Lacombe 2013)
MANSONNET,GREC BLANC DE SEMIS,Lacombe 2013,10.1007/s00122-012-1988-2,,VIVC passport (via Lacombe 2013)
ARAMON BOUSCHET 4,PETIT BOUSCHET,Lacombe 2013,10.1007/s00122-012-1988-2,,VIVC passport (via Lacombe 2013)
ARAMON BOUSCHET 4,MORRASTEL = GRACIANO,Lacombe 2013,10.1007/s00122-012-1988-2,,VIVC passport (via Lacombe 2013)
AUGUSTA,ITALIA,Lacombe 2013,10.1007/s00122-012-1988-2,,VIVC passport (via Lacombe 2013)
AUGUSTA,KOENIGIN DER WEINGAERTEN,Lacombe 2013,10.1007/s00122-012-1988-2,,VIVC passport (via Lacombe 2013)
BALATON KINCSE,FURMINT,Lacombe 2013,10.1007/s00122-012-1988-2,,VIVC passport (via Lacombe 2013)
BALATON KINCSE,MATHIASZ JANOSNE MUSKOTALY,Lacombe 2013,10.1007/s00122-012-1988-2,,VIVC passport (via Lacombe 2013)
BALOUZME,DATTIER NOIR,Lacombe 2013,10.1007/s00122-012-1988-2,,VIVC passport (via Lacombe 2013)
BALOUZME,KAISI ROMI,Lacombe 2013,10.1007/s00122-012-1988-2,,VIVC passport (via Lacombe 2013)
BEKALNY,KOZ OUZIOUM,Lacombe 2013,10.1007/s00122-012-1988-2,,VIVC passport (via Lacombe 2013)
BEKALNY,ASYL KARA,Lacombe 2013,10.1007/s00122-012-1988-2,,VIVC passport (via Lacombe 2013)
BOURDIER 2-04-58,CHARDONNAY,Lacombe 2013,10.1007/s00122-012-1988-2,,VIVC passport (via Lacombe 2013)
BOURDIER 2-04-58,CHENIN BLANC,Lacombe 2013,10.1007/s00122-012-1988-2,,VIVC passport (via Lacombe 2013)
CABERNET MALBEC 1,CABERNET SAUVIGNON,Lacombe 2013,10.1007/s00122-012-1988-2,,VIVC passport (via Lacombe 2013)
CABERNET MALBEC 1,MALBEC,Lacombe 2013,10.1007/s00122-012-1988-2,,VIVC passport (via Lacombe 2013)
CABERNET MALBEC 2,CABERNET SAUVIGNON,Lacombe 2013,10.1007/s00122-012-1988-2,,VIVC passport (via Lacombe 2013)
CABERNET MALBEC 2,MALBEC,Lacombe 2013,10.1007/s00122-012-1988-2,,VIVC passport (via Lacombe 2013)
CABERNET MALBEC 4,CABERNET SAUVIGNON,Lacombe 2013,10.1007/s00122-012-1988-2,,VIVC passport (via Lacombe 2013)
CABERNET MALBEC 4,MALBEC,Lacombe 2013,10.1007/s00122-012-1988-2,,VIVC passport (via Lacombe 2013)
CLAVERIE COULARD,ARDONNET,Lacombe 2013,10.1007/s00122-012-1988-2,,VIVC passport (via Lacombe 2013)
CLAVERIE COULARD,CROUCHEN,Lacombe 2013,10.1007/s00122-012-1988-2,,VIVC passport (via Lacombe 2013)
CLERC,PINOT,Lacombe 2013,10.1007/s00122-012-1988-2,,VIVC passport (via Lacombe 2013)
CLERC,POULSARD,Lacombe 2013,10.1007/s00122-012-1988-2,,VIVC passport (via Lacombe 2013)
COUTINHO 6,MENCIA,none,,,VIVC passport (pedigree confirmed by markers)
COUTINHO 6,RAYON D'OR,none,,,VIVC passport (pedigree confirmed by markers)
DIRECTEUR GROSJEAN,MILLARDET ET GRASSET 101 O.P.,none,,,VIVC passport (pedigree confirmed by markers)
DIRECTEUR GROSJEAN,MADELEINE ROYALE,none,,,VIVC passport (pedigree confirmed by markers)
FARATO GRIMALDI,COUDERC 1615,none,,,VIVC passport (pedigree confirmed by markers)
FARATO GRIMALDI,RUPESTRIS FORTWORTH 1,none,,,VIVC passport (pedigree confirmed by markers)
GALEGO DE MONTEMOR,HEBIEN,Lacombe 2013,10.1007/s00122-012-1988-2,,VIVC passport (via Lacombe 2013)
GALEGO DE MONTEMOR,TROUSSEAU = BASTARDO,Lacombe 2013,10.1007/s00122-012-1988-2,,VIVC passport (via Lacombe 2013)
GASPARD,HEBIEN,Lacombe 2013,10.1007/s00122-012-1988-2,,VIVC passport (via Lacombe 2013)
GASPARD,ALICANTE HENRI BOUSCHET,Lacombe 2013,10.1007/s00122-012-1988-2,,VIVC passport (via Lacombe 2013)
GIBERT,MALBEC,Lacombe 2013,10.1007/s00122-012-1988-2,,VIVC passport (via Lacombe 2013)
GIBERT,COLOMBAUD,Lacombe 2013,10.1007/s00122-012-1988-2,,VIVC passport (via Lacombe 2013)
GUIGNARD DE SAINTOURS,MAGDELEINE NOIRE DES CHARANTES,Lacombe 2013,10.1007/s00122-012-1988-2,10.1111/j.1755-0238.2008.00041.x,VIVC passport (via Lacombe 2013)
GUIGNARD DE SAINTOURS,GOUAIS BLANC,Lacombe 2013,10.1007/s00122-012-1988-2,10.1111/j.1755-0238.2008.00041.x,VIVC passport (via Lacombe 2013)
HOCHBERG 48,XINISTERI,none,,,VIVC passport (pedigree confirmed by markers)
HOCHBERG 48,BERLANDIERI MAZADE,none,,,VIVC passport (pedigree confirmed by markers)
LISTAN NEGRO,NEGRA MOLE = MOLLAR,Lacombe & Emanuelli 2020; Lacombe 2013; Laucou 2018,10.1007/s00122-012-1988-2,,VIVC passport (via Lacombe & Emanuelli 2020; Lacombe 2013; Laucou 2018)
LISTAN NEGRO,LISTAN = PALOMINO FINO,Lacombe & Emanuelli 2020; Lacombe 2013; Laucou 2018,10.1007/s00122-012-1988-2,,VIVC passport (via Lacombe & Emanuelli 2020; Lacombe 2013; Laucou 2018)
MOSCATEL ROSA,FERRAL ROUGE,Lacombe 2013,10.1007/s00122-012-1988-2,,VIVC passport (via Lacombe 2013)
MOSCATEL ROSA,MUSCAT DE HAMBOURG,Lacombe 2013,10.1007/s00122-012-1988-2,,VIVC passport (via Lacombe 2013)
MALVASIA MOSCATEL FONTE GRANDE,MUSCAT D'ALEXANDRIE,Lacombe 2013,10.1007/s00122-012-1988-2,,VIVC passport (via Lacombe 2013)
MALVASIA MOSCATEL FONTE GRANDE,MANTHEUDO,Lacombe 2013,10.1007/s00122-012-1988-2,,VIVC passport (via Lacombe 2013)
MANDREGUE,BLACK MOROCCO,Lacombe 2013,10.1007/s00122-012-1988-2,,VIVC passport (via Lacombe 2013)
MANDREGUE,CORTEZA NERA,Lacombe 2013,10.1007/s00122-012-1988-2,,VIVC passport (via Lacombe 2013)
MANSENG GROS DE LUCQ,CABERNET FRANC,Lacombe 2013,10.1007/s00122-012-1988-2,,VIVC passport (via Lacombe 2013)
MANSENG GROS DE LUCQ,GROS MANSENG,Lacombe 2013,10.1007/s00122-012-1988-2,,VIVC passport (via Lacombe 2013)
MAREN,NEGRARA TRENTINA,Lacombe 2013,10.1007/s00122-012-1988-2,,VIVC passport (via Lacombe 2013)
MAREN,BLANK BLAUER = VULPEA,Lacombe 2013,10.1007/s00122-012-1988-2,,VIVC passport (via Lacombe 2013)
MARSANNE DE PAYS,POUGAYEN,Lacombe 2013,10.1007/s00122-012-1988-2,,VIVC passport (via Lacombe 2013)
MARSANNE DE PAYS,PLANT DE MAVAULT,Lacombe 2013,10.1007/s00122-012-1988-2,,VIVC passport (via Lacombe 2013)
MEZI,PINOT,Lacombe 2013,10.1007/s00122-012-1988-2,,VIVC passport (via Lacombe 2013)
MEZI,GOUAIS BLANC,Lacombe 2013,10.1007/s00122-012-1988-2,,VIVC passport (via Lacombe 2013)
MOLDOVANKA,KARKEIA OIR,Lacombe 2013,10.1007/s00122-012-1988-2,,VIVC passport (via Lacombe 2013)
MOLDOVANKA,TSITSA KAPREI,Lacombe 2013,10.1007/s00122-012-1988-2,,VIVC passport (via Lacombe 2013)
MOSCATEL DE CAMARATE,TAMAREZ,Lacombe 2013,10.1007/s00122-012-1988-2,,VIVC passport (via Lacombe 2013)
MOSCATEL DE CAMARATE,MUSCAT D'ALEXANDRIE,Lacombe 2013,10.1007/s00122-012-1988-2,,VIVC passport (via Lacombe 2013)
MOSCATO PAULSEN,EZEREVES MAGYAROSZAG EMLEKE,Lacombe 2013,10.1007/s00122-012-1988-2,,VIVC passport (via Lacombe 2013)
MOSCATO PAULSEN,MUSCAT D'ALEXANDRIA,Lacombe 2013,10.1007/s00122-012-1988-2,,VIVC passport (via Lacombe 2013)
MOURTES,MAGDELEINE NOIRE DES CHARENTES,Lacombe 2013,10.1007/s00122-012-1988-2,10.1111/j.1755-0238.2008.00041.x,VIVC passport (via Lacombe 2013)
MOURTES,PENOUILLE,Lacombe 2013,10.1007/s00122-012-1988-2,10.1111/j.1755-0238.2008.00041.x,VIVC passport (via Lacombe 2013)
NUNO GOMES,HEBIEN,Lacombe 2013,10.1007/s00122-012-1988-2,,VIVC passport (via Lacombe 2013)
NUNO GOMES,MUSCAT D'ALEXANDRIE,Lacombe 2013,10.1007/s00122-012-1988-2,,VIVC passport (via Lacombe 2013)
PINOT SALOMON,PINOT,Lacombe 2013,10.1007/s00122-012-1988-2,,VIVC passport (via Lacombe 2013)
PINOT SALOMON,ELBLING,Lacombe 2013,10.1007/s00122-012-1988-2,,VIVC passport (via Lacombe 2013)
ROXO DOS PINTOS,HEBIEN,Lacombe 2013,10.1007/s00122-012-1988-2,,VIVC passport (via Lacombe 2013)
ROXO DOS PINTOS,AHMEUR BOU AHMEUR,Lacombe 2013,10.1007/s00122-012-1988-2,,VIVC passport (via Lacombe 2013)
RUGGERI 205,RESSEGUIER N. 2,Migliaro 2019,10.5344/ajev.2019.18054,,VIVC passport (via Migliaro 2019)
RUGGERI 205,RIPARIA GLOIRE DE MONTPELLIER,Migliaro 2019,10.5344/ajev.2019.18054,,VIVC passport (via Migliaro 2019)
ROPOGOS SARGA,COARNA ALBA,Lacombe 2013,10.1007/s00122-012-1988-2,,VIVC passport (via Lacombe 2013)
ROPOGOS SARGA,PROKUPAC,Lacombe 2013,10.1007/s00122-012-1988-2,,VIVC passport (via Lacombe 2013)
SHIRAZI,SULTANINE,Lacombe 2013,10.1007/s00122-012-1988-2,,VIVC passport (via Lacombe 2013)
SHIRAZI,BLANC D'IRAN,Lacombe 2013,10.1007/s00122-012-1988-2,,VIVC passport (via Lacombe 2013)
SINKAVAKE ZLUTE,BLANK BLAUER = VULPEA,Lacombe 2013,10.1007/s00122-012-1988-2,,VIVC passport (via Lacombe 2013)
SINKAVAKE ZLUTE,GOUAIS BLANC = HEUNISCH WEISS,Lacombe 2013,10.1007/s00122-012-1988-2,,VIVC passport (via Lacombe 2013)
TINTA TINTO,GRENACHE NOIR,Lacombe 2013,10.1007/s00122-012-1988-2,,VIVC passport (via Lacombe 2013)
TINTA TINTO,PETIT BOUSCHET,Lacombe 2013,10.1007/s00122-012-1988-2,,VIVC passport (via Lacombe 2013)
TORRONTES RIOJANO,CRIOLLA CHICA,Lacombe & Emanuelli 2020; Lacombe 2013; Laucou 2018,10.1007/s00122-012-1988-2,10.1016/j.tig.2006.07.008; 10.1111/ajgw.12282; 10.1111/ajgw.12561,VIVC passport (via Lacombe & Emanuelli 2020; Lacombe 2013; Laucou 2018)
TORRONTES RIOJANO,MUSCAT D'ALEXANDRIE,Lacombe & Emanuelli 2020; Lacombe 2013; Laucou 2018,10.1007/s00122-012-1988-2,10.1016/j.tig.2006.07.008; 10.1111/ajgw.12282; 10.1111/ajgw.12561,VIVC passport (via Lacombe & Emanuelli 2020; Lacombe 2013; Laucou 2018)
URMI DINKA,IZSAKI SARFEHER,Lacombe & Emanuelli 2020; Lacombe 2013; Laucou 2018,10.1007/s00122-012-1988-2,,VIVC passport (via Lacombe & Emanuelli 2020; Lacombe 2013; Laucou 2018)
URMI DINKA,KADARKA,Lacombe & Emanuelli 2020; Lacombe 2013; Laucou 2018,10.1007/s00122-012-1988-2,,VIVC passport (via Lacombe & Emanuelli 2020; Lacombe 2013; Laucou 2018)
ZANTER GILBERT,GIBI,Lacombe 2013,10.1007/s00122-012-1988-2,,VIVC passport (via Lacombe 2013)
ZANTER GILBERT,PIQUEPOUL,Lacombe 2013,10.1007/s00122-012-1988-2,,VIVC passport (via Lacombe 2013)
FLORA,SEMILLON,Lacombe & Emanuelli 2020; Lacombe 2013; Laucou 2018,10.1007/s00122-012-1988-2,,VIVC passport (via Lacombe & Emanuelli 2020; Lacombe 2013; Laucou 2018)
FLORA,SAVAGNIN BLANC,Lacombe & Emanuelli 2020; Lacombe 2013; Laucou 2018,10.1007/s00122-012-1988-2,,VIVC passport (via Lacombe & Emanuelli 2020; Lacombe 2013; Laucou 2018)
PATRICIA NEGRA,SORAYA,none,10.1371/journal.pone.0240665,10.1371/journal.pone.0240665,VIVC passport (pedigree confirmed by markers)
PATRICIA NEGRA,IAC 544-14,none,10.1371/journal.pone.0240665,10.1371/journal.pone.0240665,VIVC passport (pedigree confirmed by markers)
A DONA,SORAYA,none,10.1371/journal.pone.0240665,10.1371/journal.pone.0240665,VIVC passport (pedigree confirmed by markers)
A DONA,IAC 544-14,none,10.1371/journal.pone.0240665,10.1371/journal.pone.0240665,VIVC passport (pedigree confirmed by markers)
IAC 74- 2,SEIBEL 10096,none,10.1371/journal.pone.0240665,10.1371/journal.pone.0240665,VIVC passport (pedigree confirmed by markers)
IAC 74- 2,SYRAH,none,10.1371/journal.pone.0240665,10.1371/journal.pone.0240665,VIVC passport (pedigree confirmed by markers)
MADALENA,RAVAT 34,none,10.1371/journal.pone.0240665,10.1371/journal.pone.0240665,VIVC passport (pedigree confirmed by markers)
MADALENA,MOSCATO GIALLO,none,10.1371/journal.pone.0240665,10.1371/journal.pone.0240665,VIVC passport (pedigree confirmed by markers)
EMPERATRIZ,EMPEROR,Lacombe 2013,10.1007/s00122-012-1988-2,,VIVC passport (via Lacombe 2013)
EMPERATRIZ,SULTANINA,Lacombe 2013,10.1007/s00122-012-1988-2,,VIVC passport (via Lacombe 2013)
RUMENIKA,PROKUPAC,none,,,VIVC passport (pedigree confirmed by markers)
RUMENIKA,TERRANO,none,,,VIVC passport (pedigree confirmed by markers)
CABERNET MITOS,BLAUFRAENKISCH,none,,,VIVC passport (pedigree confirmed by markers)
CABERNET MITOS,TEINTURIER,none,,,VIVC passport (pedigree confirmed by markers)
FERLE 76,FERLONGO,Lacombe 2013,10.1007/s00122-012-1988-2,,VIVC passport (via Lacombe 2013)
FERLE 76,ALPHONSE LAVALLEE,Lacombe 2013,10.1007/s00122-012-1988-2,,VIVC passport (via Lacombe 2013)
FERLE DE MOCAMEDES,FERRAL,Lacombe 2013,10.1007/s00122-012-1988-2,,VIVC passport (via Lacombe 2013)
FERLE DE MOCAMEDES,ALPHONSE LAVALLEE,Lacombe 2013,10.1007/s00122-012-1988-2,,VIVC passport (via Lacombe 2013)
MALVASIA PRETA,CAYETANA BLANCA,Cunha 2020; Lacombe & Emanuelli 2020; Lacombe 2013,10.1007/s00122-012-1988-2,10.5073/vitis.2015.54.special-issue.59-65; 10.5344/ajev.2011.11052,VIVC passport (via Cunha 2020; Lacombe & Emanuelli 2020; Lacombe 2013)
MALVASIA PRETA,ALFROCHEIRO PRETO,Cunha 2020; Lacombe & Emanuelli 2020; Lacombe 2013,10.1007/s00122-012-1988-2,10.5073/vitis.2015.54.special-issue.59-65; 10.5344/ajev.2011.11052,VIVC passport (via Cunha 2020; Lacombe & Emanuelli 2020; Lacombe 2013)
CASTELA,ALFROCHEIRO,Cunha 2020,10.3389/fpls.2020.00127,10.5073/vitis.2015.54.special-issue.59-65,VIVC passport (via Cunha 2020)
CASTELA,CAYETANA BLANCA,Cunha 2020,10.3389/fpls.2020.00127,10.5073/vitis.2015.54.special-issue.59-65,VIVC passport (via Cunha 2020)
MOLAR,PRIETO PICUDO TINTO,Cunha 2020,10.3389/fpls.2020.00127,,VIVC passport (via Cunha 2020)
MOLAR,SAVAGNIN = TRAMINER,Cunha 2020,10.3389/fpls.2020.00127,,VIVC passport (via Cunha 2020)
MOSCATEL NUNES,HEBIEN,Cunha 2020,10.3389/fpls.2020.00127,10.5073/vitis.2015.54.special-issue.81-86,VIVC passport (via Cunha 2020)
MOSCATEL NUNES,MUSCAT OF ALEXANDRIA,Cunha 2020,10.3389/fpls.2020.00127,10.5073/vitis.2015.54.special-issue.81-86,VIVC passport (via Cunha 2020)
PARREIRA MATIAS,ALFROCHEIRO,Cunha 2020,10.3389/fpls.2020.00127,10.5073/vitis.2015.54.special-issue.59-65,VIVC passport (via Cunha 2020)
PARREIRA MATIAS,AIREN,Cunha 2020,10.3389/fpls.2020.00127,10.5073/vitis.2015.54.special-issue.59-65,VIVC passport (via Cunha 2020)
TRINCADEIRA DAS PRATAS,HEBIEN,Cunha 2020; Lacombe & Emanuelli 2020; Laucou 2018,10.1371/journal.pone.0192540,10.5073/vitis.2015.54.special-issue.59-65; 10.5073/vitis.2015.54.special-issue.81-86,VIVC passport (via Cunha 2020; Lacombe & Emanuelli 2020; Laucou 2018)
TRINCADEIRA DAS PRATAS,ALFROCHEIRO,Cunha 2020; Lacombe & Emanuelli 2020; Laucou 2018,10.1371/journal.pone.0192540,10.5073/vitis.2015.54.special-issue.59-65; 10.5073/vitis.2015.54.special-issue.81-86,VIVC passport (via Cunha 2020; Lacombe & Emanuelli 2020; Laucou 2018)
SAO ROQUE 496- 25,SEIBEL 7053,none,10.1371/journal.pone.0240665,10.1371/journal.pone.0240665,VIVC passport (pedigree confirmed by markers)
SAO ROQUE 496- 25,TRAMINER ROT,none,10.1371/journal.pone.0240665,10.1371/journal.pone.0240665,VIVC passport (pedigree confirmed by markers)
SAO ROQUE 5010- 8,CHANCELLOR,none,10.1371/journal.pone.0240665,10.1371/journal.pone.0240665,VIVC passport (pedigree confirmed by markers)
SAO ROQUE 5010- 8,FARELIA,none,10.1371/journal.pone.0240665,10.1371/journal.pone.0240665,VIVC passport (pedigree confirmed by markers)
IAC RIBAS,SEIBEL 7053,none,10.1371/journal.pone.0240665,10.1371/journal.pone.0240665,VIVC passport (pedigree confirmed by markers)
IAC RIBAS,SYRAH,none,10.1371/journal.pone.0240665,10.1371/journal.pone.0240665,VIVC passport (pedigree confirmed by markers)
AGUNA,MUSCAT OF ALEXANDRIA,none,,,VIVC passport (pedigree confirmed by markers)
AGUNA,TEBRIZI,none,,,VIVC passport (pedigree confirmed by markers)
TOPAS,DUNAVSKI MISKET,none,,,VIVC passport (pedigree confirmed by markers)
TOPAS,CARDINAL,none,,,VIVC passport (pedigree confirmed by markers)
RUSALKA 3,MIRNII,none,10.3103/S0095452718050031,10.3103/S0095452718050031,VIVC passport (pedigree confirmed by markers)
RUSALKA 3,NEDEL'CHEV MAGVATLANA,none,10.3103/S0095452718050031,10.3103/S0095452718050031,VIVC passport (pedigree confirmed by markers)
MAVROUD MK 4,MAVROUD,none,10.1080/13102818.2005.10817291,10.1080/13102818.2005.10817291; 10.1080/13102818.2007.10817414,VIVC passport (pedigree confirmed by markers)
MAVROUD MK 4,RUPESTRIS DU LOT,none,10.1080/13102818.2005.10817291,10.1080/13102818.2005.10817291; 10.1080/13102818.2007.10817414,VIVC passport (pedigree confirmed by markers)
ROOBERNET,CABERNET SAUVIGNON,none,,,VIVC passport (pedigree confirmed by markers)
ROOBERNET,ALICANE BOUSCHET,none,,,VIVC passport (pedigree confirmed by markers)
CHARMONT,CHASSELAS,Lacombe 2013,10.1007/s00122-012-1988-2,10.1038/s41598-020-72799-6,VIVC passport (via Lacombe 2013)
CHARMONT,CHARDONNAY,Lacombe 2013,10.1007/s00122-012-1988-2,10.1038/s41598-020-72799-6,VIVC passport (via Lacombe 2013)
FRUEHFEIN,MUSCAT FLEUR D'ORANGER,none,,,VIVC passport (pedigree confirmed by markers)
FRUEHFEIN,GIERNEOLAT,none,,,VIVC passport (pedigree confirmed by markers)
MATRAI MUSKOTALY,IZSAKI SARFEHER,none,,,VIVC passport (pedigree confirmed by markers)
MATRAI MUSKOTALY,MUSCAT OTTONEL,none,,,VIVC passport (pedigree confirmed by markers)
SREMSKA ZELENIKA,PURCSIN,Lacombe 2013,10.1007/s00122-012-1988-2,,VIVC passport (via Lacombe 2013)
SREMSKA ZELENIKA,FRANCUSE,Lacombe 2013,10.1007/s00122-012-1988-2,,VIVC passport (via Lacombe 2013)
DIOLINOIR,ROUGE DE DIOLLY,Lacombe 2013,10.1007/s00122-012-1988-2,,VIVC passport (via Lacombe 2013)
DIOLINOIR,PINOT,Lacombe 2013,10.1007/s00122-012-1988-2,,VIVC passport (via Lacombe 2013)
GODOMINKA,DIMYAT,none,,,VIVC passport (pedigree confirmed by markers)
GODOMINKA,MUSCAT OTTONEL,none,,,VIVC passport (pedigree confirmed by markers)
POSIP BIJELI,ZLATARICA BLATSKA BIJELI,none,10.3390/genes11070737,10.3390/genes11070737; 10.5073/vitis.2002.41.83-87,VIVC passport (pedigree confirmed by markers)
POSIP BIJELI,BRATKOVINA BIJELI,none,10.3390/genes11070737,10.3390/genes11070737; 10.5073/vitis.2002.41.83-87,VIVC passport (pedigree confirmed by markers)
GAMARET,GAMAY,Lacombe 2013,10.1007/s00122-012-1988-2,,VIVC passport (via Lacombe 2013)
GAMARET,REICHENSTEINER,Lacombe 2013,10.1007/s00122-012-1988-2,,VIVC passport (via Lacombe 2013)
CHARDONEL,SEYVAL,none,,,VIVC passport (pedigree confirmed by markers)
CHARDONEL,CHARDONNAY,none,,,VIVC passport (pedigree confirmed by markers)
TAUBERSCHWARZ,GOUAIS BLANC,none,,,VIVC passport (pedigree confirmed by markers)
TAUBERSCHWARZ,SUESSSCHWARZ,none,,,VIVC passport (pedigree confirmed by markers)
VELTLINER FRUEHROT,SILVANER,none,,,VIVC passport (pedigree confirmed by markers)
VELTLINER FRUEHROT,ROTER VELTLINER,none,,,VIVC passport (pedigree confirmed by markers)
NEYRET,MAYOLET,Cipriani 2010,10.1007/s00122-010-1411-9,,VIVC passport (via Cipriani 2010)
NEYRET,ROUSSIN,Cipriani 2010,10.1007/s00122-010-1411-9,,VIVC passport (via Cipriani 2010)
RAZAKLIJA CRNA,RAZAKLIJA,none,10.1038/s41598-020-71918-7,10.1038/s41598-020-71918-7,VIVC passport (pedigree confirmed by markers)
RAZAKLIJA CRNA,ALPHONSE LAVALLEE,none,10.1038/s41598-020-71918-7,10.1038/s41598-020-71918-7,VIVC passport (pedigree confirmed by markers)
SVEGEST,BOLGAR,Lacombe 2013,10.1007/s00122-012-1988-2,,VIVC passport (via Lacombe 2013)
SVEGEST,MUSCAT DE THRACE,Lacombe 2013,10.1007/s00122-012-1988-2,,VIVC passport (via Lacombe 2013)
AGARAKI,SEYANETS 1563/1+21,Margaryan 2021,10.3390/biology10121279,,VIVC passport (via Margaryan 2021)
AGARAKI,KARMRAHYUT,Margaryan 2021,10.3390/biology10121279,,VIVC passport (via Margaryan 2021)
CSARENCI,KARMRAHYUT,Margaryan 2021,10.3390/biology10121279,,VIVC passport (via Margaryan 2021)
CSARENCI,SEYANETS S 1262,Margaryan 2021,10.3390/biology10121279,,VIVC passport (via Margaryan 2021)
BENI CARLO,GIBI = HEBEN,Lacombe 2013,10.1007/s00122-012-1988-2,,VIVC passport (via Lacombe 2013)
BENI CARLO,TERRET,Lacombe 2013,10.1007/s00122-012-1988-2,,VIVC passport (via Lacombe 2013)
ORA,PARENT 1 IS MOST LIKELY EXTINCT,Lacombe 2013,10.1007/s00122-012-1988-2,,VIVC passport (via Lacombe 2013)
ORA,CARDINAL,Lacombe 2013,10.1007/s00122-012-1988-2,,VIVC passport (via Lacombe 2013)
MADINA,CARDINAL,Lacombe 2013,10.1007/s00122-012-1988-2,,VIVC passport (via Lacombe 2013)
MADINA,SULTANINA,Lacombe 2013,10.1007/s00122-012-1988-2,,VIVC passport (via Lacombe 2013)
EXALTA,MUSCAT OF HAMBURG,Lacombe 2013,10.1007/s00122-012-1988-2,10.5344/ajev.2016.16068,VIVC passport (via Lacombe 2013)
EXALTA,PERLETTE,Lacombe 2013,10.1007/s00122-012-1988-2,10.5344/ajev.2016.16068,VIVC passport (via Lacombe 2013)
MARSELAN,CABERNET SAUVIGNON,Lacombe & Emanuelli 2020; Lacombe 2013,10.1007/s00122-012-1988-2,,VIVC passport (via Lacombe & Emanuelli 2020; Lacombe 2013)
MARSELAN,GRENACHE = GARNACHA,Lacombe & Emanuelli 2020; Lacombe 2013,10.1007/s00122-012-1988-2,,VIVC passport (via Lacombe & Emanuelli 2020; Lacombe 2013)
ALVINA,ALPHONSE LAVALLEE,Lacombe 2013,10.1007/s00122-012-1988-2,,VIVC passport (via Lacombe 2013)
ALVINA,SULTANINA,Lacombe 2013,10.1007/s00122-012-1988-2,,VIVC passport (via Lacombe 2013)
CARLA,CARDINAL,Lacombe 2013,10.1007/s00122-012-1988-2,,VIVC passport (via Lacombe 2013)
CARLA,ALPHONSE LAVALLEE,Lacombe 2013,10.1007/s00122-012-1988-2,,VIVC passport (via Lacombe 2013)
DANUTA,DATTIER DE BEYROUTH,Lacombe 2013,10.1007/s00122-012-1988-2,,VIVC passport (via Lacombe 2013)
DANUTA,SULTANINE MOSCATA,Lacombe 2013,10.1007/s00122-012-1988-2,,VIVC passport (via Lacombe 2013)
CERCIAL,SERCIAL,Cunha 2020,10.1016/j.jbiotec.2006.06.006,10.1016/j.jbiotec.2006.06.006,VIVC passport (via Cunha 2020)
CERCIAL,MALVASIA FINA,Cunha 2020,10.1016/j.jbiotec.2006.06.006,10.1016/j.jbiotec.2006.06.006,VIVC passport (via Cunha 2020)
HAYRENIQ,ANGUR KALAN,Margaryan 2021,10.20870/oeno-one.2021.55.4.4815,10.20870/oeno-one.2021.55.4.4815,VIVC passport (via Margaryan 2021)
HAYRENIQ,ALPHONSE LAVALLEE,Margaryan 2021,10.20870/oeno-one.2021.55.4.4815,10.20870/oeno-one.2021.55.4.4815,VIVC passport (via Margaryan 2021)
ANUSH,ARMENIA,Margaryan 2021,10.3390/biology10121279,,VIVC passport (via Margaryan 2021)
ANUSH,ESKERI,Margaryan 2021,10.3390/biology10121279,,VIVC passport (via Margaryan 2021)
ARPA,SEYANETS S 1262,Margaryan 2021,10.3390/biology10121279,,VIVC passport (via Margaryan 2021)
ARPA,KARMRAHYUT,Margaryan 2021,10.3390/biology10121279,,VIVC passport (via Margaryan 2021)
DAISI,SHAANI BELYI,none,,,VIVC passport (pedigree confirmed by markers)
DAISI,SAPERAVI,none,,,VIVC passport (pedigree confirmed by markers)
MERDZAVAN,SEYANETS S 1262,Margaryan 2021,10.3390/biology10121279,,VIVC passport (via Margaryan 2021)
MERDZAVAN,KARMRAHYUT,Margaryan 2021,10.3390/biology10121279,,VIVC passport (via Margaryan 2021)
BLACK ALICANTE,BLACK MOROCCO,Lacombe 2013,10.1007/s00122-012-1988-2,,VIVC passport (via Lacombe 2013)
BLACK ALICANTE,VERJUS,Lacombe 2013,10.1007/s00122-012-1988-2,,VIVC passport (via Lacombe 2013)
CNC 30-4,COARNA NEAGRA,none,,,VIVC passport (pedigree confirmed by markers)
CNC 30-4,CARDINAL,none,,,VIVC passport (pedigree confirmed by markers)
ORANGETRAUBE,PINOT,Lacombe & Emanuelli 2020; Lacombe 2013; Laucou 2018,10.1007/s00122-012-1988-2,,VIVC passport (via Lacombe & Emanuelli 2020; Lacombe 2013; Laucou 2018)
ORANGETRAUBE,CHASSELAS,Lacombe & Emanuelli 2020; Lacombe 2013; Laucou 2018,10.1007/s00122-012-1988-2,,VIVC passport (via Lacombe & Emanuelli 2020; Lacombe 2013; Laucou 2018)
BONNITA,BARLINKA,Lacombe 2013,10.1007/s00122-012-1988-2,,VIVC passport (via Lacombe 2013)
BONNITA,ALPHONSE LAVALLEE,Lacombe 2013,10.1007/s00122-012-1988-2,,VIVC passport (via Lacombe 2013)
OESTERREICHISCH WEISS,ALBA IMPUTOTATO,Lacombe & Emanuelli 2020,10.3389/fpls.2020.605934,,VIVC passport (via Lacombe & Emanuelli 2020)
OESTERREICHISCH WEISS,GOUAIS BLANC,Lacombe & Emanuelli 2020,10.3389/fpls.2020.605934,,VIVC passport (via Lacombe & Emanuelli 2020)
EKIGAINA,TANNAT,Lacombe 2013,10.1007/s00122-012-1988-2,,VIVC passport (via Lacombe 2013)
EKIGAINA,CABERNET SAUVIGNON,Lacombe 2013,10.1007/s00122-012-1988-2,,VIVC passport (via Lacombe 2013)
TRAKYA ILKEREN,ALPHONSE LAVALLEE,Lacombe 2013,10.1007/s00122-012-1988-2,,VIVC passport (via Lacombe 2013)
TRAKYA ILKEREN,PERLETTE,Lacombe 2013,10.1007/s00122-012-1988-2,,VIVC passport (via Lacombe 2013)
YALOVA CEKIRDEKSIZI,PERLETTE,Lacombe 2013,10.1007/s00122-012-1988-2,,VIVC passport (via Lacombe 2013)
YALOVA CEKIRDEKSIZI,KEKHLIBAR,Lacombe 2013,10.1007/s00122-012-1988-2,,VIVC passport (via Lacombe 2013)
SELECT,UGNI BLANC = TREBBIANO TOSCANO,Lacombe 2013,10.1007/s00122-012-1988-2,,VIVC passport (via Lacombe 2013)
SELECT,JURANCON BLANC,Lacombe 2013,10.1007/s00122-012-1988-2,,VIVC passport (via Lacombe 2013)
DORAL,CHASSELAS,Lacombe 2013,10.1007/s00122-012-1988-2,,VIVC passport (via Lacombe 2013)
DORAL,CHARDONNAY,Lacombe 2013,10.1007/s00122-012-1988-2,,VIVC passport (via Lacombe 2013)
GARANOIR,GAMAY,Lacombe 2013,10.1007/s00122-012-1988-2,,VIVC passport (via Lacombe 2013)
GARANOIR,REICHENSTEINER,Lacombe 2013,10.1007/s00122-012-1988-2,,VIVC passport (via Lacombe 2013)
PALAS,BLAUFRANKISCH,none,,,VIVC passport (pedigree confirmed by markers)
PALAS,RUBINTRAUBE,none,,,VIVC passport (pedigree confirmed by markers)
KISHMISH OSKHI,CAOUCH ROSE,none,10.3103/S0095452718050031,10.3103/S0095452718050031,VIVC passport (pedigree confirmed by markers)
KISHMISH OSKHI,KISHMISH BLACK,none,10.3103/S0095452718050031,10.3103/S0095452718050031,VIVC passport (pedigree confirmed by markers)
TROPICAL,GOLIA,none,10.1371/journal.pone.0240665,10.1371/journal.pone.0240665,VIVC passport (pedigree confirmed by markers)
TROPICAL,VITIS CINEREA ENGELMANN VAR. CINEREA,none,10.1371/journal.pone.0240665,10.1371/journal.pone.0240665,VIVC passport (pedigree confirmed by markers)
NESBITT,FRY,none,10.21273/JASHS.133.4.559,10.21273/JASHS.133.4.559,VIVC passport (pedigree confirmed by markers)
NESBITT,COWART,none,10.21273/JASHS.133.4.559,10.21273/JASHS.133.4.559,VIVC passport (pedigree confirmed by markers)
SOUTHERN HOME,SUMMIT,none,10.21273/JASHS.133.4.559,10.21273/JASHS.133.4.559,VIVC passport (pedigree confirmed by markers)
SOUTHERN HOME,FLA. P9-15,none,10.21273/JASHS.133.4.559,10.21273/JASHS.133.4.559,VIVC passport (pedigree confirmed by markers)
DIKA II,DIAGALVES,Lacombe 2013,10.1007/s00122-012-1988-2,,VIVC passport (via Lacombe 2013)
DIKA II,BLACK MONUKKA,Lacombe 2013,10.1007/s00122-012-1988-2,,VIVC passport (via Lacombe 2013)
RUBIN GOLODRIGI,RUBINOVY MAGARACHA,none,10.3103/S0095452710020040,10.3103/S0095452710020040,VIVC passport (pedigree confirmed by markers)
RUBIN GOLODRIGI,M 6-68-27,none,10.3103/S0095452710020040,10.3103/S0095452710020040,VIVC passport (pedigree confirmed by markers)
HOSSZUNYELUE,BRAGHINA = DINKA VOEROES,Lacombe 2013,10.1007/s00122-012-1988-2,,VIVC passport (via Lacombe 2013)
HOSSZUNYELUE,LISZTES FEHER,Lacombe 2013,10.1007/s00122-012-1988-2,,VIVC passport (via Lacombe 2013)
IARA,SEIBEL 10096,none,10.1371/journal.pone.0240665,10.1371/journal.pone.0240665,VIVC passport (pedigree confirmed by markers)
IARA,SYRAH,none,10.1371/journal.pone.0240665,10.1371/journal.pone.0240665,VIVC passport (pedigree confirmed by markers)
ACOLON,BLAUFRANKISCH,none,,,VIVC passport (pedigree confirmed by markers)
ACOLON,DORNFELDER,none,,,VIVC passport (pedigree confirmed by markers)
CINA,KOBER 125 AA,Migliaro 2019,10.5344/ajev.2019.18054,,VIVC passport (via Migliaro 2019)
CINA,CINEREA ARNOLD,Migliaro 2019,10.5344/ajev.2019.18054,,VIVC passport (via Migliaro 2019)
WILDMUSKAT,SULMER,none,,,VIVC passport (pedigree confirmed by markers)
WILDMUSKAT,NOIR HATIF DER MARSEILLE,none,,,VIVC passport (pedigree confirmed by markers)
PERRANTRAUBE,MADELEINE ANGEVINE,Lacombe 2013,10.1007/s00122-012-1988-2,,VIVC passport (via Lacombe 2013)
PERRANTRAUBE,PRECOCE DE MALINGRE,Lacombe 2013,10.1007/s00122-012-1988-2,,VIVC passport (via Lacombe 2013)
MALVARISCO,ALFROCHEIRO,Cunha 2020,10.3389/fpls.2020.00127,10.5073/vitis.2015.54.special-issue.59-65,VIVC passport (via Cunha 2020)
MALVARISCO,TINTO CAO,Cunha 2020,10.3389/fpls.2020.00127,10.5073/vitis.2015.54.special-issue.59-65,VIVC passport (via Cunha 2020)
TRIGUEIRA,NAPARO,Cunha 2020,10.3389/fpls.2020.00127,,VIVC passport (via Cunha 2020)
TRIGUEIRA,TROUSSEAU NOIR,Cunha 2020,10.3389/fpls.2020.00127,,VIVC passport (via Cunha 2020)
DONA JOAQUINA,MUSCAT OF ALEXANDRIA,Cunha 2020,10.3389/fpls.2020.00127,,VIVC passport (via Cunha 2020)
DONA JOAQUINA,TAMAREZ,Cunha 2020,10.3389/fpls.2020.00127,,VIVC passport (via Cunha 2020)
MARQUIS,ATHENS,none,,,VIVC passport (pedigree confirmed by markers)
MARQUIS,EMERALD SEEDLESS,none,,,VIVC passport (pedigree confirmed by markers)
PRIMA,LIVAL,Lacombe 2013,10.1007/s00122-012-1988-2,,VIVC passport (via Lacombe 2013)
PRIMA,CARDINAL,Lacombe 2013,10.1007/s00122-012-1988-2,,VIVC passport (via Lacombe 2013)
ISA,GLORIA HUNGARIAE,Lacombe 2013,10.1007/s00122-012-1988-2,,VIVC passport (via Lacombe 2013)
ISA,CARDINAL,Lacombe 2013,10.1007/s00122-012-1988-2,,VIVC passport (via Lacombe 2013)
ATTIKA SEEDLESS,ALPHONSE LAVALLEE,Lacombe & Emanuelli 2020; Lacombe 2013; Laucou 2018,10.1007/s00122-012-1988-2,,VIVC passport (via Lacombe & Emanuelli 2020; Lacombe 2013; Laucou 2018)
ATTIKA SEEDLESS,BLACK MONUKKA,Lacombe & Emanuelli 2020; Lacombe 2013; Laucou 2018,10.1007/s00122-012-1988-2,,VIVC passport (via Lacombe & Emanuelli 2020; Lacombe 2013; Laucou 2018)
MEDOC NOIR,CHASSELAS,Lacombe 2013,10.1007/s00122-012-1988-2,,VIVC passport (via Lacombe 2013)
MEDOC NOIR,MUSCAT D'EISENSTADT,Lacombe 2013,10.1007/s00122-012-1988-2,,VIVC passport (via Lacombe 2013)
ORNOVE,UGNI BLANC,Lacombe 2013,10.1007/s00122-012-1988-2,,VIVC passport (via Lacombe 2013)
ORNOVE,UGNI BLANC,Lacombe 2013,10.1007/s00122-012-1988-2,,VIVC passport (via Lacombe 2013)
PIGEONNET,GREC ROUGE,Lacombe 2013,10.1007/s00122-012-1988-2,,VIVC passport (via Lacombe 2013)
PIGEONNET,MUSCAT D'EISENSTADT,Lacombe 2013,10.1007/s00122-012-1988-2,,VIVC passport (via Lacombe 2013)
PLANT DE COUSTON,GRENACHE NOIR,Lacombe 2013,10.1007/s00122-012-1988-2,,VIVC passport (via Lacombe 2013)
PLANT DE COUSTON,AUBUN,Lacombe 2013,10.1007/s00122-012-1988-2,,VIVC passport (via Lacombe 2013)
SCHIRAS DR. HOUDBINE,CHAOUCH,Lacombe 2013,10.1007/s00122-012-1988-2,,VIVC passport (via Lacombe 2013)
SCHIRAS DR. HOUDBINE,KECSKECSCU ROSZAS PIROS,Lacombe 2013,10.1007/s00122-012-1988-2,,VIVC passport (via Lacombe 2013)
TORRONTES SANJUANINO,CRIOLLA CHICA,Lacombe 2013,10.1007/s00122-012-1988-2,10.1016/j.tig.2006.07.008; 10.1111/ajgw.12282,VIVC passport (via Lacombe 2013)
TORRONTES SANJUANINO,MUSCAT OF ALEXANDRIA,Lacombe 2013,10.1007/s00122-012-1988-2,10.1016/j.tig.2006.07.008; 10.1111/ajgw.12282,VIVC passport (via Lacombe 2013)
PRETO CARDANA,CAYETANA BLANCA,Cunha 2020,10.3389/fpls.2020.00127,,VIVC passport (via Cunha 2020)
PRETO CARDANA,MOLAR,Cunha 2020,10.3389/fpls.2020.00127,,VIVC passport (via Cunha 2020)
BARCA,MOURISCO TINTO,Cunha 2020; Lacombe 2013,10.1007/s00122-012-1988-2,,VIVC passport (via Cunha 2020; Lacombe 2013)
BARCA,TOURIGA NACIONAL,Cunha 2020; Lacombe 2013,10.1007/s00122-012-1988-2,,VIVC passport (via Cunha 2020; Lacombe 2013)
PADEIRO,HEBIEN,Cunha 2020; Lacombe 2013,10.1007/s00122-012-1988-2,10.5073/vitis.2015.54.special-issue.81-86,VIVC passport (via Cunha 2020; Lacombe 2013)
PADEIRO,VINHAO = SOUZAO,Cunha 2020; Lacombe 2013,10.1007/s00122-012-1988-2,10.5073/vitis.2015.54.special-issue.81-86,VIVC passport (via Cunha 2020; Lacombe 2013)
TSAOUSSI,BARESANA,Lacombe 2013,10.1007/s00122-012-1988-2,,VIVC passport (via Lacombe 2013)
TSAOUSSI,MAVRODAPHNI,Lacombe 2013,10.1007/s00122-012-1988-2,,VIVC passport (via Lacombe 2013)
AIVAZ,MOLDOVA,none,10.21548/39-1-2053,10.21548/39-1-2053,VIVC passport (pedigree confirmed by markers)
AIVAZ,CARDINAL,none,10.21548/39-1-2053,10.21548/39-1-2053,VIVC passport (pedigree confirmed by markers)
ARKADIA,MOLDOVA,none,10.3103/S0095452718050031,10.3103/S0095452718050031,VIVC passport (pedigree confirmed by markers)
ARKADIA,CARDINAL,none,10.3103/S0095452718050031,10.3103/S0095452718050031,VIVC passport (pedigree confirmed by markers)
AIN EL BOUMA,OLIVETTE BLANCHE,Lacombe & Emanuelli 2020; Lacombe 2013,10.1007/s00122-012-1988-2,,VIVC passport (via Lacombe & Emanuelli 2020; Lacombe 2013)
AIN EL BOUMA,UGNI BLANC,Lacombe & Emanuelli 2020; Lacombe 2013,10.1007/s00122-012-1988-2,,VIVC passport (via Lacombe & Emanuelli 2020; Lacombe 2013)
ARDONA,CARDINAL,Lacombe 2013,10.1007/s00122-012-1988-2,,VIVC passport (via Lacombe 2013)
ARDONA,VERONA,Lacombe 2013,10.1007/s00122-012-1988-2,,VIVC passport (via Lacombe 2013)
BESTS M,BICANE,Lacombe 2013,10.1007/s00122-012-1988-2,,VIVC passport (via Lacombe 2013)
BESTS M,MUSCAT DE HAMBOURG,Lacombe 2013,10.1007/s00122-012-1988-2,,VIVC passport (via Lacombe 2013)
BONARDA DI PIAVA,TRIUMPH TRAUBE,Lacombe 2013,10.1007/s00122-012-1988-2,,VIVC passport (via Lacombe 2013)
BONARDA DI PIAVA,SCHIAVA GROSSA,Lacombe 2013,10.1007/s00122-012-1988-2,,VIVC passport (via Lacombe 2013)
BLACK MONUKKA,ICHKIMAR,Lacombe & Emanuelli 2020; Lacombe 2013; Laucou 2018,10.1007/s00122-012-1988-2,,VIVC passport (via Lacombe & Emanuelli 2020; Lacombe 2013; Laucou 2018)
BLACK MONUKKA,SULTANINA,Lacombe & Emanuelli 2020; Lacombe 2013; Laucou 2018,10.1007/s00122-012-1988-2,,VIVC passport (via Lacombe & Emanuelli 2020; Lacombe 2013; Laucou 2018)
CITRONELLE X ARAMON,ARAMON NOIR,Lacombe 2013,10.1007/s00122-012-1988-2,,VIVC passport (via Lacombe 2013)
CITRONELLE X ARAMON,CINSAUT,Lacombe 2013,10.1007/s00122-012-1988-2,,VIVC passport (via Lacombe 2013)
DAMERET,HUMAGNE BLANC,Lacombe 2013,10.1007/s00122-012-1988-2,,VIVC passport (via Lacombe 2013)
DAMERET,GOUAIS BLANC,Lacombe 2013,10.1007/s00122-012-1988-2,,VIVC passport (via Lacombe 2013)
DIAMANTTRAUBE,COARNA ALBA,Lacombe 2013,10.1007/s00122-012-1988-2,,VIVC passport (via Lacombe 2013)
DIAMANTTRAUBE,EZERJO,Lacombe 2013,10.1007/s00122-012-1988-2,,VIVC passport (via Lacombe 2013)
FONDO DE ORZA,HUEVO DE GATO NEGRO,Lacombe 2013,10.1007/s00122-012-1988-2,,VIVC passport (via Lacombe 2013)
FONDO DE ORZA,MUSCAT A PETITS GRAINS,Lacombe 2013,10.1007/s00122-012-1988-2,,VIVC passport (via Lacombe 2013)
FRANCOIS NOIR,GOUAIS BLANC,Lacombe 2013,10.1007/s00122-012-1988-2,,VIVC passport (via Lacombe 2013)
FRANCOIS NOIR,PINOT,Lacombe 2013,10.1007/s00122-012-1988-2,,VIVC passport (via Lacombe 2013)
GALIBERT COULONDRE 201 (F),COUDERC 161-49,none,,,VIVC passport (pedigree confirmed by markers)
GALIBERT COULONDRE 201 (F),RUPESTRIS DU LOT,none,,,VIVC passport (pedigree confirmed by markers)
MADELEINE SAEMLING 18,MADELEINE ANGEVINE,Lacombe 2013,10.1007/s00122-012-1988-2,,VIVC passport (via Lacombe 2013)
MADELEINE SAEMLING 18,RIESLING,Lacombe 2013,10.1007/s00122-012-1988-2,,VIVC passport (via Lacombe 2013)
MALAGA II,MUSCAT D'ALEXANDRIE,Lacombe 2013,10.1007/s00122-012-1988-2,,VIVC passport (via Lacombe 2013)
MALAGA II,MUSCAT D'ALEXANDRIE,Lacombe 2013,10.1007/s00122-012-1988-2,,VIVC passport (via Lacombe 2013)
MALMASIE,HUMAGNE BLANC,Lacombe 2013,10.1007/s00122-012-1988-2,,VIVC passport (via Lacombe 2013)
MALMASIE,CLAIRETTE,Lacombe 2013,10.1007/s00122-012-1988-2,,VIVC passport (via Lacombe 2013)
MUSCAT D'ISTAMBUL,VALENCI BLANCO = BEBA,Lacombe & Emanuelli 2020; Lacombe 2013; Laucou 2018,10.1007/s00122-012-1988-2,10.1007/s10722-013-0064-3,VIVC passport (via Lacombe & Emanuelli 2020; Lacombe 2013; Laucou 2018)
MUSCAT D'ISTAMBUL,MUSCAT D'ALEXANDRIE,Lacombe & Emanuelli 2020; Lacombe 2013; Laucou 2018,10.1007/s00122-012-1988-2,10.1007/s10722-013-0064-3,VIVC passport (via Lacombe & Emanuelli 2020; Lacombe 2013; Laucou 2018)
OLHO DE COCCO,GRENACHE NOIR,Lacombe 2013,10.1007/s00122-012-1988-2,,VIVC passport (via Lacombe 2013)
OLHO DE COCCO,PLANT DROIT,Lacombe 2013,10.1007/s00122-012-1988-2,,VIVC passport (via Lacombe 2013)
RAZAKIIA MIRISLIVA,RAZACHIE ROSIE,Lacombe 2013,10.1007/s00122-012-1988-2,,VIVC passport (via Lacombe 2013)
RAZAKIIA MIRISLIVA,PROKUPAC,Lacombe 2013,10.1007/s00122-012-1988-2,,VIVC passport (via Lacombe 2013)
SCHEU 10514,SAVAGNIN = TRAMINER,Lacombe 2013,10.1007/s00122-012-1988-2,,VIVC passport (via Lacombe 2013)
SCHEU 10514,RIESLING,Lacombe 2013,10.1007/s00122-012-1988-2,,VIVC passport (via Lacombe 2013)
VIGNE DE WOOD,KOZ OUZIOUM,Lacombe 2013,10.1007/s00122-012-1988-2,,VIVC passport (via Lacombe 2013)
VIGNE DE WOOD,ASSYL KARA,Lacombe 2013,10.1007/s00122-012-1988-2,,VIVC passport (via Lacombe 2013)
ZIZINE,OULIVEN,Lacombe 2013,10.1007/s00122-012-1988-2,,VIVC passport (via Lacombe 2013)
ZIZINE,MAROCAIN NOIR,Lacombe 2013,10.1007/s00122-012-1988-2,,VIVC passport (via Lacombe 2013)
USTOICHIVYI DOKUCHAEVOI,GERKULES,none,10.3103/S0095452718050031,10.3103/S0095452718050031,VIVC passport (pedigree confirmed by markers)
USTOICHIVYI DOKUCHAEVOI,DATTIER DE SAINT VALLIER,none,10.3103/S0095452718050031,10.3103/S0095452718050031,VIVC passport (pedigree confirmed by markers)
RIGOTTI 125,CARMENERE,none,,,VIVC passport (pedigree confirmed by markers)
RIGOTTI 125,MERLOT,none,,,VIVC passport (pedigree confirmed by markers)
RIGOTTI 81- 6,SCHIAVA GROSSA,none,,,VIVC passport (pedigree confirmed by markers)
RIGOTTI 81- 6,MERLOT,none,,,VIVC passport (pedigree confirmed by markers)
SUNRED SEEDLESS,DATAL,none,10.21548/39-1-2053,10.21548/39-1-2053,VIVC passport (pedigree confirmed by markers)
SUNRED SEEDLESS,RUBY SEEDLESS,none,10.21548/39-1-2053,10.21548/39-1-2053,VIVC passport (pedigree confirmed by markers)
SUNDANCE,DAUPHINE,none,10.21548/39-1-2053,10.21548/39-1-2053,VIVC passport (pedigree confirmed by markers)
SUNDANCE,DAWN SEEDLESS,none,10.21548/39-1-2053,10.21548/39-1-2053,VIVC passport (pedigree confirmed by markers)
ERVI,BARBERA,Lacombe & Emanuelli 2020,10.3389/fpls.2020.605934,,VIVC passport (via Lacombe & Emanuelli 2020)
ERVI,CROATINA,Lacombe & Emanuelli 2020,10.3389/fpls.2020.605934,,VIVC passport (via Lacombe & Emanuelli 2020)
BARRETO,MARUFO,Cunha 2020,10.3389/fpls.2020.00127,,VIVC passport (via Cunha 2020)
BARRETO,GOUVEIO,Cunha 2020,10.3389/fpls.2020.00127,,VIVC passport (via Cunha 2020)
BRANCO GUIMARAES,RABIGATO,Cunha 2020,10.3389/fpls.2020.00127,,VIVC passport (via Cunha 2020)
BRANCO GUIMARAES,CASTELLANA BLANCA,Cunha 2020,10.3389/fpls.2020.00127,,VIVC passport (via Cunha 2020)
DONZELINHO ROXO,MARUFO,Cunha 2020,10.3389/fpls.2020.00127,,VIVC passport (via Cunha 2020)
DONZELINHO ROXO,GOUVEIO,Cunha 2020,10.3389/fpls.2020.00127,,VIVC passport (via Cunha 2020)
MALVASIA BRANCA DE SAO JORGE,VITAL,Cunha 2020,10.3389/fpls.2020.00127,,VIVC passport (via Cunha 2020)
MALVASIA BRANCA DE SAO JORGE,UVA CAO,Cunha 2020,10.3389/fpls.2020.00127,,VIVC passport (via Cunha 2020)
MOSCATEL GALEGO TINTO,MUSCAT A PETITS GRAINS BLANCS,Cunha 2020,10.3389/fpls.2020.00127,,VIVC passport (via Cunha 2020)
MOSCATEL GALEGO TINTO,ALVARELHAO,Cunha 2020,10.3389/fpls.2020.00127,,VIVC passport (via Cunha 2020)
AYVAZYANI MUSKATENI,ANGUR KALAN,none,,,VIVC passport (pedigree confirmed by markers)
AYVAZYANI MUSKATENI,MUSCAT HAMBURG,none,,,VIVC passport (pedigree confirmed by markers)
ANUSHIK,ANGUR KALAN,Margaryan 2021,10.3390/biology10121279,,VIVC passport (via Margaryan 2021)
ANUSHIK,CSABA GYOENGYE,Margaryan 2021,10.3390/biology10121279,,VIVC passport (via Margaryan 2021)
ROUPEIRO BRANCO,HEBIEN,Cunha 2020,10.3389/fpls.2020.00127,10.5073/vitis.2015.54.special-issue.81-86,VIVC passport (via Cunha 2020)
ROUPEIRO BRANCO,FOLGASAO,Cunha 2020,10.3389/fpls.2020.00127,10.5073/vitis.2015.54.special-issue.81-86,VIVC passport (via Cunha 2020)
ROXO FLOR,MARUFO,Cunha 2020,10.3389/fpls.2020.00127,,VIVC passport (via Cunha 2020)
ROXO FLOR,GOUVEIO,Cunha 2020,10.3389/fpls.2020.00127,,VIVC passport (via Cunha 2020)
TINTA DE LISBOA,SIRIA,Cunha 2020; Lacombe 2013,10.1007/s00122-012-1988-2,,VIVC passport (via Cunha 2020; Lacombe 2013)
TINTA DE LISBOA,TROUSSEAU,Cunha 2020; Lacombe 2013,10.1007/s00122-012-1988-2,,VIVC passport (via Cunha 2020; Lacombe 2013)
TINTA AURELIO,MARUFO,Cunha 2020,10.3389/fpls.2020.00127,,VIVC passport (via Cunha 2020)
TINTA AURELIO,TINTA POMAR,Cunha 2020,10.3389/fpls.2020.00127,,VIVC passport (via Cunha 2020)
TINTA MARTINS,MARUFO,Cunha 2020,10.3389/fpls.2020.00127,,VIVC passport (via Cunha 2020)
TINTA MARTINS,MORRASTEL,Cunha 2020,10.3389/fpls.2020.00127,,VIVC passport (via Cunha 2020)
ILICHEVSKII RANNII,SEVERNII,none,10.3103/S0095452718050031,10.3103/S0095452718050031,VIVC passport (pedigree confirmed by markers)
ILICHEVSKII RANNII,ODES'KII STIIKII,none,10.3103/S0095452718050031,10.3103/S0095452718050031,VIVC passport (pedigree confirmed by markers)
FOLIGNAN,UGNI BLANC,Lacombe 2013,10.1007/s00122-012-1988-2,,VIVC passport (via Lacombe 2013)
FOLIGNAN,FOLLE BLANCHE,Lacombe 2013,10.1007/s00122-012-1988-2,,VIVC passport (via Lacombe 2013)
NEW YORK 8536,GOFF,none,,,VIVC passport (pedigree confirmed by markers)
NEW YORK 8536,IONA,none,,,VIVC passport (pedigree confirmed by markers)
BLANCHARD 1 B,BERLANDIERI LAFONT 9,none,10.5073/vitis.2008.47.163-167,10.5073/vitis.2008.47.163-167,VIVC passport (pedigree confirmed by markers)
BLANCHARD 1 B,UGNI BLANC,none,10.5073/vitis.2008.47.163-167,10.5073/vitis.2008.47.163-167,VIVC passport (pedigree confirmed by markers)
PINOTIN,CABERNET SAUVIGNON,none,10.5073/vitis.2021.60.189-193,10.5073/vitis.2021.60.189-193,VIVC passport (pedigree confirmed by markers)
PINOTIN,REGENT,none,10.5073/vitis.2021.60.189-193,10.5073/vitis.2021.60.189-193,VIVC passport (pedigree confirmed by markers)
MONARCH,SOLARIS,none,,,VIVC passport (pedigree confirmed by markers)
MONARCH,DORNFELDER,none,,,VIVC passport (pedigree confirmed by markers)
REBERGER,REGENT,none,10.5073/vitis.2021.60.189-193,10.5073/vitis.2021.60.189-193,VIVC passport (pedigree confirmed by markers)
REBERGER,BLAUFRAENKISCH,none,10.5073/vitis.2021.60.189-193,10.5073/vitis.2021.60.189-193,VIVC passport (pedigree confirmed by markers)
CARMINOIR,PINOT NOIR,Lacombe 2013,10.1007/s00122-012-1988-2,,VIVC passport (via Lacombe 2013)
CARMINOIR,CABERNET SAUVIGNON,Lacombe 2013,10.1007/s00122-012-1988-2,,VIVC passport (via Lacombe 2013)
CABERNET DORSA,BLAUFRANKISCH,none,,,VIVC passport (pedigree confirmed by markers)
CABERNET DORSA,DORNFELDER,none,,,VIVC passport (pedigree confirmed by markers)
CABERNET DORIO,BLAUFRANKISCH,none,,,VIVC passport (pedigree confirmed by markers)
CABERNET DORIO,DORNFELDER,none,,,VIVC passport (pedigree confirmed by markers)
CABERNET CUBIN,LIMBERGER BLAU,none,,,VIVC passport (pedigree confirmed by markers)
CABERNET CUBIN,CABERNET SAUVIGNON,none,,,VIVC passport (pedigree confirmed by markers)
CABERNET CORTIS,CABERNET SAUVIGNON,none,,,VIVC passport (pedigree confirmed by markers)
CABERNET CORTIS,SOLARIS,none,,,VIVC passport (pedigree confirmed by markers)
SEYANETS S 484,MADELEINE ANGEVINE,Margaryan 2021,10.3390/biology10121279,,VIVC passport (via Margaryan 2021)
SEYANETS S 484,MUSCAT OF ALEXANDRIA,Margaryan 2021,10.3390/biology10121279,,VIVC passport (via Margaryan 2021)
ESTHER,SEYVE VILLARD 12375,none,,,VIVC passport (pedigree confirmed by markers)
ESTHER,MAGARACSI CSEMEGE,none,,,VIVC passport (pedigree confirmed by markers)
FANNY,SEYVE VILLARD 12375,none,,,VIVC passport (pedigree confirmed by markers)
FANNY,PARENT 2 WAS NOT CONFIRMED,none,,,VIVC passport (pedigree confirmed by markers)
VILLARIS,SIRIUS,none,,,VIVC passport (pedigree confirmed by markers)
VILLARIS,VIDAL BLANC,none,,,VIVC passport (pedigree confirmed by markers)
FELICIA,SIRIUS,none,,,VIVC passport (pedigree confirmed by markers)
FELICIA,VIDAL BLANC,none,,,VIVC passport (pedigree confirmed by markers)
LAGARINO BIANCO,TERLANER,Lacombe 2013,10.1007/s00122-012-1988-2,,VIVC passport (via Lacombe 2013)
LAGARINO BIANCO,VALDERBARA,Lacombe 2013,10.1007/s00122-012-1988-2,,VIVC passport (via Lacombe 2013)
ACCENT,KOLOR,none,,,VIVC passport (pedigree confirmed by markers)
ACCENT,CHANCELLOR,none,,,VIVC passport (pedigree confirmed by markers)
DAHOMEEN,PORTUGIESER,Lacombe 2013,10.1007/s00122-012-1988-2,,VIVC passport (via Lacombe 2013)
DAHOMEEN,LASKA,Lacombe 2013,10.1007/s00122-012-1988-2,,VIVC passport (via Lacombe 2013)
AROMATNY,VERTES CSILLAGA,none,10.3103/S0095452718050031,10.3103/S0095452718050031,VIVC passport (pedigree confirmed by markers)
AROMATNY,ROMULUS,none,10.3103/S0095452718050031,10.3103/S0095452718050031,VIVC passport (pedigree confirmed by markers)
BOURGOUNDSKY,BURYI 2,none,10.1134/S2635167622050135,10.1134/S2635167622050135,VIVC passport (pedigree confirmed by markers)
BOURGOUNDSKY,TSIMLYANSKIY CHERNYI,none,10.1134/S2635167622050135,10.1134/S2635167622050135,VIVC passport (pedigree confirmed by markers)
CRNKA CRNA,BRATKOVINA CRVENA,none,10.3390/genes11070737,10.3390/genes11070737,VIVC passport (pedigree confirmed by markers)
CRNKA CRNA,PLAVAC MALI,none,10.3390/genes11070737,10.3390/genes11070737,VIVC passport (pedigree confirmed by markers)
BASILIKUM,PINOT,Lacombe & Emanuelli 2020; Lacombe 2013; Laucou 2018,10.1007/s00122-012-1988-2,,VIVC passport (via Lacombe & Emanuelli 2020; Lacombe 2013; Laucou 2018)
BASILIKUM,CHASSELAS,Lacombe & Emanuelli 2020; Lacombe 2013; Laucou 2018,10.1007/s00122-012-1988-2,,VIVC passport (via Lacombe & Emanuelli 2020; Lacombe 2013; Laucou 2018)
KRSTAC CRNI,KRATOSIJA,none,10.1038/s41598-020-71918-7,10.1038/s41598-020-71918-7,VIVC passport (pedigree confirmed by markers)
KRSTAC CRNI,BIOKA,none,10.1038/s41598-020-71918-7,10.1038/s41598-020-71918-7,VIVC passport (pedigree confirmed by markers)
CALANDRO,DOMINA,none,10.5073/vitis.2021.60.189-193,10.5073/vitis.2021.60.189-193,VIVC passport (pedigree confirmed by markers)
CALANDRO,REGENT,none,10.5073/vitis.2021.60.189-193,10.5073/vitis.2021.60.189-193,VIVC passport (pedigree confirmed by markers)
EFREMOVSKII VTOROI,COARNA ALBA,Lacombe 2013,10.1007/s00122-012-1988-2,,VIVC passport (via Lacombe 2013)
EFREMOVSKII VTOROI,PLAVAI,Lacombe 2013,10.1007/s00122-012-1988-2,,VIVC passport (via Lacombe 2013)
TCHROGHA MUSKATI,MUSCAT OF ALEXANDRIA,none,,,VIVC passport (pedigree confirmed by markers)
TCHROGHA MUSKATI,PARENT 2 WAS NOT CONFIRMED,none,,,VIVC passport (pedigree confirmed by markers)
HAYASTAN,ANGUR KALAN,Margaryan 2021,10.20870/oeno-one.2021.55.4.4815,10.20870/oeno-one.2021.55.4.4815,VIVC passport (via Margaryan 2021)
HAYASTAN,ITALIA,Margaryan 2021,10.20870/oeno-one.2021.55.4.4815,10.20870/oeno-one.2021.55.4.4815,VIVC passport (via Margaryan 2021)
MUSKAT YEREVANYAN,SEYANETS S 484,Margaryan 2021,10.3390/biology10121279,,VIVC passport (via Margaryan 2021)
MUSKAT YEREVANYAN,RIZAMAT,Margaryan 2021,10.3390/biology10121279,,VIVC passport (via Margaryan 2021)
SHIRELI,SHAANI BELYI,none,,,VIVC passport (pedigree confirmed by markers)
SHIRELI,BAYAN SHIREI,none,,,VIVC passport (pedigree confirmed by markers)
TSULUKIDZIS TETRA,BLANK BLAUER,Lacombe 2013,10.1007/s00122-012-1988-2,,VIVC passport (via Lacombe 2013)
TSULUKIDZIS TETRA,GOUAIS BLANC,Lacombe 2013,10.1007/s00122-012-1988-2,,VIVC passport (via Lacombe 2013)
CABERNET JURA,MEDINA,none,,,VIVC passport (pedigree confirmed by markers)
CABERNET JURA,KABERNE SEVERNYI,none,,,VIVC passport (pedigree confirmed by markers)
CABERTIN,CABERNET SAUVIGNON,none,10.5073/vitis.2021.60.189-193,10.5073/vitis.2021.60.189-193,VIVC passport (pedigree confirmed by markers)
CABERTIN,REGENT,none,10.5073/vitis.2021.60.189-193,10.5073/vitis.2021.60.189-193,VIVC passport (pedigree confirmed by markers)
DUNIA,SEYVE VILLARD 12375,none,,,VIVC passport (pedigree confirmed by markers)
DUNIA,MAGARACSI CSEMEGE III,none,,,VIVC passport (pedigree confirmed by markers)
LIDI,SEYVE VILLARD 12375,none,,,VIVC passport (pedigree confirmed by markers)
LIDI,MAGARACSI CSEMEGE III,none,,,VIVC passport (pedigree confirmed by markers)
CABERNET BLANC,CABERNET SAUVIGNON,none,10.5073/vitis.2021.60.189-193,10.5073/vitis.2021.60.189-193,VIVC passport (pedigree confirmed by markers)
CABERNET BLANC,REGENT,none,10.5073/vitis.2021.60.189-193,10.5073/vitis.2021.60.189-193,VIVC passport (pedigree confirmed by markers)
LORENA,MALVASIA BIANCA,none,10.1371/journal.pone.0240665,10.1371/journal.pone.0240665,VIVC passport (pedigree confirmed by markers)
LORENA,SEYVAL,none,10.1371/journal.pone.0240665,10.1371/journal.pone.0240665,VIVC passport (pedigree confirmed by markers)
NEGRET CASTRAIS,MAUZAC,Lacombe & Emanuelli 2020; Lacombe 2013; Laucou 2018,10.1007/s00122-012-1988-2,,VIVC passport (via Lacombe & Emanuelli 2020; Lacombe 2013; Laucou 2018)
NEGRET CASTRAIS,MORRASTEL = GRACIANO,Lacombe & Emanuelli 2020; Lacombe 2013; Laucou 2018,10.1007/s00122-012-1988-2,,VIVC passport (via Lacombe & Emanuelli 2020; Lacombe 2013; Laucou 2018)
NEGRET DE BANHARS,FER,Lacombe 2013,10.1007/s00122-012-1988-2,,VIVC passport (via Lacombe 2013)
NEGRET DE BANHARS,MANSENG NOIR,Lacombe 2013,10.1007/s00122-012-1988-2,,VIVC passport (via Lacombe 2013)
JAKOB GERHARDT BLANC,VELTLINER ROT,none,,,VIVC passport (pedigree confirmed by markers)
JAKOB GERHARDT BLANC,GEWUERZTRAMINER,none,,,VIVC passport (pedigree confirmed by markers)
NOIRET,NY 65.0467.08,none,,,VIVC passport (pedigree confirmed by markers)
NOIRET,STEUBEN,none,,,VIVC passport (pedigree confirmed by markers)
COROT NOIR,SEYVE VILLARD 18-307,none,,,VIVC passport (pedigree confirmed by markers)
COROT NOIR,STEUBEN,none,,,VIVC passport (pedigree confirmed by markers)
VALVIN MUSCAT,COUDERC 299-35,none,,,VIVC passport (pedigree confirmed by markers)
VALVIN MUSCAT,MUSCAT OTTONEL,none,,,VIVC passport (pedigree confirmed by markers)
AROMELLA,TRAMINETTE,none,,,VIVC passport (pedigree confirmed by markers)
AROMELLA,RAVAT 34,none,,,VIVC passport (pedigree confirmed by markers)
SOUVIGNIER GRIS,SEYVAL,none,,,VIVC passport (pedigree confirmed by markers)
SOUVIGNIER GRIS,ZAEHRINGER,none,,,VIVC passport (pedigree confirmed by markers)
ALVAL,DABOUKI,Lacombe 2013,10.1007/s00122-012-1988-2,,VIVC passport (via Lacombe 2013)
ALVAL,ALPHONSE LAVALLEE,Lacombe 2013,10.1007/s00122-012-1988-2,,VIVC passport (via Lacombe 2013)
MUSCAT CENDRE,PINOT,Lacombe 2013,10.1007/s00122-012-1988-2,,VIVC passport (via Lacombe 2013)
MUSCAT CENDRE,MUSCAT OTTONEL,Lacombe 2013,10.1007/s00122-012-1988-2,,VIVC passport (via Lacombe 2013)
NEW YORK 84.0101.04,NEW YORK 62.0136.01,none,,,VIVC passport (pedigree confirmed by markers)
NEW YORK 84.0101.04,RAVAT 34,none,,,VIVC passport (pedigree confirmed by markers)
NEW YORK 70.0834.06,VIGNOLES,none,,,VIVC passport (pedigree confirmed by markers)
NEW YORK 70.0834.06,CAYUGA WHITE,none,,,VIVC passport (pedigree confirmed by markers)
NEW YORK 63.0970.07,CHANCELLOR,none,,,VIVC passport (pedigree confirmed by markers)
NEW YORK 63.0970.07,PINOT NOIR,none,,,VIVC passport (pedigree confirmed by markers)
MALVASIA VOLCANICA,MALVASIA DI SARDEGNA,Lacombe & Emanuelli 2020; Laucou 2018,10.1371/journal.pone.0192540,,VIVC passport (via Lacombe & Emanuelli 2020; Laucou 2018)
MALVASIA VOLCANICA,MARMAJUELO,Lacombe & Emanuelli 2020; Laucou 2018,10.1371/journal.pone.0192540,,VIVC passport (via Lacombe & Emanuelli 2020; Laucou 2018)
ALMERIA NERA,OHANES,Laucou 2018,10.1371/journal.pone.0192540,,VIVC passport (via Laucou 2018)
ALMERIA NERA,PRUNESTA,Laucou 2018,10.1371/journal.pone.0192540,,VIVC passport (via Laucou 2018)
IMPERIAL ROJA,OHANES,none,,,VIVC passport (pedigree confirmed by markers)
IMPERIAL ROJA,RAGOL,none,,,VIVC passport (pedigree confirmed by markers)
BUBBIERASCO,NEBBIOLO,none,10.1038/s41598-020-72799-6,10.1038/s41598-020-72799-6,VIVC passport (pedigree confirmed by markers)
BUBBIERASCO,BIANCHETTO DI SALUZZO,none,10.1038/s41598-020-72799-6,10.1038/s41598-020-72799-6,VIVC passport (pedigree confirmed by markers)
PIROVANO 166 A,DELIZIA DI VAPRIO,none,,,VIVC passport (pedigree confirmed by markers)
PIROVANO 166 A,BLACK MONUCCA,none,,,VIVC passport (pedigree confirmed by markers)
NORIA,EZERJO,Lacombe 2013,10.1007/s00122-012-1988-2,,VIVC passport (via Lacombe 2013)
NORIA,SAVAGNIN =TRAMINER,Lacombe 2013,10.1007/s00122-012-1988-2,,VIVC passport (via Lacombe 2013)
CABERNET COLONJES,CABERNET SAUVIGNON,none,10.5073/vitis.2021.60.189-193,10.5073/vitis.2021.60.189-193,VIVC passport (pedigree confirmed by markers)
CABERNET COLONJES,REGENT,none,10.5073/vitis.2021.60.189-193,10.5073/vitis.2021.60.189-193,VIVC passport (pedigree confirmed by markers)
CALARDIS BLANC,CALARDIS MUSQUE,none,,,VIVC passport (pedigree confirmed by markers)
CALARDIS BLANC,SEYVE VILLARD 39- 639,none,,,VIVC passport (pedigree confirmed by markers)
VINYATER,HEBIEN,none,,,VIVC passport (pedigree confirmed by markers)
VINYATER,ALBILLO MAYOR,none,,,VIVC passport (pedigree confirmed by markers)
TINTO DE NAVALCARNERO,CASTELLANA BLANCA,none,10.1007/s10722-013-0064-3,10.1007/s10722-013-0064-3,VIVC passport (pedigree confirmed by markers)
TINTO DE NAVALCARNERO,TINTO FRAGOSO,none,10.1007/s10722-013-0064-3,10.1007/s10722-013-0064-3,VIVC passport (pedigree confirmed by markers)
KORINKA RUSSKAYA,SEVERNYI,none,10.18699/VJGB-23-18,10.18699/VJGB-23-18,VIVC passport (pedigree confirmed by markers)
KORINKA RUSSKAYA,KISHMISH CHERNYI,none,10.18699/VJGB-23-18,10.18699/VJGB-23-18,VIVC passport (pedigree confirmed by markers)
MANZONI MOSCATO,RABOSO VERONESE,Cipriani 2010,10.1007/s00122-010-1411-9,,VIVC passport (via Cipriani 2010)
MANZONI MOSCATO,MOSCATO D'AMBURGO,Cipriani 2010,10.1007/s00122-010-1411-9,,VIVC passport (via Cipriani 2010)
AGLIANICO GRANA GROSSA,SANGIOVESE,Cipriani 2010,10.1007/s00122-010-1411-9,,VIVC passport (via Cipriani 2010)
AGLIANICO GRANA GROSSA,GUARDAVALLE,Cipriani 2010,10.1007/s00122-010-1411-9,,VIVC passport (via Cipriani 2010)
MALVASIA NERA DI BOLZANO,PERERA,Cipriani 2010,10.1007/s00122-010-1411-9,,VIVC passport (via Cipriani 2010)
MALVASIA NERA DI BOLZANO,SCHIAVA GENTILE,Cipriani 2010,10.1007/s00122-010-1411-9,,VIVC passport (via Cipriani 2010)
MARCHIONE,RAGUSANO,Cipriani 2010; Lacombe & Emanuelli 2020,10.1007/s00122-010-1411-9,,VIVC passport (via Cipriani 2010; Lacombe & Emanuelli 2020)
MARCHIONE,MONTONICO BIANCO,Cipriani 2010; Lacombe & Emanuelli 2020,10.1007/s00122-010-1411-9,,VIVC passport (via Cipriani 2010; Lacombe & Emanuelli 2020)
MOSCATO DI SPAGNA,DURAGUZA,Cipriani 2010,10.1007/s00122-010-1411-9,,VIVC passport (via Cipriani 2010)
MOSCATO DI SPAGNA,SCACCO,Cipriani 2010,10.1007/s00122-010-1411-9,,VIVC passport (via Cipriani 2010)
GRILLONE,FORTANA,Cipriani 2010,10.1007/s00122-010-1411-9,,VIVC passport (via Cipriani 2010)
GRILLONE,UVA ACETO,Cipriani 2010,10.1007/s00122-010-1411-9,,VIVC passport (via Cipriani 2010)
SALVATICO,CASENTINO,Cipriani 2010,10.1007/s00122-010-1411-9,,VIVC passport (via Cipriani 2010)
SALVATICO,LUGLIOLA ROSSA,Cipriani 2010,10.1007/s00122-010-1411-9,,VIVC passport (via Cipriani 2010)
FRESNO 1613- 59,COUDERC 1613,none,10.1007/s00122-019-03320-5,10.1007/s00122-019-03320-5,VIVC passport (pedigree confirmed by markers)
FRESNO 1613- 59,COUDERC 3306,none,10.1007/s00122-019-03320-5,10.1007/s00122-019-03320-5,VIVC passport (pedigree confirmed by markers)
GARAI,MGUERGUEB,none,10.1007/s11295-014-0746-9,10.1007/s11295-014-0746-9,VIVC passport (pedigree confirmed by markers)
GARAI,BEZOUL EL KHADEM DE TUNISIE,none,10.1007/s11295-014-0746-9,10.1007/s11295-014-0746-9,VIVC passport (pedigree confirmed by markers)
MARSAOUI,PLANTA FINA,none,10.1007/s11295-014-0746-9,10.1007/s11295-014-0746-9,VIVC passport (pedigree confirmed by markers)
MARSAOUI,HEPTAKILO,none,10.1007/s11295-014-0746-9,10.1007/s11295-014-0746-9,VIVC passport (pedigree confirmed by markers)
CATARRATTO BIANCO FAUX,SANGIOVESE,Lacombe 2013,10.1007/s00122-012-1988-2,10.21273/JASHS.132.4.514,VIVC passport (via Lacombe 2013)
CATARRATTO BIANCO FAUX,CATARRATTO BIANCO,Lacombe 2013,10.1007/s00122-012-1988-2,10.21273/JASHS.132.4.514,VIVC passport (via Lacombe 2013)
CALABRESE FAUX,GARGANEGA,none,10.21273/JASHS.132.4.514,10.21273/JASHS.132.4.514,VIVC passport (pedigree confirmed by markers)
CALABRESE FAUX,MAMMOLO,none,10.21273/JASHS.132.4.514,10.21273/JASHS.132.4.514,VIVC passport (pedigree confirmed by markers)
ROUSSETTE GROSSE,ALTESSE,Lacombe 2013,10.1007/s00122-012-1988-2,,VIVC passport (via Lacombe 2013)
ROUSSETTE GROSSE,GOUAIS BLANC,Lacombe 2013,10.1007/s00122-012-1988-2,,VIVC passport (via Lacombe 2013)
MALVASIA,GIBI,Cunha 2020; Lacombe 2013,10.1007/s00122-012-1988-2,10.5073/vitis.2015.54.special-issue.81-86,VIVC passport (via Cunha 2020; Lacombe 2013)
MALVASIA,AMARAL,Cunha 2020; Lacombe 2013,10.1007/s00122-012-1988-2,10.5073/vitis.2015.54.special-issue.81-86,VIVC passport (via Cunha 2020; Lacombe 2013)
GALOTTA,ANCELLOTTA,Lacombe & Emanuelli 2020; Lacombe 2013; Laucou 2018,10.1007/s00122-012-1988-2,,VIVC passport (via Lacombe & Emanuelli 2020; Lacombe 2013; Laucou 2018)
GALOTTA,GAMAY,Lacombe & Emanuelli 2020; Lacombe 2013; Laucou 2018,10.1007/s00122-012-1988-2,,VIVC passport (via Lacombe & Emanuelli 2020; Lacombe 2013; Laucou 2018)
PLANT DE BRUNEL,GRENACHE = GARNACHA,Lacombe 2013,10.1007/s00122-012-1988-2,,VIVC passport (via Lacombe 2013)
PLANT DE BRUNEL,JURANCON NOIR,Lacombe 2013,10.1007/s00122-012-1988-2,,VIVC passport (via Lacombe 2013)
BIDH EL H'MEM (RAF RAF),HEPTAKILO,Lacombe 2013,10.1007/s00122-012-1988-2,,VIVC passport (via Lacombe 2013)
BIDH EL H'MEM (RAF RAF),MAYORQUIN = FARANA,Lacombe 2013,10.1007/s00122-012-1988-2,,VIVC passport (via Lacombe 2013)
SANTA MARIA,VERNACCIA DI ORISTANO,Cipriani 2010,10.1007/s00122-010-1411-9,,VIVC passport (via Cipriani 2010)
SANTA MARIA,PENSICATO,Cipriani 2010,10.1007/s00122-010-1411-9,,VIVC passport (via Cipriani 2010)
CELTICA,RIESLING ITALICO,Lacombe & Emanuelli 2020,10.3389/fpls.2020.605934,,VIVC passport (via Lacombe & Emanuelli 2020)
CELTICA,CHARDONNAY,Lacombe & Emanuelli 2020,10.3389/fpls.2020.605934,,VIVC passport (via Lacombe & Emanuelli 2020)
ALZEY 7672,MADELEINE ANGEVINE,none,,,VIVC passport (pedigree confirmed by markers)
ALZEY 7672,RIESLING WEISS,none,,,VIVC passport (pedigree confirmed by markers)
CASTELOA,ALFROCHEIRO,Cunha 2020,10.3389/fpls.2020.00127,10.5073/vitis.2015.54.special-issue.59-65,VIVC passport (via Cunha 2020)
CASTELOA,CAYETANA BLANCA,Cunha 2020,10.3389/fpls.2020.00127,10.5073/vitis.2015.54.special-issue.59-65,VIVC passport (via Cunha 2020)
DUNA GYOENGYE,SEIBEL 4986,none,,,VIVC passport (pedigree confirmed by markers)
DUNA GYOENGYE,PARENT 2 WAS NOT CONFIRMED,none,,,VIVC passport (pedigree confirmed by markers)
MORAVIA DULCE,MOURISCO TINTO = MARUFO,Lacombe 2013,10.1007/s00122-012-1988-2,10.1007/s10722-013-0064-3,VIVC passport (via Lacombe 2013)
MORAVIA DULCE,VALENCI BLANCO = BEBA,Lacombe 2013,10.1007/s00122-012-1988-2,10.1007/s10722-013-0064-3,VIVC passport (via Lacombe 2013)
VERDIAL TINTO,MARUFO,Cunha 2020,10.3389/fpls.2020.00127,,VIVC passport (via Cunha 2020)
VERDIAL TINTO,MALVASIA FINA,Cunha 2020,10.3389/fpls.2020.00127,,VIVC passport (via Cunha 2020)
ROGER'S RED,VITIS CALIFORNICA,none,,,VIVC passport (pedigree confirmed by markers)
ROGER'S RED,ALICANTE BOUSCHET,none,,,VIVC passport (pedigree confirmed by markers)
MARGOT,MERLOT,none,10.1371/journal.pone.0240665,10.1371/journal.pone.0240665,VIVC passport (pedigree confirmed by markers)
MARGOT,VILLARD NOIR,none,10.1371/journal.pone.0240665,10.1371/journal.pone.0240665,VIVC passport (pedigree confirmed by markers)
SAGRESTANA,PICOLIT,none,10.1038/s41598-020-64061-w,10.1038/s41598-020-64061-w,VIVC passport (pedigree confirmed by markers)
SAGRESTANA,VERDUZZO FRIULANO,none,10.1038/s41598-020-64061-w,10.1038/s41598-020-64061-w,VIVC passport (pedigree confirmed by markers)
FRUEHER BLAUER WAELSCHER X FARBTRAUBE NR. 4,LASKA,none,,,VIVC passport (pedigree confirmed by markers)
FRUEHER BLAUER WAELSCHER X FARBTRAUBE NR. 4,TEINTURIER,none,,,VIVC passport (pedigree confirmed by markers)
CALLET NEGRELLA,BEBA,Lacombe 2013,10.1007/s00122-012-1988-2,10.1007/s10722-011-9706-5,VIVC passport (via Lacombe 2013)
CALLET NEGRELLA,GIRO SARDO,Lacombe 2013,10.1007/s00122-012-1988-2,10.1007/s10722-011-9706-5,VIVC passport (via Lacombe 2013)
GAFARRO,CALLET CAS CONCOS,none,10.1007/s10722-011-9706-5,10.1007/s10722-011-9706-5,VIVC passport (pedigree confirmed by markers)
GAFARRO,FOGENEU,none,10.1007/s10722-011-9706-5,10.1007/s10722-011-9706-5,VIVC passport (pedigree confirmed by markers)
CABESTREL,MOURVEDRE,Lacombe 2013,10.1007/s00122-012-1988-2,,VIVC passport (via Lacombe 2013)
CABESTREL,CABERNET SAUVIGNON,Lacombe 2013,10.1007/s00122-012-1988-2,,VIVC passport (via Lacombe 2013)
ALBILLA DORADA,MORAVIA DULCE,none,10.1007/s10722-013-0064-3,10.1007/s10722-013-0064-3,VIVC passport (pedigree confirmed by markers)
ALBILLA DORADA,TEMPRANILLO,none,10.1007/s10722-013-0064-3,10.1007/s10722-013-0064-3,VIVC passport (pedigree confirmed by markers)
AG BEILAGANI,SHAANI BELYI,none,,,VIVC passport (pedigree confirmed by markers)
AG BEILAGANI,TAIFI ROZOVYI,none,,,VIVC passport (pedigree confirmed by markers)
NOVRAST,SHAFEI,none,,,VIVC passport (pedigree confirmed by markers)
NOVRAST,SATENI BELYI,none,,,VIVC passport (pedigree confirmed by markers)
SUPREME,PARENT 1 WAS NOT CONFIRMED,none,10.21273/JASHS.133.4.559,10.21273/JASHS.133.4.559,VIVC passport (pedigree confirmed by markers)
SUPREME,DIXIELAND,none,10.21273/JASHS.133.4.559,10.21273/JASHS.133.4.559,VIVC passport (pedigree confirmed by markers)
SMENA,DATTIER DE SAINT VALLIER,none,10.3103/S0095452718050031,10.3103/S0095452718050031,VIVC passport (pedigree confirmed by markers)
SMENA,DEKORATIVNII,none,10.3103/S0095452718050031,10.3103/S0095452718050031,VIVC passport (pedigree confirmed by markers)
KUMBULLOR I ZI,TAJKA E KUQE/TAJKA ROZE,none,10.5073/vitis.2015.54.special-issue.127-131,10.5073/vitis.2015.54.special-issue.127-131,VIVC passport (pedigree confirmed by markers)
KUMBULLOR I ZI,KOSINJOT,none,10.5073/vitis.2015.54.special-issue.127-131,10.5073/vitis.2015.54.special-issue.127-131,VIVC passport (pedigree confirmed by markers)
LAMBRUSCA PIGNATA,DOUX D'HENRY N.,none,10.1038/s41598-020-72799-6,10.1038/s41598-020-72799-6,VIVC passport (pedigree confirmed by markers)
LAMBRUSCA PIGNATA,CHATUS N.,none,10.1038/s41598-020-72799-6,10.1038/s41598-020-72799-6,VIVC passport (pedigree confirmed by markers)
NEBBIOLO GABARDIN,CHATUS N.,none,10.1038/s41598-020-72799-6,10.1038/s41598-020-72799-6,VIVC passport (pedigree confirmed by markers)
NEBBIOLO GABARDIN,NERETTA CUNEESE N.,none,10.1038/s41598-020-72799-6,10.1038/s41598-020-72799-6,VIVC passport (pedigree confirmed by markers)
PRIMATICCIA,CROATINA N.,none,10.1038/s41598-020-72799-6,10.1038/s41598-020-72799-6,VIVC passport (pedigree confirmed by markers)
PRIMATICCIA,LAMBRUSCA DI ALESSANDRIA N.,none,10.1038/s41598-020-72799-6,10.1038/s41598-020-72799-6,VIVC passport (pedigree confirmed by markers)
CASTELO BRANCO,FERNAO PIRES,Cunha 2020,10.3389/fpls.2020.00127,,VIVC passport (via Cunha 2020)
CASTELO BRANCO,DIAGALVES,Cunha 2020,10.3389/fpls.2020.00127,,VIVC passport (via Cunha 2020)
DIVICO,GAMARET,none,,,VIVC passport (pedigree confirmed by markers)
DIVICO,BRONNER,none,,,VIVC passport (pedigree confirmed by markers)
TAVKVERI CARTALINSKY,DIAMANTTRAUBE,Lacombe 2013,10.1007/s00122-012-1988-2,,VIVC passport (via Lacombe 2013)
TAVKVERI CARTALINSKY,OLIVETTE ROSE,Lacombe 2013,10.1007/s00122-012-1988-2,,VIVC passport (via Lacombe 2013)
ZAGADKA,GERKULES,none,10.3103/S0095452718050031,10.3103/S0095452718050031,VIVC passport (pedigree confirmed by markers)
ZAGADKA,DATTIER DE SAINT VALLIER,none,10.3103/S0095452718050031,10.3103/S0095452718050031,VIVC passport (pedigree confirmed by markers)
DOBRINIA,CABERNET SAUVIGNON,none,10.3103/S0095452718050031,10.3103/S0095452718050031,VIVC passport (pedigree confirmed by markers)
DOBRINIA,RUPESTRIS DU LOT,none,10.3103/S0095452718050031,10.3103/S0095452718050031,VIVC passport (pedigree confirmed by markers)
ETUD,DATTIER DE SAINT VALLIER,none,10.3103/S0095452718050031,10.3103/S0095452718050031,VIVC passport (pedigree confirmed by markers)
ETUD,DEKORATIVNII,none,10.3103/S0095452718050031,10.3103/S0095452718050031,VIVC passport (pedigree confirmed by markers)
JANTAR TAIROVSKIY,ZAGADKA,none,10.3103/S0095452718050031,10.3103/S0095452718050031,VIVC passport (pedigree confirmed by markers)
JANTAR TAIROVSKIY,VOSTORG,none,10.3103/S0095452718050031,10.3103/S0095452718050031,VIVC passport (pedigree confirmed by markers)
JARILO,GOECSEJI ZAMATOS,none,10.3103/S0095452718050031,10.3103/S0095452718050031,VIVC passport (pedigree confirmed by markers)
JARILO,RODNICHOK,none,10.3103/S0095452718050031,10.3103/S0095452718050031,VIVC passport (pedigree confirmed by markers)
ODISSEY,ZAGADKA,none,10.3103/S0095452718050031,10.3103/S0095452718050031,VIVC passport (pedigree confirmed by markers)
ODISSEY,VOSTORG,none,10.3103/S0095452718050031,10.3103/S0095452718050031,VIVC passport (pedigree confirmed by markers)
OGONIOK TAIROVSKIY,DATTIER DE SAINT VALLIER,none,10.3103/S0095452718050031,10.3103/S0095452718050031,VIVC passport (pedigree confirmed by markers)
OGONIOK TAIROVSKIY,DEKORATIVNII,none,10.3103/S0095452718050031,10.3103/S0095452718050031,VIVC passport (pedigree confirmed by markers)
ORIGINAL BELIY,CHAOUCH BILII,none,10.3103/S0095452718050031,10.3103/S0095452718050031,VIVC passport (pedigree confirmed by markers)
ORIGINAL BELIY,DATTIER DE SAINT VALLIER,none,10.3103/S0095452718050031,10.3103/S0095452718050031,VIVC passport (pedigree confirmed by markers)
PODAROK SELEKCIONERA,AGAT DONSKII,none,10.3103/S0095452718050031,10.3103/S0095452718050031,VIVC passport (pedigree confirmed by markers)
PODAROK SELEKCIONERA,KOBZAR,none,10.3103/S0095452718050031,10.3103/S0095452718050031,VIVC passport (pedigree confirmed by markers)
UKRAINSKII 85,CHAOUCH ROSE,none,10.3103/S0095452718050031,10.3103/S0095452718050031,VIVC passport (pedigree confirmed by markers)
UKRAINSKII 85,IRSAI OLIVER,none,10.3103/S0095452718050031,10.3103/S0095452718050031,VIVC passport (pedigree confirmed by markers)
ZAGREY,ALIGOTE,none,10.3103/S0095452718050031,10.3103/S0095452718050031,VIVC passport (pedigree confirmed by markers)
ZAGREY,OVIDIOPOL'SKII,none,10.3103/S0095452718050031,10.3103/S0095452718050031,VIVC passport (pedigree confirmed by markers)
EBADI I 21,RAJABI,none,,,VIVC passport (pedigree confirmed by markers)
EBADI I 21,YAGHUTI,none,,,VIVC passport (pedigree confirmed by markers)
EBADI K 67,ALIBABA,none,,,VIVC passport (pedigree confirmed by markers)
EBADI K 67,RED SULTANA,none,,,VIVC passport (pedigree confirmed by markers)
EBADI R 80,DIZMARI,none,,,VIVC passport (pedigree confirmed by markers)
EBADI R 80,ASKARI,none,,,VIVC passport (pedigree confirmed by markers)
EBADI I 73,RAJABI SEFID,none,,,VIVC passport (pedigree confirmed by markers)
EBADI I 73,YAGHOOTI,none,,,VIVC passport (pedigree confirmed by markers)
EBADI A 119,MUSCAT,none,,,VIVC passport (pedigree confirmed by markers)
EBADI A 119,ASKARI,none,,,VIVC passport (pedigree confirmed by markers)
EBADI R 84,ALIBABA,none,,,VIVC passport (pedigree confirmed by markers)
EBADI R 84,ASKARI,none,,,VIVC passport (pedigree confirmed by markers)
EBADI B 98,RAJABI SEFID,none,,,VIVC passport (pedigree confirmed by markers)
EBADI B 98,SULTANA,none,,,VIVC passport (pedigree confirmed by markers)
EBADI S 40,ALHAGI,none,,,VIVC passport (pedigree confirmed by markers)
EBADI S 40,YAGHOOTI,none,,,VIVC passport (pedigree confirmed by markers)
EBADI K 93,DIZMARY,none,,,VIVC passport (pedigree confirmed by markers)
EBADI K 93,SULTANA,none,,,VIVC passport (pedigree confirmed by markers)
EBADI S 55,ALIBABA,none,,,VIVC passport (pedigree confirmed by markers)
EBADI S 55,YAGHOOTI,none,,,VIVC passport (pedigree confirmed by markers)
EBADI L 125,RAJABI SEFID,none,,,VIVC passport (pedigree confirmed by markers)
EBADI L 125,RED SULTANA,none,,,VIVC passport (pedigree confirmed by markers)
EBADI S 54,ALIBABA,none,,,VIVC passport (pedigree confirmed by markers)
EBADI S 54,YAGHOOTI,none,,,VIVC passport (pedigree confirmed by markers)
AIT HAMAMA,AMOKRANE,Lacombe 2013,10.1007/s00122-012-1988-2,,VIVC passport (via Lacombe 2013)
AIT HAMAMA,AREKAK,Lacombe 2013,10.1007/s00122-012-1988-2,,VIVC passport (via Lacombe 2013)
AROMATICA ROSE,CARDINAL,Lacombe 2013,10.1007/s00122-012-1988-2,,VIVC passport (via Lacombe 2013)
AROMATICA ROSE,SULTANINA,Lacombe 2013,10.1007/s00122-012-1988-2,,VIVC passport (via Lacombe 2013)
ASSARIO BLANC FEMELLE,HEBIEN,Lacombe 2013,10.1007/s00122-012-1988-2,,VIVC passport (via Lacombe 2013)
ASSARIO BLANC FEMELLE,MUSCAT D'ALEXANDRIE,Lacombe 2013,10.1007/s00122-012-1988-2,,VIVC passport (via Lacombe 2013)
ATOMIC,CRIOLLA GRANDE SANJUANINA,Lacombe 2013,10.1007/s00122-012-1988-2,,VIVC passport (via Lacombe 2013)
ATOMIC,GROS COLMAN,Lacombe 2013,10.1007/s00122-012-1988-2,,VIVC passport (via Lacombe 2013)
AUTOFECONDATION CHASSELAS ROSE 18 FAUX,MUSCAT A PETITS GRAINS,Lacombe 2013,10.1007/s00122-012-1988-2,,VIVC passport (via Lacombe 2013)
AUTOFECONDATION CHASSELAS ROSE 18 FAUX,CHASSELAS,Lacombe 2013,10.1007/s00122-012-1988-2,,VIVC passport (via Lacombe 2013)
AUTOFECONDATION CHASSELAS ROSE 59,CHASSELAS,Lacombe 2013,10.1007/s00122-012-1988-2,,VIVC passport (via Lacombe 2013)
AUTOFECONDATION CHASSELAS ROSE 59,CHASSELAS,Lacombe 2013,10.1007/s00122-012-1988-2,,VIVC passport (via Lacombe 2013)
AUTOFECONDATION SAUVIGNON 106,SAUVIGNON,Lacombe 2013,10.1007/s00122-012-1988-2,,VIVC passport (via Lacombe 2013)
AUTOFECONDATION SAUVIGNON 106,SAUVIGNON,Lacombe 2013,10.1007/s00122-012-1988-2,,VIVC passport (via Lacombe 2013)
AUTOFECONDATION SYRAH 1992,SYRAH,Lacombe 2013,10.1007/s00122-012-1988-2,,VIVC passport (via Lacombe 2013)
AUTOFECONDATION SYRAH 1992,SYRAH,Lacombe 2013,10.1007/s00122-012-1988-2,,VIVC passport (via Lacombe 2013)
AUTOFECONDATION VIOGNIER 1992,VIOGNIER,Lacombe 2013,10.1007/s00122-012-1988-2,,VIVC passport (via Lacombe 2013)
AUTOFECONDATION VIOGNIER 1992,VIOGNIER,Lacombe 2013,10.1007/s00122-012-1988-2,,VIVC passport (via Lacombe 2013)
BASTARDO DOS FRADES DE BOLONIO,GIBI = HEBEN,Lacombe 2013,10.1007/s00122-012-1988-2,,VIVC passport (via Lacombe 2013)
BASTARDO DOS FRADES DE BOLONIO,TROUSSEAU = BASTARDO,Lacombe 2013,10.1007/s00122-012-1988-2,,VIVC passport (via Lacombe 2013)
BELLE DENISE,PELOURSIN,Lacombe 2013,10.1007/s00122-012-1988-2,,VIVC passport (via Lacombe 2013)
BELLE DENISE,GUEUCHE NOIR,Lacombe 2013,10.1007/s00122-012-1988-2,,VIVC passport (via Lacombe 2013)
BREIDER 5-6,SIEGERREBE,Lacombe 2013; Laucou 2018,10.1007/s00122-012-1988-2,,VIVC passport (via Lacombe 2013; Laucou 2018)
BREIDER 5-6,SIEGERREBE,Lacombe 2013; Laucou 2018,10.1007/s00122-012-1988-2,,VIVC passport (via Lacombe 2013; Laucou 2018)
BRUXELLOISE BLANCHE,MADELEINE ANGEVINE,Lacombe 2013,10.1007/s00122-012-1988-2,,VIVC passport (via Lacombe 2013)
BRUXELLOISE BLANCHE,SYLVANER,Lacombe 2013,10.1007/s00122-012-1988-2,,VIVC passport (via Lacombe 2013)
CAMARAOU FEMELLE,CAMARALET FEMELLE,Lacombe 2013,10.1007/s00122-012-1988-2,,VIVC passport (via Lacombe 2013)
CAMARAOU FEMELLE,COURBU,Lacombe 2013,10.1007/s00122-012-1988-2,,VIVC passport (via Lacombe 2013)
CHASSELAS QUEEN VICTORIA,CHASSELAS,Lacombe 2013,10.1007/s00122-012-1988-2,,VIVC passport (via Lacombe 2013)
CHASSELAS QUEEN VICTORIA,FRANKENTHAL,Lacombe 2013,10.1007/s00122-012-1988-2,,VIVC passport (via Lacombe 2013)
CRIOLLA 5,PAIS,Lacombe 2013,10.1007/s00122-012-1988-2,,VIVC passport (via Lacombe 2013)
CRIOLLA 5,MUSCAT D'ALEXANDRIE,Lacombe 2013,10.1007/s00122-012-1988-2,,VIVC passport (via Lacombe 2013)
CRVENA SLAUBANIC,KAUKA BLAU,Lacombe 2013,10.1007/s00122-012-1988-2,,VIVC passport (via Lacombe 2013)
CRVENA SLAUBANIC,MUSCAT A PETITS GRAINS,Lacombe 2013,10.1007/s00122-012-1988-2,,VIVC passport (via Lacombe 2013)
FECONDATION LIBRE LAGLEYSE,UGNI BLANC = TREBBIANO TOSCANO,Lacombe 2013,10.1007/s00122-012-1988-2,,VIVC passport (via Lacombe 2013)
FECONDATION LIBRE LAGLEYSE,UGNI BLANC = TREBBIANO TOSCANO,Lacombe 2013,10.1007/s00122-012-1988-2,,VIVC passport (via Lacombe 2013)
FERRADOU,MERLOT,Lacombe 2013,10.1007/s00122-012-1988-2,,VIVC passport (via Lacombe 2013)
FERRADOU,FER,Lacombe 2013,10.1007/s00122-012-1988-2,,VIVC passport (via Lacombe 2013)
FROELICH X 4 2,MADELEINE ANGEVINE,Lacombe 2013,10.1007/s00122-012-1988-2,,VIVC passport (via Lacombe 2013)
FROELICH X 4 2,SAINT-LAURENT,Lacombe 2013,10.1007/s00122-012-1988-2,,VIVC passport (via Lacombe 2013)
FRUMOASA DE GHIOROC X CARDINAL,TOMPA MIHALY,Lacombe 2013,10.1007/s00122-012-1988-2,,VIVC passport (via Lacombe 2013)
FRUMOASA DE GHIOROC X CARDINAL,CARDINAL,Lacombe 2013,10.1007/s00122-012-1988-2,,VIVC passport (via Lacombe 2013)
GROS COURBU DE SEMIS,AOUILLAT,Lacombe 2013,10.1007/s00122-012-1988-2,,VIVC passport (via Lacombe 2013)
GROS COURBU DE SEMIS,COURBU,Lacombe 2013,10.1007/s00122-012-1988-2,,VIVC passport (via Lacombe 2013)
GROS MANSOIS,CAHOURS,Lacombe 2013,10.1007/s00122-012-1988-2,,VIVC passport (via Lacombe 2013)
GROS MANSOIS,FER,Lacombe 2013,10.1007/s00122-012-1988-2,,VIVC passport (via Lacombe 2013)
GYOENGY SZOELOE,MATHIASZ JANOSNE,Lacombe 2013,10.1007/s00122-012-1988-2,,VIVC passport (via Lacombe 2013)
GYOENGY SZOELOE,AIN EL BOUMA,Lacombe 2013,10.1007/s00122-012-1988-2,,VIVC passport (via Lacombe 2013)
HEGOA,SAVAGNIN = TRAMINER,Lacombe 2013,10.1007/s00122-012-1988-2,,VIVC passport (via Lacombe 2013)
HEGOA,PETIT COURBU,Lacombe 2013,10.1007/s00122-012-1988-2,,VIVC passport (via Lacombe 2013)
MAINGONNAT BELDI X UGNI BLANC,MAYORQUIN = FARANA,Lacombe 2013,10.1007/s00122-012-1988-2,,VIVC passport (via Lacombe 2013)
MAINGONNAT BELDI X UGNI BLANC,UGNI BLANC = TREBBIANO TOSCANO,Lacombe 2013,10.1007/s00122-012-1988-2,,VIVC passport (via Lacombe 2013)
MALVOISIE DE MADERA,BLACK MOROCCO,Lacombe 2013,10.1007/s00122-012-1988-2,,VIVC passport (via Lacombe 2013)
MALVOISIE DE MADERA,YAPINCAK,Lacombe 2013,10.1007/s00122-012-1988-2,,VIVC passport (via Lacombe 2013)
MOURTAOU,PLANT DE PEDEBERNADE 4,Lacombe 2013,10.1007/s00122-012-1988-2,,VIVC passport (via Lacombe 2013)
MOURTAOU,MOURAL,Lacombe 2013,10.1007/s00122-012-1988-2,,VIVC passport (via Lacombe 2013)
MUSCAT DORE DE SEMIS,RIESLING,Lacombe 2013,10.1007/s00122-012-1988-2,,VIVC passport (via Lacombe 2013)
MUSCAT DORE DE SEMIS,MUSCAT SAINT-LAURENT,Lacombe 2013,10.1007/s00122-012-1988-2,,VIVC passport (via Lacombe 2013)
PICOLIN,UGNI BLANC,Lacombe 2013,10.1007/s00122-012-1988-2,,VIVC passport (via Lacombe 2013)
PICOLIN,UGNI BLANC,Lacombe 2013,10.1007/s00122-012-1988-2,,VIVC passport (via Lacombe 2013)
PLANT DE BANDOL,MOURVEDRE = MONASTRELL,Lacombe 2013,10.1007/s00122-012-1988-2,,VIVC passport (via Lacombe 2013)
PLANT DE BANDOL,PLANT DROIT,Lacombe 2013,10.1007/s00122-012-1988-2,,VIVC passport (via Lacombe 2013)
PLANT DE BANYULS,HEBIEN,Lacombe 2013,10.1007/s00122-012-1988-2,,VIVC passport (via Lacombe 2013)
PLANT DE BANYULS,CLAIRETTE,Lacombe 2013,10.1007/s00122-012-1988-2,,VIVC passport (via Lacombe 2013)
PLANT DE CERVERA 06 B 1,HEBIEN,Lacombe 2013,10.1007/s00122-012-1988-2,,VIVC passport (via Lacombe 2013)
PLANT DE CERVERA 06 B 1,BRUSTIANO FAUX,Lacombe 2013,10.1007/s00122-012-1988-2,,VIVC passport (via Lacombe 2013)
PLANT DE CHUSCLAN,PLANT D'ALERIA 11,Lacombe 2013,10.1007/s00122-012-1988-2,,VIVC passport (via Lacombe 2013)
PLANT DE CHUSCLAN,AUBUN,Lacombe 2013,10.1007/s00122-012-1988-2,,VIVC passport (via Lacombe 2013)
PLANT DE DEKKER,RIESLING,Lacombe 2013,10.1007/s00122-012-1988-2,,VIVC passport (via Lacombe 2013)
PLANT DE DEKKER,PRECOCE DE MALINGRE,Lacombe 2013,10.1007/s00122-012-1988-2,,VIVC passport (via Lacombe 2013)
PLANT DE MAVAULT,GOUAIS BLANC,none,,,VIVC passport (pedigree confirmed by markers)
PLANT DE MAVAULT,TROUSSEAU = BASTARDO,none,,,VIVC passport (pedigree confirmed by markers)
PLANT DE QUEROL 98 N 2,PLANT DE VIC 98-4,none,,,VIVC passport (pedigree confirmed by markers)
PLANT DE QUEROL 98 N 2,PLANT DE VIC 98-N-1,none,,,VIVC passport (pedigree confirmed by markers)
PLANT DE SECHEX,GOUAIS BLANC,none,,,VIVC passport (pedigree confirmed by markers)
PLANT DE SECHEX,CHASSELAS,none,,,VIVC passport (pedigree confirmed by markers)
PLANT DE TUNISIE 22,CARIGNAN NOIR,Lacombe 2013,10.1007/s00122-012-1988-2,,VIVC passport (via Lacombe 2013)
PLANT DE TUNISIE 22,MUSCAT A PETITS GRAINS,Lacombe 2013,10.1007/s00122-012-1988-2,,VIVC passport (via Lacombe 2013)
PLANT DE VINCELLES,GOUAIS BLANC,Lacombe 2013,10.1007/s00122-012-1988-2,,VIVC passport (via Lacombe 2013)
PLANT DE VINCELLES,CHASSELAS,Lacombe 2013,10.1007/s00122-012-1988-2,,VIVC passport (via Lacombe 2013)
PLANT D'IMPERS,GRENACHE NOIR,Lacombe 2013,10.1007/s00122-012-1988-2,,VIVC passport (via Lacombe 2013)
PLANT D'IMPERS,PETIT BOUSCHET,Lacombe 2013,10.1007/s00122-012-1988-2,,VIVC passport (via Lacombe 2013)
TROLLINGER VON SUPPEE,MADELEINE ANGEVINE,Lacombe 2013,10.1007/s00122-012-1988-2,,VIVC passport (via Lacombe 2013)
TROLLINGER VON SUPPEE,BEQUIGNOL,Lacombe 2013,10.1007/s00122-012-1988-2,,VIVC passport (via Lacombe 2013)
PLANT TEINTURIER DU PLANTOU,PETIT BOUSCHET,Lacombe 2013,10.1007/s00122-012-1988-2,,VIVC passport (via Lacombe 2013)
PLANT TEINTURIER DU PLANTOU,MORRASTEL,Lacombe 2013,10.1007/s00122-012-1988-2,,VIVC passport (via Lacombe 2013)
RAISIN DE GENES,OLIVETTE BLANCHE,Lacombe 2013,10.1007/s00122-012-1988-2,,VIVC passport (via Lacombe 2013)
RAISIN DE GENES,TERRET,Lacombe 2013,10.1007/s00122-012-1988-2,,VIVC passport (via Lacombe 2013)
RAJOULAN,CHAOUCH BLANC,Lacombe 2013,10.1007/s00122-012-1988-2,,VIVC passport (via Lacombe 2013)
RAJOULAN,MANTEUDO,Lacombe 2013,10.1007/s00122-012-1988-2,,VIVC passport (via Lacombe 2013)
REICHRIESLING,GAMAY,Lacombe 2013,10.1007/s00122-012-1988-2,,VIVC passport (via Lacombe 2013)
REICHRIESLING,MADELEINE ROYALE,Lacombe 2013,10.1007/s00122-012-1988-2,,VIVC passport (via Lacombe 2013)
ROUSSAOU,CHANRONGE,Lacombe 2013,10.1007/s00122-012-1988-2,,VIVC passport (via Lacombe 2013)
ROUSSAOU,GOUAIS BLANC,Lacombe 2013,10.1007/s00122-012-1988-2,,VIVC passport (via Lacombe 2013)
SABRA FEMELLE,HEBIEN,Lacombe 2013,10.1007/s00122-012-1988-2,,VIVC passport (via Lacombe 2013)
SABRA FEMELLE,PARDINA,Lacombe 2013,10.1007/s00122-012-1988-2,,VIVC passport (via Lacombe 2013)
GRANDE SAINTE MARIE,GOUAIS BLANC = HEUNISCH WEISS,none,,,VIVC passport (pedigree confirmed by markers)
GRANDE SAINTE MARIE,CHASSELAS,none,,,VIVC passport (pedigree confirmed by markers)
MUSKATDUFT,RIESLING,Lacombe 2013,10.1007/s00122-012-1988-2,,VIVC passport (via Lacombe 2013)
MUSKATDUFT,MUSCAT SAINT-LAURENT,Lacombe 2013,10.1007/s00122-012-1988-2,,VIVC passport (via Lacombe 2013)
TARRANT ROT,PERIDAC,Lacombe 2013,10.1007/s00122-012-1988-2,,VIVC passport (via Lacombe 2013)
TARRANT ROT,VELTELINER ROUGE,Lacombe 2013,10.1007/s00122-012-1988-2,,VIVC passport (via Lacombe 2013)
VARIETE D'OASIS TOZEUR 7,RASSEGUI,Lacombe 2013,10.1007/s00122-012-1988-2,,VIVC passport (via Lacombe 2013)
VARIETE D'OASIS TOZEUR 7,VARIETE D'OASIS TOZEUR 1,Lacombe 2013,10.1007/s00122-012-1988-2,,VIVC passport (via Lacombe 2013)
VARIETE D'OASIS TOZEUR 9,RASSEGUI,Lacombe 2013,10.1007/s00122-012-1988-2,,VIVC passport (via Lacombe 2013)
VARIETE D'OASIS TOZEUR 9,VARIETE D'OASIS DEGACHE 28,Lacombe 2013,10.1007/s00122-012-1988-2,,VIVC passport (via Lacombe 2013)
WHITE WORTLEY HALL,SULTANINE,none,,,VIVC passport (pedigree confirmed by markers)
WHITE WORTLEY HALL,HEPTAKILO,none,,,VIVC passport (pedigree confirmed by markers)
PLANT DE BUFFARD,PRECOCE DE MALINGRE,Lacombe 2013,10.1007/s00122-012-1988-2,,VIVC passport (via Lacombe 2013)
PLANT DE BUFFARD,PRECOCE DE MALINGRE,Lacombe 2013,10.1007/s00122-012-1988-2,,VIVC passport (via Lacombe 2013)
ROYAL VINEYARD,MUSCAT OF ALEXANDRIE,Lacombe 2013,10.1007/s00122-012-1988-2,,VIVC passport (via Lacombe 2013)
ROYAL VINEYARD,VERJUS,Lacombe 2013,10.1007/s00122-012-1988-2,,VIVC passport (via Lacombe 2013)
TINTINHA (COLLECTION ESPORAO),CASTELAO,Cunha 2020; Lacombe 2013,10.1007/s00122-012-1988-2,,VIVC passport (via Cunha 2020; Lacombe 2013)
TINTINHA (COLLECTION ESPORAO),ALICANTE HENRI BOUSCHET,Cunha 2020; Lacombe 2013,10.1007/s00122-012-1988-2,,VIVC passport (via Cunha 2020; Lacombe 2013)
NOUVEAU GIBRALTAR,GREC ROUGE,Lacombe 2013,10.1007/s00122-012-1988-2,,VIVC passport (via Lacombe 2013)
NOUVEAU GIBRALTAR,FRANKENTHAL,Lacombe 2013,10.1007/s00122-012-1988-2,,VIVC passport (via Lacombe 2013)
BLACK PRINCE (MERBEIN),BLACK MOROCCO,Lacombe 2013,10.1007/s00122-012-1988-2,,VIVC passport (via Lacombe 2013)
BLACK PRINCE (MERBEIN),MUSCAT OF ALEXANDRIA,Lacombe 2013,10.1007/s00122-012-1988-2,,VIVC passport (via Lacombe 2013)
BALSAMINA,MUSCAT SAINT LAURENT,Lacombe 2013,10.1007/s00122-012-1988-2,,VIVC passport (via Lacombe 2013)
BALSAMINA,MADELEINE ROYALE,Lacombe 2013,10.1007/s00122-012-1988-2,,VIVC passport (via Lacombe 2013)
VITOVSKA,PROSECCO,none,,,VIVC passport (pedigree confirmed by markers)
VITOVSKA,MALVASIA BIANCA LUNGA,none,,,VIVC passport (pedigree confirmed by markers)
GRAN RAP NERI,AGHEDENE,none,10.1038/s41598-020-64061-w,10.1038/s41598-020-64061-w,VIVC passport (pedigree confirmed by markers)
GRAN RAP NERI,CORBINA,none,10.1038/s41598-020-64061-w,10.1038/s41598-020-64061-w,VIVC passport (pedigree confirmed by markers)
PELENA,GLERA,none,10.1038/s41598-020-64061-w,10.1038/s41598-020-64061-w,VIVC passport (pedigree confirmed by markers)
PELENA,MALVASIA BIANCA LUNGA,none,10.1038/s41598-020-64061-w,10.1038/s41598-020-64061-w,VIVC passport (pedigree confirmed by markers)
POLPOSA,REFOSCO NOSTRANO,none,10.1038/s41598-020-64061-w,10.1038/s41598-020-64061-w,VIVC passport (pedigree confirmed by markers)
POLPOSA,VERDUZZO FRIULANO,none,10.1038/s41598-020-64061-w,10.1038/s41598-020-64061-w,VIVC passport (pedigree confirmed by markers)
VENERE,PICOLIT,none,10.1038/s41598-020-64061-w,10.1038/s41598-020-64061-w,VIVC passport (pedigree confirmed by markers)
VENERE,VERDUZZO FRIULANO,none,10.1038/s41598-020-64061-w,10.1038/s41598-020-64061-w,VIVC passport (pedigree confirmed by markers)
DORONADU,CANNONAU,none,,,VIVC passport (pedigree confirmed by markers)
DORONADU,GRANATZA,none,,,VIVC passport (pedigree confirmed by markers)
SINNIDANU,GALOPPU,none,,,VIVC passport (pedigree confirmed by markers)
SINNIDANU,CANNONAU,none,,,VIVC passport (pedigree confirmed by markers)
LAGLER WEISS,HARTBLAU,none,,,VIVC passport (pedigree confirmed by markers)
LAGLER WEISS,GOUAIS BLANC,none,,,VIVC passport (pedigree confirmed by markers)
PLAVEC ZUTI,BELINA STARORVATSKA,none,10.3390/genes11070737,10.3390/genes11070737,VIVC passport (pedigree confirmed by markers)
PLAVEC ZUTI,BLJUZGAVAC,none,10.3390/genes11070737,10.3390/genes11070737,VIVC passport (pedigree confirmed by markers)
CARRASQUENHO,PARRALETA,Cunha 2020,10.3389/fpls.2020.00127,,VIVC passport (via Cunha 2020)
CARRASQUENHO,MALVASIA FINA,Cunha 2020,10.3389/fpls.2020.00127,,VIVC passport (via Cunha 2020)
MORIBEL,MORAVIA DULCE,none,10.1007/s10722-013-0064-3,10.1007/s10722-013-0064-3,VIVC passport (pedigree confirmed by markers)
MORIBEL,TEMPRANILLO,none,10.1007/s10722-013-0064-3,10.1007/s10722-013-0064-3,VIVC passport (pedigree confirmed by markers)
HALUQUI,MORAVIA DULCE,none,10.1007/s10722-013-0064-3,10.1007/s10722-013-0064-3,VIVC passport (pedigree confirmed by markers)
HALUQUI,PARDILLO,none,10.1007/s10722-013-0064-3,10.1007/s10722-013-0064-3,VIVC passport (pedigree confirmed by markers)
SOMARELLO NERO,UVA SACRA,Lacombe & Emanuelli 2020; Lacombe 2013,10.1007/s00122-012-1988-2,10.21273/JASHS.132.4.514,VIVC passport (via Lacombe & Emanuelli 2020; Lacombe 2013)
SOMARELLO NERO,GARGANEGA,Lacombe & Emanuelli 2020; Lacombe 2013,10.1007/s00122-012-1988-2,10.21273/JASHS.132.4.514,VIVC passport (via Lacombe & Emanuelli 2020; Lacombe 2013)
LOUALI,OUL B'OUZGUEUR,Lacombe 2013,10.1007/s00122-012-1988-2,,VIVC passport (via Lacombe 2013)
LOUALI,CHIKKI,Lacombe 2013,10.1007/s00122-012-1988-2,,VIVC passport (via Lacombe 2013)
GROS BEC,GOUAIS BLANC,Lacombe 2013,10.1007/s00122-012-1988-2,,VIVC passport (via Lacombe 2013)
GROS BEC,PINOT,Lacombe 2013,10.1007/s00122-012-1988-2,,VIVC passport (via Lacombe 2013)
MATHILDE (COLLECTION TREVES),BOUQUETRAUBE,Lacombe 2013,10.1007/s00122-012-1988-2,,VIVC passport (via Lacombe 2013)
MATHILDE (COLLECTION TREVES),MADELEINE ROYALE,Lacombe 2013,10.1007/s00122-012-1988-2,,VIVC passport (via Lacombe 2013)
MUSKAT OBERLIN,BOUQUETTRAUBE,Lacombe 2013,10.1007/s00122-012-1988-2,,VIVC passport (via Lacombe 2013)
MUSKAT OBERLIN,MUSCAT PRECOCE DE SAUMUR,Lacombe 2013,10.1007/s00122-012-1988-2,,VIVC passport (via Lacombe 2013)
SULTANSHIRA,TAVKVERI,none,,,VIVC passport (pedigree confirmed by markers)
SULTANSHIRA,LKENY CHERNYI,none,,,VIVC passport (pedigree confirmed by markers)
MUSKATBOUQUET,RIESLING,Lacombe 2013,10.1007/s00122-012-1988-2,,VIVC passport (via Lacombe 2013)
MUSKATBOUQUET,MUSCAT SAINT LAURENT,Lacombe 2013,10.1007/s00122-012-1988-2,,VIVC passport (via Lacombe 2013)
URBAN SCHWARZ,SCHIAVA GROSSA,none,,,VIVC passport (pedigree confirmed by markers)
URBAN SCHWARZ,SAINT LAURENT,none,,,VIVC passport (pedigree confirmed by markers)
TRIUMPHTRAUBE,MADELEINE ANGEVINE,Lacombe 2013,10.1007/s00122-012-1988-2,,VIVC passport (via Lacombe 2013)
TRIUMPHTRAUBE,PRECOCE DE MALINGRE,Lacombe 2013,10.1007/s00122-012-1988-2,,VIVC passport (via Lacombe 2013)
RIESLING HEILIGENSTEIN,RIESLING,Lacombe 2013,10.1007/s00122-012-1988-2,,VIVC passport (via Lacombe 2013)
RIESLING HEILIGENSTEIN,FRANKENTHAL = SCHIAVA GROSSA,Lacombe 2013,10.1007/s00122-012-1988-2,,VIVC passport (via Lacombe 2013)
STEITZ 1,PINOT NOIR,none,,,VIVC passport (pedigree confirmed by markers)
STEITZ 1,ZALA GYOENGUE,none,,,VIVC passport (pedigree confirmed by markers)
STEITZ 2,PINOT NOIR,none,,,VIVC passport (pedigree confirmed by markers)
STEITZ 2,ZALA GYOENGUE,none,,,VIVC passport (pedigree confirmed by markers)
VELTLINER ROT X ELBLING,VELTLINER ROT,none,,,VIVC passport (pedigree confirmed by markers)
VELTLINER ROT X ELBLING,ELBLING,none,,,VIVC passport (pedigree confirmed by markers)
GARZUELA,GRENACHE NOIR,none,10.1016/j.scienta.2015.04.029,10.1016/j.scienta.2015.04.029,VIVC passport (pedigree confirmed by markers)
GARZUELA,CARIGNAN NOIR,none,10.1016/j.scienta.2015.04.029,10.1016/j.scienta.2015.04.029,VIVC passport (pedigree confirmed by markers)
KADARKA OREG,FURJMONY FEHER,Lacombe 2013,10.1007/s00122-012-1988-2,,VIVC passport (via Lacombe 2013)
KADARKA OREG,KADARKA,Lacombe 2013,10.1007/s00122-012-1988-2,,VIVC passport (via Lacombe 2013)
ZACRETSKA BELINA,ALBA IMPUTOTATO,none,10.3390/genes11070737,10.3390/genes11070737,VIVC passport (pedigree confirmed by markers)
ZACRETSKA BELINA,BELINA STAROHRVATSKA,none,10.3390/genes11070737,10.3390/genes11070737,VIVC passport (pedigree confirmed by markers)
SVJETLAK,BELINA STAROHRVATSKA,none,10.3390/genes11070737,10.3390/genes11070737,VIVC passport (pedigree confirmed by markers)
SVJETLAK,BLJUZGAVAC,none,10.3390/genes11070737,10.3390/genes11070737,VIVC passport (pedigree confirmed by markers)
JAVOR WEISS,ALBA IMPUTOTATO,Lacombe & Emanuelli 2020; Laucou 2018,10.1371/journal.pone.0192540,,VIVC passport (via Lacombe & Emanuelli 2020; Laucou 2018)
JAVOR WEISS,GOUAIS BLANC,Lacombe & Emanuelli 2020; Laucou 2018,10.1371/journal.pone.0192540,,VIVC passport (via Lacombe & Emanuelli 2020; Laucou 2018)
JACQUERE GROSSE,GRAIN,Lacombe 2013,10.1007/s00122-012-1988-2,,VIVC passport (via Lacombe 2013)
JACQUERE GROSSE,GOUAIS BLANC,Lacombe 2013,10.1007/s00122-012-1988-2,,VIVC passport (via Lacombe 2013)
MANZONI 2- 3,SAVAGNIN,Lacombe & Emanuelli 2020,10.3389/fpls.2020.605934,,VIVC passport (via Lacombe & Emanuelli 2020)
MANZONI 2- 3,UGNI BLANC,Lacombe & Emanuelli 2020,10.3389/fpls.2020.605934,,VIVC passport (via Lacombe & Emanuelli 2020)
PEDRO GIMENEZ,CRIOLLA CHICA,Lacombe 2013,10.1007/s00122-012-1988-2,10.1111/ajgw.12282; 10.1111/ajgw.12561,VIVC passport (via Lacombe 2013)
PEDRO GIMENEZ,MUSCAT OF ALEXANDRIA,Lacombe 2013,10.1007/s00122-012-1988-2,10.1111/ajgw.12282; 10.1111/ajgw.12561,VIVC passport (via Lacombe 2013)
LIEVUSO,SANGIOVESE,Lacombe & Emanuelli 2020,10.1186/s12870-018-1576-y,10.1186/s12870-018-1576-y,VIVC passport (via Lacombe & Emanuelli 2020)
LIEVUSO,MANTONICO BIANCO,Lacombe & Emanuelli 2020,10.1186/s12870-018-1576-y,10.1186/s12870-018-1576-y,VIVC passport (via Lacombe & Emanuelli 2020)
ROMAINE,PINOT,Lacombe 2013,10.1007/s00122-012-1988-2,,VIVC passport (via Lacombe 2013)
ROMAINE,GOUAIS BLANC,Lacombe 2013,10.1007/s00122-012-1988-2,,VIVC passport (via Lacombe 2013)
BALOUTI (ABBAYE DE LATROUN),UGNI BLANC,Lacombe & Emanuelli 2020; Lacombe 2013; Laucou 2018,10.1007/s00122-012-1988-2,,VIVC passport (via Lacombe & Emanuelli 2020; Lacombe 2013; Laucou 2018)
BALOUTI (ABBAYE DE LATROUN),GRENACHE NOIR,Lacombe & Emanuelli 2020; Lacombe 2013; Laucou 2018,10.1007/s00122-012-1988-2,,VIVC passport (via Lacombe & Emanuelli 2020; Lacombe 2013; Laucou 2018)
GRUENFRAENKISCH,KOEVIDINKA,none,,,VIVC passport (pedigree confirmed by markers)
GRUENFRAENKISCH,AUXERROIS BLANC,none,,,VIVC passport (pedigree confirmed by markers)
CANAMELO,MORAVIA DULCE,none,10.1007/s10722-013-0064-3,10.1007/s10722-013-0064-3,VIVC passport (pedigree confirmed by markers)
CANAMELO,MOURVEDRE,none,10.1007/s10722-013-0064-3,10.1007/s10722-013-0064-3,VIVC passport (pedigree confirmed by markers)
CREPA,GRANADERA,none,10.1007/s10722-013-0064-3,10.1007/s10722-013-0064-3,VIVC passport (pedigree confirmed by markers)
CREPA,PARDINA,none,10.1007/s10722-013-0064-3,10.1007/s10722-013-0064-3,VIVC passport (pedigree confirmed by markers)
PANZUDA,MORAVIA DULCE,none,10.1007/s10722-013-0064-3,10.1007/s10722-013-0064-3,VIVC passport (pedigree confirmed by markers)
PANZUDA,PARDINA,none,10.1007/s10722-013-0064-3,10.1007/s10722-013-0064-3,VIVC passport (pedigree confirmed by markers)
CORAL,GALLERA DORADA,none,10.1007/s10722-013-0064-3,10.1007/s10722-013-0064-3,VIVC passport (pedigree confirmed by markers)
CORAL,TEMPRANILLO,none,10.1007/s10722-013-0064-3,10.1007/s10722-013-0064-3,VIVC passport (pedigree confirmed by markers)
ALLAREN,HEBIEN,Lacombe & Emanuelli 2020; Laucou 2018,10.1371/journal.pone.0192540,10.5073/vitis.2015.54.special-issue.59-65; 10.5073/vitis.2015.54.special-issue.81-86,VIVC passport (via Lacombe & Emanuelli 2020; Laucou 2018)
ALLAREN,ALFROCHEIRO,Lacombe & Emanuelli 2020; Laucou 2018,10.1371/journal.pone.0192540,10.5073/vitis.2015.54.special-issue.59-65; 10.5073/vitis.2015.54.special-issue.81-86,VIVC passport (via Lacombe & Emanuelli 2020; Laucou 2018)
MOSCATO BIANCO PRECOCE,DOLCETTO BIANCO,none,10.1038/s41598-020-72799-6,10.1038/s41598-020-72799-6,VIVC passport (pedigree confirmed by markers)
MOSCATO BIANCO PRECOCE,MOSCATO BIANCO B.,none,10.1038/s41598-020-72799-6,10.1038/s41598-020-72799-6,VIVC passport (pedigree confirmed by markers)
MEJSKO BELO,DURANIJA,none,10.3390/genes11070737,10.3390/genes11070737,VIVC passport (pedigree confirmed by markers)
MEJSKO BELO,ZUMIC,none,10.3390/genes11070737,10.3390/genes11070737,VIVC passport (pedigree confirmed by markers)
DAVIS U 62- 56,THOMAS,none,10.21273/JASHS.133.4.559,10.21273/JASHS.133.4.559,VIVC passport (pedigree confirmed by markers)
DAVIS U 62- 56,TRAYSHED,none,10.21273/JASHS.133.4.559,10.21273/JASHS.133.4.559,VIVC passport (pedigree confirmed by markers)
DAVIS U 62- 61,THOMAS,none,10.21273/JASHS.133.4.559,10.21273/JASHS.133.4.559,VIVC passport (pedigree confirmed by markers)
DAVIS U 62- 61,TRAYSHED,none,10.21273/JASHS.133.4.559,10.21273/JASHS.133.4.559,VIVC passport (pedigree confirmed by markers)
MILANO 1,KOBER 5 BB,Migliaro 2019,10.5344/ajev.2019.18054,,VIVC passport (via Migliaro 2019)
MILANO 1,TELEKI 5 C,Migliaro 2019,10.5344/ajev.2019.18054,,VIVC passport (via Migliaro 2019)
MILANO 2,COSMO 10,Migliaro 2019,10.5344/ajev.2019.18054,,VIVC passport (via Migliaro 2019)
MILANO 2,140 RUGGERI,Migliaro 2019,10.5344/ajev.2019.18054,,VIVC passport (via Migliaro 2019)
MILANO 3,KOBER 5 BB,Migliaro 2019,10.5344/ajev.2019.18054,,VIVC passport (via Migliaro 2019)
MILANO 3,TELEKI 5 C,Migliaro 2019,10.5344/ajev.2019.18054,,VIVC passport (via Migliaro 2019)
UCD GRN 1,RUPESTRIS ALPHONSE DE SERRES,none,,,VIVC passport (pedigree confirmed by markers)
UCD GRN 1,COWART,none,,,VIVC passport (pedigree confirmed by markers)
GIOSANA,STRINTO PORCINO,Lacombe & Emanuelli 2020,10.1186/s12870-018-1576-y,10.1186/s12870-018-1576-y,VIVC passport (via Lacombe & Emanuelli 2020)
GIOSANA,VISPAROLA,Lacombe & Emanuelli 2020,10.1186/s12870-018-1576-y,10.1186/s12870-018-1576-y,VIVC passport (via Lacombe & Emanuelli 2020)
GUISANA,STRINTO PORCINO,Lacombe & Emanuelli 2020,10.1186/s12870-018-1576-y,10.1186/s12870-018-1576-y,VIVC passport (via Lacombe & Emanuelli 2020)
GUISANA,VISPAROLA,Lacombe & Emanuelli 2020,10.1186/s12870-018-1576-y,10.1186/s12870-018-1576-y,VIVC passport (via Lacombe & Emanuelli 2020)
COLATAMURRO,ASPRINIO NERO,Lacombe & Emanuelli 2020,10.1186/s12870-018-1576-y,10.1186/s12870-018-1576-y,VIVC passport (via Lacombe & Emanuelli 2020)
COLATAMURRO,BOMBINO BIANCO,Lacombe & Emanuelli 2020,10.1186/s12870-018-1576-y,10.1186/s12870-018-1576-y,VIVC passport (via Lacombe & Emanuelli 2020)
CABERNET JURA 2,MEDINA,none,,,VIVC passport (pedigree confirmed by markers)
CABERNET JURA 2,KABERNE SEVERNYI,none,,,VIVC passport (pedigree confirmed by markers)
GREGU NIEDDU,HEBIEN,none,,,VIVC passport (pedigree confirmed by markers)
GREGU NIEDDU,MOURVEDRE = MONASTRELL,none,,,VIVC passport (pedigree confirmed by markers)
BASTARDO ESPANHOL,HEBIEN,Lacombe & Emanuelli 2020; Lacombe 2013; Laucou 2018,10.1007/s00122-012-1988-2,,VIVC passport (via Lacombe & Emanuelli 2020; Lacombe 2013; Laucou 2018)
BASTARDO ESPANHOL,TROUSSEAU,Lacombe & Emanuelli 2020; Lacombe 2013; Laucou 2018,10.1007/s00122-012-1988-2,,VIVC passport (via Lacombe & Emanuelli 2020; Lacombe 2013; Laucou 2018)
UVA ANIS,LISTAN PRIETO,Lacombe 2013,10.1007/s00122-012-1988-2,10.1111/ajgw.12282,VIVC passport (via Lacombe 2013)
UVA ANIS,MUSCAT OF ALEXANDRIA,Lacombe 2013,10.1007/s00122-012-1988-2,10.1111/ajgw.12282,VIVC passport (via Lacombe 2013)
CANELON GRANDE,LISTAN PRIETO,none,10.1111/ajgw.12282,10.1111/ajgw.12282,VIVC passport (pedigree confirmed by markers)
CANELON GRANDE,MUSCAT OF ALEXANDIRA,none,10.1111/ajgw.12282,10.1111/ajgw.12282,VIVC passport (pedigree confirmed by markers)
CRIOLLA 1,CRIOLLA GRANDE,none,10.1111/ajgw.12282,10.1111/ajgw.12282,VIVC passport (pedigree confirmed by markers)
CRIOLLA 1,MALBEC,none,10.1111/ajgw.12282,10.1111/ajgw.12282,VIVC passport (pedigree confirmed by markers)
CRIOLLA 6,LISTAN PRIETO,none,10.1111/ajgw.12282,10.1111/ajgw.12282,VIVC passport (pedigree confirmed by markers)
CRIOLLA 6,MUSCAT OF ALEXANDRIA,none,10.1111/ajgw.12282,10.1111/ajgw.12282,VIVC passport (pedigree confirmed by markers)
CRIOLLA BLANCA,LISTAN PRIETO,Lacombe 2013,10.1007/s00122-012-1988-2,10.1111/ajgw.12282,VIVC passport (via Lacombe 2013)
CRIOLLA BLANCA,MUSCAT OF ALEXANDRIA,Lacombe 2013,10.1007/s00122-012-1988-2,10.1111/ajgw.12282,VIVC passport (via Lacombe 2013)
MALVASIA CRIOLLA,LISTAN PRIETO,none,10.1111/ajgw.12282,10.1111/ajgw.12282,VIVC passport (pedigree confirmed by markers)
MALVASIA CRIOLLA,MUSCAT OF ALEXANDRIA,none,10.1111/ajgw.12282,10.1111/ajgw.12282,VIVC passport (pedigree confirmed by markers)
MOSCATEL APICIA,CANELA,none,10.1111/ajgw.12282,10.1111/ajgw.12282,VIVC passport (pedigree confirmed by markers)
MOSCATEL APICIA,MUSCAT A PETITS GRAINS,none,10.1111/ajgw.12282,10.1111/ajgw.12282,VIVC passport (pedigree confirmed by markers)
CEREZA ELIPSOIDAL,CEREZA,none,10.1111/ajgw.12282,10.1111/ajgw.12282,VIVC passport (pedigree confirmed by markers)
CEREZA ELIPSOIDAL,LISTAN PRIETO,none,10.1111/ajgw.12282,10.1111/ajgw.12282,VIVC passport (pedigree confirmed by markers)
BLANCA OVAL,LISTAN PRIETO,none,10.1111/ajgw.12282,10.1111/ajgw.12282,VIVC passport (pedigree confirmed by markers)
BLANCA OVAL,MUSCAT OF ALEXANDRIA,none,10.1111/ajgw.12282,10.1111/ajgw.12282,VIVC passport (pedigree confirmed by markers)
TORRONTES SANJUANINO GLABRO,LISTAN PRIETO,none,10.1111/ajgw.12282,10.1111/ajgw.12282,VIVC passport (pedigree confirmed by markers)
TORRONTES SANJUANINO GLABRO,MUSCAT OF ALEXANDRIA,none,10.1111/ajgw.12282,10.1111/ajgw.12282,VIVC passport (pedigree confirmed by markers)
BELKA,RAZAKLIJA,none,10.1038/s41598-020-71918-7,10.1038/s41598-020-71918-7,VIVC passport (pedigree confirmed by markers)
BELKA,KRSTAC,none,10.1038/s41598-020-71918-7,10.1038/s41598-020-71918-7,VIVC passport (pedigree confirmed by markers)
RACESKA,RAZAKLIJA,none,10.1038/s41598-020-71918-7,10.1038/s41598-020-71918-7,VIVC passport (pedigree confirmed by markers)
RACESKA,KRATOSIJA,none,10.1038/s41598-020-71918-7,10.1038/s41598-020-71918-7,VIVC passport (pedigree confirmed by markers)
ARTABAN,VRH3082- 1- 42,none,10.5073/vitis.2021.60.189-193,10.5073/vitis.2021.60.189-193,VIVC passport (pedigree confirmed by markers)
ARTABAN,REGENT,none,10.5073/vitis.2021.60.189-193,10.5073/vitis.2021.60.189-193,VIVC passport (pedigree confirmed by markers)
VIDOC,VRH3082- 1- 42,none,,,VIVC passport (pedigree confirmed by markers)
VIDOC,REGENT,none,,,VIVC passport (pedigree confirmed by markers)
MOSCATEL BLANCO,LISTAN PRIETO,none,10.1111/ajgw.12282,10.1111/ajgw.12282,VIVC passport (pedigree confirmed by markers)
MOSCATEL BLANCO,MUSCAT OF ALEXANDRIA,none,10.1111/ajgw.12282,10.1111/ajgw.12282,VIVC passport (pedigree confirmed by markers)
MOSCATEL AMARILLO,CRIOLLA CHICA,none,10.1111/ajgw.12282,10.1111/ajgw.12282,VIVC passport (pedigree confirmed by markers)
MOSCATEL AMARILLO,MUSCAT OF ALEXANDRIA,none,10.1111/ajgw.12282,10.1111/ajgw.12282,VIVC passport (pedigree confirmed by markers)
TERRANTEZ DO PICO,VERDELHO,Cunha 2020,10.1051/ctv/20163102063,10.1051/ctv/20163102063; 10.1111/ajgw.12353,VIVC passport (via Cunha 2020)
TERRANTEZ DO PICO,BASTARDO,Cunha 2020,10.1051/ctv/20163102063,10.1051/ctv/20163102063; 10.1111/ajgw.12353,VIVC passport (via Cunha 2020)
OSENNII CIORNAI,ALPHONSE LAVALLEE,none,,,VIVC passport (pedigree confirmed by markers)
OSENNII CIORNAI,DATTIER DE ST. VALLIER,none,,,VIVC passport (pedigree confirmed by markers)
ZAGARESE DI PUGLIA,NEGRO AMARO,Lacombe & Emanuelli 2020,10.3389/fpls.2020.605934,,VIVC passport (via Lacombe & Emanuelli 2020)
ZAGARESE DI PUGLIA,KOSINJOT,Lacombe & Emanuelli 2020,10.3389/fpls.2020.605934,,VIVC passport (via Lacombe & Emanuelli 2020)
SANGUINELLA,BOMBINO BIANCO,Lacombe & Emanuelli 2020,10.3389/fpls.2020.605934,,VIVC passport (via Lacombe & Emanuelli 2020)
SANGUINELLA,MOSTOSA,Lacombe & Emanuelli 2020,10.3389/fpls.2020.605934,,VIVC passport (via Lacombe & Emanuelli 2020)
MUSCAT VARDAGUYN AYGAVANI,ANGUR KALAN,Margaryan 2021,10.3390/biology10121279,,VIVC passport (via Margaryan 2021)
MUSCAT VARDAGUYN AYGAVANI,MUSCAT HAMBURG,Margaryan 2021,10.3390/biology10121279,,VIVC passport (via Margaryan 2021)
MUSCAT AYGAVANI,ANGUR KALAN,Margaryan 2021,10.3390/biology10121279,,VIVC passport (via Margaryan 2021)
MUSCAT AYGAVANI,MUSCAT HAMBURG,Margaryan 2021,10.3390/biology10121279,,VIVC passport (via Margaryan 2021)
BLACK VELVET,KISHMISH MOLDAVSKII,none,10.21548/39-1-2053,10.21548/39-1-2053,VIVC passport (pedigree confirmed by markers)
BLACK VELVET,MARROO SEEDLESS,none,10.21548/39-1-2053,10.21548/39-1-2053,VIVC passport (pedigree confirmed by markers)
BLUE SATIN,SUNRED SEEDLESS,none,10.21548/39-1-2053,10.21548/39-1-2053,VIVC passport (pedigree confirmed by markers)
BLUE SATIN,KISHMISH MOLDAVSKII,none,10.21548/39-1-2053,10.21548/39-1-2053,VIVC passport (pedigree confirmed by markers)
PATAGONIA,SULTANINE,Lacombe 2013,10.1007/s00122-012-1988-2,,VIVC passport (via Lacombe 2013)
PATAGONIA,VALENCI BLANCO = BEBA,Lacombe 2013,10.1007/s00122-012-1988-2,,VIVC passport (via Lacombe 2013)
RAMISHVILI 20/14,GORULA,none,,,VIVC passport (pedigree confirmed by markers)
RAMISHVILI 20/14,MUSCAT OF ALEXANDRIA,none,,,VIVC passport (pedigree confirmed by markers)
FORM NO 31,RKATSITELI,none,,,VIVC passport (pedigree confirmed by markers)
FORM NO 31,MUSCAT OF ALEXANDRIA,none,,,VIVC passport (pedigree confirmed by markers)
FORM NO 5,RKATSITELI,none,,,VIVC passport (pedigree confirmed by markers)
FORM NO 5,MUSCAT OF ALEXANDRIA,none,,,VIVC passport (pedigree confirmed by markers)
FORM NO 32,RKATSITELI,none,,,VIVC passport (pedigree confirmed by markers)
FORM NO 32,MUSCAT OF ALEXANDRIA,none,,,VIVC passport (pedigree confirmed by markers)
RAMISHVILI 15/97,TEBRIZI,none,,,VIVC passport (pedigree confirmed by markers)
RAMISHVILI 15/97,MUSCAT OF ALEXANDRIA,none,,,VIVC passport (pedigree confirmed by markers)
SOUVINIER,COARNA NEAGRA,none,10.3103/S0095452718050031,10.3103/S0095452718050031,VIVC passport (pedigree confirmed by markers)
SOUVINIER,MUSCAT HAMBURG,none,10.3103/S0095452718050031,10.3103/S0095452718050031,VIVC passport (pedigree confirmed by markers)
SAN PIETRO E PAOLO (EX TRUNZO),BICANE,Cipriani 2010,10.1007/s00122-010-1411-9,,VIVC passport (via Cipriani 2010)
SAN PIETRO E PAOLO (EX TRUNZO),MOSCATO BIANCO,Cipriani 2010,10.1007/s00122-010-1411-9,,VIVC passport (via Cipriani 2010)
CRNA LOZA,RAZAKLIJA,none,10.1038/s41598-020-71918-7,10.1038/s41598-020-71918-7,VIVC passport (pedigree confirmed by markers)
CRNA LOZA,KRATOSIA,none,10.1038/s41598-020-71918-7,10.1038/s41598-020-71918-7,VIVC passport (pedigree confirmed by markers)
MOSCATEL DE ANGUES,HEBIEN,Lacombe & Emanuelli 2020; Laucou 2018,10.1371/journal.pone.0192540,10.5073/vitis.2015.54.special-issue.81-86,VIVC passport (via Lacombe & Emanuelli 2020; Laucou 2018)
MOSCATEL DE ANGUES,MUSCAT OF ALEXANDRIA,Lacombe & Emanuelli 2020; Laucou 2018,10.1371/journal.pone.0192540,10.5073/vitis.2015.54.special-issue.81-86,VIVC passport (via Lacombe & Emanuelli 2020; Laucou 2018)
FIUDEDDA,PANSALE,none,,,VIVC passport (pedigree confirmed by markers)
FIUDEDDA,MURISTELLU,none,,,VIVC passport (pedigree confirmed by markers)
OPALOVII,RUBIN TAIROVSKII,none,10.3103/S0095452718050031,10.3103/S0095452718050031,VIVC passport (pedigree confirmed by markers)
OPALOVII,MUSKAT ZHEMCHUZHNII,none,10.3103/S0095452718050031,10.3103/S0095452718050031,VIVC passport (pedigree confirmed by markers)
PERSEI,ZAGRAVA,none,10.3103/S0095452718050031,10.3103/S0095452718050031,VIVC passport (pedigree confirmed by markers)
PERSEI,KARDINSHAKH,none,10.3103/S0095452718050031,10.3103/S0095452718050031,VIVC passport (pedigree confirmed by markers)
SHKODA,RUBIN TAIROVSKII,none,10.3103/S0095452718050031,10.3103/S0095452718050031,VIVC passport (pedigree confirmed by markers)
SHKODA,MUSKAT ZHEMCHUZHNII,none,10.3103/S0095452718050031,10.3103/S0095452718050031,VIVC passport (pedigree confirmed by markers)
ROSONADU,APESORGIA BIANCA,none,,,VIVC passport (pedigree confirmed by markers)
ROSONADU,CANNONAU,none,,,VIVC passport (pedigree confirmed by markers)
APESORGIA BIANCA,APESORGIA NERA,none,,,VIVC passport (pedigree confirmed by markers)
APESORGIA BIANCA,AXINA DE TRES BIAS,none,,,VIVC passport (pedigree confirmed by markers)
ISABELLA DI SARDEGNA,APESORGIA BIANCA,none,,,VIVC passport (pedigree confirmed by markers)
ISABELLA DI SARDEGNA,GALOPPU,none,,,VIVC passport (pedigree confirmed by markers)
ISABELLA DI SERDIANA,APESORGIA BIANCA,none,,,VIVC passport (pedigree confirmed by markers)
ISABELLA DI SERDIANA,GALOPPU,none,,,VIVC passport (pedigree confirmed by markers)
GIRO DI BOSA,HEBIEN,none,,,VIVC passport (pedigree confirmed by markers)
GIRO DI BOSA,PARRALETA,none,,,VIVC passport (pedigree confirmed by markers)
NERA DEL PONTE,MURISTELLU,none,,,VIVC passport (pedigree confirmed by markers)
NERA DEL PONTE,CANNONAU,none,,,VIVC passport (pedigree confirmed by markers)
GABRIELLA,APESORGIA BIANCA,none,,,VIVC passport (pedigree confirmed by markers)
GABRIELLA,MOSCATO BIANCO,none,,,VIVC passport (pedigree confirmed by markers)
SAN LORENZO,CABERNET SAUVIGNON,Lacombe & Emanuelli 2020,10.3389/fpls.2020.605934,,VIVC passport (via Lacombe & Emanuelli 2020)
SAN LORENZO,UGNI BLANC,Lacombe & Emanuelli 2020,10.3389/fpls.2020.605934,,VIVC passport (via Lacombe & Emanuelli 2020)
TINTA FONTES,ARINTO,Cunha 2020,10.3389/fpls.2020.00127,,VIVC passport (via Cunha 2020)
TINTA FONTES,TROUSSEAU NOIR,Cunha 2020,10.3389/fpls.2020.00127,,VIVC passport (via Cunha 2020)
JERBI KERKENNAH,BEZOUL EL KHADEM DE TUNISIE,none,10.1007/s11295-014-0746-9,10.1007/s11295-014-0746-9,VIVC passport (pedigree confirmed by markers)
JERBI KERKENNAH,MAHDOUI,none,10.1007/s11295-014-0746-9,10.1007/s11295-014-0746-9,VIVC passport (pedigree confirmed by markers)
BELINA SEMNICKA,KOVACS KREGER,none,10.3390/genes11070737,10.3390/genes11070737,VIVC passport (pedigree confirmed by markers)
BELINA SEMNICKA,BELINA STAROHRVATSKA,none,10.3390/genes11070737,10.3390/genes11070737,VIVC passport (pedigree confirmed by markers)
BIJELA KRUPNA SR,RAZAKLIJA,none,10.1038/s41598-020-71918-7,10.1038/s41598-020-71918-7,VIVC passport (pedigree confirmed by markers)
BIJELA KRUPNA SR,HEPTAKILO,none,10.1038/s41598-020-71918-7,10.1038/s41598-020-71918-7,VIVC passport (pedigree confirmed by markers)
BIJELA NEPOZNATA,RAZAKLIJA,none,10.1038/s41598-020-71918-7,10.1038/s41598-020-71918-7,VIVC passport (pedigree confirmed by markers)
BIJELA NEPOZNATA,KRATOSIJA,none,10.1038/s41598-020-71918-7,10.1038/s41598-020-71918-7,VIVC passport (pedigree confirmed by markers)
BIJELA SLATKA IZ OPEKE,KRATOSIJA,none,10.1038/s41598-020-71918-7,10.1038/s41598-020-71918-7,VIVC passport (pedigree confirmed by markers)
BIJELA SLATKA IZ OPEKE,LAGORTHI,none,10.1038/s41598-020-71918-7,10.1038/s41598-020-71918-7,VIVC passport (pedigree confirmed by markers)
CRNA NEPOZNATA MASLINE,COARNA ALBA,none,10.1038/s41598-020-71918-7,10.1038/s41598-020-71918-7,VIVC passport (pedigree confirmed by markers)
CRNA NEPOZNATA MASLINE,VOLOVINA IZ OPEKE,none,10.1038/s41598-020-71918-7,10.1038/s41598-020-71918-7,VIVC passport (pedigree confirmed by markers)
CRNA TOMBA,RAZAKLIJA,none,10.1038/s41598-020-71918-7,10.1038/s41598-020-71918-7,VIVC passport (pedigree confirmed by markers)
CRNA TOMBA,KRATOSIJA,none,10.1038/s41598-020-71918-7,10.1038/s41598-020-71918-7,VIVC passport (pedigree confirmed by markers)
CRVENA KRIVAJA,RAZAKLIJA,none,10.1038/s41598-020-71918-7,10.1038/s41598-020-71918-7,VIVC passport (pedigree confirmed by markers)
CRVENA KRIVAJA,KRIVALJABIJELA,none,10.1038/s41598-020-71918-7,10.1038/s41598-020-71918-7,VIVC passport (pedigree confirmed by markers)
GOGOLJ,RAZAKLIJA,none,10.1038/s41598-020-71918-7,10.1038/s41598-020-71918-7,VIVC passport (pedigree confirmed by markers)
GOGOLJ,RADOVACA,none,10.1038/s41598-020-71918-7,10.1038/s41598-020-71918-7,VIVC passport (pedigree confirmed by markers)
LISICA 2,COARNA ALBA,none,10.1038/s41598-020-71918-7,10.1038/s41598-020-71918-7,VIVC passport (pedigree confirmed by markers)
LISICA 2,LISICA,none,10.1038/s41598-020-71918-7,10.1038/s41598-020-71918-7,VIVC passport (pedigree confirmed by markers)
LOZA SVETOG VASILIJA OSTROZKOG,RAZAKLIJA,none,10.1038/s41598-020-71918-7,10.1038/s41598-020-71918-7,VIVC passport (pedigree confirmed by markers)
LOZA SVETOG VASILIJA OSTROZKOG,VELA PERGOLA,none,10.1038/s41598-020-71918-7,10.1038/s41598-020-71918-7,VIVC passport (pedigree confirmed by markers)
NEPOZNATA KUCI,RAZAKLIJA,none,10.1038/s41598-020-71918-7,10.1038/s41598-020-71918-7,VIVC passport (pedigree confirmed by markers)
NEPOZNATA KUCI,CUBRICA,none,10.1038/s41598-020-71918-7,10.1038/s41598-020-71918-7,VIVC passport (pedigree confirmed by markers)
ZITKOVINA,BRATKOVINA BIJELA,none,10.1038/s41598-020-71918-7,10.1038/s41598-020-71918-7,VIVC passport (pedigree confirmed by markers)
ZITKOVINA,KRATOSIJA,none,10.1038/s41598-020-71918-7,10.1038/s41598-020-71918-7,VIVC passport (pedigree confirmed by markers)
BIESTRO,DOLCETTO BIANCO,none,10.1038/s41598-020-72799-6,10.1038/s41598-020-72799-6,VIVC passport (pedigree confirmed by markers)
BIESTRO,MOISSAN,none,10.1038/s41598-020-72799-6,10.1038/s41598-020-72799-6,VIVC passport (pedigree confirmed by markers)
GRIS,AVARENGO N.,none,10.1038/s41598-020-72799-6,10.1038/s41598-020-72799-6,VIVC passport (pedigree confirmed by markers)
GRIS,MOISSAN,none,10.1038/s41598-020-72799-6,10.1038/s41598-020-72799-6,VIVC passport (pedigree confirmed by markers)
IAC 16- 2,RAVAT 34,none,10.1016/j.scienta.2023.111825,10.1016/j.scienta.2023.111825,VIVC passport (pedigree confirmed by markers)
IAC 16- 2,MUSCAT HAMBURG,none,10.1016/j.scienta.2023.111825,10.1016/j.scienta.2023.111825,VIVC passport (pedigree confirmed by markers)
AREVABUYR,ANGUR KALAN,Margaryan 2021,10.3390/biology10121279,,VIVC passport (via Margaryan 2021)
AREVABUYR,ITALIA,Margaryan 2021,10.3390/biology10121279,,VIVC passport (via Margaryan 2021)
MUSCAT KARMIR,ANGUR KALAN,none,10.20870/oeno-one.2021.55.4.4815,10.20870/oeno-one.2021.55.4.4815,VIVC passport (pedigree confirmed by markers)
MUSCAT KARMIR,MATHIASZ JANOSNE,none,10.20870/oeno-one.2021.55.4.4815,10.20870/oeno-one.2021.55.4.4815,VIVC passport (pedigree confirmed by markers)
MUSCAT MERDZAVANI,MUSCAT HAYKAKAN,Margaryan 2021,10.3390/biology10121279,,VIVC passport (via Margaryan 2021)
MUSCAT MERDZAVANI,MOSCHATO MAVRO,Margaryan 2021,10.3390/biology10121279,,VIVC passport (via Margaryan 2021)
GRILLA,STRINTO PORCINO,Lacombe & Emanuelli 2020,10.3389/fpls.2020.605934,,VIVC passport (via Lacombe & Emanuelli 2020)
GRILLA,VISPAROLA,Lacombe & Emanuelli 2020,10.3389/fpls.2020.605934,,VIVC passport (via Lacombe & Emanuelli 2020)
CHRAGI SPITAK,SHAFEI,none,,,VIVC passport (pedigree confirmed by markers)
CHRAGI SPITAK,CHRAGI ERKSER,none,,,VIVC passport (pedigree confirmed by markers)
UVA DEL PADRE,LISTAN PRIETO,none,,,VIVC passport (pedigree confirmed by markers)
UVA DEL PADRE,MUSCAT OF ALEXANDRIA,none,,,VIVC passport (pedigree confirmed by markers)
HUASQUINA PISQUERA,LISTAN PRIETO,none,,,VIVC passport (pedigree confirmed by markers)
HUASQUINA PISQUERA,MUSCAT OF ALEXANDRIA,none,,,VIVC passport (pedigree confirmed by markers)
CRIOLLA MEDIANA,LISTAN PRIETO,none,,,VIVC passport (pedigree confirmed by markers)
CRIOLLA MEDIANA,MUSCAT OF ALEXANDRIA,none,,,VIVC passport (pedigree confirmed by markers)
KARMRAHAT,SEYANETS S 1262,Margaryan 2021,10.3390/biology10121279,,VIVC passport (via Margaryan 2021)
KARMRAHAT,KARMRAHYUT,Margaryan 2021,10.3390/biology10121279,,VIVC passport (via Margaryan 2021)
ALFREDO MARCHETTI,MATURANO BIANCO,none,10.20870/oeno-one.2021.55.3.4628,10.20870/oeno-one.2021.55.3.4628,VIVC passport (pedigree confirmed by markers)
ALFREDO MARCHETTI,MATURANO BIANCO,none,10.20870/oeno-one.2021.55.3.4628,10.20870/oeno-one.2021.55.3.4628,VIVC passport (pedigree confirmed by markers)
SPITAK LERNATU,MADELEINE ANGEVINE,Margaryan 2021,10.3390/biology10121279,,VIVC passport (via Margaryan 2021)
SPITAK LERNATU,SATENI BELYI,Margaryan 2021,10.3390/biology10121279,,VIVC passport (via Margaryan 2021)
CABERNET LABRUSCO,CABERNET SAUVIGNON,none,,,VIVC passport (pedigree confirmed by markers)
CABERNET LABRUSCO,DANUGUE,none,,,VIVC passport (pedigree confirmed by markers)
PINORE,PINOT NOIR,none,10.3390/plants10122666,10.3390/plants10122666,VIVC passport (pedigree confirmed by markers)
PINORE,REGENT,none,10.3390/plants10122666,10.3390/plants10122666,VIVC passport (pedigree confirmed by markers)
ROSADA,MARUFO,none,10.3390/plants10122755,10.3390/plants10122755,VIVC passport (pedigree confirmed by markers)
ROSADA,GOUVEIO,none,10.3390/plants10122755,10.3390/plants10122755,VIVC passport (pedigree confirmed by markers)
NEPOZNATA 2,RAZAKLIJA,none,10.1038/s41598-020-71918-7,10.1038/s41598-020-71918-7,VIVC passport (pedigree confirmed by markers)
NEPOZNATA 2,ALPHONSE LAVALLEE,none,10.1038/s41598-020-71918-7,10.1038/s41598-020-71918-7,VIVC passport (pedigree confirmed by markers)
MOLLAR DE ICA,MOLLAR CANO,none,10.5073/vitis.2022.61.47-51,10.5073/vitis.2022.61.47-51,VIVC passport (pedigree confirmed by markers)
MOLLAR DE ICA,QUEBRANTA,none,10.5073/vitis.2022.61.47-51,10.5073/vitis.2022.61.47-51,VIVC passport (pedigree confirmed by markers)
MOSCATEL ROSADA DE CANETE,MOSCATEL ROSADO,none,10.5073/vitis.2022.61.47-51,10.5073/vitis.2022.61.47-51,VIVC passport (pedigree confirmed by markers)
MOSCATEL ROSADA DE CANETE,LISTAN PRIETO,none,10.5073/vitis.2022.61.47-51,10.5073/vitis.2022.61.47-51,VIVC passport (pedigree confirmed by markers)
PRIETA MOLLAR,LISTAN PRIETO,none,10.5073/vitis.2022.61.47-51,10.5073/vitis.2022.61.47-51,VIVC passport (pedigree confirmed by markers)
PRIETA MOLLAR,QUEBRANTA,none,10.5073/vitis.2022.61.47-51,10.5073/vitis.2022.61.47-51,VIVC passport (pedigree confirmed by markers)
TORONTEL PERUANO,MUSCAT OF ALEXANDRIA,none,10.5073/vitis.2022.61.47-51,10.5073/vitis.2022.61.47-51,VIVC passport (pedigree confirmed by markers)
TORONTEL PERUANO,LISTAN PRIETO,none,10.5073/vitis.2022.61.47-51,10.5073/vitis.2022.61.47-51,VIVC passport (pedigree confirmed by markers)
SEMENAC 1-17-1,ALICANTE HENRI BOUSCHET,Margaryan 2021,10.3390/biology10121279,,VIVC passport (via Margaryan 2021)
SEMENAC 1-17-1,CABERNET SAUVIGNON,Margaryan 2021,10.3390/biology10121279,,VIVC passport (via Margaryan 2021)
ACHALA NOIR,LISTAN PRIETO,none,10.1111/ajgw.12561,10.1111/ajgw.12561,VIVC passport (pedigree confirmed by markers)
ACHALA NOIR,MUSCAT OF ALEXANDRIA,none,10.1111/ajgw.12561,10.1111/ajgw.12561,VIVC passport (pedigree confirmed by markers)
ANGUALASTO,LISTAN PRIETO,none,10.1111/ajgw.12561,10.1111/ajgw.12561,VIVC passport (pedigree confirmed by markers)
ANGUALASTO,MUSCAT OF ALEXANDRIA,none,10.1111/ajgw.12561,10.1111/ajgw.12561,VIVC passport (pedigree confirmed by markers)
BLANCA CHICA,CRIOLLA GRANDE SANJUANINA,none,10.1111/ajgw.12561,10.1111/ajgw.12561,VIVC passport (pedigree confirmed by markers)
BLANCA CHICA,TORRONTES RIOJANO,none,10.1111/ajgw.12561,10.1111/ajgw.12561,VIVC passport (pedigree confirmed by markers)
BOTIJA,MOSCATEL ROSADO,none,10.1111/ajgw.12561,10.1111/ajgw.12561,VIVC passport (pedigree confirmed by markers)
BOTIJA,CEREZA,none,10.1111/ajgw.12561,10.1111/ajgw.12561,VIVC passport (pedigree confirmed by markers)
COSTENA,LISTAN PRIETO,none,10.1111/ajgw.12561,10.1111/ajgw.12561,VIVC passport (pedigree confirmed by markers)
COSTENA,MUSCAT OF ALEXANDRIA,none,10.1111/ajgw.12561,10.1111/ajgw.12561,VIVC passport (pedigree confirmed by markers)
CRIOLLA DE SIJAN,LISTAN PRIETO,none,10.1111/ajgw.12561,10.1111/ajgw.12561,VIVC passport (pedigree confirmed by markers)
CRIOLLA DE SIJAN,MUSCAT OF ALEXANDRIA,none,10.1111/ajgw.12561,10.1111/ajgw.12561,VIVC passport (pedigree confirmed by markers)
CRIOLLA DE TINOGASTA,LISTAN PRIETO,none,10.1111/ajgw.12561,10.1111/ajgw.12561,VIVC passport (pedigree confirmed by markers)
CRIOLLA DE TINOGASTA,MUSCAT OF ALEXANDRIA,none,10.1111/ajgw.12561,10.1111/ajgw.12561,VIVC passport (pedigree confirmed by markers)
DEOLINDA,LISTAN PRIETO,none,10.1111/ajgw.12561,10.1111/ajgw.12561,VIVC passport (pedigree confirmed by markers)
DEOLINDA,MUSCAT OF ALEXANDRIA,none,10.1111/ajgw.12561,10.1111/ajgw.12561,VIVC passport (pedigree confirmed by markers)
MOSCATEL TINTO,LISTAN PRIETO,none,10.1111/ajgw.12561,10.1111/ajgw.12561,VIVC passport (pedigree confirmed by markers)
MOSCATEL TINTO,MUSCAT OF ALEXANDRIA,none,10.1111/ajgw.12561,10.1111/ajgw.12561,VIVC passport (pedigree confirmed by markers)
PALO BLANCO,LISTAN PRIETO,none,10.1111/ajgw.12561,10.1111/ajgw.12561,VIVC passport (pedigree confirmed by markers)
PALO BLANCO,MUSCAT OF ALEXANDRIA,none,10.1111/ajgw.12561,10.1111/ajgw.12561,VIVC passport (pedigree confirmed by markers)
ROSADA FIAMBALA,LISTAN PRIETO,none,10.1111/ajgw.12561,10.1111/ajgw.12561,VIVC passport (pedigree confirmed by markers)
ROSADA FIAMBALA,MUSCAT OF ALEXANDRIA,none,10.1111/ajgw.12561,10.1111/ajgw.12561,VIVC passport (pedigree confirmed by markers)
TORRONTES TATON,LISTAN PRIETO,none,10.1111/ajgw.12561,10.1111/ajgw.12561,VIVC passport (pedigree confirmed by markers)
TORRONTES TATON,MUSCAT OF ALEXANDRIA,none,10.1111/ajgw.12561,10.1111/ajgw.12561,VIVC passport (pedigree confirmed by markers)
TINTA DE TINOGASTA,LISTAN PRIETO,none,10.1111/ajgw.12561,10.1111/ajgw.12561,VIVC passport (pedigree confirmed by markers)
TINTA DE TINOGASTA,MUSCAT OF ALEXANDRIA,none,10.1111/ajgw.12561,10.1111/ajgw.12561,VIVC passport (pedigree confirmed by markers)
UVA MARIA,LISTAN PRIETO,none,10.1111/ajgw.12561,10.1111/ajgw.12561,VIVC passport (pedigree confirmed by markers)
UVA MARIA,MUSCAT OF ALEXANDRIA,none,10.1111/ajgw.12561,10.1111/ajgw.12561,VIVC passport (pedigree confirmed by markers)
UVA PASCUA,LISTAN PRIETO,none,10.1111/ajgw.12561,10.1111/ajgw.12561,VIVC passport (pedigree confirmed by markers)
UVA PASCUA,MUSCAT BLANC A PETITS GRAINS,none,10.1111/ajgw.12561,10.1111/ajgw.12561,VIVC passport (pedigree confirmed by markers)
DAVIS 12305- 55,DAVIS B 46-43,none,10.1007/s00122-018-3100-z,10.1007/s00122-018-3100-z,VIVC passport (pedigree confirmed by markers)
DAVIS 12305- 55,V.VINIVERA,none,10.1007/s00122-018-3100-z,10.1007/s00122-018-3100-z,VIVC passport (pedigree confirmed by markers)
DAVIS 12340- 13,DAVIS B 40-29,none,10.1007/s00122-018-3100-z,10.1007/s00122-018-3100-z,VIVC passport (pedigree confirmed by markers)
DAVIS 12340- 13,V.VINIFERA,none,10.1007/s00122-018-3100-z,10.1007/s00122-018-3100-z,VIVC passport (pedigree confirmed by markers)
DAVIS 12340- 14,DAVIS B 40-29,none,10.1007/s00122-018-3100-z,10.1007/s00122-018-3100-z,VIVC passport (pedigree confirmed by markers)
DAVIS 12340- 14,V.VINIFERA,none,10.1007/s00122-018-3100-z,10.1007/s00122-018-3100-z,VIVC passport (pedigree confirmed by markers)
DAVIS 12305- 56,"DAVIS B 46,43",none,10.1007/s00122-018-3100-z,10.1007/s00122-018-3100-z,VIVC passport (pedigree confirmed by markers)
DAVIS 12305- 56,V- VINIVERA,none,10.1007/s00122-018-3100-z,10.1007/s00122-018-3100-z,VIVC passport (pedigree confirmed by markers)
DAVIS 12305- 83,DAVS B 46-43,none,10.1007/s00122-018-3100-z,10.1007/s00122-018-3100-z,VIVC passport (pedigree confirmed by markers)
DAVIS 12305- 83,V.VINIFERA,none,10.1007/s00122-018-3100-z,10.1007/s00122-018-3100-z,VIVC passport (pedigree confirmed by markers)
RAMISHVILI 17/11,TEBRIZI,none,,,VIVC passport (pedigree confirmed by markers)
RAMISHVILI 17/11,MUSCAT OF ALEXANDRIA,none,,,VIVC passport (pedigree confirmed by markers)
RAMISHVILI CROSS (NON IDENTIFIED),MADELEINE ANGEVINE,none,,,VIVC passport (pedigree confirmed by markers)
RAMISHVILI CROSS (NON IDENTIFIED),AGOSTENGA,none,,,VIVC passport (pedigree confirmed by markers)
EBONY STAR,REDGLOBE,none,10.21548/39-1-2053,10.21548/39-1-2053,VIVC passport (pedigree confirmed by markers)
EBONY STAR,LA ROCHELLE,none,10.21548/39-1-2053,10.21548/39-1-2053,VIVC passport (pedigree confirmed by markers)
WHITE GEM,DATAL,none,,,VIVC passport (pedigree confirmed by markers)
WHITE GEM,CENTENNIAL SEEDLESS,none,,,VIVC passport (pedigree confirmed by markers)
KABASHNYI,COARNA ALBA,none,10.1134/S2635167622050135,10.1134/S2635167622050135,VIVC passport (pedigree confirmed by markers)
KABASHNYI,BULANYI,none,10.1134/S2635167622050135,10.1134/S2635167622050135,VIVC passport (pedigree confirmed by markers)
SIVOLISTYI,COARNA ALBA,none,10.1134/S2635167622050135,10.1134/S2635167622050135,VIVC passport (pedigree confirmed by markers)
SIVOLISTYI,BULANYI,none,10.1134/S2635167622050135,10.1134/S2635167622050135,VIVC passport (pedigree confirmed by markers)
ELINCE,AREVIK SPITAK,none,,,VIVC passport (pedigree confirmed by markers)
ELINCE,ARRARATI,none,,,VIVC passport (pedigree confirmed by markers)
SULTANY KISHMISHI,ANGUR KALAN,none,,,VIVC passport (pedigree confirmed by markers)
SULTANY KISHMISHI,KISHMISH CHERNYI,none,,,VIVC passport (pedigree confirmed by markers)
ELMIN,CHAOUCH ROZOVYI,none,,,VIVC passport (pedigree confirmed by markers)
ELMIN,DATTIER DE ST. VALLIER,none,,,VIVC passport (pedigree confirmed by markers)
CALABRESERTRAUBE (COLLECTION RODRIAN),BICANE,none,,,VIVC passport (pedigree confirmed by markers)
CALABRESERTRAUBE (COLLECTION RODRIAN),PINOT,none,,,VIVC passport (pedigree confirmed by markers)
SHATIN,ANGUR KALAN,Margaryan 2021,10.3390/biology10121279,,VIVC passport (via Margaryan 2021)
SHATIN,CSABA GYOENGYE,Margaryan 2021,10.3390/biology10121279,,VIVC passport (via Margaryan 2021)
PATOUJA,CHIAVENNASCA BIANCA,none,10.1038/s41598-020-72799-6,10.1038/s41598-020-72799-6,VIVC passport (pedigree confirmed by markers)
PATOUJA,MOISSAN,none,10.1038/s41598-020-72799-6,10.1038/s41598-020-72799-6,VIVC passport (pedigree confirmed by markers)
JERDI,BLANC DE DELLYS,none,10.1007/s10722-024-02203-z,10.1007/s10722-024-02203-z,VIVC passport (pedigree confirmed by markers)
JERDI,ASSOUED KERE,none,10.1007/s10722-024-02203-z,10.1007/s10722-024-02203-z,VIVC passport (pedigree confirmed by markers)
OLHATI,MARINI,none,10.1007/s10722-024-02203-z,10.1007/s10722-024-02203-z,VIVC passport (pedigree confirmed by markers)
OLHATI,ASSOUED KERE,none,10.1007/s10722-024-02203-z,10.1007/s10722-024-02203-z,VIVC passport (pedigree confirmed by markers)
CHATAWI BAROUK,AHMAR MAWARDI,none,10.1007/s10722-024-02203-z,10.1007/s10722-024-02203-z,VIVC passport (pedigree confirmed by markers)
CHATAWI BAROUK,KEHLIBAR,none,10.1007/s10722-024-02203-z,10.1007/s10722-024-02203-z,VIVC passport (pedigree confirmed by markers)
DOIGHT DU NEIGNE,ASSWAD ABOU KHISLE,Lacombe & Emanuelli 2020; Lacombe 2013; Laucou 2018,10.1007/s00122-012-1988-2,,VIVC passport (via Lacombe & Emanuelli 2020; Lacombe 2013; Laucou 2018)
DOIGHT DU NEIGNE,ASSOUED KERE,Lacombe & Emanuelli 2020; Lacombe 2013; Laucou 2018,10.1007/s00122-012-1988-2,,VIVC passport (via Lacombe & Emanuelli 2020; Lacombe 2013; Laucou 2018)
CORASON DE KABRITTE,ELBLING,Lacombe 2013,10.1007/s00122-012-1988-2,,VIVC passport (via Lacombe 2013)
CORASON DE KABRITTE,MUSCAT PRECOCE DE SAUMUR,Lacombe 2013,10.1007/s00122-012-1988-2,,VIVC passport (via Lacombe 2013)
DURAN,MOURVEDRE,Lacombe 2013,10.1007/s00122-012-1988-2,,VIVC passport (via Lacombe 2013)
DURAN,GREC ROUGE,Lacombe 2013,10.1007/s00122-012-1988-2,,VIVC passport (via Lacombe 2013)
CIAVARELLA FRANCESE,S. GIUSEPPE NERO,Cipriani 2010,10.1007/s00122-010-1411-9,,VIVC passport (via Cipriani 2010)
CIAVARELLA FRANCESE,PAMPANARO GRANDE,Cipriani 2010,10.1007/s00122-010-1411-9,,VIVC passport (via Cipriani 2010)
GAMBUGLIANA,FULIGNO,Cipriani 2010,10.1007/s00122-010-1411-9,,VIVC passport (via Cipriani 2010)
GAMBUGLIANA,UVA GATTA,Cipriani 2010,10.1007/s00122-010-1411-9,,VIVC passport (via Cipriani 2010)
OSERIE DU FARODE,BICANE,Cipriani 2010,10.1007/s00122-010-1411-9,,VIVC passport (via Cipriani 2010)
OSERIE DU FARODE,CHASSELAS DORATO,Cipriani 2010,10.1007/s00122-010-1411-9,,VIVC passport (via Cipriani 2010)
PORCINA BIANCA,BIANCONE DELL ANTELLA,Cipriani 2010,10.1007/s00122-010-1411-9,,VIVC passport (via Cipriani 2010)
PORCINA BIANCA,CARRICANTE,Cipriani 2010,10.1007/s00122-010-1411-9,,VIVC passport (via Cipriani 2010)
VERDELLO DI BRACCIANO,NOCCHIANELLO PELOSO SPIGA GRANO,Cipriani 2010,10.1007/s00122-010-1411-9,,VIVC passport (via Cipriani 2010)
VERDELLO DI BRACCIANO,VERDICCHIO BIANCO,Cipriani 2010,10.1007/s00122-010-1411-9,,VIVC passport (via Cipriani 2010)
MANTONICONE,SANGIOVESE,Cipriani 2010; Lacombe & Emanuelli 2020,10.1007/s00122-010-1411-9,10.1007/s12033-012-9600-1; 10.5344/ajev.2016.16068,VIVC passport (via Cipriani 2010; Lacombe & Emanuelli 2020)
MANTONICONE,MANTONICO BIANCO,Cipriani 2010; Lacombe & Emanuelli 2020,10.1007/s00122-010-1411-9,10.1007/s12033-012-9600-1; 10.5344/ajev.2016.16068,VIVC passport (via Cipriani 2010; Lacombe & Emanuelli 2020)
VERDEJO DE SALAMANCA,HEBIEN,Lacombe & Emanuelli 2020; Laucou 2018,10.1371/journal.pone.0192540,10.5073/vitis.2015.54.special-issue.81-86,VIVC passport (via Lacombe & Emanuelli 2020; Laucou 2018)
VERDEJO DE SALAMANCA,LISTAN PRIETO,Lacombe & Emanuelli 2020; Laucou 2018,10.1371/journal.pone.0192540,10.5073/vitis.2015.54.special-issue.81-86,VIVC passport (via Lacombe & Emanuelli 2020; Laucou 2018)
PALESTINA V OR VI,VERJUS,none,,,VIVC passport (pedigree confirmed by markers)
PALESTINA V OR VI,PINOT PRECOCE NOIR,none,,,VIVC passport (pedigree confirmed by markers)
LACRIMA CRISTI,DOUX D'HENRY N.,none,10.1038/s41598-020-72799-6,10.1038/s41598-020-72799-6,VIVC passport (pedigree confirmed by markers)
LACRIMA CRISTI,AVARENGO N.,none,10.1038/s41598-020-72799-6,10.1038/s41598-020-72799-6,VIVC passport (pedigree confirmed by markers)
NEBBIOLO DI DRONERO (NON IDENTIFIED),DOUX D'HENRY N.,none,10.1038/s41598-020-72799-6,10.1038/s41598-020-72799-6,VIVC passport (pedigree confirmed by markers)
NEBBIOLO DI DRONERO (NON IDENTIFIED),CHATUS N.,none,10.1038/s41598-020-72799-6,10.1038/s41598-020-72799-6,VIVC passport (pedigree confirmed by markers)
ALICANTE BLANC FAUX,FRANKENTHAL = SCHIAVA GROSSA,Lacombe 2013,10.1007/s00122-012-1988-2,,VIVC passport (via Lacombe 2013)
ALICANTE BLANC FAUX,FRANKENTHAL = SCHIAVA GROSSA,Lacombe 2013,10.1007/s00122-012-1988-2,,VIVC passport (via Lacombe 2013)
BAKATOR TUEDOESZINUE FAUX,BLANC D'AMBRE,Lacombe 2013,10.1007/s00122-012-1988-2,,VIVC passport (via Lacombe 2013)
BAKATOR TUEDOESZINUE FAUX,MADELEINE SALOMON = AGOSTENGA BLANC,Lacombe 2013,10.1007/s00122-012-1988-2,,VIVC passport (via Lacombe 2013)
BARLINKA FAUX,ASSWAD ANOUNI,Lacombe 2013,10.1007/s00122-012-1988-2,,VIVC passport (via Lacombe 2013)
BARLINKA FAUX,ALPHONSE LAVALLEE,Lacombe 2013,10.1007/s00122-012-1988-2,,VIVC passport (via Lacombe 2013)
CAMARALET FAUX,CABERNET FRANC,Lacombe 2013,10.1007/s00122-012-1988-2,,VIVC passport (via Lacombe 2013)
CAMARALET FAUX,COURBU,Lacombe 2013,10.1007/s00122-012-1988-2,,VIVC passport (via Lacombe 2013)
CEAUS ROZ FAUX,COARNA ALBA,Lacombe 2013,10.1007/s00122-012-1988-2,,VIVC passport (via Lacombe 2013)
CEAUS ROZ FAUX,CRUCIULITA,Lacombe 2013,10.1007/s00122-012-1988-2,,VIVC passport (via Lacombe 2013)
DAMAS BLANC PRECOCE,BERMESTIA BIANCA,Lacombe 2013,10.1007/s00122-012-1988-2,,VIVC passport (via Lacombe 2013)
DAMAS BLANC PRECOCE,MADELEINE SALOMON,Lacombe 2013,10.1007/s00122-012-1988-2,,VIVC passport (via Lacombe 2013)
DIAGALVES FAUX,GIBI,Lacombe 2013,10.1007/s00122-012-1988-2,,VIVC passport (via Lacombe 2013)
DIAGALVES FAUX,ALFROCHEIRO PRETO,Lacombe 2013,10.1007/s00122-012-1988-2,,VIVC passport (via Lacombe 2013)
DIAMANT BLANC DE CRIMEE,DIAMANTTRAUBE,Lacombe 2013,10.1007/s00122-012-1988-2,,VIVC passport (via Lacombe 2013)
DIAMANT BLANC DE CRIMEE,AHMAR DERANI,Lacombe 2013,10.1007/s00122-012-1988-2,,VIVC passport (via Lacombe 2013)
EUGENIA,BOUQUETTTRAUBE,Lacombe 2013,10.1007/s00122-012-1988-2,,VIVC passport (via Lacombe 2013)
EUGENIA,CHASSELAS,Lacombe 2013,10.1007/s00122-012-1988-2,,VIVC passport (via Lacombe 2013)
FEINRIESLING FAUX,RIESLING,Lacombe 2013,10.1007/s00122-012-1988-2,,VIVC passport (via Lacombe 2013)
FEINRIESLING FAUX,PRECOCE DE MALINGRE,Lacombe 2013,10.1007/s00122-012-1988-2,,VIVC passport (via Lacombe 2013)
GORA CHIRINE FAUX,HRUSHAKI,Lacombe 2013; Margaryan 2021,10.1007/s00122-012-1988-2,,VIVC passport (via Lacombe 2013; Margaryan 2021)
GORA CHIRINE FAUX,SULTANINA,Lacombe 2013; Margaryan 2021,10.1007/s00122-012-1988-2,,VIVC passport (via Lacombe 2013; Margaryan 2021)
KARASAKIS FAUX,MUSCAT D'ALEXANDRIE,Lacombe 2013,10.1007/s00122-012-1988-2,,VIVC passport (via Lacombe 2013)
KARASAKIS FAUX,ITALA,Lacombe 2013,10.1007/s00122-012-1988-2,,VIVC passport (via Lacombe 2013)
KATTA KURGAN X PERLETTA 15 42,KATTA KOURGAN,Lacombe 2013,10.1007/s00122-012-1988-2,,VIVC passport (via Lacombe 2013)
KATTA KURGAN X PERLETTA 15 42,PERLETTA,Lacombe 2013,10.1007/s00122-012-1988-2,,VIVC passport (via Lacombe 2013)
KIZIL SAPAK FAUX,KARA UZYUM NUKHURSKII,Lacombe 2013,10.1007/s00122-012-1988-2,,VIVC passport (via Lacombe 2013)
KIZIL SAPAK FAUX,AK CHEKEREK,Lacombe 2013,10.1007/s00122-012-1988-2,,VIVC passport (via Lacombe 2013)
KNIPPERLE PRECOCE FAUX,KNIPPERLE,Lacombe 2013,10.1007/s00122-012-1988-2,,VIVC passport (via Lacombe 2013)
KNIPPERLE PRECOCE FAUX,KNIPPERLE,Lacombe 2013,10.1007/s00122-012-1988-2,,VIVC passport (via Lacombe 2013)
KNIPPERLE TARDIF FAUX,KNIPPERLE,Lacombe 2013,10.1007/s00122-012-1988-2,,VIVC passport (via Lacombe 2013)
KNIPPERLE TARDIF FAUX,KNIPPERLE,Lacombe 2013,10.1007/s00122-012-1988-2,,VIVC passport (via Lacombe 2013)
KOENIGSTRAUBE FAUX,PINOT,Lacombe 2013,10.1007/s00122-012-1988-2,,VIVC passport (via Lacombe 2013)
KOENIGSTRAUBE FAUX,GOUAIS BLANC,Lacombe 2013,10.1007/s00122-012-1988-2,,VIVC passport (via Lacombe 2013)
KOEVER SZOELOE FAUX,ALBA IMPUTOTATO,Lacombe 2013,10.1007/s00122-012-1988-2,,VIVC passport (via Lacombe 2013)
KOEVER SZOELOE FAUX,GOUAIS BLANC,Lacombe 2013,10.1007/s00122-012-1988-2,,VIVC passport (via Lacombe 2013)
MANHARTTRAUBE BLANC FAUX,CHASSELAS,Lacombe 2013,10.1007/s00122-012-1988-2,,VIVC passport (via Lacombe 2013)
MANHARTTRAUBE BLANC FAUX,FRANKENTHAL,Lacombe 2013,10.1007/s00122-012-1988-2,,VIVC passport (via Lacombe 2013)
MOUCHKETNY FAUX,MUSCAT ROUGE DE MADERE = MOSCATO VIOLETTO,Lacombe 2013,10.1007/s00122-012-1988-2,,VIVC passport (via Lacombe 2013)
MOUCHKETNY FAUX,MUSCAT D'EISENSTADT,Lacombe 2013,10.1007/s00122-012-1988-2,,VIVC passport (via Lacombe 2013)
PETIT VERDOT FAUX,PLANT DE DUBOSC 2,Lacombe 2013,10.1007/s00122-012-1988-2,,VIVC passport (via Lacombe 2013)
PETIT VERDOT FAUX,PETIT VERDOT,Lacombe 2013,10.1007/s00122-012-1988-2,,VIVC passport (via Lacombe 2013)
SAINT LOUIS FAUX,BLACK MOROCCO,Lacombe 2013,10.1007/s00122-012-1988-2,,VIVC passport (via Lacombe 2013)
SAINT LOUIS FAUX,SCHIAVA GROSSA,Lacombe 2013,10.1007/s00122-012-1988-2,,VIVC passport (via Lacombe 2013)
SAUVIGNON PICCOLO FAUX,PETIT MESLIER,Lacombe 2013,10.1007/s00122-012-1988-2,,VIVC passport (via Lacombe 2013)
SAUVIGNON PICCOLO FAUX,MUSCAT FLEUR D'ORANGER,Lacombe 2013,10.1007/s00122-012-1988-2,,VIVC passport (via Lacombe 2013)
WHITE MUSCAT,BLACK MOROCCO,none,,,VIVC passport (pedigree confirmed by markers)
WHITE MUSCAT,MUSCAT FLEUR D'ORANGER,none,,,VIVC passport (pedigree confirmed by markers)
ZRINYI ILONA FAUX,DIAMANTTRAUBE,Lacombe 2013,10.1007/s00122-012-1988-2,,VIVC passport (via Lacombe 2013)
ZRINYI ILONA FAUX,MUSCAT D'ALEXANDRIE,Lacombe 2013,10.1007/s00122-012-1988-2,,VIVC passport (via Lacombe 2013)
PALESTINA I (NON IDENTIFIED),BICANE,Lacombe 2013,10.1007/s00122-012-1988-2,,VIVC passport (via Lacombe 2013)
PALESTINA I (NON IDENTIFIED),LUGLIENGA BIANCA,Lacombe 2013,10.1007/s00122-012-1988-2,,VIVC passport (via Lacombe 2013)
CORNICHON BLANC (NON IDENTIFIED),BICANE,Lacombe & Emanuelli 2020; Laucou 2018,10.1371/journal.pone.0192540,,VIVC passport (via Lacombe & Emanuelli 2020; Laucou 2018)
CORNICHON BLANC (NON IDENTIFIED),CHASSELAS,Lacombe & Emanuelli 2020; Laucou 2018,10.1371/journal.pone.0192540,,VIVC passport (via Lacombe & Emanuelli 2020; Laucou 2018)
SEMEBAT (NON IDENTIFIED),BAROQUE,none,,,VIVC passport (pedigree confirmed by markers)
SEMEBAT (NON IDENTIFIED),MALBEC,none,,,VIVC passport (pedigree confirmed by markers)
MALVASIA DEL LAZIO (NON IDENTIFIED),MUSCAT D'ALEXANDRIE,Lacombe 2013,10.1007/s00122-012-1988-2,,VIVC passport (via Lacombe 2013)
MALVASIA DEL LAZIO (NON IDENTIFIED),FRANKENTHAL,Lacombe 2013,10.1007/s00122-012-1988-2,,VIVC passport (via Lacombe 2013)
CHASSELAS DE BANEASA (NON IDENTIFIED),COARNA NEAGRA,none,,,VIVC passport (pedigree confirmed by markers)
CHASSELAS DE BANEASA (NON IDENTIFIED),MUSCAT HAMBURG,none,,,VIVC passport (pedigree confirmed by markers)
TOPAS FAUX,CHAOUCH ROSE,Lacombe 2013,10.1007/s00122-012-1988-2,,VIVC passport (via Lacombe 2013)
TOPAS FAUX,DELIGHT,Lacombe 2013,10.1007/s00122-012-1988-2,,VIVC passport (via Lacombe 2013)
SEYVE VILLARD 12- 347 (NON IDENTIFIED),SEIBEL 6468,none,,,VIVC passport (pedigree confirmed by markers)
SEYVE VILLARD 12- 347 (NON IDENTIFIED),SUBEREUX,none,,,VIVC passport (pedigree confirmed by markers)
MOURISCO (NON IDENTIFIED),MARUFO,none,10.3390/plants10122755,10.3390/plants10122755,VIVC passport (pedigree confirmed by markers)
MOURISCO (NON IDENTIFIED),TRINCADEIRA,none,10.3390/plants10122755,10.3390/plants10122755,VIVC passport (pedigree confirmed by markers)
MOURISCO DE SEMENTE (NON IDENTIFIED),MARUFO,none,10.3390/plants10122755,10.3390/plants10122755,VIVC passport (pedigree confirmed by markers)
MOURISCO DE SEMENTE (NON IDENTIFIED),VINHAO,none,10.3390/plants10122755,10.3390/plants10122755,VIVC passport (pedigree confirmed by markers)
ALA SHAANI (NON IDENTIFIED),ALA SHAANI,none,,,VIVC passport (pedigree confirmed by markers)
ALA SHAANI (NON IDENTIFIED),GARA GYOIBENDAM,none,,,VIVC passport (pedigree confirmed by markers)
KHART KHART (NON IDENTIFIED),ANGUR KALAN,none,,,VIVC passport (pedigree confirmed by markers)
KHART KHART (NON IDENTIFIED),DATTIER DE ST. VALLIER,none,,,VIVC passport (pedigree confirmed by markers)
HORATAGH,ARAYATLY GARA UZUM,none,,,VIVC passport (pedigree confirmed by markers)
HORATAGH,RKATSITELI,none,,,VIVC passport (pedigree confirmed by markers)
PALESTINA V OR VI,VERJUS,none,,,VIVC passport (pedigree confirmed by markers)
PALESTINA V OR VI,PINOT PRECOCE NOIR,none,,,VIVC passport (pedigree confirmed by markers)
